split,graph_id,source,project,contract,contract_label,n_pos,n_neg,interaction_count,n_helper,n_edges,risky_negative_interactions,strong_low_level_or_delegatecall
train,FORGE::vfp_00088::EnjoyoorsVaultWithdrawals,FORGE,vfp_00088,EnjoyoorsVaultWithdrawals,1,1,0,1,0,0,0,0
train,FORGE::vfp_00029::AntiSandwichHook,FORGE,vfp_00029,AntiSandwichHook,1,1,1,2,0,2,0,0
train,FORGE::vfp_00289::BasketToken,FORGE,vfp_00289,BasketToken,1,1,6,7,6,21,0,0
train,FORGE::vfp_00033::DineroWithdrawRequestManager,FORGE,vfp_00033,DineroWithdrawRequestManager,1,1,0,1,0,0,0,0
train,FORGE::vfp_00125::Aori,FORGE,vfp_00125,Aori,1,1,9,10,2,59,0,0
train,FORGE::vfp_00262::DIAExternalStaking,FORGE,vfp_00262,DIAExternalStaking,1,2,0,2,0,2,0,0
train,FORGE::vfp_00058::BasePositionManager,FORGE,vfp_00058,BasePositionManager,0,0,1,1,0,0,0,0
train,FORGE::vfp_00058::LikwidLendPosition,FORGE,vfp_00058,LikwidLendPosition,0,0,6,6,0,21,0,0
train,FORGE::vfp_00058::LikwidPairPosition,FORGE,vfp_00058,LikwidPairPosition,1,1,4,5,0,16,0,0
train,FORGE::vfp_00058::LikwidMarginPosition,FORGE,vfp_00058,LikwidMarginPosition,1,3,6,9,0,45,0,0
train,FORGE::vfp_00179::ZkStack_CustomGasToken_Adapter,FORGE,vfp_00179,ZkStack_CustomGasToken_Adapter,1,1,2,3,0,8,0,0
train,FORGE::vfp_00200::CSExitPenalties,FORGE,vfp_00200,CSExitPenalties,1,1,3,4,0,12,0,0
train,FORGE::vfp_00200::ValidatorExitDelayVerifier,FORGE,vfp_00200,ValidatorExitDelayVerifier,1,1,5,6,3,25,0,0
train,FORGE::vfp_00153::PolygonStrategy,FORGE,vfp_00153,PolygonStrategy,1,1,15,16,1,109,0,0
train,FORGE::vfp_00174::P2pResolvProxy,FORGE,vfp_00174,P2pResolvProxy,1,2,3,5,1,6,0,0
train,FORGE::vfp_00116::L1Mailbox,FORGE,vfp_00116,L1Mailbox,1,1,3,4,0,1,0,0
train,FORGE::vfp_00116::L2Mailbox,FORGE,vfp_00116,L2Mailbox,0,0,1,1,2,4,0,0
train,FORGE::vfp_00116::L1ETHBridge,FORGE,vfp_00116,L1ETHBridge,0,0,1,1,0,0,0,0
train,FORGE::vfp_00096::MarketConfigurator,FORGE,vfp_00096,MarketConfigurator,1,1,16,17,1,47,0,0
train,FORGE::vfp_00175::P2pYieldProxy,FORGE,vfp_00175,P2pYieldProxy,1,1,1,2,1,4,0,0
train,FORGE::vfp_00007::Folio,FORGE,vfp_00007,Folio,1,4,13,17,5,80,0,0
train,FORGE::vfp_00045::PDPVerifier,FORGE,vfp_00045,PDPVerifier,1,1,9,10,6,42,0,0
train,FORGE::vfp_00260::Arbitrum_Adapter,FORGE,vfp_00260,Arbitrum_Adapter,0,0,2,2,0,1,0,0
train,FORGE::vfp_00260::Ovm_WithdrawalHelper,FORGE,vfp_00260,Ovm_WithdrawalHelper,0,0,1,1,0,0,0,0
train,FORGE::vfp_00260::Optimism_Adapter,FORGE,vfp_00260,Optimism_Adapter,0,0,1,1,0,0,0,0
train,FORGE::vfp_00260::Router_Adapter,FORGE,vfp_00260,Router_Adapter,1,2,0,2,0,2,0,0
train,FORGE::vfp_00186::MerkleDistributor,FORGE,vfp_00186,MerkleDistributor,1,1,1,2,2,4,0,0
train,FORGE::vfp_00224::OidcRecoveryValidator,FORGE,vfp_00224,OidcRecoveryValidator,1,1,1,2,1,2,0,0
train,FORGE::vfp_00221::LimitOrderHook,FORGE,vfp_00221,LimitOrderHook,1,4,3,7,2,26,0,0
train,FORGE::vfp_00234::mErc20Host,FORGE,vfp_00234,mErc20Host,1,1,1,2,0,0,0,0
train,FORGE::vfp_00032::AbstractStakingStrategy,FORGE,vfp_00032,AbstractStakingStrategy,0,0,10,10,5,43,0,0
train,FORGE::vfp_00032::RewardManagerMixin,FORGE,vfp_00032,RewardManagerMixin,0,0,6,6,3,17,0,0
train,FORGE::vfp_00032::GenericERC4626WithdrawRequestManager,FORGE,vfp_00032,GenericERC4626WithdrawRequestManager,1,1,4,5,3,17,0,0
train,FORGE::vfp_00032::AbstractWithdrawRequestManager,FORGE,vfp_00032,AbstractWithdrawRequestManager,0,0,3,3,2,8,0,0
train,FORGE::vfp_00032::AbstractYieldStrategy,FORGE,vfp_00032,AbstractYieldStrategy,1,1,4,5,3,15,0,0
train,FORGE::vfp_00032::AbstractSingleSidedLP,FORGE,vfp_00032,AbstractSingleSidedLP,0,0,8,8,2,23,0,0
train,FORGE::vfp_00032::CurveConvex2Token,FORGE,vfp_00032,CurveConvex2Token,0,0,9,9,2,22,0,0
train,FORGE::vfp_00032::CurveConvexLib,FORGE,vfp_00032,CurveConvexLib,1,1,8,9,0,26,0,0
train,FORGE::vfp_00126::HubPool,FORGE,vfp_00126,HubPool,0,0,16,16,3,75,8,1
train,FORGE::vfp_00126::Arbitrum_Adapter,FORGE,vfp_00126,Arbitrum_Adapter,0,0,1,1,0,0,0,0
train,FORGE::vfp_00126::SpokePool,FORGE,vfp_00126,SpokePool,1,1,10,11,1,24,0,0
train,FORGE::vfp_00288::DelegationMetaSwapAdapter,FORGE,vfp_00288,DelegationMetaSwapAdapter,1,1,0,1,0,0,0,0
train,FORGE::vfp_00181::BaseCustomAccounting,FORGE,vfp_00181,BaseCustomAccounting,1,2,2,4,0,9,0,0
train,FORGE::vfp_00161::ChainCfg,FORGE,vfp_00161,ChainCfg,1,1,0,1,0,0,0,0
train,DAPP::DAppSCAN-source/contracts/Runtime_Vеrification-stakefish_ethereum_staking_audit_report/eth2-validation-services-contract-d91928f3a270f6115831fe3a21a69eb98bf57b26::StakefishServicesContract,DAPP,DAppSCAN-source/contracts/Runtime_Vеrification-stakefish_ethereum_staking_audit_report/eth2-validation-services-contract-d91928f3a270f6115831fe3a21a69eb98bf57b26,StakefishServicesContract,0,0,1,1,0,0,0,0
train,DAPP::DAppSCAN-source/contracts/Runtime_Vеrification-stakefish_ethereum_staking_audit_report/eth2-validation-services-contract-d91928f3a270f6115831fe3a21a69eb98bf57b26::StakefishERC721Wrapper,DAPP,DAppSCAN-source/contracts/Runtime_Vеrification-stakefish_ethereum_staking_audit_report/eth2-validation-services-contract-d91928f3a270f6115831fe3a21a69eb98bf57b26,StakefishERC721Wrapper,1,1,1,2,1,3,0,0
train,DAPP::DAppSCAN-source/contracts/Runtime_Vеrification-stakefish_ethereum_staking_audit_report/eth2-validation-services-contract-d91928f3a270f6115831fe3a21a69eb98bf57b26::StakefishERC20Wrapper,DAPP,DAppSCAN-source/contracts/Runtime_Vеrification-stakefish_ethereum_staking_audit_report/eth2-validation-services-contract-d91928f3a270f6115831fe3a21a69eb98bf57b26,StakefishERC20Wrapper,0,0,2,2,2,5,0,0
train,DAPP::DAppSCAN-source/contracts/Runtime_Vеrification-stakefish_ethereum_staking_audit_report/eth2-validation-services-contract-d91928f3a270f6115831fe3a21a69eb98bf57b26::StakefishServicesContractFactory,DAPP,DAppSCAN-source/contracts/Runtime_Vеrification-stakefish_ethereum_staking_audit_report/eth2-validation-services-contract-d91928f3a270f6115831fe3a21a69eb98bf57b26,StakefishServicesContractFactory,0,0,3,3,0,4,0,0
train,DAPP::DAppSCAN-source/contracts/Trail_of_Bits-UniswapV3Core/v3-core-99223f33fd69a9e024f00bd8eea17b029d3f8f2d::UniswapV3Pool,DAPP,DAppSCAN-source/contracts/Trail_of_Bits-UniswapV3Core/v3-core-99223f33fd69a9e024f00bd8eea17b029d3f8f2d,UniswapV3Pool,1,1,9,10,0,32,0,0
train,DAPP::DAppSCAN-source/contracts/Trail_of_Bits-UniswapV3Core/v3-core-99223f33fd69a9e024f00bd8eea17b029d3f8f2d::TestUniswapV3ReentrantCallee,DAPP,DAppSCAN-source/contracts/Trail_of_Bits-UniswapV3Core/v3-core-99223f33fd69a9e024f00bd8eea17b029d3f8f2d,TestUniswapV3ReentrantCallee,0,0,1,1,0,0,0,0
train,DAPP::DAppSCAN-source/contracts/PeckShield-AirSwap/airswap-protocols-b87d292aaf6e28ede564b7ea28ece39219994607::WETH9,DAPP,DAppSCAN-source/contracts/PeckShield-AirSwap/airswap-protocols-b87d292aaf6e28ede564b7ea28ece39219994607,WETH9,0,0,1,1,0,0,0,0
train,DAPP::DAppSCAN-source/contracts/PeckShield-AirSwap/airswap-protocols-b87d292aaf6e28ede564b7ea28ece39219994607::TokenTimelock,DAPP,DAppSCAN-source/contracts/PeckShield-AirSwap/airswap-protocols-b87d292aaf6e28ede564b7ea28ece39219994607,TokenTimelock,0,0,1,1,0,0,0,0
train,DAPP::DAppSCAN-source/contracts/PeckShield-AirSwap/airswap-protocols-b87d292aaf6e28ede564b7ea28ece39219994607::KittyBase,DAPP,DAppSCAN-source/contracts/PeckShield-AirSwap/airswap-protocols-b87d292aaf6e28ede564b7ea28ece39219994607,KittyBase,0,0,1,1,1,2,0,0
train,DAPP::DAppSCAN-source/contracts/PeckShield-AirSwap/airswap-protocols-b87d292aaf6e28ede564b7ea28ece39219994607::KittyOwnership,DAPP,DAppSCAN-source/contracts/PeckShield-AirSwap/airswap-protocols-b87d292aaf6e28ede564b7ea28ece39219994607,KittyOwnership,0,0,1,1,1,2,0,0
train,DAPP::DAppSCAN-source/contracts/PeckShield-AirSwap/airswap-protocols-b87d292aaf6e28ede564b7ea28ece39219994607::KittyBreeding,DAPP,DAppSCAN-source/contracts/PeckShield-AirSwap/airswap-protocols-b87d292aaf6e28ede564b7ea28ece39219994607,KittyBreeding,0,0,3,3,1,6,0,0
train,DAPP::DAppSCAN-source/contracts/PeckShield-AirSwap/airswap-protocols-b87d292aaf6e28ede564b7ea28ece39219994607::ClockAuctionBase,DAPP,DAppSCAN-source/contracts/PeckShield-AirSwap/airswap-protocols-b87d292aaf6e28ede564b7ea28ece39219994607,ClockAuctionBase,0,0,4,4,2,7,0,0
train,DAPP::DAppSCAN-source/contracts/PeckShield-AirSwap/airswap-protocols-b87d292aaf6e28ede564b7ea28ece39219994607::ClockAuction,DAPP,DAppSCAN-source/contracts/PeckShield-AirSwap/airswap-protocols-b87d292aaf6e28ede564b7ea28ece39219994607,ClockAuction,0,0,4,4,2,7,0,0
train,DAPP::DAppSCAN-source/contracts/PeckShield-AirSwap/airswap-protocols-b87d292aaf6e28ede564b7ea28ece39219994607::SiringClockAuction,DAPP,DAppSCAN-source/contracts/PeckShield-AirSwap/airswap-protocols-b87d292aaf6e28ede564b7ea28ece39219994607,SiringClockAuction,0,0,4,4,2,7,0,0
train,DAPP::DAppSCAN-source/contracts/PeckShield-AirSwap/airswap-protocols-b87d292aaf6e28ede564b7ea28ece39219994607::SaleClockAuction,DAPP,DAppSCAN-source/contracts/PeckShield-AirSwap/airswap-protocols-b87d292aaf6e28ede564b7ea28ece39219994607,SaleClockAuction,0,0,4,4,2,7,0,0
train,DAPP::DAppSCAN-source/contracts/PeckShield-AirSwap/airswap-protocols-b87d292aaf6e28ede564b7ea28ece39219994607::KittyAuction,DAPP,DAppSCAN-source/contracts/PeckShield-AirSwap/airswap-protocols-b87d292aaf6e28ede564b7ea28ece39219994607,KittyAuction,0,0,9,9,7,36,0,0
train,DAPP::DAppSCAN-source/contracts/PeckShield-AirSwap/airswap-protocols-b87d292aaf6e28ede564b7ea28ece39219994607::KittyMinting,DAPP,DAppSCAN-source/contracts/PeckShield-AirSwap/airswap-protocols-b87d292aaf6e28ede564b7ea28ece39219994607,KittyMinting,0,0,11,11,7,50,0,0
train,DAPP::DAppSCAN-source/contracts/PeckShield-AirSwap/airswap-protocols-b87d292aaf6e28ede564b7ea28ece39219994607::KittyCore,DAPP,DAppSCAN-source/contracts/PeckShield-AirSwap/airswap-protocols-b87d292aaf6e28ede564b7ea28ece39219994607,KittyCore,0,0,11,11,7,50,0,0
train,DAPP::DAppSCAN-source/contracts/PeckShield-AirSwap/airswap-protocols-b87d292aaf6e28ede564b7ea28ece39219994607::Migrations,DAPP,DAppSCAN-source/contracts/PeckShield-AirSwap/airswap-protocols-b87d292aaf6e28ede564b7ea28ece39219994607,Migrations,0,0,1,1,0,0,0,0
train,DAPP::DAppSCAN-source/contracts/PeckShield-AirSwap/airswap-protocols-b87d292aaf6e28ede564b7ea28ece39219994607::AdaptedERC721,DAPP,DAppSCAN-source/contracts/PeckShield-AirSwap/airswap-protocols-b87d292aaf6e28ede564b7ea28ece39219994607,AdaptedERC721,0,0,4,4,3,10,0,0
train,DAPP::DAppSCAN-source/contracts/PeckShield-AirSwap/airswap-protocols-b87d292aaf6e28ede564b7ea28ece39219994607::NonFungibleToken,DAPP,DAppSCAN-source/contracts/PeckShield-AirSwap/airswap-protocols-b87d292aaf6e28ede564b7ea28ece39219994607,NonFungibleToken,0,0,4,4,3,10,0,0
train,DAPP::DAppSCAN-source/contracts/PeckShield-AirSwap/airswap-protocols-b87d292aaf6e28ede564b7ea28ece39219994607::Wrapper,DAPP,DAppSCAN-source/contracts/PeckShield-AirSwap/airswap-protocols-b87d292aaf6e28ede564b7ea28ece39219994607,Wrapper,1,1,0,1,0,0,0,0
train,DAPP::DAppSCAN-source/contracts/PeckShield-AirSwap/airswap-protocols-b87d292aaf6e28ede564b7ea28ece39219994607::Swap,DAPP,DAppSCAN-source/contracts/PeckShield-AirSwap/airswap-protocols-b87d292aaf6e28ede564b7ea28ece39219994607,Swap,0,0,1,1,0,0,0,0
train,DAPP::DAppSCAN-source/contracts/PeckShield-AirSwap/airswap-protocols-b87d292aaf6e28ede564b7ea28ece39219994607::Delegate,DAPP,DAppSCAN-source/contracts/PeckShield-AirSwap/airswap-protocols-b87d292aaf6e28ede564b7ea28ece39219994607,Delegate,0,0,4,4,3,9,0,0
train,DAPP::DAppSCAN-source/contracts/PeckShield-AirSwap/airswap-protocols-b87d292aaf6e28ede564b7ea28ece39219994607::Indexer,DAPP,DAppSCAN-source/contracts/PeckShield-AirSwap/airswap-protocols-b87d292aaf6e28ede564b7ea28ece39219994607,Indexer,0,0,5,5,0,17,0,0
train,DAPP::DAppSCAN-source/contracts/Runtime_Vеrification-Element_Finance_Governance_Security_Audit_Report/council-3d751c959b42573c78ccd0bccbc80424bf6d9a90::CoreVoting,DAPP,DAppSCAN-source/contracts/Runtime_Vеrification-Element_Finance_Governance_Security_Audit_Report/council-3d751c959b42573c78ccd0bccbc80424bf6d9a90,CoreVoting,1,1,1,2,0,1,0,0
train,DAPP::DAppSCAN-source/contracts/Runtime_Vеrification-Element_Finance_Governance_Security_Audit_Report/council-3d751c959b42573c78ccd0bccbc80424bf6d9a90::MerkleRewards,DAPP,DAppSCAN-source/contracts/Runtime_Vеrification-Element_Finance_Governance_Security_Audit_Report/council-3d751c959b42573c78ccd0bccbc80424bf6d9a90,MerkleRewards,0,0,2,2,1,4,0,0
train,DAPP::DAppSCAN-source/contracts/Runtime_Vеrification-Element_Finance_Governance_Security_Audit_Report/council-3d751c959b42573c78ccd0bccbc80424bf6d9a90::VestingVault,DAPP,DAppSCAN-source/contracts/Runtime_Vеrification-Element_Finance_Governance_Security_Audit_Report/council-3d751c959b42573c78ccd0bccbc80424bf6d9a90,VestingVault,0,0,5,5,0,9,0,0
train,DAPP::DAppSCAN-source/contracts/Runtime_Vеrification-Element_Finance_Governance_Security_Audit_Report/council-3d751c959b42573c78ccd0bccbc80424bf6d9a90::OptimisticRewards,DAPP,DAppSCAN-source/contracts/Runtime_Vеrification-Element_Finance_Governance_Security_Audit_Report/council-3d751c959b42573c78ccd0bccbc80424bf6d9a90,OptimisticRewards,0,0,2,2,1,4,0,0
train,DAPP::DAppSCAN-source/contracts/Runtime_Vеrification-Element_Finance_Governance_Security_Audit_Report/council-3d751c959b42573c78ccd0bccbc80424bf6d9a90::GSCVault,DAPP,DAppSCAN-source/contracts/Runtime_Vеrification-Element_Finance_Governance_Security_Audit_Report/council-3d751c959b42573c78ccd0bccbc80424bf6d9a90,GSCVault,0,0,2,2,0,2,0,0
train,DAPP::DAppSCAN-source/contracts/Runtime_Vеrification-Element_Finance_Governance_Security_Audit_Report/council-3d751c959b42573c78ccd0bccbc80424bf6d9a90::LockingVault,DAPP,DAppSCAN-source/contracts/Runtime_Vеrification-Element_Finance_Governance_Security_Audit_Report/council-3d751c959b42573c78ccd0bccbc80424bf6d9a90,LockingVault,0,0,3,3,0,2,0,0
train,DAPP::DAppSCAN-source/contracts/Runtime_Vеrification-Element_Finance_Governance_Security_Audit_Report/council-3d751c959b42573c78ccd0bccbc80424bf6d9a90::Timelock,DAPP,DAppSCAN-source/contracts/Runtime_Vеrification-Element_Finance_Governance_Security_Audit_Report/council-3d751c959b42573c78ccd0bccbc80424bf6d9a90,Timelock,0,0,1,1,0,0,0,0
train,DAPP::DAppSCAN-source/contracts/Runtime_Vеrification-Element_Finance_Governance_Security_Audit_Report/council-3d751c959b42573c78ccd0bccbc80424bf6d9a90::Spender,DAPP,DAppSCAN-source/contracts/Runtime_Vеrification-Element_Finance_Governance_Security_Audit_Report/council-3d751c959b42573c78ccd0bccbc80424bf6d9a90,Spender,0,0,2,2,0,2,0,0
train,DAPP::DAppSCAN-source/contracts/Runtime_Vеrification-Element_Finance_Governance_Security_Audit_Report/council-3d751c959b42573c78ccd0bccbc80424bf6d9a90::Treasury,DAPP,DAppSCAN-source/contracts/Runtime_Vеrification-Element_Finance_Governance_Security_Audit_Report/council-3d751c959b42573c78ccd0bccbc80424bf6d9a90,Treasury,0,0,1,1,0,0,0,0
train,DAPP::DAppSCAN-source/contracts/Runtime_Vеrification-Element_Finance_Governance_Security_Audit_Report/council-3d751c959b42573c78ccd0bccbc80424bf6d9a90::OptimisticGrants,DAPP,DAppSCAN-source/contracts/Runtime_Vеrification-Element_Finance_Governance_Security_Audit_Report/council-3d751c959b42573c78ccd0bccbc80424bf6d9a90,OptimisticGrants,0,0,3,3,0,4,0,0
train,DAPP::DAppSCAN-source/contracts/Runtime_Vеrification-Element_Finance_Governance_Security_Audit_Report/council-3d751c959b42573c78ccd0bccbc80424bf6d9a90::Airdrop,DAPP,DAppSCAN-source/contracts/Runtime_Vеrification-Element_Finance_Governance_Security_Audit_Report/council-3d751c959b42573c78ccd0bccbc80424bf6d9a90,Airdrop,0,0,3,3,1,6,0,0
train,DAPP::DAppSCAN-source/contracts/Runtime_Vеrification-Element_Finance_Governance_Security_Audit_Report/council-3d751c959b42573c78ccd0bccbc80424bf6d9a90::TestVestingVault,DAPP,DAppSCAN-source/contracts/Runtime_Vеrification-Element_Finance_Governance_Security_Audit_Report/council-3d751c959b42573c78ccd0bccbc80424bf6d9a90,TestVestingVault,0,0,5,5,0,9,0,0
train,DAPP::DAppSCAN-source/contracts/Runtime_Vеrification-Element_Finance_Governance_Security_Audit_Report/council-3d751c959b42573c78ccd0bccbc80424bf6d9a90::TestTreasury,DAPP,DAppSCAN-source/contracts/Runtime_Vеrification-Element_Finance_Governance_Security_Audit_Report/council-3d751c959b42573c78ccd0bccbc80424bf6d9a90,TestTreasury,0,0,1,1,0,0,0,0
train,DAPP::DAppSCAN-source/contracts/Runtime_Vеrification-Element_Finance_Governance_Security_Audit_Report/council-3d751c959b42573c78ccd0bccbc80424bf6d9a90::TestCoreVoting,DAPP,DAppSCAN-source/contracts/Runtime_Vеrification-Element_Finance_Governance_Security_Audit_Report/council-3d751c959b42573c78ccd0bccbc80424bf6d9a90,TestCoreVoting,0,0,1,1,0,0,0,0
train,DAPP::DAppSCAN-source/contracts/Trail_of_Bits-FraxQ42021/frax-solidity-bd40775e283923aa9e32a107abd426430a99835e::WETH,DAPP,DAppSCAN-source/contracts/Trail_of_Bits-FraxQ42021/frax-solidity-bd40775e283923aa9e32a107abd426430a99835e,WETH,0,0,1,1,0,0,0,0
train,DAPP::DAppSCAN-source/contracts/Trail_of_Bits-FraxQ42021/frax-solidity-bd40775e283923aa9e32a107abd426430a99835e::SwapToPrice,DAPP,DAppSCAN-source/contracts/Trail_of_Bits-FraxQ42021/frax-solidity-bd40775e283923aa9e32a107abd426430a99835e,SwapToPrice,0,0,1,1,0,0,0,0
train,DAPP::DAppSCAN-source/contracts/Trail_of_Bits-FraxQ42021/frax-solidity-bd40775e283923aa9e32a107abd426430a99835e::LeveragePool,DAPP,DAppSCAN-source/contracts/Trail_of_Bits-FraxQ42021/frax-solidity-bd40775e283923aa9e32a107abd426430a99835e,LeveragePool,0,0,7,7,2,20,0,0
train,DAPP::DAppSCAN-source/contracts/Trail_of_Bits-FraxQ42021/frax-solidity-bd40775e283923aa9e32a107abd426430a99835e::FXSOracleWrapper,DAPP,DAppSCAN-source/contracts/Trail_of_Bits-FraxQ42021/frax-solidity-bd40775e283923aa9e32a107abd426430a99835e,FXSOracleWrapper,0,0,4,4,0,3,0,0
train,DAPP::DAppSCAN-source/contracts/Trail_of_Bits-FraxQ42021/frax-solidity-bd40775e283923aa9e32a107abd426430a99835e::ChainlinkFXSUSDPriceConsumer,DAPP,DAppSCAN-source/contracts/Trail_of_Bits-FraxQ42021/frax-solidity-bd40775e283923aa9e32a107abd426430a99835e,ChainlinkFXSUSDPriceConsumer,0,0,2,2,0,1,0,0
train,DAPP::DAppSCAN-source/contracts/Trail_of_Bits-FraxQ42021/frax-solidity-bd40775e283923aa9e32a107abd426430a99835e::ReserveTracker,DAPP,DAppSCAN-source/contracts/Trail_of_Bits-FraxQ42021/frax-solidity-bd40775e283923aa9e32a107abd426430a99835e,ReserveTracker,0,0,4,4,0,1,0,0
train,DAPP::DAppSCAN-source/contracts/Trail_of_Bits-FraxQ42021/frax-solidity-bd40775e283923aa9e32a107abd426430a99835e::UniswapPairOracleExtra,DAPP,DAppSCAN-source/contracts/Trail_of_Bits-FraxQ42021/frax-solidity-bd40775e283923aa9e32a107abd426430a99835e,UniswapPairOracleExtra,0,0,3,3,0,4,0,0
train,DAPP::DAppSCAN-source/contracts/Trail_of_Bits-FraxQ42021/frax-solidity-bd40775e283923aa9e32a107abd426430a99835e::ComboOracle,DAPP,DAppSCAN-source/contracts/Trail_of_Bits-FraxQ42021/frax-solidity-bd40775e283923aa9e32a107abd426430a99835e,ComboOracle,0,0,4,4,0,6,0,0
train,DAPP::DAppSCAN-source/contracts/Trail_of_Bits-FraxQ42021/frax-solidity-bd40775e283923aa9e32a107abd426430a99835e::PIDController,DAPP,DAppSCAN-source/contracts/Trail_of_Bits-FraxQ42021/frax-solidity-bd40775e283923aa9e32a107abd426430a99835e,PIDController,0,0,1,1,0,0,0,0
train,DAPP::DAppSCAN-source/contracts/Trail_of_Bits-FraxQ42021/frax-solidity-bd40775e283923aa9e32a107abd426430a99835e::UniswapPairOracle,DAPP,DAppSCAN-source/contracts/Trail_of_Bits-FraxQ42021/frax-solidity-bd40775e283923aa9e32a107abd426430a99835e,UniswapPairOracle,0,0,3,3,0,4,0,0
train,DAPP::DAppSCAN-source/contracts/Trail_of_Bits-FraxQ42021/frax-solidity-bd40775e283923aa9e32a107abd426430a99835e::FRAXOracleWrapper,DAPP,DAppSCAN-source/contracts/Trail_of_Bits-FraxQ42021/frax-solidity-bd40775e283923aa9e32a107abd426430a99835e,FRAXOracleWrapper,0,0,3,3,0,4,0,0
train,DAPP::DAppSCAN-source/contracts/Trail_of_Bits-FraxQ42021/frax-solidity-bd40775e283923aa9e32a107abd426430a99835e::ComboOracle_UniV2_UniV3,DAPP,DAppSCAN-source/contracts/Trail_of_Bits-FraxQ42021/frax-solidity-bd40775e283923aa9e32a107abd426430a99835e,ComboOracle_UniV2_UniV3,0,0,3,3,0,4,0,0
train,DAPP::DAppSCAN-source/contracts/Trail_of_Bits-FraxQ42021/frax-solidity-bd40775e283923aa9e32a107abd426430a99835e::ChainlinkETHUSDPriceConsumer,DAPP,DAppSCAN-source/contracts/Trail_of_Bits-FraxQ42021/frax-solidity-bd40775e283923aa9e32a107abd426430a99835e,ChainlinkETHUSDPriceConsumer,0,0,2,2,0,1,0,0
train,DAPP::DAppSCAN-source/contracts/Trail_of_Bits-FraxQ42021/frax-solidity-bd40775e283923aa9e32a107abd426430a99835e::ERC1967Storage,DAPP,DAppSCAN-source/contracts/Trail_of_Bits-FraxQ42021/frax-solidity-bd40775e283923aa9e32a107abd426430a99835e,ERC1967Storage,0,0,6,6,0,18,0,0
train,DAPP::DAppSCAN-source/contracts/Trail_of_Bits-FraxQ42021/frax-solidity-bd40775e283923aa9e32a107abd426430a99835e::ERC1967Upgrade,DAPP,DAppSCAN-source/contracts/Trail_of_Bits-FraxQ42021/frax-solidity-bd40775e283923aa9e32a107abd426430a99835e,ERC1967Upgrade,0,0,7,7,0,22,0,0
train,DAPP::DAppSCAN-source/contracts/Trail_of_Bits-FraxQ42021/frax-solidity-bd40775e283923aa9e32a107abd426430a99835e::UpgradeabilityProxy,DAPP,DAppSCAN-source/contracts/Trail_of_Bits-FraxQ42021/frax-solidity-bd40775e283923aa9e32a107abd426430a99835e,UpgradeabilityProxy,0,0,1,1,0,0,0,0
train,DAPP::DAppSCAN-source/contracts/Trail_of_Bits-FraxQ42021/frax-solidity-bd40775e283923aa9e32a107abd426430a99835e::AdminUpgradeabilityProxy,DAPP,DAppSCAN-source/contracts/Trail_of_Bits-FraxQ42021/frax-solidity-bd40775e283923aa9e32a107abd426430a99835e,AdminUpgradeabilityProxy,0,0,1,1,0,0,0,0
train,DAPP::DAppSCAN-source/contracts/Trail_of_Bits-FraxQ42021/frax-solidity-bd40775e283923aa9e32a107abd426430a99835e::ERC1967Proxy,DAPP,DAppSCAN-source/contracts/Trail_of_Bits-FraxQ42021/frax-solidity-bd40775e283923aa9e32a107abd426430a99835e,ERC1967Proxy,0,0,7,7,0,22,0,0
train,DAPP::DAppSCAN-source/contracts/Trail_of_Bits-FraxQ42021/frax-solidity-bd40775e283923aa9e32a107abd426430a99835e::CrossChainBridgeBacker,DAPP,DAppSCAN-source/contracts/Trail_of_Bits-FraxQ42021/frax-solidity-bd40775e283923aa9e32a107abd426430a99835e,CrossChainBridgeBacker,0,0,16,16,0,76,5,0
train,DAPP::DAppSCAN-source/contracts/Trail_of_Bits-FraxQ42021/frax-solidity-bd40775e283923aa9e32a107abd426430a99835e::FraxLiquidityBridger,DAPP,DAppSCAN-source/contracts/Trail_of_Bits-FraxQ42021/frax-solidity-bd40775e283923aa9e32a107abd426430a99835e,FraxLiquidityBridger,0,0,5,5,0,6,0,0
train,DAPP::DAppSCAN-source/contracts/Trail_of_Bits-FraxQ42021/frax-solidity-bd40775e283923aa9e32a107abd426430a99835e::Timelock,DAPP,DAppSCAN-source/contracts/Trail_of_Bits-FraxQ42021/frax-solidity-bd40775e283923aa9e32a107abd426430a99835e,Timelock,0,0,1,1,0,0,0,0
train,DAPP::DAppSCAN-source/contracts/Trail_of_Bits-FraxQ42021/frax-solidity-bd40775e283923aa9e32a107abd426430a99835e::GovernorBravoDelegate,DAPP,DAppSCAN-source/contracts/Trail_of_Bits-FraxQ42021/frax-solidity-bd40775e283923aa9e32a107abd426430a99835e,GovernorBravoDelegate,0,0,8,8,0,38,0,0
train,DAPP::DAppSCAN-source/contracts/Trail_of_Bits-FraxQ42021/frax-solidity-bd40775e283923aa9e32a107abd426430a99835e::SigRelayer2,DAPP,DAppSCAN-source/contracts/Trail_of_Bits-FraxQ42021/frax-solidity-bd40775e283923aa9e32a107abd426430a99835e,SigRelayer2,0,0,2,2,0,2,0,0
train,DAPP::DAppSCAN-source/contracts/Trail_of_Bits-FraxQ42021/frax-solidity-bd40775e283923aa9e32a107abd426430a99835e::GovernorAlpha,DAPP,DAppSCAN-source/contracts/Trail_of_Bits-FraxQ42021/frax-solidity-bd40775e283923aa9e32a107abd426430a99835e,GovernorAlpha,0,0,10,10,0,52,0,0
train,DAPP::DAppSCAN-source/contracts/Trail_of_Bits-FraxQ42021/frax-solidity-bd40775e283923aa9e32a107abd426430a99835e::AccessControl,DAPP,DAppSCAN-source/contracts/Trail_of_Bits-FraxQ42021/frax-solidity-bd40775e283923aa9e32a107abd426430a99835e,AccessControl,0,0,5,5,0,10,0,0
train,DAPP::DAppSCAN-source/contracts/Trail_of_Bits-FraxQ42021/frax-solidity-bd40775e283923aa9e32a107abd426430a99835e::MicroVeFXSStaker,DAPP,DAppSCAN-source/contracts/Trail_of_Bits-FraxQ42021/frax-solidity-bd40775e283923aa9e32a107abd426430a99835e,MicroVeFXSStaker,0,0,5,5,0,7,0,0
train,DAPP::DAppSCAN-source/contracts/Trail_of_Bits-FraxQ42021/frax-solidity-bd40775e283923aa9e32a107abd426430a99835e::FRAX3CRV_Curve_FXS_Distributor,DAPP,DAppSCAN-source/contracts/Trail_of_Bits-FraxQ42021/frax-solidity-bd40775e283923aa9e32a107abd426430a99835e,FRAX3CRV_Curve_FXS_Distributor,0,0,6,6,0,5,5,0
train,DAPP::DAppSCAN-source/contracts/Trail_of_Bits-FraxQ42021/frax-solidity-bd40775e283923aa9e32a107abd426430a99835e::FraxCrossChainFarm,DAPP,DAppSCAN-source/contracts/Trail_of_Bits-FraxQ42021/frax-solidity-bd40775e283923aa9e32a107abd426430a99835e,FraxCrossChainFarm,0,0,9,9,4,22,0,0
train,DAPP::DAppSCAN-source/contracts/Trail_of_Bits-FraxQ42021/frax-solidity-bd40775e283923aa9e32a107abd426430a99835e::FraxUnifiedFarmTemplate,DAPP,DAppSCAN-source/contracts/Trail_of_Bits-FraxQ42021/frax-solidity-bd40775e283923aa9e32a107abd426430a99835e,FraxUnifiedFarmTemplate,0,0,6,6,1,4,0,0
train,DAPP::DAppSCAN-source/contracts/Trail_of_Bits-FraxQ42021/frax-solidity-bd40775e283923aa9e32a107abd426430a99835e::StakingRewardsDualV5,DAPP,DAppSCAN-source/contracts/Trail_of_Bits-FraxQ42021/frax-solidity-bd40775e283923aa9e32a107abd426430a99835e,StakingRewardsDualV5,0,0,8,8,4,26,0,0
train,DAPP::DAppSCAN-source/contracts/Trail_of_Bits-FraxQ42021/frax-solidity-bd40775e283923aa9e32a107abd426430a99835e::veFXSYieldDistributorV4,DAPP,DAppSCAN-source/contracts/Trail_of_Bits-FraxQ42021/frax-solidity-bd40775e283923aa9e32a107abd426430a99835e,veFXSYieldDistributorV4,0,0,8,8,2,24,0,0
train,DAPP::DAppSCAN-source/contracts/Trail_of_Bits-FraxQ42021/frax-solidity-bd40775e283923aa9e32a107abd426430a99835e::FraxUnifiedFarm_ERC20,DAPP,DAppSCAN-source/contracts/Trail_of_Bits-FraxQ42021/frax-solidity-bd40775e283923aa9e32a107abd426430a99835e,FraxUnifiedFarm_ERC20,0,0,11,11,5,34,5,0
train,DAPP::DAppSCAN-source/contracts/Trail_of_Bits-FraxQ42021/frax-solidity-bd40775e283923aa9e32a107abd426430a99835e::CommunalFarm,DAPP,DAppSCAN-source/contracts/Trail_of_Bits-FraxQ42021/frax-solidity-bd40775e283923aa9e32a107abd426430a99835e,CommunalFarm,0,0,5,5,2,14,0,0
train,DAPP::DAppSCAN-source/contracts/Trail_of_Bits-FraxQ42021/frax-solidity-bd40775e283923aa9e32a107abd426430a99835e::FraxCrossChainFarmSushi,DAPP,DAppSCAN-source/contracts/Trail_of_Bits-FraxQ42021/frax-solidity-bd40775e283923aa9e32a107abd426430a99835e,FraxCrossChainFarmSushi,0,0,8,8,4,20,0,0
train,DAPP::DAppSCAN-source/contracts/Trail_of_Bits-FraxQ42021/frax-solidity-bd40775e283923aa9e32a107abd426430a99835e::FraxUnifiedFarm_UniV3,DAPP,DAppSCAN-source/contracts/Trail_of_Bits-FraxQ42021/frax-solidity-bd40775e283923aa9e32a107abd426430a99835e,FraxUnifiedFarm_UniV3,0,0,12,12,4,32,5,0
train,DAPP::DAppSCAN-source/contracts/Trail_of_Bits-FraxQ42021/frax-solidity-bd40775e283923aa9e32a107abd426430a99835e::StakingRewardsMultiGauge,DAPP,DAppSCAN-source/contracts/Trail_of_Bits-FraxQ42021/frax-solidity-bd40775e283923aa9e32a107abd426430a99835e,StakingRewardsMultiGauge,0,0,10,10,4,27,0,0
train,DAPP::DAppSCAN-source/contracts/Trail_of_Bits-FraxQ42021/frax-solidity-bd40775e283923aa9e32a107abd426430a99835e::FXSRewards,DAPP,DAppSCAN-source/contracts/Trail_of_Bits-FraxQ42021/frax-solidity-bd40775e283923aa9e32a107abd426430a99835e,FXSRewards,0,0,6,6,0,4,0,0
train,DAPP::DAppSCAN-source/contracts/Trail_of_Bits-FraxQ42021/frax-solidity-bd40775e283923aa9e32a107abd426430a99835e::FraxUniV3Farm_Stable,DAPP,DAppSCAN-source/contracts/Trail_of_Bits-FraxQ42021/frax-solidity-bd40775e283923aa9e32a107abd426430a99835e,FraxUniV3Farm_Stable,0,0,13,13,4,43,5,0
train,DAPP::DAppSCAN-source/contracts/Trail_of_Bits-FraxQ42021/frax-solidity-bd40775e283923aa9e32a107abd426430a99835e::FraxMiddlemanGauge,DAPP,DAppSCAN-source/contracts/Trail_of_Bits-FraxQ42021/frax-solidity-bd40775e283923aa9e32a107abd426430a99835e,FraxMiddlemanGauge,0,0,2,2,0,1,0,0
train,DAPP::DAppSCAN-source/contracts/Trail_of_Bits-FraxQ42021/frax-solidity-bd40775e283923aa9e32a107abd426430a99835e::SmartWalletWhitelist,DAPP,DAppSCAN-source/contracts/Trail_of_Bits-FraxQ42021/frax-solidity-bd40775e283923aa9e32a107abd426430a99835e,SmartWalletWhitelist,0,0,1,1,0,0,0,0
train,DAPP::DAppSCAN-source/contracts/Trail_of_Bits-FraxQ42021/frax-solidity-bd40775e283923aa9e32a107abd426430a99835e::FraxCrossChainRewarder,DAPP,DAppSCAN-source/contracts/Trail_of_Bits-FraxQ42021/frax-solidity-bd40775e283923aa9e32a107abd426430a99835e,FraxCrossChainRewarder,0,0,2,2,0,1,0,0
train,DAPP::DAppSCAN-source/contracts/Trail_of_Bits-FraxQ42021/frax-solidity-bd40775e283923aa9e32a107abd426430a99835e::FraxGaugeFXSRewardsDistributor,DAPP,DAppSCAN-source/contracts/Trail_of_Bits-FraxQ42021/frax-solidity-bd40775e283923aa9e32a107abd426430a99835e,FraxGaugeFXSRewardsDistributor,0,0,3,3,0,3,0,0
train,DAPP::DAppSCAN-source/contracts/Trail_of_Bits-FraxQ42021/frax-solidity-bd40775e283923aa9e32a107abd426430a99835e::FXS1559_AMO_V3,DAPP,DAppSCAN-source/contracts/Trail_of_Bits-FraxQ42021/frax-solidity-bd40775e283923aa9e32a107abd426430a99835e,FXS1559_AMO_V3,0,0,6,6,0,14,0,0
train,DAPP::DAppSCAN-source/contracts/Trail_of_Bits-FraxQ42021/frax-solidity-bd40775e283923aa9e32a107abd426430a99835e::UniV3LiquidityAMO_V2_old,DAPP,DAppSCAN-source/contracts/Trail_of_Bits-FraxQ42021/frax-solidity-bd40775e283923aa9e32a107abd426430a99835e,UniV3LiquidityAMO_V2_old,0,0,16,16,0,45,0,0
train,DAPP::DAppSCAN-source/contracts/Trail_of_Bits-FraxQ42021/frax-solidity-bd40775e283923aa9e32a107abd426430a99835e::StakeDAO_AMO_V2,DAPP,DAppSCAN-source/contracts/Trail_of_Bits-FraxQ42021/frax-solidity-bd40775e283923aa9e32a107abd426430a99835e,StakeDAO_AMO_V2,0,0,20,20,0,91,0,0
train,DAPP::DAppSCAN-source/contracts/Trail_of_Bits-FraxQ42021/frax-solidity-bd40775e283923aa9e32a107abd426430a99835e::UniV3LiquidityAMO_V2,DAPP,DAppSCAN-source/contracts/Trail_of_Bits-FraxQ42021/frax-solidity-bd40775e283923aa9e32a107abd426430a99835e,UniV3LiquidityAMO_V2,0,0,16,16,0,43,0,0
train,DAPP::DAppSCAN-source/contracts/Trail_of_Bits-FraxQ42021/frax-solidity-bd40775e283923aa9e32a107abd426430a99835e::TokenTrackerV2,DAPP,DAppSCAN-source/contracts/Trail_of_Bits-FraxQ42021/frax-solidity-bd40775e283923aa9e32a107abd426430a99835e,TokenTrackerV2,0,0,6,6,0,7,0,0
train,DAPP::DAppSCAN-source/contracts/Trail_of_Bits-FraxQ42021/frax-solidity-bd40775e283923aa9e32a107abd426430a99835e::AaveAMO,DAPP,DAppSCAN-source/contracts/Trail_of_Bits-FraxQ42021/frax-solidity-bd40775e283923aa9e32a107abd426430a99835e,AaveAMO,0,0,11,11,0,24,0,0
train,DAPP::DAppSCAN-source/contracts/Trail_of_Bits-FraxQ42021/frax-solidity-bd40775e283923aa9e32a107abd426430a99835e::Convex_AMO_V2,DAPP,DAppSCAN-source/contracts/Trail_of_Bits-FraxQ42021/frax-solidity-bd40775e283923aa9e32a107abd426430a99835e,Convex_AMO_V2,0,0,23,23,0,87,0,0
train,DAPP::DAppSCAN-source/contracts/Trail_of_Bits-FraxQ42021/frax-solidity-bd40775e283923aa9e32a107abd426430a99835e::OHM_AMO_V3,DAPP,DAppSCAN-source/contracts/Trail_of_Bits-FraxQ42021/frax-solidity-bd40775e283923aa9e32a107abd426430a99835e,OHM_AMO_V3,0,0,19,19,0,63,0,0
train,DAPP::DAppSCAN-source/contracts/Trail_of_Bits-FraxQ42021/frax-solidity-bd40775e283923aa9e32a107abd426430a99835e::MIM_Convex_AMO,DAPP,DAppSCAN-source/contracts/Trail_of_Bits-FraxQ42021/frax-solidity-bd40775e283923aa9e32a107abd426430a99835e,MIM_Convex_AMO,0,0,19,19,0,51,0,0
train,DAPP::DAppSCAN-source/contracts/Trail_of_Bits-FraxQ42021/frax-solidity-bd40775e283923aa9e32a107abd426430a99835e::MSIGHelper,DAPP,DAppSCAN-source/contracts/Trail_of_Bits-FraxQ42021/frax-solidity-bd40775e283923aa9e32a107abd426430a99835e,MSIGHelper,0,0,6,6,1,13,0,0
train,DAPP::DAppSCAN-source/contracts/Trail_of_Bits-FraxQ42021/frax-solidity-bd40775e283923aa9e32a107abd426430a99835e::RariFuseLendingAMO_V2,DAPP,DAppSCAN-source/contracts/Trail_of_Bits-FraxQ42021/frax-solidity-bd40775e283923aa9e32a107abd426430a99835e,RariFuseLendingAMO_V2,0,0,9,9,1,27,0,0
train,DAPP::DAppSCAN-source/contracts/Trail_of_Bits-FraxQ42021/frax-solidity-bd40775e283923aa9e32a107abd426430a99835e::CurveAMO_V4,DAPP,DAppSCAN-source/contracts/Trail_of_Bits-FraxQ42021/frax-solidity-bd40775e283923aa9e32a107abd426430a99835e,CurveAMO_V4,0,0,28,28,2,135,0,0
train,DAPP::DAppSCAN-source/contracts/Trail_of_Bits-FraxQ42021/frax-solidity-bd40775e283923aa9e32a107abd426430a99835e::UniV3LiquidityAMO,DAPP,DAppSCAN-source/contracts/Trail_of_Bits-FraxQ42021/frax-solidity-bd40775e283923aa9e32a107abd426430a99835e,UniV3LiquidityAMO,0,0,16,16,2,49,0,0
train,DAPP::DAppSCAN-source/contracts/Trail_of_Bits-FraxQ42021/frax-solidity-bd40775e283923aa9e32a107abd426430a99835e::CurveMetapoolLockerAMO,DAPP,DAppSCAN-source/contracts/Trail_of_Bits-FraxQ42021/frax-solidity-bd40775e283923aa9e32a107abd426430a99835e,CurveMetapoolLockerAMO,0,0,14,14,1,35,0,0
train,DAPP::DAppSCAN-source/contracts/Trail_of_Bits-FraxQ42021/frax-solidity-bd40775e283923aa9e32a107abd426430a99835e::ManualTokenTrackerAMO,DAPP,DAppSCAN-source/contracts/Trail_of_Bits-FraxQ42021/frax-solidity-bd40775e283923aa9e32a107abd426430a99835e,ManualTokenTrackerAMO,0,0,1,1,0,0,0,0
train,DAPP::DAppSCAN-source/contracts/Trail_of_Bits-FraxQ42021/frax-solidity-bd40775e283923aa9e32a107abd426430a99835e::FraxCrossChainLiquidityTracker,DAPP,DAppSCAN-source/contracts/Trail_of_Bits-FraxQ42021/frax-solidity-bd40775e283923aa9e32a107abd426430a99835e,FraxCrossChainLiquidityTracker,0,0,2,2,0,0,0,0
train,DAPP::DAppSCAN-source/contracts/Trail_of_Bits-FraxQ42021/frax-solidity-bd40775e283923aa9e32a107abd426430a99835e::InvestorAMO_V3,DAPP,DAppSCAN-source/contracts/Trail_of_Bits-FraxQ42021/frax-solidity-bd40775e283923aa9e32a107abd426430a99835e,InvestorAMO_V3,0,0,16,16,0,37,0,0
train,DAPP::DAppSCAN-source/contracts/Trail_of_Bits-FraxQ42021/frax-solidity-bd40775e283923aa9e32a107abd426430a99835e::FraxLendingAMO_V2,DAPP,DAppSCAN-source/contracts/Trail_of_Bits-FraxQ42021/frax-solidity-bd40775e283923aa9e32a107abd426430a99835e,FraxLendingAMO_V2,0,0,8,8,0,17,0,0
train,DAPP::DAppSCAN-source/contracts/Trail_of_Bits-FraxQ42021/frax-solidity-bd40775e283923aa9e32a107abd426430a99835e::FraxBridge,DAPP,DAppSCAN-source/contracts/Trail_of_Bits-FraxQ42021/frax-solidity-bd40775e283923aa9e32a107abd426430a99835e,FraxBridge,0,0,7,7,0,11,0,0
train,DAPP::DAppSCAN-source/contracts/Trail_of_Bits-FraxQ42021/frax-solidity-bd40775e283923aa9e32a107abd426430a99835e::FraxAMOMinter,DAPP,DAppSCAN-source/contracts/Trail_of_Bits-FraxQ42021/frax-solidity-bd40775e283923aa9e32a107abd426430a99835e,FraxAMOMinter,0,0,13,13,0,52,0,0
train,DAPP::DAppSCAN-source/contracts/Trail_of_Bits-FraxQ42021/frax-solidity-bd40775e283923aa9e32a107abd426430a99835e::FRAXStablecoin,DAPP,DAppSCAN-source/contracts/Trail_of_Bits-FraxQ42021/frax-solidity-bd40775e283923aa9e32a107abd426430a99835e,FRAXStablecoin,0,0,10,10,1,25,0,0
train,DAPP::DAppSCAN-source/contracts/Trail_of_Bits-FraxQ42021/frax-solidity-bd40775e283923aa9e32a107abd426430a99835e::FPIStaking,DAPP,DAppSCAN-source/contracts/Trail_of_Bits-FraxQ42021/frax-solidity-bd40775e283923aa9e32a107abd426430a99835e,FPIStaking,0,0,4,4,2,20,0,0
train,DAPP::DAppSCAN-source/contracts/Trail_of_Bits-FraxQ42021/frax-solidity-bd40775e283923aa9e32a107abd426430a99835e::TWAMM,DAPP,DAppSCAN-source/contracts/Trail_of_Bits-FraxQ42021/frax-solidity-bd40775e283923aa9e32a107abd426430a99835e,TWAMM,1,1,8,9,3,56,0,0
train,DAPP::DAppSCAN-source/contracts/Trail_of_Bits-FraxQ42021/frax-solidity-bd40775e283923aa9e32a107abd426430a99835e::TWAMMSwap,DAPP,DAppSCAN-source/contracts/Trail_of_Bits-FraxQ42021/frax-solidity-bd40775e283923aa9e32a107abd426430a99835e,TWAMMSwap,0,0,9,9,2,82,6,0
train,DAPP::DAppSCAN-source/contracts/Trail_of_Bits-FraxQ42021/frax-solidity-bd40775e283923aa9e32a107abd426430a99835e::ERC721,DAPP,DAppSCAN-source/contracts/Trail_of_Bits-FraxQ42021/frax-solidity-bd40775e283923aa9e32a107abd426430a99835e,ERC721,0,0,10,10,0,38,0,0
train,DAPP::DAppSCAN-source/contracts/Trail_of_Bits-FraxQ42021/frax-solidity-bd40775e283923aa9e32a107abd426430a99835e::FRAXShares,DAPP,DAppSCAN-source/contracts/Trail_of_Bits-FraxQ42021/frax-solidity-bd40775e283923aa9e32a107abd426430a99835e,FRAXShares,0,0,5,5,0,10,0,0
train,DAPP::DAppSCAN-source/contracts/Trail_of_Bits-FraxQ42021/frax-solidity-bd40775e283923aa9e32a107abd426430a99835e::TokenVesting,DAPP,DAppSCAN-source/contracts/Trail_of_Bits-FraxQ42021/frax-solidity-bd40775e283923aa9e32a107abd426430a99835e,TokenVesting,0,0,4,4,1,10,0,0
train,DAPP::DAppSCAN-source/contracts/Trail_of_Bits-FraxQ42021/frax-solidity-bd40775e283923aa9e32a107abd426430a99835e::ERC20Permit,DAPP,DAppSCAN-source/contracts/Trail_of_Bits-FraxQ42021/frax-solidity-bd40775e283923aa9e32a107abd426430a99835e,ERC20Permit,0,0,3,3,1,5,0,0
train,DAPP::DAppSCAN-source/contracts/Trail_of_Bits-FraxQ42021/frax-solidity-bd40775e283923aa9e32a107abd426430a99835e::anyFXS,DAPP,DAppSCAN-source/contracts/Trail_of_Bits-FraxQ42021/frax-solidity-bd40775e283923aa9e32a107abd426430a99835e,anyFXS,0,0,6,6,2,15,0,0
train,DAPP::DAppSCAN-source/contracts/Trail_of_Bits-FraxQ42021/frax-solidity-bd40775e283923aa9e32a107abd426430a99835e::CrossChainCanonical,DAPP,DAppSCAN-source/contracts/Trail_of_Bits-FraxQ42021/frax-solidity-bd40775e283923aa9e32a107abd426430a99835e,CrossChainCanonical,0,0,6,6,3,13,0,0
train,DAPP::DAppSCAN-source/contracts/Trail_of_Bits-FraxQ42021/frax-solidity-bd40775e283923aa9e32a107abd426430a99835e::anyFRAX,DAPP,DAppSCAN-source/contracts/Trail_of_Bits-FraxQ42021/frax-solidity-bd40775e283923aa9e32a107abd426430a99835e,anyFRAX,0,0,6,6,2,15,0,0
train,DAPP::DAppSCAN-source/contracts/Trail_of_Bits-FraxQ42021/frax-solidity-bd40775e283923aa9e32a107abd426430a99835e::AnyswapV4ERC20,DAPP,DAppSCAN-source/contracts/Trail_of_Bits-FraxQ42021/frax-solidity-bd40775e283923aa9e32a107abd426430a99835e,AnyswapV4ERC20,0,0,6,6,2,15,0,0
train,DAPP::DAppSCAN-source/contracts/Trail_of_Bits-FraxQ42021/frax-solidity-bd40775e283923aa9e32a107abd426430a99835e::CrossChainCanonicalFXS,DAPP,DAppSCAN-source/contracts/Trail_of_Bits-FraxQ42021/frax-solidity-bd40775e283923aa9e32a107abd426430a99835e,CrossChainCanonicalFXS,0,0,6,6,3,13,0,0
train,DAPP::DAppSCAN-source/contracts/Trail_of_Bits-FraxQ42021/frax-solidity-bd40775e283923aa9e32a107abd426430a99835e::AnyswapV5ERC20,DAPP,DAppSCAN-source/contracts/Trail_of_Bits-FraxQ42021/frax-solidity-bd40775e283923aa9e32a107abd426430a99835e,AnyswapV5ERC20,0,0,6,6,2,15,0,0
train,DAPP::DAppSCAN-source/contracts/Trail_of_Bits-FraxQ42021/frax-solidity-bd40775e283923aa9e32a107abd426430a99835e::CrossChainCanonicalFRAX,DAPP,DAppSCAN-source/contracts/Trail_of_Bits-FraxQ42021/frax-solidity-bd40775e283923aa9e32a107abd426430a99835e,CrossChainCanonicalFRAX,0,0,6,6,3,13,0,0
train,DAPP::DAppSCAN-source/contracts/Trail_of_Bits-FraxQ42021/frax-solidity-bd40775e283923aa9e32a107abd426430a99835e::UniswapPairOracle_FRAX_WETH,DAPP,DAppSCAN-source/contracts/Trail_of_Bits-FraxQ42021/frax-solidity-bd40775e283923aa9e32a107abd426430a99835e,UniswapPairOracle_FRAX_WETH,0,0,3,3,0,4,0,0
train,DAPP::DAppSCAN-source/contracts/Trail_of_Bits-FraxQ42021/frax-solidity-bd40775e283923aa9e32a107abd426430a99835e::UniswapPairOracle_FRAX_USDT,DAPP,DAppSCAN-source/contracts/Trail_of_Bits-FraxQ42021/frax-solidity-bd40775e283923aa9e32a107abd426430a99835e,UniswapPairOracle_FRAX_USDT,0,0,3,3,0,4,0,0
train,DAPP::DAppSCAN-source/contracts/Trail_of_Bits-FraxQ42021/frax-solidity-bd40775e283923aa9e32a107abd426430a99835e::UniswapPairOracle_FRAX_USDC,DAPP,DAppSCAN-source/contracts/Trail_of_Bits-FraxQ42021/frax-solidity-bd40775e283923aa9e32a107abd426430a99835e,UniswapPairOracle_FRAX_USDC,0,0,3,3,0,4,0,0
train,DAPP::DAppSCAN-source/contracts/Trail_of_Bits-FraxQ42021/frax-solidity-bd40775e283923aa9e32a107abd426430a99835e::UniswapPairOracleExtra_SDT_WETH,DAPP,DAppSCAN-source/contracts/Trail_of_Bits-FraxQ42021/frax-solidity-bd40775e283923aa9e32a107abd426430a99835e,UniswapPairOracleExtra_SDT_WETH,0,0,3,3,0,4,0,0
train,DAPP::DAppSCAN-source/contracts/Trail_of_Bits-FraxQ42021/frax-solidity-bd40775e283923aa9e32a107abd426430a99835e::UniswapPairOracle_FRAX_6DEC,DAPP,DAppSCAN-source/contracts/Trail_of_Bits-FraxQ42021/frax-solidity-bd40775e283923aa9e32a107abd426430a99835e,UniswapPairOracle_FRAX_6DEC,0,0,3,3,0,4,0,0
train,DAPP::DAppSCAN-source/contracts/Trail_of_Bits-FraxQ42021/frax-solidity-bd40775e283923aa9e32a107abd426430a99835e::UniswapPairOracle_FXS_WETH,DAPP,DAppSCAN-source/contracts/Trail_of_Bits-FraxQ42021/frax-solidity-bd40775e283923aa9e32a107abd426430a99835e,UniswapPairOracle_FXS_WETH,0,0,3,3,0,4,0,0
train,DAPP::DAppSCAN-source/contracts/Trail_of_Bits-FraxQ42021/frax-solidity-bd40775e283923aa9e32a107abd426430a99835e::UniswapPairOracle_FXS_USDT,DAPP,DAppSCAN-source/contracts/Trail_of_Bits-FraxQ42021/frax-solidity-bd40775e283923aa9e32a107abd426430a99835e,UniswapPairOracle_FXS_USDT,0,0,3,3,0,4,0,0
train,DAPP::DAppSCAN-source/contracts/Trail_of_Bits-FraxQ42021/frax-solidity-bd40775e283923aa9e32a107abd426430a99835e::UniswapPairOracle_FXS_USDC,DAPP,DAppSCAN-source/contracts/Trail_of_Bits-FraxQ42021/frax-solidity-bd40775e283923aa9e32a107abd426430a99835e,UniswapPairOracle_FXS_USDC,0,0,3,3,0,4,0,0
train,DAPP::DAppSCAN-source/contracts/Trail_of_Bits-FraxQ42021/frax-solidity-bd40775e283923aa9e32a107abd426430a99835e::UniswapPairOracle_USDT_WETH,DAPP,DAppSCAN-source/contracts/Trail_of_Bits-FraxQ42021/frax-solidity-bd40775e283923aa9e32a107abd426430a99835e,UniswapPairOracle_USDT_WETH,0,0,3,3,0,4,0,0
train,DAPP::DAppSCAN-source/contracts/Trail_of_Bits-FraxQ42021/frax-solidity-bd40775e283923aa9e32a107abd426430a99835e::UniswapPairOracle_FRAX_FXS,DAPP,DAppSCAN-source/contracts/Trail_of_Bits-FraxQ42021/frax-solidity-bd40775e283923aa9e32a107abd426430a99835e,UniswapPairOracle_FRAX_FXS,0,0,3,3,0,4,0,0
train,DAPP::DAppSCAN-source/contracts/Trail_of_Bits-FraxQ42021/frax-solidity-bd40775e283923aa9e32a107abd426430a99835e::UniswapPairOracle_6DEC_WETH,DAPP,DAppSCAN-source/contracts/Trail_of_Bits-FraxQ42021/frax-solidity-bd40775e283923aa9e32a107abd426430a99835e,UniswapPairOracle_6DEC_WETH,0,0,3,3,0,4,0,0
train,DAPP::DAppSCAN-source/contracts/Trail_of_Bits-FraxQ42021/frax-solidity-bd40775e283923aa9e32a107abd426430a99835e::UniswapPairOracle_USDC_WETH,DAPP,DAppSCAN-source/contracts/Trail_of_Bits-FraxQ42021/frax-solidity-bd40775e283923aa9e32a107abd426430a99835e,UniswapPairOracle_USDC_WETH,0,0,3,3,0,4,0,0
train,DAPP::DAppSCAN-source/contracts/Trail_of_Bits-FraxQ42021/frax-solidity-bd40775e283923aa9e32a107abd426430a99835e::UniswapPairOracle_FXS_6DEC,DAPP,DAppSCAN-source/contracts/Trail_of_Bits-FraxQ42021/frax-solidity-bd40775e283923aa9e32a107abd426430a99835e,UniswapPairOracle_FXS_6DEC,0,0,3,3,0,4,0,0
train,DAPP::DAppSCAN-source/contracts/Trail_of_Bits-FraxQ42021/frax-solidity-bd40775e283923aa9e32a107abd426430a99835e::FraxFarmBSC_Dual_V5,DAPP,DAppSCAN-source/contracts/Trail_of_Bits-FraxQ42021/frax-solidity-bd40775e283923aa9e32a107abd426430a99835e,FraxFarmBSC_Dual_V5,0,0,6,6,3,20,0,0
train,DAPP::DAppSCAN-source/contracts/Trail_of_Bits-FraxQ42021/frax-solidity-bd40775e283923aa9e32a107abd426430a99835e::MigratableFarmBSC,DAPP,DAppSCAN-source/contracts/Trail_of_Bits-FraxQ42021/frax-solidity-bd40775e283923aa9e32a107abd426430a99835e,MigratableFarmBSC,0,0,9,9,2,31,6,0
train,DAPP::DAppSCAN-source/contracts/Trail_of_Bits-FraxQ42021/frax-solidity-bd40775e283923aa9e32a107abd426430a99835e::MigratableFarmBSC_FRAX_FXS,DAPP,DAppSCAN-source/contracts/Trail_of_Bits-FraxQ42021/frax-solidity-bd40775e283923aa9e32a107abd426430a99835e,MigratableFarmBSC_FRAX_FXS,0,0,9,9,2,31,6,0
train,DAPP::DAppSCAN-source/contracts/Trail_of_Bits-FraxQ42021/frax-solidity-bd40775e283923aa9e32a107abd426430a99835e::FraxFarmBSC_Dual_FXS_IF,DAPP,DAppSCAN-source/contracts/Trail_of_Bits-FraxQ42021/frax-solidity-bd40775e283923aa9e32a107abd426430a99835e,FraxFarmBSC_Dual_FXS_IF,0,0,6,6,3,20,0,0
train,DAPP::DAppSCAN-source/contracts/Trail_of_Bits-FraxQ42021/frax-solidity-bd40775e283923aa9e32a107abd426430a99835e::FraxFarmBSC_Dual_FRAX_IF,DAPP,DAppSCAN-source/contracts/Trail_of_Bits-FraxQ42021/frax-solidity-bd40775e283923aa9e32a107abd426430a99835e,FraxFarmBSC_Dual_FRAX_IF,0,0,6,6,3,20,0,0
train,DAPP::DAppSCAN-source/contracts/Trail_of_Bits-FraxQ42021/frax-solidity-bd40775e283923aa9e32a107abd426430a99835e::CrossChainBridgeBacker_HARM_Horizon,DAPP,DAppSCAN-source/contracts/Trail_of_Bits-FraxQ42021/frax-solidity-bd40775e283923aa9e32a107abd426430a99835e,CrossChainBridgeBacker_HARM_Horizon,0,0,17,17,0,82,5,0
train,DAPP::DAppSCAN-source/contracts/Trail_of_Bits-FraxQ42021/frax-solidity-bd40775e283923aa9e32a107abd426430a99835e::FraxLiquidityBridger_HARM_Horizon,DAPP,DAppSCAN-source/contracts/Trail_of_Bits-FraxQ42021/frax-solidity-bd40775e283923aa9e32a107abd426430a99835e,FraxLiquidityBridger_HARM_Horizon,0,0,6,6,0,9,0,0
train,DAPP::DAppSCAN-source/contracts/Trail_of_Bits-FraxQ42021/frax-solidity-bd40775e283923aa9e32a107abd426430a99835e::FraxLiquidityBridger_BSC_AnySwap,DAPP,DAppSCAN-source/contracts/Trail_of_Bits-FraxQ42021/frax-solidity-bd40775e283923aa9e32a107abd426430a99835e,FraxLiquidityBridger_BSC_AnySwap,0,0,6,6,0,10,0,0
train,DAPP::DAppSCAN-source/contracts/Trail_of_Bits-FraxQ42021/frax-solidity-bd40775e283923aa9e32a107abd426430a99835e::CrossChainBridgeBacker_BSC_AnySwap,DAPP,DAppSCAN-source/contracts/Trail_of_Bits-FraxQ42021/frax-solidity-bd40775e283923aa9e32a107abd426430a99835e,CrossChainBridgeBacker_BSC_AnySwap,0,0,17,17,0,80,5,0
train,DAPP::DAppSCAN-source/contracts/Trail_of_Bits-FraxQ42021/frax-solidity-bd40775e283923aa9e32a107abd426430a99835e::FraxLiquidityBridger_MOON_AnySwap,DAPP,DAppSCAN-source/contracts/Trail_of_Bits-FraxQ42021/frax-solidity-bd40775e283923aa9e32a107abd426430a99835e,FraxLiquidityBridger_MOON_AnySwap,0,0,6,6,0,10,0,0
train,DAPP::DAppSCAN-source/contracts/Trail_of_Bits-FraxQ42021/frax-solidity-bd40775e283923aa9e32a107abd426430a99835e::CrossChainBridgeBacker_MOON_AnySwap,DAPP,DAppSCAN-source/contracts/Trail_of_Bits-FraxQ42021/frax-solidity-bd40775e283923aa9e32a107abd426430a99835e,CrossChainBridgeBacker_MOON_AnySwap,0,0,17,17,0,81,5,0
train,DAPP::DAppSCAN-source/contracts/Trail_of_Bits-FraxQ42021/frax-solidity-bd40775e283923aa9e32a107abd426430a99835e::CrossChainBridgeBacker_AVAX_AnySwap,DAPP,DAppSCAN-source/contracts/Trail_of_Bits-FraxQ42021/frax-solidity-bd40775e283923aa9e32a107abd426430a99835e,CrossChainBridgeBacker_AVAX_AnySwap,0,0,17,17,0,81,5,0
train,DAPP::DAppSCAN-source/contracts/Trail_of_Bits-FraxQ42021/frax-solidity-bd40775e283923aa9e32a107abd426430a99835e::FraxLiquidityBridger_AVAX_AnySwap,DAPP,DAppSCAN-source/contracts/Trail_of_Bits-FraxQ42021/frax-solidity-bd40775e283923aa9e32a107abd426430a99835e,FraxLiquidityBridger_AVAX_AnySwap,0,0,6,6,0,11,0,0
train,DAPP::DAppSCAN-source/contracts/Trail_of_Bits-FraxQ42021/frax-solidity-bd40775e283923aa9e32a107abd426430a99835e::CrossChainBridgeBacker_FTM_AnySwap,DAPP,DAppSCAN-source/contracts/Trail_of_Bits-FraxQ42021/frax-solidity-bd40775e283923aa9e32a107abd426430a99835e,CrossChainBridgeBacker_FTM_AnySwap,0,0,17,17,0,81,5,0
train,DAPP::DAppSCAN-source/contracts/Trail_of_Bits-FraxQ42021/frax-solidity-bd40775e283923aa9e32a107abd426430a99835e::FraxLiquidityBridger_FTM_AnySwap,DAPP,DAppSCAN-source/contracts/Trail_of_Bits-FraxQ42021/frax-solidity-bd40775e283923aa9e32a107abd426430a99835e,FraxLiquidityBridger_FTM_AnySwap,0,0,6,6,0,10,0,0
train,DAPP::DAppSCAN-source/contracts/Trail_of_Bits-FraxQ42021/frax-solidity-bd40775e283923aa9e32a107abd426430a99835e::FraxLiquidityBridger_POLY_MaticBridge,DAPP,DAppSCAN-source/contracts/Trail_of_Bits-FraxQ42021/frax-solidity-bd40775e283923aa9e32a107abd426430a99835e,FraxLiquidityBridger_POLY_MaticBridge,0,0,6,6,0,9,0,0
train,DAPP::DAppSCAN-source/contracts/Trail_of_Bits-FraxQ42021/frax-solidity-bd40775e283923aa9e32a107abd426430a99835e::CrossChainBridgeBacker_POLY_MaticBridge,DAPP,DAppSCAN-source/contracts/Trail_of_Bits-FraxQ42021/frax-solidity-bd40775e283923aa9e32a107abd426430a99835e,CrossChainBridgeBacker_POLY_MaticBridge,0,0,17,17,0,81,5,0
train,DAPP::DAppSCAN-source/contracts/Trail_of_Bits-FraxQ42021/frax-solidity-bd40775e283923aa9e32a107abd426430a99835e::FraxLiquidityBridger_AUR_Rainbow,DAPP,DAppSCAN-source/contracts/Trail_of_Bits-FraxQ42021/frax-solidity-bd40775e283923aa9e32a107abd426430a99835e,FraxLiquidityBridger_AUR_Rainbow,0,0,6,6,0,9,0,0
train,DAPP::DAppSCAN-source/contracts/Trail_of_Bits-FraxQ42021/frax-solidity-bd40775e283923aa9e32a107abd426430a99835e::FraxLiquidityBridger_SOL_WormholeV2,DAPP,DAppSCAN-source/contracts/Trail_of_Bits-FraxQ42021/frax-solidity-bd40775e283923aa9e32a107abd426430a99835e,FraxLiquidityBridger_SOL_WormholeV2,0,0,6,6,0,9,0,0
train,DAPP::DAppSCAN-source/contracts/Trail_of_Bits-FraxQ42021/frax-solidity-bd40775e283923aa9e32a107abd426430a99835e::FraxLiquidityBridger_ARBI_AnySwap,DAPP,DAppSCAN-source/contracts/Trail_of_Bits-FraxQ42021/frax-solidity-bd40775e283923aa9e32a107abd426430a99835e,FraxLiquidityBridger_ARBI_AnySwap,0,0,6,6,0,10,0,0
train,DAPP::DAppSCAN-source/contracts/Trail_of_Bits-FraxQ42021/frax-solidity-bd40775e283923aa9e32a107abd426430a99835e::CrossChainBridgeBacker_ARBI_AnySwap,DAPP,DAppSCAN-source/contracts/Trail_of_Bits-FraxQ42021/frax-solidity-bd40775e283923aa9e32a107abd426430a99835e,CrossChainBridgeBacker_ARBI_AnySwap,0,0,17,17,0,80,5,0
train,DAPP::DAppSCAN-source/contracts/Trail_of_Bits-FraxQ42021/frax-solidity-bd40775e283923aa9e32a107abd426430a99835e::FraxLiquidityBridger_BOBA_BobaGateway,DAPP,DAppSCAN-source/contracts/Trail_of_Bits-FraxQ42021/frax-solidity-bd40775e283923aa9e32a107abd426430a99835e,FraxLiquidityBridger_BOBA_BobaGateway,0,0,6,6,0,9,0,0
train,DAPP::DAppSCAN-source/contracts/Trail_of_Bits-FraxQ42021/frax-solidity-bd40775e283923aa9e32a107abd426430a99835e::CrossChainBridgeBacker_BOBA_BobaGateway,DAPP,DAppSCAN-source/contracts/Trail_of_Bits-FraxQ42021/frax-solidity-bd40775e283923aa9e32a107abd426430a99835e,CrossChainBridgeBacker_BOBA_BobaGateway,0,0,17,17,0,81,5,0
train,DAPP::DAppSCAN-source/contracts/Trail_of_Bits-FraxQ42021/frax-solidity-bd40775e283923aa9e32a107abd426430a99835e::FraxUniV3Farm_Stable_FRAX_DAI,DAPP,DAppSCAN-source/contracts/Trail_of_Bits-FraxQ42021/frax-solidity-bd40775e283923aa9e32a107abd426430a99835e,FraxUniV3Farm_Stable_FRAX_DAI,0,0,13,13,4,43,5,0
train,DAPP::DAppSCAN-source/contracts/Trail_of_Bits-FraxQ42021/frax-solidity-bd40775e283923aa9e32a107abd426430a99835e::StakingRewardsMultiGauge_StakeDAO,DAPP,DAppSCAN-source/contracts/Trail_of_Bits-FraxQ42021/frax-solidity-bd40775e283923aa9e32a107abd426430a99835e,StakingRewardsMultiGauge_StakeDAO,0,0,10,10,4,27,0,0
train,DAPP::DAppSCAN-source/contracts/Trail_of_Bits-FraxQ42021/frax-solidity-bd40775e283923aa9e32a107abd426430a99835e::FraxCrossChainFarm_FRAX_IF_Impossible,DAPP,DAppSCAN-source/contracts/Trail_of_Bits-FraxQ42021/frax-solidity-bd40775e283923aa9e32a107abd426430a99835e,FraxCrossChainFarm_FRAX_IF_Impossible,0,0,9,9,4,22,0,0
train,DAPP::DAppSCAN-source/contracts/Trail_of_Bits-FraxQ42021/frax-solidity-bd40775e283923aa9e32a107abd426430a99835e::StakingRewardsMultiGauge_FRAX_SUSHI,DAPP,DAppSCAN-source/contracts/Trail_of_Bits-FraxQ42021/frax-solidity-bd40775e283923aa9e32a107abd426430a99835e,StakingRewardsMultiGauge_FRAX_SUSHI,0,0,10,10,4,27,0,0
train,DAPP::DAppSCAN-source/contracts/Trail_of_Bits-FraxQ42021/frax-solidity-bd40775e283923aa9e32a107abd426430a99835e::FraxUniV3Farm_Stable_FRAX_USDC,DAPP,DAppSCAN-source/contracts/Trail_of_Bits-FraxQ42021/frax-solidity-bd40775e283923aa9e32a107abd426430a99835e,FraxUniV3Farm_Stable_FRAX_USDC,0,0,13,13,4,43,5,0
train,DAPP::DAppSCAN-source/contracts/Trail_of_Bits-FraxQ42021/frax-solidity-bd40775e283923aa9e32a107abd426430a99835e::FraxCrossChainFarm_FRAX_mUSD,DAPP,DAppSCAN-source/contracts/Trail_of_Bits-FraxQ42021/frax-solidity-bd40775e283923aa9e32a107abd426430a99835e,FraxCrossChainFarm_FRAX_mUSD,0,0,9,9,4,22,0,0
train,DAPP::DAppSCAN-source/contracts/Trail_of_Bits-FraxQ42021/frax-solidity-bd40775e283923aa9e32a107abd426430a99835e::StakingRewardsDualV5_FRAX_OHM,DAPP,DAppSCAN-source/contracts/Trail_of_Bits-FraxQ42021/frax-solidity-bd40775e283923aa9e32a107abd426430a99835e,StakingRewardsDualV5_FRAX_OHM,0,0,8,8,4,26,0,0
train,DAPP::DAppSCAN-source/contracts/Trail_of_Bits-FraxQ42021/frax-solidity-bd40775e283923aa9e32a107abd426430a99835e::StakingRewardsMultiGauge_FXS_WETH,DAPP,DAppSCAN-source/contracts/Trail_of_Bits-FraxQ42021/frax-solidity-bd40775e283923aa9e32a107abd426430a99835e,StakingRewardsMultiGauge_FXS_WETH,0,0,10,10,4,27,0,0
train,DAPP::DAppSCAN-source/contracts/Trail_of_Bits-FraxQ42021/frax-solidity-bd40775e283923aa9e32a107abd426430a99835e::CommunalFarm_SaddleD4,DAPP,DAppSCAN-source/contracts/Trail_of_Bits-FraxQ42021/frax-solidity-bd40775e283923aa9e32a107abd426430a99835e,CommunalFarm_SaddleD4,0,0,5,5,2,14,0,0
train,DAPP::DAppSCAN-source/contracts/Trail_of_Bits-FraxQ42021/frax-solidity-bd40775e283923aa9e32a107abd426430a99835e::StakingRewardsMultiGauge_StakeDAO_FRAX_Put,DAPP,DAppSCAN-source/contracts/Trail_of_Bits-FraxQ42021/frax-solidity-bd40775e283923aa9e32a107abd426430a99835e,StakingRewardsMultiGauge_StakeDAO_FRAX_Put,0,0,10,10,4,27,0,0
train,DAPP::DAppSCAN-source/contracts/Trail_of_Bits-FraxQ42021/frax-solidity-bd40775e283923aa9e32a107abd426430a99835e::FraxCrossChainFarm_FRAX_FXS_Spirit,DAPP,DAppSCAN-source/contracts/Trail_of_Bits-FraxQ42021/frax-solidity-bd40775e283923aa9e32a107abd426430a99835e,FraxCrossChainFarm_FRAX_FXS_Spirit,0,0,9,9,4,22,0,0
train,DAPP::DAppSCAN-source/contracts/Trail_of_Bits-FraxQ42021/frax-solidity-bd40775e283923aa9e32a107abd426430a99835e::StakingRewardsMultiGauge_Gelato_FRAX_DAI,DAPP,DAppSCAN-source/contracts/Trail_of_Bits-FraxQ42021/frax-solidity-bd40775e283923aa9e32a107abd426430a99835e,StakingRewardsMultiGauge_Gelato_FRAX_DAI,0,0,11,11,5,34,5,0
train,DAPP::DAppSCAN-source/contracts/Trail_of_Bits-FraxQ42021/frax-solidity-bd40775e283923aa9e32a107abd426430a99835e::FraxCrossChainFarm_FRAX_FXS_Impossible,DAPP,DAppSCAN-source/contracts/Trail_of_Bits-FraxQ42021/frax-solidity-bd40775e283923aa9e32a107abd426430a99835e,FraxCrossChainFarm_FRAX_FXS_Impossible,0,0,9,9,4,22,0,0
train,DAPP::DAppSCAN-source/contracts/Trail_of_Bits-FraxQ42021/frax-solidity-bd40775e283923aa9e32a107abd426430a99835e::FraxUniV3Farm_Stable_FRAX_agEUR,DAPP,DAppSCAN-source/contracts/Trail_of_Bits-FraxQ42021/frax-solidity-bd40775e283923aa9e32a107abd426430a99835e,FraxUniV3Farm_Stable_FRAX_agEUR,0,0,13,13,4,43,5,0
train,DAPP::DAppSCAN-source/contracts/Trail_of_Bits-FraxQ42021/frax-solidity-bd40775e283923aa9e32a107abd426430a99835e::FraxMiddlemanGauge_FRAX_mUSD,DAPP,DAppSCAN-source/contracts/Trail_of_Bits-FraxQ42021/frax-solidity-bd40775e283923aa9e32a107abd426430a99835e,FraxMiddlemanGauge_FRAX_mUSD,0,0,2,2,0,1,0,0
train,DAPP::DAppSCAN-source/contracts/Trail_of_Bits-FraxQ42021/frax-solidity-bd40775e283923aa9e32a107abd426430a99835e::CErc20Delegator,DAPP,DAppSCAN-source/contracts/Trail_of_Bits-FraxQ42021/frax-solidity-bd40775e283923aa9e32a107abd426430a99835e,CErc20Delegator,0,0,1,1,0,0,0,0
train,DAPP::DAppSCAN-source/contracts/Trail_of_Bits-FraxQ42021/frax-solidity-bd40775e283923aa9e32a107abd426430a99835e::SushiSwapLiquidityAMO_HARM,DAPP,DAppSCAN-source/contracts/Trail_of_Bits-FraxQ42021/frax-solidity-bd40775e283923aa9e32a107abd426430a99835e,SushiSwapLiquidityAMO_HARM,0,0,16,16,0,83,0,0
train,DAPP::DAppSCAN-source/contracts/Trail_of_Bits-FraxQ42021/frax-solidity-bd40775e283923aa9e32a107abd426430a99835e::ApeSwapLiquidityAMO,DAPP,DAppSCAN-source/contracts/Trail_of_Bits-FraxQ42021/frax-solidity-bd40775e283923aa9e32a107abd426430a99835e,ApeSwapLiquidityAMO,0,0,16,16,0,83,0,0
train,DAPP::DAppSCAN-source/contracts/Trail_of_Bits-FraxQ42021/frax-solidity-bd40775e283923aa9e32a107abd426430a99835e::ApeSwapLiquidityAMO_V2,DAPP,DAppSCAN-source/contracts/Trail_of_Bits-FraxQ42021/frax-solidity-bd40775e283923aa9e32a107abd426430a99835e,ApeSwapLiquidityAMO_V2,0,0,24,24,0,109,0,0
train,DAPP::DAppSCAN-source/contracts/Trail_of_Bits-FraxQ42021/frax-solidity-bd40775e283923aa9e32a107abd426430a99835e::SushiSwapLiquidityAMO_MOON,DAPP,DAppSCAN-source/contracts/Trail_of_Bits-FraxQ42021/frax-solidity-bd40775e283923aa9e32a107abd426430a99835e,SushiSwapLiquidityAMO_MOON,0,0,16,16,0,83,0,0
train,DAPP::DAppSCAN-source/contracts/Trail_of_Bits-FraxQ42021/frax-solidity-bd40775e283923aa9e32a107abd426430a99835e::CCFrax1to1AMM,DAPP,DAppSCAN-source/contracts/Trail_of_Bits-FraxQ42021/frax-solidity-bd40775e283923aa9e32a107abd426430a99835e,CCFrax1to1AMM,0,0,9,9,1,29,0,0
train,DAPP::DAppSCAN-source/contracts/Trail_of_Bits-FraxQ42021/frax-solidity-bd40775e283923aa9e32a107abd426430a99835e::AxialAMO,DAPP,DAppSCAN-source/contracts/Trail_of_Bits-FraxQ42021/frax-solidity-bd40775e283923aa9e32a107abd426430a99835e,AxialAMO,0,0,11,11,0,33,0,0
train,DAPP::DAppSCAN-source/contracts/Trail_of_Bits-FraxQ42021/frax-solidity-bd40775e283923aa9e32a107abd426430a99835e::PangolinLiquidityAMO,DAPP,DAppSCAN-source/contracts/Trail_of_Bits-FraxQ42021/frax-solidity-bd40775e283923aa9e32a107abd426430a99835e,PangolinLiquidityAMO,0,0,16,16,0,83,0,0
train,DAPP::DAppSCAN-source/contracts/Trail_of_Bits-FraxQ42021/frax-solidity-bd40775e283923aa9e32a107abd426430a99835e::ScreamAMO,DAPP,DAppSCAN-source/contracts/Trail_of_Bits-FraxQ42021/frax-solidity-bd40775e283923aa9e32a107abd426430a99835e,ScreamAMO,0,0,13,13,0,26,0,0
train,DAPP::DAppSCAN-source/contracts/Trail_of_Bits-FraxQ42021/frax-solidity-bd40775e283923aa9e32a107abd426430a99835e::SpiritSwapLiquidityAMO,DAPP,DAppSCAN-source/contracts/Trail_of_Bits-FraxQ42021/frax-solidity-bd40775e283923aa9e32a107abd426430a99835e,SpiritSwapLiquidityAMO,0,0,16,16,0,83,0,0
train,DAPP::DAppSCAN-source/contracts/Trail_of_Bits-FraxQ42021/frax-solidity-bd40775e283923aa9e32a107abd426430a99835e::CurveAMO_FTM,DAPP,DAppSCAN-source/contracts/Trail_of_Bits-FraxQ42021/frax-solidity-bd40775e283923aa9e32a107abd426430a99835e,CurveAMO_FTM,0,0,9,9,0,24,0,0
train,DAPP::DAppSCAN-source/contracts/Trail_of_Bits-FraxQ42021/frax-solidity-bd40775e283923aa9e32a107abd426430a99835e::SpiritOlaLendingAMO,DAPP,DAppSCAN-source/contracts/Trail_of_Bits-FraxQ42021/frax-solidity-bd40775e283923aa9e32a107abd426430a99835e,SpiritOlaLendingAMO,0,0,11,11,0,21,0,0
train,DAPP::DAppSCAN-source/contracts/Trail_of_Bits-FraxQ42021/frax-solidity-bd40775e283923aa9e32a107abd426430a99835e::MarketXYZLendingAMO,DAPP,DAppSCAN-source/contracts/Trail_of_Bits-FraxQ42021/frax-solidity-bd40775e283923aa9e32a107abd426430a99835e,MarketXYZLendingAMO,0,0,8,8,1,22,0,0
train,DAPP::DAppSCAN-source/contracts/Trail_of_Bits-FraxQ42021/frax-solidity-bd40775e283923aa9e32a107abd426430a99835e::CurveAMO_POLY,DAPP,DAppSCAN-source/contracts/Trail_of_Bits-FraxQ42021/frax-solidity-bd40775e283923aa9e32a107abd426430a99835e,CurveAMO_POLY,0,0,9,9,0,24,0,0
train,DAPP::DAppSCAN-source/contracts/Trail_of_Bits-FraxQ42021/frax-solidity-bd40775e283923aa9e32a107abd426430a99835e::SushiSwapLiquidityAMO_POLY,DAPP,DAppSCAN-source/contracts/Trail_of_Bits-FraxQ42021/frax-solidity-bd40775e283923aa9e32a107abd426430a99835e,SushiSwapLiquidityAMO_POLY,0,0,16,16,0,83,0,0
train,DAPP::DAppSCAN-source/contracts/Trail_of_Bits-FraxQ42021/frax-solidity-bd40775e283923aa9e32a107abd426430a99835e::HundredLendingAMO_ARBI,DAPP,DAppSCAN-source/contracts/Trail_of_Bits-FraxQ42021/frax-solidity-bd40775e283923aa9e32a107abd426430a99835e,HundredLendingAMO_ARBI,0,0,11,11,0,21,0,0
train,DAPP::DAppSCAN-source/contracts/Trail_of_Bits-FraxQ42021/frax-solidity-bd40775e283923aa9e32a107abd426430a99835e::CurveAMO_ARBI,DAPP,DAppSCAN-source/contracts/Trail_of_Bits-FraxQ42021/frax-solidity-bd40775e283923aa9e32a107abd426430a99835e,CurveAMO_ARBI,0,0,9,9,0,24,0,0
train,DAPP::DAppSCAN-source/contracts/Trail_of_Bits-FraxQ42021/frax-solidity-bd40775e283923aa9e32a107abd426430a99835e::SushiSwapLiquidityAMO_ARBI,DAPP,DAppSCAN-source/contracts/Trail_of_Bits-FraxQ42021/frax-solidity-bd40775e283923aa9e32a107abd426430a99835e,SushiSwapLiquidityAMO_ARBI,0,0,16,16,0,83,0,0
train,DAPP::DAppSCAN-source/contracts/Trail_of_Bits-FraxQ42021/frax-solidity-bd40775e283923aa9e32a107abd426430a99835e::FraxPoolvAMM,DAPP,DAppSCAN-source/contracts/Trail_of_Bits-FraxQ42021/frax-solidity-bd40775e283923aa9e32a107abd426430a99835e,FraxPoolvAMM,0,0,18,18,1,92,6,0
train,DAPP::DAppSCAN-source/contracts/Trail_of_Bits-FraxQ42021/frax-solidity-bd40775e283923aa9e32a107abd426430a99835e::Pool_USDC,DAPP,DAppSCAN-source/contracts/Trail_of_Bits-FraxQ42021/frax-solidity-bd40775e283923aa9e32a107abd426430a99835e,Pool_USDC,0,0,17,17,0,125,5,0
train,DAPP::DAppSCAN-source/contracts/Trail_of_Bits-FraxQ42021/frax-solidity-bd40775e283923aa9e32a107abd426430a99835e::TestDriftingReserves,DAPP,DAppSCAN-source/contracts/Trail_of_Bits-FraxQ42021/frax-solidity-bd40775e283923aa9e32a107abd426430a99835e,TestDriftingReserves,0,0,2,2,1,6,0,0
train,DAPP::DAppSCAN-source/contracts/Trail_of_Bits-FraxQ42021/frax-solidity-bd40775e283923aa9e32a107abd426430a99835e::PoolvAMM_USDC,DAPP,DAppSCAN-source/contracts/Trail_of_Bits-FraxQ42021/frax-solidity-bd40775e283923aa9e32a107abd426430a99835e,PoolvAMM_USDC,0,0,18,18,1,92,6,0
train,DAPP::DAppSCAN-source/contracts/Trail_of_Bits-FraxQ42021/frax-solidity-bd40775e283923aa9e32a107abd426430a99835e::FraxPoolV3,DAPP,DAppSCAN-source/contracts/Trail_of_Bits-FraxQ42021/frax-solidity-bd40775e283923aa9e32a107abd426430a99835e,FraxPoolV3,0,0,13,13,2,79,5,0
train,DAPP::DAppSCAN-source/contracts/Trail_of_Bits-FraxQ42021/frax-solidity-bd40775e283923aa9e32a107abd426430a99835e::FraxPool,DAPP,DAppSCAN-source/contracts/Trail_of_Bits-FraxQ42021/frax-solidity-bd40775e283923aa9e32a107abd426430a99835e,FraxPool,0,0,17,17,0,125,5,0
train,DAPP::DAppSCAN-source/contracts/Trail_of_Bits-FraxQ42021/frax-solidity-bd40775e283923aa9e32a107abd426430a99835e::FraxBondIssuer,DAPP,DAppSCAN-source/contracts/Trail_of_Bits-FraxQ42021/frax-solidity-bd40775e283923aa9e32a107abd426430a99835e,FraxBondIssuer,0,0,12,12,5,68,0,0
train,DAPP::DAppSCAN-source/contracts/Trail_of_Bits-FraxQ42021/frax-solidity-bd40775e283923aa9e32a107abd426430a99835e::FraxBond,DAPP,DAppSCAN-source/contracts/Trail_of_Bits-FraxQ42021/frax-solidity-bd40775e283923aa9e32a107abd426430a99835e,FraxBond,0,0,5,5,0,10,0,0
train,DAPP::DAppSCAN-source/contracts/Trail_of_Bits-FraxQ42021/frax-solidity-bd40775e283923aa9e32a107abd426430a99835e::FraxBondIssuerOld,DAPP,DAppSCAN-source/contracts/Trail_of_Bits-FraxQ42021/frax-solidity-bd40775e283923aa9e32a107abd426430a99835e,FraxBondIssuerOld,0,0,5,5,0,10,0,0
train,DAPP::DAppSCAN-source/contracts/Trail_of_Bits-FraxQ42021/frax-solidity-bd40775e283923aa9e32a107abd426430a99835e::FraxBondIssuerWithDeposits,DAPP,DAppSCAN-source/contracts/Trail_of_Bits-FraxQ42021/frax-solidity-bd40775e283923aa9e32a107abd426430a99835e,FraxBondIssuerWithDeposits,0,0,5,5,0,10,0,0
train,DAPP::DAppSCAN-source/contracts/Trail_of_Bits-FraxQ42021/frax-solidity-bd40775e283923aa9e32a107abd426430a99835e::StakingRewardsDual,DAPP,DAppSCAN-source/contracts/Trail_of_Bits-FraxQ42021/frax-solidity-bd40775e283923aa9e32a107abd426430a99835e,StakingRewardsDual,0,0,11,11,2,34,6,0
train,DAPP::DAppSCAN-source/contracts/Trail_of_Bits-FraxQ42021/frax-solidity-bd40775e283923aa9e32a107abd426430a99835e::veFXSYieldDistributorV2,DAPP,DAppSCAN-source/contracts/Trail_of_Bits-FraxQ42021/frax-solidity-bd40775e283923aa9e32a107abd426430a99835e,veFXSYieldDistributorV2,0,0,8,8,2,32,0,0
train,DAPP::DAppSCAN-source/contracts/Trail_of_Bits-FraxQ42021/frax-solidity-bd40775e283923aa9e32a107abd426430a99835e::veFXSYieldDistributor,DAPP,DAppSCAN-source/contracts/Trail_of_Bits-FraxQ42021/frax-solidity-bd40775e283923aa9e32a107abd426430a99835e,veFXSYieldDistributor,0,0,8,8,2,35,0,0
train,DAPP::DAppSCAN-source/contracts/Trail_of_Bits-FraxQ42021/frax-solidity-bd40775e283923aa9e32a107abd426430a99835e::veFXSYieldDistributorV3,DAPP,DAppSCAN-source/contracts/Trail_of_Bits-FraxQ42021/frax-solidity-bd40775e283923aa9e32a107abd426430a99835e,veFXSYieldDistributorV3,0,0,7,7,1,21,0,0
train,DAPP::DAppSCAN-source/contracts/Trail_of_Bits-FraxQ42021/frax-solidity-bd40775e283923aa9e32a107abd426430a99835e::StakingRewardsDualV2,DAPP,DAppSCAN-source/contracts/Trail_of_Bits-FraxQ42021/frax-solidity-bd40775e283923aa9e32a107abd426430a99835e,StakingRewardsDualV2,0,0,11,11,2,34,6,0
train,DAPP::DAppSCAN-source/contracts/Trail_of_Bits-FraxQ42021/frax-solidity-bd40775e283923aa9e32a107abd426430a99835e::StakingRewardsDualV4,DAPP,DAppSCAN-source/contracts/Trail_of_Bits-FraxQ42021/frax-solidity-bd40775e283923aa9e32a107abd426430a99835e,StakingRewardsDualV4,0,0,8,8,4,24,0,0
train,DAPP::DAppSCAN-source/contracts/Trail_of_Bits-FraxQ42021/frax-solidity-bd40775e283923aa9e32a107abd426430a99835e::StakingRewards,DAPP,DAppSCAN-source/contracts/Trail_of_Bits-FraxQ42021/frax-solidity-bd40775e283923aa9e32a107abd426430a99835e,StakingRewards,0,0,11,11,2,34,6,0
train,DAPP::DAppSCAN-source/contracts/Trail_of_Bits-FraxQ42021/frax-solidity-bd40775e283923aa9e32a107abd426430a99835e::StakingRewardsDualV3,DAPP,DAppSCAN-source/contracts/Trail_of_Bits-FraxQ42021/frax-solidity-bd40775e283923aa9e32a107abd426430a99835e,StakingRewardsDualV3,0,0,8,8,4,24,0,0
train,DAPP::DAppSCAN-source/contracts/Trail_of_Bits-FraxQ42021/frax-solidity-bd40775e283923aa9e32a107abd426430a99835e::CurveAMO_V2,DAPP,DAppSCAN-source/contracts/Trail_of_Bits-FraxQ42021/frax-solidity-bd40775e283923aa9e32a107abd426430a99835e,CurveAMO_V2,0,0,28,28,2,125,0,0
train,DAPP::DAppSCAN-source/contracts/Trail_of_Bits-FraxQ42021/frax-solidity-bd40775e283923aa9e32a107abd426430a99835e::CurveAMO,DAPP,DAppSCAN-source/contracts/Trail_of_Bits-FraxQ42021/frax-solidity-bd40775e283923aa9e32a107abd426430a99835e,CurveAMO,0,0,22,22,2,106,0,0
train,DAPP::DAppSCAN-source/contracts/Trail_of_Bits-FraxQ42021/frax-solidity-bd40775e283923aa9e32a107abd426430a99835e::InvestorAMOProxy,DAPP,DAppSCAN-source/contracts/Trail_of_Bits-FraxQ42021/frax-solidity-bd40775e283923aa9e32a107abd426430a99835e,InvestorAMOProxy,0,0,7,7,0,22,0,0
train,DAPP::DAppSCAN-source/contracts/Trail_of_Bits-FraxQ42021/frax-solidity-bd40775e283923aa9e32a107abd426430a99835e::FraxPoolInvestorForV2,DAPP,DAppSCAN-source/contracts/Trail_of_Bits-FraxQ42021/frax-solidity-bd40775e283923aa9e32a107abd426430a99835e,FraxPoolInvestorForV2,0,0,21,21,0,43,0,0
train,DAPP::DAppSCAN-source/contracts/Trail_of_Bits-FraxQ42021/frax-solidity-bd40775e283923aa9e32a107abd426430a99835e::OHM_AMO,DAPP,DAppSCAN-source/contracts/Trail_of_Bits-FraxQ42021/frax-solidity-bd40775e283923aa9e32a107abd426430a99835e,OHM_AMO,0,0,18,18,1,59,0,0
train,DAPP::DAppSCAN-source/contracts/Trail_of_Bits-FraxQ42021/frax-solidity-bd40775e283923aa9e32a107abd426430a99835e::InvestorAMO_V3_non_proxy,DAPP,DAppSCAN-source/contracts/Trail_of_Bits-FraxQ42021/frax-solidity-bd40775e283923aa9e32a107abd426430a99835e,InvestorAMO_V3_non_proxy,0,0,26,26,0,66,0,0
train,DAPP::DAppSCAN-source/contracts/Trail_of_Bits-FraxQ42021/frax-solidity-bd40775e283923aa9e32a107abd426430a99835e::FXS1559_AMO,DAPP,DAppSCAN-source/contracts/Trail_of_Bits-FraxQ42021/frax-solidity-bd40775e283923aa9e32a107abd426430a99835e,FXS1559_AMO,0,0,13,13,0,36,0,0
train,DAPP::DAppSCAN-source/contracts/Trail_of_Bits-FraxQ42021/frax-solidity-bd40775e283923aa9e32a107abd426430a99835e::FraxBond_NFT,DAPP,DAppSCAN-source/contracts/Trail_of_Bits-FraxQ42021/frax-solidity-bd40775e283923aa9e32a107abd426430a99835e,FraxBond_NFT,0,0,17,17,2,61,0,0
train,DAPP::DAppSCAN-source/contracts/Trail_of_Bits-FraxQ42021/frax-solidity-bd40775e283923aa9e32a107abd426430a99835e::FXBA10000M3,DAPP,DAppSCAN-source/contracts/Trail_of_Bits-FraxQ42021/frax-solidity-bd40775e283923aa9e32a107abd426430a99835e,FXBA10000M3,0,0,17,17,2,61,0,0
train,DAPP::DAppSCAN-source/contracts/Trail_of_Bits-FraxQ42021/frax-solidity-bd40775e283923aa9e32a107abd426430a99835e::StakingRewardsDualV3_FRAX_IQ,DAPP,DAppSCAN-source/contracts/Trail_of_Bits-FraxQ42021/frax-solidity-bd40775e283923aa9e32a107abd426430a99835e,StakingRewardsDualV3_FRAX_IQ,0,0,8,8,4,24,0,0
train,DAPP::DAppSCAN-source/contracts/Trail_of_Bits-FraxQ42021/frax-solidity-bd40775e283923aa9e32a107abd426430a99835e::StakingRewardsDualV4_FRAX_OHM,DAPP,DAppSCAN-source/contracts/Trail_of_Bits-FraxQ42021/frax-solidity-bd40775e283923aa9e32a107abd426430a99835e,StakingRewardsDualV4_FRAX_OHM,0,0,8,8,4,24,0,0
train,DAPP::DAppSCAN-source/contracts/Trail_of_Bits-FraxQ42021/frax-solidity-bd40775e283923aa9e32a107abd426430a99835e::Stake_FRAX_WETH,DAPP,DAppSCAN-source/contracts/Trail_of_Bits-FraxQ42021/frax-solidity-bd40775e283923aa9e32a107abd426430a99835e,Stake_FRAX_WETH,0,0,11,11,2,34,6,0
train,DAPP::DAppSCAN-source/contracts/Trail_of_Bits-FraxQ42021/frax-solidity-bd40775e283923aa9e32a107abd426430a99835e::Stake_FXS_WETH,DAPP,DAppSCAN-source/contracts/Trail_of_Bits-FraxQ42021/frax-solidity-bd40775e283923aa9e32a107abd426430a99835e,Stake_FXS_WETH,0,0,11,11,2,34,6,0
train,DAPP::DAppSCAN-source/contracts/Trail_of_Bits-FraxQ42021/frax-solidity-bd40775e283923aa9e32a107abd426430a99835e::Stake_FRAX_USDC,DAPP,DAppSCAN-source/contracts/Trail_of_Bits-FraxQ42021/frax-solidity-bd40775e283923aa9e32a107abd426430a99835e,Stake_FRAX_USDC,0,0,11,11,2,34,6,0
train,DAPP::DAppSCAN-source/contracts/Trail_of_Bits-FraxQ42021/frax-solidity-bd40775e283923aa9e32a107abd426430a99835e::StakingRewardsDual_FXS_WETH_Sushi,DAPP,DAppSCAN-source/contracts/Trail_of_Bits-FraxQ42021/frax-solidity-bd40775e283923aa9e32a107abd426430a99835e,StakingRewardsDual_FXS_WETH_Sushi,0,0,11,11,2,34,6,0
train,DAPP::DAppSCAN-source/contracts/Trail_of_Bits-FraxQ42021/frax-solidity-bd40775e283923aa9e32a107abd426430a99835e::StakingRewardsDualV2_FRAX3CRV_V2,DAPP,DAppSCAN-source/contracts/Trail_of_Bits-FraxQ42021/frax-solidity-bd40775e283923aa9e32a107abd426430a99835e,StakingRewardsDualV2_FRAX3CRV_V2,0,0,11,11,2,34,6,0
train,DAPP::DAppSCAN-source/contracts/Trail_of_Bits-FraxQ42021/frax-solidity-bd40775e283923aa9e32a107abd426430a99835e::StakingRewardsDual_FRAX3CRV,DAPP,DAppSCAN-source/contracts/Trail_of_Bits-FraxQ42021/frax-solidity-bd40775e283923aa9e32a107abd426430a99835e,StakingRewardsDual_FRAX3CRV,0,0,11,11,2,34,6,0
train,DAPP::DAppSCAN-source/contracts/Trail_of_Bits-FraxQ42021/frax-solidity-bd40775e283923aa9e32a107abd426430a99835e::StakingRewardsDual_FRAX_FXS_Sushi,DAPP,DAppSCAN-source/contracts/Trail_of_Bits-FraxQ42021/frax-solidity-bd40775e283923aa9e32a107abd426430a99835e,StakingRewardsDual_FRAX_FXS_Sushi,0,0,11,11,2,34,6,0
train,DAPP::DAppSCAN-source/contracts/Trail_of_Bits-FraxQ42021/frax-solidity-bd40775e283923aa9e32a107abd426430a99835e::Stake_FRAX_FXS,DAPP,DAppSCAN-source/contracts/Trail_of_Bits-FraxQ42021/frax-solidity-bd40775e283923aa9e32a107abd426430a99835e,Stake_FRAX_FXS,0,0,11,11,2,34,6,0
train,DAPP::DAppSCAN-source/contracts/SlowMist-Booster-Protocol_智能安全审计报告/boosterProtocol-946b15629c410d706856584f3aa04001d6a55bd2::TenBankHall,DAPP,DAppSCAN-source/contracts/SlowMist-Booster-Protocol_智能安全审计报告/boosterProtocol-946b15629c410d706856584f3aa04001d6a55bd2,TenBankHall,0,0,11,11,0,50,0,0
train,DAPP::DAppSCAN-source/contracts/SlowMist-Booster-Protocol_智能安全审计报告/boosterProtocol-946b15629c410d706856584f3aa04001d6a55bd2::BuybackBooToken,DAPP,DAppSCAN-source/contracts/SlowMist-Booster-Protocol_智能安全审计报告/boosterProtocol-946b15629c410d706856584f3aa04001d6a55bd2,BuybackBooToken,1,1,0,1,0,0,0,0
train,DAPP::DAppSCAN-source/contracts/SlowMist-Booster-Protocol_智能安全审计报告/boosterProtocol-946b15629c410d706856584f3aa04001d6a55bd2::BOOTimelock,DAPP,DAppSCAN-source/contracts/SlowMist-Booster-Protocol_智能安全审计报告/boosterProtocol-946b15629c410d706856584f3aa04001d6a55bd2,BOOTimelock,0,0,1,1,1,2,0,0
train,DAPP::DAppSCAN-source/contracts/SlowMist-Booster-Protocol_智能安全审计报告/boosterProtocol-946b15629c410d706856584f3aa04001d6a55bd2::BOOPools,DAPP,DAppSCAN-source/contracts/SlowMist-Booster-Protocol_智能安全审计报告/boosterProtocol-946b15629c410d706856584f3aa04001d6a55bd2,BOOPools,0,0,9,9,3,55,0,0
train,DAPP::DAppSCAN-source/contracts/SlowMist-Booster-Protocol_智能安全审计报告/boosterProtocol-946b15629c410d706856584f3aa04001d6a55bd2::ActionPools,DAPP,DAppSCAN-source/contracts/SlowMist-Booster-Protocol_智能安全审计报告/boosterProtocol-946b15629c410d706856584f3aa04001d6a55bd2,ActionPools,0,0,8,8,1,66,0,0
train,DAPP::DAppSCAN-source/contracts/SlowMist-Booster-Protocol_智能安全审计报告/boosterProtocol-946b15629c410d706856584f3aa04001d6a55bd2::SafeBoxFilDa,DAPP,DAppSCAN-source/contracts/SlowMist-Booster-Protocol_智能安全审计报告/boosterProtocol-946b15629c410d706856584f3aa04001d6a55bd2,SafeBoxFilDa,0,0,22,22,4,115,5,0
train,DAPP::DAppSCAN-source/contracts/SlowMist-Booster-Protocol_智能安全审计报告/boosterProtocol-946b15629c410d706856584f3aa04001d6a55bd2::SafeBoxCToken,DAPP,DAppSCAN-source/contracts/SlowMist-Booster-Protocol_智能安全审计报告/boosterProtocol-946b15629c410d706856584f3aa04001d6a55bd2,SafeBoxCToken,0,0,18,18,4,85,0,0
train,DAPP::DAppSCAN-source/contracts/SlowMist-Booster-Protocol_智能安全审计报告/boosterProtocol-946b15629c410d706856584f3aa04001d6a55bd2::SafeBoxCTokenETH,DAPP,DAppSCAN-source/contracts/SlowMist-Booster-Protocol_智能安全审计报告/boosterProtocol-946b15629c410d706856584f3aa04001d6a55bd2,SafeBoxCTokenETH,0,0,17,17,5,81,0,0
train,DAPP::DAppSCAN-source/contracts/SlowMist-Booster-Protocol_智能安全审计报告/boosterProtocol-946b15629c410d706856584f3aa04001d6a55bd2::SafeBoxCTokenImpl,DAPP,DAppSCAN-source/contracts/SlowMist-Booster-Protocol_智能安全审计报告/boosterProtocol-946b15629c410d706856584f3aa04001d6a55bd2,SafeBoxCTokenImpl,0,0,10,10,1,29,0,0
train,DAPP::DAppSCAN-source/contracts/SlowMist-Booster-Protocol_智能安全审计报告/boosterProtocol-946b15629c410d706856584f3aa04001d6a55bd2::SafeBoxCTokenImplETH,DAPP,DAppSCAN-source/contracts/SlowMist-Booster-Protocol_智能安全审计报告/boosterProtocol-946b15629c410d706856584f3aa04001d6a55bd2,SafeBoxCTokenImplETH,0,0,9,9,1,25,0,0
train,DAPP::DAppSCAN-source/contracts/SlowMist-Booster-Protocol_智能安全审计报告/boosterProtocol-946b15629c410d706856584f3aa04001d6a55bd2::SafeBoxFilDaETH,DAPP,DAppSCAN-source/contracts/SlowMist-Booster-Protocol_智能安全审计报告/boosterProtocol-946b15629c410d706856584f3aa04001d6a55bd2,SafeBoxFilDaETH,0,0,21,21,5,111,5,0
train,DAPP::DAppSCAN-source/contracts/SlowMist-Booster-Protocol_智能安全审计报告/boosterProtocol-946b15629c410d706856584f3aa04001d6a55bd2::StrategyUtils,DAPP,DAppSCAN-source/contracts/SlowMist-Booster-Protocol_智能安全审计报告/boosterProtocol-946b15629c410d706856584f3aa04001d6a55bd2,StrategyUtils,1,2,14,16,0,111,0,0
train,DAPP::DAppSCAN-source/contracts/SlowMist-Booster-Protocol_智能安全审计报告/boosterProtocol-946b15629c410d706856584f3aa04001d6a55bd2::StrategyMDex,DAPP,DAppSCAN-source/contracts/SlowMist-Booster-Protocol_智能安全审计报告/boosterProtocol-946b15629c410d706856584f3aa04001d6a55bd2,StrategyMDex,1,1,27,28,3,331,0,0
train,DAPP::DAppSCAN-source/contracts/SlowMist-Booster-Protocol_智能安全审计报告/boosterProtocol-946b15629c410d706856584f3aa04001d6a55bd2::StrategyMDexPools,DAPP,DAppSCAN-source/contracts/SlowMist-Booster-Protocol_智能安全审计报告/boosterProtocol-946b15629c410d706856584f3aa04001d6a55bd2,StrategyMDexPools,0,0,6,6,0,16,0,0
train,DAPP::DAppSCAN-source/contracts/Trail_of_Bits-88mph/88mph-contracts-76cd9d1fc45e65f5d0f686621fe6af85c40aa140::DInterest,DAPP,DAppSCAN-source/contracts/Trail_of_Bits-88mph/88mph-contracts-76cd9d1fc45e65f5d0f686621fe6af85c40aa140,DInterest,0,0,21,21,4,224,5,0
train,DAPP::DAppSCAN-source/contracts/Trail_of_Bits-88mph/88mph-contracts-76cd9d1fc45e65f5d0f686621fe6af85c40aa140::DInterestLens,DAPP,DAppSCAN-source/contracts/Trail_of_Bits-88mph/88mph-contracts-76cd9d1fc45e65f5d0f686621fe6af85c40aa140,DInterestLens,0,0,4,4,1,6,0,0
train,DAPP::DAppSCAN-source/contracts/Trail_of_Bits-88mph/88mph-contracts-76cd9d1fc45e65f5d0f686621fe6af85c40aa140::DInterestWithDepositFee,DAPP,DAppSCAN-source/contracts/Trail_of_Bits-88mph/88mph-contracts-76cd9d1fc45e65f5d0f686621fe6af85c40aa140,DInterestWithDepositFee,0,0,21,21,4,224,5,0
train,DAPP::DAppSCAN-source/contracts/Trail_of_Bits-88mph/88mph-contracts-76cd9d1fc45e65f5d0f686621fe6af85c40aa140::FundingMultitoken,DAPP,DAppSCAN-source/contracts/Trail_of_Bits-88mph/88mph-contracts-76cd9d1fc45e65f5d0f686621fe6af85c40aa140,FundingMultitoken,0,0,3,3,2,5,0,0
train,DAPP::DAppSCAN-source/contracts/Trail_of_Bits-88mph/88mph-contracts-76cd9d1fc45e65f5d0f686621fe6af85c40aa140::ZapCurve,DAPP,DAppSCAN-source/contracts/Trail_of_Bits-88mph/88mph-contracts-76cd9d1fc45e65f5d0f686621fe6af85c40aa140,ZapCurve,0,0,2,2,0,2,0,0
train,DAPP::DAppSCAN-source/contracts/Trail_of_Bits-88mph/88mph-contracts-76cd9d1fc45e65f5d0f686621fe6af85c40aa140::ZeroCouponBond,DAPP,DAppSCAN-source/contracts/Trail_of_Bits-88mph/88mph-contracts-76cd9d1fc45e65f5d0f686621fe6af85c40aa140,ZeroCouponBond,0,0,5,5,0,14,0,0
train,DAPP::DAppSCAN-source/contracts/Trail_of_Bits-88mph/88mph-contracts-76cd9d1fc45e65f5d0f686621fe6af85c40aa140::MPHMinter,DAPP,DAppSCAN-source/contracts/Trail_of_Bits-88mph/88mph-contracts-76cd9d1fc45e65f5d0f686621fe6af85c40aa140,MPHMinter,0,0,7,7,0,20,0,0
train,DAPP::DAppSCAN-source/contracts/Trail_of_Bits-88mph/88mph-contracts-76cd9d1fc45e65f5d0f686621fe6af85c40aa140::xMPH,DAPP,DAppSCAN-source/contracts/Trail_of_Bits-88mph/88mph-contracts-76cd9d1fc45e65f5d0f686621fe6af85c40aa140,xMPH,1,3,1,4,0,11,0,0
train,DAPP::DAppSCAN-source/contracts/Trail_of_Bits-88mph/88mph-contracts-76cd9d1fc45e65f5d0f686621fe6af85c40aa140::MPHMinterLegacy,DAPP,DAppSCAN-source/contracts/Trail_of_Bits-88mph/88mph-contracts-76cd9d1fc45e65f5d0f686621fe6af85c40aa140,MPHMinterLegacy,0,0,1,1,0,0,0,0
train,DAPP::DAppSCAN-source/contracts/Trail_of_Bits-88mph/88mph-contracts-76cd9d1fc45e65f5d0f686621fe6af85c40aa140::Vesting02,DAPP,DAppSCAN-source/contracts/Trail_of_Bits-88mph/88mph-contracts-76cd9d1fc45e65f5d0f686621fe6af85c40aa140,Vesting02,0,0,4,4,1,12,0,0
train,DAPP::DAppSCAN-source/contracts/Trail_of_Bits-88mph/88mph-contracts-76cd9d1fc45e65f5d0f686621fe6af85c40aa140::ERC20Wrapper,DAPP,DAppSCAN-source/contracts/Trail_of_Bits-88mph/88mph-contracts-76cd9d1fc45e65f5d0f686621fe6af85c40aa140,ERC20Wrapper,0,0,3,3,0,3,0,0
train,DAPP::DAppSCAN-source/contracts/Trail_of_Bits-88mph/88mph-contracts-76cd9d1fc45e65f5d0f686621fe6af85c40aa140::ERC1155DividendToken,DAPP,DAppSCAN-source/contracts/Trail_of_Bits-88mph/88mph-contracts-76cd9d1fc45e65f5d0f686621fe6af85c40aa140,ERC1155DividendToken,0,0,2,2,2,5,0,0
train,DAPP::DAppSCAN-source/contracts/Trail_of_Bits-88mph/88mph-contracts-76cd9d1fc45e65f5d0f686621fe6af85c40aa140::WrappedERC1155Token,DAPP,DAppSCAN-source/contracts/Trail_of_Bits-88mph/88mph-contracts-76cd9d1fc45e65f5d0f686621fe6af85c40aa140,WrappedERC1155Token,0,0,2,2,0,3,0,0
train,DAPP::DAppSCAN-source/contracts/Trail_of_Bits-88mph/88mph-contracts-76cd9d1fc45e65f5d0f686621fe6af85c40aa140::LPTokenWrapper,DAPP,DAppSCAN-source/contracts/Trail_of_Bits-88mph/88mph-contracts-76cd9d1fc45e65f5d0f686621fe6af85c40aa140,LPTokenWrapper,0,0,2,2,0,1,0,0
train,DAPP::DAppSCAN-source/contracts/Trail_of_Bits-88mph/88mph-contracts-76cd9d1fc45e65f5d0f686621fe6af85c40aa140::HarvestMarket,DAPP,DAppSCAN-source/contracts/Trail_of_Bits-88mph/88mph-contracts-76cd9d1fc45e65f5d0f686621fe6af85c40aa140,HarvestMarket,0,0,5,5,0,11,0,0
train,DAPP::DAppSCAN-source/contracts/Trail_of_Bits-88mph/88mph-contracts-76cd9d1fc45e65f5d0f686621fe6af85c40aa140::YVaultMarket,DAPP,DAppSCAN-source/contracts/Trail_of_Bits-88mph/88mph-contracts-76cd9d1fc45e65f5d0f686621fe6af85c40aa140,YVaultMarket,0,0,4,4,0,7,0,0
train,DAPP::DAppSCAN-source/contracts/Trail_of_Bits-88mph/88mph-contracts-76cd9d1fc45e65f5d0f686621fe6af85c40aa140::AaveMarket,DAPP,DAppSCAN-source/contracts/Trail_of_Bits-88mph/88mph-contracts-76cd9d1fc45e65f5d0f686621fe6af85c40aa140,AaveMarket,0,0,5,5,0,7,0,0
train,DAPP::DAppSCAN-source/contracts/Trail_of_Bits-88mph/88mph-contracts-76cd9d1fc45e65f5d0f686621fe6af85c40aa140::BProtocolMarket,DAPP,DAppSCAN-source/contracts/Trail_of_Bits-88mph/88mph-contracts-76cd9d1fc45e65f5d0f686621fe6af85c40aa140,BProtocolMarket,0,0,5,5,0,6,0,0
train,DAPP::DAppSCAN-source/contracts/Trail_of_Bits-88mph/88mph-contracts-76cd9d1fc45e65f5d0f686621fe6af85c40aa140::CompoundERC20Market,DAPP,DAppSCAN-source/contracts/Trail_of_Bits-88mph/88mph-contracts-76cd9d1fc45e65f5d0f686621fe6af85c40aa140,CompoundERC20Market,0,0,5,5,0,6,0,0
train,DAPP::DAppSCAN-source/contracts/Trail_of_Bits-88mph/88mph-contracts-76cd9d1fc45e65f5d0f686621fe6af85c40aa140::CreamERC20Market,DAPP,DAppSCAN-source/contracts/Trail_of_Bits-88mph/88mph-contracts-76cd9d1fc45e65f5d0f686621fe6af85c40aa140,CreamERC20Market,0,0,4,4,0,6,0,0
train,DAPP::DAppSCAN-source/contracts/Trail_of_Bits-88mph/88mph-contracts-76cd9d1fc45e65f5d0f686621fe6af85c40aa140::OneSplitDumper,DAPP,DAppSCAN-source/contracts/Trail_of_Bits-88mph/88mph-contracts-76cd9d1fc45e65f5d0f686621fe6af85c40aa140,OneSplitDumper,0,0,3,3,0,5,0,0
train,DAPP::DAppSCAN-source/contracts/Trail_of_Bits-88mph/88mph-contracts-76cd9d1fc45e65f5d0f686621fe6af85c40aa140::Dumper,DAPP,DAppSCAN-source/contracts/Trail_of_Bits-88mph/88mph-contracts-76cd9d1fc45e65f5d0f686621fe6af85c40aa140,Dumper,0,0,3,3,0,5,0,0
train,DAPP::DAppSCAN-source/contracts/Trail_of_Bits-88mph/88mph-contracts-76cd9d1fc45e65f5d0f686621fe6af85c40aa140::EMAOracle,DAPP,DAppSCAN-source/contracts/Trail_of_Bits-88mph/88mph-contracts-76cd9d1fc45e65f5d0f686621fe6af85c40aa140,EMAOracle,0,0,2,2,0,2,0,0
train,DAPP::DAppSCAN-source/contracts/Runtime_Vеrification-Tracer_Perpetual_Pools_V2/perpetual-pools-contracts-846bbf62652d7c83aee1cf3766275c4d08b00c8a::ExposedLeveragedPool,DAPP,DAppSCAN-source/contracts/Runtime_Vеrification-Tracer_Perpetual_Pools_V2/perpetual-pools-contracts-846bbf62652d7c83aee1cf3766275c4d08b00c8a,ExposedLeveragedPool,0,0,13,13,1,44,6,0
train,DAPP::DAppSCAN-source/contracts/Runtime_Vеrification-Tracer_Perpetual_Pools_V2/perpetual-pools-contracts-846bbf62652d7c83aee1cf3766275c4d08b00c8a::ChainlinkOracleWrapper,DAPP,DAppSCAN-source/contracts/Runtime_Vеrification-Tracer_Perpetual_Pools_V2/perpetual-pools-contracts-846bbf62652d7c83aee1cf3766275c4d08b00c8a,ChainlinkOracleWrapper,0,0,1,1,1,2,0,0
train,DAPP::DAppSCAN-source/contracts/Runtime_Vеrification-Tracer_Perpetual_Pools_V2/perpetual-pools-contracts-846bbf62652d7c83aee1cf3766275c4d08b00c8a::PoolCommitter,DAPP,DAppSCAN-source/contracts/Runtime_Vеrification-Tracer_Perpetual_Pools_V2/perpetual-pools-contracts-846bbf62652d7c83aee1cf3766275c4d08b00c8a,PoolCommitter,1,2,4,6,0,14,0,0
train,DAPP::DAppSCAN-source/contracts/Runtime_Vеrification-Tracer_Perpetual_Pools_V2/perpetual-pools-contracts-846bbf62652d7c83aee1cf3766275c4d08b00c8a::SMAOracle,DAPP,DAppSCAN-source/contracts/Runtime_Vеrification-Tracer_Perpetual_Pools_V2/perpetual-pools-contracts-846bbf62652d7c83aee1cf3766275c4d08b00c8a,SMAOracle,0,0,3,3,0,4,0,0
train,DAPP::DAppSCAN-source/contracts/Runtime_Vеrification-Tracer_Perpetual_Pools_V2/perpetual-pools-contracts-846bbf62652d7c83aee1cf3766275c4d08b00c8a::LeveragedPool,DAPP,DAppSCAN-source/contracts/Runtime_Vеrification-Tracer_Perpetual_Pools_V2/perpetual-pools-contracts-846bbf62652d7c83aee1cf3766275c4d08b00c8a,LeveragedPool,0,0,13,13,1,44,6,0
train,DAPP::DAppSCAN-source/contracts/Runtime_Vеrification-Tracer_Perpetual_Pools_V2/perpetual-pools-contracts-846bbf62652d7c83aee1cf3766275c4d08b00c8a::PoolFactory,DAPP,DAppSCAN-source/contracts/Runtime_Vеrification-Tracer_Perpetual_Pools_V2/perpetual-pools-contracts-846bbf62652d7c83aee1cf3766275c4d08b00c8a,PoolFactory,0,0,2,2,0,3,0,0
train,DAPP::DAppSCAN-source/contracts/Runtime_Vеrification-Tracer_Perpetual_Pools_V2/perpetual-pools-contracts-846bbf62652d7c83aee1cf3766275c4d08b00c8a::PoolKeeper,DAPP,DAppSCAN-source/contracts/Runtime_Vеrification-Tracer_Perpetual_Pools_V2/perpetual-pools-contracts-846bbf62652d7c83aee1cf3766275c4d08b00c8a,PoolKeeper,0,0,5,5,1,11,0,0
train,DAPP::DAppSCAN-source/contracts/openzeppelin-Solo_Margin_Protocol/solo-17df84db351d5438e1b7437572722b4f52c8b2b4::Migrations,DAPP,DAppSCAN-source/contracts/openzeppelin-Solo_Margin_Protocol/solo-17df84db351d5438e1b7437572722b4f52c8b2b4,Migrations,0,0,1,1,0,0,0,0
train,DAPP::DAppSCAN-source/contracts/openzeppelin-Solo_Margin_Protocol/solo-17df84db351d5438e1b7437572722b4f52c8b2b4::TestLib,DAPP,DAppSCAN-source/contracts/openzeppelin-Solo_Margin_Protocol/solo-17df84db351d5438e1b7437572722b4f52c8b2b4,TestLib,0,0,4,4,0,12,0,0
train,DAPP::DAppSCAN-source/contracts/openzeppelin-Solo_Margin_Protocol/solo-17df84db351d5438e1b7437572722b4f52c8b2b4::TestCallee,DAPP,DAppSCAN-source/contracts/openzeppelin-Solo_Margin_Protocol/solo-17df84db351d5438e1b7437572722b4f52c8b2b4,TestCallee,0,0,1,1,0,0,0,0
train,DAPP::DAppSCAN-source/contracts/openzeppelin-Solo_Margin_Protocol/solo-17df84db351d5438e1b7437572722b4f52c8b2b4::TestPriceOracle,DAPP,DAppSCAN-source/contracts/openzeppelin-Solo_Margin_Protocol/solo-17df84db351d5438e1b7437572722b4f52c8b2b4,TestPriceOracle,0,0,1,1,0,0,0,0
train,DAPP::DAppSCAN-source/contracts/openzeppelin-Solo_Margin_Protocol/solo-17df84db351d5438e1b7437572722b4f52c8b2b4::TestSoloMargin,DAPP,DAppSCAN-source/contracts/openzeppelin-Solo_Margin_Protocol/solo-17df84db351d5438e1b7437572722b4f52c8b2b4,TestSoloMargin,0,0,28,28,0,403,0,0
train,DAPP::DAppSCAN-source/contracts/openzeppelin-Solo_Margin_Protocol/solo-17df84db351d5438e1b7437572722b4f52c8b2b4::TestAutoTrader,DAPP,DAppSCAN-source/contracts/openzeppelin-Solo_Margin_Protocol/solo-17df84db351d5438e1b7437572722b4f52c8b2b4,TestAutoTrader,0,0,3,3,0,10,0,0
train,DAPP::DAppSCAN-source/contracts/openzeppelin-Solo_Margin_Protocol/solo-17df84db351d5438e1b7437572722b4f52c8b2b4::Admin,DAPP,DAppSCAN-source/contracts/openzeppelin-Solo_Margin_Protocol/solo-17df84db351d5438e1b7437572722b4f52c8b2b4,Admin,0,0,13,13,0,78,0,0
train,DAPP::DAppSCAN-source/contracts/openzeppelin-Solo_Margin_Protocol/solo-17df84db351d5438e1b7437572722b4f52c8b2b4::Operation,DAPP,DAppSCAN-source/contracts/openzeppelin-Solo_Margin_Protocol/solo-17df84db351d5438e1b7437572722b4f52c8b2b4,Operation,0,0,1,1,0,0,0,0
train,DAPP::DAppSCAN-source/contracts/openzeppelin-Solo_Margin_Protocol/solo-17df84db351d5438e1b7437572722b4f52c8b2b4::SoloMargin,DAPP,DAppSCAN-source/contracts/openzeppelin-Solo_Margin_Protocol/solo-17df84db351d5438e1b7437572722b4f52c8b2b4,SoloMargin,0,0,28,28,0,403,0,0
train,DAPP::DAppSCAN-source/contracts/openzeppelin-Solo_Margin_Protocol/solo-17df84db351d5438e1b7437572722b4f52c8b2b4::Getters,DAPP,DAppSCAN-source/contracts/openzeppelin-Solo_Margin_Protocol/solo-17df84db351d5438e1b7437572722b4f52c8b2b4,Getters,0,0,14,14,0,116,0,0
train,DAPP::DAppSCAN-source/contracts/openzeppelin-Solo_Margin_Protocol/solo-17df84db351d5438e1b7437572722b4f52c8b2b4::Expiry,DAPP,DAppSCAN-source/contracts/openzeppelin-Solo_Margin_Protocol/solo-17df84db351d5438e1b7437572722b4f52c8b2b4,Expiry,0,0,3,3,2,9,0,0
train,DAPP::DAppSCAN-source/contracts/openzeppelin-Solo_Margin_Protocol/solo-17df84db351d5438e1b7437572722b4f52c8b2b4::PayableProxyForSoloMargin,DAPP,DAppSCAN-source/contracts/openzeppelin-Solo_Margin_Protocol/solo-17df84db351d5438e1b7437572722b4f52c8b2b4,PayableProxyForSoloMargin,0,0,1,1,0,0,0,0
train,DAPP::DAppSCAN-source/contracts/openzeppelin-Solo_Margin_Protocol/solo-17df84db351d5438e1b7437572722b4f52c8b2b4::Math,DAPP,DAppSCAN-source/contracts/openzeppelin-Solo_Margin_Protocol/solo-17df84db351d5438e1b7437572722b4f52c8b2b4,Math,0,0,3,3,0,6,0,0
train,DAPP::DAppSCAN-source/contracts/openzeppelin-Solo_Margin_Protocol/solo-17df84db351d5438e1b7437572722b4f52c8b2b4::Interest,DAPP,DAppSCAN-source/contracts/openzeppelin-Solo_Margin_Protocol/solo-17df84db351d5438e1b7437572722b4f52c8b2b4,Interest,0,0,4,4,0,7,0,0
train,DAPP::DAppSCAN-source/contracts/openzeppelin-Solo_Margin_Protocol/solo-17df84db351d5438e1b7437572722b4f52c8b2b4::Exchange,DAPP,DAppSCAN-source/contracts/openzeppelin-Solo_Margin_Protocol/solo-17df84db351d5438e1b7437572722b4f52c8b2b4,Exchange,0,0,4,4,0,16,0,0
train,DAPP::DAppSCAN-source/contracts/openzeppelin-Solo_Margin_Protocol/solo-17df84db351d5438e1b7437572722b4f52c8b2b4::Storage,DAPP,DAppSCAN-source/contracts/openzeppelin-Solo_Margin_Protocol/solo-17df84db351d5438e1b7437572722b4f52c8b2b4,Storage,0,0,4,4,0,12,0,0
train,DAPP::DAppSCAN-source/contracts/openzeppelin-Solo_Margin_Protocol/solo-17df84db351d5438e1b7437572722b4f52c8b2b4::Token,DAPP,DAppSCAN-source/contracts/openzeppelin-Solo_Margin_Protocol/solo-17df84db351d5438e1b7437572722b4f52c8b2b4,Token,0,0,3,3,0,6,0,0
train,DAPP::DAppSCAN-source/contracts/openzeppelin-Solo_Margin_Protocol/solo-17df84db351d5438e1b7437572722b4f52c8b2b4::Decimal,DAPP,DAppSCAN-source/contracts/openzeppelin-Solo_Margin_Protocol/solo-17df84db351d5438e1b7437572722b4f52c8b2b4,Decimal,0,0,2,2,0,2,0,0
train,DAPP::DAppSCAN-source/contracts/openzeppelin-Solo_Margin_Protocol/solo-17df84db351d5438e1b7437572722b4f52c8b2b4::AdminImpl,DAPP,DAppSCAN-source/contracts/openzeppelin-Solo_Margin_Protocol/solo-17df84db351d5438e1b7437572722b4f52c8b2b4,AdminImpl,1,1,9,10,0,92,0,0
train,DAPP::DAppSCAN-source/contracts/openzeppelin-Solo_Margin_Protocol/solo-17df84db351d5438e1b7437572722b4f52c8b2b4::OperationImpl,DAPP,DAppSCAN-source/contracts/openzeppelin-Solo_Margin_Protocol/solo-17df84db351d5438e1b7437572722b4f52c8b2b4,OperationImpl,0,0,8,8,0,56,0,0
train,DAPP::DAppSCAN-source/contracts/PeckShield-StackerVC/StackerVC_VentureFund001-3cfb98b21f4731dfd62993feb7c7d1540837f59b::VCTreasuryV1,DAPP,DAppSCAN-source/contracts/PeckShield-StackerVC/StackerVC_VentureFund001-3cfb98b21f4731dfd62993feb7c7d1540837f59b,VCTreasuryV1,0,0,4,4,1,17,0,0
train,DAPP::DAppSCAN-source/contracts/PeckShield-StackerVC/StackerVC_VentureFund001-3cfb98b21f4731dfd62993feb7c7d1540837f59b::LPGauge,DAPP,DAppSCAN-source/contracts/PeckShield-StackerVC/StackerVC_VentureFund001-3cfb98b21f4731dfd62993feb7c7d1540837f59b,LPGauge,1,1,3,4,0,13,0,0
train,DAPP::DAppSCAN-source/contracts/PeckShield-StackerVC/StackerVC_VentureFund001-3cfb98b21f4731dfd62993feb7c7d1540837f59b::VaultGaugeBridge,DAPP,DAppSCAN-source/contracts/PeckShield-StackerVC/StackerVC_VentureFund001-3cfb98b21f4731dfd62993feb7c7d1540837f59b,VaultGaugeBridge,0,0,4,4,0,8,0,0
train,DAPP::DAppSCAN-source/contracts/PeckShield-StackerVC/StackerVC_VentureFund001-3cfb98b21f4731dfd62993feb7c7d1540837f59b::GaugeD1,DAPP,DAppSCAN-source/contracts/PeckShield-StackerVC/StackerVC_VentureFund001-3cfb98b21f4731dfd62993feb7c7d1540837f59b,GaugeD1,0,0,7,7,1,37,5,0
train,DAPP::DAppSCAN-source/contracts/Inspex-WUSDMaster/WUSD-91c541c2f1c0ac781ddcfb2be6a62555a5e1e8d1::WexWithdrawer,DAPP,DAppSCAN-source/contracts/Inspex-WUSDMaster/WUSD-91c541c2f1c0ac781ddcfb2be6a62555a5e1e8d1,WexWithdrawer,0,0,2,2,0,1,0,0
train,DAPP::DAppSCAN-source/contracts/Inspex-WUSDMaster/WUSD-91c541c2f1c0ac781ddcfb2be6a62555a5e1e8d1::WUSDMaster,DAPP,DAppSCAN-source/contracts/Inspex-WUSDMaster/WUSD-91c541c2f1c0ac781ddcfb2be6a62555a5e1e8d1,WUSDMaster,1,1,5,6,0,11,0,0
train,DAPP::DAppSCAN-source/contracts/PeckShield-Rikkei/rifi-protocol-b33243fb3a218cc195f0727fe1499cb57f5ea0b2::Reservoir,DAPP,DAppSCAN-source/contracts/PeckShield-Rikkei/rifi-protocol-b33243fb3a218cc195f0727fe1499cb57f5ea0b2,Reservoir,0,0,1,1,0,0,0,0
train,DAPP::DAppSCAN-source/contracts/PeckShield-Rikkei/rifi-protocol-b33243fb3a218cc195f0727fe1499cb57f5ea0b2::RDaiDelegate,DAPP,DAppSCAN-source/contracts/PeckShield-Rikkei/rifi-protocol-b33243fb3a218cc195f0727fe1499cb57f5ea0b2,RDaiDelegate,0,0,18,18,2,86,0,0
train,DAPP::DAppSCAN-source/contracts/PeckShield-Rikkei/rifi-protocol-b33243fb3a218cc195f0727fe1499cb57f5ea0b2::DAIInterestRateModel,DAPP,DAppSCAN-source/contracts/PeckShield-Rikkei/rifi-protocol-b33243fb3a218cc195f0727fe1499cb57f5ea0b2,DAIInterestRateModel,0,0,2,2,0,2,0,0
train,DAPP::DAppSCAN-source/contracts/PeckShield-Rikkei/rifi-protocol-b33243fb3a218cc195f0727fe1499cb57f5ea0b2::RBep20Immutable,DAPP,DAppSCAN-source/contracts/PeckShield-Rikkei/rifi-protocol-b33243fb3a218cc195f0727fe1499cb57f5ea0b2,RBep20Immutable,0,0,16,16,2,79,0,0
train,DAPP::DAppSCAN-source/contracts/PeckShield-Rikkei/rifi-protocol-b33243fb3a218cc195f0727fe1499cb57f5ea0b2::SimplePriceOracle,DAPP,DAppSCAN-source/contracts/PeckShield-Rikkei/rifi-protocol-b33243fb3a218cc195f0727fe1499cb57f5ea0b2,SimplePriceOracle,0,0,1,1,0,0,0,0
train,DAPP::DAppSCAN-source/contracts/PeckShield-Rikkei/rifi-protocol-b33243fb3a218cc195f0727fe1499cb57f5ea0b2::RBinance,DAPP,DAppSCAN-source/contracts/PeckShield-Rikkei/rifi-protocol-b33243fb3a218cc195f0727fe1499cb57f5ea0b2,RBinance,0,0,11,11,2,49,0,0
train,DAPP::DAppSCAN-source/contracts/PeckShield-Rikkei/rifi-protocol-b33243fb3a218cc195f0727fe1499cb57f5ea0b2::RToken,DAPP,DAppSCAN-source/contracts/PeckShield-Rikkei/rifi-protocol-b33243fb3a218cc195f0727fe1499cb57f5ea0b2,RToken,1,1,11,12,2,62,0,0
train,DAPP::DAppSCAN-source/contracts/PeckShield-Rikkei/rifi-protocol-b33243fb3a218cc195f0727fe1499cb57f5ea0b2::RBep20,DAPP,DAppSCAN-source/contracts/PeckShield-Rikkei/rifi-protocol-b33243fb3a218cc195f0727fe1499cb57f5ea0b2,RBep20,0,0,16,16,2,79,0,0
train,DAPP::DAppSCAN-source/contracts/PeckShield-Rikkei/rifi-protocol-b33243fb3a218cc195f0727fe1499cb57f5ea0b2::RBep20Delegate,DAPP,DAppSCAN-source/contracts/PeckShield-Rikkei/rifi-protocol-b33243fb3a218cc195f0727fe1499cb57f5ea0b2,RBep20Delegate,0,0,16,16,2,79,0,0
train,DAPP::DAppSCAN-source/contracts/PeckShield-Rikkei/rifi-protocol-b33243fb3a218cc195f0727fe1499cb57f5ea0b2::RRifiLikeDelegate,DAPP,DAppSCAN-source/contracts/PeckShield-Rikkei/rifi-protocol-b33243fb3a218cc195f0727fe1499cb57f5ea0b2,RRifiLikeDelegate,0,0,17,17,2,86,0,0
train,DAPP::DAppSCAN-source/contracts/PeckShield-Rikkei/rifi-protocol-b33243fb3a218cc195f0727fe1499cb57f5ea0b2::Cointroller,DAPP,DAppSCAN-source/contracts/PeckShield-Rikkei/rifi-protocol-b33243fb3a218cc195f0727fe1499cb57f5ea0b2,Cointroller,0,0,17,17,2,101,0,0
train,DAPP::DAppSCAN-source/contracts/PeckShield-Rikkei/rifi-protocol-b33243fb3a218cc195f0727fe1499cb57f5ea0b2::CointrollerScenario,DAPP,DAppSCAN-source/contracts/PeckShield-Rikkei/rifi-protocol-b33243fb3a218cc195f0727fe1499cb57f5ea0b2,CointrollerScenario,0,0,18,18,3,125,0,0
train,DAPP::DAppSCAN-source/contracts/PeckShield-Rikkei/rifi-protocol-b33243fb3a218cc195f0727fe1499cb57f5ea0b2::CointrollerKovan,DAPP,DAppSCAN-source/contracts/PeckShield-Rikkei/rifi-protocol-b33243fb3a218cc195f0727fe1499cb57f5ea0b2,CointrollerKovan,0,0,17,17,2,101,0,0
train,DAPP::DAppSCAN-source/contracts/PeckShield-Rikkei/rifi-protocol-b33243fb3a218cc195f0727fe1499cb57f5ea0b2::CointrollerRopsten,DAPP,DAppSCAN-source/contracts/PeckShield-Rikkei/rifi-protocol-b33243fb3a218cc195f0727fe1499cb57f5ea0b2,CointrollerRopsten,0,0,17,17,2,101,0,0
train,DAPP::DAppSCAN-source/contracts/PeckShield-Rikkei/rifi-protocol-b33243fb3a218cc195f0727fe1499cb57f5ea0b2::RIFIChainBridge,DAPP,DAppSCAN-source/contracts/PeckShield-Rikkei/rifi-protocol-b33243fb3a218cc195f0727fe1499cb57f5ea0b2,RIFIChainBridge,0,0,2,2,0,1,0,0
train,DAPP::DAppSCAN-source/contracts/PeckShield-Rikkei/rifi-protocol-b33243fb3a218cc195f0727fe1499cb57f5ea0b2::PriceOracleProxy,DAPP,DAppSCAN-source/contracts/PeckShield-Rikkei/rifi-protocol-b33243fb3a218cc195f0727fe1499cb57f5ea0b2,PriceOracleProxy,0,0,1,1,0,0,0,0
train,DAPP::DAppSCAN-source/contracts/PeckShield-Rikkei/rifi-protocol-b33243fb3a218cc195f0727fe1499cb57f5ea0b2::CanReclaimToken,DAPP,DAppSCAN-source/contracts/PeckShield-Rikkei/rifi-protocol-b33243fb3a218cc195f0727fe1499cb57f5ea0b2,CanReclaimToken,0,0,1,1,0,0,0,0
train,DAPP::DAppSCAN-source/contracts/PeckShield-Rikkei/rifi-protocol-b33243fb3a218cc195f0727fe1499cb57f5ea0b2::OwnableContract,DAPP,DAppSCAN-source/contracts/PeckShield-Rikkei/rifi-protocol-b33243fb3a218cc195f0727fe1499cb57f5ea0b2,OwnableContract,0,0,1,1,0,0,0,0
train,DAPP::DAppSCAN-source/contracts/PeckShield-Rikkei/rifi-protocol-b33243fb3a218cc195f0727fe1499cb57f5ea0b2::WBTRToken,DAPP,DAppSCAN-source/contracts/PeckShield-Rikkei/rifi-protocol-b33243fb3a218cc195f0727fe1499cb57f5ea0b2,WBTRToken,0,0,1,1,0,0,0,0
train,DAPP::DAppSCAN-source/contracts/PeckShield-Rikkei/rifi-protocol-b33243fb3a218cc195f0727fe1499cb57f5ea0b2::GovernorBravoImmutable,DAPP,DAppSCAN-source/contracts/PeckShield-Rikkei/rifi-protocol-b33243fb3a218cc195f0727fe1499cb57f5ea0b2,GovernorBravoImmutable,0,0,7,7,0,32,0,0
train,DAPP::DAppSCAN-source/contracts/PeckShield-Rikkei/rifi-protocol-b33243fb3a218cc195f0727fe1499cb57f5ea0b2::RBep20Scenario,DAPP,DAppSCAN-source/contracts/PeckShield-Rikkei/rifi-protocol-b33243fb3a218cc195f0727fe1499cb57f5ea0b2,RBep20Scenario,0,0,17,17,2,98,0,0
train,DAPP::DAppSCAN-source/contracts/PeckShield-Rikkei/rifi-protocol-b33243fb3a218cc195f0727fe1499cb57f5ea0b2::CEvil,DAPP,DAppSCAN-source/contracts/PeckShield-Rikkei/rifi-protocol-b33243fb3a218cc195f0727fe1499cb57f5ea0b2,CEvil,0,0,17,17,2,98,0,0
train,DAPP::DAppSCAN-source/contracts/PeckShield-Rikkei/rifi-protocol-b33243fb3a218cc195f0727fe1499cb57f5ea0b2::RBep20DelegateScenario,DAPP,DAppSCAN-source/contracts/PeckShield-Rikkei/rifi-protocol-b33243fb3a218cc195f0727fe1499cb57f5ea0b2,RBep20DelegateScenario,0,0,17,17,2,98,0,0
train,DAPP::DAppSCAN-source/contracts/PeckShield-Rikkei/rifi-protocol-b33243fb3a218cc195f0727fe1499cb57f5ea0b2::RBep20DelegateScenarioExtra,DAPP,DAppSCAN-source/contracts/PeckShield-Rikkei/rifi-protocol-b33243fb3a218cc195f0727fe1499cb57f5ea0b2,RBep20DelegateScenarioExtra,0,0,17,17,2,98,0,0
train,DAPP::DAppSCAN-source/contracts/PeckShield-Rikkei/rifi-protocol-b33243fb3a218cc195f0727fe1499cb57f5ea0b2::RDaiDelegateScenario,DAPP,DAppSCAN-source/contracts/PeckShield-Rikkei/rifi-protocol-b33243fb3a218cc195f0727fe1499cb57f5ea0b2,RDaiDelegateScenario,0,0,19,19,2,103,0,0
train,DAPP::DAppSCAN-source/contracts/PeckShield-Rikkei/rifi-protocol-b33243fb3a218cc195f0727fe1499cb57f5ea0b2::RBinanceScenario,DAPP,DAppSCAN-source/contracts/PeckShield-Rikkei/rifi-protocol-b33243fb3a218cc195f0727fe1499cb57f5ea0b2,RBinanceScenario,0,0,12,12,2,68,0,0
train,DAPP::DAppSCAN-source/contracts/PeckShield-Rikkei/rifi-protocol-b33243fb3a218cc195f0727fe1499cb57f5ea0b2::GovernorBravoDelegate,DAPP,DAppSCAN-source/contracts/PeckShield-Rikkei/rifi-protocol-b33243fb3a218cc195f0727fe1499cb57f5ea0b2,GovernorBravoDelegate,0,0,8,8,0,38,0,0
train,DAPP::DAppSCAN-source/contracts/PeckShield-Rikkei/rifi-protocol-b33243fb3a218cc195f0727fe1499cb57f5ea0b2::GovernorAlpha,DAPP,DAppSCAN-source/contracts/PeckShield-Rikkei/rifi-protocol-b33243fb3a218cc195f0727fe1499cb57f5ea0b2,GovernorAlpha,0,0,10,10,0,51,0,0
train,DAPP::DAppSCAN-source/contracts/PeckShield-Rikkei/rifi-protocol-b33243fb3a218cc195f0727fe1499cb57f5ea0b2::RBep20DelegateCertora,DAPP,DAppSCAN-source/contracts/PeckShield-Rikkei/rifi-protocol-b33243fb3a218cc195f0727fe1499cb57f5ea0b2,RBep20DelegateCertora,0,0,16,16,2,79,0,0
train,DAPP::DAppSCAN-source/contracts/PeckShield-Rikkei/rifi-protocol-b33243fb3a218cc195f0727fe1499cb57f5ea0b2::RDaiDelegateCertora,DAPP,DAppSCAN-source/contracts/PeckShield-Rikkei/rifi-protocol-b33243fb3a218cc195f0727fe1499cb57f5ea0b2,RDaiDelegateCertora,0,0,19,19,2,90,0,0
train,DAPP::DAppSCAN-source/contracts/PeckShield-Rikkei/rifi-protocol-b33243fb3a218cc195f0727fe1499cb57f5ea0b2::CointrollerCertora,DAPP,DAppSCAN-source/contracts/PeckShield-Rikkei/rifi-protocol-b33243fb3a218cc195f0727fe1499cb57f5ea0b2,CointrollerCertora,0,0,16,16,3,89,0,0
train,DAPP::DAppSCAN-source/contracts/PeckShield-Rikkei/rifi-protocol-b33243fb3a218cc195f0727fe1499cb57f5ea0b2::GovernorAlphaCertora,DAPP,DAppSCAN-source/contracts/PeckShield-Rikkei/rifi-protocol-b33243fb3a218cc195f0727fe1499cb57f5ea0b2,GovernorAlphaCertora,0,0,12,12,0,70,0,0
train,DAPP::DAppSCAN-source/contracts/PeckShield-Rikkei/rifi-protocol-b33243fb3a218cc195f0727fe1499cb57f5ea0b2::RBinanceCertora,DAPP,DAppSCAN-source/contracts/PeckShield-Rikkei/rifi-protocol-b33243fb3a218cc195f0727fe1499cb57f5ea0b2,RBinanceCertora,0,0,11,11,2,49,0,0
train,DAPP::DAppSCAN-source/contracts/PeckShield-Rikkei/rifi-protocol-b33243fb3a218cc195f0727fe1499cb57f5ea0b2::RBep20DelegatorCertora,DAPP,DAppSCAN-source/contracts/PeckShield-Rikkei/rifi-protocol-b33243fb3a218cc195f0727fe1499cb57f5ea0b2,RBep20DelegatorCertora,0,0,10,10,0,37,0,0
train,DAPP::DAppSCAN-source/contracts/PeckShield-Rikkei/rifi-protocol-b33243fb3a218cc195f0727fe1499cb57f5ea0b2::RBep20ImmutableCertora,DAPP,DAppSCAN-source/contracts/PeckShield-Rikkei/rifi-protocol-b33243fb3a218cc195f0727fe1499cb57f5ea0b2,RBep20ImmutableCertora,0,0,26,26,2,137,0,0
train,DAPP::DAppSCAN-source/contracts/PeckShield-Rikkei/rifi-protocol-b33243fb3a218cc195f0727fe1499cb57f5ea0b2::RTokenCollateral,DAPP,DAppSCAN-source/contracts/PeckShield-Rikkei/rifi-protocol-b33243fb3a218cc195f0727fe1499cb57f5ea0b2,RTokenCollateral,0,0,17,17,2,85,0,0
train,DAPP::DAppSCAN-source/contracts/PeckShield-Rikkei/rifi-protocol-b33243fb3a218cc195f0727fe1499cb57f5ea0b2::MaximillionCertora,DAPP,DAppSCAN-source/contracts/PeckShield-Rikkei/rifi-protocol-b33243fb3a218cc195f0727fe1499cb57f5ea0b2,MaximillionCertora,0,0,1,1,0,0,0,0
train,DAPP::DAppSCAN-source/contracts/PeckShield-Rikkei/rifi-protocol-b33243fb3a218cc195f0727fe1499cb57f5ea0b2::GemJoin,DAPP,DAppSCAN-source/contracts/PeckShield-Rikkei/rifi-protocol-b33243fb3a218cc195f0727fe1499cb57f5ea0b2,GemJoin,0,0,2,2,0,2,0,0
train,DAPP::DAppSCAN-source/contracts/PeckShield-Rikkei/rifi-protocol-b33243fb3a218cc195f0727fe1499cb57f5ea0b2::ETHJoin,DAPP,DAppSCAN-source/contracts/PeckShield-Rikkei/rifi-protocol-b33243fb3a218cc195f0727fe1499cb57f5ea0b2,ETHJoin,0,0,2,2,0,2,0,0
train,DAPP::DAppSCAN-source/contracts/PeckShield-Rikkei/rifi-protocol-b33243fb3a218cc195f0727fe1499cb57f5ea0b2::DaiJoin,DAPP,DAppSCAN-source/contracts/PeckShield-Rikkei/rifi-protocol-b33243fb3a218cc195f0727fe1499cb57f5ea0b2,DaiJoin,0,0,2,2,0,2,0,0
train,DAPP::DAppSCAN-source/contracts/PeckShield-Rikkei/rifi-protocol-b33243fb3a218cc195f0727fe1499cb57f5ea0b2::Pot,DAPP,DAppSCAN-source/contracts/PeckShield-Rikkei/rifi-protocol-b33243fb3a218cc195f0727fe1499cb57f5ea0b2,Pot,0,0,3,3,1,6,0,0
train,DAPP::DAppSCAN-source/contracts/Trail_of_Bits-YieldV2/vault-v2-819a713416249da92c44eb629ed26a49425a4656::Wand,DAPP,DAppSCAN-source/contracts/Trail_of_Bits-YieldV2/vault-v2-819a713416249da92c44eb629ed26a49425a4656,Wand,0,0,4,4,0,9,0,0
train,DAPP::DAppSCAN-source/contracts/Trail_of_Bits-YieldV2/vault-v2-819a713416249da92c44eb629ed26a49425a4656::Router,DAPP,DAppSCAN-source/contracts/Trail_of_Bits-YieldV2/vault-v2-819a713416249da92c44eb629ed26a49425a4656,Router,0,0,1,1,0,0,0,0
train,DAPP::DAppSCAN-source/contracts/Trail_of_Bits-YieldV2/vault-v2-819a713416249da92c44eb629ed26a49425a4656::Ladle,DAPP,DAppSCAN-source/contracts/Trail_of_Bits-YieldV2/vault-v2-819a713416249da92c44eb629ed26a49425a4656,Ladle,1,1,23,24,4,170,0,0
train,DAPP::DAppSCAN-source/contracts/Trail_of_Bits-YieldV2/vault-v2-819a713416249da92c44eb629ed26a49425a4656::FYToken,DAPP,DAppSCAN-source/contracts/Trail_of_Bits-YieldV2/vault-v2-819a713416249da92c44eb629ed26a49425a4656,FYToken,0,0,4,4,0,6,0,0
train,DAPP::DAppSCAN-source/contracts/Trail_of_Bits-YieldV2/vault-v2-819a713416249da92c44eb629ed26a49425a4656::Witch,DAPP,DAppSCAN-source/contracts/Trail_of_Bits-YieldV2/vault-v2-819a713416249da92c44eb629ed26a49425a4656,Witch,0,0,4,4,0,10,0,0
train,DAPP::DAppSCAN-source/contracts/Trail_of_Bits-YieldV2/vault-v2-819a713416249da92c44eb629ed26a49425a4656::Cauldron,DAPP,DAppSCAN-source/contracts/Trail_of_Bits-YieldV2/vault-v2-819a713416249da92c44eb629ed26a49425a4656,Cauldron,0,0,5,5,0,8,0,0
train,DAPP::DAppSCAN-source/contracts/Trail_of_Bits-YieldV2/vault-v2-819a713416249da92c44eb629ed26a49425a4656::Join,DAPP,DAppSCAN-source/contracts/Trail_of_Bits-YieldV2/vault-v2-819a713416249da92c44eb629ed26a49425a4656,Join,0,0,4,4,1,14,0,0
train,DAPP::DAppSCAN-source/contracts/Trail_of_Bits-YieldV2/vault-v2-819a713416249da92c44eb629ed26a49425a4656::TLMModule,DAPP,DAppSCAN-source/contracts/Trail_of_Bits-YieldV2/vault-v2-819a713416249da92c44eb629ed26a49425a4656,TLMModule,0,0,3,3,0,5,0,0
train,DAPP::DAppSCAN-source/contracts/Trail_of_Bits-YieldV2/vault-v2-819a713416249da92c44eb629ed26a49425a4656::MakerImportModule,DAPP,DAppSCAN-source/contracts/Trail_of_Bits-YieldV2/vault-v2-819a713416249da92c44eb629ed26a49425a4656,MakerImportModule,0,0,6,6,2,26,0,0
train,DAPP::DAppSCAN-source/contracts/Trail_of_Bits-YieldV2/vault-v2-819a713416249da92c44eb629ed26a49425a4656::FlashBorrower,DAPP,DAppSCAN-source/contracts/Trail_of_Bits-YieldV2/vault-v2-819a713416249da92c44eb629ed26a49425a4656,FlashBorrower,0,0,2,2,0,3,0,0
train,DAPP::DAppSCAN-source/contracts/Trail_of_Bits-YieldV2/vault-v2-819a713416249da92c44eb629ed26a49425a4656::ChainlinkMultiOracle,DAPP,DAppSCAN-source/contracts/Trail_of_Bits-YieldV2/vault-v2-819a713416249da92c44eb629ed26a49425a4656,ChainlinkMultiOracle,0,0,2,2,0,1,0,0
train,DAPP::DAppSCAN-source/contracts/Trail_of_Bits-YieldV2/vault-v2-819a713416249da92c44eb629ed26a49425a4656::CompoundMultiOracle,DAPP,DAppSCAN-source/contracts/Trail_of_Bits-YieldV2/vault-v2-819a713416249da92c44eb629ed26a49425a4656,CompoundMultiOracle,0,0,1,1,0,0,0,0
train,DAPP::DAppSCAN-source/contracts/Trail_of_Bits-YieldV2/vault-v2-819a713416249da92c44eb629ed26a49425a4656::CTokenMultiOracle,DAPP,DAppSCAN-source/contracts/Trail_of_Bits-YieldV2/vault-v2-819a713416249da92c44eb629ed26a49425a4656,CTokenMultiOracle,0,0,3,3,0,3,0,0
train,DAPP::DAppSCAN-source/contracts/Trail_of_Bits-YieldV2/vault-v2-819a713416249da92c44eb629ed26a49425a4656::CompositeMultiOracle,DAPP,DAppSCAN-source/contracts/Trail_of_Bits-YieldV2/vault-v2-819a713416249da92c44eb629ed26a49425a4656,CompositeMultiOracle,0,0,2,2,0,1,0,0
train,DAPP::DAppSCAN-source/contracts/Trail_of_Bits-YieldV2/vault-v2-819a713416249da92c44eb629ed26a49425a4656::UniswapV3Oracle,DAPP,DAppSCAN-source/contracts/Trail_of_Bits-YieldV2/vault-v2-819a713416249da92c44eb629ed26a49425a4656,UniswapV3Oracle,0,0,2,2,0,1,0,0
train,DAPP::DAppSCAN-source/contracts/Coinfabrik-Woonkly Security Audit (DEX STAKE)/STAKESmartContractPreRelease-main::Investing,DAPP,DAppSCAN-source/contracts/Coinfabrik-Woonkly Security Audit (DEX STAKE)/STAKESmartContractPreRelease-main,Investing,0,0,1,1,1,2,0,0
train,DAPP::DAppSCAN-source/contracts/Coinfabrik-Woonkly Security Audit (DEX STAKE)/STAKESmartContractPreRelease-main::WOOPStake,DAPP,DAppSCAN-source/contracts/Coinfabrik-Woonkly Security Audit (DEX STAKE)/STAKESmartContractPreRelease-main,WOOPStake,1,1,14,15,11,153,0,0
train,DAPP::DAppSCAN-source/contracts/Hacken-Hyksos/hyksos-contracts-audit::HyksosCyberkongz,DAPP,DAppSCAN-source/contracts/Hacken-Hyksos/hyksos-contracts-audit,HyksosCyberkongz,1,3,4,7,1,25,0,0
train,DAPP::DAppSCAN-source/contracts/Hacken-Hyksos/hyksos-contracts-audit::HyksosBase,DAPP,DAppSCAN-source/contracts/Hacken-Hyksos/hyksos-contracts-audit,HyksosBase,0,0,2,2,0,1,0,0
train,DAPP::DAppSCAN-source/contracts/QuillAudits-Yearn Finance-Yearn Protocol V1/yearn-protocol-9ff0dc0ea73642c529383d0675930a41bf033295::yVault,DAPP,DAppSCAN-source/contracts/QuillAudits-Yearn Finance-Yearn Protocol V1/yearn-protocol-9ff0dc0ea73642c529383d0675930a41bf033295,yVault,0,0,7,7,0,40,0,0
train,DAPP::DAppSCAN-source/contracts/QuillAudits-Yearn Finance-Yearn Protocol V1/yearn-protocol-9ff0dc0ea73642c529383d0675930a41bf033295::yWETH,DAPP,DAppSCAN-source/contracts/QuillAudits-Yearn Finance-Yearn Protocol V1/yearn-protocol-9ff0dc0ea73642c529383d0675930a41bf033295,yWETH,1,2,7,9,0,70,0,0
train,DAPP::DAppSCAN-source/contracts/QuillAudits-Yearn Finance-Yearn Protocol V1/yearn-protocol-9ff0dc0ea73642c529383d0675930a41bf033295::yDelegatedVault,DAPP,DAppSCAN-source/contracts/QuillAudits-Yearn Finance-Yearn Protocol V1/yearn-protocol-9ff0dc0ea73642c529383d0675930a41bf033295,yDelegatedVault,0,0,16,16,0,66,5,0
train,DAPP::DAppSCAN-source/contracts/QuillAudits-Yearn Finance-Yearn Protocol V1/yearn-protocol-9ff0dc0ea73642c529383d0675930a41bf033295::StrategyCreamYFI,DAPP,DAppSCAN-source/contracts/QuillAudits-Yearn Finance-Yearn Protocol V1/yearn-protocol-9ff0dc0ea73642c529383d0675930a41bf033295,StrategyCreamYFI,0,0,9,9,0,54,0,0
train,DAPP::DAppSCAN-source/contracts/QuillAudits-Yearn Finance-Yearn Protocol V1/yearn-protocol-9ff0dc0ea73642c529383d0675930a41bf033295::StrategyDAICurve,DAPP,DAppSCAN-source/contracts/QuillAudits-Yearn Finance-Yearn Protocol V1/yearn-protocol-9ff0dc0ea73642c529383d0675930a41bf033295,StrategyDAICurve,0,0,12,12,0,87,0,0
train,DAPP::DAppSCAN-source/contracts/QuillAudits-Yearn Finance-Yearn Protocol V1/yearn-protocol-9ff0dc0ea73642c529383d0675930a41bf033295::StrategyCurveYCRVVoter,DAPP,DAppSCAN-source/contracts/QuillAudits-Yearn Finance-Yearn Protocol V1/yearn-protocol-9ff0dc0ea73642c529383d0675930a41bf033295,StrategyCurveYCRVVoter,0,0,8,8,0,37,0,0
train,DAPP::DAppSCAN-source/contracts/QuillAudits-Yearn Finance-Yearn Protocol V1/yearn-protocol-9ff0dc0ea73642c529383d0675930a41bf033295::StrategyVaultUSDC,DAPP,DAppSCAN-source/contracts/QuillAudits-Yearn Finance-Yearn Protocol V1/yearn-protocol-9ff0dc0ea73642c529383d0675930a41bf033295,StrategyVaultUSDC,0,0,11,11,0,82,0,0
train,DAPP::DAppSCAN-source/contracts/QuillAudits-Yearn Finance-Yearn Protocol V1/yearn-protocol-9ff0dc0ea73642c529383d0675930a41bf033295::StrategyCurveYBUSD,DAPP,DAppSCAN-source/contracts/QuillAudits-Yearn Finance-Yearn Protocol V1/yearn-protocol-9ff0dc0ea73642c529383d0675930a41bf033295,StrategyCurveYBUSD,0,0,8,8,0,37,0,0
train,DAPP::DAppSCAN-source/contracts/QuillAudits-Yearn Finance-Yearn Protocol V1/yearn-protocol-9ff0dc0ea73642c529383d0675930a41bf033295::StrategyDForceUSDT,DAPP,DAppSCAN-source/contracts/QuillAudits-Yearn Finance-Yearn Protocol V1/yearn-protocol-9ff0dc0ea73642c529383d0675930a41bf033295,StrategyDForceUSDT,0,0,10,10,0,61,0,0
train,DAPP::DAppSCAN-source/contracts/QuillAudits-Yearn Finance-Yearn Protocol V1/yearn-protocol-9ff0dc0ea73642c529383d0675930a41bf033295::StrategyDForceUSDC,DAPP,DAppSCAN-source/contracts/QuillAudits-Yearn Finance-Yearn Protocol V1/yearn-protocol-9ff0dc0ea73642c529383d0675930a41bf033295,StrategyDForceUSDC,0,0,10,10,0,61,0,0
train,DAPP::DAppSCAN-source/contracts/QuillAudits-Yearn Finance-Yearn Protocol V1/yearn-protocol-9ff0dc0ea73642c529383d0675930a41bf033295::StrategyMKRVaultDAIDelegate,DAPP,DAppSCAN-source/contracts/QuillAudits-Yearn Finance-Yearn Protocol V1/yearn-protocol-9ff0dc0ea73642c529383d0675930a41bf033295,StrategyMKRVaultDAIDelegate,0,0,23,23,2,182,0,0
train,DAPP::DAppSCAN-source/contracts/QuillAudits-Yearn Finance-Yearn Protocol V1/yearn-protocol-9ff0dc0ea73642c529383d0675930a41bf033295::StrategyTUSDCurve,DAPP,DAppSCAN-source/contracts/QuillAudits-Yearn Finance-Yearn Protocol V1/yearn-protocol-9ff0dc0ea73642c529383d0675930a41bf033295,StrategyTUSDCurve,0,0,12,12,0,87,0,0
train,DAPP::DAppSCAN-source/contracts/QuillAudits-Yearn Finance-Yearn Protocol V1/yearn-protocol-9ff0dc0ea73642c529383d0675930a41bf033295::StrategyCurveSBTC,DAPP,DAppSCAN-source/contracts/QuillAudits-Yearn Finance-Yearn Protocol V1/yearn-protocol-9ff0dc0ea73642c529383d0675930a41bf033295,StrategyCurveSBTC,0,0,8,8,0,37,0,0
train,DAPP::DAppSCAN-source/contracts/Inspex-CakeMaxi/bsc-alpaca-contract-20c4c545a0323b71d2969fd79db8316e60bc7d76::CakeMaxiWorker,DAPP,DAppSCAN-source/contracts/Inspex-CakeMaxi/bsc-alpaca-contract-20c4c545a0323b71d2969fd79db8316e60bc7d76,CakeMaxiWorker,1,1,9,10,3,57,0,0
train,DAPP::DAppSCAN-source/contracts/Hacken-Powerbomb-V1/powerbomb-lite-0f86ff1eecdd723be733a9b33ff4ffa3bbdadcee::PowerBombAvaxCurve,DAPP,DAppSCAN-source/contracts/Hacken-Powerbomb-V1/powerbomb-lite-0f86ff1eecdd723be733a9b33ff4ffa3bbdadcee,PowerBombAvaxCurve,1,1,8,9,0,30,0,0
train,DAPP::DAppSCAN-source/contracts/Hacken-Powerbomb-V1/powerbomb-lite-0f86ff1eecdd723be733a9b33ff4ffa3bbdadcee::PowerBombR,DAPP,DAppSCAN-source/contracts/Hacken-Powerbomb-V1/powerbomb-lite-0f86ff1eecdd723be733a9b33ff4ffa3bbdadcee,PowerBombR,0,0,9,9,0,54,0,0
train,DAPP::DAppSCAN-source/contracts/Hacken-Powerbomb-V1/powerbomb-lite-0f86ff1eecdd723be733a9b33ff4ffa3bbdadcee::PowerBomb,DAPP,DAppSCAN-source/contracts/Hacken-Powerbomb-V1/powerbomb-lite-0f86ff1eecdd723be733a9b33ff4ffa3bbdadcee,PowerBomb,0,0,9,9,0,44,0,0
train,DAPP::DAppSCAN-source/contracts/Hacken-Powerbomb-V1/powerbomb-lite-0f86ff1eecdd723be733a9b33ff4ffa3bbdadcee::PowerBombFtmCurveGeist,DAPP,DAppSCAN-source/contracts/Hacken-Powerbomb-V1/powerbomb-lite-0f86ff1eecdd723be733a9b33ff4ffa3bbdadcee,PowerBombFtmCurveGeist,0,0,10,10,0,35,0,0
train,DAPP::DAppSCAN-source/contracts/Hacken-Powerbomb-V1/powerbomb-lite-0f86ff1eecdd723be733a9b33ff4ffa3bbdadcee::PowerBombHelper,DAPP,DAppSCAN-source/contracts/Hacken-Powerbomb-V1/powerbomb-lite-0f86ff1eecdd723be733a9b33ff4ffa3bbdadcee,PowerBombHelper,0,0,6,6,0,15,0,0
train,DAPP::DAppSCAN-source/contracts/Hacken-Powerbomb-V1/powerbomb-lite-0f86ff1eecdd723be733a9b33ff4ffa3bbdadcee::PowerBombAvaxCurve33,DAPP,DAppSCAN-source/contracts/Hacken-Powerbomb-V1/powerbomb-lite-0f86ff1eecdd723be733a9b33ff4ffa3bbdadcee,PowerBombAvaxCurve33,0,0,10,10,0,39,4,1
train,DAPP::DAppSCAN-source/contracts/Hacken-Powerbomb-V1/powerbomb-lite-0f86ff1eecdd723be733a9b33ff4ffa3bbdadcee::PowerBombOneCurve,DAPP,DAppSCAN-source/contracts/Hacken-Powerbomb-V1/powerbomb-lite-0f86ff1eecdd723be733a9b33ff4ffa3bbdadcee,PowerBombOneCurve,0,0,9,9,0,35,0,0
train,DAPP::DAppSCAN-source/contracts/PeckShield-DarkCrypto/darkcrypto-contracts-fee5be8d36459aebed2b84e6493875b3dc0366fd::Timelock,DAPP,DAppSCAN-source/contracts/PeckShield-DarkCrypto/darkcrypto-contracts-fee5be8d36459aebed2b84e6493875b3dc0366fd,Timelock,0,0,1,1,0,0,0,0
train,DAPP::DAppSCAN-source/contracts/PeckShield-DarkCrypto/darkcrypto-contracts-fee5be8d36459aebed2b84e6493875b3dc0366fd::DarkTaxOracle,DAPP,DAppSCAN-source/contracts/PeckShield-DarkCrypto/darkcrypto-contracts-fee5be8d36459aebed2b84e6493875b3dc0366fd,DarkTaxOracle,0,0,1,1,0,0,0,0
train,DAPP::DAppSCAN-source/contracts/PeckShield-DarkCrypto/darkcrypto-contracts-fee5be8d36459aebed2b84e6493875b3dc0366fd::Treasury,DAPP,DAppSCAN-source/contracts/PeckShield-DarkCrypto/darkcrypto-contracts-fee5be8d36459aebed2b84e6493875b3dc0366fd,Treasury,0,0,19,19,4,142,0,0
train,DAPP::DAppSCAN-source/contracts/PeckShield-DarkCrypto/darkcrypto-contracts-fee5be8d36459aebed2b84e6493875b3dc0366fd::Boardroom,DAPP,DAppSCAN-source/contracts/PeckShield-DarkCrypto/darkcrypto-contracts-fee5be8d36459aebed2b84e6493875b3dc0366fd,Boardroom,0,0,12,12,2,62,5,0
train,DAPP::DAppSCAN-source/contracts/PeckShield-DarkCrypto/darkcrypto-contracts-fee5be8d36459aebed2b84e6493875b3dc0366fd::TaxOffice,DAPP,DAppSCAN-source/contracts/PeckShield-DarkCrypto/darkcrypto-contracts-fee5be8d36459aebed2b84e6493875b3dc0366fd,TaxOffice,0,0,15,15,0,120,0,0
train,DAPP::DAppSCAN-source/contracts/PeckShield-DarkCrypto/darkcrypto-contracts-fee5be8d36459aebed2b84e6493875b3dc0366fd::Oracle,DAPP,DAppSCAN-source/contracts/PeckShield-DarkCrypto/darkcrypto-contracts-fee5be8d36459aebed2b84e6493875b3dc0366fd,Oracle,0,0,3,3,0,4,0,0
train,DAPP::DAppSCAN-source/contracts/PeckShield-DarkCrypto/darkcrypto-contracts-fee5be8d36459aebed2b84e6493875b3dc0366fd::DarkCrypto,DAPP,DAppSCAN-source/contracts/PeckShield-DarkCrypto/darkcrypto-contracts-fee5be8d36459aebed2b84e6493875b3dc0366fd,DarkCrypto,0,0,1,1,0,0,0,0
train,DAPP::DAppSCAN-source/contracts/PeckShield-DarkCrypto/darkcrypto-contracts-fee5be8d36459aebed2b84e6493875b3dc0366fd::ShareWrapper,DAPP,DAppSCAN-source/contracts/PeckShield-DarkCrypto/darkcrypto-contracts-fee5be8d36459aebed2b84e6493875b3dc0366fd,ShareWrapper,0,0,2,2,0,1,0,0
train,DAPP::DAppSCAN-source/contracts/PeckShield-DarkCrypto/darkcrypto-contracts-fee5be8d36459aebed2b84e6493875b3dc0366fd::SkyRewardPool,DAPP,DAppSCAN-source/contracts/PeckShield-DarkCrypto/darkcrypto-contracts-fee5be8d36459aebed2b84e6493875b3dc0366fd,SkyRewardPool,1,1,7,8,3,43,0,0
train,DAPP::DAppSCAN-source/contracts/PeckShield-DarkCrypto/darkcrypto-contracts-fee5be8d36459aebed2b84e6493875b3dc0366fd::DarkRewardPool,DAPP,DAppSCAN-source/contracts/PeckShield-DarkCrypto/darkcrypto-contracts-fee5be8d36459aebed2b84e6493875b3dc0366fd,DarkRewardPool,0,0,9,9,2,51,5,0
train,DAPP::DAppSCAN-source/contracts/PeckShield-DarkCrypto/darkcrypto-contracts-fee5be8d36459aebed2b84e6493875b3dc0366fd::MorkDarkCrypto,DAPP,DAppSCAN-source/contracts/PeckShield-DarkCrypto/darkcrypto-contracts-fee5be8d36459aebed2b84e6493875b3dc0366fd,MorkDarkCrypto,0,0,1,1,0,0,0,0
train,DAPP::DAppSCAN-source/contracts/consensys-Skyweaver/Skyweaver-contracts-bde0c184db6168bf86656a48b12d5747950b54d9::SkyweaverCurrencies,DAPP,DAppSCAN-source/contracts/consensys-Skyweaver/Skyweaver-contracts-bde0c184db6168bf86656a48b12d5747950b54d9,SkyweaverCurrencies,0,0,2,2,0,1,0,0
train,DAPP::DAppSCAN-source/contracts/consensys-Skyweaver/Skyweaver-contracts-bde0c184db6168bf86656a48b12d5747950b54d9::SkyweaverAssets,DAPP,DAppSCAN-source/contracts/consensys-Skyweaver/Skyweaver-contracts-bde0c184db6168bf86656a48b12d5747950b54d9,SkyweaverAssets,0,0,2,2,0,1,0,0
train,DAPP::DAppSCAN-source/contracts/consensys-Skyweaver/Skyweaver-contracts-bde0c184db6168bf86656a48b12d5747950b54d9::Migrations,DAPP,DAppSCAN-source/contracts/consensys-Skyweaver/Skyweaver-contracts-bde0c184db6168bf86656a48b12d5747950b54d9,Migrations,0,0,1,1,0,0,0,0
train,DAPP::DAppSCAN-source/contracts/consensys-Skyweaver/Skyweaver-contracts-bde0c184db6168bf86656a48b12d5747950b54d9::EternalHeroesFactory,DAPP,DAppSCAN-source/contracts/consensys-Skyweaver/Skyweaver-contracts-bde0c184db6168bf86656a48b12d5747950b54d9,EternalHeroesFactory,1,1,5,6,0,18,0,0
train,DAPP::DAppSCAN-source/contracts/consensys-Skyweaver/Skyweaver-contracts-bde0c184db6168bf86656a48b12d5747950b54d9::WeaveFactory,DAPP,DAppSCAN-source/contracts/consensys-Skyweaver/Skyweaver-contracts-bde0c184db6168bf86656a48b12d5747950b54d9,WeaveFactory,0,0,1,1,0,0,0,0
train,DAPP::DAppSCAN-source/contracts/consensys-Skyweaver/Skyweaver-contracts-bde0c184db6168bf86656a48b12d5747950b54d9::SWSupplyManager,DAPP,DAppSCAN-source/contracts/consensys-Skyweaver/Skyweaver-contracts-bde0c184db6168bf86656a48b12d5747950b54d9,SWSupplyManager,0,0,2,2,0,1,0,0
train,DAPP::DAppSCAN-source/contracts/consensys-Skyweaver/Skyweaver-contracts-bde0c184db6168bf86656a48b12d5747950b54d9::GoldCardsFactory,DAPP,DAppSCAN-source/contracts/consensys-Skyweaver/Skyweaver-contracts-bde0c184db6168bf86656a48b12d5747950b54d9,GoldCardsFactory,0,0,3,3,1,8,0,0
train,DAPP::DAppSCAN-source/contracts/consensys-Skyweaver/Skyweaver-contracts-bde0c184db6168bf86656a48b12d5747950b54d9::SilverCardsFactory,DAPP,DAppSCAN-source/contracts/consensys-Skyweaver/Skyweaver-contracts-bde0c184db6168bf86656a48b12d5747950b54d9,SilverCardsFactory,0,0,2,2,0,2,0,0
train,DAPP::DAppSCAN-source/contracts/Hacken-Ground Zero/code::IDO,DAPP,DAppSCAN-source/contracts/Hacken-Ground Zero/code,IDO,1,2,2,4,0,6,0,0
train,DAPP::DAppSCAN-source/contracts/QuillAudits-coalichain/CoaliSC-3f0920d650467279f7ceee08776bd74ecadd3237::Main,DAPP,DAppSCAN-source/contracts/QuillAudits-coalichain/CoaliSC-3f0920d650467279f7ceee08776bd74ecadd3237,Main,1,1,1,2,0,2,0,0
train,DAPP::DAppSCAN-source/contracts/QuillAudits-coalichain/CoaliSC-3f0920d650467279f7ceee08776bd74ecadd3237::Voting,DAPP,DAppSCAN-source/contracts/QuillAudits-coalichain/CoaliSC-3f0920d650467279f7ceee08776bd74ecadd3237,Voting,0,0,3,3,1,10,0,0
train,DAPP::DAppSCAN-source/contracts/ImmuneBytes-Bird Money(MasterChef)-Audit Report/bird-farm-contracts-dfd2502b73c8f54c9081682c3eb070fcd3c00629::MasterChef,DAPP,DAppSCAN-source/contracts/ImmuneBytes-Bird Money(MasterChef)-Audit Report/bird-farm-contracts-dfd2502b73c8f54c9081682c3eb070fcd3c00629,MasterChef,1,2,6,8,2,27,0,0
train,DAPP::DAppSCAN-source/contracts/PepperSec-Aira-Robonomic/robonomics_contracts-cc35a91de187072214d215262d8371f0159c2498::Migrations,DAPP,DAppSCAN-source/contracts/PepperSec-Aira-Robonomic/robonomics_contracts-cc35a91de187072214d215262d8371f0159c2498,Migrations,0,0,1,1,0,0,0,0
train,DAPP::DAppSCAN-source/contracts/PepperSec-Aira-Robonomic/robonomics_contracts-cc35a91de187072214d215262d8371f0159c2498::Ambix,DAPP,DAppSCAN-source/contracts/PepperSec-Aira-Robonomic/robonomics_contracts-cc35a91de187072214d215262d8371f0159c2498,Ambix,0,0,1,1,0,0,0,0
train,DAPP::DAppSCAN-source/contracts/PepperSec-Aira-Robonomic/robonomics_contracts-cc35a91de187072214d215262d8371f0159c2498::LiabilityFactory,DAPP,DAppSCAN-source/contracts/PepperSec-Aira-Robonomic/robonomics_contracts-cc35a91de187072214d215262d8371f0159c2498,LiabilityFactory,0,0,3,3,2,5,0,0
train,DAPP::DAppSCAN-source/contracts/PepperSec-Aira-Robonomic/robonomics_contracts-cc35a91de187072214d215262d8371f0159c2498::RobotLiabilityLib,DAPP,DAppSCAN-source/contracts/PepperSec-Aira-Robonomic/robonomics_contracts-cc35a91de187072214d215262d8371f0159c2498,RobotLiabilityLib,1,1,0,1,0,0,0,0
train,DAPP::DAppSCAN-source/contracts/PepperSec-Aira-Robonomic/robonomics_contracts-cc35a91de187072214d215262d8371f0159c2498::LighthouseLib,DAPP,DAppSCAN-source/contracts/PepperSec-Aira-Robonomic/robonomics_contracts-cc35a91de187072214d215262d8371f0159c2498,LighthouseLib,1,1,1,2,1,3,0,0
train,DAPP::DAppSCAN-source/contracts/PepperSec-Aira-Robonomic/robonomics_contracts-cc35a91de187072214d215262d8371f0159c2498::DutchAuction,DAPP,DAppSCAN-source/contracts/PepperSec-Aira-Robonomic/robonomics_contracts-cc35a91de187072214d215262d8371f0159c2498,DutchAuction,0,0,4,4,2,15,0,0
train,DAPP::DAppSCAN-source/contracts/PeckShield-BabySwap/code::Timelock,DAPP,DAppSCAN-source/contracts/PeckShield-BabySwap/code,Timelock,0,0,1,1,0,0,0,0
train,DAPP::DAppSCAN-source/contracts/PeckShield-BabySwap/code::ReBuy,DAPP,DAppSCAN-source/contracts/PeckShield-BabySwap/code,ReBuy,0,0,2,2,0,2,0,0
train,DAPP::DAppSCAN-source/contracts/PeckShield-BabySwap/code::IDO,DAPP,DAppSCAN-source/contracts/PeckShield-BabySwap/code,IDO,0,0,6,6,0,19,5,0
train,DAPP::DAppSCAN-source/contracts/PeckShield-BabySwap/code::WBNB,DAPP,DAppSCAN-source/contracts/PeckShield-BabySwap/code,WBNB,0,0,1,1,0,0,0,0
train,DAPP::DAppSCAN-source/contracts/PeckShield-BabySwap/code::TokenLocker,DAPP,DAppSCAN-source/contracts/PeckShield-BabySwap/code,TokenLocker,0,0,2,2,0,3,0,0
train,DAPP::DAppSCAN-source/contracts/PeckShield-BabySwap/code::BabyPair,DAPP,DAppSCAN-source/contracts/PeckShield-BabySwap/code,BabyPair,0,0,8,8,3,57,0,0
train,DAPP::DAppSCAN-source/contracts/PeckShield-BabySwap/code::BabySwapFee,DAPP,DAppSCAN-source/contracts/PeckShield-BabySwap/code,BabySwapFee,0,0,5,5,0,12,0,0
train,DAPP::DAppSCAN-source/contracts/PeckShield-BabySwap/code::BabyFactory,DAPP,DAppSCAN-source/contracts/PeckShield-BabySwap/code,BabyFactory,0,0,1,1,0,0,0,0
train,DAPP::DAppSCAN-source/contracts/PeckShield-BabySwap/code::AutoBabyPool,DAPP,DAppSCAN-source/contracts/PeckShield-BabySwap/code,AutoBabyPool,0,0,10,10,0,55,0,0
train,DAPP::DAppSCAN-source/contracts/PeckShield-BabySwap/code::MasterChef,DAPP,DAppSCAN-source/contracts/PeckShield-BabySwap/code,MasterChef,1,1,11,12,3,83,0,0
train,DAPP::DAppSCAN-source/contracts/PeckShield-BabySwap/code::NFTFarm,DAPP,DAppSCAN-source/contracts/PeckShield-BabySwap/code,NFTFarm,0,0,8,8,0,17,0,0
train,DAPP::DAppSCAN-source/contracts/PeckShield-BabySwap/code::HoldStake,DAPP,DAppSCAN-source/contracts/PeckShield-BabySwap/code,HoldStake,0,0,5,5,0,11,0,0
train,DAPP::DAppSCAN-source/contracts/PeckShield-BabySwap/code::SyrupBar,DAPP,DAppSCAN-source/contracts/PeckShield-BabySwap/code,SyrupBar,0,0,1,1,0,0,0,0
train,DAPP::DAppSCAN-source/contracts/PeckShield-BabySwap/code::SmartChefInitializable,DAPP,DAppSCAN-source/contracts/PeckShield-BabySwap/code,SmartChefInitializable,0,0,8,8,2,42,5,0
train,DAPP::DAppSCAN-source/contracts/PeckShield-BabySwap/code::MasterChefTimelock,DAPP,DAppSCAN-source/contracts/PeckShield-BabySwap/code,MasterChefTimelock,0,0,6,6,0,10,0,0
train,DAPP::DAppSCAN-source/contracts/PeckShield-BabySwap/code::Bottle,DAPP,DAppSCAN-source/contracts/PeckShield-BabySwap/code,Bottle,0,0,5,5,0,19,0,0
train,DAPP::DAppSCAN-source/contracts/PeckShield-BabySwap/code::SwapMining,DAPP,DAppSCAN-source/contracts/PeckShield-BabySwap/code,SwapMining,0,0,8,8,6,45,0,0
train,DAPP::DAppSCAN-source/contracts/PeckShield-BabySwap/code::SousChef,DAPP,DAppSCAN-source/contracts/PeckShield-BabySwap/code,SousChef,0,0,5,5,1,23,0,0
train,DAPP::DAppSCAN-source/contracts/PeckShield-BabySwap/code::Oracle,DAPP,DAppSCAN-source/contracts/PeckShield-BabySwap/code,Oracle,0,0,2,2,0,2,0,0
train,DAPP::DAppSCAN-source/contracts/PeckShield-BabySwap/code::LotteryRewardPool,DAPP,DAppSCAN-source/contracts/PeckShield-BabySwap/code,LotteryRewardPool,0,0,4,4,0,6,0,0
train,DAPP::DAppSCAN-source/contracts/PeckShield-BabySwap/code::BnbStaking,DAPP,DAppSCAN-source/contracts/PeckShield-BabySwap/code,BnbStaking,0,0,6,6,1,26,0,0
train,DAPP::DAppSCAN-source/contracts/PeckShield-BabySwap/code::ILO,DAPP,DAppSCAN-source/contracts/PeckShield-BabySwap/code,ILO,0,0,5,5,0,12,0,0
train,DAPP::DAppSCAN-source/contracts/PeckShield-BabySwap/code::BabyRouter01,DAPP,DAppSCAN-source/contracts/PeckShield-BabySwap/code,BabyRouter01,0,0,16,16,0,209,10,0
train,DAPP::DAppSCAN-source/contracts/PeckShield-BabySwap/code::BabyRouter,DAPP,DAppSCAN-source/contracts/PeckShield-BabySwap/code,BabyRouter,0,0,22,22,0,397,14,0
train,DAPP::DAppSCAN-source/contracts/PeckShield-Atlantis/atlantis-protocol-bsc-766acebba9316eced1c15abf6158b31f470a947f::ComptrollerG5,DAPP,DAppSCAN-source/contracts/PeckShield-Atlantis/atlantis-protocol-bsc-766acebba9316eced1c15abf6158b31f470a947f,ComptrollerG5,0,0,17,17,2,102,0,0
train,DAPP::DAppSCAN-source/contracts/PeckShield-Atlantis/atlantis-protocol-bsc-766acebba9316eced1c15abf6158b31f470a947f::Reservoir,DAPP,DAppSCAN-source/contracts/PeckShield-Atlantis/atlantis-protocol-bsc-766acebba9316eced1c15abf6158b31f470a947f,Reservoir,0,0,1,1,0,0,0,0
train,DAPP::DAppSCAN-source/contracts/PeckShield-Atlantis/atlantis-protocol-bsc-766acebba9316eced1c15abf6158b31f470a947f::ABNB,DAPP,DAppSCAN-source/contracts/PeckShield-Atlantis/atlantis-protocol-bsc-766acebba9316eced1c15abf6158b31f470a947f,ABNB,0,0,11,11,2,54,0,0
train,DAPP::DAppSCAN-source/contracts/PeckShield-Atlantis/atlantis-protocol-bsc-766acebba9316eced1c15abf6158b31f470a947f::ABep20Immutable,DAPP,DAppSCAN-source/contracts/PeckShield-Atlantis/atlantis-protocol-bsc-766acebba9316eced1c15abf6158b31f470a947f,ABep20Immutable,0,0,17,17,2,92,0,0
train,DAPP::DAppSCAN-source/contracts/PeckShield-Atlantis/atlantis-protocol-bsc-766acebba9316eced1c15abf6158b31f470a947f::AtlantisPriceOracle,DAPP,DAppSCAN-source/contracts/PeckShield-Atlantis/atlantis-protocol-bsc-766acebba9316eced1c15abf6158b31f470a947f,AtlantisPriceOracle,0,0,2,2,0,2,0,0
train,DAPP::DAppSCAN-source/contracts/PeckShield-Atlantis/atlantis-protocol-bsc-766acebba9316eced1c15abf6158b31f470a947f::ABep20,DAPP,DAppSCAN-source/contracts/PeckShield-Atlantis/atlantis-protocol-bsc-766acebba9316eced1c15abf6158b31f470a947f,ABep20,0,0,17,17,2,92,0,0
train,DAPP::DAppSCAN-source/contracts/PeckShield-Atlantis/atlantis-protocol-bsc-766acebba9316eced1c15abf6158b31f470a947f::ComptrollerG2,DAPP,DAppSCAN-source/contracts/PeckShield-Atlantis/atlantis-protocol-bsc-766acebba9316eced1c15abf6158b31f470a947f,ComptrollerG2,0,0,9,9,1,33,0,0
train,DAPP::DAppSCAN-source/contracts/PeckShield-Atlantis/atlantis-protocol-bsc-766acebba9316eced1c15abf6158b31f470a947f::AtlantisChainlinkOracle,DAPP,DAppSCAN-source/contracts/PeckShield-Atlantis/atlantis-protocol-bsc-766acebba9316eced1c15abf6158b31f470a947f,AtlantisChainlinkOracle,0,0,3,3,1,10,0,0
train,DAPP::DAppSCAN-source/contracts/PeckShield-Atlantis/atlantis-protocol-bsc-766acebba9316eced1c15abf6158b31f470a947f::Comptroller,DAPP,DAppSCAN-source/contracts/PeckShield-Atlantis/atlantis-protocol-bsc-766acebba9316eced1c15abf6158b31f470a947f,Comptroller,0,0,18,18,4,107,0,0
train,DAPP::DAppSCAN-source/contracts/PeckShield-Atlantis/atlantis-protocol-bsc-766acebba9316eced1c15abf6158b31f470a947f::ComptrollerG3,DAPP,DAppSCAN-source/contracts/PeckShield-Atlantis/atlantis-protocol-bsc-766acebba9316eced1c15abf6158b31f470a947f,ComptrollerG3,0,0,17,17,2,101,0,0
train,DAPP::DAppSCAN-source/contracts/PeckShield-Atlantis/atlantis-protocol-bsc-766acebba9316eced1c15abf6158b31f470a947f::ComptrollerG7,DAPP,DAppSCAN-source/contracts/PeckShield-Atlantis/atlantis-protocol-bsc-766acebba9316eced1c15abf6158b31f470a947f,ComptrollerG7,0,0,17,17,2,101,0,0
train,DAPP::DAppSCAN-source/contracts/PeckShield-Atlantis/atlantis-protocol-bsc-766acebba9316eced1c15abf6158b31f470a947f::SimplePriceOracle,DAPP,DAppSCAN-source/contracts/PeckShield-Atlantis/atlantis-protocol-bsc-766acebba9316eced1c15abf6158b31f470a947f,SimplePriceOracle,0,0,2,2,0,2,0,0
train,DAPP::DAppSCAN-source/contracts/PeckShield-Atlantis/atlantis-protocol-bsc-766acebba9316eced1c15abf6158b31f470a947f::ComptrollerG4,DAPP,DAppSCAN-source/contracts/PeckShield-Atlantis/atlantis-protocol-bsc-766acebba9316eced1c15abf6158b31f470a947f,ComptrollerG4,0,0,17,17,2,101,0,0
train,DAPP::DAppSCAN-source/contracts/PeckShield-Atlantis/atlantis-protocol-bsc-766acebba9316eced1c15abf6158b31f470a947f::ComptrollerG1,DAPP,DAppSCAN-source/contracts/PeckShield-Atlantis/atlantis-protocol-bsc-766acebba9316eced1c15abf6158b31f470a947f,ComptrollerG1,0,0,9,9,1,31,0,0
train,DAPP::DAppSCAN-source/contracts/PeckShield-Atlantis/atlantis-protocol-bsc-766acebba9316eced1c15abf6158b31f470a947f::ComptrollerG6,DAPP,DAppSCAN-source/contracts/PeckShield-Atlantis/atlantis-protocol-bsc-766acebba9316eced1c15abf6158b31f470a947f,ComptrollerG6,0,0,17,17,2,102,0,0
train,DAPP::DAppSCAN-source/contracts/PeckShield-Atlantis/atlantis-protocol-bsc-766acebba9316eced1c15abf6158b31f470a947f::AToken,DAPP,DAppSCAN-source/contracts/PeckShield-Atlantis/atlantis-protocol-bsc-766acebba9316eced1c15abf6158b31f470a947f,AToken,1,1,11,12,2,67,0,0
train,DAPP::DAppSCAN-source/contracts/PeckShield-Atlantis/atlantis-protocol-bsc-766acebba9316eced1c15abf6158b31f470a947f::DAIInterestRateModelV3,DAPP,DAppSCAN-source/contracts/PeckShield-Atlantis/atlantis-protocol-bsc-766acebba9316eced1c15abf6158b31f470a947f,DAIInterestRateModelV3,0,0,2,2,0,2,0,0
train,DAPP::DAppSCAN-source/contracts/PeckShield-Atlantis/atlantis-protocol-bsc-766acebba9316eced1c15abf6158b31f470a947f::ADaiDelegate,DAPP,DAppSCAN-source/contracts/PeckShield-Atlantis/atlantis-protocol-bsc-766acebba9316eced1c15abf6158b31f470a947f,ADaiDelegate,0,0,19,19,2,98,0,0
train,DAPP::DAppSCAN-source/contracts/PeckShield-Atlantis/atlantis-protocol-bsc-766acebba9316eced1c15abf6158b31f470a947f::ABep20Delegate,DAPP,DAppSCAN-source/contracts/PeckShield-Atlantis/atlantis-protocol-bsc-766acebba9316eced1c15abf6158b31f470a947f,ABep20Delegate,0,0,17,17,2,92,0,0
train,DAPP::DAppSCAN-source/contracts/PeckShield-Atlantis/atlantis-protocol-bsc-766acebba9316eced1c15abf6158b31f470a947f::ComptrollerScenarioG2,DAPP,DAppSCAN-source/contracts/PeckShield-Atlantis/atlantis-protocol-bsc-766acebba9316eced1c15abf6158b31f470a947f,ComptrollerScenarioG2,0,0,9,9,1,33,0,0
train,DAPP::DAppSCAN-source/contracts/PeckShield-Atlantis/atlantis-protocol-bsc-766acebba9316eced1c15abf6158b31f470a947f::ComptrollerKovan,DAPP,DAppSCAN-source/contracts/PeckShield-Atlantis/atlantis-protocol-bsc-766acebba9316eced1c15abf6158b31f470a947f,ComptrollerKovan,0,0,18,18,4,107,0,0
train,DAPP::DAppSCAN-source/contracts/PeckShield-Atlantis/atlantis-protocol-bsc-766acebba9316eced1c15abf6158b31f470a947f::ComptrollerRopsten,DAPP,DAppSCAN-source/contracts/PeckShield-Atlantis/atlantis-protocol-bsc-766acebba9316eced1c15abf6158b31f470a947f,ComptrollerRopsten,0,0,18,18,4,107,0,0
train,DAPP::DAppSCAN-source/contracts/PeckShield-Atlantis/atlantis-protocol-bsc-766acebba9316eced1c15abf6158b31f470a947f::ComptrollerScenarioG4,DAPP,DAppSCAN-source/contracts/PeckShield-Atlantis/atlantis-protocol-bsc-766acebba9316eced1c15abf6158b31f470a947f,ComptrollerScenarioG4,0,0,17,17,2,101,0,0
train,DAPP::DAppSCAN-source/contracts/PeckShield-Atlantis/atlantis-protocol-bsc-766acebba9316eced1c15abf6158b31f470a947f::ABep20Scenario,DAPP,DAppSCAN-source/contracts/PeckShield-Atlantis/atlantis-protocol-bsc-766acebba9316eced1c15abf6158b31f470a947f,ABep20Scenario,0,0,18,18,2,111,0,0
train,DAPP::DAppSCAN-source/contracts/PeckShield-Atlantis/atlantis-protocol-bsc-766acebba9316eced1c15abf6158b31f470a947f::CEvil,DAPP,DAppSCAN-source/contracts/PeckShield-Atlantis/atlantis-protocol-bsc-766acebba9316eced1c15abf6158b31f470a947f,CEvil,0,0,18,18,2,111,0,0
train,DAPP::DAppSCAN-source/contracts/PeckShield-Atlantis/atlantis-protocol-bsc-766acebba9316eced1c15abf6158b31f470a947f::ABep20DelegateScenario,DAPP,DAppSCAN-source/contracts/PeckShield-Atlantis/atlantis-protocol-bsc-766acebba9316eced1c15abf6158b31f470a947f,ABep20DelegateScenario,0,0,18,18,2,111,0,0
train,DAPP::DAppSCAN-source/contracts/PeckShield-Atlantis/atlantis-protocol-bsc-766acebba9316eced1c15abf6158b31f470a947f::ABep20DelegateScenarioExtra,DAPP,DAppSCAN-source/contracts/PeckShield-Atlantis/atlantis-protocol-bsc-766acebba9316eced1c15abf6158b31f470a947f,ABep20DelegateScenarioExtra,0,0,18,18,2,111,0,0
train,DAPP::DAppSCAN-source/contracts/PeckShield-Atlantis/atlantis-protocol-bsc-766acebba9316eced1c15abf6158b31f470a947f::ADaiDelegateScenario,DAPP,DAppSCAN-source/contracts/PeckShield-Atlantis/atlantis-protocol-bsc-766acebba9316eced1c15abf6158b31f470a947f,ADaiDelegateScenario,0,0,20,20,2,115,0,0
train,DAPP::DAppSCAN-source/contracts/PeckShield-Atlantis/atlantis-protocol-bsc-766acebba9316eced1c15abf6158b31f470a947f::PriceOracleProxy,DAPP,DAppSCAN-source/contracts/PeckShield-Atlantis/atlantis-protocol-bsc-766acebba9316eced1c15abf6158b31f470a947f,PriceOracleProxy,0,0,1,1,0,0,0,0
train,DAPP::DAppSCAN-source/contracts/PeckShield-Atlantis/atlantis-protocol-bsc-766acebba9316eced1c15abf6158b31f470a947f::CanReclaimToken,DAPP,DAppSCAN-source/contracts/PeckShield-Atlantis/atlantis-protocol-bsc-766acebba9316eced1c15abf6158b31f470a947f,CanReclaimToken,0,0,1,1,0,0,0,0
train,DAPP::DAppSCAN-source/contracts/PeckShield-Atlantis/atlantis-protocol-bsc-766acebba9316eced1c15abf6158b31f470a947f::OwnableContract,DAPP,DAppSCAN-source/contracts/PeckShield-Atlantis/atlantis-protocol-bsc-766acebba9316eced1c15abf6158b31f470a947f,OwnableContract,0,0,1,1,0,0,0,0
train,DAPP::DAppSCAN-source/contracts/PeckShield-Atlantis/atlantis-protocol-bsc-766acebba9316eced1c15abf6158b31f470a947f::WBTAToken,DAPP,DAppSCAN-source/contracts/PeckShield-Atlantis/atlantis-protocol-bsc-766acebba9316eced1c15abf6158b31f470a947f,WBTAToken,0,0,1,1,0,0,0,0
train,DAPP::DAppSCAN-source/contracts/PeckShield-Atlantis/atlantis-protocol-bsc-766acebba9316eced1c15abf6158b31f470a947f::ComptrollerScenarioG1,DAPP,DAppSCAN-source/contracts/PeckShield-Atlantis/atlantis-protocol-bsc-766acebba9316eced1c15abf6158b31f470a947f,ComptrollerScenarioG1,0,0,8,8,1,30,0,0
train,DAPP::DAppSCAN-source/contracts/PeckShield-Atlantis/atlantis-protocol-bsc-766acebba9316eced1c15abf6158b31f470a947f::ABNBScenario,DAPP,DAppSCAN-source/contracts/PeckShield-Atlantis/atlantis-protocol-bsc-766acebba9316eced1c15abf6158b31f470a947f,ABNBScenario,0,0,12,12,2,73,0,0
train,DAPP::DAppSCAN-source/contracts/PeckShield-Atlantis/atlantis-protocol-bsc-766acebba9316eced1c15abf6158b31f470a947f::ComptrollerScenarioG6,DAPP,DAppSCAN-source/contracts/PeckShield-Atlantis/atlantis-protocol-bsc-766acebba9316eced1c15abf6158b31f470a947f,ComptrollerScenarioG6,0,0,17,17,3,106,0,0
train,DAPP::DAppSCAN-source/contracts/PeckShield-Atlantis/atlantis-protocol-bsc-766acebba9316eced1c15abf6158b31f470a947f::GovernorBravoImmutable,DAPP,DAppSCAN-source/contracts/PeckShield-Atlantis/atlantis-protocol-bsc-766acebba9316eced1c15abf6158b31f470a947f,GovernorBravoImmutable,0,0,7,7,0,32,0,0
train,DAPP::DAppSCAN-source/contracts/PeckShield-Atlantis/atlantis-protocol-bsc-766acebba9316eced1c15abf6158b31f470a947f::ComptrollerScenarioG5,DAPP,DAppSCAN-source/contracts/PeckShield-Atlantis/atlantis-protocol-bsc-766acebba9316eced1c15abf6158b31f470a947f,ComptrollerScenarioG5,0,0,17,17,3,106,0,0
train,DAPP::DAppSCAN-source/contracts/PeckShield-Atlantis/atlantis-protocol-bsc-766acebba9316eced1c15abf6158b31f470a947f::ComptrollerScenarioG3,DAPP,DAppSCAN-source/contracts/PeckShield-Atlantis/atlantis-protocol-bsc-766acebba9316eced1c15abf6158b31f470a947f,ComptrollerScenarioG3,0,0,17,17,3,105,0,0
train,DAPP::DAppSCAN-source/contracts/PeckShield-Atlantis/atlantis-protocol-bsc-766acebba9316eced1c15abf6158b31f470a947f::ComptrollerScenario,DAPP,DAppSCAN-source/contracts/PeckShield-Atlantis/atlantis-protocol-bsc-766acebba9316eced1c15abf6158b31f470a947f,ComptrollerScenario,0,0,19,19,6,135,0,0
train,DAPP::DAppSCAN-source/contracts/PeckShield-Atlantis/atlantis-protocol-bsc-766acebba9316eced1c15abf6158b31f470a947f::GovernorBravoDelegate,DAPP,DAppSCAN-source/contracts/PeckShield-Atlantis/atlantis-protocol-bsc-766acebba9316eced1c15abf6158b31f470a947f,GovernorBravoDelegate,0,0,8,8,0,38,0,0
train,DAPP::DAppSCAN-source/contracts/PeckShield-Atlantis/atlantis-protocol-bsc-766acebba9316eced1c15abf6158b31f470a947f::GovernorAlpha,DAPP,DAppSCAN-source/contracts/PeckShield-Atlantis/atlantis-protocol-bsc-766acebba9316eced1c15abf6158b31f470a947f,GovernorAlpha,0,0,10,10,0,51,0,0
train,DAPP::DAppSCAN-source/contracts/PeckShield-Atlantis/atlantis-protocol-bsc-766acebba9316eced1c15abf6158b31f470a947f::AtlantisStore,DAPP,DAppSCAN-source/contracts/PeckShield-Atlantis/atlantis-protocol-bsc-766acebba9316eced1c15abf6158b31f470a947f,AtlantisStore,0,0,3,3,0,5,0,0
train,DAPP::DAppSCAN-source/contracts/PeckShield-Atlantis/atlantis-protocol-bsc-766acebba9316eced1c15abf6158b31f470a947f::Vault,DAPP,DAppSCAN-source/contracts/PeckShield-Atlantis/atlantis-protocol-bsc-766acebba9316eced1c15abf6158b31f470a947f,Vault,0,0,7,7,0,22,0,0
train,DAPP::DAppSCAN-source/contracts/PeckShield-Atlantis/atlantis-protocol-bsc-766acebba9316eced1c15abf6158b31f470a947f::ABNBCertora,DAPP,DAppSCAN-source/contracts/PeckShield-Atlantis/atlantis-protocol-bsc-766acebba9316eced1c15abf6158b31f470a947f,ABNBCertora,0,0,11,11,2,54,0,0
train,DAPP::DAppSCAN-source/contracts/PeckShield-Atlantis/atlantis-protocol-bsc-766acebba9316eced1c15abf6158b31f470a947f::ADaiDelegateCertora,DAPP,DAppSCAN-source/contracts/PeckShield-Atlantis/atlantis-protocol-bsc-766acebba9316eced1c15abf6158b31f470a947f,ADaiDelegateCertora,0,0,20,20,2,103,0,0
train,DAPP::DAppSCAN-source/contracts/PeckShield-Atlantis/atlantis-protocol-bsc-766acebba9316eced1c15abf6158b31f470a947f::ComptrollerCertora,DAPP,DAppSCAN-source/contracts/PeckShield-Atlantis/atlantis-protocol-bsc-766acebba9316eced1c15abf6158b31f470a947f,ComptrollerCertora,0,0,17,17,5,95,0,0
train,DAPP::DAppSCAN-source/contracts/PeckShield-Atlantis/atlantis-protocol-bsc-766acebba9316eced1c15abf6158b31f470a947f::GovernorAlphaCertora,DAPP,DAppSCAN-source/contracts/PeckShield-Atlantis/atlantis-protocol-bsc-766acebba9316eced1c15abf6158b31f470a947f,GovernorAlphaCertora,0,0,12,12,0,70,0,0
train,DAPP::DAppSCAN-source/contracts/PeckShield-Atlantis/atlantis-protocol-bsc-766acebba9316eced1c15abf6158b31f470a947f::ABep20DelegateCertora,DAPP,DAppSCAN-source/contracts/PeckShield-Atlantis/atlantis-protocol-bsc-766acebba9316eced1c15abf6158b31f470a947f,ABep20DelegateCertora,0,0,17,17,2,92,0,0
train,DAPP::DAppSCAN-source/contracts/PeckShield-Atlantis/atlantis-protocol-bsc-766acebba9316eced1c15abf6158b31f470a947f::ATokenCollateral,DAPP,DAppSCAN-source/contracts/PeckShield-Atlantis/atlantis-protocol-bsc-766acebba9316eced1c15abf6158b31f470a947f,ATokenCollateral,0,0,18,18,2,99,0,0
train,DAPP::DAppSCAN-source/contracts/PeckShield-Atlantis/atlantis-protocol-bsc-766acebba9316eced1c15abf6158b31f470a947f::ABep20DelegatorCertora,DAPP,DAppSCAN-source/contracts/PeckShield-Atlantis/atlantis-protocol-bsc-766acebba9316eced1c15abf6158b31f470a947f,ABep20DelegatorCertora,0,0,10,10,0,37,0,0
train,DAPP::DAppSCAN-source/contracts/PeckShield-Atlantis/atlantis-protocol-bsc-766acebba9316eced1c15abf6158b31f470a947f::MaximillionCertora,DAPP,DAppSCAN-source/contracts/PeckShield-Atlantis/atlantis-protocol-bsc-766acebba9316eced1c15abf6158b31f470a947f,MaximillionCertora,0,0,1,1,0,0,0,0
train,DAPP::DAppSCAN-source/contracts/PeckShield-Atlantis/atlantis-protocol-bsc-766acebba9316eced1c15abf6158b31f470a947f::ABep20ImmutableCertora,DAPP,DAppSCAN-source/contracts/PeckShield-Atlantis/atlantis-protocol-bsc-766acebba9316eced1c15abf6158b31f470a947f,ABep20ImmutableCertora,0,0,27,27,2,154,0,0
train,DAPP::DAppSCAN-source/contracts/PeckShield-Atlantis/atlantis-protocol-bsc-766acebba9316eced1c15abf6158b31f470a947f::GemJoin,DAPP,DAppSCAN-source/contracts/PeckShield-Atlantis/atlantis-protocol-bsc-766acebba9316eced1c15abf6158b31f470a947f,GemJoin,0,0,2,2,0,2,0,0
train,DAPP::DAppSCAN-source/contracts/PeckShield-Atlantis/atlantis-protocol-bsc-766acebba9316eced1c15abf6158b31f470a947f::BNBJoin,DAPP,DAppSCAN-source/contracts/PeckShield-Atlantis/atlantis-protocol-bsc-766acebba9316eced1c15abf6158b31f470a947f,BNBJoin,0,0,2,2,0,2,0,0
train,DAPP::DAppSCAN-source/contracts/PeckShield-Atlantis/atlantis-protocol-bsc-766acebba9316eced1c15abf6158b31f470a947f::DaiJoin,DAPP,DAppSCAN-source/contracts/PeckShield-Atlantis/atlantis-protocol-bsc-766acebba9316eced1c15abf6158b31f470a947f,DaiJoin,0,0,2,2,0,2,0,0
train,DAPP::DAppSCAN-source/contracts/PeckShield-Atlantis/atlantis-protocol-bsc-766acebba9316eced1c15abf6158b31f470a947f::Pot,DAPP,DAppSCAN-source/contracts/PeckShield-Atlantis/atlantis-protocol-bsc-766acebba9316eced1c15abf6158b31f470a947f,Pot,0,0,3,3,1,6,0,0
train,DAPP::DAppSCAN-source/contracts/Trail_of_Bits-Primitive/rmm-core-5dcf4306fc32fb9a4e3c154deb86f6b9d513c344::PrimitiveEngine,DAPP,DAppSCAN-source/contracts/Trail_of_Bits-Primitive/rmm-core-5dcf4306fc32fb9a4e3c154deb86f6b9d513c344,PrimitiveEngine,1,3,6,9,1,48,0,0
train,DAPP::DAppSCAN-source/contracts/Trail_of_Bits-Primitive/rmm-core-5dcf4306fc32fb9a4e3c154deb86f6b9d513c344::PrimitiveFactory,DAPP,DAppSCAN-source/contracts/Trail_of_Bits-Primitive/rmm-core-5dcf4306fc32fb9a4e3c154deb86f6b9d513c344,PrimitiveFactory,0,0,1,1,0,0,0,0
train,DAPP::DAppSCAN-source/contracts/Trail_of_Bits-Primitive/rmm-core-5dcf4306fc32fb9a4e3c154deb86f6b9d513c344::CumulativeNormalDistribution,DAPP,DAppSCAN-source/contracts/Trail_of_Bits-Primitive/rmm-core-5dcf4306fc32fb9a4e3c154deb86f6b9d513c344,CumulativeNormalDistribution,0,0,2,2,0,0,0,0
train,DAPP::DAppSCAN-source/contracts/Trail_of_Bits-Primitive/rmm-core-5dcf4306fc32fb9a4e3c154deb86f6b9d513c344::ReplicationMath,DAPP,DAppSCAN-source/contracts/Trail_of_Bits-Primitive/rmm-core-5dcf4306fc32fb9a4e3c154deb86f6b9d513c344,ReplicationMath,0,0,1,1,0,0,0,0
train,DAPP::DAppSCAN-source/contracts/Trail_of_Bits-Primitive/rmm-core-5dcf4306fc32fb9a4e3c154deb86f6b9d513c344::TestRouter,DAPP,DAppSCAN-source/contracts/Trail_of_Bits-Primitive/rmm-core-5dcf4306fc32fb9a4e3c154deb86f6b9d513c344,TestRouter,0,0,27,27,1,369,0,0
train,DAPP::DAppSCAN-source/contracts/Trail_of_Bits-Primitive/rmm-core-5dcf4306fc32fb9a4e3c154deb86f6b9d513c344::TestBase,DAPP,DAppSCAN-source/contracts/Trail_of_Bits-Primitive/rmm-core-5dcf4306fc32fb9a4e3c154deb86f6b9d513c344,TestBase,0,0,5,5,1,25,0,0
train,DAPP::DAppSCAN-source/contracts/Trail_of_Bits-Primitive/rmm-core-5dcf4306fc32fb9a4e3c154deb86f6b9d513c344::FactoryDeploy,DAPP,DAppSCAN-source/contracts/Trail_of_Bits-Primitive/rmm-core-5dcf4306fc32fb9a4e3c154deb86f6b9d513c344,FactoryDeploy,0,0,1,1,0,0,0,0
train,DAPP::DAppSCAN-source/contracts/Trail_of_Bits-Primitive/rmm-core-5dcf4306fc32fb9a4e3c154deb86f6b9d513c344::TestReplicationMath,DAPP,DAppSCAN-source/contracts/Trail_of_Bits-Primitive/rmm-core-5dcf4306fc32fb9a4e3c154deb86f6b9d513c344,TestReplicationMath,0,0,3,3,0,4,0,0
train,DAPP::DAppSCAN-source/contracts/Trail_of_Bits-Primitive/rmm-core-5dcf4306fc32fb9a4e3c154deb86f6b9d513c344::TestCalcInvariant,DAPP,DAppSCAN-source/contracts/Trail_of_Bits-Primitive/rmm-core-5dcf4306fc32fb9a4e3c154deb86f6b9d513c344,TestCalcInvariant,0,0,1,1,0,0,0,0
train,DAPP::DAppSCAN-source/contracts/Trail_of_Bits-Primitive/rmm-core-5dcf4306fc32fb9a4e3c154deb86f6b9d513c344::TestReserve,DAPP,DAppSCAN-source/contracts/Trail_of_Bits-Primitive/rmm-core-5dcf4306fc32fb9a4e3c154deb86f6b9d513c344,TestReserve,0,0,5,5,1,18,0,0
train,DAPP::DAppSCAN-source/contracts/Trail_of_Bits-Primitive/rmm-core-5dcf4306fc32fb9a4e3c154deb86f6b9d513c344::TestMargin,DAPP,DAppSCAN-source/contracts/Trail_of_Bits-Primitive/rmm-core-5dcf4306fc32fb9a4e3c154deb86f6b9d513c344,TestMargin,0,0,2,2,0,1,0,0
train,DAPP::DAppSCAN-source/contracts/Trail_of_Bits-Primitive/rmm-core-5dcf4306fc32fb9a4e3c154deb86f6b9d513c344::TestGetStableGivenRisky,DAPP,DAppSCAN-source/contracts/Trail_of_Bits-Primitive/rmm-core-5dcf4306fc32fb9a4e3c154deb86f6b9d513c344,TestGetStableGivenRisky,0,0,1,1,0,0,0,0
train,DAPP::DAppSCAN-source/contracts/Trail_of_Bits-Primitive/rmm-core-5dcf4306fc32fb9a4e3c154deb86f6b9d513c344::TestAllocateCallback,DAPP,DAppSCAN-source/contracts/Trail_of_Bits-Primitive/rmm-core-5dcf4306fc32fb9a4e3c154deb86f6b9d513c344,TestAllocateCallback,0,0,1,1,0,0,0,0
train,DAPP::DAppSCAN-source/contracts/Trail_of_Bits-Primitive/rmm-core-5dcf4306fc32fb9a4e3c154deb86f6b9d513c344::TestDepositCallback,DAPP,DAppSCAN-source/contracts/Trail_of_Bits-Primitive/rmm-core-5dcf4306fc32fb9a4e3c154deb86f6b9d513c344,TestDepositCallback,0,0,1,1,0,0,0,0
train,DAPP::DAppSCAN-source/contracts/Trail_of_Bits-Primitive/rmm-core-5dcf4306fc32fb9a4e3c154deb86f6b9d513c344::TestSwapCallback,DAPP,DAppSCAN-source/contracts/Trail_of_Bits-Primitive/rmm-core-5dcf4306fc32fb9a4e3c154deb86f6b9d513c344,TestSwapCallback,0,0,1,1,0,0,0,0
train,DAPP::DAppSCAN-source/contracts/Trail_of_Bits-OriginDollar/origin-dollar-81431fd3b2aa4c518ffc389844f9708c00b516f0::MixOracle,DAPP,DAppSCAN-source/contracts/Trail_of_Bits-OriginDollar/origin-dollar-81431fd3b2aa4c518ffc389844f9708c00b516f0,MixOracle,0,0,2,2,0,2,0,0
train,DAPP::DAppSCAN-source/contracts/Trail_of_Bits-OriginDollar/origin-dollar-81431fd3b2aa4c518ffc389844f9708c00b516f0::ChainlinkOracle,DAPP,DAppSCAN-source/contracts/Trail_of_Bits-OriginDollar/origin-dollar-81431fd3b2aa4c518ffc389844f9708c00b516f0,ChainlinkOracle,0,0,1,1,0,0,0,0
train,DAPP::DAppSCAN-source/contracts/Trail_of_Bits-OriginDollar/origin-dollar-81431fd3b2aa4c518ffc389844f9708c00b516f0::OpenUniswapOracle,DAPP,DAppSCAN-source/contracts/Trail_of_Bits-OriginDollar/origin-dollar-81431fd3b2aa4c518ffc389844f9708c00b516f0,OpenUniswapOracle,0,0,7,7,1,29,0,0
train,DAPP::DAppSCAN-source/contracts/Trail_of_Bits-OriginDollar/origin-dollar-81431fd3b2aa4c518ffc389844f9708c00b516f0::InitializableAbstractStrategy,DAPP,DAppSCAN-source/contracts/Trail_of_Bits-OriginDollar/origin-dollar-81431fd3b2aa4c518ffc389844f9708c00b516f0,InitializableAbstractStrategy,0,0,1,1,0,0,0,0
train,DAPP::DAppSCAN-source/contracts/Trail_of_Bits-OriginDollar/origin-dollar-81431fd3b2aa4c518ffc389844f9708c00b516f0::RebaseHooks,DAPP,DAppSCAN-source/contracts/Trail_of_Bits-OriginDollar/origin-dollar-81431fd3b2aa4c518ffc389844f9708c00b516f0,RebaseHooks,0,0,1,1,0,0,0,0
train,DAPP::DAppSCAN-source/contracts/Trail_of_Bits-OriginDollar/origin-dollar-81431fd3b2aa4c518ffc389844f9708c00b516f0::OUSD,DAPP,DAppSCAN-source/contracts/Trail_of_Bits-OriginDollar/origin-dollar-81431fd3b2aa4c518ffc389844f9708c00b516f0,OUSD,0,0,1,1,0,0,0,0
train,DAPP::DAppSCAN-source/contracts/Trail_of_Bits-OriginDollar/origin-dollar-81431fd3b2aa4c518ffc389844f9708c00b516f0::Governor,DAPP,DAppSCAN-source/contracts/Trail_of_Bits-OriginDollar/origin-dollar-81431fd3b2aa4c518ffc389844f9708c00b516f0,Governor,1,4,3,7,0,28,0,0
train,DAPP::DAppSCAN-source/contracts/Trail_of_Bits-OriginDollar/origin-dollar-81431fd3b2aa4c518ffc389844f9708c00b516f0::Timelock,DAPP,DAppSCAN-source/contracts/Trail_of_Bits-OriginDollar/origin-dollar-81431fd3b2aa4c518ffc389844f9708c00b516f0,Timelock,0,0,2,2,0,1,0,0
train,DAPP::DAppSCAN-source/contracts/Trail_of_Bits-OriginDollar/origin-dollar-81431fd3b2aa4c518ffc389844f9708c00b516f0::ThreePoolStrategy,DAPP,DAppSCAN-source/contracts/Trail_of_Bits-OriginDollar/origin-dollar-81431fd3b2aa4c518ffc389844f9708c00b516f0,ThreePoolStrategy,0,0,8,8,0,35,0,0
train,DAPP::DAppSCAN-source/contracts/Trail_of_Bits-OriginDollar/origin-dollar-81431fd3b2aa4c518ffc389844f9708c00b516f0::AaveStrategy,DAPP,DAppSCAN-source/contracts/Trail_of_Bits-OriginDollar/origin-dollar-81431fd3b2aa4c518ffc389844f9708c00b516f0,AaveStrategy,0,0,5,5,1,8,0,0
train,DAPP::DAppSCAN-source/contracts/Trail_of_Bits-OriginDollar/origin-dollar-81431fd3b2aa4c518ffc389844f9708c00b516f0::CompoundStrategy,DAPP,DAppSCAN-source/contracts/Trail_of_Bits-OriginDollar/origin-dollar-81431fd3b2aa4c518ffc389844f9708c00b516f0,CompoundStrategy,1,1,2,3,1,4,0,0
train,DAPP::DAppSCAN-source/contracts/Trail_of_Bits-OriginDollar/origin-dollar-81431fd3b2aa4c518ffc389844f9708c00b516f0::VaultCore,DAPP,DAppSCAN-source/contracts/Trail_of_Bits-OriginDollar/origin-dollar-81431fd3b2aa4c518ffc389844f9708c00b516f0,VaultCore,1,4,10,14,2,101,0,0
train,DAPP::DAppSCAN-source/contracts/Trail_of_Bits-OriginDollar/origin-dollar-81431fd3b2aa4c518ffc389844f9708c00b516f0::Vault,DAPP,DAppSCAN-source/contracts/Trail_of_Bits-OriginDollar/origin-dollar-81431fd3b2aa4c518ffc389844f9708c00b516f0,Vault,0,0,3,3,1,4,0,0
train,DAPP::DAppSCAN-source/contracts/Trail_of_Bits-OriginDollar/origin-dollar-81431fd3b2aa4c518ffc389844f9708c00b516f0::VaultAdmin,DAPP,DAppSCAN-source/contracts/Trail_of_Bits-OriginDollar/origin-dollar-81431fd3b2aa4c518ffc389844f9708c00b516f0,VaultAdmin,1,1,2,3,0,2,0,0
train,DAPP::DAppSCAN-source/contracts/Hacken-The Next War/Contracts-334fe81ea7282ac4f768de077c37a7932c0302de::Distribution,DAPP,DAppSCAN-source/contracts/Hacken-The Next War/Contracts-334fe81ea7282ac4f768de077c37a7932c0302de,Distribution,0,0,1,1,0,0,0,0
train,DAPP::DAppSCAN-source/contracts/Hacken-The Next War/Contracts-334fe81ea7282ac4f768de077c37a7932c0302de::Staking,DAPP,DAppSCAN-source/contracts/Hacken-The Next War/Contracts-334fe81ea7282ac4f768de077c37a7932c0302de,Staking,1,2,3,5,2,22,0,0
train,DAPP::DAppSCAN-source/contracts/SlowMist-CFFv2 Smart Contract Security Audit Report/cff-contract-v2-c86bef3f13c7585f547f9cd0ca900f94664e96b7::Migrations,DAPP,DAppSCAN-source/contracts/SlowMist-CFFv2 Smart Contract Security Audit Report/cff-contract-v2-c86bef3f13c7585f547f9cd0ca900f94664e96b7,Migrations,0,0,1,1,0,0,0,0
train,DAPP::DAppSCAN-source/contracts/SlowMist-CFFv2 Smart Contract Security Audit Report/cff-contract-v2-c86bef3f13c7585f547f9cd0ca900f94664e96b7::TokenBank,DAPP,DAppSCAN-source/contracts/SlowMist-CFFv2 Smart Contract Security Audit Report/cff-contract-v2-c86bef3f13c7585f547f9cd0ca900f94664e96b7,TokenBank,0,0,3,3,0,8,0,0
train,DAPP::DAppSCAN-source/contracts/SlowMist-CFFv2 Smart Contract Security Audit Report/cff-contract-v2-c86bef3f13c7585f547f9cd0ca900f94664e96b7::ERC20Base,DAPP,DAppSCAN-source/contracts/SlowMist-CFFv2 Smart Contract Security Audit Report/cff-contract-v2-c86bef3f13c7585f547f9cd0ca900f94664e96b7,ERC20Base,0,0,3,3,0,1,0,0
train,DAPP::DAppSCAN-source/contracts/SlowMist-CFFv2 Smart Contract Security Audit Report/cff-contract-v2-c86bef3f13c7585f547f9cd0ca900f94664e96b7::ERC20Token,DAPP,DAppSCAN-source/contracts/SlowMist-CFFv2 Smart Contract Security Audit Report/cff-contract-v2-c86bef3f13c7585f547f9cd0ca900f94664e96b7,ERC20Token,0,0,4,4,0,1,0,0
train,DAPP::DAppSCAN-source/contracts/SlowMist-CFFv2 Smart Contract Security Audit Report/cff-contract-v2-c86bef3f13c7585f547f9cd0ca900f94664e96b7::CRVExchangeV2,DAPP,DAppSCAN-source/contracts/SlowMist-CFFv2 Smart Contract Security Audit Report/cff-contract-v2-c86bef3f13c7585f547f9cd0ca900f94664e96b7,CRVExchangeV2,0,0,3,3,2,10,0,0
train,DAPP::DAppSCAN-source/contracts/SlowMist-CFFv2 Smart Contract Security Audit Report/cff-contract-v2-c86bef3f13c7585f547f9cd0ca900f94664e96b7::UpgradeV1ToV2,DAPP,DAppSCAN-source/contracts/SlowMist-CFFv2 Smart Contract Security Audit Report/cff-contract-v2-c86bef3f13c7585f547f9cd0ca900f94664e96b7,UpgradeV1ToV2,0,0,1,1,0,0,0,0
train,DAPP::DAppSCAN-source/contracts/SlowMist-CFFv2 Smart Contract Security Audit Report/cff-contract-v2-c86bef3f13c7585f547f9cd0ca900f94664e96b7::CFControllerV2,DAPP,DAppSCAN-source/contracts/SlowMist-CFFv2 Smart Contract Security Audit Report/cff-contract-v2-c86bef3f13c7585f547f9cd0ca900f94664e96b7,CFControllerV2,0,0,6,6,0,34,0,0
train,DAPP::DAppSCAN-source/contracts/SlowMist-CFFv2 Smart Contract Security Audit Report/cff-contract-v2-c86bef3f13c7585f547f9cd0ca900f94664e96b7::CFVaultV2,DAPP,DAppSCAN-source/contracts/SlowMist-CFFv2 Smart Contract Security Audit Report/cff-contract-v2-c86bef3f13c7585f547f9cd0ca900f94664e96b7,CFVaultV2,1,1,3,4,0,16,0,0
train,DAPP::DAppSCAN-source/contracts/SlowMist-CFFv2 Smart Contract Security Audit Report/cff-contract-v2-c86bef3f13c7585f547f9cd0ca900f94664e96b7::TestUSDCPool2,DAPP,DAppSCAN-source/contracts/SlowMist-CFFv2 Smart Contract Security Audit Report/cff-contract-v2-c86bef3f13c7585f547f9cd0ca900f94664e96b7,TestUSDCPool2,0,0,3,3,0,2,0,0
train,DAPP::DAppSCAN-source/contracts/SlowMist-CFFv2 Smart Contract Security Audit Report/cff-contract-v2-c86bef3f13c7585f547f9cd0ca900f94664e96b7::CRV,DAPP,DAppSCAN-source/contracts/SlowMist-CFFv2 Smart Contract Security Audit Report/cff-contract-v2-c86bef3f13c7585f547f9cd0ca900f94664e96b7,CRV,0,0,3,3,0,1,0,0
train,DAPP::DAppSCAN-source/contracts/SlowMist-CFFv2 Smart Contract Security Audit Report/cff-contract-v2-c86bef3f13c7585f547f9cd0ca900f94664e96b7::WBTC,DAPP,DAppSCAN-source/contracts/SlowMist-CFFv2 Smart Contract Security Audit Report/cff-contract-v2-c86bef3f13c7585f547f9cd0ca900f94664e96b7,WBTC,0,0,3,3,0,1,0,0
train,DAPP::DAppSCAN-source/contracts/SlowMist-CFFv2 Smart Contract Security Audit Report/cff-contract-v2-c86bef3f13c7585f547f9cd0ca900f94664e96b7::USDT,DAPP,DAppSCAN-source/contracts/SlowMist-CFFv2 Smart Contract Security Audit Report/cff-contract-v2-c86bef3f13c7585f547f9cd0ca900f94664e96b7,USDT,0,0,3,3,0,1,0,0
train,DAPP::DAppSCAN-source/contracts/SlowMist-CFFv2 Smart Contract Security Audit Report/cff-contract-v2-c86bef3f13c7585f547f9cd0ca900f94664e96b7::TestUSDCPool,DAPP,DAppSCAN-source/contracts/SlowMist-CFFv2 Smart Contract Security Audit Report/cff-contract-v2-c86bef3f13c7585f547f9cd0ca900f94664e96b7,TestUSDCPool,0,0,3,3,0,2,0,0
train,DAPP::DAppSCAN-source/contracts/SlowMist-CFFv2 Smart Contract Security Audit Report/cff-contract-v2-c86bef3f13c7585f547f9cd0ca900f94664e96b7::StdERC20,DAPP,DAppSCAN-source/contracts/SlowMist-CFFv2 Smart Contract Security Audit Report/cff-contract-v2-c86bef3f13c7585f547f9cd0ca900f94664e96b7,StdERC20,0,0,3,3,0,1,0,0
train,DAPP::DAppSCAN-source/contracts/SlowMist-CFFv2 Smart Contract Security Audit Report/cff-contract-v2-c86bef3f13c7585f547f9cd0ca900f94664e96b7::CFFEThHack,DAPP,DAppSCAN-source/contracts/SlowMist-CFFv2 Smart Contract Security Audit Report/cff-contract-v2-c86bef3f13c7585f547f9cd0ca900f94664e96b7,CFFEThHack,0,0,4,4,0,1,0,0
train,DAPP::DAppSCAN-source/contracts/SlowMist-CFFv2 Smart Contract Security Audit Report/cff-contract-v2-c86bef3f13c7585f547f9cd0ca900f94664e96b7::hack2eth,DAPP,DAppSCAN-source/contracts/SlowMist-CFFv2 Smart Contract Security Audit Report/cff-contract-v2-c86bef3f13c7585f547f9cd0ca900f94664e96b7,hack2eth,0,0,1,1,0,0,0,0
train,DAPP::DAppSCAN-source/contracts/SlowMist-CFFv2 Smart Contract Security Audit Report/cff-contract-v2-c86bef3f13c7585f547f9cd0ca900f94664e96b7::DummyCFVault,DAPP,DAppSCAN-source/contracts/SlowMist-CFFv2 Smart Contract Security Audit Report/cff-contract-v2-c86bef3f13c7585f547f9cd0ca900f94664e96b7,DummyCFVault,0,0,2,2,0,1,0,0
train,DAPP::DAppSCAN-source/contracts/SlowMist-CFFv2 Smart Contract Security Audit Report/cff-contract-v2-c86bef3f13c7585f547f9cd0ca900f94664e96b7::USDC,DAPP,DAppSCAN-source/contracts/SlowMist-CFFv2 Smart Contract Security Audit Report/cff-contract-v2-c86bef3f13c7585f547f9cd0ca900f94664e96b7,USDC,0,0,3,3,0,1,0,0
train,DAPP::DAppSCAN-source/contracts/SlowMist-CFFv2 Smart Contract Security Audit Report/cff-contract-v2-c86bef3f13c7585f547f9cd0ca900f94664e96b7::CFFHack,DAPP,DAppSCAN-source/contracts/SlowMist-CFFv2 Smart Contract Security Audit Report/cff-contract-v2-c86bef3f13c7585f547f9cd0ca900f94664e96b7,CFFHack,0,0,10,10,0,12,0,0
train,DAPP::DAppSCAN-source/contracts/SlowMist-CFFv2 Smart Contract Security Audit Report/cff-contract-v2-c86bef3f13c7585f547f9cd0ca900f94664e96b7::hack2,DAPP,DAppSCAN-source/contracts/SlowMist-CFFv2 Smart Contract Security Audit Report/cff-contract-v2-c86bef3f13c7585f547f9cd0ca900f94664e96b7,hack2,0,0,1,1,0,0,0,0
train,DAPP::DAppSCAN-source/contracts/SlowMist-CFFv2 Smart Contract Security Audit Report/cff-contract-v2-c86bef3f13c7585f547f9cd0ca900f94664e96b7::TestERC20,DAPP,DAppSCAN-source/contracts/SlowMist-CFFv2 Smart Contract Security Audit Report/cff-contract-v2-c86bef3f13c7585f547f9cd0ca900f94664e96b7,TestERC20,0,0,3,3,0,1,0,0
train,DAPP::DAppSCAN-source/contracts/SlowMist-CFFv2 Smart Contract Security Audit Report/cff-contract-v2-c86bef3f13c7585f547f9cd0ca900f94664e96b7::AlusdPoolV2,DAPP,DAppSCAN-source/contracts/SlowMist-CFFv2 Smart Contract Security Audit Report/cff-contract-v2-c86bef3f13c7585f547f9cd0ca900f94664e96b7,AlusdPoolV2,0,0,5,5,1,14,0,0
train,DAPP::DAppSCAN-source/contracts/SlowMist-CFFv2 Smart Contract Security Audit Report/cff-contract-v2-c86bef3f13c7585f547f9cd0ca900f94664e96b7::CompoundPool,DAPP,DAppSCAN-source/contracts/SlowMist-CFFv2 Smart Contract Security Audit Report/cff-contract-v2-c86bef3f13c7585f547f9cd0ca900f94664e96b7,CompoundPool,0,0,5,5,1,14,0,0
train,DAPP::DAppSCAN-source/contracts/SlowMist-CFFv2 Smart Contract Security Audit Report/cff-contract-v2-c86bef3f13c7585f547f9cd0ca900f94664e96b7::AavePool,DAPP,DAppSCAN-source/contracts/SlowMist-CFFv2 Smart Contract Security Audit Report/cff-contract-v2-c86bef3f13c7585f547f9cd0ca900f94664e96b7,AavePool,0,0,5,5,1,14,0,0
train,DAPP::DAppSCAN-source/contracts/SlowMist-CFFv2 Smart Contract Security Audit Report/cff-contract-v2-c86bef3f13c7585f547f9cd0ca900f94664e96b7::YPool,DAPP,DAppSCAN-source/contracts/SlowMist-CFFv2 Smart Contract Security Audit Report/cff-contract-v2-c86bef3f13c7585f547f9cd0ca900f94664e96b7,YPool,0,0,5,5,1,14,0,0
train,DAPP::DAppSCAN-source/contracts/SlowMist-CFFv2 Smart Contract Security Audit Report/cff-contract-v2-c86bef3f13c7585f547f9cd0ca900f94664e96b7::IUSDCPoolBase,DAPP,DAppSCAN-source/contracts/SlowMist-CFFv2 Smart Contract Security Audit Report/cff-contract-v2-c86bef3f13c7585f547f9cd0ca900f94664e96b7,IUSDCPoolBase,0,0,2,2,0,2,0,0
train,DAPP::DAppSCAN-source/contracts/SlowMist-CFFv2 Smart Contract Security Audit Report/cff-contract-v2-c86bef3f13c7585f547f9cd0ca900f94664e96b7::LusdPool,DAPP,DAppSCAN-source/contracts/SlowMist-CFFv2 Smart Contract Security Audit Report/cff-contract-v2-c86bef3f13c7585f547f9cd0ca900f94664e96b7,LusdPool,0,0,5,5,1,14,0,0
train,DAPP::DAppSCAN-source/contracts/SlowMist-CFFv2 Smart Contract Security Audit Report/cff-contract-v2-c86bef3f13c7585f547f9cd0ca900f94664e96b7::BUSDPool,DAPP,DAppSCAN-source/contracts/SlowMist-CFFv2 Smart Contract Security Audit Report/cff-contract-v2-c86bef3f13c7585f547f9cd0ca900f94664e96b7,BUSDPool,0,0,5,5,1,14,0,0
train,DAPP::DAppSCAN-source/contracts/SlowMist-CFFv2 Smart Contract Security Audit Report/cff-contract-v2-c86bef3f13c7585f547f9cd0ca900f94664e96b7::GUSDPool,DAPP,DAppSCAN-source/contracts/SlowMist-CFFv2 Smart Contract Security Audit Report/cff-contract-v2-c86bef3f13c7585f547f9cd0ca900f94664e96b7,GUSDPool,0,0,5,5,1,14,0,0
train,DAPP::DAppSCAN-source/contracts/SlowMist-CFFv2 Smart Contract Security Audit Report/cff-contract-v2-c86bef3f13c7585f547f9cd0ca900f94664e96b7::TriPool,DAPP,DAppSCAN-source/contracts/SlowMist-CFFv2 Smart Contract Security Audit Report/cff-contract-v2-c86bef3f13c7585f547f9cd0ca900f94664e96b7,TriPool,0,0,5,5,1,12,0,0
train,DAPP::DAppSCAN-source/contracts/SlowMist-CFFv2 Smart Contract Security Audit Report/cff-contract-v2-c86bef3f13c7585f547f9cd0ca900f94664e96b7::SbtcPool,DAPP,DAppSCAN-source/contracts/SlowMist-CFFv2 Smart Contract Security Audit Report/cff-contract-v2-c86bef3f13c7585f547f9cd0ca900f94664e96b7,SbtcPool,0,0,5,5,1,12,0,0
train,DAPP::DAppSCAN-source/contracts/SlowMist-CFFv2 Smart Contract Security Audit Report/cff-contract-v2-c86bef3f13c7585f547f9cd0ca900f94664e96b7::HbtcPool,DAPP,DAppSCAN-source/contracts/SlowMist-CFFv2 Smart Contract Security Audit Report/cff-contract-v2-c86bef3f13c7585f547f9cd0ca900f94664e96b7,HbtcPool,0,0,5,5,1,12,0,0
train,DAPP::DAppSCAN-source/contracts/SlowMist-CFFv2 Smart Contract Security Audit Report/cff-contract-v2-c86bef3f13c7585f547f9cd0ca900f94664e96b7::TbtcPool,DAPP,DAppSCAN-source/contracts/SlowMist-CFFv2 Smart Contract Security Audit Report/cff-contract-v2-c86bef3f13c7585f547f9cd0ca900f94664e96b7,TbtcPool,0,0,5,5,1,14,0,0
train,DAPP::DAppSCAN-source/contracts/SlowMist-CFFv2 Smart Contract Security Audit Report/cff-contract-v2-c86bef3f13c7585f547f9cd0ca900f94664e96b7::BbtcPool,DAPP,DAppSCAN-source/contracts/SlowMist-CFFv2 Smart Contract Security Audit Report/cff-contract-v2-c86bef3f13c7585f547f9cd0ca900f94664e96b7,BbtcPool,0,0,5,5,1,14,0,0
train,DAPP::DAppSCAN-source/contracts/SlowMist-CFFv2 Smart Contract Security Audit Report/cff-contract-v2-c86bef3f13c7585f547f9cd0ca900f94664e96b7::RenbtcPool,DAPP,DAppSCAN-source/contracts/SlowMist-CFFv2 Smart Contract Security Audit Report/cff-contract-v2-c86bef3f13c7585f547f9cd0ca900f94664e96b7,RenbtcPool,0,0,5,5,0,12,0,0
train,DAPP::DAppSCAN-source/contracts/SlowMist-CFFv2 Smart Contract Security Audit Report/cff-contract-v2-c86bef3f13c7585f547f9cd0ca900f94664e96b7::IWbtcPoolBase,DAPP,DAppSCAN-source/contracts/SlowMist-CFFv2 Smart Contract Security Audit Report/cff-contract-v2-c86bef3f13c7585f547f9cd0ca900f94664e96b7,IWbtcPoolBase,0,0,2,2,0,2,0,0
train,DAPP::DAppSCAN-source/contracts/SlowMist-CFFv2 Smart Contract Security Audit Report/cff-contract-v2-c86bef3f13c7585f547f9cd0ca900f94664e96b7::StethPool,DAPP,DAppSCAN-source/contracts/SlowMist-CFFv2 Smart Contract Security Audit Report/cff-contract-v2-c86bef3f13c7585f547f9cd0ca900f94664e96b7,StethPool,0,0,4,4,1,7,0,0
train,DAPP::DAppSCAN-source/contracts/SlowMist-CFFv2 Smart Contract Security Audit Report/cff-contract-v2-c86bef3f13c7585f547f9cd0ca900f94664e96b7::SethPool,DAPP,DAppSCAN-source/contracts/SlowMist-CFFv2 Smart Contract Security Audit Report/cff-contract-v2-c86bef3f13c7585f547f9cd0ca900f94664e96b7,SethPool,0,0,4,4,1,7,0,0
train,DAPP::DAppSCAN-source/contracts/SlowMist-CFFv2 Smart Contract Security Audit Report/cff-contract-v2-c86bef3f13c7585f547f9cd0ca900f94664e96b7::IETHPoolBase,DAPP,DAppSCAN-source/contracts/SlowMist-CFFv2 Smart Contract Security Audit Report/cff-contract-v2-c86bef3f13c7585f547f9cd0ca900f94664e96b7,IETHPoolBase,0,0,1,1,0,0,0,0
train,DAPP::DAppSCAN-source/contracts/PeckShield-MilkySwap/milkyswap-59f163e9959cf8bae4a521a9648219b553312e07::WETH9,DAPP,DAppSCAN-source/contracts/PeckShield-MilkySwap/milkyswap-59f163e9959cf8bae4a521a9648219b553312e07,WETH9,0,0,1,1,0,0,0,0
train,DAPP::DAppSCAN-source/contracts/PeckShield-MilkySwap/milkyswap-59f163e9959cf8bae4a521a9648219b553312e07::MilkyMaker,DAPP,DAppSCAN-source/contracts/PeckShield-MilkySwap/milkyswap-59f163e9959cf8bae4a521a9648219b553312e07,MilkyMaker,0,0,3,3,2,12,0,0
train,DAPP::DAppSCAN-source/contracts/PeckShield-MilkySwap/milkyswap-59f163e9959cf8bae4a521a9648219b553312e07::MasterMilker,DAPP,DAppSCAN-source/contracts/PeckShield-MilkySwap/milkyswap-59f163e9959cf8bae4a521a9648219b553312e07,MasterMilker,1,1,6,7,2,35,0,0
train,DAPP::DAppSCAN-source/contracts/PeckShield-MilkySwap/milkyswap-59f163e9959cf8bae4a521a9648219b553312e07::UniswapV2Factory,DAPP,DAppSCAN-source/contracts/PeckShield-MilkySwap/milkyswap-59f163e9959cf8bae4a521a9648219b553312e07,UniswapV2Factory,0,0,1,1,0,0,0,0
train,DAPP::DAppSCAN-source/contracts/PeckShield-MilkySwap/milkyswap-59f163e9959cf8bae4a521a9648219b553312e07::UniswapV2Pair,DAPP,DAppSCAN-source/contracts/PeckShield-MilkySwap/milkyswap-59f163e9959cf8bae4a521a9648219b553312e07,UniswapV2Pair,0,0,8,8,3,57,0,0
train,DAPP::DAppSCAN-source/contracts/PeckShield-MilkySwap/milkyswap-59f163e9959cf8bae4a521a9648219b553312e07::UniswapV2Router02,DAPP,DAppSCAN-source/contracts/PeckShield-MilkySwap/milkyswap-59f163e9959cf8bae4a521a9648219b553312e07,UniswapV2Router02,0,0,22,22,0,397,14,0
train,DAPP::DAppSCAN-source/contracts/PeckShield-MilkySwap/milkyswap-59f163e9959cf8bae4a521a9648219b553312e07::CloneRewarderTime,DAPP,DAppSCAN-source/contracts/PeckShield-MilkySwap/milkyswap-59f163e9959cf8bae4a521a9648219b553312e07,CloneRewarderTime,0,0,3,3,0,8,0,0
train,DAPP::DAppSCAN-source/contracts/PeckShield-MilkySwap/milkyswap-59f163e9959cf8bae4a521a9648219b553312e07::CloneRewarderTimeDual,DAPP,DAppSCAN-source/contracts/PeckShield-MilkySwap/milkyswap-59f163e9959cf8bae4a521a9648219b553312e07,CloneRewarderTimeDual,0,0,3,3,0,8,0,0
train,DAPP::DAppSCAN-source/contracts/QuillAudits-Alium Finance Smart Contract/alium-farm-e37d6af39af68049c2684085f025385407b4bd55::MasterChef,DAPP,DAppSCAN-source/contracts/QuillAudits-Alium Finance Smart Contract/alium-farm-e37d6af39af68049c2684085f025385407b4bd55,MasterChef,1,1,8,9,3,48,0,0
train,DAPP::DAppSCAN-source/contracts/QuillAudits-Alium Finance Smart Contract/alium-farm-e37d6af39af68049c2684085f025385407b4bd55::FarmingTicketWindow,DAPP,DAppSCAN-source/contracts/QuillAudits-Alium Finance Smart Contract/alium-farm-e37d6af39af68049c2684085f025385407b4bd55,FarmingTicketWindow,0,0,1,1,0,0,0,0
train,DAPP::DAppSCAN-source/contracts/QuillAudits-Alium Finance Smart Contract/alium-farm-e37d6af39af68049c2684085f025385407b4bd55::LotteryRewardPool,DAPP,DAppSCAN-source/contracts/QuillAudits-Alium Finance Smart Contract/alium-farm-e37d6af39af68049c2684085f025385407b4bd55,LotteryRewardPool,0,0,3,3,0,4,0,0
train,DAPP::DAppSCAN-source/contracts/QuillAudits-Alium Finance Smart Contract/alium-farm-e37d6af39af68049c2684085f025385407b4bd55::BnbStaking,DAPP,DAppSCAN-source/contracts/QuillAudits-Alium Finance Smart Contract/alium-farm-e37d6af39af68049c2684085f025385407b4bd55,BnbStaking,0,0,6,6,1,26,0,0
train,DAPP::DAppSCAN-source/contracts/QuillAudits-Alium Finance Smart Contract/alium-farm-e37d6af39af68049c2684085f025385407b4bd55::WBNB,DAPP,DAppSCAN-source/contracts/QuillAudits-Alium Finance Smart Contract/alium-farm-e37d6af39af68049c2684085f025385407b4bd55,WBNB,0,0,1,1,0,0,0,0
train,DAPP::DAppSCAN-source/contracts/QuillAudits-Alium Finance Smart Contract/alium-farm-e37d6af39af68049c2684085f025385407b4bd55::PancakeVoterProxy,DAPP,DAppSCAN-source/contracts/QuillAudits-Alium Finance Smart Contract/alium-farm-e37d6af39af68049c2684085f025385407b4bd55,PancakeVoterProxy,0,0,2,2,0,1,0,0
train,DAPP::DAppSCAN-source/contracts/consensys-Fei_Protocol_v2_Phase_1/fei-protocol-core-5e3e2ab889f06831f4fe2e8460066ded40ccf0a8::ConstantOracle,DAPP,DAppSCAN-source/contracts/consensys-Fei_Protocol_v2_Phase_1/fei-protocol-core-5e3e2ab889f06831f4fe2e8460066ded40ccf0a8,ConstantOracle,0,0,4,4,1,8,0,0
train,DAPP::DAppSCAN-source/contracts/consensys-Fei_Protocol_v2_Phase_1/fei-protocol-core-5e3e2ab889f06831f4fe2e8460066ded40ccf0a8::CompositeOracle,DAPP,DAppSCAN-source/contracts/consensys-Fei_Protocol_v2_Phase_1/fei-protocol-core-5e3e2ab889f06831f4fe2e8460066ded40ccf0a8,CompositeOracle,0,0,7,7,1,11,0,0
train,DAPP::DAppSCAN-source/contracts/consensys-Fei_Protocol_v2_Phase_1/fei-protocol-core-5e3e2ab889f06831f4fe2e8460066ded40ccf0a8::ChainlinkOracleWrapper,DAPP,DAppSCAN-source/contracts/consensys-Fei_Protocol_v2_Phase_1/fei-protocol-core-5e3e2ab889f06831f4fe2e8460066ded40ccf0a8,ChainlinkOracleWrapper,0,0,7,7,1,12,0,0
train,DAPP::DAppSCAN-source/contracts/consensys-Fei_Protocol_v2_Phase_1/fei-protocol-core-5e3e2ab889f06831f4fe2e8460066ded40ccf0a8::CollateralizationOracleWrapper,DAPP,DAppSCAN-source/contracts/consensys-Fei_Protocol_v2_Phase_1/fei-protocol-core-5e3e2ab889f06831f4fe2e8460066ded40ccf0a8,CollateralizationOracleWrapper,0,0,9,9,4,27,0,0
train,DAPP::DAppSCAN-source/contracts/consensys-Fei_Protocol_v2_Phase_1/fei-protocol-core-5e3e2ab889f06831f4fe2e8460066ded40ccf0a8::CollateralizationOracle,DAPP,DAppSCAN-source/contracts/consensys-Fei_Protocol_v2_Phase_1/fei-protocol-core-5e3e2ab889f06831f4fe2e8460066ded40ccf0a8,CollateralizationOracle,0,0,13,13,1,42,0,0
train,DAPP::DAppSCAN-source/contracts/consensys-Fei_Protocol_v2_Phase_1/fei-protocol-core-5e3e2ab889f06831f4fe2e8460066ded40ccf0a8::UniswapOracle,DAPP,DAppSCAN-source/contracts/consensys-Fei_Protocol_v2_Phase_1/fei-protocol-core-5e3e2ab889f06831f4fe2e8460066ded40ccf0a8,UniswapOracle,0,0,7,7,2,18,0,0
train,DAPP::DAppSCAN-source/contracts/consensys-Fei_Protocol_v2_Phase_1/fei-protocol-core-5e3e2ab889f06831f4fe2e8460066ded40ccf0a8::CoreRef,DAPP,DAppSCAN-source/contracts/consensys-Fei_Protocol_v2_Phase_1/fei-protocol-core-5e3e2ab889f06831f4fe2e8460066ded40ccf0a8,CoreRef,0,0,4,4,1,8,0,0
train,DAPP::DAppSCAN-source/contracts/consensys-Fei_Protocol_v2_Phase_1/fei-protocol-core-5e3e2ab889f06831f4fe2e8460066ded40ccf0a8::UniRef,DAPP,DAppSCAN-source/contracts/consensys-Fei_Protocol_v2_Phase_1/fei-protocol-core-5e3e2ab889f06831f4fe2e8460066ded40ccf0a8,UniRef,0,0,9,9,2,18,0,0
train,DAPP::DAppSCAN-source/contracts/consensys-Fei_Protocol_v2_Phase_1/fei-protocol-core-5e3e2ab889f06831f4fe2e8460066ded40ccf0a8::OracleRef,DAPP,DAppSCAN-source/contracts/consensys-Fei_Protocol_v2_Phase_1/fei-protocol-core-5e3e2ab889f06831f4fe2e8460066ded40ccf0a8,OracleRef,0,0,7,7,2,12,0,0
train,DAPP::DAppSCAN-source/contracts/consensys-Fei_Protocol_v2_Phase_1/fei-protocol-core-5e3e2ab889f06831f4fe2e8460066ded40ccf0a8::Incentivized,DAPP,DAppSCAN-source/contracts/consensys-Fei_Protocol_v2_Phase_1/fei-protocol-core-5e3e2ab889f06831f4fe2e8460066ded40ccf0a8,Incentivized,0,0,4,4,1,8,0,0
train,DAPP::DAppSCAN-source/contracts/consensys-Fei_Protocol_v2_Phase_1/fei-protocol-core-5e3e2ab889f06831f4fe2e8460066ded40ccf0a8::RateLimited,DAPP,DAppSCAN-source/contracts/consensys-Fei_Protocol_v2_Phase_1/fei-protocol-core-5e3e2ab889f06831f4fe2e8460066ded40ccf0a8,RateLimited,0,0,4,4,1,8,0,0
train,DAPP::DAppSCAN-source/contracts/consensys-Fei_Protocol_v2_Phase_1/fei-protocol-core-5e3e2ab889f06831f4fe2e8460066ded40ccf0a8::OtcEscrow,DAPP,DAppSCAN-source/contracts/consensys-Fei_Protocol_v2_Phase_1/fei-protocol-core-5e3e2ab889f06831f4fe2e8460066ded40ccf0a8,OtcEscrow,0,0,3,3,0,5,0,0
train,DAPP::DAppSCAN-source/contracts/consensys-Fei_Protocol_v2_Phase_1/fei-protocol-core-5e3e2ab889f06831f4fe2e8460066ded40ccf0a8::RateLimitedMinter,DAPP,DAppSCAN-source/contracts/consensys-Fei_Protocol_v2_Phase_1/fei-protocol-core-5e3e2ab889f06831f4fe2e8460066ded40ccf0a8,RateLimitedMinter,0,0,4,4,1,8,0,0
train,DAPP::DAppSCAN-source/contracts/consensys-Fei_Protocol_v2_Phase_1/fei-protocol-core-5e3e2ab889f06831f4fe2e8460066ded40ccf0a8::LinearTokenTimelock,DAPP,DAppSCAN-source/contracts/consensys-Fei_Protocol_v2_Phase_1/fei-protocol-core-5e3e2ab889f06831f4fe2e8460066ded40ccf0a8,LinearTokenTimelock,0,0,2,2,0,1,0,0
train,DAPP::DAppSCAN-source/contracts/consensys-Fei_Protocol_v2_Phase_1/fei-protocol-core-5e3e2ab889f06831f4fe2e8460066ded40ccf0a8::Core,DAPP,DAppSCAN-source/contracts/consensys-Fei_Protocol_v2_Phase_1/fei-protocol-core-5e3e2ab889f06831f4fe2e8460066ded40ccf0a8,Core,0,0,1,1,0,0,0,0
train,DAPP::DAppSCAN-source/contracts/consensys-Fei_Protocol_v2_Phase_1/fei-protocol-core-5e3e2ab889f06831f4fe2e8460066ded40ccf0a8::ReserveStabilizer,DAPP,DAppSCAN-source/contracts/consensys-Fei_Protocol_v2_Phase_1/fei-protocol-core-5e3e2ab889f06831f4fe2e8460066ded40ccf0a8,ReserveStabilizer,0,0,9,9,2,13,0,0
train,DAPP::DAppSCAN-source/contracts/consensys-Fei_Protocol_v2_Phase_1/fei-protocol-core-5e3e2ab889f06831f4fe2e8460066ded40ccf0a8::TribeReserveStabilizer,DAPP,DAppSCAN-source/contracts/consensys-Fei_Protocol_v2_Phase_1/fei-protocol-core-5e3e2ab889f06831f4fe2e8460066ded40ccf0a8,TribeReserveStabilizer,0,0,11,11,2,14,0,0
train,DAPP::DAppSCAN-source/contracts/consensys-Fei_Protocol_v2_Phase_1/fei-protocol-core-5e3e2ab889f06831f4fe2e8460066ded40ccf0a8::EthReserveStabilizer,DAPP,DAppSCAN-source/contracts/consensys-Fei_Protocol_v2_Phase_1/fei-protocol-core-5e3e2ab889f06831f4fe2e8460066ded40ccf0a8,EthReserveStabilizer,0,0,7,7,2,12,0,0
train,DAPP::DAppSCAN-source/contracts/consensys-Fei_Protocol_v2_Phase_1/fei-protocol-core-5e3e2ab889f06831f4fe2e8460066ded40ccf0a8::PCVDeposit,DAPP,DAppSCAN-source/contracts/consensys-Fei_Protocol_v2_Phase_1/fei-protocol-core-5e3e2ab889f06831f4fe2e8460066ded40ccf0a8,PCVDeposit,0,0,4,4,1,8,0,0
train,DAPP::DAppSCAN-source/contracts/consensys-Fei_Protocol_v2_Phase_1/fei-protocol-core-5e3e2ab889f06831f4fe2e8460066ded40ccf0a8::Timelock,DAPP,DAppSCAN-source/contracts/consensys-Fei_Protocol_v2_Phase_1/fei-protocol-core-5e3e2ab889f06831f4fe2e8460066ded40ccf0a8,Timelock,0,0,1,1,0,0,0,0
train,DAPP::DAppSCAN-source/contracts/consensys-Fei_Protocol_v2_Phase_1/fei-protocol-core-5e3e2ab889f06831f4fe2e8460066ded40ccf0a8::GovernorAlpha,DAPP,DAppSCAN-source/contracts/consensys-Fei_Protocol_v2_Phase_1/fei-protocol-core-5e3e2ab889f06831f4fe2e8460066ded40ccf0a8,GovernorAlpha,0,0,10,10,0,52,0,0
train,DAPP::DAppSCAN-source/contracts/consensys-Fei_Protocol_v2_Phase_1/fei-protocol-core-5e3e2ab889f06831f4fe2e8460066ded40ccf0a8::Delegatee,DAPP,DAppSCAN-source/contracts/consensys-Fei_Protocol_v2_Phase_1/fei-protocol-core-5e3e2ab889f06831f4fe2e8460066ded40ccf0a8,Delegatee,0,0,1,1,0,0,0,0
train,DAPP::DAppSCAN-source/contracts/consensys-Fei_Protocol_v2_Phase_1/fei-protocol-core-5e3e2ab889f06831f4fe2e8460066ded40ccf0a8::TimelockedDelegator,DAPP,DAppSCAN-source/contracts/consensys-Fei_Protocol_v2_Phase_1/fei-protocol-core-5e3e2ab889f06831f4fe2e8460066ded40ccf0a8,TimelockedDelegator,0,0,5,5,1,10,0,0
train,DAPP::DAppSCAN-source/contracts/consensys-Fei_Protocol_v2_Phase_1/fei-protocol-core-5e3e2ab889f06831f4fe2e8460066ded40ccf0a8::OptimisticTimelock,DAPP,DAppSCAN-source/contracts/consensys-Fei_Protocol_v2_Phase_1/fei-protocol-core-5e3e2ab889f06831f4fe2e8460066ded40ccf0a8,OptimisticTimelock,0,0,4,4,1,8,0,0
train,DAPP::DAppSCAN-source/contracts/consensys-Fei_Protocol_v2_Phase_1/fei-protocol-core-5e3e2ab889f06831f4fe2e8460066ded40ccf0a8::BondingCurve,DAPP,DAppSCAN-source/contracts/consensys-Fei_Protocol_v2_Phase_1/fei-protocol-core-5e3e2ab889f06831f4fe2e8460066ded40ccf0a8,BondingCurve,0,0,13,13,3,22,0,0
train,DAPP::DAppSCAN-source/contracts/consensys-Fei_Protocol_v2_Phase_1/fei-protocol-core-5e3e2ab889f06831f4fe2e8460066ded40ccf0a8::EthBondingCurve,DAPP,DAppSCAN-source/contracts/consensys-Fei_Protocol_v2_Phase_1/fei-protocol-core-5e3e2ab889f06831f4fe2e8460066ded40ccf0a8,EthBondingCurve,0,0,10,10,3,19,0,0
train,DAPP::DAppSCAN-source/contracts/consensys-Fei_Protocol_v2_Phase_1/fei-protocol-core-5e3e2ab889f06831f4fe2e8460066ded40ccf0a8::FeiTimedMinter,DAPP,DAppSCAN-source/contracts/consensys-Fei_Protocol_v2_Phase_1/fei-protocol-core-5e3e2ab889f06831f4fe2e8460066ded40ccf0a8,FeiTimedMinter,0,0,4,4,1,8,0,0
train,DAPP::DAppSCAN-source/contracts/consensys-Fei_Protocol_v2_Phase_1/fei-protocol-core-5e3e2ab889f06831f4fe2e8460066ded40ccf0a8::PCVEquityMinter,DAPP,DAppSCAN-source/contracts/consensys-Fei_Protocol_v2_Phase_1/fei-protocol-core-5e3e2ab889f06831f4fe2e8460066ded40ccf0a8,PCVEquityMinter,0,0,7,7,1,9,0,0
train,DAPP::DAppSCAN-source/contracts/consensys-Fei_Protocol_v2_Phase_1/fei-protocol-core-5e3e2ab889f06831f4fe2e8460066ded40ccf0a8::Fei,DAPP,DAppSCAN-source/contracts/consensys-Fei_Protocol_v2_Phase_1/fei-protocol-core-5e3e2ab889f06831f4fe2e8460066ded40ccf0a8,Fei,0,0,5,5,1,8,0,0
train,DAPP::DAppSCAN-source/contracts/consensys-Fei_Protocol_v2_Phase_1/fei-protocol-core-5e3e2ab889f06831f4fe2e8460066ded40ccf0a8::CollateralizationOracleKeeper,DAPP,DAppSCAN-source/contracts/consensys-Fei_Protocol_v2_Phase_1/fei-protocol-core-5e3e2ab889f06831f4fe2e8460066ded40ccf0a8,CollateralizationOracleKeeper,0,0,5,5,1,8,0,0
train,DAPP::DAppSCAN-source/contracts/consensys-Fei_Protocol_v2_Phase_1/fei-protocol-core-5e3e2ab889f06831f4fe2e8460066ded40ccf0a8::Decimal,DAPP,DAppSCAN-source/contracts/consensys-Fei_Protocol_v2_Phase_1/fei-protocol-core-5e3e2ab889f06831f4fe2e8460066ded40ccf0a8,Decimal,0,0,1,1,0,0,0,0
train,DAPP::DAppSCAN-source/contracts/consensys-Fei_Protocol_v2_Phase_1/fei-protocol-core-5e3e2ab889f06831f4fe2e8460066ded40ccf0a8::TestOldRatioPCVController,DAPP,DAppSCAN-source/contracts/consensys-Fei_Protocol_v2_Phase_1/fei-protocol-core-5e3e2ab889f06831f4fe2e8460066ded40ccf0a8,TestOldRatioPCVController,0,0,4,4,1,8,0,0
train,DAPP::DAppSCAN-source/contracts/consensys-Fei_Protocol_v2_Phase_1/fei-protocol-core-5e3e2ab889f06831f4fe2e8460066ded40ccf0a8::TribalChief,DAPP,DAppSCAN-source/contracts/consensys-Fei_Protocol_v2_Phase_1/fei-protocol-core-5e3e2ab889f06831f4fe2e8460066ded40ccf0a8,TribalChief,0,0,12,12,3,54,6,0
train,DAPP::DAppSCAN-source/contracts/consensys-Fei_Protocol_v2_Phase_1/fei-protocol-core-5e3e2ab889f06831f4fe2e8460066ded40ccf0a8::StakingTokenWrapper,DAPP,DAppSCAN-source/contracts/consensys-Fei_Protocol_v2_Phase_1/fei-protocol-core-5e3e2ab889f06831f4fe2e8460066ded40ccf0a8,StakingTokenWrapper,0,0,2,2,0,1,0,0
train,DAPP::DAppSCAN-source/contracts/consensys-Fei_Protocol_v2_Phase_1/fei-protocol-core-5e3e2ab889f06831f4fe2e8460066ded40ccf0a8::EthLidoPCVDeposit,DAPP,DAppSCAN-source/contracts/consensys-Fei_Protocol_v2_Phase_1/fei-protocol-core-5e3e2ab889f06831f4fe2e8460066ded40ccf0a8,EthLidoPCVDeposit,0,0,7,7,1,15,0,0
train,DAPP::DAppSCAN-source/contracts/consensys-Fei_Protocol_v2_Phase_1/fei-protocol-core-5e3e2ab889f06831f4fe2e8460066ded40ccf0a8::SnapshotDelegatorPCVDeposit,DAPP,DAppSCAN-source/contracts/consensys-Fei_Protocol_v2_Phase_1/fei-protocol-core-5e3e2ab889f06831f4fe2e8460066ded40ccf0a8,SnapshotDelegatorPCVDeposit,0,0,7,7,1,9,0,0
train,DAPP::DAppSCAN-source/contracts/consensys-Fei_Protocol_v2_Phase_1/fei-protocol-core-5e3e2ab889f06831f4fe2e8460066ded40ccf0a8::PCVDripController,DAPP,DAppSCAN-source/contracts/consensys-Fei_Protocol_v2_Phase_1/fei-protocol-core-5e3e2ab889f06831f4fe2e8460066ded40ccf0a8,PCVDripController,0,0,6,6,3,15,0,0
train,DAPP::DAppSCAN-source/contracts/consensys-Fei_Protocol_v2_Phase_1/fei-protocol-core-5e3e2ab889f06831f4fe2e8460066ded40ccf0a8::ERC20Splitter,DAPP,DAppSCAN-source/contracts/consensys-Fei_Protocol_v2_Phase_1/fei-protocol-core-5e3e2ab889f06831f4fe2e8460066ded40ccf0a8,ERC20Splitter,0,0,6,6,2,11,0,0
train,DAPP::DAppSCAN-source/contracts/consensys-Fei_Protocol_v2_Phase_1/fei-protocol-core-5e3e2ab889f06831f4fe2e8460066ded40ccf0a8::RatioPCVController,DAPP,DAppSCAN-source/contracts/consensys-Fei_Protocol_v2_Phase_1/fei-protocol-core-5e3e2ab889f06831f4fe2e8460066ded40ccf0a8,RatioPCVController,0,0,4,4,1,8,0,0
train,DAPP::DAppSCAN-source/contracts/consensys-Fei_Protocol_v2_Phase_1/fei-protocol-core-5e3e2ab889f06831f4fe2e8460066ded40ccf0a8::PCVSplitter,DAPP,DAppSCAN-source/contracts/consensys-Fei_Protocol_v2_Phase_1/fei-protocol-core-5e3e2ab889f06831f4fe2e8460066ded40ccf0a8,PCVSplitter,0,0,4,4,1,8,0,0
train,DAPP::DAppSCAN-source/contracts/consensys-Fei_Protocol_v2_Phase_1/fei-protocol-core-5e3e2ab889f06831f4fe2e8460066ded40ccf0a8::ERC20Dripper,DAPP,DAppSCAN-source/contracts/consensys-Fei_Protocol_v2_Phase_1/fei-protocol-core-5e3e2ab889f06831f4fe2e8460066ded40ccf0a8,ERC20Dripper,0,0,5,5,1,8,0,0
train,DAPP::DAppSCAN-source/contracts/consensys-Fei_Protocol_v2_Phase_1/fei-protocol-core-5e3e2ab889f06831f4fe2e8460066ded40ccf0a8::PCVDepositWrapper,DAPP,DAppSCAN-source/contracts/consensys-Fei_Protocol_v2_Phase_1/fei-protocol-core-5e3e2ab889f06831f4fe2e8460066ded40ccf0a8,PCVDepositWrapper,0,0,1,1,0,0,0,0
train,DAPP::DAppSCAN-source/contracts/consensys-Fei_Protocol_v2_Phase_1/fei-protocol-core-5e3e2ab889f06831f4fe2e8460066ded40ccf0a8::StaticPCVDepositWrapper,DAPP,DAppSCAN-source/contracts/consensys-Fei_Protocol_v2_Phase_1/fei-protocol-core-5e3e2ab889f06831f4fe2e8460066ded40ccf0a8,StaticPCVDepositWrapper,0,0,4,4,1,8,0,0
train,DAPP::DAppSCAN-source/contracts/consensys-Fei_Protocol_v2_Phase_1/fei-protocol-core-5e3e2ab889f06831f4fe2e8460066ded40ccf0a8::WethPCVDeposit,DAPP,DAppSCAN-source/contracts/consensys-Fei_Protocol_v2_Phase_1/fei-protocol-core-5e3e2ab889f06831f4fe2e8460066ded40ccf0a8,WethPCVDeposit,0,0,4,4,1,8,0,0
train,DAPP::DAppSCAN-source/contracts/consensys-Fei_Protocol_v2_Phase_1/fei-protocol-core-5e3e2ab889f06831f4fe2e8460066ded40ccf0a8::AavePCVDeposit,DAPP,DAppSCAN-source/contracts/consensys-Fei_Protocol_v2_Phase_1/fei-protocol-core-5e3e2ab889f06831f4fe2e8460066ded40ccf0a8,AavePCVDeposit,0,0,8,8,1,10,0,0
train,DAPP::DAppSCAN-source/contracts/consensys-Fei_Protocol_v2_Phase_1/fei-protocol-core-5e3e2ab889f06831f4fe2e8460066ded40ccf0a8::StableSwapOperatorV1,DAPP,DAppSCAN-source/contracts/consensys-Fei_Protocol_v2_Phase_1/fei-protocol-core-5e3e2ab889f06831f4fe2e8460066ded40ccf0a8,StableSwapOperatorV1,0,0,8,8,1,22,0,0
train,DAPP::DAppSCAN-source/contracts/consensys-Fei_Protocol_v2_Phase_1/fei-protocol-core-5e3e2ab889f06831f4fe2e8460066ded40ccf0a8::BalancerLBPSwapper,DAPP,DAppSCAN-source/contracts/consensys-Fei_Protocol_v2_Phase_1/fei-protocol-core-5e3e2ab889f06831f4fe2e8460066ded40ccf0a8,BalancerLBPSwapper,1,1,11,12,4,24,0,0
train,DAPP::DAppSCAN-source/contracts/consensys-Fei_Protocol_v2_Phase_1/fei-protocol-core-5e3e2ab889f06831f4fe2e8460066ded40ccf0a8::ERC20CompoundPCVDeposit,DAPP,DAppSCAN-source/contracts/consensys-Fei_Protocol_v2_Phase_1/fei-protocol-core-5e3e2ab889f06831f4fe2e8460066ded40ccf0a8,ERC20CompoundPCVDeposit,0,0,8,8,1,14,0,0
train,DAPP::DAppSCAN-source/contracts/consensys-Fei_Protocol_v2_Phase_1/fei-protocol-core-5e3e2ab889f06831f4fe2e8460066ded40ccf0a8::EthCompoundPCVDeposit,DAPP,DAppSCAN-source/contracts/consensys-Fei_Protocol_v2_Phase_1/fei-protocol-core-5e3e2ab889f06831f4fe2e8460066ded40ccf0a8,EthCompoundPCVDeposit,0,0,7,7,1,11,0,0
train,DAPP::DAppSCAN-source/contracts/consensys-Fei_Protocol_v2_Phase_1/fei-protocol-core-5e3e2ab889f06831f4fe2e8460066ded40ccf0a8::CompoundPCVDepositBase,DAPP,DAppSCAN-source/contracts/consensys-Fei_Protocol_v2_Phase_1/fei-protocol-core-5e3e2ab889f06831f4fe2e8460066ded40ccf0a8,CompoundPCVDepositBase,0,0,6,6,1,9,0,0
train,DAPP::DAppSCAN-source/contracts/consensys-Fei_Protocol_v2_Phase_1/fei-protocol-core-5e3e2ab889f06831f4fe2e8460066ded40ccf0a8::PCVSwapperUniswap,DAPP,DAppSCAN-source/contracts/consensys-Fei_Protocol_v2_Phase_1/fei-protocol-core-5e3e2ab889f06831f4fe2e8460066ded40ccf0a8,PCVSwapperUniswap,0,0,12,12,4,32,0,0
train,DAPP::DAppSCAN-source/contracts/consensys-Fei_Protocol_v2_Phase_1/fei-protocol-core-5e3e2ab889f06831f4fe2e8460066ded40ccf0a8::UniswapPCVController,DAPP,DAppSCAN-source/contracts/consensys-Fei_Protocol_v2_Phase_1/fei-protocol-core-5e3e2ab889f06831f4fe2e8460066ded40ccf0a8,UniswapPCVController,0,0,14,14,2,38,0,0
train,DAPP::DAppSCAN-source/contracts/consensys-Fei_Protocol_v2_Phase_1/fei-protocol-core-5e3e2ab889f06831f4fe2e8460066ded40ccf0a8::UniswapPCVDeposit,DAPP,DAppSCAN-source/contracts/consensys-Fei_Protocol_v2_Phase_1/fei-protocol-core-5e3e2ab889f06831f4fe2e8460066ded40ccf0a8,UniswapPCVDeposit,0,0,17,17,3,53,0,0
train,DAPP::DAppSCAN-source/contracts/consensys-Fei_Protocol_v2_Phase_1/fei-protocol-core-5e3e2ab889f06831f4fe2e8460066ded40ccf0a8::BaseBalancerPoolManager,DAPP,DAppSCAN-source/contracts/consensys-Fei_Protocol_v2_Phase_1/fei-protocol-core-5e3e2ab889f06831f4fe2e8460066ded40ccf0a8,BaseBalancerPoolManager,0,0,4,4,1,8,0,0
train,DAPP::DAppSCAN-source/contracts/consensys-Fei_Protocol_v2_Phase_1/fei-protocol-core-5e3e2ab889f06831f4fe2e8460066ded40ccf0a8::WeightedBalancerPoolManager,DAPP,DAppSCAN-source/contracts/consensys-Fei_Protocol_v2_Phase_1/fei-protocol-core-5e3e2ab889f06831f4fe2e8460066ded40ccf0a8,WeightedBalancerPoolManager,0,0,4,4,1,8,0,0
train,DAPP::DAppSCAN-source/contracts/Coinbae-Hakka_Finance_wHakka/code::wHakka,DAPP,DAppSCAN-source/contracts/Coinbae-Hakka_Finance_wHakka/code,wHakka,1,2,2,4,2,9,0,0
train,DAPP::DAppSCAN-source/contracts/Trail_of_Bits-YieldProtocol/fyDai-4422fda75931f2bfea49f5041ec90dc026e5c03d::Unwind,DAPP,DAppSCAN-source/contracts/Trail_of_Bits-YieldProtocol/fyDai-4422fda75931f2bfea49f5041ec90dc026e5c03d,Unwind,0,0,6,6,1,22,0,0
train,DAPP::DAppSCAN-source/contracts/Trail_of_Bits-YieldProtocol/fyDai-4422fda75931f2bfea49f5041ec90dc026e5c03d::YDai,DAPP,DAppSCAN-source/contracts/Trail_of_Bits-YieldProtocol/fyDai-4422fda75931f2bfea49f5041ec90dc026e5c03d,YDai,0,0,4,4,2,16,0,0
train,DAPP::DAppSCAN-source/contracts/Trail_of_Bits-YieldProtocol/fyDai-4422fda75931f2bfea49f5041ec90dc026e5c03d::Migrations,DAPP,DAppSCAN-source/contracts/Trail_of_Bits-YieldProtocol/fyDai-4422fda75931f2bfea49f5041ec90dc026e5c03d,Migrations,0,0,1,1,0,0,0,0
train,DAPP::DAppSCAN-source/contracts/Trail_of_Bits-YieldProtocol/fyDai-4422fda75931f2bfea49f5041ec90dc026e5c03d::Treasury,DAPP,DAppSCAN-source/contracts/Trail_of_Bits-YieldProtocol/fyDai-4422fda75931f2bfea49f5041ec90dc026e5c03d,Treasury,0,0,11,11,2,95,5,0
train,DAPP::DAppSCAN-source/contracts/Trail_of_Bits-YieldProtocol/fyDai-4422fda75931f2bfea49f5041ec90dc026e5c03d::Liquidations,DAPP,DAppSCAN-source/contracts/Trail_of_Bits-YieldProtocol/fyDai-4422fda75931f2bfea49f5041ec90dc026e5c03d,Liquidations,0,0,4,4,2,10,0,0
train,DAPP::DAppSCAN-source/contracts/Trail_of_Bits-YieldProtocol/fyDai-4422fda75931f2bfea49f5041ec90dc026e5c03d::Controller,DAPP,DAppSCAN-source/contracts/Trail_of_Bits-YieldProtocol/fyDai-4422fda75931f2bfea49f5041ec90dc026e5c03d,Controller,0,0,10,10,7,44,0,0
train,DAPP::DAppSCAN-source/contracts/Trail_of_Bits-YieldProtocol/fyDai-4422fda75931f2bfea49f5041ec90dc026e5c03d::Pool,DAPP,DAppSCAN-source/contracts/Trail_of_Bits-YieldProtocol/fyDai-4422fda75931f2bfea49f5041ec90dc026e5c03d,Pool,1,1,12,13,0,110,0,0
train,DAPP::DAppSCAN-source/contracts/Trail_of_Bits-YieldProtocol/fyDai-4422fda75931f2bfea49f5041ec90dc026e5c03d::EthProxy,DAPP,DAppSCAN-source/contracts/Trail_of_Bits-YieldProtocol/fyDai-4422fda75931f2bfea49f5041ec90dc026e5c03d,EthProxy,0,0,2,2,0,1,0,0
train,DAPP::DAppSCAN-source/contracts/Trail_of_Bits-YieldProtocol/fyDai-4422fda75931f2bfea49f5041ec90dc026e5c03d::DaiProxy,DAPP,DAppSCAN-source/contracts/Trail_of_Bits-YieldProtocol/fyDai-4422fda75931f2bfea49f5041ec90dc026e5c03d,DaiProxy,0,0,4,4,0,8,0,0
train,DAPP::DAppSCAN-source/contracts/Trail_of_Bits-YieldProtocol/fyDai-4422fda75931f2bfea49f5041ec90dc026e5c03d::LimitPool,DAPP,DAppSCAN-source/contracts/Trail_of_Bits-YieldProtocol/fyDai-4422fda75931f2bfea49f5041ec90dc026e5c03d,LimitPool,0,0,4,4,0,6,0,0
train,DAPP::DAppSCAN-source/contracts/Trail_of_Bits-YieldProtocol/fyDai-4422fda75931f2bfea49f5041ec90dc026e5c03d::Splitter,DAPP,DAppSCAN-source/contracts/Trail_of_Bits-YieldProtocol/fyDai-4422fda75931f2bfea49f5041ec90dc026e5c03d,Splitter,0,0,8,8,2,40,0,0
train,DAPP::DAppSCAN-source/contracts/Trail_of_Bits-YieldProtocol/fyDai-4422fda75931f2bfea49f5041ec90dc026e5c03d::Chai,DAPP,DAppSCAN-source/contracts/Trail_of_Bits-YieldProtocol/fyDai-4422fda75931f2bfea49f5041ec90dc026e5c03d,Chai,0,0,5,5,4,34,0,0
train,DAPP::DAppSCAN-source/contracts/Trail_of_Bits-YieldProtocol/fyDai-4422fda75931f2bfea49f5041ec90dc026e5c03d::End,DAPP,DAppSCAN-source/contracts/Trail_of_Bits-YieldProtocol/fyDai-4422fda75931f2bfea49f5041ec90dc026e5c03d,End,0,0,8,8,3,46,0,0
train,DAPP::DAppSCAN-source/contracts/Trail_of_Bits-YieldProtocol/fyDai-4422fda75931f2bfea49f5041ec90dc026e5c03d::GemJoin,DAPP,DAppSCAN-source/contracts/Trail_of_Bits-YieldProtocol/fyDai-4422fda75931f2bfea49f5041ec90dc026e5c03d,GemJoin,0,0,2,2,0,2,0,0
train,DAPP::DAppSCAN-source/contracts/Trail_of_Bits-YieldProtocol/fyDai-4422fda75931f2bfea49f5041ec90dc026e5c03d::ETHJoin,DAPP,DAppSCAN-source/contracts/Trail_of_Bits-YieldProtocol/fyDai-4422fda75931f2bfea49f5041ec90dc026e5c03d,ETHJoin,0,0,2,2,0,2,0,0
train,DAPP::DAppSCAN-source/contracts/Trail_of_Bits-YieldProtocol/fyDai-4422fda75931f2bfea49f5041ec90dc026e5c03d::DaiJoin,DAPP,DAppSCAN-source/contracts/Trail_of_Bits-YieldProtocol/fyDai-4422fda75931f2bfea49f5041ec90dc026e5c03d,DaiJoin,0,0,2,2,0,2,0,0
train,DAPP::DAppSCAN-source/contracts/Trail_of_Bits-YieldProtocol/fyDai-4422fda75931f2bfea49f5041ec90dc026e5c03d::Jug,DAPP,DAppSCAN-source/contracts/Trail_of_Bits-YieldProtocol/fyDai-4422fda75931f2bfea49f5041ec90dc026e5c03d,Jug,0,0,1,1,1,2,0,0
train,DAPP::DAppSCAN-source/contracts/Trail_of_Bits-YieldProtocol/fyDai-4422fda75931f2bfea49f5041ec90dc026e5c03d::Pot,DAPP,DAppSCAN-source/contracts/Trail_of_Bits-YieldProtocol/fyDai-4422fda75931f2bfea49f5041ec90dc026e5c03d,Pot,0,0,4,4,1,11,0,0
train,DAPP::DAppSCAN-source/contracts/Trail_of_Bits-YieldProtocol/fyDai-4422fda75931f2bfea49f5041ec90dc026e5c03d::WETH9,DAPP,DAppSCAN-source/contracts/Trail_of_Bits-YieldProtocol/fyDai-4422fda75931f2bfea49f5041ec90dc026e5c03d,WETH9,0,0,1,1,0,0,0,0
train,DAPP::DAppSCAN-source/contracts/QuillAudits-Citrus Smart Contract/CitrusTechContract-e50a2a983928c10b76e6bc374ae6267f51af99b6::TimeLock,DAPP,DAppSCAN-source/contracts/QuillAudits-Citrus Smart Contract/CitrusTechContract-e50a2a983928c10b76e6bc374ae6267f51af99b6,TimeLock,1,1,1,2,1,3,0,0
train,DAPP::DAppSCAN-source/contracts/QuillAudits-Citrus Smart Contract/CitrusTechContract-e50a2a983928c10b76e6bc374ae6267f51af99b6::Citrus,DAPP,DAppSCAN-source/contracts/QuillAudits-Citrus Smart Contract/CitrusTechContract-e50a2a983928c10b76e6bc374ae6267f51af99b6,Citrus,0,0,1,1,1,2,0,0
train,DAPP::DAppSCAN-source/contracts/openzeppelin-Optimism/contracts-18e128343731b9bde23812ce932e24d81440b6b7::Helper_PrecompileCaller,DAPP,DAppSCAN-source/contracts/openzeppelin-Optimism/contracts-18e128343731b9bde23812ce932e24d81440b6b7,Helper_PrecompileCaller,0,0,1,1,0,0,0,0
train,DAPP::DAppSCAN-source/contracts/openzeppelin-Optimism/contracts-18e128343731b9bde23812ce932e24d81440b6b7::TestLib_RingBuffer,DAPP,DAppSCAN-source/contracts/openzeppelin-Optimism/contracts-18e128343731b9bde23812ce932e24d81440b6b7,TestLib_RingBuffer,0,0,5,5,0,10,0,0
train,DAPP::DAppSCAN-source/contracts/openzeppelin-Optimism/contracts-18e128343731b9bde23812ce932e24d81440b6b7::Lib_MerkleTrie,DAPP,DAppSCAN-source/contracts/openzeppelin-Optimism/contracts-18e128343731b9bde23812ce932e24d81440b6b7,Lib_MerkleTrie,0,0,1,1,0,0,0,0
train,DAPP::DAppSCAN-source/contracts/openzeppelin-Optimism/contracts-18e128343731b9bde23812ce932e24d81440b6b7::Lib_AddressResolver,DAPP,DAppSCAN-source/contracts/openzeppelin-Optimism/contracts-18e128343731b9bde23812ce932e24d81440b6b7,Lib_AddressResolver,0,0,1,1,0,0,0,0
train,DAPP::DAppSCAN-source/contracts/openzeppelin-Optimism/contracts-18e128343731b9bde23812ce932e24d81440b6b7::OVM_CanonicalTransactionChain,DAPP,DAppSCAN-source/contracts/openzeppelin-Optimism/contracts-18e128343731b9bde23812ce932e24d81440b6b7,OVM_CanonicalTransactionChain,0,0,3,3,3,8,0,0
train,DAPP::DAppSCAN-source/contracts/openzeppelin-Optimism/contracts-18e128343731b9bde23812ce932e24d81440b6b7::OVM_ChainStorageContainer,DAPP,DAppSCAN-source/contracts/openzeppelin-Optimism/contracts-18e128343731b9bde23812ce932e24d81440b6b7,OVM_ChainStorageContainer,0,0,7,7,0,15,0,0
train,DAPP::DAppSCAN-source/contracts/openzeppelin-Optimism/contracts-18e128343731b9bde23812ce932e24d81440b6b7::OVM_StateCommitmentChain,DAPP,DAppSCAN-source/contracts/openzeppelin-Optimism/contracts-18e128343731b9bde23812ce932e24d81440b6b7,OVM_StateCommitmentChain,0,0,3,3,0,2,0,0
train,DAPP::DAppSCAN-source/contracts/openzeppelin-Optimism/contracts-18e128343731b9bde23812ce932e24d81440b6b7::OVM_BondManager,DAPP,DAppSCAN-source/contracts/openzeppelin-Optimism/contracts-18e128343731b9bde23812ce932e24d81440b6b7,OVM_BondManager,0,0,5,5,0,7,0,0
train,DAPP::DAppSCAN-source/contracts/openzeppelin-Optimism/contracts-18e128343731b9bde23812ce932e24d81440b6b7::OVM_StateTransitioner,DAPP,DAppSCAN-source/contracts/openzeppelin-Optimism/contracts-18e128343731b9bde23812ce932e24d81440b6b7,OVM_StateTransitioner,0,0,7,7,0,21,0,0
train,DAPP::DAppSCAN-source/contracts/openzeppelin-Optimism/contracts-18e128343731b9bde23812ce932e24d81440b6b7::OVM_FraudVerifier,DAPP,DAppSCAN-source/contracts/openzeppelin-Optimism/contracts-18e128343731b9bde23812ce932e24d81440b6b7,OVM_FraudVerifier,0,0,3,3,1,8,0,0
train,DAPP::DAppSCAN-source/contracts/openzeppelin-Optimism/contracts-18e128343731b9bde23812ce932e24d81440b6b7::OVM_StateTransitionerFactory,DAPP,DAppSCAN-source/contracts/openzeppelin-Optimism/contracts-18e128343731b9bde23812ce932e24d81440b6b7,OVM_StateTransitionerFactory,0,0,1,1,0,0,0,0
train,DAPP::DAppSCAN-source/contracts/openzeppelin-Optimism/contracts-18e128343731b9bde23812ce932e24d81440b6b7::Abs_FraudContributor,DAPP,DAppSCAN-source/contracts/openzeppelin-Optimism/contracts-18e128343731b9bde23812ce932e24d81440b6b7,Abs_FraudContributor,0,0,1,1,0,0,0,0
train,DAPP::DAppSCAN-source/contracts/openzeppelin-Optimism/contracts-18e128343731b9bde23812ce932e24d81440b6b7::OVM_ECDSAContractAccount,DAPP,DAppSCAN-source/contracts/openzeppelin-Optimism/contracts-18e128343731b9bde23812ce932e24d81440b6b7,OVM_ECDSAContractAccount,0,0,1,1,0,0,0,0
train,DAPP::DAppSCAN-source/contracts/openzeppelin-Optimism/contracts-18e128343731b9bde23812ce932e24d81440b6b7::OVM_ProxyEOA,DAPP,DAppSCAN-source/contracts/openzeppelin-Optimism/contracts-18e128343731b9bde23812ce932e24d81440b6b7,OVM_ProxyEOA,0,0,2,2,0,1,0,0
train,DAPP::DAppSCAN-source/contracts/openzeppelin-Optimism/contracts-18e128343731b9bde23812ce932e24d81440b6b7::OVM_ExecutionManager,DAPP,DAppSCAN-source/contracts/openzeppelin-Optimism/contracts-18e128343731b9bde23812ce932e24d81440b6b7,OVM_ExecutionManager,0,0,18,18,6,177,0,0
train,DAPP::DAppSCAN-source/contracts/openzeppelin-Optimism/contracts-18e128343731b9bde23812ce932e24d81440b6b7::OVM_DeployerWhitelist,DAPP,DAppSCAN-source/contracts/openzeppelin-Optimism/contracts-18e128343731b9bde23812ce932e24d81440b6b7,OVM_DeployerWhitelist,0,0,5,5,0,13,0,0
train,DAPP::DAppSCAN-source/contracts/openzeppelin-Optimism/contracts-18e128343731b9bde23812ce932e24d81440b6b7::ERC1820Registry,DAPP,DAppSCAN-source/contracts/openzeppelin-Optimism/contracts-18e128343731b9bde23812ce932e24d81440b6b7,ERC1820Registry,0,0,1,1,1,2,0,0
train,DAPP::DAppSCAN-source/contracts/openzeppelin-Optimism/contracts-18e128343731b9bde23812ce932e24d81440b6b7::OVM_L1ERC20Gateway,DAPP,DAppSCAN-source/contracts/openzeppelin-Optimism/contracts-18e128343731b9bde23812ce932e24d81440b6b7,OVM_L1ERC20Gateway,1,2,0,2,0,1,0,0
train,DAPP::DAppSCAN-source/contracts/openzeppelin-Optimism/contracts-18e128343731b9bde23812ce932e24d81440b6b7::OVM_L1ETHGateway,DAPP,DAppSCAN-source/contracts/openzeppelin-Optimism/contracts-18e128343731b9bde23812ce932e24d81440b6b7,OVM_L1ETHGateway,0,0,1,1,0,0,0,0
train,DAPP::DAppSCAN-source/contracts/openzeppelin-Optimism/contracts-18e128343731b9bde23812ce932e24d81440b6b7::OVM_L2CrossDomainMessenger,DAPP,DAppSCAN-source/contracts/openzeppelin-Optimism/contracts-18e128343731b9bde23812ce932e24d81440b6b7,OVM_L2CrossDomainMessenger,0,0,2,2,0,0,0,0
train,DAPP::DAppSCAN-source/contracts/openzeppelin-Optimism/contracts-18e128343731b9bde23812ce932e24d81440b6b7::OVM_L1CrossDomainMessenger,DAPP,DAppSCAN-source/contracts/openzeppelin-Optimism/contracts-18e128343731b9bde23812ce932e24d81440b6b7,OVM_L1CrossDomainMessenger,0,0,2,2,0,0,0,0
train,DAPP::DAppSCAN-source/contracts/openzeppelin-Optimism/contracts-18e128343731b9bde23812ce932e24d81440b6b7::OVM_L1MultiMessageRelayer,DAPP,DAppSCAN-source/contracts/openzeppelin-Optimism/contracts-18e128343731b9bde23812ce932e24d81440b6b7,OVM_L1MultiMessageRelayer,0,0,1,1,0,0,0,0
train,DAPP::DAppSCAN-source/contracts/openzeppelin-Optimism/contracts-18e128343731b9bde23812ce932e24d81440b6b7::mockOVM_BondManager,DAPP,DAppSCAN-source/contracts/openzeppelin-Optimism/contracts-18e128343731b9bde23812ce932e24d81440b6b7,mockOVM_BondManager,0,0,1,1,0,0,0,0
train,DAPP::DAppSCAN-source/contracts/openzeppelin-Optimism/contracts-18e128343731b9bde23812ce932e24d81440b6b7::mockOVM_CrossDomainMessenger,DAPP,DAppSCAN-source/contracts/openzeppelin-Optimism/contracts-18e128343731b9bde23812ce932e24d81440b6b7,mockOVM_CrossDomainMessenger,0,0,3,3,1,3,0,0
train,DAPP::DAppSCAN-source/contracts/openzeppelin-Optimism/contracts-18e128343731b9bde23812ce932e24d81440b6b7::mockOVM_GenericCrossDomainMessenger,DAPP,DAppSCAN-source/contracts/openzeppelin-Optimism/contracts-18e128343731b9bde23812ce932e24d81440b6b7,mockOVM_GenericCrossDomainMessenger,0,0,1,1,0,0,0,0
train,DAPP::DAppSCAN-source/contracts/BlockSec-blocksec_impossible_finance_swap_v1.2/impossible-swap-core-29aaef89f996acdbee92b67c4d95fb608dc8b876::ImpossibleUtils,DAPP,DAppSCAN-source/contracts/BlockSec-blocksec_impossible_finance_swap_v1.2/impossible-swap-core-29aaef89f996acdbee92b67c4d95fb608dc8b876,ImpossibleUtils,0,0,4,4,0,6,0,0
train,DAPP::DAppSCAN-source/contracts/BlockSec-blocksec_impossible_finance_swap_v1.2/impossible-swap-core-29aaef89f996acdbee92b67c4d95fb608dc8b876::ImpossibleERC20,DAPP,DAppSCAN-source/contracts/BlockSec-blocksec_impossible_finance_swap_v1.2/impossible-swap-core-29aaef89f996acdbee92b67c4d95fb608dc8b876,ImpossibleERC20,0,0,1,1,1,2,0,0
train,DAPP::DAppSCAN-source/contracts/BlockSec-blocksec_impossible_finance_swap_v1.2/impossible-swap-core-29aaef89f996acdbee92b67c4d95fb608dc8b876::ImpossibleRouter02,DAPP,DAppSCAN-source/contracts/BlockSec-blocksec_impossible_finance_swap_v1.2/impossible-swap-core-29aaef89f996acdbee92b67c4d95fb608dc8b876,ImpossibleRouter02,0,0,22,22,0,381,7,0
train,DAPP::DAppSCAN-source/contracts/BlockSec-blocksec_impossible_finance_swap_v1.2/impossible-swap-core-29aaef89f996acdbee92b67c4d95fb608dc8b876::ImpossibleWrapperFactory,DAPP,DAppSCAN-source/contracts/BlockSec-blocksec_impossible_finance_swap_v1.2/impossible-swap-core-29aaef89f996acdbee92b67c4d95fb608dc8b876,ImpossibleWrapperFactory,0,0,1,1,0,0,0,0
train,DAPP::DAppSCAN-source/contracts/BlockSec-blocksec_impossible_finance_swap_v1.2/impossible-swap-core-29aaef89f996acdbee92b67c4d95fb608dc8b876::ImpossibleWrappedToken,DAPP,DAppSCAN-source/contracts/BlockSec-blocksec_impossible_finance_swap_v1.2/impossible-swap-core-29aaef89f996acdbee92b67c4d95fb608dc8b876,ImpossibleWrappedToken,1,1,1,2,1,3,0,0
train,DAPP::DAppSCAN-source/contracts/BlockSec-blocksec_impossible_finance_swap_v1.2/impossible-swap-core-29aaef89f996acdbee92b67c4d95fb608dc8b876::ImpossibleSwapFactory,DAPP,DAppSCAN-source/contracts/BlockSec-blocksec_impossible_finance_swap_v1.2/impossible-swap-core-29aaef89f996acdbee92b67c4d95fb608dc8b876,ImpossibleSwapFactory,0,0,1,1,0,0,0,0
train,DAPP::DAppSCAN-source/contracts/BlockSec-blocksec_impossible_finance_swap_v1.2/impossible-swap-core-29aaef89f996acdbee92b67c4d95fb608dc8b876::ImpossiblePair,DAPP,DAppSCAN-source/contracts/BlockSec-blocksec_impossible_finance_swap_v1.2/impossible-swap-core-29aaef89f996acdbee92b67c4d95fb608dc8b876,ImpossiblePair,0,0,9,9,5,63,0,0
train,DAPP::DAppSCAN-source/contracts/BlockSec-blocksec_impossible_finance_swap_v1.2/impossible-swap-core-29aaef89f996acdbee92b67c4d95fb608dc8b876::WETH9,DAPP,DAppSCAN-source/contracts/BlockSec-blocksec_impossible_finance_swap_v1.2/impossible-swap-core-29aaef89f996acdbee92b67c4d95fb608dc8b876,WETH9,0,0,1,1,0,0,0,0
train,DAPP::DAppSCAN-source/contracts/BlockSec-blocksec_impossible_finance_swap_v1.2/impossible-swap-core-29aaef89f996acdbee92b67c4d95fb608dc8b876::ERC20,DAPP,DAppSCAN-source/contracts/BlockSec-blocksec_impossible_finance_swap_v1.2/impossible-swap-core-29aaef89f996acdbee92b67c4d95fb608dc8b876,ERC20,0,0,1,1,1,2,0,0
train,DAPP::DAppSCAN-source/contracts/ImmuneBytes-PolyTrade-Audit Report(Lender Portal)/lender-portal-contracts-dev::LenderPool,DAPP,DAppSCAN-source/contracts/ImmuneBytes-PolyTrade-Audit Report(Lender Portal)/lender-portal-contracts-dev,LenderPool,1,1,7,8,1,27,0,0
train,DAPP::DAppSCAN-source/contracts/SlowMist-Starcrazy Smart Contract Security Audit Report/starcrazy-contracts-e9e11d234ac065726e108a73dfcd5efbad26f2c5::GFT,DAPP,DAppSCAN-source/contracts/SlowMist-Starcrazy Smart Contract Security Audit Report/starcrazy-contracts-e9e11d234ac065726e108a73dfcd5efbad26f2c5,GFT,0,0,2,2,0,0,0,0
train,DAPP::DAppSCAN-source/contracts/SlowMist-Starcrazy Smart Contract Security Audit Report/starcrazy-contracts-e9e11d234ac065726e108a73dfcd5efbad26f2c5::LPMint,DAPP,DAppSCAN-source/contracts/SlowMist-Starcrazy Smart Contract Security Audit Report/starcrazy-contracts-e9e11d234ac065726e108a73dfcd5efbad26f2c5,LPMint,0,0,7,7,0,30,0,0
train,DAPP::DAppSCAN-source/contracts/SlowMist-Starcrazy Smart Contract Security Audit Report/starcrazy-contracts-e9e11d234ac065726e108a73dfcd5efbad26f2c5::ClockAuctionBase,DAPP,DAppSCAN-source/contracts/SlowMist-Starcrazy Smart Contract Security Audit Report/starcrazy-contracts-e9e11d234ac065726e108a73dfcd5efbad26f2c5,ClockAuctionBase,0,0,4,4,4,12,0,0
train,DAPP::DAppSCAN-source/contracts/SlowMist-Starcrazy Smart Contract Security Audit Report/starcrazy-contracts-e9e11d234ac065726e108a73dfcd5efbad26f2c5::Auction,DAPP,DAppSCAN-source/contracts/SlowMist-Starcrazy Smart Contract Security Audit Report/starcrazy-contracts-e9e11d234ac065726e108a73dfcd5efbad26f2c5,Auction,0,0,5,5,5,16,0,0
train,DAPP::DAppSCAN-source/contracts/SlowMist-Starcrazy Smart Contract Security Audit Report/starcrazy-contracts-e9e11d234ac065726e108a73dfcd5efbad26f2c5::AlianaMinting,DAPP,DAppSCAN-source/contracts/SlowMist-Starcrazy Smart Contract Security Audit Report/starcrazy-contracts-e9e11d234ac065726e108a73dfcd5efbad26f2c5,AlianaMinting,1,1,6,7,1,34,0,0
train,DAPP::DAppSCAN-source/contracts/SlowMist-Starcrazy Smart Contract Security Audit Report/starcrazy-contracts-e9e11d234ac065726e108a73dfcd5efbad26f2c5::AlianaSale,DAPP,DAppSCAN-source/contracts/SlowMist-Starcrazy Smart Contract Security Audit Report/starcrazy-contracts-e9e11d234ac065726e108a73dfcd5efbad26f2c5,AlianaSale,0,0,5,5,4,26,5,0
train,DAPP::DAppSCAN-source/contracts/SlowMist-Starcrazy Smart Contract Security Audit Report/starcrazy-contracts-e9e11d234ac065726e108a73dfcd5efbad26f2c5::WGFT,DAPP,DAppSCAN-source/contracts/SlowMist-Starcrazy Smart Contract Security Audit Report/starcrazy-contracts-e9e11d234ac065726e108a73dfcd5efbad26f2c5,WGFT,0,0,4,4,2,6,0,0
train,DAPP::DAppSCAN-source/contracts/SlowMist-Starcrazy Smart Contract Security Audit Report/starcrazy-contracts-e9e11d234ac065726e108a73dfcd5efbad26f2c5::GFS,DAPP,DAppSCAN-source/contracts/SlowMist-Starcrazy Smart Contract Security Audit Report/starcrazy-contracts-e9e11d234ac065726e108a73dfcd5efbad26f2c5,GFS,0,0,2,2,0,0,0,0
train,DAPP::DAppSCAN-source/contracts/SlowMist-Starcrazy Smart Contract Security Audit Report/starcrazy-contracts-e9e11d234ac065726e108a73dfcd5efbad26f2c5::Aliana,DAPP,DAppSCAN-source/contracts/SlowMist-Starcrazy Smart Contract Security Audit Report/starcrazy-contracts-e9e11d234ac065726e108a73dfcd5efbad26f2c5,Aliana,0,0,6,6,1,22,0,0
train,DAPP::DAppSCAN-source/contracts/SlowMist-Starcrazy Smart Contract Security Audit Report/starcrazy-contracts-e9e11d234ac065726e108a73dfcd5efbad26f2c5::GFSMint,DAPP,DAppSCAN-source/contracts/SlowMist-Starcrazy Smart Contract Security Audit Report/starcrazy-contracts-e9e11d234ac065726e108a73dfcd5efbad26f2c5,GFSMint,0,0,7,7,0,30,0,0
train,DAPP::DAppSCAN-source/contracts/SlowMist-Starcrazy Smart Contract Security Audit Report/starcrazy-contracts-e9e11d234ac065726e108a73dfcd5efbad26f2c5::GFSBonus,DAPP,DAppSCAN-source/contracts/SlowMist-Starcrazy Smart Contract Security Audit Report/starcrazy-contracts-e9e11d234ac065726e108a73dfcd5efbad26f2c5,GFSBonus,0,0,6,6,1,25,0,0
train,DAPP::DAppSCAN-source/contracts/SlowMist-Starcrazy Smart Contract Security Audit Report/starcrazy-contracts-e9e11d234ac065726e108a73dfcd5efbad26f2c5::FlashSaleBase,DAPP,DAppSCAN-source/contracts/SlowMist-Starcrazy Smart Contract Security Audit Report/starcrazy-contracts-e9e11d234ac065726e108a73dfcd5efbad26f2c5,FlashSaleBase,0,0,2,2,5,13,0,0
train,DAPP::DAppSCAN-source/contracts/SlowMist-Starcrazy Smart Contract Security Audit Report/starcrazy-contracts-e9e11d234ac065726e108a73dfcd5efbad26f2c5::FlashSale,DAPP,DAppSCAN-source/contracts/SlowMist-Starcrazy Smart Contract Security Audit Report/starcrazy-contracts-e9e11d234ac065726e108a73dfcd5efbad26f2c5,FlashSale,0,0,3,3,6,17,0,0
train,DAPP::DAppSCAN-source/contracts/SlowMist-Starcrazy Smart Contract Security Audit Report/starcrazy-contracts-e9e11d234ac065726e108a73dfcd5efbad26f2c5::DSToken,DAPP,DAppSCAN-source/contracts/SlowMist-Starcrazy Smart Contract Security Audit Report/starcrazy-contracts-e9e11d234ac065726e108a73dfcd5efbad26f2c5,DSToken,0,0,1,1,0,0,0,0
train,DAPP::DAppSCAN-source/contracts/SlowMist-Starcrazy Smart Contract Security Audit Report/starcrazy-contracts-e9e11d234ac065726e108a73dfcd5efbad26f2c5::DSAuth,DAPP,DAppSCAN-source/contracts/SlowMist-Starcrazy Smart Contract Security Audit Report/starcrazy-contracts-e9e11d234ac065726e108a73dfcd5efbad26f2c5,DSAuth,0,0,1,1,0,0,0,0
train,DAPP::DAppSCAN-source/contracts/SlowMist-Starcrazy Smart Contract Security Audit Report/starcrazy-contracts-e9e11d234ac065726e108a73dfcd5efbad26f2c5::AlianaOwnership,DAPP,DAppSCAN-source/contracts/SlowMist-Starcrazy Smart Contract Security Audit Report/starcrazy-contracts-e9e11d234ac065726e108a73dfcd5efbad26f2c5,AlianaOwnership,0,0,3,3,0,3,0,0
train,DAPP::DAppSCAN-source/contracts/SlowMist-Starcrazy Smart Contract Security Audit Report/starcrazy-contracts-e9e11d234ac065726e108a73dfcd5efbad26f2c5::AlianaBase,DAPP,DAppSCAN-source/contracts/SlowMist-Starcrazy Smart Contract Security Audit Report/starcrazy-contracts-e9e11d234ac065726e108a73dfcd5efbad26f2c5,AlianaBase,0,0,3,3,0,3,0,0
train,DAPP::DAppSCAN-source/contracts/SlowMist-Starcrazy Smart Contract Security Audit Report/starcrazy-contracts-e9e11d234ac065726e108a73dfcd5efbad26f2c5::NFTokenMetadata,DAPP,DAppSCAN-source/contracts/SlowMist-Starcrazy Smart Contract Security Audit Report/starcrazy-contracts-e9e11d234ac065726e108a73dfcd5efbad26f2c5,NFTokenMetadata,0,0,1,1,1,2,0,0
train,DAPP::DAppSCAN-source/contracts/SlowMist-Starcrazy Smart Contract Security Audit Report/starcrazy-contracts-e9e11d234ac065726e108a73dfcd5efbad26f2c5::NFToken,DAPP,DAppSCAN-source/contracts/SlowMist-Starcrazy Smart Contract Security Audit Report/starcrazy-contracts-e9e11d234ac065726e108a73dfcd5efbad26f2c5,NFToken,0,0,1,1,1,2,0,0
train,DAPP::DAppSCAN-source/contracts/SlowMist-Starcrazy Smart Contract Security Audit Report/starcrazy-contracts-e9e11d234ac065726e108a73dfcd5efbad26f2c5::NFTokenEnumerable,DAPP,DAppSCAN-source/contracts/SlowMist-Starcrazy Smart Contract Security Audit Report/starcrazy-contracts-e9e11d234ac065726e108a73dfcd5efbad26f2c5,NFTokenEnumerable,0,0,1,1,1,2,0,0
train,DAPP::DAppSCAN-source/contracts/consensys-MCDEX_Mai_Protocol_V2/mai-protocol-v2-4b198083ec4ae2d6851e101fc44ea333eaa3cd92::Migrations,DAPP,DAppSCAN-source/contracts/consensys-MCDEX_Mai_Protocol_V2/mai-protocol-v2-4b198083ec4ae2d6851e101fc44ea333eaa3cd92,Migrations,0,0,1,1,0,0,0,0
train,DAPP::DAppSCAN-source/contracts/consensys-MCDEX_Mai_Protocol_V2/mai-protocol-v2-4b198083ec4ae2d6851e101fc44ea333eaa3cd92::InversedChainlinkAdapter,DAPP,DAppSCAN-source/contracts/consensys-MCDEX_Mai_Protocol_V2/mai-protocol-v2-4b198083ec4ae2d6851e101fc44ea333eaa3cd92,InversedChainlinkAdapter,0,0,1,1,0,0,0,0
train,DAPP::DAppSCAN-source/contracts/consensys-MCDEX_Mai_Protocol_V2/mai-protocol-v2-4b198083ec4ae2d6851e101fc44ea333eaa3cd92::LibOrder,DAPP,DAppSCAN-source/contracts/consensys-MCDEX_Mai_Protocol_V2/mai-protocol-v2-4b198083ec4ae2d6851e101fc44ea333eaa3cd92,LibOrder,0,0,2,2,0,2,0,0
train,DAPP::DAppSCAN-source/contracts/consensys-MCDEX_Mai_Protocol_V2/mai-protocol-v2-4b198083ec4ae2d6851e101fc44ea333eaa3cd92::Collateral,DAPP,DAppSCAN-source/contracts/consensys-MCDEX_Mai_Protocol_V2/mai-protocol-v2-4b198083ec4ae2d6851e101fc44ea333eaa3cd92,Collateral,0,0,7,7,3,37,0,0
train,DAPP::DAppSCAN-source/contracts/consensys-MCDEX_Mai_Protocol_V2/mai-protocol-v2-4b198083ec4ae2d6851e101fc44ea333eaa3cd92::Position,DAPP,DAppSCAN-source/contracts/consensys-MCDEX_Mai_Protocol_V2/mai-protocol-v2-4b198083ec4ae2d6851e101fc44ea333eaa3cd92,Position,0,0,16,16,7,113,0,0
train,DAPP::DAppSCAN-source/contracts/consensys-MCDEX_Mai_Protocol_V2/mai-protocol-v2-4b198083ec4ae2d6851e101fc44ea333eaa3cd92::Perpetual,DAPP,DAppSCAN-source/contracts/consensys-MCDEX_Mai_Protocol_V2/mai-protocol-v2-4b198083ec4ae2d6851e101fc44ea333eaa3cd92,Perpetual,0,0,21,21,10,117,0,0
train,DAPP::DAppSCAN-source/contracts/consensys-MCDEX_Mai_Protocol_V2/mai-protocol-v2-4b198083ec4ae2d6851e101fc44ea333eaa3cd92::Exchange,DAPP,DAppSCAN-source/contracts/consensys-MCDEX_Mai_Protocol_V2/mai-protocol-v2-4b198083ec4ae2d6851e101fc44ea333eaa3cd92,Exchange,0,0,4,4,0,8,0,0
train,DAPP::DAppSCAN-source/contracts/consensys-MCDEX_Mai_Protocol_V2/mai-protocol-v2-4b198083ec4ae2d6851e101fc44ea333eaa3cd92::TestCollateral,DAPP,DAppSCAN-source/contracts/consensys-MCDEX_Mai_Protocol_V2/mai-protocol-v2-4b198083ec4ae2d6851e101fc44ea333eaa3cd92,TestCollateral,0,0,7,7,3,37,0,0
train,DAPP::DAppSCAN-source/contracts/consensys-MCDEX_Mai_Protocol_V2/mai-protocol-v2-4b198083ec4ae2d6851e101fc44ea333eaa3cd92::TestPerpetual,DAPP,DAppSCAN-source/contracts/consensys-MCDEX_Mai_Protocol_V2/mai-protocol-v2-4b198083ec4ae2d6851e101fc44ea333eaa3cd92,TestPerpetual,0,0,21,21,10,117,0,0
train,DAPP::DAppSCAN-source/contracts/consensys-MCDEX_Mai_Protocol_V2/mai-protocol-v2-4b198083ec4ae2d6851e101fc44ea333eaa3cd92::TestPosition,DAPP,DAppSCAN-source/contracts/consensys-MCDEX_Mai_Protocol_V2/mai-protocol-v2-4b198083ec4ae2d6851e101fc44ea333eaa3cd92,TestPosition,0,0,16,16,7,113,0,0
train,DAPP::DAppSCAN-source/contracts/consensys-MCDEX_Mai_Protocol_V2/mai-protocol-v2-4b198083ec4ae2d6851e101fc44ea333eaa3cd92::TestAMM,DAPP,DAppSCAN-source/contracts/consensys-MCDEX_Mai_Protocol_V2/mai-protocol-v2-4b198083ec4ae2d6851e101fc44ea333eaa3cd92,TestAMM,0,0,30,30,8,416,0,0
train,DAPP::DAppSCAN-source/contracts/consensys-MCDEX_Mai_Protocol_V2/mai-protocol-v2-4b198083ec4ae2d6851e101fc44ea333eaa3cd92::AMM,DAPP,DAppSCAN-source/contracts/consensys-MCDEX_Mai_Protocol_V2/mai-protocol-v2-4b198083ec4ae2d6851e101fc44ea333eaa3cd92,AMM,1,1,30,31,6,414,0,0
train,DAPP::DAppSCAN-source/contracts/consensys-MCDEX_Mai_Protocol_V2/mai-protocol-v2-4b198083ec4ae2d6851e101fc44ea333eaa3cd92::PerpetualProxy,DAPP,DAppSCAN-source/contracts/consensys-MCDEX_Mai_Protocol_V2/mai-protocol-v2-4b198083ec4ae2d6851e101fc44ea333eaa3cd92,PerpetualProxy,0,0,30,30,0,458,0,0
train,DAPP::DAppSCAN-source/contracts/PeckShield-Tranchessv1.0/contract-core-5ac3d997da3ef37b0135565a11c5ebcc519862aa::BscAprOracle,DAPP,DAppSCAN-source/contracts/PeckShield-Tranchessv1.0/contract-core-5ac3d997da3ef37b0135565a11c5ebcc519862aa,BscAprOracle,0,0,1,1,0,0,0,0
train,DAPP::DAppSCAN-source/contracts/PeckShield-Tranchessv1.0/contract-core-5ac3d997da3ef37b0135565a11c5ebcc519862aa::AprOracle,DAPP,DAppSCAN-source/contracts/PeckShield-Tranchessv1.0/contract-core-5ac3d997da3ef37b0135565a11c5ebcc519862aa,AprOracle,0,0,1,1,0,0,0,0
train,DAPP::DAppSCAN-source/contracts/PeckShield-Tranchessv1.0/contract-core-5ac3d997da3ef37b0135565a11c5ebcc519862aa::Exchange,DAPP,DAppSCAN-source/contracts/PeckShield-Tranchessv1.0/contract-core-5ac3d997da3ef37b0135565a11c5ebcc519862aa,Exchange,0,0,29,29,4,378,0,0
train,DAPP::DAppSCAN-source/contracts/PeckShield-Tranchessv1.0/contract-core-5ac3d997da3ef37b0135565a11c5ebcc519862aa::ExchangeRoles,DAPP,DAppSCAN-source/contracts/PeckShield-Tranchessv1.0/contract-core-5ac3d997da3ef37b0135565a11c5ebcc519862aa,ExchangeRoles,0,0,1,1,0,0,0,0
train,DAPP::DAppSCAN-source/contracts/PeckShield-Tranchessv1.0/contract-core-5ac3d997da3ef37b0135565a11c5ebcc519862aa::Staking,DAPP,DAppSCAN-source/contracts/PeckShield-Tranchessv1.0/contract-core-5ac3d997da3ef37b0135565a11c5ebcc519862aa,Staking,0,0,17,17,2,246,0,0
train,DAPP::DAppSCAN-source/contracts/PeckShield-Tranchessv1.0/contract-core-5ac3d997da3ef37b0135565a11c5ebcc519862aa::Share,DAPP,DAppSCAN-source/contracts/PeckShield-Tranchessv1.0/contract-core-5ac3d997da3ef37b0135565a11c5ebcc519862aa,Share,0,0,8,8,0,28,0,0
train,DAPP::DAppSCAN-source/contracts/PeckShield-Tranchessv1.0/contract-core-5ac3d997da3ef37b0135565a11c5ebcc519862aa::FundRoles,DAPP,DAppSCAN-source/contracts/PeckShield-Tranchessv1.0/contract-core-5ac3d997da3ef37b0135565a11c5ebcc519862aa,FundRoles,0,0,5,5,0,10,0,0
train,DAPP::DAppSCAN-source/contracts/PeckShield-Tranchessv1.0/contract-core-5ac3d997da3ef37b0135565a11c5ebcc519862aa::PrimaryMarket,DAPP,DAppSCAN-source/contracts/PeckShield-Tranchessv1.0/contract-core-5ac3d997da3ef37b0135565a11c5ebcc519862aa,PrimaryMarket,0,0,7,7,1,42,0,0
train,DAPP::DAppSCAN-source/contracts/PeckShield-Tranchessv1.0/contract-core-5ac3d997da3ef37b0135565a11c5ebcc519862aa::Fund,DAPP,DAppSCAN-source/contracts/PeckShield-Tranchessv1.0/contract-core-5ac3d997da3ef37b0135565a11c5ebcc519862aa,Fund,0,0,9,9,7,46,0,0
train,DAPP::DAppSCAN-source/contracts/PeckShield-Tranchessv1.0/contract-core-5ac3d997da3ef37b0135565a11c5ebcc519862aa::ProtocolDataProvider,DAPP,DAppSCAN-source/contracts/PeckShield-Tranchessv1.0/contract-core-5ac3d997da3ef37b0135565a11c5ebcc519862aa,ProtocolDataProvider,0,0,2,2,1,3,0,0
train,DAPP::DAppSCAN-source/contracts/PeckShield-Tranchessv1.0/contract-core-5ac3d997da3ef37b0135565a11c5ebcc519862aa::StakingTestWrapper,DAPP,DAppSCAN-source/contracts/PeckShield-Tranchessv1.0/contract-core-5ac3d997da3ef37b0135565a11c5ebcc519862aa,StakingTestWrapper,0,0,17,17,2,246,0,0
train,DAPP::DAppSCAN-source/contracts/PeckShield-Tranchessv1.0/contract-core-5ac3d997da3ef37b0135565a11c5ebcc519862aa::OrderQueueTestWrapper,DAPP,DAppSCAN-source/contracts/PeckShield-Tranchessv1.0/contract-core-5ac3d997da3ef37b0135565a11c5ebcc519862aa,OrderQueueTestWrapper,0,0,5,5,0,10,0,0
train,DAPP::DAppSCAN-source/contracts/PeckShield-Tranchessv1.0/contract-core-5ac3d997da3ef37b0135565a11c5ebcc519862aa::VotingEscrow,DAPP,DAppSCAN-source/contracts/PeckShield-Tranchessv1.0/contract-core-5ac3d997da3ef37b0135565a11c5ebcc519862aa,VotingEscrow,0,0,5,5,1,13,0,0
train,DAPP::DAppSCAN-source/contracts/PeckShield-Tranchessv1.0/contract-core-5ac3d997da3ef37b0135565a11c5ebcc519862aa::InterestRateBallot,DAPP,DAppSCAN-source/contracts/PeckShield-Tranchessv1.0/contract-core-5ac3d997da3ef37b0135565a11c5ebcc519862aa,InterestRateBallot,0,0,1,1,1,2,0,0
train,DAPP::DAppSCAN-source/contracts/PeckShield-Tranchessv1.0/contract-core-5ac3d997da3ef37b0135565a11c5ebcc519862aa::VestingEscrow,DAPP,DAppSCAN-source/contracts/PeckShield-Tranchessv1.0/contract-core-5ac3d997da3ef37b0135565a11c5ebcc519862aa,VestingEscrow,0,0,2,2,1,3,0,0
train,DAPP::DAppSCAN-source/contracts/PeckShield-Tranchessv1.0/contract-core-5ac3d997da3ef37b0135565a11c5ebcc519862aa::ChessRoles,DAPP,DAppSCAN-source/contracts/PeckShield-Tranchessv1.0/contract-core-5ac3d997da3ef37b0135565a11c5ebcc519862aa,ChessRoles,0,0,5,5,0,10,0,0
train,DAPP::DAppSCAN-source/contracts/PeckShield-Tranchessv1.0/contract-core-5ac3d997da3ef37b0135565a11c5ebcc519862aa::ChessSchedule,DAPP,DAppSCAN-source/contracts/PeckShield-Tranchessv1.0/contract-core-5ac3d997da3ef37b0135565a11c5ebcc519862aa,ChessSchedule,0,0,7,7,1,13,0,0
train,DAPP::DAppSCAN-source/contracts/PeckShield-Tranchessv1.0/contract-core-5ac3d997da3ef37b0135565a11c5ebcc519862aa::LiquidityStaking,DAPP,DAppSCAN-source/contracts/PeckShield-Tranchessv1.0/contract-core-5ac3d997da3ef37b0135565a11c5ebcc519862aa,LiquidityStaking,1,1,3,4,0,4,0,0
train,DAPP::DAppSCAN-source/contracts/Runtime_Vеrification-Tracer_Perpetual_Pools_V2/vesting-a02cbd5e73e629b5d80c0af0202a3ee6f18d0216::Vesting,DAPP,DAppSCAN-source/contracts/Runtime_Vеrification-Tracer_Perpetual_Pools_V2/vesting-a02cbd5e73e629b5d80c0af0202a3ee6f18d0216,Vesting,1,1,3,4,0,7,0,0
train,DAPP::DAppSCAN-source/contracts/Inspex-AutoCompoundVault/mondayclub-9ec29e0bb41a6bbef5484976502c924f4557ca02::StrategyCommonChefLP,DAPP,DAppSCAN-source/contracts/Inspex-AutoCompoundVault/mondayclub-9ec29e0bb41a6bbef5484976502c924f4557ca02,StrategyCommonChefLP,1,2,8,10,1,53,0,0
train,DAPP::DAppSCAN-source/contracts/QuillAudits-BCUBE Smart Contract/b-cube-ico-13f9f8a991a65f3e0ca60a2078121fdd5a921fb0::NewSaleTreasury,DAPP,DAppSCAN-source/contracts/QuillAudits-BCUBE Smart Contract/b-cube-ico-13f9f8a991a65f3e0ca60a2078121fdd5a921fb0,NewSaleTreasury,0,0,6,6,0,12,0,0
train,DAPP::DAppSCAN-source/contracts/QuillAudits-BCUBE Smart Contract/b-cube-ico-13f9f8a991a65f3e0ca60a2078121fdd5a921fb0::Treasury,DAPP,DAppSCAN-source/contracts/QuillAudits-BCUBE Smart Contract/b-cube-ico-13f9f8a991a65f3e0ca60a2078121fdd5a921fb0,Treasury,0,0,10,10,1,27,6,0
train,DAPP::DAppSCAN-source/contracts/QuillAudits-BCUBE Smart Contract/b-cube-ico-13f9f8a991a65f3e0ca60a2078121fdd5a921fb0::BCubePublicSale,DAPP,DAppSCAN-source/contracts/QuillAudits-BCUBE Smart Contract/b-cube-ico-13f9f8a991a65f3e0ca60a2078121fdd5a921fb0,BCubePublicSale,1,1,5,6,1,15,0,0
train,DAPP::DAppSCAN-source/contracts/QuillAudits-BCUBE Smart Contract/b-cube-ico-13f9f8a991a65f3e0ca60a2078121fdd5a921fb0::B3NewSale,DAPP,DAppSCAN-source/contracts/QuillAudits-BCUBE Smart Contract/b-cube-ico-13f9f8a991a65f3e0ca60a2078121fdd5a921fb0,B3NewSale,0,0,4,4,0,6,0,0
train,DAPP::DAppSCAN-source/contracts/QuillAudits-BCUBE Smart Contract/b-cube-ico-13f9f8a991a65f3e0ca60a2078121fdd5a921fb0::PublicSaleTreasury,DAPP,DAppSCAN-source/contracts/QuillAudits-BCUBE Smart Contract/b-cube-ico-13f9f8a991a65f3e0ca60a2078121fdd5a921fb0,PublicSaleTreasury,0,0,7,7,1,18,0,0
train,DAPP::DAppSCAN-source/contracts/QuillAudits-BCUBE Smart Contract/b-cube-ico-13f9f8a991a65f3e0ca60a2078121fdd5a921fb0::BCubePrivateSale,DAPP,DAppSCAN-source/contracts/QuillAudits-BCUBE Smart Contract/b-cube-ico-13f9f8a991a65f3e0ca60a2078121fdd5a921fb0,BCubePrivateSale,0,0,4,4,1,8,0,0
train,DAPP::DAppSCAN-source/contracts/QuillAudits-BCUBE Smart Contract/b-cube-ico-13f9f8a991a65f3e0ca60a2078121fdd5a921fb0::Staking,DAPP,DAppSCAN-source/contracts/QuillAudits-BCUBE Smart Contract/b-cube-ico-13f9f8a991a65f3e0ca60a2078121fdd5a921fb0,Staking,0,0,2,2,0,1,0,0
train,DAPP::DAppSCAN-source/contracts/Solidified-Aztec Element Bridge/aztec-connect-bridges-ac2e7194b5887ea11a607b4cf8de0547b3d7fdd0::RollupProcessor,DAPP,DAppSCAN-source/contracts/Solidified-Aztec Element Bridge/aztec-connect-bridges-ac2e7194b5887ea11a607b4cf8de0547b3d7fdd0,RollupProcessor,0,0,2,2,1,3,0,0
train,DAPP::DAppSCAN-source/contracts/Solidified-Aztec Element Bridge/aztec-connect-bridges-ac2e7194b5887ea11a607b4cf8de0547b3d7fdd0::HeapTestContract,DAPP,DAppSCAN-source/contracts/Solidified-Aztec Element Bridge/aztec-connect-bridges-ac2e7194b5887ea11a607b4cf8de0547b3d7fdd0,HeapTestContract,0,0,5,5,0,10,0,0
train,DAPP::DAppSCAN-source/contracts/Solidified-Aztec Element Bridge/aztec-connect-bridges-ac2e7194b5887ea11a607b4cf8de0547b3d7fdd0::StakingBridgeTestInternal,DAPP,DAppSCAN-source/contracts/Solidified-Aztec Element Bridge/aztec-connect-bridges-ac2e7194b5887ea11a607b4cf8de0547b3d7fdd0,StakingBridgeTestInternal,0,0,8,8,2,27,0,0
train,DAPP::DAppSCAN-source/contracts/Solidified-Aztec Element Bridge/aztec-connect-bridges-ac2e7194b5887ea11a607b4cf8de0547b3d7fdd0::StabilityPoolBridgeTestInternal,DAPP,DAppSCAN-source/contracts/Solidified-Aztec Element Bridge/aztec-connect-bridges-ac2e7194b5887ea11a607b4cf8de0547b3d7fdd0,StabilityPoolBridgeTestInternal,0,0,8,8,2,27,0,0
train,DAPP::DAppSCAN-source/contracts/Solidified-Aztec Element Bridge/aztec-connect-bridges-ac2e7194b5887ea11a607b4cf8de0547b3d7fdd0::TestUtil,DAPP,DAppSCAN-source/contracts/Solidified-Aztec Element Bridge/aztec-connect-bridges-ac2e7194b5887ea11a607b4cf8de0547b3d7fdd0,TestUtil,0,0,3,3,0,4,0,0
train,DAPP::DAppSCAN-source/contracts/Solidified-Aztec Element Bridge/aztec-connect-bridges-ac2e7194b5887ea11a607b4cf8de0547b3d7fdd0::LidoBridge,DAPP,DAppSCAN-source/contracts/Solidified-Aztec Element Bridge/aztec-connect-bridges-ac2e7194b5887ea11a607b4cf8de0547b3d7fdd0,LidoBridge,0,0,1,1,0,0,0,0
train,DAPP::DAppSCAN-source/contracts/Solidified-Aztec Element Bridge/aztec-connect-bridges-ac2e7194b5887ea11a607b4cf8de0547b3d7fdd0::ElementBridge,DAPP,DAppSCAN-source/contracts/Solidified-Aztec Element Bridge/aztec-connect-bridges-ac2e7194b5887ea11a607b4cf8de0547b3d7fdd0,ElementBridge,1,1,7,8,3,34,0,0
train,DAPP::DAppSCAN-source/contracts/Solidified-Aztec Element Bridge/aztec-connect-bridges-ac2e7194b5887ea11a607b4cf8de0547b3d7fdd0::MinHeap,DAPP,DAppSCAN-source/contracts/Solidified-Aztec Element Bridge/aztec-connect-bridges-ac2e7194b5887ea11a607b4cf8de0547b3d7fdd0,MinHeap,0,0,1,1,0,0,0,0
train,DAPP::DAppSCAN-source/contracts/Solidified-Aztec Element Bridge/aztec-connect-bridges-ac2e7194b5887ea11a607b4cf8de0547b3d7fdd0::ExampleBridgeContract,DAPP,DAppSCAN-source/contracts/Solidified-Aztec Element Bridge/aztec-connect-bridges-ac2e7194b5887ea11a607b4cf8de0547b3d7fdd0,ExampleBridgeContract,0,0,1,1,0,0,0,0
train,DAPP::DAppSCAN-source/contracts/Solidified-Aztec Element Bridge/aztec-connect-bridges-ac2e7194b5887ea11a607b4cf8de0547b3d7fdd0::TroveBridge,DAPP,DAppSCAN-source/contracts/Solidified-Aztec Element Bridge/aztec-connect-bridges-ac2e7194b5887ea11a607b4cf8de0547b3d7fdd0,TroveBridge,0,0,4,4,0,15,0,0
train,DAPP::DAppSCAN-source/contracts/Solidified-Aztec Element Bridge/aztec-connect-bridges-ac2e7194b5887ea11a607b4cf8de0547b3d7fdd0::StabilityPoolBridge,DAPP,DAppSCAN-source/contracts/Solidified-Aztec Element Bridge/aztec-connect-bridges-ac2e7194b5887ea11a607b4cf8de0547b3d7fdd0,StabilityPoolBridge,0,0,3,3,0,6,0,0
train,DAPP::DAppSCAN-source/contracts/Solidified-Aztec Element Bridge/aztec-connect-bridges-ac2e7194b5887ea11a607b4cf8de0547b3d7fdd0::StakingBridge,DAPP,DAppSCAN-source/contracts/Solidified-Aztec Element Bridge/aztec-connect-bridges-ac2e7194b5887ea11a607b4cf8de0547b3d7fdd0,StakingBridge,0,0,3,3,0,6,0,0
train,DAPP::DAppSCAN-source/contracts/Solidified-Aztec Element Bridge/aztec-connect-bridges-ac2e7194b5887ea11a607b4cf8de0547b3d7fdd0::IssuanceBridge,DAPP,DAppSCAN-source/contracts/Solidified-Aztec Element Bridge/aztec-connect-bridges-ac2e7194b5887ea11a607b4cf8de0547b3d7fdd0,IssuanceBridge,0,0,1,1,0,0,0,0
train,DAPP::DAppSCAN-source/contracts/Solidified-Aztec Element Bridge/aztec-connect-bridges-ac2e7194b5887ea11a607b4cf8de0547b3d7fdd0::AaveLendingBridge,DAPP,DAppSCAN-source/contracts/Solidified-Aztec Element Bridge/aztec-connect-bridges-ac2e7194b5887ea11a607b4cf8de0547b3d7fdd0,AaveLendingBridge,0,0,3,3,0,6,0,0
train,DAPP::DAppSCAN-source/contracts/Solidified-Aztec Element Bridge/aztec-connect-bridges-ac2e7194b5887ea11a607b4cf8de0547b3d7fdd0::MStableBridge,DAPP,DAppSCAN-source/contracts/Solidified-Aztec Element Bridge/aztec-connect-bridges-ac2e7194b5887ea11a607b4cf8de0547b3d7fdd0,MStableBridge,0,0,1,1,0,0,0,0
train,DAPP::DAppSCAN-source/contracts/Solidified-Aztec Element Bridge/aztec-connect-bridges-ac2e7194b5887ea11a607b4cf8de0547b3d7fdd0::RaiBridge,DAPP,DAppSCAN-source/contracts/Solidified-Aztec Element Bridge/aztec-connect-bridges-ac2e7194b5887ea11a607b4cf8de0547b3d7fdd0,RaiBridge,0,0,4,4,0,13,0,0
train,DAPP::DAppSCAN-source/contracts/QuillAudits-Algovest/AlgoVestStaking0x090e69e7F48AFC059e480F297042DEA396B971e7::AlgoVestStaking,DAPP,DAppSCAN-source/contracts/QuillAudits-Algovest/AlgoVestStaking0x090e69e7F48AFC059e480F297042DEA396B971e7,AlgoVestStaking,1,1,6,7,5,36,0,0
train,DAPP::DAppSCAN-source/contracts/consensys-Connext NXTP — Noncustodial Xchain Transfer Protocol/nxtp-0656436d654cfe0313fa3c2bbc81aa86232ade16::TransactionManager,DAPP,DAppSCAN-source/contracts/consensys-Connext NXTP — Noncustodial Xchain Transfer Protocol/nxtp-0656436d654cfe0313fa3c2bbc81aa86232ade16,TransactionManager,1,1,2,3,1,6,0,0
train,DAPP::DAppSCAN-source/contracts/Trail_of_Bits-setprotocol/set-protocol-contracts-b4acf144c10b1d9f3ecde4ee2820931df1cb8e4a::Core,DAPP,DAppSCAN-source/contracts/Trail_of_Bits-setprotocol/set-protocol-contracts-b4acf144c10b1d9f3ecde4ee2820931df1cb8e4a,Core,0,0,22,22,0,257,0,0
train,DAPP::DAppSCAN-source/contracts/Trail_of_Bits-setprotocol/set-protocol-contracts-b4acf144c10b1d9f3ecde4ee2820931df1cb8e4a::RebalancingSetTokenFactory,DAPP,DAppSCAN-source/contracts/Trail_of_Bits-setprotocol/set-protocol-contracts-b4acf144c10b1d9f3ecde4ee2820931df1cb8e4a,RebalancingSetTokenFactory,0,0,1,1,0,0,0,0
train,DAPP::DAppSCAN-source/contracts/Trail_of_Bits-setprotocol/set-protocol-contracts-b4acf144c10b1d9f3ecde4ee2820931df1cb8e4a::RebalancingSetToken,DAPP,DAppSCAN-source/contracts/Trail_of_Bits-setprotocol/set-protocol-contracts-b4acf144c10b1d9f3ecde4ee2820931df1cb8e4a,RebalancingSetToken,0,0,7,7,1,27,0,0
train,DAPP::DAppSCAN-source/contracts/Trail_of_Bits-setprotocol/set-protocol-contracts-b4acf144c10b1d9f3ecde4ee2820931df1cb8e4a::RebalancingSetExchangeIssuanceModule,DAPP,DAppSCAN-source/contracts/Trail_of_Bits-setprotocol/set-protocol-contracts-b4acf144c10b1d9f3ecde4ee2820931df1cb8e4a,RebalancingSetExchangeIssuanceModule,0,0,4,4,0,10,0,0
train,DAPP::DAppSCAN-source/contracts/Trail_of_Bits-setprotocol/set-protocol-contracts-b4acf144c10b1d9f3ecde4ee2820931df1cb8e4a::RebalancingTokenIssuanceModule,DAPP,DAppSCAN-source/contracts/Trail_of_Bits-setprotocol/set-protocol-contracts-b4acf144c10b1d9f3ecde4ee2820931df1cb8e4a,RebalancingTokenIssuanceModule,0,0,2,2,0,2,0,0
train,DAPP::DAppSCAN-source/contracts/Trail_of_Bits-setprotocol/set-protocol-contracts-b4acf144c10b1d9f3ecde4ee2820931df1cb8e4a::RebalanceAuctionModule,DAPP,DAppSCAN-source/contracts/Trail_of_Bits-setprotocol/set-protocol-contracts-b4acf144c10b1d9f3ecde4ee2820931df1cb8e4a,RebalanceAuctionModule,0,0,4,4,0,13,0,0
train,DAPP::DAppSCAN-source/contracts/Trail_of_Bits-setprotocol/set-protocol-contracts-b4acf144c10b1d9f3ecde4ee2820931df1cb8e4a::ExchangeIssuanceModule,DAPP,DAppSCAN-source/contracts/Trail_of_Bits-setprotocol/set-protocol-contracts-b4acf144c10b1d9f3ecde4ee2820931df1cb8e4a,ExchangeIssuanceModule,0,0,8,8,1,38,0,0
train,DAPP::DAppSCAN-source/contracts/Trail_of_Bits-setprotocol/set-protocol-contracts-b4acf144c10b1d9f3ecde4ee2820931df1cb8e4a::KyberNetworkWrapper,DAPP,DAppSCAN-source/contracts/Trail_of_Bits-setprotocol/set-protocol-contracts-b4acf144c10b1d9f3ecde4ee2820931df1cb8e4a,KyberNetworkWrapper,0,0,3,3,0,6,0,0
train,DAPP::DAppSCAN-source/contracts/Trail_of_Bits-setprotocol/set-protocol-contracts-b4acf144c10b1d9f3ecde4ee2820931df1cb8e4a::ZeroExExchangeWrapper,DAPP,DAppSCAN-source/contracts/Trail_of_Bits-setprotocol/set-protocol-contracts-b4acf144c10b1d9f3ecde4ee2820931df1cb8e4a,ZeroExExchangeWrapper,0,0,3,3,0,5,0,0
train,DAPP::DAppSCAN-source/contracts/Trail_of_Bits-setprotocol/set-protocol-contracts-b4acf144c10b1d9f3ecde4ee2820931df1cb8e4a::CoreIssuance,DAPP,DAppSCAN-source/contracts/Trail_of_Bits-setprotocol/set-protocol-contracts-b4acf144c10b1d9f3ecde4ee2820931df1cb8e4a,CoreIssuance,0,0,6,6,0,27,0,0
train,DAPP::DAppSCAN-source/contracts/Trail_of_Bits-setprotocol/set-protocol-contracts-b4acf144c10b1d9f3ecde4ee2820931df1cb8e4a::CoreAdmin,DAPP,DAppSCAN-source/contracts/Trail_of_Bits-setprotocol/set-protocol-contracts-b4acf144c10b1d9f3ecde4ee2820931df1cb8e4a,CoreAdmin,0,0,10,10,0,65,0,0
train,DAPP::DAppSCAN-source/contracts/Trail_of_Bits-setprotocol/set-protocol-contracts-b4acf144c10b1d9f3ecde4ee2820931df1cb8e4a::CoreFactory,DAPP,DAppSCAN-source/contracts/Trail_of_Bits-setprotocol/set-protocol-contracts-b4acf144c10b1d9f3ecde4ee2820931df1cb8e4a,CoreFactory,0,0,1,1,0,0,0,0
train,DAPP::DAppSCAN-source/contracts/Trail_of_Bits-setprotocol/set-protocol-contracts-b4acf144c10b1d9f3ecde4ee2820931df1cb8e4a::CoreAccounting,DAPP,DAppSCAN-source/contracts/Trail_of_Bits-setprotocol/set-protocol-contracts-b4acf144c10b1d9f3ecde4ee2820931df1cb8e4a,CoreAccounting,0,0,5,5,0,11,0,0
train,DAPP::DAppSCAN-source/contracts/Trail_of_Bits-setprotocol/set-protocol-contracts-b4acf144c10b1d9f3ecde4ee2820931df1cb8e4a::CoreModuleInteraction,DAPP,DAppSCAN-source/contracts/Trail_of_Bits-setprotocol/set-protocol-contracts-b4acf144c10b1d9f3ecde4ee2820931df1cb8e4a,CoreModuleInteraction,0,0,5,5,0,10,0,0
train,DAPP::DAppSCAN-source/contracts/Trail_of_Bits-setprotocol/set-protocol-contracts-b4acf144c10b1d9f3ecde4ee2820931df1cb8e4a::LinearAuctionPriceCurve,DAPP,DAppSCAN-source/contracts/Trail_of_Bits-setprotocol/set-protocol-contracts-b4acf144c10b1d9f3ecde4ee2820931df1cb8e4a,LinearAuctionPriceCurve,0,0,1,1,0,0,0,0
train,DAPP::DAppSCAN-source/contracts/Trail_of_Bits-setprotocol/set-protocol-contracts-b4acf144c10b1d9f3ecde4ee2820931df1cb8e4a::ExchangeExecution,DAPP,DAppSCAN-source/contracts/Trail_of_Bits-setprotocol/set-protocol-contracts-b4acf144c10b1d9f3ecde4ee2820931df1cb8e4a,ExchangeExecution,1,1,2,3,0,1,0,0
train,DAPP::DAppSCAN-source/contracts/Trail_of_Bits-setprotocol/set-protocol-contracts-b4acf144c10b1d9f3ecde4ee2820931df1cb8e4a::ETHDaiRebalancingManager,DAPP,DAppSCAN-source/contracts/Trail_of_Bits-setprotocol/set-protocol-contracts-b4acf144c10b1d9f3ecde4ee2820931df1cb8e4a,ETHDaiRebalancingManager,0,0,4,4,0,8,0,0
train,DAPP::DAppSCAN-source/contracts/Trail_of_Bits-setprotocol/set-protocol-contracts-b4acf144c10b1d9f3ecde4ee2820931df1cb8e4a::BTCDaiRebalancingManager,DAPP,DAppSCAN-source/contracts/Trail_of_Bits-setprotocol/set-protocol-contracts-b4acf144c10b1d9f3ecde4ee2820931df1cb8e4a,BTCDaiRebalancingManager,0,0,4,4,0,8,0,0
train,DAPP::DAppSCAN-source/contracts/Trail_of_Bits-setprotocol/set-protocol-contracts-b4acf144c10b1d9f3ecde4ee2820931df1cb8e4a::BTCETHRebalancingManager,DAPP,DAppSCAN-source/contracts/Trail_of_Bits-setprotocol/set-protocol-contracts-b4acf144c10b1d9f3ecde4ee2820931df1cb8e4a,BTCETHRebalancingManager,0,0,4,4,0,8,0,0
train,DAPP::DAppSCAN-source/contracts/Trail_of_Bits-setprotocol/set-protocol-contracts-b4acf144c10b1d9f3ecde4ee2820931df1cb8e4a::DSAuth,DAPP,DAppSCAN-source/contracts/Trail_of_Bits-setprotocol/set-protocol-contracts-b4acf144c10b1d9f3ecde4ee2820931df1cb8e4a,DSAuth,0,0,1,1,0,0,0,0
train,DAPP::DAppSCAN-source/contracts/Trail_of_Bits-setprotocol/set-protocol-contracts-b4acf144c10b1d9f3ecde4ee2820931df1cb8e4a::DSThing,DAPP,DAppSCAN-source/contracts/Trail_of_Bits-setprotocol/set-protocol-contracts-b4acf144c10b1d9f3ecde4ee2820931df1cb8e4a,DSThing,0,0,1,1,0,0,0,0
train,DAPP::DAppSCAN-source/contracts/Trail_of_Bits-setprotocol/set-protocol-contracts-b4acf144c10b1d9f3ecde4ee2820931df1cb8e4a::PriceFeed,DAPP,DAppSCAN-source/contracts/Trail_of_Bits-setprotocol/set-protocol-contracts-b4acf144c10b1d9f3ecde4ee2820931df1cb8e4a,PriceFeed,0,0,2,2,0,0,0,0
train,DAPP::DAppSCAN-source/contracts/Trail_of_Bits-setprotocol/set-protocol-contracts-b4acf144c10b1d9f3ecde4ee2820931df1cb8e4a::Median,DAPP,DAppSCAN-source/contracts/Trail_of_Bits-setprotocol/set-protocol-contracts-b4acf144c10b1d9f3ecde4ee2820931df1cb8e4a,Median,0,0,1,1,0,0,0,0
train,DAPP::DAppSCAN-source/contracts/Trail_of_Bits-setprotocol/set-protocol-contracts-b4acf144c10b1d9f3ecde4ee2820931df1cb8e4a::FeedFactory,DAPP,DAppSCAN-source/contracts/Trail_of_Bits-setprotocol/set-protocol-contracts-b4acf144c10b1d9f3ecde4ee2820931df1cb8e4a,FeedFactory,0,0,1,1,0,0,0,0
train,DAPP::DAppSCAN-source/contracts/PeckShield-Convex_Frax/frax-cvx-platform-2f8573ee796daa022c1050b4a749bf08049c439b::FraxUnifiedFarm_UniV3,DAPP,DAppSCAN-source/contracts/PeckShield-Convex_Frax/frax-cvx-platform-2f8573ee796daa022c1050b4a749bf08049c439b,FraxUnifiedFarm_UniV3,0,0,14,14,6,53,6,0
train,DAPP::DAppSCAN-source/contracts/PeckShield-Convex_Frax/frax-cvx-platform-2f8573ee796daa022c1050b4a749bf08049c439b::BoosterPlaceholder,DAPP,DAppSCAN-source/contracts/PeckShield-Convex_Frax/frax-cvx-platform-2f8573ee796daa022c1050b4a749bf08049c439b,BoosterPlaceholder,0,0,4,4,0,7,0,0
train,DAPP::DAppSCAN-source/contracts/PeckShield-Convex_Frax/frax-cvx-platform-2f8573ee796daa022c1050b4a749bf08049c439b::FraxUnifiedFarmTemplate,DAPP,DAppSCAN-source/contracts/PeckShield-Convex_Frax/frax-cvx-platform-2f8573ee796daa022c1050b4a749bf08049c439b,FraxUnifiedFarmTemplate,0,0,7,7,3,16,0,0
train,DAPP::DAppSCAN-source/contracts/PeckShield-Convex_Frax/frax-cvx-platform-2f8573ee796daa022c1050b4a749bf08049c439b::FraxUnifiedFarm_ERC20,DAPP,DAppSCAN-source/contracts/PeckShield-Convex_Frax/frax-cvx-platform-2f8573ee796daa022c1050b4a749bf08049c439b,FraxUnifiedFarm_ERC20,0,0,11,11,6,42,5,0
train,DAPP::DAppSCAN-source/contracts/PeckShield-Convex_Frax/frax-cvx-platform-2f8573ee796daa022c1050b4a749bf08049c439b::FraxUnifiedFarm_ERC20_Vesper_Orbit_FRAX,DAPP,DAppSCAN-source/contracts/PeckShield-Convex_Frax/frax-cvx-platform-2f8573ee796daa022c1050b4a749bf08049c439b,FraxUnifiedFarm_ERC20_Vesper_Orbit_FRAX,0,0,11,11,6,42,5,0
train,DAPP::DAppSCAN-source/contracts/PeckShield-Convex_Frax/frax-cvx-platform-2f8573ee796daa022c1050b4a749bf08049c439b::PoolUtilities,DAPP,DAppSCAN-source/contracts/PeckShield-Convex_Frax/frax-cvx-platform-2f8573ee796daa022c1050b4a749bf08049c439b,PoolUtilities,0,0,1,1,0,0,0,0
train,DAPP::DAppSCAN-source/contracts/PeckShield-Convex_Frax/frax-cvx-platform-2f8573ee796daa022c1050b4a749bf08049c439b::StakingProxyUniV3,DAPP,DAppSCAN-source/contracts/PeckShield-Convex_Frax/frax-cvx-platform-2f8573ee796daa022c1050b4a749bf08049c439b,StakingProxyUniV3,1,1,9,10,0,42,0,0
train,DAPP::DAppSCAN-source/contracts/PeckShield-Convex_Frax/frax-cvx-platform-2f8573ee796daa022c1050b4a749bf08049c439b::PoolRegistry,DAPP,DAppSCAN-source/contracts/PeckShield-Convex_Frax/frax-cvx-platform-2f8573ee796daa022c1050b4a749bf08049c439b,PoolRegistry,0,0,2,2,0,2,0,0
train,DAPP::DAppSCAN-source/contracts/PeckShield-Convex_Frax/frax-cvx-platform-2f8573ee796daa022c1050b4a749bf08049c439b::FxsDepositor,DAPP,DAppSCAN-source/contracts/PeckShield-Convex_Frax/frax-cvx-platform-2f8573ee796daa022c1050b4a749bf08049c439b,FxsDepositor,0,0,5,5,0,17,0,0
train,DAPP::DAppSCAN-source/contracts/PeckShield-Convex_Frax/frax-cvx-platform-2f8573ee796daa022c1050b4a749bf08049c439b::Booster,DAPP,DAppSCAN-source/contracts/PeckShield-Convex_Frax/frax-cvx-platform-2f8573ee796daa022c1050b4a749bf08049c439b,Booster,0,0,13,13,0,71,0,0
train,DAPP::DAppSCAN-source/contracts/PeckShield-Convex_Frax/frax-cvx-platform-2f8573ee796daa022c1050b4a749bf08049c439b::FraxVoterProxy,DAPP,DAppSCAN-source/contracts/PeckShield-Convex_Frax/frax-cvx-platform-2f8573ee796daa022c1050b4a749bf08049c439b,FraxVoterProxy,0,0,9,9,0,21,0,0
train,DAPP::DAppSCAN-source/contracts/PeckShield-Convex_Frax/frax-cvx-platform-2f8573ee796daa022c1050b4a749bf08049c439b::MultiRewards,DAPP,DAppSCAN-source/contracts/PeckShield-Convex_Frax/frax-cvx-platform-2f8573ee796daa022c1050b4a749bf08049c439b,MultiRewards,0,0,5,5,1,9,0,0
train,DAPP::DAppSCAN-source/contracts/PeckShield-Convex_Frax/frax-cvx-platform-2f8573ee796daa022c1050b4a749bf08049c439b::StakingProxyERC20,DAPP,DAppSCAN-source/contracts/PeckShield-Convex_Frax/frax-cvx-platform-2f8573ee796daa022c1050b4a749bf08049c439b,StakingProxyERC20,0,0,9,9,0,35,0,0
train,DAPP::DAppSCAN-source/contracts/PeckShield-Convex_Frax/frax-cvx-platform-2f8573ee796daa022c1050b4a749bf08049c439b::TestPool_UniV3,DAPP,DAppSCAN-source/contracts/PeckShield-Convex_Frax/frax-cvx-platform-2f8573ee796daa022c1050b4a749bf08049c439b,TestPool_UniV3,0,0,4,4,1,11,0,0
train,DAPP::DAppSCAN-source/contracts/Trail_of_Bits-FujiProtocol/fuji-protocol-933ea57b11889d87744efa23e95c90b7bf589402::FujiVault,DAPP,DAppSCAN-source/contracts/Trail_of_Bits-FujiProtocol/fuji-protocol-933ea57b11889d87744efa23e95c90b7bf589402,FujiVault,1,4,14,18,5,233,0,0
train,DAPP::DAppSCAN-source/contracts/Trail_of_Bits-FujiProtocol/fuji-protocol-933ea57b11889d87744efa23e95c90b7bf589402::FujiERC1155,DAPP,DAppSCAN-source/contracts/Trail_of_Bits-FujiProtocol/fuji-protocol-933ea57b11889d87744efa23e95c90b7bf589402,FujiERC1155,0,0,1,1,0,0,0,0
train,DAPP::DAppSCAN-source/contracts/Trail_of_Bits-FujiProtocol/fuji-protocol-933ea57b11889d87744efa23e95c90b7bf589402::Controller,DAPP,DAppSCAN-source/contracts/Trail_of_Bits-FujiProtocol/fuji-protocol-933ea57b11889d87744efa23e95c90b7bf589402,Controller,0,0,1,1,0,0,0,0
train,DAPP::DAppSCAN-source/contracts/Trail_of_Bits-FujiProtocol/fuji-protocol-933ea57b11889d87744efa23e95c90b7bf589402::FujiOracle,DAPP,DAppSCAN-source/contracts/Trail_of_Bits-FujiProtocol/fuji-protocol-933ea57b11889d87744efa23e95c90b7bf589402,FujiOracle,0,0,1,1,0,0,0,0
train,DAPP::DAppSCAN-source/contracts/Trail_of_Bits-FujiProtocol/fuji-protocol-933ea57b11889d87744efa23e95c90b7bf589402::Fliquidator,DAPP,DAppSCAN-source/contracts/Trail_of_Bits-FujiProtocol/fuji-protocol-933ea57b11889d87744efa23e95c90b7bf589402,Fliquidator,0,0,7,7,0,38,0,0
train,DAPP::DAppSCAN-source/contracts/Trail_of_Bits-FujiProtocol/fuji-protocol-933ea57b11889d87744efa23e95c90b7bf589402::Flasher,DAPP,DAppSCAN-source/contracts/Trail_of_Bits-FujiProtocol/fuji-protocol-933ea57b11889d87744efa23e95c90b7bf589402,Flasher,0,0,9,9,0,45,0,0
train,DAPP::DAppSCAN-source/contracts/PeckShield-Duet/duet-collateral-contracts-92452dad092d6b5f76713484e30159b5fa75ea80::DuetZap,DAPP,DAppSCAN-source/contracts/PeckShield-Duet/duet-collateral-contracts-92452dad092d6b5f76713484e30159b5fa75ea80,DuetZap,0,0,9,9,0,47,0,0
train,DAPP::DAppSCAN-source/contracts/PeckShield-Duet/duet-collateral-contracts-92452dad092d6b5f76713484e30159b5fa75ea80::AppController,DAPP,DAppSCAN-source/contracts/PeckShield-Duet/duet-collateral-contracts-92452dad092d6b5f76713484e30159b5fa75ea80,AppController,0,0,9,9,2,23,0,0
train,DAPP::DAppSCAN-source/contracts/PeckShield-Duet/duet-collateral-contracts-92452dad092d6b5f76713484e30159b5fa75ea80::DYTokenNative,DAPP,DAppSCAN-source/contracts/PeckShield-Duet/duet-collateral-contracts-92452dad092d6b5f76713484e30159b5fa75ea80,DYTokenNative,0,0,6,6,0,34,0,0
train,DAPP::DAppSCAN-source/contracts/PeckShield-Duet/duet-collateral-contracts-92452dad092d6b5f76713484e30159b5fa75ea80::DYTokenBase,DAPP,DAppSCAN-source/contracts/PeckShield-Duet/duet-collateral-contracts-92452dad092d6b5f76713484e30159b5fa75ea80,DYTokenBase,0,0,2,2,0,2,0,0
train,DAPP::DAppSCAN-source/contracts/PeckShield-Duet/duet-collateral-contracts-92452dad092d6b5f76713484e30159b5fa75ea80::DYTokenERC20,DAPP,DAppSCAN-source/contracts/PeckShield-Duet/duet-collateral-contracts-92452dad092d6b5f76713484e30159b5fa75ea80,DYTokenERC20,1,1,4,5,0,24,0,0
train,DAPP::DAppSCAN-source/contracts/PeckShield-Duet/duet-collateral-contracts-92452dad092d6b5f76713484e30159b5fa75ea80::StrategyForPancakeLP,DAPP,DAppSCAN-source/contracts/PeckShield-Duet/duet-collateral-contracts-92452dad092d6b5f76713484e30159b5fa75ea80,StrategyForPancakeLP,0,0,11,11,0,80,0,0
train,DAPP::DAppSCAN-source/contracts/PeckShield-Duet/duet-collateral-contracts-92452dad092d6b5f76713484e30159b5fa75ea80::BaseStrategy,DAPP,DAppSCAN-source/contracts/PeckShield-Duet/duet-collateral-contracts-92452dad092d6b5f76713484e30159b5fa75ea80,BaseStrategy,0,0,1,1,0,0,0,0
train,DAPP::DAppSCAN-source/contracts/PeckShield-Duet/duet-collateral-contracts-92452dad092d6b5f76713484e30159b5fa75ea80::Reader,DAPP,DAppSCAN-source/contracts/PeckShield-Duet/duet-collateral-contracts-92452dad092d6b5f76713484e30159b5fa75ea80,Reader,0,0,3,3,0,2,0,0
train,DAPP::DAppSCAN-source/contracts/PeckShield-Duet/duet-collateral-contracts-92452dad092d6b5f76713484e30159b5fa75ea80::LpFarmingVault,DAPP,DAppSCAN-source/contracts/PeckShield-Duet/duet-collateral-contracts-92452dad092d6b5f76713484e30159b5fa75ea80,LpFarmingVault,0,0,9,9,0,45,0,0
train,DAPP::DAppSCAN-source/contracts/PeckShield-Duet/duet-collateral-contracts-92452dad092d6b5f76713484e30159b5fa75ea80::DepositVaultBase,DAPP,DAppSCAN-source/contracts/PeckShield-Duet/duet-collateral-contracts-92452dad092d6b5f76713484e30159b5fa75ea80,DepositVaultBase,0,0,4,4,0,12,0,0
train,DAPP::DAppSCAN-source/contracts/PeckShield-Duet/duet-collateral-contracts-92452dad092d6b5f76713484e30159b5fa75ea80::BTCMintVault,DAPP,DAppSCAN-source/contracts/PeckShield-Duet/duet-collateral-contracts-92452dad092d6b5f76713484e30159b5fa75ea80,BTCMintVault,0,0,11,11,0,56,0,0
train,DAPP::DAppSCAN-source/contracts/PeckShield-Duet/duet-collateral-contracts-92452dad092d6b5f76713484e30159b5fa75ea80::MintVaultBase,DAPP,DAppSCAN-source/contracts/PeckShield-Duet/duet-collateral-contracts-92452dad092d6b5f76713484e30159b5fa75ea80,MintVaultBase,0,0,5,5,0,16,0,0
train,DAPP::DAppSCAN-source/contracts/PeckShield-Duet/duet-collateral-contracts-92452dad092d6b5f76713484e30159b5fa75ea80::MintVault,DAPP,DAppSCAN-source/contracts/PeckShield-Duet/duet-collateral-contracts-92452dad092d6b5f76713484e30159b5fa75ea80,MintVault,0,0,11,11,0,56,0,0
train,DAPP::DAppSCAN-source/contracts/PeckShield-Duet/duet-collateral-contracts-92452dad092d6b5f76713484e30159b5fa75ea80::SingleFarmingVault,DAPP,DAppSCAN-source/contracts/PeckShield-Duet/duet-collateral-contracts-92452dad092d6b5f76713484e30159b5fa75ea80,SingleFarmingVault,0,0,9,9,0,45,0,0
train,DAPP::DAppSCAN-source/contracts/consensys-Zer0_zBanc/zBanc-48da0ac1eebbe31a74742f1ae4281b156f03a4bc::ConversionPathFinder,DAPP,DAppSCAN-source/contracts/consensys-Zer0_zBanc/zBanc-48da0ac1eebbe31a74742f1ae4281b156f03a4bc,ConversionPathFinder,0,0,3,3,0,4,0,0
train,DAPP::DAppSCAN-source/contracts/consensys-Zer0_zBanc/zBanc-48da0ac1eebbe31a74742f1ae4281b156f03a4bc::BancorNetwork,DAPP,DAppSCAN-source/contracts/consensys-Zer0_zBanc/zBanc-48da0ac1eebbe31a74742f1ae4281b156f03a4bc,BancorNetwork,0,0,15,15,2,52,6,5
train,DAPP::DAppSCAN-source/contracts/consensys-Zer0_zBanc/zBanc-48da0ac1eebbe31a74742f1ae4281b156f03a4bc::BancorX,DAPP,DAppSCAN-source/contracts/consensys-Zer0_zBanc/zBanc-48da0ac1eebbe31a74742f1ae4281b156f03a4bc,BancorX,0,0,6,6,2,12,0,0
train,DAPP::DAppSCAN-source/contracts/consensys-Zer0_zBanc/zBanc-48da0ac1eebbe31a74742f1ae4281b156f03a4bc::EtherToken,DAPP,DAppSCAN-source/contracts/consensys-Zer0_zBanc/zBanc-48da0ac1eebbe31a74742f1ae4281b156f03a4bc,EtherToken,0,0,1,1,0,0,0,0
train,DAPP::DAppSCAN-source/contracts/consensys-Zer0_zBanc/zBanc-48da0ac1eebbe31a74742f1ae4281b156f03a4bc::TestLiquidityPoolV1Converter,DAPP,DAppSCAN-source/contracts/consensys-Zer0_zBanc/zBanc-48da0ac1eebbe31a74742f1ae4281b156f03a4bc,TestLiquidityPoolV1Converter,0,0,26,26,8,265,8,3
train,DAPP::DAppSCAN-source/contracts/consensys-Zer0_zBanc/zBanc-48da0ac1eebbe31a74742f1ae4281b156f03a4bc::TestTypedConverterAnchorFactory,DAPP,DAppSCAN-source/contracts/consensys-Zer0_zBanc/zBanc-48da0ac1eebbe31a74742f1ae4281b156f03a4bc,TestTypedConverterAnchorFactory,0,0,1,1,0,0,0,0
train,DAPP::DAppSCAN-source/contracts/consensys-Zer0_zBanc/zBanc-48da0ac1eebbe31a74742f1ae4281b156f03a4bc::TestConverterRegistry,DAPP,DAppSCAN-source/contracts/consensys-Zer0_zBanc/zBanc-48da0ac1eebbe31a74742f1ae4281b156f03a4bc,TestConverterRegistry,0,0,28,28,0,224,4,4
train,DAPP::DAppSCAN-source/contracts/consensys-Zer0_zBanc/zBanc-48da0ac1eebbe31a74742f1ae4281b156f03a4bc::TestDynamicLiquidTokenConverterFactory,DAPP,DAppSCAN-source/contracts/consensys-Zer0_zBanc/zBanc-48da0ac1eebbe31a74742f1ae4281b156f03a4bc,TestDynamicLiquidTokenConverterFactory,0,0,3,3,0,3,0,0
train,DAPP::DAppSCAN-source/contracts/consensys-Zer0_zBanc/zBanc-48da0ac1eebbe31a74742f1ae4281b156f03a4bc::TestReentrancyGuardAttacker,DAPP,DAppSCAN-source/contracts/consensys-Zer0_zBanc/zBanc-48da0ac1eebbe31a74742f1ae4281b156f03a4bc,TestReentrancyGuardAttacker,0,0,1,1,0,0,0,0
train,DAPP::DAppSCAN-source/contracts/consensys-Zer0_zBanc/zBanc-48da0ac1eebbe31a74742f1ae4281b156f03a4bc::TestReentrancyGuard,DAPP,DAppSCAN-source/contracts/consensys-Zer0_zBanc/zBanc-48da0ac1eebbe31a74742f1ae4281b156f03a4bc,TestReentrancyGuard,0,0,1,1,0,0,0,0
train,DAPP::DAppSCAN-source/contracts/consensys-Zer0_zBanc/zBanc-48da0ac1eebbe31a74742f1ae4281b156f03a4bc::TestBancorNetwork,DAPP,DAppSCAN-source/contracts/consensys-Zer0_zBanc/zBanc-48da0ac1eebbe31a74742f1ae4281b156f03a4bc,TestBancorNetwork,0,0,15,15,2,52,6,5
train,DAPP::DAppSCAN-source/contracts/consensys-Zer0_zBanc/zBanc-48da0ac1eebbe31a74742f1ae4281b156f03a4bc::TestContractRegistryClient,DAPP,DAppSCAN-source/contracts/consensys-Zer0_zBanc/zBanc-48da0ac1eebbe31a74742f1ae4281b156f03a4bc,TestContractRegistryClient,0,0,2,2,0,3,0,0
train,DAPP::DAppSCAN-source/contracts/consensys-Zer0_zBanc/zBanc-48da0ac1eebbe31a74742f1ae4281b156f03a4bc::TestTokenHandler,DAPP,DAppSCAN-source/contracts/consensys-Zer0_zBanc/zBanc-48da0ac1eebbe31a74742f1ae4281b156f03a4bc,TestTokenHandler,0,0,3,3,0,3,0,0
train,DAPP::DAppSCAN-source/contracts/consensys-Zer0_zBanc/zBanc-48da0ac1eebbe31a74742f1ae4281b156f03a4bc::TestConverterFactory,DAPP,DAppSCAN-source/contracts/consensys-Zer0_zBanc/zBanc-48da0ac1eebbe31a74742f1ae4281b156f03a4bc,TestConverterFactory,0,0,3,3,0,3,0,0
train,DAPP::DAppSCAN-source/contracts/consensys-Zer0_zBanc/zBanc-48da0ac1eebbe31a74742f1ae4281b156f03a4bc::TestLiquidityPoolV2Converter,DAPP,DAppSCAN-source/contracts/consensys-Zer0_zBanc/zBanc-48da0ac1eebbe31a74742f1ae4281b156f03a4bc,TestLiquidityPoolV2Converter,0,0,20,20,12,144,6,3
train,DAPP::DAppSCAN-source/contracts/consensys-Zer0_zBanc/zBanc-48da0ac1eebbe31a74742f1ae4281b156f03a4bc::ConverterRegistry,DAPP,DAppSCAN-source/contracts/consensys-Zer0_zBanc/zBanc-48da0ac1eebbe31a74742f1ae4281b156f03a4bc,ConverterRegistry,0,0,29,29,0,232,4,4
train,DAPP::DAppSCAN-source/contracts/consensys-Zer0_zBanc/zBanc-48da0ac1eebbe31a74742f1ae4281b156f03a4bc::ConverterBase,DAPP,DAppSCAN-source/contracts/consensys-Zer0_zBanc/zBanc-48da0ac1eebbe31a74742f1ae4281b156f03a4bc,ConverterBase,0,0,13,13,4,41,4,3
train,DAPP::DAppSCAN-source/contracts/consensys-Zer0_zBanc/zBanc-48da0ac1eebbe31a74742f1ae4281b156f03a4bc::ConverterUpgrader,DAPP,DAppSCAN-source/contracts/consensys-Zer0_zBanc/zBanc-48da0ac1eebbe31a74742f1ae4281b156f03a4bc,ConverterUpgrader,0,0,7,7,0,22,0,0
train,DAPP::DAppSCAN-source/contracts/consensys-Zer0_zBanc/zBanc-48da0ac1eebbe31a74742f1ae4281b156f03a4bc::ConverterFactory,DAPP,DAppSCAN-source/contracts/consensys-Zer0_zBanc/zBanc-48da0ac1eebbe31a74742f1ae4281b156f03a4bc,ConverterFactory,0,0,5,5,0,5,0,0
train,DAPP::DAppSCAN-source/contracts/consensys-Zer0_zBanc/zBanc-48da0ac1eebbe31a74742f1ae4281b156f03a4bc::ConverterRegistryData,DAPP,DAppSCAN-source/contracts/consensys-Zer0_zBanc/zBanc-48da0ac1eebbe31a74742f1ae4281b156f03a4bc,ConverterRegistryData,0,0,4,4,0,4,0,0
train,DAPP::DAppSCAN-source/contracts/consensys-Zer0_zBanc/zBanc-48da0ac1eebbe31a74742f1ae4281b156f03a4bc::LiquidityPoolConverter,DAPP,DAppSCAN-source/contracts/consensys-Zer0_zBanc/zBanc-48da0ac1eebbe31a74742f1ae4281b156f03a4bc,LiquidityPoolConverter,0,0,12,12,3,33,4,3
train,DAPP::DAppSCAN-source/contracts/consensys-Zer0_zBanc/zBanc-48da0ac1eebbe31a74742f1ae4281b156f03a4bc::PriceOracle,DAPP,DAppSCAN-source/contracts/consensys-Zer0_zBanc/zBanc-48da0ac1eebbe31a74742f1ae4281b156f03a4bc,PriceOracle,0,0,3,3,0,0,0,0
train,DAPP::DAppSCAN-source/contracts/consensys-Zer0_zBanc/zBanc-48da0ac1eebbe31a74742f1ae4281b156f03a4bc::ContractRegistryClient,DAPP,DAppSCAN-source/contracts/consensys-Zer0_zBanc/zBanc-48da0ac1eebbe31a74742f1ae4281b156f03a4bc,ContractRegistryClient,0,0,2,2,0,3,0,0
train,DAPP::DAppSCAN-source/contracts/consensys-Zer0_zBanc/zBanc-48da0ac1eebbe31a74742f1ae4281b156f03a4bc::TokenHandler,DAPP,DAppSCAN-source/contracts/consensys-Zer0_zBanc/zBanc-48da0ac1eebbe31a74742f1ae4281b156f03a4bc,TokenHandler,0,0,3,3,0,3,0,0
train,DAPP::DAppSCAN-source/contracts/consensys-Zer0_zBanc/zBanc-48da0ac1eebbe31a74742f1ae4281b156f03a4bc::TokenHolder,DAPP,DAppSCAN-source/contracts/consensys-Zer0_zBanc/zBanc-48da0ac1eebbe31a74742f1ae4281b156f03a4bc,TokenHolder,0,0,3,3,0,3,0,0
train,DAPP::DAppSCAN-source/contracts/consensys-Zer0_zBanc/zBanc-48da0ac1eebbe31a74742f1ae4281b156f03a4bc::LiquidityPoolV1Converter,DAPP,DAppSCAN-source/contracts/consensys-Zer0_zBanc/zBanc-48da0ac1eebbe31a74742f1ae4281b156f03a4bc,LiquidityPoolV1Converter,0,0,26,26,7,261,8,3
train,DAPP::DAppSCAN-source/contracts/consensys-Zer0_zBanc/zBanc-48da0ac1eebbe31a74742f1ae4281b156f03a4bc::DynamicLiquidTokenConverterFactory,DAPP,DAppSCAN-source/contracts/consensys-Zer0_zBanc/zBanc-48da0ac1eebbe31a74742f1ae4281b156f03a4bc,DynamicLiquidTokenConverterFactory,0,0,4,4,0,5,0,0
train,DAPP::DAppSCAN-source/contracts/consensys-Zer0_zBanc/zBanc-48da0ac1eebbe31a74742f1ae4281b156f03a4bc::DynamicLiquidTokenConverter,DAPP,DAppSCAN-source/contracts/consensys-Zer0_zBanc/zBanc-48da0ac1eebbe31a74742f1ae4281b156f03a4bc,DynamicLiquidTokenConverter,1,1,16,17,6,114,0,0
train,DAPP::DAppSCAN-source/contracts/consensys-Zer0_zBanc/zBanc-48da0ac1eebbe31a74742f1ae4281b156f03a4bc::LiquidTokenConverter,DAPP,DAppSCAN-source/contracts/consensys-Zer0_zBanc/zBanc-48da0ac1eebbe31a74742f1ae4281b156f03a4bc,LiquidTokenConverter,0,0,16,16,4,97,5,3
train,DAPP::DAppSCAN-source/contracts/consensys-Zer0_zBanc/zBanc-48da0ac1eebbe31a74742f1ae4281b156f03a4bc::PoolTokensContainer,DAPP,DAppSCAN-source/contracts/consensys-Zer0_zBanc/zBanc-48da0ac1eebbe31a74742f1ae4281b156f03a4bc,PoolTokensContainer,0,0,1,1,0,0,0,0
train,DAPP::DAppSCAN-source/contracts/consensys-Zer0_zBanc/zBanc-48da0ac1eebbe31a74742f1ae4281b156f03a4bc::LiquidityPoolV2Converter,DAPP,DAppSCAN-source/contracts/consensys-Zer0_zBanc/zBanc-48da0ac1eebbe31a74742f1ae4281b156f03a4bc,LiquidityPoolV2Converter,0,0,20,20,11,140,6,3
train,"DAPP::DAppSCAN-source/contracts/Inspex-FairLaunch, Token, Vault & Workers/Meow-Finance-4a4f13efaf5e5fbed74c0ed23b665751e655d715::Timelock",DAPP,"DAppSCAN-source/contracts/Inspex-FairLaunch, Token, Vault & Workers/Meow-Finance-4a4f13efaf5e5fbed74c0ed23b665751e655d715",Timelock,0,0,1,1,0,0,0,0
train,"DAPP::DAppSCAN-source/contracts/Inspex-FairLaunch, Token, Vault & Workers/Meow-Finance-4a4f13efaf5e5fbed74c0ed23b665751e655d715::MeowTreasury",DAPP,"DAppSCAN-source/contracts/Inspex-FairLaunch, Token, Vault & Workers/Meow-Finance-4a4f13efaf5e5fbed74c0ed23b665751e655d715",MeowTreasury,0,0,2,2,1,5,0,0
train,"DAPP::DAppSCAN-source/contracts/Inspex-FairLaunch, Token, Vault & Workers/Meow-Finance-4a4f13efaf5e5fbed74c0ed23b665751e655d715::DevelopmentFund",DAPP,"DAppSCAN-source/contracts/Inspex-FairLaunch, Token, Vault & Workers/Meow-Finance-4a4f13efaf5e5fbed74c0ed23b665751e655d715",DevelopmentFund,0,0,2,2,1,5,0,0
train,"DAPP::DAppSCAN-source/contracts/Inspex-FairLaunch, Token, Vault & Workers/Meow-Finance-4a4f13efaf5e5fbed74c0ed23b665751e655d715::FeeDistribute",DAPP,"DAppSCAN-source/contracts/Inspex-FairLaunch, Token, Vault & Workers/Meow-Finance-4a4f13efaf5e5fbed74c0ed23b665751e655d715",FeeDistribute,0,0,10,10,1,79,4,1
train,"DAPP::DAppSCAN-source/contracts/Inspex-FairLaunch, Token, Vault & Workers/Meow-Finance-4a4f13efaf5e5fbed74c0ed23b665751e655d715::MeowMining",DAPP,"DAppSCAN-source/contracts/Inspex-FairLaunch, Token, Vault & Workers/Meow-Finance-4a4f13efaf5e5fbed74c0ed23b665751e655d715",MeowMining,0,0,14,14,1,113,0,0
train,"DAPP::DAppSCAN-source/contracts/Inspex-FairLaunch, Token, Vault & Workers/Meow-Finance-4a4f13efaf5e5fbed74c0ed23b665751e655d715::mMeowToken",DAPP,"DAppSCAN-source/contracts/Inspex-FairLaunch, Token, Vault & Workers/Meow-Finance-4a4f13efaf5e5fbed74c0ed23b665751e655d715",mMeowToken,0,0,2,2,3,10,0,0
train,"DAPP::DAppSCAN-source/contracts/Inspex-FairLaunch, Token, Vault & Workers/Meow-Finance-4a4f13efaf5e5fbed74c0ed23b665751e655d715::WNativeRelayer",DAPP,"DAppSCAN-source/contracts/Inspex-FairLaunch, Token, Vault & Workers/Meow-Finance-4a4f13efaf5e5fbed74c0ed23b665751e655d715",WNativeRelayer,0,0,1,1,0,0,0,0
train,"DAPP::DAppSCAN-source/contracts/Inspex-FairLaunch, Token, Vault & Workers/Meow-Finance-4a4f13efaf5e5fbed74c0ed23b665751e655d715::ConfigurableInterestVaultConfig",DAPP,"DAppSCAN-source/contracts/Inspex-FairLaunch, Token, Vault & Workers/Meow-Finance-4a4f13efaf5e5fbed74c0ed23b665751e655d715",ConfigurableInterestVaultConfig,0,0,4,4,0,3,0,0
train,"DAPP::DAppSCAN-source/contracts/Inspex-FairLaunch, Token, Vault & Workers/Meow-Finance-4a4f13efaf5e5fbed74c0ed23b665751e655d715::Vault",DAPP,"DAppSCAN-source/contracts/Inspex-FairLaunch, Token, Vault & Workers/Meow-Finance-4a4f13efaf5e5fbed74c0ed23b665751e655d715",Vault,0,0,14,14,3,108,6,1
train,"DAPP::DAppSCAN-source/contracts/Inspex-FairLaunch, Token, Vault & Workers/Meow-Finance-4a4f13efaf5e5fbed74c0ed23b665751e655d715::QuickswapWorker",DAPP,"DAppSCAN-source/contracts/Inspex-FairLaunch, Token, Vault & Workers/Meow-Finance-4a4f13efaf5e5fbed74c0ed23b665751e655d715",QuickswapWorker,0,0,9,9,1,50,0,0
train,"DAPP::DAppSCAN-source/contracts/Inspex-FairLaunch, Token, Vault & Workers/Meow-Finance-4a4f13efaf5e5fbed74c0ed23b665751e655d715::SpookyswapWorker",DAPP,"DAppSCAN-source/contracts/Inspex-FairLaunch, Token, Vault & Workers/Meow-Finance-4a4f13efaf5e5fbed74c0ed23b665751e655d715",SpookyswapWorker,1,1,8,9,1,51,0,0
train,"DAPP::DAppSCAN-source/contracts/Inspex-FairLaunch, Token, Vault & Workers/Meow-Finance-4a4f13efaf5e5fbed74c0ed23b665751e655d715::SushiswapWorker",DAPP,"DAppSCAN-source/contracts/Inspex-FairLaunch, Token, Vault & Workers/Meow-Finance-4a4f13efaf5e5fbed74c0ed23b665751e655d715",SushiswapWorker,0,0,9,9,1,57,0,0
train,"DAPP::DAppSCAN-source/contracts/Inspex-FairLaunch, Token, Vault & Workers/Meow-Finance-4a4f13efaf5e5fbed74c0ed23b665751e655d715::WorkerConfig",DAPP,"DAppSCAN-source/contracts/Inspex-FairLaunch, Token, Vault & Workers/Meow-Finance-4a4f13efaf5e5fbed74c0ed23b665751e655d715",WorkerConfig,0,0,1,1,0,0,0,0
train,"DAPP::DAppSCAN-source/contracts/Inspex-FairLaunch, Token, Vault & Workers/Meow-Finance-4a4f13efaf5e5fbed74c0ed23b665751e655d715::MeowAPI",DAPP,"DAppSCAN-source/contracts/Inspex-FairLaunch, Token, Vault & Workers/Meow-Finance-4a4f13efaf5e5fbed74c0ed23b665751e655d715",MeowAPI,0,0,24,24,0,146,0,0
train,"DAPP::DAppSCAN-source/contracts/Inspex-FairLaunch, Token, Vault & Workers/Meow-Finance-4a4f13efaf5e5fbed74c0ed23b665751e655d715::MeowAPI2",DAPP,"DAppSCAN-source/contracts/Inspex-FairLaunch, Token, Vault & Workers/Meow-Finance-4a4f13efaf5e5fbed74c0ed23b665751e655d715",MeowAPI2,0,0,17,17,1,97,0,0
train,"DAPP::DAppSCAN-source/contracts/Inspex-FairLaunch, Token, Vault & Workers/Meow-Finance-4a4f13efaf5e5fbed74c0ed23b665751e655d715::MeowAPIFTM",DAPP,"DAppSCAN-source/contracts/Inspex-FairLaunch, Token, Vault & Workers/Meow-Finance-4a4f13efaf5e5fbed74c0ed23b665751e655d715",MeowAPIFTM,0,0,23,23,0,137,0,0
train,"DAPP::DAppSCAN-source/contracts/Inspex-FairLaunch, Token, Vault & Workers/Meow-Finance-4a4f13efaf5e5fbed74c0ed23b665751e655d715::MeowAPI2FTM",DAPP,"DAppSCAN-source/contracts/Inspex-FairLaunch, Token, Vault & Workers/Meow-Finance-4a4f13efaf5e5fbed74c0ed23b665751e655d715",MeowAPI2FTM,0,0,13,13,1,65,0,0
train,"DAPP::DAppSCAN-source/contracts/Inspex-FairLaunch, Token, Vault & Workers/Meow-Finance-4a4f13efaf5e5fbed74c0ed23b665751e655d715::WETH",DAPP,"DAppSCAN-source/contracts/Inspex-FairLaunch, Token, Vault & Workers/Meow-Finance-4a4f13efaf5e5fbed74c0ed23b665751e655d715",WETH,0,0,1,1,0,0,0,0
train,"DAPP::DAppSCAN-source/contracts/Inspex-FairLaunch, Token, Vault & Workers/Meow-Finance-4a4f13efaf5e5fbed74c0ed23b665751e655d715::MasterChef",DAPP,"DAppSCAN-source/contracts/Inspex-FairLaunch, Token, Vault & Workers/Meow-Finance-4a4f13efaf5e5fbed74c0ed23b665751e655d715",MasterChef,0,0,6,6,2,23,0,0
train,"DAPP::DAppSCAN-source/contracts/Inspex-FairLaunch, Token, Vault & Workers/Meow-Finance-4a4f13efaf5e5fbed74c0ed23b665751e655d715::SushiswapStrategyAddTwoSidesOptimal",DAPP,"DAppSCAN-source/contracts/Inspex-FairLaunch, Token, Vault & Workers/Meow-Finance-4a4f13efaf5e5fbed74c0ed23b665751e655d715",SushiswapStrategyAddTwoSidesOptimal,0,0,2,2,0,1,0,0
train,"DAPP::DAppSCAN-source/contracts/Inspex-FairLaunch, Token, Vault & Workers/Meow-Finance-4a4f13efaf5e5fbed74c0ed23b665751e655d715::SushiswapStrategyAddBaseTokenOnly",DAPP,"DAppSCAN-source/contracts/Inspex-FairLaunch, Token, Vault & Workers/Meow-Finance-4a4f13efaf5e5fbed74c0ed23b665751e655d715",SushiswapStrategyAddBaseTokenOnly,0,0,2,2,0,1,0,0
train,"DAPP::DAppSCAN-source/contracts/Inspex-FairLaunch, Token, Vault & Workers/Meow-Finance-4a4f13efaf5e5fbed74c0ed23b665751e655d715::SushiswapStrategyLiquidate",DAPP,"DAppSCAN-source/contracts/Inspex-FairLaunch, Token, Vault & Workers/Meow-Finance-4a4f13efaf5e5fbed74c0ed23b665751e655d715",SushiswapStrategyLiquidate,0,0,2,2,0,1,0,0
train,"DAPP::DAppSCAN-source/contracts/Inspex-FairLaunch, Token, Vault & Workers/Meow-Finance-4a4f13efaf5e5fbed74c0ed23b665751e655d715::SushiswapStrategyWithdrawMinimizeTrading",DAPP,"DAppSCAN-source/contracts/Inspex-FairLaunch, Token, Vault & Workers/Meow-Finance-4a4f13efaf5e5fbed74c0ed23b665751e655d715",SushiswapStrategyWithdrawMinimizeTrading,0,0,2,2,0,1,0,0
train,"DAPP::DAppSCAN-source/contracts/Inspex-FairLaunch, Token, Vault & Workers/Meow-Finance-4a4f13efaf5e5fbed74c0ed23b665751e655d715::SpookyswapStrategyWithdrawMinimizeTrading",DAPP,"DAppSCAN-source/contracts/Inspex-FairLaunch, Token, Vault & Workers/Meow-Finance-4a4f13efaf5e5fbed74c0ed23b665751e655d715",SpookyswapStrategyWithdrawMinimizeTrading,0,0,2,2,0,1,0,0
train,"DAPP::DAppSCAN-source/contracts/Inspex-FairLaunch, Token, Vault & Workers/Meow-Finance-4a4f13efaf5e5fbed74c0ed23b665751e655d715::SpookyswapStrategyAddTwoSidesOptimal",DAPP,"DAppSCAN-source/contracts/Inspex-FairLaunch, Token, Vault & Workers/Meow-Finance-4a4f13efaf5e5fbed74c0ed23b665751e655d715",SpookyswapStrategyAddTwoSidesOptimal,0,0,2,2,0,1,0,0
train,"DAPP::DAppSCAN-source/contracts/Inspex-FairLaunch, Token, Vault & Workers/Meow-Finance-4a4f13efaf5e5fbed74c0ed23b665751e655d715::SpookyswapStrategyAddBaseTokenOnly",DAPP,"DAppSCAN-source/contracts/Inspex-FairLaunch, Token, Vault & Workers/Meow-Finance-4a4f13efaf5e5fbed74c0ed23b665751e655d715",SpookyswapStrategyAddBaseTokenOnly,0,0,2,2,0,1,0,0
train,"DAPP::DAppSCAN-source/contracts/Inspex-FairLaunch, Token, Vault & Workers/Meow-Finance-4a4f13efaf5e5fbed74c0ed23b665751e655d715::SpookyswapStrategyLiquidate",DAPP,"DAppSCAN-source/contracts/Inspex-FairLaunch, Token, Vault & Workers/Meow-Finance-4a4f13efaf5e5fbed74c0ed23b665751e655d715",SpookyswapStrategyLiquidate,0,0,2,2,0,1,0,0
train,"DAPP::DAppSCAN-source/contracts/Inspex-FairLaunch, Token, Vault & Workers/Meow-Finance-4a4f13efaf5e5fbed74c0ed23b665751e655d715::QuickswapStrategyAddTwoSidesOptimal",DAPP,"DAppSCAN-source/contracts/Inspex-FairLaunch, Token, Vault & Workers/Meow-Finance-4a4f13efaf5e5fbed74c0ed23b665751e655d715",QuickswapStrategyAddTwoSidesOptimal,0,0,2,2,0,1,0,0
train,"DAPP::DAppSCAN-source/contracts/Inspex-FairLaunch, Token, Vault & Workers/Meow-Finance-4a4f13efaf5e5fbed74c0ed23b665751e655d715::QuickswapStrategyWithdrawMinimizeTrading",DAPP,"DAppSCAN-source/contracts/Inspex-FairLaunch, Token, Vault & Workers/Meow-Finance-4a4f13efaf5e5fbed74c0ed23b665751e655d715",QuickswapStrategyWithdrawMinimizeTrading,0,0,2,2,0,1,0,0
train,"DAPP::DAppSCAN-source/contracts/Inspex-FairLaunch, Token, Vault & Workers/Meow-Finance-4a4f13efaf5e5fbed74c0ed23b665751e655d715::QuickswapStrategyAddBaseTokenOnly",DAPP,"DAppSCAN-source/contracts/Inspex-FairLaunch, Token, Vault & Workers/Meow-Finance-4a4f13efaf5e5fbed74c0ed23b665751e655d715",QuickswapStrategyAddBaseTokenOnly,0,0,2,2,0,1,0,0
train,"DAPP::DAppSCAN-source/contracts/Inspex-FairLaunch, Token, Vault & Workers/Meow-Finance-4a4f13efaf5e5fbed74c0ed23b665751e655d715::QuickswapStrategyLiquidate",DAPP,"DAppSCAN-source/contracts/Inspex-FairLaunch, Token, Vault & Workers/Meow-Finance-4a4f13efaf5e5fbed74c0ed23b665751e655d715",QuickswapStrategyLiquidate,0,0,2,2,0,1,0,0
train,DAPP::DAppSCAN-source/contracts/consensys-GrowthDeFi WHEAT/wheat-v1-core-8360ac0a537589bb974e8a5a169bb3e7c95d2857::PancakeSwapCompoundingStrategyToken,DAPP,DAppSCAN-source/contracts/consensys-GrowthDeFi WHEAT/wheat-v1-core-8360ac0a537589bb974e8a5a169bb3e7c95d2857,PancakeSwapCompoundingStrategyToken,0,0,12,12,1,53,0,0
train,DAPP::DAppSCAN-source/contracts/consensys-GrowthDeFi WHEAT/wheat-v1-core-8360ac0a537589bb974e8a5a169bb3e7c95d2857::PancakeSwapFeeCollector,DAPP,DAppSCAN-source/contracts/consensys-GrowthDeFi WHEAT/wheat-v1-core-8360ac0a537589bb974e8a5a169bb3e7c95d2857,PancakeSwapFeeCollector,0,0,11,11,0,36,0,0
train,DAPP::DAppSCAN-source/contracts/consensys-GrowthDeFi WHEAT/wheat-v1-core-8360ac0a537589bb974e8a5a169bb3e7c95d2857::PantherSwapCompoundingStrategyToken,DAPP,DAppSCAN-source/contracts/consensys-GrowthDeFi WHEAT/wheat-v1-core-8360ac0a537589bb974e8a5a169bb3e7c95d2857,PantherSwapCompoundingStrategyToken,0,0,15,15,3,69,0,0
train,DAPP::DAppSCAN-source/contracts/consensys-GrowthDeFi WHEAT/wheat-v1-core-8360ac0a537589bb974e8a5a169bb3e7c95d2857::WhitelistGuard,DAPP,DAppSCAN-source/contracts/consensys-GrowthDeFi WHEAT/wheat-v1-core-8360ac0a537589bb974e8a5a169bb3e7c95d2857,WhitelistGuard,0,0,2,2,0,1,0,0
train,DAPP::DAppSCAN-source/contracts/consensys-GrowthDeFi WHEAT/wheat-v1-core-8360ac0a537589bb974e8a5a169bb3e7c95d2857::Exchange,DAPP,DAppSCAN-source/contracts/consensys-GrowthDeFi WHEAT/wheat-v1-core-8360ac0a537589bb974e8a5a169bb3e7c95d2857,Exchange,1,1,6,7,0,21,0,0
train,DAPP::DAppSCAN-source/contracts/consensys-GrowthDeFi WHEAT/wheat-v1-core-8360ac0a537589bb974e8a5a169bb3e7c95d2857::AutoFarmCompoundingStrategyToken,DAPP,DAppSCAN-source/contracts/consensys-GrowthDeFi WHEAT/wheat-v1-core-8360ac0a537589bb974e8a5a169bb3e7c95d2857,AutoFarmCompoundingStrategyToken,0,0,14,14,0,58,0,0
train,DAPP::DAppSCAN-source/contracts/consensys-GrowthDeFi WHEAT/wheat-v1-core-8360ac0a537589bb974e8a5a169bb3e7c95d2857::UniversalBuyback,DAPP,DAppSCAN-source/contracts/consensys-GrowthDeFi WHEAT/wheat-v1-core-8360ac0a537589bb974e8a5a169bb3e7c95d2857,UniversalBuyback,0,0,7,7,0,16,0,0
train,DAPP::DAppSCAN-source/contracts/consensys-GrowthDeFi WHEAT/wheat-v1-core-8360ac0a537589bb974e8a5a169bb3e7c95d2857::AutoFarmFeeCollectorAdapter,DAPP,DAppSCAN-source/contracts/consensys-GrowthDeFi WHEAT/wheat-v1-core-8360ac0a537589bb974e8a5a169bb3e7c95d2857,AutoFarmFeeCollectorAdapter,0,0,6,6,0,13,0,0
train,DAPP::DAppSCAN-source/contracts/consensys-GrowthDeFi WHEAT/wheat-v1-core-8360ac0a537589bb974e8a5a169bb3e7c95d2857::PantherSwapBuybackAdapter,DAPP,DAppSCAN-source/contracts/consensys-GrowthDeFi WHEAT/wheat-v1-core-8360ac0a537589bb974e8a5a169bb3e7c95d2857,PantherSwapBuybackAdapter,0,0,7,7,0,21,0,0
train,DAPP::DAppSCAN-source/contracts/consensys-GrowthDeFi WHEAT/wheat-v1-core-8360ac0a537589bb974e8a5a169bb3e7c95d2857::TestPantherSwapCompoundingStrategyToken,DAPP,DAppSCAN-source/contracts/consensys-GrowthDeFi WHEAT/wheat-v1-core-8360ac0a537589bb974e8a5a169bb3e7c95d2857,TestPantherSwapCompoundingStrategyToken,0,0,1,1,0,0,0,0
train,DAPP::DAppSCAN-source/contracts/consensys-GrowthDeFi WHEAT/wheat-v1-core-8360ac0a537589bb974e8a5a169bb3e7c95d2857::TestExchange,DAPP,DAppSCAN-source/contracts/consensys-GrowthDeFi WHEAT/wheat-v1-core-8360ac0a537589bb974e8a5a169bb3e7c95d2857,TestExchange,0,0,3,3,0,6,0,0
train,DAPP::DAppSCAN-source/contracts/consensys-GrowthDeFi WHEAT/wheat-v1-core-8360ac0a537589bb974e8a5a169bb3e7c95d2857::TestPantherSwapBuybackAdapter,DAPP,DAppSCAN-source/contracts/consensys-GrowthDeFi WHEAT/wheat-v1-core-8360ac0a537589bb974e8a5a169bb3e7c95d2857,TestPantherSwapBuybackAdapter,0,0,1,1,0,0,0,0
train,DAPP::DAppSCAN-source/contracts/consensys-GrowthDeFi WHEAT/wheat-v1-core-8360ac0a537589bb974e8a5a169bb3e7c95d2857::TestAutoFarmFeeCollectorAdapter,DAPP,DAppSCAN-source/contracts/consensys-GrowthDeFi WHEAT/wheat-v1-core-8360ac0a537589bb974e8a5a169bb3e7c95d2857,TestAutoFarmFeeCollectorAdapter,0,0,1,1,0,0,0,0
train,DAPP::DAppSCAN-source/contracts/consensys-GrowthDeFi WHEAT/wheat-v1-core-8360ac0a537589bb974e8a5a169bb3e7c95d2857::TestPancakeSwapCompoundingStrategyToken,DAPP,DAppSCAN-source/contracts/consensys-GrowthDeFi WHEAT/wheat-v1-core-8360ac0a537589bb974e8a5a169bb3e7c95d2857,TestPancakeSwapCompoundingStrategyToken,0,0,1,1,0,0,0,0
train,DAPP::DAppSCAN-source/contracts/consensys-GrowthDeFi WHEAT/wheat-v1-core-8360ac0a537589bb974e8a5a169bb3e7c95d2857::TestAutoFarmCompoundingStrategyToken,DAPP,DAppSCAN-source/contracts/consensys-GrowthDeFi WHEAT/wheat-v1-core-8360ac0a537589bb974e8a5a169bb3e7c95d2857,TestAutoFarmCompoundingStrategyToken,0,0,3,3,0,6,0,0
train,DAPP::DAppSCAN-source/contracts/consensys-GrowthDeFi WHEAT/wheat-v1-core-8360ac0a537589bb974e8a5a169bb3e7c95d2857::TestUniversalBuyback,DAPP,DAppSCAN-source/contracts/consensys-GrowthDeFi WHEAT/wheat-v1-core-8360ac0a537589bb974e8a5a169bb3e7c95d2857,TestUniversalBuyback,0,0,1,1,0,0,0,0
train,DAPP::DAppSCAN-source/contracts/consensys-GrowthDeFi WHEAT/wheat-v1-core-8360ac0a537589bb974e8a5a169bb3e7c95d2857::TestPancakeSwapFeeCollector,DAPP,DAppSCAN-source/contracts/consensys-GrowthDeFi WHEAT/wheat-v1-core-8360ac0a537589bb974e8a5a169bb3e7c95d2857,TestPancakeSwapFeeCollector,0,0,1,1,0,0,0,0
train,DAPP::DAppSCAN-source/contracts/QuillAudits-Yearn Finance-Yoracle.Link/yoracle.link-faf1309cbe7a05f70b338351315039eb8e5b9c09::UniswapV2Oracle,DAPP,DAppSCAN-source/contracts/QuillAudits-Yearn Finance-Yoracle.Link/yoracle.link-faf1309cbe7a05f70b338351315039eb8e5b9c09,UniswapV2Oracle,0,0,5,5,1,23,0,0
train,DAPP::DAppSCAN-source/contracts/QuillAudits-Yearn Finance-Yoracle.Link/yoracle.link-faf1309cbe7a05f70b338351315039eb8e5b9c09::UniQuote,DAPP,DAppSCAN-source/contracts/QuillAudits-Yearn Finance-Yoracle.Link/yoracle.link-faf1309cbe7a05f70b338351315039eb8e5b9c09,UniQuote,0,0,3,3,0,5,0,0
train,DAPP::DAppSCAN-source/contracts/QuillAudits-Yearn Finance-Yoracle.Link/yoracle.link-faf1309cbe7a05f70b338351315039eb8e5b9c09::Keep3rV1Volatility,DAPP,DAppSCAN-source/contracts/QuillAudits-Yearn Finance-Yoracle.Link/yoracle.link-faf1309cbe7a05f70b338351315039eb8e5b9c09,Keep3rV1Volatility,0,0,2,2,1,3,0,0
train,DAPP::DAppSCAN-source/contracts/QuillAudits-Yearn Finance-Yoracle.Link/yoracle.link-faf1309cbe7a05f70b338351315039eb8e5b9c09::UniOracle,DAPP,DAppSCAN-source/contracts/QuillAudits-Yearn Finance-Yoracle.Link/yoracle.link-faf1309cbe7a05f70b338351315039eb8e5b9c09,UniOracle,0,0,2,2,0,1,0,0
train,DAPP::DAppSCAN-source/contracts/QuillAudits-Yearn Finance-Yoracle.Link/yoracle.link-faf1309cbe7a05f70b338351315039eb8e5b9c09::UniOracleFactory,DAPP,DAppSCAN-source/contracts/QuillAudits-Yearn Finance-Yoracle.Link/yoracle.link-faf1309cbe7a05f70b338351315039eb8e5b9c09,UniOracleFactory,0,0,4,4,0,9,0,0
train,DAPP::DAppSCAN-source/contracts/QuillAudits-Yearn Finance-Yoracle.Link/yoracle.link-faf1309cbe7a05f70b338351315039eb8e5b9c09::Keep3rV1Oracle,DAPP,DAppSCAN-source/contracts/QuillAudits-Yearn Finance-Yoracle.Link/yoracle.link-faf1309cbe7a05f70b338351315039eb8e5b9c09,Keep3rV1Oracle,1,1,5,6,1,19,0,0
train,DAPP::DAppSCAN-source/contracts/consensys-DeFi_Saver/defisaver-v3-contracts-cb29669a84c2d6fffaf2231c0938eb407c060919::McdRatioTrigger,DAPP,DAppSCAN-source/contracts/consensys-DeFi_Saver/defisaver-v3-contracts-cb29669a84c2d6fffaf2231c0938eb407c060919,McdRatioTrigger,0,0,3,3,3,15,0,0
train,DAPP::DAppSCAN-source/contracts/consensys-DeFi_Saver/defisaver-v3-contracts-cb29669a84c2d6fffaf2231c0938eb407c060919::CompRewardView,DAPP,DAppSCAN-source/contracts/consensys-DeFi_Saver/defisaver-v3-contracts-cb29669a84c2d6fffaf2231c0938eb407c060919,CompRewardView,0,0,3,3,0,5,0,0
train,DAPP::DAppSCAN-source/contracts/consensys-DeFi_Saver/defisaver-v3-contracts-cb29669a84c2d6fffaf2231c0938eb407c060919::CompView,DAPP,DAppSCAN-source/contracts/consensys-DeFi_Saver/defisaver-v3-contracts-cb29669a84c2d6fffaf2231c0938eb407c060919,CompView,0,0,7,7,1,36,0,0
train,DAPP::DAppSCAN-source/contracts/consensys-DeFi_Saver/defisaver-v3-contracts-cb29669a84c2d6fffaf2231c0938eb407c060919::AaveView,DAPP,DAppSCAN-source/contracts/consensys-DeFi_Saver/defisaver-v3-contracts-cb29669a84c2d6fffaf2231c0938eb407c060919,AaveView,0,0,1,1,0,0,0,0
train,DAPP::DAppSCAN-source/contracts/consensys-DeFi_Saver/defisaver-v3-contracts-cb29669a84c2d6fffaf2231c0938eb407c060919::McdView,DAPP,DAppSCAN-source/contracts/consensys-DeFi_Saver/defisaver-v3-contracts-cb29669a84c2d6fffaf2231c0938eb407c060919,McdView,0,0,3,3,3,15,0,0
train,DAPP::DAppSCAN-source/contracts/consensys-DeFi_Saver/defisaver-v3-contracts-cb29669a84c2d6fffaf2231c0938eb407c060919::DFSProxyRegistry,DAPP,DAppSCAN-source/contracts/consensys-DeFi_Saver/defisaver-v3-contracts-cb29669a84c2d6fffaf2231c0938eb407c060919,DFSProxyRegistry,0,0,3,3,0,2,0,0
train,DAPP::DAppSCAN-source/contracts/consensys-DeFi_Saver/defisaver-v3-contracts-cb29669a84c2d6fffaf2231c0938eb407c060919::TokenUtils,DAPP,DAppSCAN-source/contracts/consensys-DeFi_Saver/defisaver-v3-contracts-cb29669a84c2d6fffaf2231c0938eb407c060919,TokenUtils,0,0,7,7,0,16,0,0
train,DAPP::DAppSCAN-source/contracts/consensys-DeFi_Saver/defisaver-v3-contracts-cb29669a84c2d6fffaf2231c0938eb407c060919::TaskExecutor,DAPP,DAppSCAN-source/contracts/consensys-DeFi_Saver/defisaver-v3-contracts-cb29669a84c2d6fffaf2231c0938eb407c060919,TaskExecutor,0,0,4,4,0,10,0,0
train,DAPP::DAppSCAN-source/contracts/consensys-DeFi_Saver/defisaver-v3-contracts-cb29669a84c2d6fffaf2231c0938eb407c060919::DFSRegistry,DAPP,DAppSCAN-source/contracts/consensys-DeFi_Saver/defisaver-v3-contracts-cb29669a84c2d6fffaf2231c0938eb407c060919,DFSRegistry,0,0,8,8,0,56,0,0
train,DAPP::DAppSCAN-source/contracts/consensys-DeFi_Saver/defisaver-v3-contracts-cb29669a84c2d6fffaf2231c0938eb407c060919::Subscriptions,DAPP,DAppSCAN-source/contracts/consensys-DeFi_Saver/defisaver-v3-contracts-cb29669a84c2d6fffaf2231c0938eb407c060919,Subscriptions,0,0,4,4,1,14,0,0
train,DAPP::DAppSCAN-source/contracts/consensys-DeFi_Saver/defisaver-v3-contracts-cb29669a84c2d6fffaf2231c0938eb407c060919::SubscriptionProxy,DAPP,DAppSCAN-source/contracts/consensys-DeFi_Saver/defisaver-v3-contracts-cb29669a84c2d6fffaf2231c0938eb407c060919,SubscriptionProxy,0,0,6,6,0,24,0,0
train,DAPP::DAppSCAN-source/contracts/consensys-DeFi_Saver/defisaver-v3-contracts-cb29669a84c2d6fffaf2231c0938eb407c060919::StrategyExecutor,DAPP,DAppSCAN-source/contracts/consensys-DeFi_Saver/defisaver-v3-contracts-cb29669a84c2d6fffaf2231c0938eb407c060919,StrategyExecutor,0,0,4,4,0,18,0,0
train,DAPP::DAppSCAN-source/contracts/consensys-DeFi_Saver/defisaver-v3-contracts-cb29669a84c2d6fffaf2231c0938eb407c060919::DSProxy,DAPP,DAppSCAN-source/contracts/consensys-DeFi_Saver/defisaver-v3-contracts-cb29669a84c2d6fffaf2231c0938eb407c060919,DSProxy,0,0,1,1,0,0,0,0
train,DAPP::DAppSCAN-source/contracts/consensys-DeFi_Saver/defisaver-v3-contracts-cb29669a84c2d6fffaf2231c0938eb407c060919::DSAuth,DAPP,DAppSCAN-source/contracts/consensys-DeFi_Saver/defisaver-v3-contracts-cb29669a84c2d6fffaf2231c0938eb407c060919,DSAuth,0,0,1,1,0,0,0,0
train,DAPP::DAppSCAN-source/contracts/consensys-DeFi_Saver/defisaver-v3-contracts-cb29669a84c2d6fffaf2231c0938eb407c060919::DFSPrices,DAPP,DAppSCAN-source/contracts/consensys-DeFi_Saver/defisaver-v3-contracts-cb29669a84c2d6fffaf2231c0938eb407c060919,DFSPrices,0,0,1,1,0,0,0,0
train,DAPP::DAppSCAN-source/contracts/consensys-DeFi_Saver/defisaver-v3-contracts-cb29669a84c2d6fffaf2231c0938eb407c060919::DFSExchangeCore,DAPP,DAppSCAN-source/contracts/consensys-DeFi_Saver/defisaver-v3-contracts-cb29669a84c2d6fffaf2231c0938eb407c060919,DFSExchangeCore,0,0,5,5,1,18,0,0
train,DAPP::DAppSCAN-source/contracts/consensys-DeFi_Saver/defisaver-v3-contracts-cb29669a84c2d6fffaf2231c0938eb407c060919::DFSExchange,DAPP,DAppSCAN-source/contracts/consensys-DeFi_Saver/defisaver-v3-contracts-cb29669a84c2d6fffaf2231c0938eb407c060919,DFSExchange,0,0,7,7,1,24,0,0
train,DAPP::DAppSCAN-source/contracts/consensys-DeFi_Saver/defisaver-v3-contracts-cb29669a84c2d6fffaf2231c0938eb407c060919::ProxyPermission,DAPP,DAppSCAN-source/contracts/consensys-DeFi_Saver/defisaver-v3-contracts-cb29669a84c2d6fffaf2231c0938eb407c060919,ProxyPermission,0,0,1,1,0,0,0,0
train,DAPP::DAppSCAN-source/contracts/consensys-DeFi_Saver/defisaver-v3-contracts-cb29669a84c2d6fffaf2231c0938eb407c060919::UniswapWrapperV3,DAPP,DAppSCAN-source/contracts/consensys-DeFi_Saver/defisaver-v3-contracts-cb29669a84c2d6fffaf2231c0938eb407c060919,UniswapWrapperV3,0,0,5,5,1,13,0,0
train,DAPP::DAppSCAN-source/contracts/consensys-DeFi_Saver/defisaver-v3-contracts-cb29669a84c2d6fffaf2231c0938eb407c060919::KyberWrapperV3,DAPP,DAppSCAN-source/contracts/consensys-DeFi_Saver/defisaver-v3-contracts-cb29669a84c2d6fffaf2231c0938eb407c060919,KyberWrapperV3,0,0,4,4,0,9,0,0
train,DAPP::DAppSCAN-source/contracts/consensys-DeFi_Saver/defisaver-v3-contracts-cb29669a84c2d6fffaf2231c0938eb407c060919::ScpWrapper,DAPP,DAppSCAN-source/contracts/consensys-DeFi_Saver/defisaver-v3-contracts-cb29669a84c2d6fffaf2231c0938eb407c060919,ScpWrapper,0,0,1,1,2,4,0,0
train,DAPP::DAppSCAN-source/contracts/consensys-DeFi_Saver/defisaver-v3-contracts-cb29669a84c2d6fffaf2231c0938eb407c060919::DFSSell,DAPP,DAppSCAN-source/contracts/consensys-DeFi_Saver/defisaver-v3-contracts-cb29669a84c2d6fffaf2231c0938eb407c060919,DFSSell,0,0,6,6,1,20,0,0
train,DAPP::DAppSCAN-source/contracts/consensys-DeFi_Saver/defisaver-v3-contracts-cb29669a84c2d6fffaf2231c0938eb407c060919::DFSBuy,DAPP,DAppSCAN-source/contracts/consensys-DeFi_Saver/defisaver-v3-contracts-cb29669a84c2d6fffaf2231c0938eb407c060919,DFSBuy,0,0,6,6,1,20,0,0
train,DAPP::DAppSCAN-source/contracts/consensys-DeFi_Saver/defisaver-v3-contracts-cb29669a84c2d6fffaf2231c0938eb407c060919::AavePayback,DAPP,DAppSCAN-source/contracts/consensys-DeFi_Saver/defisaver-v3-contracts-cb29669a84c2d6fffaf2231c0938eb407c060919,AavePayback,0,0,2,2,0,0,0,0
train,DAPP::DAppSCAN-source/contracts/consensys-DeFi_Saver/defisaver-v3-contracts-cb29669a84c2d6fffaf2231c0938eb407c060919::AaveWithdraw,DAPP,DAppSCAN-source/contracts/consensys-DeFi_Saver/defisaver-v3-contracts-cb29669a84c2d6fffaf2231c0938eb407c060919,AaveWithdraw,0,0,2,2,0,0,0,0
train,DAPP::DAppSCAN-source/contracts/consensys-DeFi_Saver/defisaver-v3-contracts-cb29669a84c2d6fffaf2231c0938eb407c060919::AaveSupply,DAPP,DAppSCAN-source/contracts/consensys-DeFi_Saver/defisaver-v3-contracts-cb29669a84c2d6fffaf2231c0938eb407c060919,AaveSupply,0,0,2,2,0,0,0,0
train,DAPP::DAppSCAN-source/contracts/consensys-DeFi_Saver/defisaver-v3-contracts-cb29669a84c2d6fffaf2231c0938eb407c060919::AaveBorrow,DAPP,DAppSCAN-source/contracts/consensys-DeFi_Saver/defisaver-v3-contracts-cb29669a84c2d6fffaf2231c0938eb407c060919,AaveBorrow,0,0,2,2,0,0,0,0
train,DAPP::DAppSCAN-source/contracts/consensys-DeFi_Saver/defisaver-v3-contracts-cb29669a84c2d6fffaf2231c0938eb407c060919::FLAaveV2,DAPP,DAppSCAN-source/contracts/consensys-DeFi_Saver/defisaver-v3-contracts-cb29669a84c2d6fffaf2231c0938eb407c060919,FLAaveV2,1,1,1,2,0,2,0,0
train,DAPP::DAppSCAN-source/contracts/consensys-DeFi_Saver/defisaver-v3-contracts-cb29669a84c2d6fffaf2231c0938eb407c060919::CompClaim,DAPP,DAppSCAN-source/contracts/consensys-DeFi_Saver/defisaver-v3-contracts-cb29669a84c2d6fffaf2231c0938eb407c060919,CompClaim,0,0,3,3,0,1,0,0
train,DAPP::DAppSCAN-source/contracts/consensys-DeFi_Saver/defisaver-v3-contracts-cb29669a84c2d6fffaf2231c0938eb407c060919::CompPayback,DAPP,DAppSCAN-source/contracts/consensys-DeFi_Saver/defisaver-v3-contracts-cb29669a84c2d6fffaf2231c0938eb407c060919,CompPayback,0,0,3,3,0,2,0,0
train,DAPP::DAppSCAN-source/contracts/consensys-DeFi_Saver/defisaver-v3-contracts-cb29669a84c2d6fffaf2231c0938eb407c060919::CompBorrow,DAPP,DAppSCAN-source/contracts/consensys-DeFi_Saver/defisaver-v3-contracts-cb29669a84c2d6fffaf2231c0938eb407c060919,CompBorrow,0,0,3,3,1,4,0,0
train,DAPP::DAppSCAN-source/contracts/consensys-DeFi_Saver/defisaver-v3-contracts-cb29669a84c2d6fffaf2231c0938eb407c060919::CompSupply,DAPP,DAppSCAN-source/contracts/consensys-DeFi_Saver/defisaver-v3-contracts-cb29669a84c2d6fffaf2231c0938eb407c060919,CompSupply,0,0,3,3,1,4,0,0
train,DAPP::DAppSCAN-source/contracts/consensys-DeFi_Saver/defisaver-v3-contracts-cb29669a84c2d6fffaf2231c0938eb407c060919::CompWithdraw,DAPP,DAppSCAN-source/contracts/consensys-DeFi_Saver/defisaver-v3-contracts-cb29669a84c2d6fffaf2231c0938eb407c060919,CompWithdraw,0,0,3,3,0,2,0,0
train,DAPP::DAppSCAN-source/contracts/consensys-DeFi_Saver/defisaver-v3-contracts-cb29669a84c2d6fffaf2231c0938eb407c060919::McdPayback,DAPP,DAppSCAN-source/contracts/consensys-DeFi_Saver/defisaver-v3-contracts-cb29669a84c2d6fffaf2231c0938eb407c060919,McdPayback,0,0,5,5,1,11,0,0
train,DAPP::DAppSCAN-source/contracts/consensys-DeFi_Saver/defisaver-v3-contracts-cb29669a84c2d6fffaf2231c0938eb407c060919::McdWithdraw,DAPP,DAppSCAN-source/contracts/consensys-DeFi_Saver/defisaver-v3-contracts-cb29669a84c2d6fffaf2231c0938eb407c060919,McdWithdraw,0,0,5,5,1,8,0,0
train,DAPP::DAppSCAN-source/contracts/consensys-DeFi_Saver/defisaver-v3-contracts-cb29669a84c2d6fffaf2231c0938eb407c060919::McdMerge,DAPP,DAppSCAN-source/contracts/consensys-DeFi_Saver/defisaver-v3-contracts-cb29669a84c2d6fffaf2231c0938eb407c060919,McdMerge,0,0,1,1,0,0,0,0
train,DAPP::DAppSCAN-source/contracts/consensys-DeFi_Saver/defisaver-v3-contracts-cb29669a84c2d6fffaf2231c0938eb407c060919::McdGive,DAPP,DAppSCAN-source/contracts/consensys-DeFi_Saver/defisaver-v3-contracts-cb29669a84c2d6fffaf2231c0938eb407c060919,McdGive,0,0,1,1,0,0,0,0
train,DAPP::DAppSCAN-source/contracts/consensys-DeFi_Saver/defisaver-v3-contracts-cb29669a84c2d6fffaf2231c0938eb407c060919::McdGenerate,DAPP,DAppSCAN-source/contracts/consensys-DeFi_Saver/defisaver-v3-contracts-cb29669a84c2d6fffaf2231c0938eb407c060919,McdGenerate,0,0,5,5,2,11,0,0
train,DAPP::DAppSCAN-source/contracts/consensys-DeFi_Saver/defisaver-v3-contracts-cb29669a84c2d6fffaf2231c0938eb407c060919::McdOpen,DAPP,DAppSCAN-source/contracts/consensys-DeFi_Saver/defisaver-v3-contracts-cb29669a84c2d6fffaf2231c0938eb407c060919,McdOpen,0,0,1,1,0,0,0,0
train,DAPP::DAppSCAN-source/contracts/consensys-DeFi_Saver/defisaver-v3-contracts-cb29669a84c2d6fffaf2231c0938eb407c060919::McdSupply,DAPP,DAppSCAN-source/contracts/consensys-DeFi_Saver/defisaver-v3-contracts-cb29669a84c2d6fffaf2231c0938eb407c060919,McdSupply,0,0,5,5,1,9,0,0
train,DAPP::DAppSCAN-source/contracts/consensys-DeFi_Saver/defisaver-v3-contracts-cb29669a84c2d6fffaf2231c0938eb407c060919::UniSupply,DAPP,DAppSCAN-source/contracts/consensys-DeFi_Saver/defisaver-v3-contracts-cb29669a84c2d6fffaf2231c0938eb407c060919,UniSupply,0,0,2,2,0,3,0,0
train,DAPP::DAppSCAN-source/contracts/consensys-DeFi_Saver/defisaver-v3-contracts-cb29669a84c2d6fffaf2231c0938eb407c060919::UniWithdraw,DAPP,DAppSCAN-source/contracts/consensys-DeFi_Saver/defisaver-v3-contracts-cb29669a84c2d6fffaf2231c0938eb407c060919,UniWithdraw,0,0,2,2,0,3,0,0
train,DAPP::DAppSCAN-source/contracts/consensys-DeFi_Saver/defisaver-v3-contracts-cb29669a84c2d6fffaf2231c0938eb407c060919::AaveHelper,DAPP,DAppSCAN-source/contracts/consensys-DeFi_Saver/defisaver-v3-contracts-cb29669a84c2d6fffaf2231c0938eb407c060919,AaveHelper,0,0,1,1,0,0,0,0
train,DAPP::DAppSCAN-source/contracts/consensys-DeFi_Saver/defisaver-v3-contracts-cb29669a84c2d6fffaf2231c0938eb407c060919::FLDyDx,DAPP,DAppSCAN-source/contracts/consensys-DeFi_Saver/defisaver-v3-contracts-cb29669a84c2d6fffaf2231c0938eb407c060919,FLDyDx,0,0,2,2,0,2,0,0
train,DAPP::DAppSCAN-source/contracts/consensys-DeFi_Saver/defisaver-v3-contracts-cb29669a84c2d6fffaf2231c0938eb407c060919::CompHelper,DAPP,DAppSCAN-source/contracts/consensys-DeFi_Saver/defisaver-v3-contracts-cb29669a84c2d6fffaf2231c0938eb407c060919,CompHelper,1,1,2,3,0,1,0,0
train,DAPP::DAppSCAN-source/contracts/consensys-DeFi_Saver/defisaver-v3-contracts-cb29669a84c2d6fffaf2231c0938eb407c060919::McdHelper,DAPP,DAppSCAN-source/contracts/consensys-DeFi_Saver/defisaver-v3-contracts-cb29669a84c2d6fffaf2231c0938eb407c060919,McdHelper,0,0,4,4,1,6,0,0
train,DAPP::DAppSCAN-source/contracts/ImmuneBytes-Bird Money-Final Audit Report/bird-farm-contracts-dfd2502b73c8f54c9081682c3eb070fcd3c00629::MasterChef,DAPP,DAppSCAN-source/contracts/ImmuneBytes-Bird Money-Final Audit Report/bird-farm-contracts-dfd2502b73c8f54c9081682c3eb070fcd3c00629,MasterChef,1,1,6,7,2,23,0,0
train,DAPP::DAppSCAN-source/contracts/QuillAudits-1inch-Fixed Rate Swap/fixed-rate-swap-0b5a75e9f56e7d21c290dd28c59dc140dcbcc1d5::FixedRateSwap,DAPP,DAppSCAN-source/contracts/QuillAudits-1inch-Fixed Rate Swap/fixed-rate-swap-0b5a75e9f56e7d21c290dd28c59dc140dcbcc1d5,FixedRateSwap,1,1,2,3,2,12,0,0
train,DAPP::DAppSCAN-source/contracts/QuillAudits-Yearn Finance-Generic Lender/yearnV2-generic-lender-strat-979ef2f0e5da39ca59a5907c37ba2064fcd6be82::Strategy,DAPP,DAppSCAN-source/contracts/QuillAudits-Yearn Finance-Generic Lender/yearnV2-generic-lender-strat-979ef2f0e5da39ca59a5907c37ba2064fcd6be82,Strategy,1,2,6,8,0,29,0,0
train,DAPP::DAppSCAN-source/contracts/QuillAudits-Yearn Finance-Generic Lender/yearnV2-generic-lender-strat-979ef2f0e5da39ca59a5907c37ba2064fcd6be82::GenericLenderBase,DAPP,DAppSCAN-source/contracts/QuillAudits-Yearn Finance-Generic Lender/yearnV2-generic-lender-strat-979ef2f0e5da39ca59a5907c37ba2064fcd6be82,GenericLenderBase,1,1,0,1,0,0,0,0
train,DAPP::DAppSCAN-source/contracts/QuillAudits-Yearn Finance-Generic Lender/yearnV2-generic-lender-strat-979ef2f0e5da39ca59a5907c37ba2064fcd6be82::AlphaHomo,DAPP,DAppSCAN-source/contracts/QuillAudits-Yearn Finance-Generic Lender/yearnV2-generic-lender-strat-979ef2f0e5da39ca59a5907c37ba2064fcd6be82,AlphaHomo,0,0,10,10,0,70,0,0
train,DAPP::DAppSCAN-source/contracts/QuillAudits-Yearn Finance-Generic Lender/yearnV2-generic-lender-strat-979ef2f0e5da39ca59a5907c37ba2064fcd6be82::EthCompound,DAPP,DAppSCAN-source/contracts/QuillAudits-Yearn Finance-Generic Lender/yearnV2-generic-lender-strat-979ef2f0e5da39ca59a5907c37ba2064fcd6be82,EthCompound,0,0,10,10,0,58,0,0
train,DAPP::DAppSCAN-source/contracts/QuillAudits-Yearn Finance-Generic Lender/yearnV2-generic-lender-strat-979ef2f0e5da39ca59a5907c37ba2064fcd6be82::GenericDyDx,DAPP,DAppSCAN-source/contracts/QuillAudits-Yearn Finance-Generic Lender/yearnV2-generic-lender-strat-979ef2f0e5da39ca59a5907c37ba2064fcd6be82,GenericDyDx,0,0,8,8,0,39,0,0
train,DAPP::DAppSCAN-source/contracts/QuillAudits-Yearn Finance-Generic Lender/yearnV2-generic-lender-strat-979ef2f0e5da39ca59a5907c37ba2064fcd6be82::GenericCream,DAPP,DAppSCAN-source/contracts/QuillAudits-Yearn Finance-Generic Lender/yearnV2-generic-lender-strat-979ef2f0e5da39ca59a5907c37ba2064fcd6be82,GenericCream,0,0,8,8,0,38,0,0
train,DAPP::DAppSCAN-source/contracts/QuillAudits-Yearn Finance-Generic Lender/yearnV2-generic-lender-strat-979ef2f0e5da39ca59a5907c37ba2064fcd6be82::GenericCompound,DAPP,DAppSCAN-source/contracts/QuillAudits-Yearn Finance-Generic Lender/yearnV2-generic-lender-strat-979ef2f0e5da39ca59a5907c37ba2064fcd6be82,GenericCompound,0,0,9,9,0,47,0,0
train,DAPP::DAppSCAN-source/contracts/QuillAudits-Yearn Finance-Generic Lender/yearnV2-generic-lender-strat-979ef2f0e5da39ca59a5907c37ba2064fcd6be82::EthCream,DAPP,DAppSCAN-source/contracts/QuillAudits-Yearn Finance-Generic Lender/yearnV2-generic-lender-strat-979ef2f0e5da39ca59a5907c37ba2064fcd6be82,EthCream,0,0,9,9,0,50,0,0
train,DAPP::DAppSCAN-source/contracts/QuillAudits-Yearn Finance-Generic Lender/yearnV2-generic-lender-strat-979ef2f0e5da39ca59a5907c37ba2064fcd6be82::Withdrawable,DAPP,DAppSCAN-source/contracts/QuillAudits-Yearn Finance-Generic Lender/yearnV2-generic-lender-strat-979ef2f0e5da39ca59a5907c37ba2064fcd6be82,Withdrawable,0,0,1,1,0,0,0,0
train,DAPP::DAppSCAN-source/contracts/QuillAudits-Yearn Finance-Generic Lender/yearnV2-generic-lender-strat-979ef2f0e5da39ca59a5907c37ba2064fcd6be82::FlashLoanReceiverBase,DAPP,DAppSCAN-source/contracts/QuillAudits-Yearn Finance-Generic Lender/yearnV2-generic-lender-strat-979ef2f0e5da39ca59a5907c37ba2064fcd6be82,FlashLoanReceiverBase,0,0,4,4,0,3,0,0
train,DAPP::DAppSCAN-source/contracts/QuillAudits-1inch-token/1inch-token-99fd056f91005ca521a02a005f7bcd8f77e06afc::ERC20Permit,DAPP,DAppSCAN-source/contracts/QuillAudits-1inch-token/1inch-token-99fd056f91005ca521a02a005f7bcd8f77e06afc,ERC20Permit,1,1,1,2,0,2,0,0
train,DAPP::DAppSCAN-source/contracts/QuillAudits-1inch-token/1inch-token-99fd056f91005ca521a02a005f7bcd8f77e06afc::OneInch,DAPP,DAppSCAN-source/contracts/QuillAudits-1inch-token/1inch-token-99fd056f91005ca521a02a005f7bcd8f77e06afc,OneInch,0,0,1,1,0,0,0,0
train,DAPP::DAppSCAN-source/contracts/QuillAudits-Yearn Finance-Yearn Vaults V3/yearn-vaults-e390c2a6b2ba6e2ecc8f3a72a1ea4adfabd17544::yToken,DAPP,DAppSCAN-source/contracts/QuillAudits-Yearn Finance-Yearn Vaults V3/yearn-vaults-e390c2a6b2ba6e2ecc8f3a72a1ea4adfabd17544,yToken,0,0,3,3,2,7,0,0
train,DAPP::DAppSCAN-source/contracts/QuillAudits-Yearn Finance-Yearn Vaults V3/yearn-vaults-e390c2a6b2ba6e2ecc8f3a72a1ea4adfabd17544::yWETH,DAPP,DAppSCAN-source/contracts/QuillAudits-Yearn Finance-Yearn Vaults V3/yearn-vaults-e390c2a6b2ba6e2ecc8f3a72a1ea4adfabd17544,yWETH,1,1,4,5,2,16,0,0
train,DAPP::DAppSCAN-source/contracts/QuillAudits-Yearn Finance-Yearn Vaults V3/yearn-vaults-e390c2a6b2ba6e2ecc8f3a72a1ea4adfabd17544::BaseStrategy,DAPP,DAppSCAN-source/contracts/QuillAudits-Yearn Finance-Yearn Vaults V3/yearn-vaults-e390c2a6b2ba6e2ecc8f3a72a1ea4adfabd17544,BaseStrategy,0,0,11,11,0,65,0,0
train,DAPP::DAppSCAN-source/contracts/QuillAudits-Yearn Finance-Yearn Vaults V3/yearn-vaults-e390c2a6b2ba6e2ecc8f3a72a1ea4adfabd17544::BaseStrategyInitializable,DAPP,DAppSCAN-source/contracts/QuillAudits-Yearn Finance-Yearn Vaults V3/yearn-vaults-e390c2a6b2ba6e2ecc8f3a72a1ea4adfabd17544,BaseStrategyInitializable,0,0,11,11,0,65,0,0
train,DAPP::DAppSCAN-source/contracts/QuillAudits-Yearn Finance-Yearn Vaults V3/yearn-vaults-e390c2a6b2ba6e2ecc8f3a72a1ea4adfabd17544::BaseWrapper,DAPP,DAppSCAN-source/contracts/QuillAudits-Yearn Finance-Yearn Vaults V3/yearn-vaults-e390c2a6b2ba6e2ecc8f3a72a1ea4adfabd17544,BaseWrapper,1,2,3,5,1,22,0,0
train,DAPP::DAppSCAN-source/contracts/QuillAudits-Yearn Finance-Yearn Vaults V3/yearn-vaults-e390c2a6b2ba6e2ecc8f3a72a1ea4adfabd17544::TestStrategy,DAPP,DAppSCAN-source/contracts/QuillAudits-Yearn Finance-Yearn Vaults V3/yearn-vaults-e390c2a6b2ba6e2ecc8f3a72a1ea4adfabd17544,TestStrategy,0,0,15,15,1,127,0,0
train,DAPP::DAppSCAN-source/contracts/QuillAudits-Yearn Finance-Yearn Vaults V3/yearn-vaults-e390c2a6b2ba6e2ecc8f3a72a1ea4adfabd17544::AffiliateToken,DAPP,DAppSCAN-source/contracts/QuillAudits-Yearn Finance-Yearn Vaults V3/yearn-vaults-e390c2a6b2ba6e2ecc8f3a72a1ea4adfabd17544,AffiliateToken,0,0,3,3,2,7,0,0
train,DAPP::DAppSCAN-source/contracts/Coinspect-Incognito Audit/bridge-eth-4879219669a38d601265582f815596b6775855b6::UpgradeabilityProxy,DAPP,DAppSCAN-source/contracts/Coinspect-Incognito Audit/bridge-eth-4879219669a38d601265582f815596b6775855b6,UpgradeabilityProxy,0,0,1,1,0,0,0,0
train,DAPP::DAppSCAN-source/contracts/Coinspect-Incognito Audit/bridge-eth-4879219669a38d601265582f815596b6775855b6::AdminUpgradeabilityProxy,DAPP,DAppSCAN-source/contracts/Coinspect-Incognito Audit/bridge-eth-4879219669a38d601265582f815596b6775855b6,AdminUpgradeabilityProxy,0,0,1,1,0,0,0,0
train,DAPP::DAppSCAN-source/contracts/Coinspect-Incognito Audit/bridge-eth-4879219669a38d601265582f815596b6775855b6::FiatTokenProxy,DAPP,DAppSCAN-source/contracts/Coinspect-Incognito Audit/bridge-eth-4879219669a38d601265582f815596b6775855b6,FiatTokenProxy,0,0,1,1,0,0,0,0
train,DAPP::DAppSCAN-source/contracts/Coinspect-Incognito Audit/bridge-eth-4879219669a38d601265582f815596b6775855b6::DSAuth,DAPP,DAppSCAN-source/contracts/Coinspect-Incognito Audit/bridge-eth-4879219669a38d601265582f815596b6775855b6,DSAuth,0,0,1,1,0,0,0,0
train,DAPP::DAppSCAN-source/contracts/Coinspect-Incognito Audit/bridge-eth-4879219669a38d601265582f815596b6775855b6::DSStop,DAPP,DAppSCAN-source/contracts/Coinspect-Incognito Audit/bridge-eth-4879219669a38d601265582f815596b6775855b6,DSStop,0,0,1,1,0,0,0,0
train,DAPP::DAppSCAN-source/contracts/Coinspect-Incognito Audit/bridge-eth-4879219669a38d601265582f815596b6775855b6::DSToken,DAPP,DAppSCAN-source/contracts/Coinspect-Incognito Audit/bridge-eth-4879219669a38d601265582f815596b6775855b6,DSToken,0,0,1,1,0,0,0,0
train,DAPP::DAppSCAN-source/contracts/Coinspect-Incognito Audit/bridge-eth-4879219669a38d601265582f815596b6775855b6::FAIL,DAPP,DAppSCAN-source/contracts/Coinspect-Incognito Audit/bridge-eth-4879219669a38d601265582f815596b6775855b6,FAIL,0,0,6,6,0,20,0,0
train,DAPP::DAppSCAN-source/contracts/Coinspect-Incognito Audit/bridge-eth-4879219669a38d601265582f815596b6775855b6::DLESS,DAPP,DAppSCAN-source/contracts/Coinspect-Incognito Audit/bridge-eth-4879219669a38d601265582f815596b6775855b6,DLESS,0,0,6,6,0,20,0,0
train,DAPP::DAppSCAN-source/contracts/Coinspect-Incognito Audit/bridge-eth-4879219669a38d601265582f815596b6775855b6::BNB,DAPP,DAppSCAN-source/contracts/Coinspect-Incognito Audit/bridge-eth-4879219669a38d601265582f815596b6775855b6,BNB,0,0,6,6,0,20,0,0
train,DAPP::DAppSCAN-source/contracts/Coinspect-Incognito Audit/bridge-eth-4879219669a38d601265582f815596b6775855b6::TetherToken,DAPP,DAppSCAN-source/contracts/Coinspect-Incognito Audit/bridge-eth-4879219669a38d601265582f815596b6775855b6,TetherToken,0,0,6,6,0,15,0,0
train,DAPP::DAppSCAN-source/contracts/Coinspect-Incognito Audit/bridge-eth-4879219669a38d601265582f815596b6775855b6::UniswapV2Trade,DAPP,DAppSCAN-source/contracts/Coinspect-Incognito Audit/bridge-eth-4879219669a38d601265582f815596b6775855b6,UniswapV2Trade,0,0,7,7,0,9,0,0
train,DAPP::DAppSCAN-source/contracts/Coinspect-Incognito Audit/bridge-eth-4879219669a38d601265582f815596b6775855b6::TradeUtils,DAPP,DAppSCAN-source/contracts/Coinspect-Incognito Audit/bridge-eth-4879219669a38d601265582f815596b6775855b6,TradeUtils,0,0,3,3,0,3,0,0
train,DAPP::DAppSCAN-source/contracts/Coinspect-Incognito Audit/bridge-eth-4879219669a38d601265582f815596b6775855b6::IncognitoProxy,DAPP,DAppSCAN-source/contracts/Coinspect-Incognito Audit/bridge-eth-4879219669a38d601265582f815596b6775855b6,IncognitoProxy,0,0,2,2,0,1,0,0
train,DAPP::DAppSCAN-source/contracts/Coinspect-Incognito Audit/bridge-eth-4879219669a38d601265582f815596b6775855b6::Vault,DAPP,DAppSCAN-source/contracts/Coinspect-Incognito Audit/bridge-eth-4879219669a38d601265582f815596b6775855b6,Vault,1,1,8,9,1,35,0,0
train,DAPP::DAppSCAN-source/contracts/Coinspect-Incognito Audit/bridge-eth-4879219669a38d601265582f815596b6775855b6::KBNTrade,DAPP,DAppSCAN-source/contracts/Coinspect-Incognito Audit/bridge-eth-4879219669a38d601265582f815596b6775855b6,KBNTrade,0,0,7,7,0,9,0,0
train,DAPP::DAppSCAN-source/contracts/Inspex-Optimized Worker/bsc-alpaca-contract-1aee2ceec77e3fd3162b74858c846cdc5692928d::GrazingRange,DAPP,DAppSCAN-source/contracts/Inspex-Optimized Worker/bsc-alpaca-contract-1aee2ceec77e3fd3162b74858c846cdc5692928d,GrazingRange,0,0,7,7,2,38,5,0
train,DAPP::DAppSCAN-source/contracts/Inspex-Optimized Worker/bsc-alpaca-contract-1aee2ceec77e3fd3162b74858c846cdc5692928d::Timelock,DAPP,DAppSCAN-source/contracts/Inspex-Optimized Worker/bsc-alpaca-contract-1aee2ceec77e3fd3162b74858c846cdc5692928d,Timelock,0,0,1,1,0,0,0,0
train,DAPP::DAppSCAN-source/contracts/Inspex-Optimized Worker/bsc-alpaca-contract-1aee2ceec77e3fd3162b74858c846cdc5692928d::WaultSwapPair,DAPP,DAppSCAN-source/contracts/Inspex-Optimized Worker/bsc-alpaca-contract-1aee2ceec77e3fd3162b74858c846cdc5692928d,WaultSwapPair,0,0,8,8,3,57,0,0
train,DAPP::DAppSCAN-source/contracts/Inspex-Optimized Worker/bsc-alpaca-contract-1aee2ceec77e3fd3162b74858c846cdc5692928d::WaultSwapFactory,DAPP,DAppSCAN-source/contracts/Inspex-Optimized Worker/bsc-alpaca-contract-1aee2ceec77e3fd3162b74858c846cdc5692928d,WaultSwapFactory,0,0,1,1,0,0,0,0
train,DAPP::DAppSCAN-source/contracts/Inspex-Optimized Worker/bsc-alpaca-contract-1aee2ceec77e3fd3162b74858c846cdc5692928d::WexMaster,DAPP,DAppSCAN-source/contracts/Inspex-Optimized Worker/bsc-alpaca-contract-1aee2ceec77e3fd3162b74858c846cdc5692928d,WexMaster,0,0,8,8,1,44,0,0
train,DAPP::DAppSCAN-source/contracts/Inspex-Optimized Worker/bsc-alpaca-contract-1aee2ceec77e3fd3162b74858c846cdc5692928d::StronkAlpacaRelayer,DAPP,DAppSCAN-source/contracts/Inspex-Optimized Worker/bsc-alpaca-contract-1aee2ceec77e3fd3162b74858c846cdc5692928d,StronkAlpacaRelayer,0,0,1,1,0,0,0,0
train,DAPP::DAppSCAN-source/contracts/Inspex-Optimized Worker/bsc-alpaca-contract-1aee2ceec77e3fd3162b74858c846cdc5692928d::FairLaunchV2,DAPP,DAppSCAN-source/contracts/Inspex-Optimized Worker/bsc-alpaca-contract-1aee2ceec77e3fd3162b74858c846cdc5692928d,FairLaunchV2,0,0,9,9,1,41,5,0
train,DAPP::DAppSCAN-source/contracts/Inspex-Optimized Worker/bsc-alpaca-contract-1aee2ceec77e3fd3162b74858c846cdc5692928d::StronkAlpaca,DAPP,DAppSCAN-source/contracts/Inspex-Optimized Worker/bsc-alpaca-contract-1aee2ceec77e3fd3162b74858c846cdc5692928d,StronkAlpaca,0,0,3,3,3,12,0,0
train,DAPP::DAppSCAN-source/contracts/Inspex-Optimized Worker/bsc-alpaca-contract-1aee2ceec77e3fd3162b74858c846cdc5692928d::MerkleDistributor,DAPP,DAppSCAN-source/contracts/Inspex-Optimized Worker/bsc-alpaca-contract-1aee2ceec77e3fd3162b74858c846cdc5692928d,MerkleDistributor,0,0,4,4,2,11,0,0
train,DAPP::DAppSCAN-source/contracts/Inspex-Optimized Worker/bsc-alpaca-contract-1aee2ceec77e3fd3162b74858c846cdc5692928d::Shield,DAPP,DAppSCAN-source/contracts/Inspex-Optimized Worker/bsc-alpaca-contract-1aee2ceec77e3fd3162b74858c846cdc5692928d,Shield,0,0,5,5,0,10,0,0
train,DAPP::DAppSCAN-source/contracts/Inspex-Optimized Worker/bsc-alpaca-contract-1aee2ceec77e3fd3162b74858c846cdc5692928d::FairLaunch,DAPP,DAppSCAN-source/contracts/Inspex-Optimized Worker/bsc-alpaca-contract-1aee2ceec77e3fd3162b74858c846cdc5692928d,FairLaunch,0,0,10,10,3,68,0,0
train,DAPP::DAppSCAN-source/contracts/Inspex-Optimized Worker/bsc-alpaca-contract-1aee2ceec77e3fd3162b74858c846cdc5692928d::UpgradeabilityProxy,DAPP,DAppSCAN-source/contracts/Inspex-Optimized Worker/bsc-alpaca-contract-1aee2ceec77e3fd3162b74858c846cdc5692928d,UpgradeabilityProxy,0,0,1,1,0,0,0,0
train,DAPP::DAppSCAN-source/contracts/Inspex-Optimized Worker/bsc-alpaca-contract-1aee2ceec77e3fd3162b74858c846cdc5692928d::AdminUpgradeabilityProxy,DAPP,DAppSCAN-source/contracts/Inspex-Optimized Worker/bsc-alpaca-contract-1aee2ceec77e3fd3162b74858c846cdc5692928d,AdminUpgradeabilityProxy,0,0,1,1,0,0,0,0
train,DAPP::DAppSCAN-source/contracts/Inspex-Optimized Worker/bsc-alpaca-contract-1aee2ceec77e3fd3162b74858c846cdc5692928d::WNativeRelayer,DAPP,DAppSCAN-source/contracts/Inspex-Optimized Worker/bsc-alpaca-contract-1aee2ceec77e3fd3162b74858c846cdc5692928d,WNativeRelayer,0,0,1,1,0,0,0,0
train,DAPP::DAppSCAN-source/contracts/Inspex-Optimized Worker/bsc-alpaca-contract-1aee2ceec77e3fd3162b74858c846cdc5692928d::OracleMedianizer,DAPP,DAppSCAN-source/contracts/Inspex-Optimized Worker/bsc-alpaca-contract-1aee2ceec77e3fd3162b74858c846cdc5692928d,OracleMedianizer,0,0,1,1,0,0,0,0
train,DAPP::DAppSCAN-source/contracts/Inspex-Optimized Worker/bsc-alpaca-contract-1aee2ceec77e3fd3162b74858c846cdc5692928d::ConfigurableInterestVaultConfig,DAPP,DAppSCAN-source/contracts/Inspex-Optimized Worker/bsc-alpaca-contract-1aee2ceec77e3fd3162b74858c846cdc5692928d,ConfigurableInterestVaultConfig,0,0,4,4,0,3,0,0
train,DAPP::DAppSCAN-source/contracts/Inspex-Optimized Worker/bsc-alpaca-contract-1aee2ceec77e3fd3162b74858c846cdc5692928d::Vault,DAPP,DAppSCAN-source/contracts/Inspex-Optimized Worker/bsc-alpaca-contract-1aee2ceec77e3fd3162b74858c846cdc5692928d,Vault,0,0,14,14,3,108,6,1
train,DAPP::DAppSCAN-source/contracts/Inspex-Optimized Worker/bsc-alpaca-contract-1aee2ceec77e3fd3162b74858c846cdc5692928d::LinearRelease,DAPP,DAppSCAN-source/contracts/Inspex-Optimized Worker/bsc-alpaca-contract-1aee2ceec77e3fd3162b74858c846cdc5692928d,LinearRelease,0,0,2,2,1,3,0,0
train,DAPP::DAppSCAN-source/contracts/Inspex-Optimized Worker/bsc-alpaca-contract-1aee2ceec77e3fd3162b74858c846cdc5692928d::SingleAssetWorkerConfig,DAPP,DAppSCAN-source/contracts/Inspex-Optimized Worker/bsc-alpaca-contract-1aee2ceec77e3fd3162b74858c846cdc5692928d,SingleAssetWorkerConfig,0,0,2,2,0,1,0,0
train,DAPP::DAppSCAN-source/contracts/Inspex-Optimized Worker/bsc-alpaca-contract-1aee2ceec77e3fd3162b74858c846cdc5692928d::WorkerConfig,DAPP,DAppSCAN-source/contracts/Inspex-Optimized Worker/bsc-alpaca-contract-1aee2ceec77e3fd3162b74858c846cdc5692928d,WorkerConfig,0,0,1,1,0,0,0,0
train,DAPP::DAppSCAN-source/contracts/Inspex-Optimized Worker/bsc-alpaca-contract-1aee2ceec77e3fd3162b74858c846cdc5692928d::ChainLinkPriceOracle,DAPP,DAppSCAN-source/contracts/Inspex-Optimized Worker/bsc-alpaca-contract-1aee2ceec77e3fd3162b74858c846cdc5692928d,ChainLinkPriceOracle,0,0,1,1,0,0,0,0
train,DAPP::DAppSCAN-source/contracts/Inspex-Optimized Worker/bsc-alpaca-contract-1aee2ceec77e3fd3162b74858c846cdc5692928d::CakeMaxiWorker,DAPP,DAppSCAN-source/contracts/Inspex-Optimized Worker/bsc-alpaca-contract-1aee2ceec77e3fd3162b74858c846cdc5692928d,CakeMaxiWorker,0,0,9,9,3,44,0,0
train,DAPP::DAppSCAN-source/contracts/Inspex-Optimized Worker/bsc-alpaca-contract-1aee2ceec77e3fd3162b74858c846cdc5692928d::CakeMaxiWorker02,DAPP,DAppSCAN-source/contracts/Inspex-Optimized Worker/bsc-alpaca-contract-1aee2ceec77e3fd3162b74858c846cdc5692928d,CakeMaxiWorker02,0,0,11,11,4,66,5,0
train,DAPP::DAppSCAN-source/contracts/Inspex-Optimized Worker/bsc-alpaca-contract-1aee2ceec77e3fd3162b74858c846cdc5692928d::WaultSwapWorker02,DAPP,DAppSCAN-source/contracts/Inspex-Optimized Worker/bsc-alpaca-contract-1aee2ceec77e3fd3162b74858c846cdc5692928d,WaultSwapWorker02,0,0,9,9,1,53,0,0
train,DAPP::DAppSCAN-source/contracts/Inspex-Optimized Worker/bsc-alpaca-contract-1aee2ceec77e3fd3162b74858c846cdc5692928d::WaultSwapWorker,DAPP,DAppSCAN-source/contracts/Inspex-Optimized Worker/bsc-alpaca-contract-1aee2ceec77e3fd3162b74858c846cdc5692928d,WaultSwapWorker,0,0,9,9,1,51,0,0
train,DAPP::DAppSCAN-source/contracts/Inspex-Optimized Worker/bsc-alpaca-contract-1aee2ceec77e3fd3162b74858c846cdc5692928d::PancakeswapV2Worker,DAPP,DAppSCAN-source/contracts/Inspex-Optimized Worker/bsc-alpaca-contract-1aee2ceec77e3fd3162b74858c846cdc5692928d,PancakeswapV2Worker,0,0,9,9,1,51,0,0
train,DAPP::DAppSCAN-source/contracts/Inspex-Optimized Worker/bsc-alpaca-contract-1aee2ceec77e3fd3162b74858c846cdc5692928d::PancakeswapV2Worker02,DAPP,DAppSCAN-source/contracts/Inspex-Optimized Worker/bsc-alpaca-contract-1aee2ceec77e3fd3162b74858c846cdc5692928d,PancakeswapV2Worker02,1,1,8,9,1,53,0,0
train,DAPP::DAppSCAN-source/contracts/Inspex-Optimized Worker/bsc-alpaca-contract-1aee2ceec77e3fd3162b74858c846cdc5692928d::PancakeswapWorker,DAPP,DAppSCAN-source/contracts/Inspex-Optimized Worker/bsc-alpaca-contract-1aee2ceec77e3fd3162b74858c846cdc5692928d,PancakeswapWorker,0,0,9,9,0,49,0,0
train,DAPP::DAppSCAN-source/contracts/Inspex-Optimized Worker/bsc-alpaca-contract-1aee2ceec77e3fd3162b74858c846cdc5692928d::PancakeswapV2WorkerMigrate,DAPP,DAppSCAN-source/contracts/Inspex-Optimized Worker/bsc-alpaca-contract-1aee2ceec77e3fd3162b74858c846cdc5692928d,PancakeswapV2WorkerMigrate,0,0,10,10,1,68,0,0
train,DAPP::DAppSCAN-source/contracts/Inspex-Optimized Worker/bsc-alpaca-contract-1aee2ceec77e3fd3162b74858c846cdc5692928d::WaultSwapRouter,DAPP,DAppSCAN-source/contracts/Inspex-Optimized Worker/bsc-alpaca-contract-1aee2ceec77e3fd3162b74858c846cdc5692928d,WaultSwapRouter,0,0,22,22,0,397,14,0
train,DAPP::DAppSCAN-source/contracts/Inspex-Optimized Worker/bsc-alpaca-contract-1aee2ceec77e3fd3162b74858c846cdc5692928d::PancakeRouterV2,DAPP,DAppSCAN-source/contracts/Inspex-Optimized Worker/bsc-alpaca-contract-1aee2ceec77e3fd3162b74858c846cdc5692928d,PancakeRouterV2,0,0,22,22,0,397,14,0
train,DAPP::DAppSCAN-source/contracts/Inspex-Optimized Worker/bsc-alpaca-contract-1aee2ceec77e3fd3162b74858c846cdc5692928d::PancakeRouter,DAPP,DAppSCAN-source/contracts/Inspex-Optimized Worker/bsc-alpaca-contract-1aee2ceec77e3fd3162b74858c846cdc5692928d,PancakeRouter,0,0,22,22,0,397,14,0
train,DAPP::DAppSCAN-source/contracts/Inspex-Optimized Worker/bsc-alpaca-contract-1aee2ceec77e3fd3162b74858c846cdc5692928d::SyrupBar,DAPP,DAppSCAN-source/contracts/Inspex-Optimized Worker/bsc-alpaca-contract-1aee2ceec77e3fd3162b74858c846cdc5692928d,SyrupBar,0,0,1,1,0,0,0,0
train,DAPP::DAppSCAN-source/contracts/Inspex-Optimized Worker/bsc-alpaca-contract-1aee2ceec77e3fd3162b74858c846cdc5692928d::PancakeMasterChef,DAPP,DAppSCAN-source/contracts/Inspex-Optimized Worker/bsc-alpaca-contract-1aee2ceec77e3fd3162b74858c846cdc5692928d,PancakeMasterChef,0,0,8,8,3,51,0,0
train,DAPP::DAppSCAN-source/contracts/Inspex-Optimized Worker/bsc-alpaca-contract-1aee2ceec77e3fd3162b74858c846cdc5692928d::WETH,DAPP,DAppSCAN-source/contracts/Inspex-Optimized Worker/bsc-alpaca-contract-1aee2ceec77e3fd3162b74858c846cdc5692928d,WETH,0,0,1,1,0,0,0,0
train,DAPP::DAppSCAN-source/contracts/Inspex-Optimized Worker/bsc-alpaca-contract-1aee2ceec77e3fd3162b74858c846cdc5692928d::MasterChef,DAPP,DAppSCAN-source/contracts/Inspex-Optimized Worker/bsc-alpaca-contract-1aee2ceec77e3fd3162b74858c846cdc5692928d,MasterChef,0,0,6,6,2,23,0,0
train,DAPP::DAppSCAN-source/contracts/Inspex-Optimized Worker/bsc-alpaca-contract-1aee2ceec77e3fd3162b74858c846cdc5692928d::PancakeswapV2RestrictedStrategyLiquidate,DAPP,DAppSCAN-source/contracts/Inspex-Optimized Worker/bsc-alpaca-contract-1aee2ceec77e3fd3162b74858c846cdc5692928d,PancakeswapV2RestrictedStrategyLiquidate,0,0,2,2,0,1,0,0
train,DAPP::DAppSCAN-source/contracts/Inspex-Optimized Worker/bsc-alpaca-contract-1aee2ceec77e3fd3162b74858c846cdc5692928d::PancakeswapV2RestrictedStrategyWithdrawMinimizeTrading,DAPP,DAppSCAN-source/contracts/Inspex-Optimized Worker/bsc-alpaca-contract-1aee2ceec77e3fd3162b74858c846cdc5692928d,PancakeswapV2RestrictedStrategyWithdrawMinimizeTrading,0,0,2,2,0,1,0,0
train,DAPP::DAppSCAN-source/contracts/Inspex-Optimized Worker/bsc-alpaca-contract-1aee2ceec77e3fd3162b74858c846cdc5692928d::PancakeswapV2RestrictedStrategyPartialCloseLiquidate,DAPP,DAppSCAN-source/contracts/Inspex-Optimized Worker/bsc-alpaca-contract-1aee2ceec77e3fd3162b74858c846cdc5692928d,PancakeswapV2RestrictedStrategyPartialCloseLiquidate,0,0,2,2,0,1,0,0
train,DAPP::DAppSCAN-source/contracts/Inspex-Optimized Worker/bsc-alpaca-contract-1aee2ceec77e3fd3162b74858c846cdc5692928d::PancakeswapV2RestrictedStrategyAddBaseTokenOnly,DAPP,DAppSCAN-source/contracts/Inspex-Optimized Worker/bsc-alpaca-contract-1aee2ceec77e3fd3162b74858c846cdc5692928d,PancakeswapV2RestrictedStrategyAddBaseTokenOnly,0,0,2,2,0,1,0,0
train,DAPP::DAppSCAN-source/contracts/Inspex-Optimized Worker/bsc-alpaca-contract-1aee2ceec77e3fd3162b74858c846cdc5692928d::PancakeswapV2RestrictedStrategyAddTwoSidesOptimal,DAPP,DAppSCAN-source/contracts/Inspex-Optimized Worker/bsc-alpaca-contract-1aee2ceec77e3fd3162b74858c846cdc5692928d,PancakeswapV2RestrictedStrategyAddTwoSidesOptimal,0,0,2,2,0,1,0,0
train,DAPP::DAppSCAN-source/contracts/Inspex-Optimized Worker/bsc-alpaca-contract-1aee2ceec77e3fd3162b74858c846cdc5692928d::PancakeswapV2StrategyAddTwoSidesOptimalMigrate,DAPP,DAppSCAN-source/contracts/Inspex-Optimized Worker/bsc-alpaca-contract-1aee2ceec77e3fd3162b74858c846cdc5692928d,PancakeswapV2StrategyAddTwoSidesOptimalMigrate,0,0,2,2,0,1,0,0
train,DAPP::DAppSCAN-source/contracts/Inspex-Optimized Worker/bsc-alpaca-contract-1aee2ceec77e3fd3162b74858c846cdc5692928d::PancakeswapV2StrategyAddBaseTokenOnly,DAPP,DAppSCAN-source/contracts/Inspex-Optimized Worker/bsc-alpaca-contract-1aee2ceec77e3fd3162b74858c846cdc5692928d,PancakeswapV2StrategyAddBaseTokenOnly,0,0,2,2,0,1,0,0
train,DAPP::DAppSCAN-source/contracts/Inspex-Optimized Worker/bsc-alpaca-contract-1aee2ceec77e3fd3162b74858c846cdc5692928d::PancakeswapV2StrategyLiquidate,DAPP,DAppSCAN-source/contracts/Inspex-Optimized Worker/bsc-alpaca-contract-1aee2ceec77e3fd3162b74858c846cdc5692928d,PancakeswapV2StrategyLiquidate,0,0,2,2,0,1,0,0
train,DAPP::DAppSCAN-source/contracts/Inspex-Optimized Worker/bsc-alpaca-contract-1aee2ceec77e3fd3162b74858c846cdc5692928d::PancakeswapV2StrategyAddTwoSidesOptimal,DAPP,DAppSCAN-source/contracts/Inspex-Optimized Worker/bsc-alpaca-contract-1aee2ceec77e3fd3162b74858c846cdc5692928d,PancakeswapV2StrategyAddTwoSidesOptimal,0,0,2,2,0,1,0,0
train,DAPP::DAppSCAN-source/contracts/Inspex-Optimized Worker/bsc-alpaca-contract-1aee2ceec77e3fd3162b74858c846cdc5692928d::PancakeswapV2StrategyPartialCloseLiquidate,DAPP,DAppSCAN-source/contracts/Inspex-Optimized Worker/bsc-alpaca-contract-1aee2ceec77e3fd3162b74858c846cdc5692928d,PancakeswapV2StrategyPartialCloseLiquidate,0,0,2,2,0,1,0,0
train,DAPP::DAppSCAN-source/contracts/Inspex-Optimized Worker/bsc-alpaca-contract-1aee2ceec77e3fd3162b74858c846cdc5692928d::PancakeswapV2StrategyWithdrawMinimizeTrading,DAPP,DAppSCAN-source/contracts/Inspex-Optimized Worker/bsc-alpaca-contract-1aee2ceec77e3fd3162b74858c846cdc5692928d,PancakeswapV2StrategyWithdrawMinimizeTrading,0,0,2,2,0,1,0,0
train,DAPP::DAppSCAN-source/contracts/Inspex-Optimized Worker/bsc-alpaca-contract-1aee2ceec77e3fd3162b74858c846cdc5692928d::PancakeswapV2RestrictedSingleAssetStrategyLiquidate,DAPP,DAppSCAN-source/contracts/Inspex-Optimized Worker/bsc-alpaca-contract-1aee2ceec77e3fd3162b74858c846cdc5692928d,PancakeswapV2RestrictedSingleAssetStrategyLiquidate,0,0,2,2,0,1,0,0
train,DAPP::DAppSCAN-source/contracts/Inspex-Optimized Worker/bsc-alpaca-contract-1aee2ceec77e3fd3162b74858c846cdc5692928d::PancakeswapV2RestrictedSingleAssetStrategyWithdrawMinimizeTrading,DAPP,DAppSCAN-source/contracts/Inspex-Optimized Worker/bsc-alpaca-contract-1aee2ceec77e3fd3162b74858c846cdc5692928d,PancakeswapV2RestrictedSingleAssetStrategyWithdrawMinimizeTrading,0,0,2,2,0,1,0,0
train,DAPP::DAppSCAN-source/contracts/Inspex-Optimized Worker/bsc-alpaca-contract-1aee2ceec77e3fd3162b74858c846cdc5692928d::PancakeswapV2RestrictedSingleAssetStrategyAddBaseWithFarm,DAPP,DAppSCAN-source/contracts/Inspex-Optimized Worker/bsc-alpaca-contract-1aee2ceec77e3fd3162b74858c846cdc5692928d,PancakeswapV2RestrictedSingleAssetStrategyAddBaseWithFarm,0,0,2,2,0,1,0,0
train,DAPP::DAppSCAN-source/contracts/Inspex-Optimized Worker/bsc-alpaca-contract-1aee2ceec77e3fd3162b74858c846cdc5692928d::PancakeswapV2RestrictedSingleAssetStrategyAddBaseTokenOnly,DAPP,DAppSCAN-source/contracts/Inspex-Optimized Worker/bsc-alpaca-contract-1aee2ceec77e3fd3162b74858c846cdc5692928d,PancakeswapV2RestrictedSingleAssetStrategyAddBaseTokenOnly,0,0,2,2,0,1,0,0
train,DAPP::DAppSCAN-source/contracts/Inspex-Optimized Worker/bsc-alpaca-contract-1aee2ceec77e3fd3162b74858c846cdc5692928d::WaultSwapRestrictedStrategyLiquidate,DAPP,DAppSCAN-source/contracts/Inspex-Optimized Worker/bsc-alpaca-contract-1aee2ceec77e3fd3162b74858c846cdc5692928d,WaultSwapRestrictedStrategyLiquidate,0,0,2,2,0,1,0,0
train,DAPP::DAppSCAN-source/contracts/Inspex-Optimized Worker/bsc-alpaca-contract-1aee2ceec77e3fd3162b74858c846cdc5692928d::WaultSwapRestrictedStrategyAddTwoSidesOptimal,DAPP,DAppSCAN-source/contracts/Inspex-Optimized Worker/bsc-alpaca-contract-1aee2ceec77e3fd3162b74858c846cdc5692928d,WaultSwapRestrictedStrategyAddTwoSidesOptimal,0,0,2,2,0,1,0,0
train,DAPP::DAppSCAN-source/contracts/Inspex-Optimized Worker/bsc-alpaca-contract-1aee2ceec77e3fd3162b74858c846cdc5692928d::WaultSwapRestrictedStrategyWithdrawMinimizeTrading,DAPP,DAppSCAN-source/contracts/Inspex-Optimized Worker/bsc-alpaca-contract-1aee2ceec77e3fd3162b74858c846cdc5692928d,WaultSwapRestrictedStrategyWithdrawMinimizeTrading,0,0,2,2,0,1,0,0
train,DAPP::DAppSCAN-source/contracts/Inspex-Optimized Worker/bsc-alpaca-contract-1aee2ceec77e3fd3162b74858c846cdc5692928d::WaultSwapRestrictedStrategyAddBaseTokenOnly,DAPP,DAppSCAN-source/contracts/Inspex-Optimized Worker/bsc-alpaca-contract-1aee2ceec77e3fd3162b74858c846cdc5692928d,WaultSwapRestrictedStrategyAddBaseTokenOnly,0,0,2,2,0,1,0,0
train,DAPP::DAppSCAN-source/contracts/Inspex-Optimized Worker/bsc-alpaca-contract-1aee2ceec77e3fd3162b74858c846cdc5692928d::WaultSwapRestrictedStrategyPartialCloseLiquidate,DAPP,DAppSCAN-source/contracts/Inspex-Optimized Worker/bsc-alpaca-contract-1aee2ceec77e3fd3162b74858c846cdc5692928d,WaultSwapRestrictedStrategyPartialCloseLiquidate,0,0,2,2,0,1,0,0
train,DAPP::DAppSCAN-source/contracts/Inspex-Optimized Worker/bsc-alpaca-contract-1aee2ceec77e3fd3162b74858c846cdc5692928d::StrategyPartialCloseLiquidate,DAPP,DAppSCAN-source/contracts/Inspex-Optimized Worker/bsc-alpaca-contract-1aee2ceec77e3fd3162b74858c846cdc5692928d,StrategyPartialCloseLiquidate,0,0,2,2,0,1,0,0
train,DAPP::DAppSCAN-source/contracts/Inspex-Optimized Worker/bsc-alpaca-contract-1aee2ceec77e3fd3162b74858c846cdc5692928d::StrategyWithdrawMinimizeTrading,DAPP,DAppSCAN-source/contracts/Inspex-Optimized Worker/bsc-alpaca-contract-1aee2ceec77e3fd3162b74858c846cdc5692928d,StrategyWithdrawMinimizeTrading,0,0,2,2,0,1,0,0
train,DAPP::DAppSCAN-source/contracts/Inspex-Optimized Worker/bsc-alpaca-contract-1aee2ceec77e3fd3162b74858c846cdc5692928d::StrategyAddTwoSidesOptimal,DAPP,DAppSCAN-source/contracts/Inspex-Optimized Worker/bsc-alpaca-contract-1aee2ceec77e3fd3162b74858c846cdc5692928d,StrategyAddTwoSidesOptimal,0,0,2,2,0,1,0,0
train,DAPP::DAppSCAN-source/contracts/Inspex-Optimized Worker/bsc-alpaca-contract-1aee2ceec77e3fd3162b74858c846cdc5692928d::StrategyAddBaseTokenOnly,DAPP,DAppSCAN-source/contracts/Inspex-Optimized Worker/bsc-alpaca-contract-1aee2ceec77e3fd3162b74858c846cdc5692928d,StrategyAddBaseTokenOnly,0,0,2,2,0,1,0,0
train,DAPP::DAppSCAN-source/contracts/Inspex-Optimized Worker/bsc-alpaca-contract-1aee2ceec77e3fd3162b74858c846cdc5692928d::StrategyLiquidate,DAPP,DAppSCAN-source/contracts/Inspex-Optimized Worker/bsc-alpaca-contract-1aee2ceec77e3fd3162b74858c846cdc5692928d,StrategyLiquidate,0,0,2,2,0,1,0,0
train,DAPP::DAppSCAN-source/contracts/openzeppelin-Alpha_Finance_Homora_V2/alpha-homora-v2-contract-5efa332f2ecf8e9705c326cffda5305bc6f752f7::WStakingRewards,DAPP,DAppSCAN-source/contracts/openzeppelin-Alpha_Finance_Homora_V2/alpha-homora-v2-contract-5efa332f2ecf8e9705c326cffda5305bc6f752f7,WStakingRewards,0,0,2,2,0,2,0,0
train,DAPP::DAppSCAN-source/contracts/openzeppelin-Alpha_Finance_Homora_V2/alpha-homora-v2-contract-5efa332f2ecf8e9705c326cffda5305bc6f752f7::WMasterChef,DAPP,DAppSCAN-source/contracts/openzeppelin-Alpha_Finance_Homora_V2/alpha-homora-v2-contract-5efa332f2ecf8e9705c326cffda5305bc6f752f7,WMasterChef,1,1,2,3,0,6,0,0
train,DAPP::DAppSCAN-source/contracts/Iosiro-Synthetix Phase 2 Smart Contract Audit/synthetix-fdd4782ebebd7b4892c8a68000f76708d5d1aa7b::Synthetix,DAPP,DAppSCAN-source/contracts/Iosiro-Synthetix Phase 2 Smart Contract Audit/synthetix-fdd4782ebebd7b4892c8a68000f76708d5d1aa7b,Synthetix,1,1,18,19,2,103,0,0
train,DAPP::DAppSCAN-source/contracts/Iosiro-Synthetix Phase 2 Smart Contract Audit/synthetix-fdd4782ebebd7b4892c8a68000f76708d5d1aa7b::FeePool,DAPP,DAppSCAN-source/contracts/Iosiro-Synthetix Phase 2 Smart Contract Audit/synthetix-fdd4782ebebd7b4892c8a68000f76708d5d1aa7b,FeePool,0,0,27,27,1,143,0,0
train,DAPP::DAppSCAN-source/contracts/Hacken-Codex on Althash/Codex-Rewards-Platform-d364d0ef9258dd468f8202a352c58724d6b65638::CDEXStakingPool,DAPP,DAppSCAN-source/contracts/Hacken-Codex on Althash/Codex-Rewards-Platform-d364d0ef9258dd468f8202a352c58724d6b65638,CDEXStakingPool,1,4,0,4,0,9,0,0
train,DAPP::DAppSCAN-source/contracts/Hacken-Codex on Althash/Codex-Rewards-Platform-d364d0ef9258dd468f8202a352c58724d6b65638::CDEXRanking,DAPP,DAppSCAN-source/contracts/Hacken-Codex on Althash/Codex-Rewards-Platform-d364d0ef9258dd468f8202a352c58724d6b65638,CDEXRanking,0,0,9,9,0,39,0,0
train,DAPP::DAppSCAN-source/contracts/Chainsecurity-Oasis  Multiply Smart Contracts/multiply-proxy-actions-e277ac1471a95138aaa93b39cf2c16c36c769740::McdView,DAPP,DAppSCAN-source/contracts/Chainsecurity-Oasis  Multiply Smart Contracts/multiply-proxy-actions-e277ac1471a95138aaa93b39cf2c16c36c769740,McdView,0,0,3,3,3,15,0,0
train,DAPP::DAppSCAN-source/contracts/Chainsecurity-Oasis  Multiply Smart Contracts/multiply-proxy-actions-e277ac1471a95138aaa93b39cf2c16c36c769740::TokenUtils,DAPP,DAppSCAN-source/contracts/Chainsecurity-Oasis  Multiply Smart Contracts/multiply-proxy-actions-e277ac1471a95138aaa93b39cf2c16c36c769740,TokenUtils,0,0,7,7,0,16,0,0
train,DAPP::DAppSCAN-source/contracts/Chainsecurity-Oasis  Multiply Smart Contracts/multiply-proxy-actions-e277ac1471a95138aaa93b39cf2c16c36c769740::DSProxy,DAPP,DAppSCAN-source/contracts/Chainsecurity-Oasis  Multiply Smart Contracts/multiply-proxy-actions-e277ac1471a95138aaa93b39cf2c16c36c769740,DSProxy,0,0,1,1,0,0,0,0
train,DAPP::DAppSCAN-source/contracts/Chainsecurity-Oasis  Multiply Smart Contracts/multiply-proxy-actions-e277ac1471a95138aaa93b39cf2c16c36c769740::DSAuth,DAPP,DAppSCAN-source/contracts/Chainsecurity-Oasis  Multiply Smart Contracts/multiply-proxy-actions-e277ac1471a95138aaa93b39cf2c16c36c769740,DSAuth,0,0,1,1,0,0,0,0
train,DAPP::DAppSCAN-source/contracts/Chainsecurity-Oasis  Multiply Smart Contracts/multiply-proxy-actions-e277ac1471a95138aaa93b39cf2c16c36c769740::Exchange,DAPP,DAppSCAN-source/contracts/Chainsecurity-Oasis  Multiply Smart Contracts/multiply-proxy-actions-e277ac1471a95138aaa93b39cf2c16c36c769740,Exchange,0,0,3,3,0,6,0,0
train,DAPP::DAppSCAN-source/contracts/Chainsecurity-Oasis  Multiply Smart Contracts/multiply-proxy-actions-e277ac1471a95138aaa93b39cf2c16c36c769740::MultiplyProxyActions,DAPP,DAppSCAN-source/contracts/Chainsecurity-Oasis  Multiply Smart Contracts/multiply-proxy-actions-e277ac1471a95138aaa93b39cf2c16c36c769740,MultiplyProxyActions,1,1,14,15,0,115,0,0
train,DAPP::DAppSCAN-source/contracts/Chainsecurity-Oasis  Multiply Smart Contracts/multiply-proxy-actions-e277ac1471a95138aaa93b39cf2c16c36c769740::DummyExchange,DAPP,DAppSCAN-source/contracts/Chainsecurity-Oasis  Multiply Smart Contracts/multiply-proxy-actions-e277ac1471a95138aaa93b39cf2c16c36c769740,DummyExchange,0,0,1,1,0,0,0,0
train,DAPP::DAppSCAN-source/contracts/BlockSec-blocksec_multichain_vemult_v1.0_signed/veMULTI-bac804399d1ea280e5bd8cdc9488b6fa6a0a7fcc::ve,DAPP,DAppSCAN-source/contracts/BlockSec-blocksec_multichain_vemult_v1.0_signed/veMULTI-bac804399d1ea280e5bd8cdc9488b6fa6a0a7fcc,ve,1,1,1,2,2,7,0,0
train,DAPP::DAppSCAN-source/contracts/BlockSec-blocksec_multichain_vemult_v1.0_signed/veMULTI-bac804399d1ea280e5bd8cdc9488b6fa6a0a7fcc::Reward,DAPP,DAppSCAN-source/contracts/BlockSec-blocksec_multichain_vemult_v1.0_signed/veMULTI-bac804399d1ea280e5bd8cdc9488b6fa6a0a7fcc,Reward,0,0,9,9,3,44,0,0
train,DAPP::DAppSCAN-source/contracts/Coinbae-Pud.Fi Masterchef_Audit/MasterChef0x15Bee180BB39eE5c0166E63313C33984376930Db::MasterChef,DAPP,DAppSCAN-source/contracts/Coinbae-Pud.Fi Masterchef_Audit/MasterChef0x15Bee180BB39eE5c0166E63313C33984376930Db,MasterChef,1,7,2,9,2,55,0,0
train,DAPP::DAppSCAN-source/contracts/Trail_of_Bits-MapleFinance/liquidations-35c628e5ab45fbffaab7aef43a030a98b712a94a::UniswapV2Strategy,DAPP,DAppSCAN-source/contracts/Trail_of_Bits-MapleFinance/liquidations-35c628e5ab45fbffaab7aef43a030a98b712a94a,UniswapV2Strategy,0,0,1,1,0,0,0,0
train,DAPP::DAppSCAN-source/contracts/Trail_of_Bits-MapleFinance/liquidations-35c628e5ab45fbffaab7aef43a030a98b712a94a::Liquidator,DAPP,DAppSCAN-source/contracts/Trail_of_Bits-MapleFinance/liquidations-35c628e5ab45fbffaab7aef43a030a98b712a94a,Liquidator,1,1,2,3,0,3,0,0
train,DAPP::DAppSCAN-source/contracts/Trail_of_Bits-MapleFinance/liquidations-35c628e5ab45fbffaab7aef43a030a98b712a94a::SushiswapStrategy,DAPP,DAppSCAN-source/contracts/Trail_of_Bits-MapleFinance/liquidations-35c628e5ab45fbffaab7aef43a030a98b712a94a,SushiswapStrategy,0,0,1,1,0,0,0,0
train,DAPP::DAppSCAN-source/contracts/Trail_of_Bits-ampleforth/market-oracle-888fccaf05786f3f7f49e18ff040f911d44906f4::MarketOracle,DAPP,DAppSCAN-source/contracts/Trail_of_Bits-ampleforth/market-oracle-888fccaf05786f3f7f49e18ff040f911d44906f4,MarketOracle,1,1,1,2,0,1,0,0
train,DAPP::DAppSCAN-source/contracts/PeckShield-PlutosV1/plutos-eth-contract-0777815::PMintBurn,DAPP,DAppSCAN-source/contracts/PeckShield-PlutosV1/plutos-eth-contract-0777815,PMintBurn,1,1,5,6,0,26,0,0
train,DAPP::DAppSCAN-source/contracts/PeckShield-PlutosV1/plutos-eth-contract-0777815::PLiquidateAgent,DAPP,DAppSCAN-source/contracts/PeckShield-PlutosV1/plutos-eth-contract-0777815,PLiquidateAgent,0,0,1,1,0,0,0,0
train,DAPP::DAppSCAN-source/contracts/PeckShield-PlutosV1/plutos-eth-contract-0777815::ERC20Staking,DAPP,DAppSCAN-source/contracts/PeckShield-PlutosV1/plutos-eth-contract-0777815,ERC20Staking,0,0,4,4,0,10,0,0
train,DAPP::DAppSCAN-source/contracts/QuillAudits-Bond Appetit-Bond Appetit/bondappetit-protocol-355180f0aca0b29d60d808f761052956b7a3a159::Timelock,DAPP,DAppSCAN-source/contracts/QuillAudits-Bond Appetit-Bond Appetit/bondappetit-protocol-355180f0aca0b29d60d808f761052956b7a3a159,Timelock,0,0,1,1,0,0,0,0
train,DAPP::DAppSCAN-source/contracts/QuillAudits-Bond Appetit-Bond Appetit/bondappetit-protocol-355180f0aca0b29d60d808f761052956b7a3a159::Treasury,DAPP,DAppSCAN-source/contracts/QuillAudits-Bond Appetit-Bond Appetit/bondappetit-protocol-355180f0aca0b29d60d808f761052956b7a3a159,Treasury,0,0,3,3,0,3,0,0
train,DAPP::DAppSCAN-source/contracts/QuillAudits-Bond Appetit-Bond Appetit/bondappetit-protocol-355180f0aca0b29d60d808f761052956b7a3a159::VestingSplitter,DAPP,DAppSCAN-source/contracts/QuillAudits-Bond Appetit-Bond Appetit/bondappetit-protocol-355180f0aca0b29d60d808f761052956b7a3a159,VestingSplitter,0,0,2,2,0,1,0,0
train,DAPP::DAppSCAN-source/contracts/QuillAudits-Bond Appetit-Bond Appetit/bondappetit-protocol-355180f0aca0b29d60d808f761052956b7a3a159::CollateralMarket,DAPP,DAppSCAN-source/contracts/QuillAudits-Bond Appetit-Bond Appetit/bondappetit-protocol-355180f0aca0b29d60d808f761052956b7a3a159,CollateralMarket,0,0,5,5,0,8,0,0
train,DAPP::DAppSCAN-source/contracts/QuillAudits-Bond Appetit-Bond Appetit/bondappetit-protocol-355180f0aca0b29d60d808f761052956b7a3a159::Budget,DAPP,DAppSCAN-source/contracts/QuillAudits-Bond Appetit-Bond Appetit/bondappetit-protocol-355180f0aca0b29d60d808f761052956b7a3a159,Budget,0,0,5,5,0,17,0,0
train,DAPP::DAppSCAN-source/contracts/QuillAudits-Bond Appetit-Bond Appetit/bondappetit-protocol-355180f0aca0b29d60d808f761052956b7a3a159::Investment,DAPP,DAppSCAN-source/contracts/QuillAudits-Bond Appetit-Bond Appetit/bondappetit-protocol-355180f0aca0b29d60d808f761052956b7a3a159,Investment,0,0,5,5,1,25,0,0
train,DAPP::DAppSCAN-source/contracts/QuillAudits-Bond Appetit-Bond Appetit/bondappetit-protocol-355180f0aca0b29d60d808f761052956b7a3a159::Vesting,DAPP,DAppSCAN-source/contracts/QuillAudits-Bond Appetit-Bond Appetit/bondappetit-protocol-355180f0aca0b29d60d808f761052956b7a3a159,Vesting,0,0,4,4,0,5,0,0
train,DAPP::DAppSCAN-source/contracts/QuillAudits-Bond Appetit-Bond Appetit/bondappetit-protocol-355180f0aca0b29d60d808f761052956b7a3a159::Issuer,DAPP,DAppSCAN-source/contracts/QuillAudits-Bond Appetit-Bond Appetit/bondappetit-protocol-355180f0aca0b29d60d808f761052956b7a3a159,Issuer,0,0,5,5,1,10,0,0
train,DAPP::DAppSCAN-source/contracts/QuillAudits-Bond Appetit-Bond Appetit/bondappetit-protocol-355180f0aca0b29d60d808f761052956b7a3a159::GovernanceToken,DAPP,DAppSCAN-source/contracts/QuillAudits-Bond Appetit-Bond Appetit/bondappetit-protocol-355180f0aca0b29d60d808f761052956b7a3a159,GovernanceToken,0,0,3,3,1,5,0,0
train,DAPP::DAppSCAN-source/contracts/QuillAudits-Bond Appetit-Bond Appetit/bondappetit-protocol-355180f0aca0b29d60d808f761052956b7a3a159::GovernorAlpha,DAPP,DAppSCAN-source/contracts/QuillAudits-Bond Appetit-Bond Appetit/bondappetit-protocol-355180f0aca0b29d60d808f761052956b7a3a159,GovernorAlpha,0,0,10,10,0,52,0,0
train,DAPP::DAppSCAN-source/contracts/QuillAudits-Bond Appetit-Bond Appetit/bondappetit-protocol-355180f0aca0b29d60d808f761052956b7a3a159::Market,DAPP,DAppSCAN-source/contracts/QuillAudits-Bond Appetit-Bond Appetit/bondappetit-protocol-355180f0aca0b29d60d808f761052956b7a3a159,Market,0,0,5,5,1,25,0,0
train,DAPP::DAppSCAN-source/contracts/QuillAudits-Bond Appetit-Bond Appetit/bondappetit-protocol-355180f0aca0b29d60d808f761052956b7a3a159::StableToken,DAPP,DAppSCAN-source/contracts/QuillAudits-Bond Appetit-Bond Appetit/bondappetit-protocol-355180f0aca0b29d60d808f761052956b7a3a159,StableToken,0,0,3,3,0,3,0,0
train,DAPP::DAppSCAN-source/contracts/QuillAudits-Bond Appetit-Bond Appetit/bondappetit-protocol-355180f0aca0b29d60d808f761052956b7a3a159::Staking,DAPP,DAppSCAN-source/contracts/QuillAudits-Bond Appetit-Bond Appetit/bondappetit-protocol-355180f0aca0b29d60d808f761052956b7a3a159,Staking,0,0,5,5,0,5,0,0
train,DAPP::DAppSCAN-source/contracts/QuillAudits-Bond Appetit-Bond Appetit/bondappetit-protocol-355180f0aca0b29d60d808f761052956b7a3a159::AccessControl,DAPP,DAppSCAN-source/contracts/QuillAudits-Bond Appetit-Bond Appetit/bondappetit-protocol-355180f0aca0b29d60d808f761052956b7a3a159,AccessControl,0,0,3,3,0,3,0,0
train,DAPP::DAppSCAN-source/contracts/QuillAudits-Bond Appetit-Bond Appetit/bondappetit-protocol-355180f0aca0b29d60d808f761052956b7a3a159::StableTokenDepositaryBalanceView,DAPP,DAppSCAN-source/contracts/QuillAudits-Bond Appetit-Bond Appetit/bondappetit-protocol-355180f0aca0b29d60d808f761052956b7a3a159,StableTokenDepositaryBalanceView,0,0,4,4,0,7,0,0
train,DAPP::DAppSCAN-source/contracts/QuillAudits-Bond Appetit-Bond Appetit/bondappetit-protocol-355180f0aca0b29d60d808f761052956b7a3a159::HighAlertOracle,DAPP,DAppSCAN-source/contracts/QuillAudits-Bond Appetit-Bond Appetit/bondappetit-protocol-355180f0aca0b29d60d808f761052956b7a3a159,HighAlertOracle,0,0,5,5,0,14,0,0
train,DAPP::DAppSCAN-source/contracts/QuillAudits-Bond Appetit-Bond Appetit/bondappetit-protocol-355180f0aca0b29d60d808f761052956b7a3a159::RealAssetDepositaryBalanceView,DAPP,DAppSCAN-source/contracts/QuillAudits-Bond Appetit-Bond Appetit/bondappetit-protocol-355180f0aca0b29d60d808f761052956b7a3a159,RealAssetDepositaryBalanceView,0,0,5,5,1,8,0,0
train,DAPP::DAppSCAN-source/contracts/QuillAudits-Bond Appetit-Bond Appetit/bondappetit-protocol-355180f0aca0b29d60d808f761052956b7a3a159::AgregateDepositaryBalanceView,DAPP,DAppSCAN-source/contracts/QuillAudits-Bond Appetit-Bond Appetit/bondappetit-protocol-355180f0aca0b29d60d808f761052956b7a3a159,AgregateDepositaryBalanceView,0,0,3,3,1,9,0,0
train,DAPP::DAppSCAN-source/contracts/QuillAudits-Bond Appetit-Bond Appetit/bondappetit-protocol-355180f0aca0b29d60d808f761052956b7a3a159::DepositorCollateral,DAPP,DAppSCAN-source/contracts/QuillAudits-Bond Appetit-Bond Appetit/bondappetit-protocol-355180f0aca0b29d60d808f761052956b7a3a159,DepositorCollateral,0,0,3,3,1,6,0,0
train,DAPP::DAppSCAN-source/contracts/QuillAudits-Bond Appetit-Bond Appetit/bondappetit-protocol-355180f0aca0b29d60d808f761052956b7a3a159::UniswapMarketMaker,DAPP,DAppSCAN-source/contracts/QuillAudits-Bond Appetit-Bond Appetit/bondappetit-protocol-355180f0aca0b29d60d808f761052956b7a3a159,UniswapMarketMaker,0,0,5,5,0,15,0,0
train,DAPP::DAppSCAN-source/contracts/QuillAudits-Bond Appetit-Bond Appetit/bondappetit-protocol-355180f0aca0b29d60d808f761052956b7a3a159::Buyback,DAPP,DAppSCAN-source/contracts/QuillAudits-Bond Appetit-Bond Appetit/bondappetit-protocol-355180f0aca0b29d60d808f761052956b7a3a159,Buyback,0,0,3,3,0,6,0,0
train,DAPP::DAppSCAN-source/contracts/QuillAudits-Bond Appetit-Bond Appetit/bondappetit-protocol-355180f0aca0b29d60d808f761052956b7a3a159::ProfitSplitter,DAPP,DAppSCAN-source/contracts/QuillAudits-Bond Appetit-Bond Appetit/bondappetit-protocol-355180f0aca0b29d60d808f761052956b7a3a159,ProfitSplitter,1,1,8,9,0,35,0,0
train,DAPP::DAppSCAN-source/contracts/PeckShield-ShibaNova/Contracts-b6b1ce1fcaff83d360df8944309f49958842b7b8::NovaSwap,DAPP,DAppSCAN-source/contracts/PeckShield-ShibaNova/Contracts-b6b1ce1fcaff83d360df8944309f49958842b7b8,NovaSwap,0,0,1,1,0,0,0,0
train,DAPP::DAppSCAN-source/contracts/PeckShield-ShibaNova/Contracts-b6b1ce1fcaff83d360df8944309f49958842b7b8::ShibaPair,DAPP,DAppSCAN-source/contracts/PeckShield-ShibaNova/Contracts-b6b1ce1fcaff83d360df8944309f49958842b7b8,ShibaPair,0,0,8,8,3,57,0,0
train,DAPP::DAppSCAN-source/contracts/PeckShield-ShibaNova/Contracts-b6b1ce1fcaff83d360df8944309f49958842b7b8::ShibaFactory,DAPP,DAppSCAN-source/contracts/PeckShield-ShibaNova/Contracts-b6b1ce1fcaff83d360df8944309f49958842b7b8,ShibaFactory,0,0,1,1,0,0,0,0
train,DAPP::DAppSCAN-source/contracts/PeckShield-ShibaNova/Contracts-b6b1ce1fcaff83d360df8944309f49958842b7b8::ShibaMoneyPot,DAPP,DAppSCAN-source/contracts/PeckShield-ShibaNova/Contracts-b6b1ce1fcaff83d360df8944309f49958842b7b8,ShibaMoneyPot,0,0,7,7,1,27,0,0
train,DAPP::DAppSCAN-source/contracts/PeckShield-ShibaNova/Contracts-b6b1ce1fcaff83d360df8944309f49958842b7b8::ShibaRouter,DAPP,DAppSCAN-source/contracts/PeckShield-ShibaNova/Contracts-b6b1ce1fcaff83d360df8944309f49958842b7b8,ShibaRouter,0,0,22,22,0,397,14,0
train,DAPP::DAppSCAN-source/contracts/PeckShield-ShibaNova/Contracts-b6b1ce1fcaff83d360df8944309f49958842b7b8::FeeManager,DAPP,DAppSCAN-source/contracts/PeckShield-ShibaNova/Contracts-b6b1ce1fcaff83d360df8944309f49958842b7b8,FeeManager,0,0,4,4,0,6,0,0
train,DAPP::DAppSCAN-source/contracts/PeckShield-ShibaNova/Contracts-b6b1ce1fcaff83d360df8944309f49958842b7b8::ShibaBonusAggregator,DAPP,DAppSCAN-source/contracts/PeckShield-ShibaNova/Contracts-b6b1ce1fcaff83d360df8944309f49958842b7b8,ShibaBonusAggregator,0,0,2,2,0,2,0,0
train,DAPP::DAppSCAN-source/contracts/PeckShield-ShibaNova/Contracts-b6b1ce1fcaff83d360df8944309f49958842b7b8::SNovaToken,DAPP,DAppSCAN-source/contracts/PeckShield-ShibaNova/Contracts-b6b1ce1fcaff83d360df8944309f49958842b7b8,SNovaToken,0,0,4,4,2,13,0,0
train,DAPP::DAppSCAN-source/contracts/PeckShield-ShibaNova/Contracts-b6b1ce1fcaff83d360df8944309f49958842b7b8::MasterShiba,DAPP,DAppSCAN-source/contracts/PeckShield-ShibaNova/Contracts-b6b1ce1fcaff83d360df8944309f49958842b7b8,MasterShiba,1,1,9,10,2,62,0,0
train,DAPP::DAppSCAN-source/contracts/Chainsecurity-Compound  cToken unredacted/compound-protocol-4a54ec5c55b66ea67d44b76f3056f0ed7229db8c::Timelock,DAPP,DAppSCAN-source/contracts/Chainsecurity-Compound  cToken unredacted/compound-protocol-4a54ec5c55b66ea67d44b76f3056f0ed7229db8c,Timelock,0,0,1,1,0,0,0,0
train,DAPP::DAppSCAN-source/contracts/Chainsecurity-Compound  cToken unredacted/compound-protocol-4a54ec5c55b66ea67d44b76f3056f0ed7229db8c::CErc20Immutable,DAPP,DAppSCAN-source/contracts/Chainsecurity-Compound  cToken unredacted/compound-protocol-4a54ec5c55b66ea67d44b76f3056f0ed7229db8c,CErc20Immutable,0,0,18,18,2,109,0,0
train,DAPP::DAppSCAN-source/contracts/Chainsecurity-Compound  cToken unredacted/compound-protocol-4a54ec5c55b66ea67d44b76f3056f0ed7229db8c::Reservoir,DAPP,DAppSCAN-source/contracts/Chainsecurity-Compound  cToken unredacted/compound-protocol-4a54ec5c55b66ea67d44b76f3056f0ed7229db8c,Reservoir,0,0,1,1,0,0,0,0
train,DAPP::DAppSCAN-source/contracts/Chainsecurity-Compound  cToken unredacted/compound-protocol-4a54ec5c55b66ea67d44b76f3056f0ed7229db8c::CEther,DAPP,DAppSCAN-source/contracts/Chainsecurity-Compound  cToken unredacted/compound-protocol-4a54ec5c55b66ea67d44b76f3056f0ed7229db8c,CEther,0,0,12,12,2,69,0,0
train,DAPP::DAppSCAN-source/contracts/Chainsecurity-Compound  cToken unredacted/compound-protocol-4a54ec5c55b66ea67d44b76f3056f0ed7229db8c::Comptroller,DAPP,DAppSCAN-source/contracts/Chainsecurity-Compound  cToken unredacted/compound-protocol-4a54ec5c55b66ea67d44b76f3056f0ed7229db8c,Comptroller,1,1,16,17,3,103,0,0
train,DAPP::DAppSCAN-source/contracts/Chainsecurity-Compound  cToken unredacted/compound-protocol-4a54ec5c55b66ea67d44b76f3056f0ed7229db8c::CErc20Delegate,DAPP,DAppSCAN-source/contracts/Chainsecurity-Compound  cToken unredacted/compound-protocol-4a54ec5c55b66ea67d44b76f3056f0ed7229db8c,CErc20Delegate,0,0,18,18,2,109,0,0
train,DAPP::DAppSCAN-source/contracts/Chainsecurity-Compound  cToken unredacted/compound-protocol-4a54ec5c55b66ea67d44b76f3056f0ed7229db8c::ComptrollerG7,DAPP,DAppSCAN-source/contracts/Chainsecurity-Compound  cToken unredacted/compound-protocol-4a54ec5c55b66ea67d44b76f3056f0ed7229db8c,ComptrollerG7,0,0,17,17,2,101,0,0
train,DAPP::DAppSCAN-source/contracts/Chainsecurity-Compound  cToken unredacted/compound-protocol-4a54ec5c55b66ea67d44b76f3056f0ed7229db8c::CToken,DAPP,DAppSCAN-source/contracts/Chainsecurity-Compound  cToken unredacted/compound-protocol-4a54ec5c55b66ea67d44b76f3056f0ed7229db8c,CToken,1,1,12,13,2,79,0,0
train,DAPP::DAppSCAN-source/contracts/Chainsecurity-Compound  cToken unredacted/compound-protocol-4a54ec5c55b66ea67d44b76f3056f0ed7229db8c::SimplePriceOracle,DAPP,DAppSCAN-source/contracts/Chainsecurity-Compound  cToken unredacted/compound-protocol-4a54ec5c55b66ea67d44b76f3056f0ed7229db8c,SimplePriceOracle,0,0,2,2,0,2,0,0
train,DAPP::DAppSCAN-source/contracts/Chainsecurity-Compound  cToken unredacted/compound-protocol-4a54ec5c55b66ea67d44b76f3056f0ed7229db8c::CErc20,DAPP,DAppSCAN-source/contracts/Chainsecurity-Compound  cToken unredacted/compound-protocol-4a54ec5c55b66ea67d44b76f3056f0ed7229db8c,CErc20,0,0,18,18,2,109,0,0
train,DAPP::DAppSCAN-source/contracts/Chainsecurity-Compound  cToken unredacted/compound-protocol-4a54ec5c55b66ea67d44b76f3056f0ed7229db8c::DAIInterestRateModelV3,DAPP,DAppSCAN-source/contracts/Chainsecurity-Compound  cToken unredacted/compound-protocol-4a54ec5c55b66ea67d44b76f3056f0ed7229db8c,DAIInterestRateModelV3,0,0,2,2,0,3,0,0
train,DAPP::DAppSCAN-source/contracts/Chainsecurity-Compound  cToken unredacted/compound-protocol-4a54ec5c55b66ea67d44b76f3056f0ed7229db8c::CDaiDelegate,DAPP,DAppSCAN-source/contracts/Chainsecurity-Compound  cToken unredacted/compound-protocol-4a54ec5c55b66ea67d44b76f3056f0ed7229db8c,CDaiDelegate,0,0,20,20,2,111,0,0
train,DAPP::DAppSCAN-source/contracts/Chainsecurity-Compound  cToken unredacted/compound-protocol-4a54ec5c55b66ea67d44b76f3056f0ed7229db8c::ComptrollerKovan,DAPP,DAppSCAN-source/contracts/Chainsecurity-Compound  cToken unredacted/compound-protocol-4a54ec5c55b66ea67d44b76f3056f0ed7229db8c,ComptrollerKovan,0,0,16,16,2,91,0,0
train,DAPP::DAppSCAN-source/contracts/Chainsecurity-Compound  cToken unredacted/compound-protocol-4a54ec5c55b66ea67d44b76f3056f0ed7229db8c::ComptrollerRopsten,DAPP,DAppSCAN-source/contracts/Chainsecurity-Compound  cToken unredacted/compound-protocol-4a54ec5c55b66ea67d44b76f3056f0ed7229db8c,ComptrollerRopsten,0,0,16,16,2,91,0,0
train,DAPP::DAppSCAN-source/contracts/Chainsecurity-Compound  cToken unredacted/compound-protocol-4a54ec5c55b66ea67d44b76f3056f0ed7229db8c::PriceOracleProxy,DAPP,DAppSCAN-source/contracts/Chainsecurity-Compound  cToken unredacted/compound-protocol-4a54ec5c55b66ea67d44b76f3056f0ed7229db8c,PriceOracleProxy,0,0,1,1,0,0,0,0
train,DAPP::DAppSCAN-source/contracts/Chainsecurity-Compound  cToken unredacted/compound-protocol-4a54ec5c55b66ea67d44b76f3056f0ed7229db8c::CanReclaimToken,DAPP,DAppSCAN-source/contracts/Chainsecurity-Compound  cToken unredacted/compound-protocol-4a54ec5c55b66ea67d44b76f3056f0ed7229db8c,CanReclaimToken,0,0,1,1,0,0,0,0
train,DAPP::DAppSCAN-source/contracts/Chainsecurity-Compound  cToken unredacted/compound-protocol-4a54ec5c55b66ea67d44b76f3056f0ed7229db8c::OwnableContract,DAPP,DAppSCAN-source/contracts/Chainsecurity-Compound  cToken unredacted/compound-protocol-4a54ec5c55b66ea67d44b76f3056f0ed7229db8c,OwnableContract,0,0,1,1,0,0,0,0
train,DAPP::DAppSCAN-source/contracts/Chainsecurity-Compound  cToken unredacted/compound-protocol-4a54ec5c55b66ea67d44b76f3056f0ed7229db8c::WBTCToken,DAPP,DAppSCAN-source/contracts/Chainsecurity-Compound  cToken unredacted/compound-protocol-4a54ec5c55b66ea67d44b76f3056f0ed7229db8c,WBTCToken,0,0,1,1,0,0,0,0
train,DAPP::DAppSCAN-source/contracts/Chainsecurity-Compound  cToken unredacted/compound-protocol-4a54ec5c55b66ea67d44b76f3056f0ed7229db8c::GovernorBravoImmutable,DAPP,DAppSCAN-source/contracts/Chainsecurity-Compound  cToken unredacted/compound-protocol-4a54ec5c55b66ea67d44b76f3056f0ed7229db8c,GovernorBravoImmutable,0,0,7,7,0,32,0,0
train,DAPP::DAppSCAN-source/contracts/Chainsecurity-Compound  cToken unredacted/compound-protocol-4a54ec5c55b66ea67d44b76f3056f0ed7229db8c::CEtherScenario,DAPP,DAppSCAN-source/contracts/Chainsecurity-Compound  cToken unredacted/compound-protocol-4a54ec5c55b66ea67d44b76f3056f0ed7229db8c,CEtherScenario,0,0,13,13,2,90,0,0
train,DAPP::DAppSCAN-source/contracts/Chainsecurity-Compound  cToken unredacted/compound-protocol-4a54ec5c55b66ea67d44b76f3056f0ed7229db8c::CErc20Scenario,DAPP,DAppSCAN-source/contracts/Chainsecurity-Compound  cToken unredacted/compound-protocol-4a54ec5c55b66ea67d44b76f3056f0ed7229db8c,CErc20Scenario,0,0,19,19,2,130,0,0
train,DAPP::DAppSCAN-source/contracts/Chainsecurity-Compound  cToken unredacted/compound-protocol-4a54ec5c55b66ea67d44b76f3056f0ed7229db8c::CEvil,DAPP,DAppSCAN-source/contracts/Chainsecurity-Compound  cToken unredacted/compound-protocol-4a54ec5c55b66ea67d44b76f3056f0ed7229db8c,CEvil,0,0,19,19,2,130,0,0
train,DAPP::DAppSCAN-source/contracts/Chainsecurity-Compound  cToken unredacted/compound-protocol-4a54ec5c55b66ea67d44b76f3056f0ed7229db8c::CErc20DelegateScenario,DAPP,DAppSCAN-source/contracts/Chainsecurity-Compound  cToken unredacted/compound-protocol-4a54ec5c55b66ea67d44b76f3056f0ed7229db8c,CErc20DelegateScenario,0,0,19,19,2,130,0,0
train,DAPP::DAppSCAN-source/contracts/Chainsecurity-Compound  cToken unredacted/compound-protocol-4a54ec5c55b66ea67d44b76f3056f0ed7229db8c::CErc20DelegateScenarioExtra,DAPP,DAppSCAN-source/contracts/Chainsecurity-Compound  cToken unredacted/compound-protocol-4a54ec5c55b66ea67d44b76f3056f0ed7229db8c,CErc20DelegateScenarioExtra,0,0,19,19,2,130,0,0
train,DAPP::DAppSCAN-source/contracts/Chainsecurity-Compound  cToken unredacted/compound-protocol-4a54ec5c55b66ea67d44b76f3056f0ed7229db8c::CDaiDelegateScenario,DAPP,DAppSCAN-source/contracts/Chainsecurity-Compound  cToken unredacted/compound-protocol-4a54ec5c55b66ea67d44b76f3056f0ed7229db8c,CDaiDelegateScenario,0,0,21,21,2,130,0,0
train,DAPP::DAppSCAN-source/contracts/Chainsecurity-Compound  cToken unredacted/compound-protocol-4a54ec5c55b66ea67d44b76f3056f0ed7229db8c::ComptrollerScenario,DAPP,DAppSCAN-source/contracts/Chainsecurity-Compound  cToken unredacted/compound-protocol-4a54ec5c55b66ea67d44b76f3056f0ed7229db8c,ComptrollerScenario,0,0,17,17,3,115,0,0
train,DAPP::DAppSCAN-source/contracts/Chainsecurity-Compound  cToken unredacted/compound-protocol-4a54ec5c55b66ea67d44b76f3056f0ed7229db8c::GovernorBravoDelegate,DAPP,DAppSCAN-source/contracts/Chainsecurity-Compound  cToken unredacted/compound-protocol-4a54ec5c55b66ea67d44b76f3056f0ed7229db8c,GovernorBravoDelegate,0,0,8,8,0,38,0,0
train,DAPP::DAppSCAN-source/contracts/Chainsecurity-Compound  cToken unredacted/compound-protocol-4a54ec5c55b66ea67d44b76f3056f0ed7229db8c::GovernorAlpha,DAPP,DAppSCAN-source/contracts/Chainsecurity-Compound  cToken unredacted/compound-protocol-4a54ec5c55b66ea67d44b76f3056f0ed7229db8c,GovernorAlpha,0,0,10,10,0,52,0,0
train,DAPP::DAppSCAN-source/contracts/Chainsecurity-Compound  cToken unredacted/compound-protocol-4a54ec5c55b66ea67d44b76f3056f0ed7229db8c::TimelockCertora,DAPP,DAppSCAN-source/contracts/Chainsecurity-Compound  cToken unredacted/compound-protocol-4a54ec5c55b66ea67d44b76f3056f0ed7229db8c,TimelockCertora,0,0,1,1,0,0,0,0
train,DAPP::DAppSCAN-source/contracts/Chainsecurity-Compound  cToken unredacted/compound-protocol-4a54ec5c55b66ea67d44b76f3056f0ed7229db8c::CErc20DelegateCertora,DAPP,DAppSCAN-source/contracts/Chainsecurity-Compound  cToken unredacted/compound-protocol-4a54ec5c55b66ea67d44b76f3056f0ed7229db8c,CErc20DelegateCertora,0,0,18,18,2,109,0,0
train,DAPP::DAppSCAN-source/contracts/Chainsecurity-Compound  cToken unredacted/compound-protocol-4a54ec5c55b66ea67d44b76f3056f0ed7229db8c::CDaiDelegateCertora,DAPP,DAppSCAN-source/contracts/Chainsecurity-Compound  cToken unredacted/compound-protocol-4a54ec5c55b66ea67d44b76f3056f0ed7229db8c,CDaiDelegateCertora,0,0,21,21,2,116,0,0
train,DAPP::DAppSCAN-source/contracts/Chainsecurity-Compound  cToken unredacted/compound-protocol-4a54ec5c55b66ea67d44b76f3056f0ed7229db8c::ComptrollerCertora,DAPP,DAppSCAN-source/contracts/Chainsecurity-Compound  cToken unredacted/compound-protocol-4a54ec5c55b66ea67d44b76f3056f0ed7229db8c,ComptrollerCertora,0,0,15,15,3,80,0,0
train,DAPP::DAppSCAN-source/contracts/Chainsecurity-Compound  cToken unredacted/compound-protocol-4a54ec5c55b66ea67d44b76f3056f0ed7229db8c::GovernorAlphaCertora,DAPP,DAppSCAN-source/contracts/Chainsecurity-Compound  cToken unredacted/compound-protocol-4a54ec5c55b66ea67d44b76f3056f0ed7229db8c,GovernorAlphaCertora,0,0,12,12,0,71,0,0
train,DAPP::DAppSCAN-source/contracts/Chainsecurity-Compound  cToken unredacted/compound-protocol-4a54ec5c55b66ea67d44b76f3056f0ed7229db8c::CEtherCertora,DAPP,DAppSCAN-source/contracts/Chainsecurity-Compound  cToken unredacted/compound-protocol-4a54ec5c55b66ea67d44b76f3056f0ed7229db8c,CEtherCertora,0,0,12,12,2,69,0,0
train,DAPP::DAppSCAN-source/contracts/Chainsecurity-Compound  cToken unredacted/compound-protocol-4a54ec5c55b66ea67d44b76f3056f0ed7229db8c::CErc20DelegatorCertora,DAPP,DAppSCAN-source/contracts/Chainsecurity-Compound  cToken unredacted/compound-protocol-4a54ec5c55b66ea67d44b76f3056f0ed7229db8c,CErc20DelegatorCertora,0,0,10,10,0,37,0,0
train,DAPP::DAppSCAN-source/contracts/Chainsecurity-Compound  cToken unredacted/compound-protocol-4a54ec5c55b66ea67d44b76f3056f0ed7229db8c::CErc20ImmutableCertora,DAPP,DAppSCAN-source/contracts/Chainsecurity-Compound  cToken unredacted/compound-protocol-4a54ec5c55b66ea67d44b76f3056f0ed7229db8c,CErc20ImmutableCertora,0,0,28,28,2,172,0,0
train,DAPP::DAppSCAN-source/contracts/Chainsecurity-Compound  cToken unredacted/compound-protocol-4a54ec5c55b66ea67d44b76f3056f0ed7229db8c::CTokenCollateral,DAPP,DAppSCAN-source/contracts/Chainsecurity-Compound  cToken unredacted/compound-protocol-4a54ec5c55b66ea67d44b76f3056f0ed7229db8c,CTokenCollateral,0,0,19,19,2,116,0,0
train,DAPP::DAppSCAN-source/contracts/Chainsecurity-Compound  cToken unredacted/compound-protocol-4a54ec5c55b66ea67d44b76f3056f0ed7229db8c::MaximillionCertora,DAPP,DAppSCAN-source/contracts/Chainsecurity-Compound  cToken unredacted/compound-protocol-4a54ec5c55b66ea67d44b76f3056f0ed7229db8c,MaximillionCertora,0,0,1,1,0,0,0,0
train,DAPP::DAppSCAN-source/contracts/Chainsecurity-Compound  cToken unredacted/compound-protocol-4a54ec5c55b66ea67d44b76f3056f0ed7229db8c::GemJoin,DAPP,DAppSCAN-source/contracts/Chainsecurity-Compound  cToken unredacted/compound-protocol-4a54ec5c55b66ea67d44b76f3056f0ed7229db8c,GemJoin,0,0,2,2,0,2,0,0
train,DAPP::DAppSCAN-source/contracts/Chainsecurity-Compound  cToken unredacted/compound-protocol-4a54ec5c55b66ea67d44b76f3056f0ed7229db8c::ETHJoin,DAPP,DAppSCAN-source/contracts/Chainsecurity-Compound  cToken unredacted/compound-protocol-4a54ec5c55b66ea67d44b76f3056f0ed7229db8c,ETHJoin,0,0,2,2,0,2,0,0
train,DAPP::DAppSCAN-source/contracts/Chainsecurity-Compound  cToken unredacted/compound-protocol-4a54ec5c55b66ea67d44b76f3056f0ed7229db8c::DaiJoin,DAPP,DAppSCAN-source/contracts/Chainsecurity-Compound  cToken unredacted/compound-protocol-4a54ec5c55b66ea67d44b76f3056f0ed7229db8c,DaiJoin,0,0,2,2,0,2,0,0
train,DAPP::DAppSCAN-source/contracts/Chainsecurity-Compound  cToken unredacted/compound-protocol-4a54ec5c55b66ea67d44b76f3056f0ed7229db8c::Pot,DAPP,DAppSCAN-source/contracts/Chainsecurity-Compound  cToken unredacted/compound-protocol-4a54ec5c55b66ea67d44b76f3056f0ed7229db8c,Pot,0,0,3,3,1,6,0,0
train,DAPP::DAppSCAN-source/contracts/Chainsecurity-Angle Protocol/angle-core-46e6d32837cbe97a4af0adb693e63afa0d01fc3e::OracleMulti,DAPP,DAppSCAN-source/contracts/Chainsecurity-Angle Protocol/angle-core-46e6d32837cbe97a4af0adb693e63afa0d01fc3e,OracleMulti,0,0,2,2,0,0,0,0
train,DAPP::DAppSCAN-source/contracts/Chainsecurity-Angle Protocol/angle-core-46e6d32837cbe97a4af0adb693e63afa0d01fc3e::BondingCurve,DAPP,DAppSCAN-source/contracts/Chainsecurity-Angle Protocol/angle-core-46e6d32837cbe97a4af0adb693e63afa0d01fc3e,BondingCurve,0,0,3,3,1,8,0,0
train,DAPP::DAppSCAN-source/contracts/Chainsecurity-Angle Protocol/angle-core-46e6d32837cbe97a4af0adb693e63afa0d01fc3e::Core,DAPP,DAppSCAN-source/contracts/Chainsecurity-Angle Protocol/angle-core-46e6d32837cbe97a4af0adb693e63afa0d01fc3e,Core,0,0,6,6,0,15,0,0
train,DAPP::DAppSCAN-source/contracts/Chainsecurity-Angle Protocol/angle-core-46e6d32837cbe97a4af0adb693e63afa0d01fc3e::CollateralSettlerERC20,DAPP,DAppSCAN-source/contracts/Chainsecurity-Angle Protocol/angle-core-46e6d32837cbe97a4af0adb693e63afa0d01fc3e,CollateralSettlerERC20,0,0,9,9,0,26,5,0
train,DAPP::DAppSCAN-source/contracts/Chainsecurity-Angle Protocol/angle-core-46e6d32837cbe97a4af0adb693e63afa0d01fc3e::PerpetualManagerFront,DAPP,DAppSCAN-source/contracts/Chainsecurity-Angle Protocol/angle-core-46e6d32837cbe97a4af0adb693e63afa0d01fc3e,PerpetualManagerFront,0,0,11,11,8,55,5,0
train,DAPP::DAppSCAN-source/contracts/Chainsecurity-Angle Protocol/angle-core-46e6d32837cbe97a4af0adb693e63afa0d01fc3e::PerpetualManager,DAPP,DAppSCAN-source/contracts/Chainsecurity-Angle Protocol/angle-core-46e6d32837cbe97a4af0adb693e63afa0d01fc3e,PerpetualManager,0,0,7,7,2,10,0,0
train,DAPP::DAppSCAN-source/contracts/Chainsecurity-Angle Protocol/angle-core-46e6d32837cbe97a4af0adb693e63afa0d01fc3e::PerpetualManagerInternal,DAPP,DAppSCAN-source/contracts/Chainsecurity-Angle Protocol/angle-core-46e6d32837cbe97a4af0adb693e63afa0d01fc3e,PerpetualManagerInternal,0,0,4,4,1,3,0,0
train,DAPP::DAppSCAN-source/contracts/Chainsecurity-Angle Protocol/angle-core-46e6d32837cbe97a4af0adb693e63afa0d01fc3e::Timelock,DAPP,DAppSCAN-source/contracts/Chainsecurity-Angle Protocol/angle-core-46e6d32837cbe97a4af0adb693e63afa0d01fc3e,Timelock,0,0,1,1,0,0,0,0
train,DAPP::DAppSCAN-source/contracts/Chainsecurity-Angle Protocol/angle-core-46e6d32837cbe97a4af0adb693e63afa0d01fc3e::Governor,DAPP,DAppSCAN-source/contracts/Chainsecurity-Angle Protocol/angle-core-46e6d32837cbe97a4af0adb693e63afa0d01fc3e,Governor,0,0,6,6,1,22,0,0
train,DAPP::DAppSCAN-source/contracts/Chainsecurity-Angle Protocol/angle-core-46e6d32837cbe97a4af0adb693e63afa0d01fc3e::PoolManagerInternal,DAPP,DAppSCAN-source/contracts/Chainsecurity-Angle Protocol/angle-core-46e6d32837cbe97a4af0adb693e63afa0d01fc3e,PoolManagerInternal,0,0,3,3,2,5,0,0
train,DAPP::DAppSCAN-source/contracts/Chainsecurity-Angle Protocol/angle-core-46e6d32837cbe97a4af0adb693e63afa0d01fc3e::PoolManager,DAPP,DAppSCAN-source/contracts/Chainsecurity-Angle Protocol/angle-core-46e6d32837cbe97a4af0adb693e63afa0d01fc3e,PoolManager,0,0,10,10,4,46,0,0
train,DAPP::DAppSCAN-source/contracts/Chainsecurity-Angle Protocol/angle-core-46e6d32837cbe97a4af0adb693e63afa0d01fc3e::StableMasterFront,DAPP,DAppSCAN-source/contracts/Chainsecurity-Angle Protocol/angle-core-46e6d32837cbe97a4af0adb693e63afa0d01fc3e,StableMasterFront,0,0,17,17,6,142,5,0
train,DAPP::DAppSCAN-source/contracts/Chainsecurity-Angle Protocol/angle-core-46e6d32837cbe97a4af0adb693e63afa0d01fc3e::StableMasterInternal,DAPP,DAppSCAN-source/contracts/Chainsecurity-Angle Protocol/angle-core-46e6d32837cbe97a4af0adb693e63afa0d01fc3e,StableMasterInternal,0,0,2,2,0,1,0,0
train,DAPP::DAppSCAN-source/contracts/Chainsecurity-Angle Protocol/angle-core-46e6d32837cbe97a4af0adb693e63afa0d01fc3e::StableMaster,DAPP,DAppSCAN-source/contracts/Chainsecurity-Angle Protocol/angle-core-46e6d32837cbe97a4af0adb693e63afa0d01fc3e,StableMaster,0,0,13,13,4,70,0,0
train,DAPP::DAppSCAN-source/contracts/Chainsecurity-Angle Protocol/angle-core-46e6d32837cbe97a4af0adb693e63afa0d01fc3e::FeeManager,DAPP,DAppSCAN-source/contracts/Chainsecurity-Angle Protocol/angle-core-46e6d32837cbe97a4af0adb693e63afa0d01fc3e,FeeManager,0,0,2,2,0,0,0,0
train,DAPP::DAppSCAN-source/contracts/Chainsecurity-Angle Protocol/angle-core-46e6d32837cbe97a4af0adb693e63afa0d01fc3e::GenericCompoundRinkebyETH,DAPP,DAppSCAN-source/contracts/Chainsecurity-Angle Protocol/angle-core-46e6d32837cbe97a4af0adb693e63afa0d01fc3e,GenericCompoundRinkebyETH,0,0,9,9,1,34,0,0
train,DAPP::DAppSCAN-source/contracts/Chainsecurity-Angle Protocol/angle-core-46e6d32837cbe97a4af0adb693e63afa0d01fc3e::GenericLenderBase,DAPP,DAppSCAN-source/contracts/Chainsecurity-Angle Protocol/angle-core-46e6d32837cbe97a4af0adb693e63afa0d01fc3e,GenericLenderBase,0,0,1,1,0,0,0,0
train,DAPP::DAppSCAN-source/contracts/Chainsecurity-Angle Protocol/angle-core-46e6d32837cbe97a4af0adb693e63afa0d01fc3e::GenericCompoundRinkeby,DAPP,DAppSCAN-source/contracts/Chainsecurity-Angle Protocol/angle-core-46e6d32837cbe97a4af0adb693e63afa0d01fc3e,GenericCompoundRinkeby,0,0,9,9,1,34,0,0
train,DAPP::DAppSCAN-source/contracts/Chainsecurity-Angle Protocol/angle-core-46e6d32837cbe97a4af0adb693e63afa0d01fc3e::GenericAave,DAPP,DAppSCAN-source/contracts/Chainsecurity-Angle Protocol/angle-core-46e6d32837cbe97a4af0adb693e63afa0d01fc3e,GenericAave,1,1,15,16,1,86,0,0
train,DAPP::DAppSCAN-source/contracts/Chainsecurity-Angle Protocol/angle-core-46e6d32837cbe97a4af0adb693e63afa0d01fc3e::GenericCompound,DAPP,DAppSCAN-source/contracts/Chainsecurity-Angle Protocol/angle-core-46e6d32837cbe97a4af0adb693e63afa0d01fc3e,GenericCompound,0,0,10,10,1,45,0,0
train,DAPP::DAppSCAN-source/contracts/Chainsecurity-Angle Protocol/angle-core-46e6d32837cbe97a4af0adb693e63afa0d01fc3e::Strategy,DAPP,DAppSCAN-source/contracts/Chainsecurity-Angle Protocol/angle-core-46e6d32837cbe97a4af0adb693e63afa0d01fc3e,Strategy,0,0,15,15,5,113,5,0
train,DAPP::DAppSCAN-source/contracts/Chainsecurity-Angle Protocol/angle-core-46e6d32837cbe97a4af0adb693e63afa0d01fc3e::BaseStrategy,DAPP,DAppSCAN-source/contracts/Chainsecurity-Angle Protocol/angle-core-46e6d32837cbe97a4af0adb693e63afa0d01fc3e,BaseStrategy,0,0,4,4,0,5,0,0
train,DAPP::DAppSCAN-source/contracts/Chainsecurity-Angle Protocol/angle-core-46e6d32837cbe97a4af0adb693e63afa0d01fc3e::AgToken,DAPP,DAppSCAN-source/contracts/Chainsecurity-Angle Protocol/angle-core-46e6d32837cbe97a4af0adb693e63afa0d01fc3e,AgToken,0,0,2,2,0,2,0,0
train,DAPP::DAppSCAN-source/contracts/Chainsecurity-Angle Protocol/angle-core-46e6d32837cbe97a4af0adb693e63afa0d01fc3e::SanToken,DAPP,DAppSCAN-source/contracts/Chainsecurity-Angle Protocol/angle-core-46e6d32837cbe97a4af0adb693e63afa0d01fc3e,SanToken,0,0,1,1,0,0,0,0
train,DAPP::DAppSCAN-source/contracts/Chainsecurity-Angle Protocol/angle-core-46e6d32837cbe97a4af0adb693e63afa0d01fc3e::RewardsDistributor,DAPP,DAppSCAN-source/contracts/Chainsecurity-Angle Protocol/angle-core-46e6d32837cbe97a4af0adb693e63afa0d01fc3e,RewardsDistributor,0,0,7,7,0,26,0,0
train,DAPP::DAppSCAN-source/contracts/Chainsecurity-Angle Protocol/angle-core-46e6d32837cbe97a4af0adb693e63afa0d01fc3e::StakingRewards,DAPP,DAppSCAN-source/contracts/Chainsecurity-Angle Protocol/angle-core-46e6d32837cbe97a4af0adb693e63afa0d01fc3e,StakingRewards,0,0,5,5,0,6,0,0
train,DAPP::DAppSCAN-source/contracts/Chainsecurity-Angle Protocol/angle-core-46e6d32837cbe97a4af0adb693e63afa0d01fc3e::UniswapUtils,DAPP,DAppSCAN-source/contracts/Chainsecurity-Angle Protocol/angle-core-46e6d32837cbe97a4af0adb693e63afa0d01fc3e,UniswapUtils,0,0,1,1,0,0,0,0
train,DAPP::DAppSCAN-source/contracts/Chainsecurity-Angle Protocol/angle-core-46e6d32837cbe97a4af0adb693e63afa0d01fc3e::ModuleUniswapMulti,DAPP,DAppSCAN-source/contracts/Chainsecurity-Angle Protocol/angle-core-46e6d32837cbe97a4af0adb693e63afa0d01fc3e,ModuleUniswapMulti,0,0,2,2,0,0,0,0
train,DAPP::DAppSCAN-source/contracts/PeckShield-DSG/core-6f607f77698936e132e4e9b5cb4d75580636d919::Aggregator,DAPP,DAppSCAN-source/contracts/PeckShield-DSG/core-6f607f77698936e132e4e9b5cb4d75580636d919,Aggregator,0,0,5,5,0,4,0,0
train,DAPP::DAppSCAN-source/contracts/PeckShield-DSG/core-6f607f77698936e132e4e9b5cb4d75580636d919::Oracle,DAPP,DAppSCAN-source/contracts/PeckShield-DSG/core-6f607f77698936e132e4e9b5cb4d75580636d919,Oracle,0,0,6,6,2,37,0,0
train,DAPP::DAppSCAN-source/contracts/PeckShield-DSG/core-6f607f77698936e132e4e9b5cb4d75580636d919::vDSGToken,DAPP,DAppSCAN-source/contracts/PeckShield-DSG/core-6f607f77698936e132e4e9b5cb4d75580636d919,vDSGToken,0,0,13,13,0,97,0,0
train,DAPP::DAppSCAN-source/contracts/PeckShield-DSG/core-6f607f77698936e132e4e9b5cb4d75580636d919::DsgNftFactory,DAPP,DAppSCAN-source/contracts/PeckShield-DSG/core-6f607f77698936e132e4e9b5cb4d75580636d919,DsgNftFactory,0,0,1,1,0,0,0,0
train,DAPP::DAppSCAN-source/contracts/PeckShield-DSG/core-6f607f77698936e132e4e9b5cb4d75580636d919::MysteryBox,DAPP,DAppSCAN-source/contracts/PeckShield-DSG/core-6f607f77698936e132e4e9b5cb4d75580636d919,MysteryBox,0,0,3,3,3,10,0,0
train,DAPP::DAppSCAN-source/contracts/PeckShield-DSG/core-6f607f77698936e132e4e9b5cb4d75580636d919::DsgNft,DAPP,DAppSCAN-source/contracts/PeckShield-DSG/core-6f607f77698936e132e4e9b5cb4d75580636d919,DsgNft,0,0,4,4,4,12,0,0
train,DAPP::DAppSCAN-source/contracts/PeckShield-DSG/core-6f607f77698936e132e4e9b5cb4d75580636d919::NFTMarket,DAPP,DAppSCAN-source/contracts/PeckShield-DSG/core-6f607f77698936e132e4e9b5cb4d75580636d919,NFTMarket,0,0,6,6,1,17,0,0
train,DAPP::DAppSCAN-source/contracts/PeckShield-DSG/core-6f607f77698936e132e4e9b5cb4d75580636d919::SwapRouter,DAPP,DAppSCAN-source/contracts/PeckShield-DSG/core-6f607f77698936e132e4e9b5cb4d75580636d919,SwapRouter,0,0,27,27,0,509,18,1
train,DAPP::DAppSCAN-source/contracts/PeckShield-DSG/core-6f607f77698936e132e4e9b5cb4d75580636d919::SwapPair,DAPP,DAppSCAN-source/contracts/PeckShield-DSG/core-6f607f77698936e132e4e9b5cb4d75580636d919,SwapPair,0,0,8,8,3,57,0,0
train,DAPP::DAppSCAN-source/contracts/PeckShield-DSG/core-6f607f77698936e132e4e9b5cb4d75580636d919::SwapFactory,DAPP,DAppSCAN-source/contracts/PeckShield-DSG/core-6f607f77698936e132e4e9b5cb4d75580636d919,SwapFactory,0,0,1,1,0,0,0,0
train,DAPP::DAppSCAN-source/contracts/PeckShield-DSG/core-6f607f77698936e132e4e9b5cb4d75580636d919::LiquidityPool,DAPP,DAppSCAN-source/contracts/PeckShield-DSG/core-6f607f77698936e132e4e9b5cb4d75580636d919,LiquidityPool,0,0,13,13,3,115,7,0
train,DAPP::DAppSCAN-source/contracts/PeckShield-DSG/core-6f607f77698936e132e4e9b5cb4d75580636d919::NftEarnErc20Pool,DAPP,DAppSCAN-source/contracts/PeckShield-DSG/core-6f607f77698936e132e4e9b5cb4d75580636d919,NftEarnErc20Pool,0,0,15,15,1,119,9,0
train,DAPP::DAppSCAN-source/contracts/PeckShield-DSG/core-6f607f77698936e132e4e9b5cb4d75580636d919::Erc20EarnNftPool,DAPP,DAppSCAN-source/contracts/PeckShield-DSG/core-6f607f77698936e132e4e9b5cb4d75580636d919,Erc20EarnNftPool,0,0,7,7,2,35,0,0
train,DAPP::DAppSCAN-source/contracts/PeckShield-DSG/core-6f607f77698936e132e4e9b5cb4d75580636d919::TradingPool,DAPP,DAppSCAN-source/contracts/PeckShield-DSG/core-6f607f77698936e132e4e9b5cb4d75580636d919,TradingPool,0,0,8,8,3,49,0,0
train,DAPP::DAppSCAN-source/contracts/PeckShield-DSG/core-6f607f77698936e132e4e9b5cb4d75580636d919::SinglePoolFactory,DAPP,DAppSCAN-source/contracts/PeckShield-DSG/core-6f607f77698936e132e4e9b5cb4d75580636d919,SinglePoolFactory,0,0,6,6,0,20,0,0
train,DAPP::DAppSCAN-source/contracts/PeckShield-DSG/core-6f607f77698936e132e4e9b5cb4d75580636d919::SinglePool,DAPP,DAppSCAN-source/contracts/PeckShield-DSG/core-6f607f77698936e132e4e9b5cb4d75580636d919,SinglePool,1,1,5,6,1,26,0,0
train,DAPP::DAppSCAN-source/contracts/PeckShield-DSG/core-6f607f77698936e132e4e9b5cb4d75580636d919::DepositPool,DAPP,DAppSCAN-source/contracts/PeckShield-DSG/core-6f607f77698936e132e4e9b5cb4d75580636d919,DepositPool,0,0,9,9,3,54,0,0
train,DAPP::DAppSCAN-source/contracts/PeckShield-DSG/core-6f607f77698936e132e4e9b5cb4d75580636d919::Timelock,DAPP,DAppSCAN-source/contracts/PeckShield-DSG/core-6f607f77698936e132e4e9b5cb4d75580636d919,Timelock,0,0,1,1,0,0,0,0
train,DAPP::DAppSCAN-source/contracts/PeckShield-DSG/core-6f607f77698936e132e4e9b5cb4d75580636d919::GovernorV1,DAPP,DAppSCAN-source/contracts/PeckShield-DSG/core-6f607f77698936e132e4e9b5cb4d75580636d919,GovernorV1,0,0,12,12,0,66,0,0
train,DAPP::DAppSCAN-source/contracts/PeckShield-DSG/core-6f607f77698936e132e4e9b5cb4d75580636d919::Treasury,DAPP,DAppSCAN-source/contracts/PeckShield-DSG/core-6f607f77698936e132e4e9b5cb4d75580636d919,Treasury,0,0,13,13,1,77,5,0
train,DAPP::DAppSCAN-source/contracts/PeckShield-DSG/core-6f607f77698936e132e4e9b5cb4d75580636d919::vDsgTreasury,DAPP,DAppSCAN-source/contracts/PeckShield-DSG/core-6f607f77698936e132e4e9b5cb4d75580636d919,vDsgTreasury,0,0,2,2,0,0,0,0
train,DAPP::DAppSCAN-source/contracts/PeckShield-DSG/core-6f607f77698936e132e4e9b5cb4d75580636d919::vDsgReserve,DAPP,DAppSCAN-source/contracts/PeckShield-DSG/core-6f607f77698936e132e4e9b5cb4d75580636d919,vDsgReserve,0,0,5,5,0,9,0,0
train,DAPP::DAppSCAN-source/contracts/PeckShield-Hegic(v8888)/Hegic-v8888-2dcd44dc1ae07881e94d52fa618f9704bfd4ffda::Facade,DAPP,DAppSCAN-source/contracts/PeckShield-Hegic(v8888)/Hegic-v8888-2dcd44dc1ae07881e94d52fa618f9704bfd4ffda,Facade,0,0,3,3,0,3,0,0
train,DAPP::DAppSCAN-source/contracts/PeckShield-Hegic(v8888)/Hegic-v8888-2dcd44dc1ae07881e94d52fa618f9704bfd4ffda::HegicPUT,DAPP,DAppSCAN-source/contracts/PeckShield-Hegic(v8888)/Hegic-v8888-2dcd44dc1ae07881e94d52fa618f9704bfd4ffda,HegicPUT,0,0,8,8,4,35,0,0
train,DAPP::DAppSCAN-source/contracts/PeckShield-Hegic(v8888)/Hegic-v8888-2dcd44dc1ae07881e94d52fa618f9704bfd4ffda::HegicCALL,DAPP,DAppSCAN-source/contracts/PeckShield-Hegic(v8888)/Hegic-v8888-2dcd44dc1ae07881e94d52fa618f9704bfd4ffda,HegicCALL,0,0,8,8,3,31,0,0
train,DAPP::DAppSCAN-source/contracts/PeckShield-Hegic(v8888)/Hegic-v8888-2dcd44dc1ae07881e94d52fa618f9704bfd4ffda::HegicPool,DAPP,DAppSCAN-source/contracts/PeckShield-Hegic(v8888)/Hegic-v8888-2dcd44dc1ae07881e94d52fa618f9704bfd4ffda,HegicPool,1,1,8,9,3,38,0,0
train,DAPP::DAppSCAN-source/contracts/PeckShield-Hegic(v8888)/Hegic-v8888-2dcd44dc1ae07881e94d52fa618f9704bfd4ffda::HegicStaking,DAPP,DAppSCAN-source/contracts/PeckShield-Hegic(v8888)/Hegic-v8888-2dcd44dc1ae07881e94d52fa618f9704bfd4ffda,HegicStaking,0,0,6,6,1,18,6,0
train,DAPP::DAppSCAN-source/contracts/PeckShield-Hegic(v8888)/Hegic-v8888-2dcd44dc1ae07881e94d52fa618f9704bfd4ffda::PriceCalculator,DAPP,DAppSCAN-source/contracts/PeckShield-Hegic(v8888)/Hegic-v8888-2dcd44dc1ae07881e94d52fa618f9704bfd4ffda,PriceCalculator,0,0,2,2,0,0,0,0
train,DAPP::DAppSCAN-source/contracts/Runtime_Vеrification-ElementFinance/elf-contracts-637c6f959315cbb11a164555e588520c7d89122b::UserProxy,DAPP,DAppSCAN-source/contracts/Runtime_Vеrification-ElementFinance/elf-contracts-637c6f959315cbb11a164555e588520c7d89122b,UserProxy,0,0,1,1,0,0,0,0
train,DAPP::DAppSCAN-source/contracts/Runtime_Vеrification-ElementFinance/elf-contracts-637c6f959315cbb11a164555e588520c7d89122b::WrappedPosition,DAPP,DAppSCAN-source/contracts/Runtime_Vеrification-ElementFinance/elf-contracts-637c6f959315cbb11a164555e588520c7d89122b,WrappedPosition,0,0,1,1,1,2,0,0
train,DAPP::DAppSCAN-source/contracts/Runtime_Vеrification-ElementFinance/elf-contracts-637c6f959315cbb11a164555e588520c7d89122b::Tranche,DAPP,DAppSCAN-source/contracts/Runtime_Vеrification-ElementFinance/elf-contracts-637c6f959315cbb11a164555e588520c7d89122b,Tranche,0,0,4,4,2,13,0,0
train,DAPP::DAppSCAN-source/contracts/Runtime_Vеrification-ElementFinance/elf-contracts-637c6f959315cbb11a164555e588520c7d89122b::YVaultAssetProxy,DAPP,DAppSCAN-source/contracts/Runtime_Vеrification-ElementFinance/elf-contracts-637c6f959315cbb11a164555e588520c7d89122b,YVaultAssetProxy,1,1,7,8,3,51,0,0
train,DAPP::DAppSCAN-source/contracts/Runtime_Vеrification-ElementFinance/elf-contracts-637c6f959315cbb11a164555e588520c7d89122b::TrancheFactory,DAPP,DAppSCAN-source/contracts/Runtime_Vеrification-ElementFinance/elf-contracts-637c6f959315cbb11a164555e588520c7d89122b,TrancheFactory,0,0,1,1,0,0,0,0
train,DAPP::DAppSCAN-source/contracts/Runtime_Vеrification-ElementFinance/elf-contracts-637c6f959315cbb11a164555e588520c7d89122b::TestWrappedPosition,DAPP,DAppSCAN-source/contracts/Runtime_Vеrification-ElementFinance/elf-contracts-637c6f959315cbb11a164555e588520c7d89122b,TestWrappedPosition,0,0,3,3,1,7,0,0
train,DAPP::DAppSCAN-source/contracts/Runtime_Vеrification-ElementFinance/elf-contracts-637c6f959315cbb11a164555e588520c7d89122b::TestYVault,DAPP,DAppSCAN-source/contracts/Runtime_Vеrification-ElementFinance/elf-contracts-637c6f959315cbb11a164555e588520c7d89122b,TestYVault,0,0,5,5,2,21,0,0
train,DAPP::DAppSCAN-source/contracts/Runtime_Vеrification-ElementFinance/elf-contracts-637c6f959315cbb11a164555e588520c7d89122b::TestDate,DAPP,DAppSCAN-source/contracts/Runtime_Vеrification-ElementFinance/elf-contracts-637c6f959315cbb11a164555e588520c7d89122b,TestDate,0,0,2,2,0,1,0,0
train,DAPP::DAppSCAN-source/contracts/Runtime_Vеrification-ElementFinance/elf-contracts-637c6f959315cbb11a164555e588520c7d89122b::TestUserProxy,DAPP,DAppSCAN-source/contracts/Runtime_Vеrification-ElementFinance/elf-contracts-637c6f959315cbb11a164555e588520c7d89122b,TestUserProxy,0,0,1,1,0,0,0,0
train,DAPP::DAppSCAN-source/contracts/Runtime_Vеrification-ElementFinance/elf-contracts-637c6f959315cbb11a164555e588520c7d89122b::WETH9,DAPP,DAppSCAN-source/contracts/Runtime_Vеrification-ElementFinance/elf-contracts-637c6f959315cbb11a164555e588520c7d89122b,WETH9,0,0,1,1,0,0,0,0
train,DAPP::DAppSCAN-source/contracts/Runtime_Vеrification-ElementFinance/elf-contracts-637c6f959315cbb11a164555e588520c7d89122b::TokenFactory,DAPP,DAppSCAN-source/contracts/Runtime_Vеrification-ElementFinance/elf-contracts-637c6f959315cbb11a164555e588520c7d89122b,TokenFactory,0,0,3,3,0,3,0,0
train,DAPP::DAppSCAN-source/contracts/Runtime_Vеrification-ElementFinance/elf-contracts-637c6f959315cbb11a164555e588520c7d89122b::BaseMinimalSwapInfoPool,DAPP,DAppSCAN-source/contracts/Runtime_Vеrification-ElementFinance/elf-contracts-637c6f959315cbb11a164555e588520c7d89122b,BaseMinimalSwapInfoPool,0,0,4,4,0,3,0,0
train,DAPP::DAppSCAN-source/contracts/Runtime_Vеrification-ElementFinance/elf-contracts-637c6f959315cbb11a164555e588520c7d89122b::BasePool,DAPP,DAppSCAN-source/contracts/Runtime_Vеrification-ElementFinance/elf-contracts-637c6f959315cbb11a164555e588520c7d89122b,BasePool,0,0,4,4,0,3,0,0
train,DAPP::DAppSCAN-source/contracts/Runtime_Vеrification-ElementFinance/elf-contracts-637c6f959315cbb11a164555e588520c7d89122b::BaseGeneralPool,DAPP,DAppSCAN-source/contracts/Runtime_Vеrification-ElementFinance/elf-contracts-637c6f959315cbb11a164555e588520c7d89122b,BaseGeneralPool,0,0,4,4,0,3,0,0
train,DAPP::DAppSCAN-source/contracts/Runtime_Vеrification-ElementFinance/elf-contracts-637c6f959315cbb11a164555e588520c7d89122b::Swaps,DAPP,DAppSCAN-source/contracts/Runtime_Vеrification-ElementFinance/elf-contracts-637c6f959315cbb11a164555e588520c7d89122b,Swaps,0,0,19,19,2,43,0,0
train,DAPP::DAppSCAN-source/contracts/Runtime_Vеrification-ElementFinance/elf-contracts-637c6f959315cbb11a164555e588520c7d89122b::InternalBalance,DAPP,DAppSCAN-source/contracts/Runtime_Vеrification-ElementFinance/elf-contracts-637c6f959315cbb11a164555e588520c7d89122b,InternalBalance,0,0,3,3,0,1,0,0
train,DAPP::DAppSCAN-source/contracts/Runtime_Vеrification-ElementFinance/elf-contracts-637c6f959315cbb11a164555e588520c7d89122b::Authorization,DAPP,DAppSCAN-source/contracts/Runtime_Vеrification-ElementFinance/elf-contracts-637c6f959315cbb11a164555e588520c7d89122b,Authorization,0,0,1,1,0,0,0,0
train,DAPP::DAppSCAN-source/contracts/Runtime_Vеrification-ElementFinance/elf-contracts-637c6f959315cbb11a164555e588520c7d89122b::PoolRegistry,DAPP,DAppSCAN-source/contracts/Runtime_Vеrification-ElementFinance/elf-contracts-637c6f959315cbb11a164555e588520c7d89122b,PoolRegistry,0,0,18,18,2,35,0,0
train,DAPP::DAppSCAN-source/contracts/Runtime_Vеrification-ElementFinance/elf-contracts-637c6f959315cbb11a164555e588520c7d89122b::Fees,DAPP,DAppSCAN-source/contracts/Runtime_Vеrification-ElementFinance/elf-contracts-637c6f959315cbb11a164555e588520c7d89122b,Fees,0,0,3,3,0,1,0,0
train,DAPP::DAppSCAN-source/contracts/Runtime_Vеrification-ElementFinance/elf-contracts-637c6f959315cbb11a164555e588520c7d89122b::FlashLoanProvider,DAPP,DAppSCAN-source/contracts/Runtime_Vеrification-ElementFinance/elf-contracts-637c6f959315cbb11a164555e588520c7d89122b,FlashLoanProvider,0,0,3,3,0,1,0,0
train,DAPP::DAppSCAN-source/contracts/Runtime_Vеrification-ElementFinance/elf-contracts-637c6f959315cbb11a164555e588520c7d89122b::Vault,DAPP,DAppSCAN-source/contracts/Runtime_Vеrification-ElementFinance/elf-contracts-637c6f959315cbb11a164555e588520c7d89122b,Vault,0,0,19,19,2,43,0,0
train,DAPP::DAppSCAN-source/contracts/Runtime_Vеrification-ElementFinance/elf-contracts-637c6f959315cbb11a164555e588520c7d89122b::StablePool,DAPP,DAppSCAN-source/contracts/Runtime_Vеrification-ElementFinance/elf-contracts-637c6f959315cbb11a164555e588520c7d89122b,StablePool,0,0,10,10,1,37,0,0
train,DAPP::DAppSCAN-source/contracts/Runtime_Vеrification-ElementFinance/elf-contracts-637c6f959315cbb11a164555e588520c7d89122b::WeightedPool,DAPP,DAppSCAN-source/contracts/Runtime_Vеrification-ElementFinance/elf-contracts-637c6f959315cbb11a164555e588520c7d89122b,WeightedPool,0,0,14,14,4,101,0,0
train,DAPP::DAppSCAN-source/contracts/Runtime_Vеrification-ElementFinance/elf-contracts-637c6f959315cbb11a164555e588520c7d89122b::GeneralPoolsBalance,DAPP,DAppSCAN-source/contracts/Runtime_Vеrification-ElementFinance/elf-contracts-637c6f959315cbb11a164555e588520c7d89122b,GeneralPoolsBalance,0,0,6,6,0,16,0,0
train,DAPP::DAppSCAN-source/contracts/Runtime_Vеrification-ElementFinance/elf-contracts-637c6f959315cbb11a164555e588520c7d89122b::MinimalSwapInfoPoolsBalance,DAPP,DAppSCAN-source/contracts/Runtime_Vеrification-ElementFinance/elf-contracts-637c6f959315cbb11a164555e588520c7d89122b,MinimalSwapInfoPoolsBalance,0,0,4,4,0,6,0,0
train,DAPP::DAppSCAN-source/contracts/Runtime_Vеrification-ElementFinance/elf-contracts-637c6f959315cbb11a164555e588520c7d89122b::TwoTokenPoolsBalance,DAPP,DAppSCAN-source/contracts/Runtime_Vеrification-ElementFinance/elf-contracts-637c6f959315cbb11a164555e588520c7d89122b,TwoTokenPoolsBalance,0,0,3,3,1,6,0,0
train,DAPP::DAppSCAN-source/contracts/PeckShield-Arche/Arche_v1.0_Eros-909f35e0064d636aaf61954a6026fda7b2bade7f::D_Swap,DAPP,DAppSCAN-source/contracts/PeckShield-Arche/Arche_v1.0_Eros-909f35e0064d636aaf61954a6026fda7b2bade7f,D_Swap,1,1,6,7,0,27,0,0
train,DAPP::DAppSCAN-source/contracts/PeckShield-PikaPerpV2/PikaPerpV2-4a0965ff90ed099b7e2d3e8dda47cd589ee8e3a2::VaultTokenReward,DAPP,DAppSCAN-source/contracts/PeckShield-PikaPerpV2/PikaPerpV2-4a0965ff90ed099b7e2d3e8dda47cd589ee8e3a2,VaultTokenReward,0,0,6,6,2,17,0,0
train,DAPP::DAppSCAN-source/contracts/PeckShield-PikaPerpV2/PikaPerpV2-4a0965ff90ed099b7e2d3e8dda47cd589ee8e3a2::VaultFeeReward,DAPP,DAppSCAN-source/contracts/PeckShield-PikaPerpV2/PikaPerpV2-4a0965ff90ed099b7e2d3e8dda47cd589ee8e3a2,VaultFeeReward,0,0,4,4,1,6,0,0
train,DAPP::DAppSCAN-source/contracts/PeckShield-PikaPerpV2/PikaPerpV2-4a0965ff90ed099b7e2d3e8dda47cd589ee8e3a2::PikaStaking,DAPP,DAppSCAN-source/contracts/PeckShield-PikaPerpV2/PikaPerpV2-4a0965ff90ed099b7e2d3e8dda47cd589ee8e3a2,PikaStaking,0,0,5,5,0,11,0,0
train,DAPP::DAppSCAN-source/contracts/PeckShield-PikaPerpV2/PikaPerpV2-4a0965ff90ed099b7e2d3e8dda47cd589ee8e3a2::PikaPerpV2,DAPP,DAppSCAN-source/contracts/PeckShield-PikaPerpV2/PikaPerpV2-4a0965ff90ed099b7e2d3e8dda47cd589ee8e3a2,PikaPerpV2,1,1,13,14,2,128,0,0
train,DAPP::DAppSCAN-source/contracts/PeckShield-CryptoHeroes/cryptoheroes-6cb0eaf8c88fdaab89d2b4c83535a189c7793001::CryptoHeroesUniverse,DAPP,DAppSCAN-source/contracts/PeckShield-CryptoHeroes/cryptoheroes-6cb0eaf8c88fdaab89d2b4c83535a189c7793001,CryptoHeroesUniverse,1,1,6,7,1,32,0,0
train,DAPP::DAppSCAN-source/contracts/PeckShield-CryptoHeroes/cryptoheroes-6cb0eaf8c88fdaab89d2b4c83535a189c7793001::ERC721,DAPP,DAppSCAN-source/contracts/PeckShield-CryptoHeroes/cryptoheroes-6cb0eaf8c88fdaab89d2b4c83535a189c7793001,ERC721,0,0,9,9,1,40,0,0
train,DAPP::DAppSCAN-source/contracts/PeckShield-CryptoHeroes/cryptoheroes-6cb0eaf8c88fdaab89d2b4c83535a189c7793001::CryptoHeroesNFT,DAPP,DAppSCAN-source/contracts/PeckShield-CryptoHeroes/cryptoheroes-6cb0eaf8c88fdaab89d2b4c83535a189c7793001,CryptoHeroesNFT,0,0,10,10,2,42,0,0
train,DAPP::DAppSCAN-source/contracts/PeckShield-Buffer/code::Migrations,DAPP,DAppSCAN-source/contracts/PeckShield-Buffer/code,Migrations,0,0,1,1,0,0,0,0
train,DAPP::DAppSCAN-source/contracts/PeckShield-Buffer/code::BufferBNBPool,DAPP,DAppSCAN-source/contracts/PeckShield-Buffer/code,BufferBNBPool,0,0,4,4,2,11,0,0
train,DAPP::DAppSCAN-source/contracts/PeckShield-Buffer/code::BufferStaking,DAPP,DAppSCAN-source/contracts/PeckShield-Buffer/code,BufferStaking,0,0,2,2,0,1,0,0
train,DAPP::DAppSCAN-source/contracts/PeckShield-Buffer/code::BufferStakingBNB,DAPP,DAppSCAN-source/contracts/PeckShield-Buffer/code,BufferStakingBNB,0,0,3,3,0,1,0,0
train,DAPP::DAppSCAN-source/contracts/PeckShield-Buffer/code::BufferStakingIBFR,DAPP,DAppSCAN-source/contracts/PeckShield-Buffer/code,BufferStakingIBFR,0,0,4,4,0,2,0,0
train,DAPP::DAppSCAN-source/contracts/PeckShield-Buffer/code::BufferBNBOptions,DAPP,DAppSCAN-source/contracts/PeckShield-Buffer/code,BufferBNBOptions,1,1,4,5,3,16,0,0
train,DAPP::DAppSCAN-source/contracts/Coinbae-Pud.Fi Strategy_Bacdai/StrategyBasisBacDaiLp0x31dfcB1C5dF01A27F8b0b5F9cD1585FE92C7970e::StrategyBasisFarmBase,DAPP,DAppSCAN-source/contracts/Coinbae-Pud.Fi Strategy_Bacdai/StrategyBasisBacDaiLp0x31dfcB1C5dF01A27F8b0b5F9cD1585FE92C7970e,StrategyBasisFarmBase,1,1,8,9,1,46,0,0
train,DAPP::DAppSCAN-source/contracts/Coinbae-Pud.Fi Strategy_Bacdai/StrategyBasisBacDaiLp0x31dfcB1C5dF01A27F8b0b5F9cD1585FE92C7970e::StrategyBase,DAPP,DAppSCAN-source/contracts/Coinbae-Pud.Fi Strategy_Bacdai/StrategyBasisBacDaiLp0x31dfcB1C5dF01A27F8b0b5F9cD1585FE92C7970e,StrategyBase,1,4,4,8,0,21,0,0
train,DAPP::DAppSCAN-source/contracts/Coinbae-Pud.Fi Strategy_Bacdai/StrategyBasisBacDaiLp0x31dfcB1C5dF01A27F8b0b5F9cD1585FE92C7970e::StrategyBasisBacDaiLp,DAPP,DAppSCAN-source/contracts/Coinbae-Pud.Fi Strategy_Bacdai/StrategyBasisBacDaiLp0x31dfcB1C5dF01A27F8b0b5F9cD1585FE92C7970e,StrategyBasisBacDaiLp,0,0,8,8,0,30,0,0
train,DAPP::DAppSCAN-source/contracts/Chainsecurity-Angle Protocol  Borrowing Module/angle-borrow-0363b6a137a44e22ee06b3187ba74f7798c1af08::Settlement,DAPP,DAppSCAN-source/contracts/Chainsecurity-Angle Protocol  Borrowing Module/angle-borrow-0363b6a137a44e22ee06b3187ba74f7798c1af08,Settlement,0,0,5,5,0,9,0,0
train,DAPP::DAppSCAN-source/contracts/Chainsecurity-Angle Protocol  Borrowing Module/angle-borrow-0363b6a137a44e22ee06b3187ba74f7798c1af08::OracleChainlinkMultiTemplate,DAPP,DAppSCAN-source/contracts/Chainsecurity-Angle Protocol  Borrowing Module/angle-borrow-0363b6a137a44e22ee06b3187ba74f7798c1af08,OracleChainlinkMultiTemplate,0,0,1,1,0,0,0,0
train,DAPP::DAppSCAN-source/contracts/Chainsecurity-Angle Protocol  Borrowing Module/angle-borrow-0363b6a137a44e22ee06b3187ba74f7798c1af08::BaseOracleChainlinkMulti,DAPP,DAppSCAN-source/contracts/Chainsecurity-Angle Protocol  Borrowing Module/angle-borrow-0363b6a137a44e22ee06b3187ba74f7798c1af08,BaseOracleChainlinkMulti,0,0,1,1,0,0,0,0
train,DAPP::DAppSCAN-source/contracts/Chainsecurity-Angle Protocol  Borrowing Module/angle-borrow-0363b6a137a44e22ee06b3187ba74f7798c1af08::OracleChainlinkMulti,DAPP,DAppSCAN-source/contracts/Chainsecurity-Angle Protocol  Borrowing Module/angle-borrow-0363b6a137a44e22ee06b3187ba74f7798c1af08,OracleChainlinkMulti,0,0,1,1,0,0,0,0
train,DAPP::DAppSCAN-source/contracts/Chainsecurity-Angle Protocol  Borrowing Module/angle-borrow-0363b6a137a44e22ee06b3187ba74f7798c1af08::VaultManagerPermit,DAPP,DAppSCAN-source/contracts/Chainsecurity-Angle Protocol  Borrowing Module/angle-borrow-0363b6a137a44e22ee06b3187ba74f7798c1af08,VaultManagerPermit,0,0,1,1,3,6,0,0
train,DAPP::DAppSCAN-source/contracts/Chainsecurity-Angle Protocol  Borrowing Module/angle-borrow-0363b6a137a44e22ee06b3187ba74f7798c1af08::VaultManager,DAPP,DAppSCAN-source/contracts/Chainsecurity-Angle Protocol  Borrowing Module/angle-borrow-0363b6a137a44e22ee06b3187ba74f7798c1af08,VaultManager,1,1,10,11,14,74,0,0
train,DAPP::DAppSCAN-source/contracts/Chainsecurity-Angle Protocol  Borrowing Module/angle-borrow-0363b6a137a44e22ee06b3187ba74f7798c1af08::Swapper,DAPP,DAppSCAN-source/contracts/Chainsecurity-Angle Protocol  Borrowing Module/angle-borrow-0363b6a137a44e22ee06b3187ba74f7798c1af08,Swapper,0,0,5,5,1,17,0,0
train,DAPP::DAppSCAN-source/contracts/Chainsecurity-Angle Protocol  Borrowing Module/angle-borrow-0363b6a137a44e22ee06b3187ba74f7798c1af08::Treasury,DAPP,DAppSCAN-source/contracts/Chainsecurity-Angle Protocol  Borrowing Module/angle-borrow-0363b6a137a44e22ee06b3187ba74f7798c1af08,Treasury,0,0,14,14,0,81,0,0
train,DAPP::DAppSCAN-source/contracts/Chainsecurity-Angle Protocol  Borrowing Module/angle-borrow-0363b6a137a44e22ee06b3187ba74f7798c1af08::CoreBorrow,DAPP,DAppSCAN-source/contracts/Chainsecurity-Angle Protocol  Borrowing Module/angle-borrow-0363b6a137a44e22ee06b3187ba74f7798c1af08,CoreBorrow,0,0,4,4,0,9,0,0
train,DAPP::DAppSCAN-source/contracts/Chainsecurity-Angle Protocol  Borrowing Module/angle-borrow-0363b6a137a44e22ee06b3187ba74f7798c1af08::KeeperMulticall,DAPP,DAppSCAN-source/contracts/Chainsecurity-Angle Protocol  Borrowing Module/angle-borrow-0363b6a137a44e22ee06b3187ba74f7798c1af08,KeeperMulticall,0,0,3,3,0,3,0,0
train,DAPP::DAppSCAN-source/contracts/Chainsecurity-Angle Protocol  Borrowing Module/angle-borrow-0363b6a137a44e22ee06b3187ba74f7798c1af08::BaseReactor,DAPP,DAppSCAN-source/contracts/Chainsecurity-Angle Protocol  Borrowing Module/angle-borrow-0363b6a137a44e22ee06b3187ba74f7798c1af08,BaseReactor,0,0,11,11,3,42,5,0
train,DAPP::DAppSCAN-source/contracts/Chainsecurity-Angle Protocol  Borrowing Module/angle-borrow-0363b6a137a44e22ee06b3187ba74f7798c1af08::Reactor,DAPP,DAppSCAN-source/contracts/Chainsecurity-Angle Protocol  Borrowing Module/angle-borrow-0363b6a137a44e22ee06b3187ba74f7798c1af08,Reactor,0,0,11,11,3,42,5,0
train,DAPP::DAppSCAN-source/contracts/Chainsecurity-Angle Protocol  Borrowing Module/angle-borrow-0363b6a137a44e22ee06b3187ba74f7798c1af08::EulerReactor,DAPP,DAppSCAN-source/contracts/Chainsecurity-Angle Protocol  Borrowing Module/angle-borrow-0363b6a137a44e22ee06b3187ba74f7798c1af08,EulerReactor,0,0,18,18,5,121,5,0
train,DAPP::DAppSCAN-source/contracts/Chainsecurity-Angle Protocol  Borrowing Module/angle-borrow-0363b6a137a44e22ee06b3187ba74f7798c1af08::FlashAngle,DAPP,DAppSCAN-source/contracts/Chainsecurity-Angle Protocol  Borrowing Module/angle-borrow-0363b6a137a44e22ee06b3187ba74f7798c1af08,FlashAngle,0,0,4,4,1,9,0,0
train,DAPP::DAppSCAN-source/contracts/Chainsecurity-Angle Protocol  Borrowing Module/angle-borrow-0363b6a137a44e22ee06b3187ba74f7798c1af08::AgTokenSideChain,DAPP,DAppSCAN-source/contracts/Chainsecurity-Angle Protocol  Borrowing Module/angle-borrow-0363b6a137a44e22ee06b3187ba74f7798c1af08,AgTokenSideChain,0,0,1,1,0,0,0,0
train,DAPP::DAppSCAN-source/contracts/Chainsecurity-Angle Protocol  Borrowing Module/angle-borrow-0363b6a137a44e22ee06b3187ba74f7798c1af08::AgToken,DAPP,DAppSCAN-source/contracts/Chainsecurity-Angle Protocol  Borrowing Module/angle-borrow-0363b6a137a44e22ee06b3187ba74f7798c1af08,AgToken,0,0,3,3,0,4,0,0
train,DAPP::DAppSCAN-source/contracts/Chainsecurity-Angle Protocol  Borrowing Module/angle-borrow-0363b6a137a44e22ee06b3187ba74f7798c1af08::AgTokenIntermediateUpgrade,DAPP,DAppSCAN-source/contracts/Chainsecurity-Angle Protocol  Borrowing Module/angle-borrow-0363b6a137a44e22ee06b3187ba74f7798c1af08,AgTokenIntermediateUpgrade,0,0,2,2,0,2,0,0
train,DAPP::DAppSCAN-source/contracts/Chainsecurity-Angle Protocol  Borrowing Module/angle-borrow-0363b6a137a44e22ee06b3187ba74f7798c1af08::AgTokenSideChainMultiBridge,DAPP,DAppSCAN-source/contracts/Chainsecurity-Angle Protocol  Borrowing Module/angle-borrow-0363b6a137a44e22ee06b3187ba74f7798c1af08,AgTokenSideChainMultiBridge,0,0,4,4,0,4,0,0
train,DAPP::DAppSCAN-source/contracts/Chainsecurity-Angle Protocol  Borrowing Module/angle-borrow-0363b6a137a44e22ee06b3187ba74f7798c1af08::BaseAgTokenSideChain,DAPP,DAppSCAN-source/contracts/Chainsecurity-Angle Protocol  Borrowing Module/angle-borrow-0363b6a137a44e22ee06b3187ba74f7798c1af08,BaseAgTokenSideChain,0,0,1,1,0,0,0,0
train,DAPP::DAppSCAN-source/contracts/Chainsecurity-Angle Protocol  Borrowing Module/angle-borrow-0363b6a137a44e22ee06b3187ba74f7798c1af08::OracleWSTETHEURChainlink,DAPP,DAppSCAN-source/contracts/Chainsecurity-Angle Protocol  Borrowing Module/angle-borrow-0363b6a137a44e22ee06b3187ba74f7798c1af08,OracleWSTETHEURChainlink,0,0,2,2,0,2,0,0
train,DAPP::DAppSCAN-source/contracts/Chainsecurity-Angle Protocol  Borrowing Module/angle-borrow-0363b6a137a44e22ee06b3187ba74f7798c1af08::OracleBTCEURChainlink,DAPP,DAppSCAN-source/contracts/Chainsecurity-Angle Protocol  Borrowing Module/angle-borrow-0363b6a137a44e22ee06b3187ba74f7798c1af08,OracleBTCEURChainlink,0,0,1,1,0,0,0,0
train,DAPP::DAppSCAN-source/contracts/Chainsecurity-Angle Protocol  Borrowing Module/angle-borrow-0363b6a137a44e22ee06b3187ba74f7798c1af08::OracleETHEURChainlink,DAPP,DAppSCAN-source/contracts/Chainsecurity-Angle Protocol  Borrowing Module/angle-borrow-0363b6a137a44e22ee06b3187ba74f7798c1af08,OracleETHEURChainlink,0,0,1,1,0,0,0,0
train,DAPP::DAppSCAN-source/contracts/Chainsecurity-Angle Protocol  Borrowing Module/angle-borrow-0363b6a137a44e22ee06b3187ba74f7798c1af08::TokenPolygonUpgradeable,DAPP,DAppSCAN-source/contracts/Chainsecurity-Angle Protocol  Borrowing Module/angle-borrow-0363b6a137a44e22ee06b3187ba74f7798c1af08,TokenPolygonUpgradeable,0,0,4,4,2,8,0,0
train,DAPP::DAppSCAN-source/contracts/Runtime_Vеrification-Stakefish_BatchDeposit/eth2-batch-deposit-a4912b2d839305da8447b7cec6b2f09238b90e37::BatchDeposit,DAPP,DAppSCAN-source/contracts/Runtime_Vеrification-Stakefish_BatchDeposit/eth2-batch-deposit-a4912b2d839305da8447b7cec6b2f09238b90e37,BatchDeposit,1,1,0,1,0,0,0,0
train,DAPP::DAppSCAN-source/contracts/SlowMist-ForTube2.0 Smart Contract Security Audit Report/bond-854527d0ea7ad2ddd3504b4d4ae3fcb57cb6445d::Core,DAPP,DAppSCAN-source/contracts/SlowMist-ForTube2.0 Smart Contract Security Audit Report/bond-854527d0ea7ad2ddd3504b4d4ae3fcb57cb6445d,Core,0,0,11,11,0,70,0,0
train,DAPP::DAppSCAN-source/contracts/SlowMist-ForTube2.0 Smart Contract Security Audit Report/bond-854527d0ea7ad2ddd3504b4d4ae3fcb57cb6445d::BondFactory,DAPP,DAppSCAN-source/contracts/SlowMist-ForTube2.0 Smart Contract Security Audit Report/bond-854527d0ea7ad2ddd3504b4d4ae3fcb57cb6445d,BondFactory,0,0,1,1,0,0,0,0
train,DAPP::DAppSCAN-source/contracts/SlowMist-ForTube2.0 Smart Contract Security Audit Report/bond-854527d0ea7ad2ddd3504b4d4ae3fcb57cb6445d::BondData,DAPP,DAppSCAN-source/contracts/SlowMist-ForTube2.0 Smart Contract Security Audit Report/bond-854527d0ea7ad2ddd3504b4d4ae3fcb57cb6445d,BondData,0,0,17,17,0,235,6,0
train,DAPP::DAppSCAN-source/contracts/SlowMist-ForTube2.0 Smart Contract Security Audit Report/bond-854527d0ea7ad2ddd3504b4d4ae3fcb57cb6445d::Verify,DAPP,DAppSCAN-source/contracts/SlowMist-ForTube2.0 Smart Contract Security Audit Report/bond-854527d0ea7ad2ddd3504b4d4ae3fcb57cb6445d,Verify,0,0,1,1,0,0,0,0
train,DAPP::DAppSCAN-source/contracts/SlowMist-ForTube2.0 Smart Contract Security Audit Report/bond-854527d0ea7ad2ddd3504b4d4ae3fcb57cb6445d::ACL,DAPP,DAppSCAN-source/contracts/SlowMist-ForTube2.0 Smart Contract Security Audit Report/bond-854527d0ea7ad2ddd3504b4d4ae3fcb57cb6445d,ACL,0,0,1,1,0,0,0,0
train,DAPP::DAppSCAN-source/contracts/SlowMist-ForTube2.0 Smart Contract Security Audit Report/bond-854527d0ea7ad2ddd3504b4d4ae3fcb57cb6445d::Vote,DAPP,DAppSCAN-source/contracts/SlowMist-ForTube2.0 Smart Contract Security Audit Report/bond-854527d0ea7ad2ddd3504b4d4ae3fcb57cb6445d,Vote,0,0,6,6,0,32,0,0
train,DAPP::DAppSCAN-source/contracts/SlowMist-ForTube2.0 Smart Contract Security Audit Report/bond-854527d0ea7ad2ddd3504b4d4ae3fcb57cb6445d::CoreUtils,DAPP,DAppSCAN-source/contracts/SlowMist-ForTube2.0 Smart Contract Security Audit Report/bond-854527d0ea7ad2ddd3504b4d4ae3fcb57cb6445d,CoreUtils,0,0,3,3,0,2,0,0
train,DAPP::DAppSCAN-source/contracts/SlowMist-ForTube2.0 Smart Contract Security Audit Report/bond-854527d0ea7ad2ddd3504b4d4ae3fcb57cb6445d::PRA,DAPP,DAppSCAN-source/contracts/SlowMist-ForTube2.0 Smart Contract Security Audit Report/bond-854527d0ea7ad2ddd3504b4d4ae3fcb57cb6445d,PRA,1,1,1,2,0,1,0,0
train,DAPP::DAppSCAN-source/contracts/Trail_of_Bits-FraxFinance/frax-solidity-3f0993a70e3496fd27887db7754d68709c84015e::WETH,DAPP,DAppSCAN-source/contracts/Trail_of_Bits-FraxFinance/frax-solidity-3f0993a70e3496fd27887db7754d68709c84015e,WETH,0,0,1,1,0,0,0,0
train,DAPP::DAppSCAN-source/contracts/Trail_of_Bits-FraxFinance/frax-solidity-3f0993a70e3496fd27887db7754d68709c84015e::UniswapV2Router02_Modified,DAPP,DAppSCAN-source/contracts/Trail_of_Bits-FraxFinance/frax-solidity-3f0993a70e3496fd27887db7754d68709c84015e,UniswapV2Router02_Modified,0,0,18,18,0,254,11,0
train,DAPP::DAppSCAN-source/contracts/Trail_of_Bits-FraxFinance/frax-solidity-3f0993a70e3496fd27887db7754d68709c84015e::TestSwap,DAPP,DAppSCAN-source/contracts/Trail_of_Bits-FraxFinance/frax-solidity-3f0993a70e3496fd27887db7754d68709c84015e,TestSwap,0,0,1,1,0,0,0,0
train,DAPP::DAppSCAN-source/contracts/Trail_of_Bits-FraxFinance/frax-solidity-3f0993a70e3496fd27887db7754d68709c84015e::SwapToPrice,DAPP,DAppSCAN-source/contracts/Trail_of_Bits-FraxFinance/frax-solidity-3f0993a70e3496fd27887db7754d68709c84015e,SwapToPrice,0,0,1,1,0,0,0,0
train,DAPP::DAppSCAN-source/contracts/Trail_of_Bits-FraxFinance/frax-solidity-3f0993a70e3496fd27887db7754d68709c84015e::UniswapV2Factory,DAPP,DAppSCAN-source/contracts/Trail_of_Bits-FraxFinance/frax-solidity-3f0993a70e3496fd27887db7754d68709c84015e,UniswapV2Factory,0,0,1,1,0,0,0,0
train,DAPP::DAppSCAN-source/contracts/Trail_of_Bits-FraxFinance/frax-solidity-3f0993a70e3496fd27887db7754d68709c84015e::UniswapV2Pair,DAPP,DAppSCAN-source/contracts/Trail_of_Bits-FraxFinance/frax-solidity-3f0993a70e3496fd27887db7754d68709c84015e,UniswapV2Pair,0,0,8,8,3,57,0,0
train,DAPP::DAppSCAN-source/contracts/Trail_of_Bits-FraxFinance/frax-solidity-3f0993a70e3496fd27887db7754d68709c84015e::UniswapV2Router02,DAPP,DAppSCAN-source/contracts/Trail_of_Bits-FraxFinance/frax-solidity-3f0993a70e3496fd27887db7754d68709c84015e,UniswapV2Router02,0,0,22,22,0,397,14,0
train,DAPP::DAppSCAN-source/contracts/Trail_of_Bits-FraxFinance/frax-solidity-3f0993a70e3496fd27887db7754d68709c84015e::ReserveTracker,DAPP,DAppSCAN-source/contracts/Trail_of_Bits-FraxFinance/frax-solidity-3f0993a70e3496fd27887db7754d68709c84015e,ReserveTracker,0,0,4,4,0,1,0,0
train,DAPP::DAppSCAN-source/contracts/Trail_of_Bits-FraxFinance/frax-solidity-3f0993a70e3496fd27887db7754d68709c84015e::PIDController,DAPP,DAppSCAN-source/contracts/Trail_of_Bits-FraxFinance/frax-solidity-3f0993a70e3496fd27887db7754d68709c84015e,PIDController,0,0,1,1,0,0,0,0
train,DAPP::DAppSCAN-source/contracts/Trail_of_Bits-FraxFinance/frax-solidity-3f0993a70e3496fd27887db7754d68709c84015e::UniswapPairOracle,DAPP,DAppSCAN-source/contracts/Trail_of_Bits-FraxFinance/frax-solidity-3f0993a70e3496fd27887db7754d68709c84015e,UniswapPairOracle,0,0,3,3,0,4,0,0
train,DAPP::DAppSCAN-source/contracts/Trail_of_Bits-FraxFinance/frax-solidity-3f0993a70e3496fd27887db7754d68709c84015e::ChainlinkETHUSDPriceConsumer,DAPP,DAppSCAN-source/contracts/Trail_of_Bits-FraxFinance/frax-solidity-3f0993a70e3496fd27887db7754d68709c84015e,ChainlinkETHUSDPriceConsumer,0,0,2,2,0,1,0,0
train,DAPP::DAppSCAN-source/contracts/Trail_of_Bits-FraxFinance/frax-solidity-3f0993a70e3496fd27887db7754d68709c84015e::ERC1967Storage,DAPP,DAppSCAN-source/contracts/Trail_of_Bits-FraxFinance/frax-solidity-3f0993a70e3496fd27887db7754d68709c84015e,ERC1967Storage,0,0,6,6,0,18,0,0
train,DAPP::DAppSCAN-source/contracts/Trail_of_Bits-FraxFinance/frax-solidity-3f0993a70e3496fd27887db7754d68709c84015e::ERC1967Upgrade,DAPP,DAppSCAN-source/contracts/Trail_of_Bits-FraxFinance/frax-solidity-3f0993a70e3496fd27887db7754d68709c84015e,ERC1967Upgrade,0,0,7,7,0,22,0,0
train,DAPP::DAppSCAN-source/contracts/Trail_of_Bits-FraxFinance/frax-solidity-3f0993a70e3496fd27887db7754d68709c84015e::UpgradeabilityProxy,DAPP,DAppSCAN-source/contracts/Trail_of_Bits-FraxFinance/frax-solidity-3f0993a70e3496fd27887db7754d68709c84015e,UpgradeabilityProxy,0,0,1,1,0,0,0,0
train,DAPP::DAppSCAN-source/contracts/Trail_of_Bits-FraxFinance/frax-solidity-3f0993a70e3496fd27887db7754d68709c84015e::AdminUpgradeabilityProxy,DAPP,DAppSCAN-source/contracts/Trail_of_Bits-FraxFinance/frax-solidity-3f0993a70e3496fd27887db7754d68709c84015e,AdminUpgradeabilityProxy,0,0,1,1,0,0,0,0
train,DAPP::DAppSCAN-source/contracts/Trail_of_Bits-FraxFinance/frax-solidity-3f0993a70e3496fd27887db7754d68709c84015e::ERC1967Proxy,DAPP,DAppSCAN-source/contracts/Trail_of_Bits-FraxFinance/frax-solidity-3f0993a70e3496fd27887db7754d68709c84015e,ERC1967Proxy,0,0,7,7,0,22,0,0
train,DAPP::DAppSCAN-source/contracts/Trail_of_Bits-FraxFinance/frax-solidity-3f0993a70e3496fd27887db7754d68709c84015e::FraxBondIssuer,DAPP,DAppSCAN-source/contracts/Trail_of_Bits-FraxFinance/frax-solidity-3f0993a70e3496fd27887db7754d68709c84015e,FraxBondIssuer,0,0,12,12,5,68,0,0
train,DAPP::DAppSCAN-source/contracts/Trail_of_Bits-FraxFinance/frax-solidity-3f0993a70e3496fd27887db7754d68709c84015e::FraxBond,DAPP,DAppSCAN-source/contracts/Trail_of_Bits-FraxFinance/frax-solidity-3f0993a70e3496fd27887db7754d68709c84015e,FraxBond,0,0,5,5,0,10,0,0
train,DAPP::DAppSCAN-source/contracts/Trail_of_Bits-FraxFinance/frax-solidity-3f0993a70e3496fd27887db7754d68709c84015e::FraxBondIssuerOld,DAPP,DAppSCAN-source/contracts/Trail_of_Bits-FraxFinance/frax-solidity-3f0993a70e3496fd27887db7754d68709c84015e,FraxBondIssuerOld,0,0,5,5,0,10,0,0
train,DAPP::DAppSCAN-source/contracts/Trail_of_Bits-FraxFinance/frax-solidity-3f0993a70e3496fd27887db7754d68709c84015e::FraxBondIssuerWithDeposits,DAPP,DAppSCAN-source/contracts/Trail_of_Bits-FraxFinance/frax-solidity-3f0993a70e3496fd27887db7754d68709c84015e,FraxBondIssuerWithDeposits,0,0,5,5,0,10,0,0
train,DAPP::DAppSCAN-source/contracts/Trail_of_Bits-FraxFinance/frax-solidity-3f0993a70e3496fd27887db7754d68709c84015e::Timelock,DAPP,DAppSCAN-source/contracts/Trail_of_Bits-FraxFinance/frax-solidity-3f0993a70e3496fd27887db7754d68709c84015e,Timelock,0,0,1,1,0,0,0,0
train,DAPP::DAppSCAN-source/contracts/Trail_of_Bits-FraxFinance/frax-solidity-3f0993a70e3496fd27887db7754d68709c84015e::GovernorBravoDelegate,DAPP,DAppSCAN-source/contracts/Trail_of_Bits-FraxFinance/frax-solidity-3f0993a70e3496fd27887db7754d68709c84015e,GovernorBravoDelegate,0,0,8,8,0,38,0,0
train,DAPP::DAppSCAN-source/contracts/Trail_of_Bits-FraxFinance/frax-solidity-3f0993a70e3496fd27887db7754d68709c84015e::SigRelayer2,DAPP,DAppSCAN-source/contracts/Trail_of_Bits-FraxFinance/frax-solidity-3f0993a70e3496fd27887db7754d68709c84015e,SigRelayer2,0,0,2,2,0,2,0,0
train,DAPP::DAppSCAN-source/contracts/Trail_of_Bits-FraxFinance/frax-solidity-3f0993a70e3496fd27887db7754d68709c84015e::GovernorAlpha,DAPP,DAppSCAN-source/contracts/Trail_of_Bits-FraxFinance/frax-solidity-3f0993a70e3496fd27887db7754d68709c84015e,GovernorAlpha,0,0,10,10,0,52,0,0
train,DAPP::DAppSCAN-source/contracts/Trail_of_Bits-FraxFinance/frax-solidity-3f0993a70e3496fd27887db7754d68709c84015e::AccessControl,DAPP,DAppSCAN-source/contracts/Trail_of_Bits-FraxFinance/frax-solidity-3f0993a70e3496fd27887db7754d68709c84015e,AccessControl,0,0,5,5,0,10,0,0
train,DAPP::DAppSCAN-source/contracts/Trail_of_Bits-FraxFinance/frax-solidity-3f0993a70e3496fd27887db7754d68709c84015e::StakingRewardsDual,DAPP,DAppSCAN-source/contracts/Trail_of_Bits-FraxFinance/frax-solidity-3f0993a70e3496fd27887db7754d68709c84015e,StakingRewardsDual,0,0,11,11,2,34,6,0
train,DAPP::DAppSCAN-source/contracts/Trail_of_Bits-FraxFinance/frax-solidity-3f0993a70e3496fd27887db7754d68709c84015e::UniLPToSushiLPMigrator,DAPP,DAppSCAN-source/contracts/Trail_of_Bits-FraxFinance/frax-solidity-3f0993a70e3496fd27887db7754d68709c84015e,UniLPToSushiLPMigrator,0,0,5,5,0,9,0,0
train,DAPP::DAppSCAN-source/contracts/Trail_of_Bits-FraxFinance/frax-solidity-3f0993a70e3496fd27887db7754d68709c84015e::StakingRewardsDualV2,DAPP,DAppSCAN-source/contracts/Trail_of_Bits-FraxFinance/frax-solidity-3f0993a70e3496fd27887db7754d68709c84015e,StakingRewardsDualV2,0,0,11,11,2,34,6,0
train,DAPP::DAppSCAN-source/contracts/Trail_of_Bits-FraxFinance/frax-solidity-3f0993a70e3496fd27887db7754d68709c84015e::StakingRewards,DAPP,DAppSCAN-source/contracts/Trail_of_Bits-FraxFinance/frax-solidity-3f0993a70e3496fd27887db7754d68709c84015e,StakingRewards,0,0,11,11,2,34,6,0
train,DAPP::DAppSCAN-source/contracts/Trail_of_Bits-FraxFinance/frax-solidity-3f0993a70e3496fd27887db7754d68709c84015e::CurveAMO_V2,DAPP,DAppSCAN-source/contracts/Trail_of_Bits-FraxFinance/frax-solidity-3f0993a70e3496fd27887db7754d68709c84015e,CurveAMO_V2,0,0,28,28,2,125,0,0
train,DAPP::DAppSCAN-source/contracts/Trail_of_Bits-FraxFinance/frax-solidity-3f0993a70e3496fd27887db7754d68709c84015e::CurveAMO_V2_Non_Impl,DAPP,DAppSCAN-source/contracts/Trail_of_Bits-FraxFinance/frax-solidity-3f0993a70e3496fd27887db7754d68709c84015e,CurveAMO_V2_Non_Impl,0,0,30,30,2,143,0,0
train,DAPP::DAppSCAN-source/contracts/Trail_of_Bits-FraxFinance/frax-solidity-3f0993a70e3496fd27887db7754d68709c84015e::CurveAMO,DAPP,DAppSCAN-source/contracts/Trail_of_Bits-FraxFinance/frax-solidity-3f0993a70e3496fd27887db7754d68709c84015e,CurveAMO,1,1,21,22,2,108,0,0
train,DAPP::DAppSCAN-source/contracts/Trail_of_Bits-FraxFinance/frax-solidity-3f0993a70e3496fd27887db7754d68709c84015e::InvestorAMO_V2,DAPP,DAppSCAN-source/contracts/Trail_of_Bits-FraxFinance/frax-solidity-3f0993a70e3496fd27887db7754d68709c84015e,InvestorAMO_V2,1,1,25,26,0,63,0,0
train,DAPP::DAppSCAN-source/contracts/Trail_of_Bits-FraxFinance/frax-solidity-3f0993a70e3496fd27887db7754d68709c84015e::InvestorAMOProxy,DAPP,DAppSCAN-source/contracts/Trail_of_Bits-FraxFinance/frax-solidity-3f0993a70e3496fd27887db7754d68709c84015e,InvestorAMOProxy,0,0,7,7,0,22,0,0
train,DAPP::DAppSCAN-source/contracts/Trail_of_Bits-FraxFinance/frax-solidity-3f0993a70e3496fd27887db7754d68709c84015e::InvestorAMO_V2_upgrade,DAPP,DAppSCAN-source/contracts/Trail_of_Bits-FraxFinance/frax-solidity-3f0993a70e3496fd27887db7754d68709c84015e,InvestorAMO_V2_upgrade,0,0,26,26,0,76,0,0
train,DAPP::DAppSCAN-source/contracts/Trail_of_Bits-FraxFinance/frax-solidity-3f0993a70e3496fd27887db7754d68709c84015e::FraxPoolInvestorForV2,DAPP,DAppSCAN-source/contracts/Trail_of_Bits-FraxFinance/frax-solidity-3f0993a70e3496fd27887db7754d68709c84015e,FraxPoolInvestorForV2,0,0,20,20,0,36,0,0
train,DAPP::DAppSCAN-source/contracts/Trail_of_Bits-FraxFinance/frax-solidity-3f0993a70e3496fd27887db7754d68709c84015e::InvestorAMO_V2_non_proxy,DAPP,DAppSCAN-source/contracts/Trail_of_Bits-FraxFinance/frax-solidity-3f0993a70e3496fd27887db7754d68709c84015e,InvestorAMO_V2_non_proxy,0,0,25,25,0,56,0,0
train,DAPP::DAppSCAN-source/contracts/Trail_of_Bits-FraxFinance/frax-solidity-3f0993a70e3496fd27887db7754d68709c84015e::FraxLendingAMO,DAPP,DAppSCAN-source/contracts/Trail_of_Bits-FraxFinance/frax-solidity-3f0993a70e3496fd27887db7754d68709c84015e,FraxLendingAMO,0,0,26,26,1,78,0,0
train,DAPP::DAppSCAN-source/contracts/Trail_of_Bits-FraxFinance/frax-solidity-3f0993a70e3496fd27887db7754d68709c84015e::FXS1559_AMO,DAPP,DAppSCAN-source/contracts/Trail_of_Bits-FraxFinance/frax-solidity-3f0993a70e3496fd27887db7754d68709c84015e,FXS1559_AMO,0,0,13,13,0,36,0,0
train,DAPP::DAppSCAN-source/contracts/Trail_of_Bits-FraxFinance/frax-solidity-3f0993a70e3496fd27887db7754d68709c84015e::FraxBridge,DAPP,DAppSCAN-source/contracts/Trail_of_Bits-FraxFinance/frax-solidity-3f0993a70e3496fd27887db7754d68709c84015e,FraxBridge,0,0,7,7,0,11,0,0
train,DAPP::DAppSCAN-source/contracts/Trail_of_Bits-FraxFinance/frax-solidity-3f0993a70e3496fd27887db7754d68709c84015e::FRAXStablecoin,DAPP,DAppSCAN-source/contracts/Trail_of_Bits-FraxFinance/frax-solidity-3f0993a70e3496fd27887db7754d68709c84015e,FRAXStablecoin,0,0,10,10,1,25,0,0
train,DAPP::DAppSCAN-source/contracts/Trail_of_Bits-FraxFinance/frax-solidity-3f0993a70e3496fd27887db7754d68709c84015e::ERC721,DAPP,DAppSCAN-source/contracts/Trail_of_Bits-FraxFinance/frax-solidity-3f0993a70e3496fd27887db7754d68709c84015e,ERC721,0,0,10,10,0,38,0,0
train,DAPP::DAppSCAN-source/contracts/Trail_of_Bits-FraxFinance/frax-solidity-3f0993a70e3496fd27887db7754d68709c84015e::veFXS_Solidity,DAPP,DAppSCAN-source/contracts/Trail_of_Bits-FraxFinance/frax-solidity-3f0993a70e3496fd27887db7754d68709c84015e,veFXS_Solidity,0,0,4,4,1,6,0,0
train,DAPP::DAppSCAN-source/contracts/Trail_of_Bits-FraxFinance/frax-solidity-3f0993a70e3496fd27887db7754d68709c84015e::FRAXShares,DAPP,DAppSCAN-source/contracts/Trail_of_Bits-FraxFinance/frax-solidity-3f0993a70e3496fd27887db7754d68709c84015e,FRAXShares,0,0,5,5,0,10,0,0
train,DAPP::DAppSCAN-source/contracts/Trail_of_Bits-FraxFinance/frax-solidity-3f0993a70e3496fd27887db7754d68709c84015e::TokenVesting,DAPP,DAppSCAN-source/contracts/Trail_of_Bits-FraxFinance/frax-solidity-3f0993a70e3496fd27887db7754d68709c84015e,TokenVesting,0,0,4,4,1,10,0,0
train,DAPP::DAppSCAN-source/contracts/Trail_of_Bits-FraxFinance/frax-solidity-3f0993a70e3496fd27887db7754d68709c84015e::UniswapPairOracle_FRAX_WETH,DAPP,DAppSCAN-source/contracts/Trail_of_Bits-FraxFinance/frax-solidity-3f0993a70e3496fd27887db7754d68709c84015e,UniswapPairOracle_FRAX_WETH,0,0,3,3,0,4,0,0
train,DAPP::DAppSCAN-source/contracts/Trail_of_Bits-FraxFinance/frax-solidity-3f0993a70e3496fd27887db7754d68709c84015e::UniswapPairOracle_FRAX_USDT,DAPP,DAppSCAN-source/contracts/Trail_of_Bits-FraxFinance/frax-solidity-3f0993a70e3496fd27887db7754d68709c84015e,UniswapPairOracle_FRAX_USDT,0,0,3,3,0,4,0,0
train,DAPP::DAppSCAN-source/contracts/Trail_of_Bits-FraxFinance/frax-solidity-3f0993a70e3496fd27887db7754d68709c84015e::UniswapPairOracle_FRAX_USDC,DAPP,DAppSCAN-source/contracts/Trail_of_Bits-FraxFinance/frax-solidity-3f0993a70e3496fd27887db7754d68709c84015e,UniswapPairOracle_FRAX_USDC,0,0,3,3,0,4,0,0
train,DAPP::DAppSCAN-source/contracts/Trail_of_Bits-FraxFinance/frax-solidity-3f0993a70e3496fd27887db7754d68709c84015e::UniswapPairOracle_FRAX_6DEC,DAPP,DAppSCAN-source/contracts/Trail_of_Bits-FraxFinance/frax-solidity-3f0993a70e3496fd27887db7754d68709c84015e,UniswapPairOracle_FRAX_6DEC,0,0,3,3,0,4,0,0
train,DAPP::DAppSCAN-source/contracts/Trail_of_Bits-FraxFinance/frax-solidity-3f0993a70e3496fd27887db7754d68709c84015e::UniswapPairOracle_FXS_WETH,DAPP,DAppSCAN-source/contracts/Trail_of_Bits-FraxFinance/frax-solidity-3f0993a70e3496fd27887db7754d68709c84015e,UniswapPairOracle_FXS_WETH,0,0,3,3,0,4,0,0
train,DAPP::DAppSCAN-source/contracts/Trail_of_Bits-FraxFinance/frax-solidity-3f0993a70e3496fd27887db7754d68709c84015e::UniswapPairOracle_FXS_USDT,DAPP,DAppSCAN-source/contracts/Trail_of_Bits-FraxFinance/frax-solidity-3f0993a70e3496fd27887db7754d68709c84015e,UniswapPairOracle_FXS_USDT,0,0,3,3,0,4,0,0
train,DAPP::DAppSCAN-source/contracts/Trail_of_Bits-FraxFinance/frax-solidity-3f0993a70e3496fd27887db7754d68709c84015e::UniswapPairOracle_FXS_USDC,DAPP,DAppSCAN-source/contracts/Trail_of_Bits-FraxFinance/frax-solidity-3f0993a70e3496fd27887db7754d68709c84015e,UniswapPairOracle_FXS_USDC,0,0,3,3,0,4,0,0
train,DAPP::DAppSCAN-source/contracts/Trail_of_Bits-FraxFinance/frax-solidity-3f0993a70e3496fd27887db7754d68709c84015e::UniswapPairOracle_USDT_WETH,DAPP,DAppSCAN-source/contracts/Trail_of_Bits-FraxFinance/frax-solidity-3f0993a70e3496fd27887db7754d68709c84015e,UniswapPairOracle_USDT_WETH,0,0,3,3,0,4,0,0
train,DAPP::DAppSCAN-source/contracts/Trail_of_Bits-FraxFinance/frax-solidity-3f0993a70e3496fd27887db7754d68709c84015e::UniswapPairOracle_FRAX_FXS,DAPP,DAppSCAN-source/contracts/Trail_of_Bits-FraxFinance/frax-solidity-3f0993a70e3496fd27887db7754d68709c84015e,UniswapPairOracle_FRAX_FXS,0,0,3,3,0,4,0,0
train,DAPP::DAppSCAN-source/contracts/Trail_of_Bits-FraxFinance/frax-solidity-3f0993a70e3496fd27887db7754d68709c84015e::UniswapPairOracle_6DEC_WETH,DAPP,DAppSCAN-source/contracts/Trail_of_Bits-FraxFinance/frax-solidity-3f0993a70e3496fd27887db7754d68709c84015e,UniswapPairOracle_6DEC_WETH,0,0,3,3,0,4,0,0
train,DAPP::DAppSCAN-source/contracts/Trail_of_Bits-FraxFinance/frax-solidity-3f0993a70e3496fd27887db7754d68709c84015e::UniswapPairOracle_USDC_WETH,DAPP,DAppSCAN-source/contracts/Trail_of_Bits-FraxFinance/frax-solidity-3f0993a70e3496fd27887db7754d68709c84015e,UniswapPairOracle_USDC_WETH,0,0,3,3,0,4,0,0
train,DAPP::DAppSCAN-source/contracts/Trail_of_Bits-FraxFinance/frax-solidity-3f0993a70e3496fd27887db7754d68709c84015e::UniswapPairOracle_FXS_6DEC,DAPP,DAppSCAN-source/contracts/Trail_of_Bits-FraxFinance/frax-solidity-3f0993a70e3496fd27887db7754d68709c84015e,UniswapPairOracle_FXS_6DEC,0,0,3,3,0,4,0,0
train,DAPP::DAppSCAN-source/contracts/Trail_of_Bits-FraxFinance/frax-solidity-3f0993a70e3496fd27887db7754d68709c84015e::AnyswapV4ERC20,DAPP,DAppSCAN-source/contracts/Trail_of_Bits-FraxFinance/frax-solidity-3f0993a70e3496fd27887db7754d68709c84015e,AnyswapV4ERC20,0,0,6,6,2,15,0,0
train,DAPP::DAppSCAN-source/contracts/Trail_of_Bits-FraxFinance/frax-solidity-3f0993a70e3496fd27887db7754d68709c84015e::MigratableFarmBSC,DAPP,DAppSCAN-source/contracts/Trail_of_Bits-FraxFinance/frax-solidity-3f0993a70e3496fd27887db7754d68709c84015e,MigratableFarmBSC,0,0,9,9,2,31,6,0
train,DAPP::DAppSCAN-source/contracts/Trail_of_Bits-FraxFinance/frax-solidity-3f0993a70e3496fd27887db7754d68709c84015e::MigratableFarmBSC_FRAX_FXS,DAPP,DAppSCAN-source/contracts/Trail_of_Bits-FraxFinance/frax-solidity-3f0993a70e3496fd27887db7754d68709c84015e,MigratableFarmBSC_FRAX_FXS,0,0,9,9,2,31,6,0
train,DAPP::DAppSCAN-source/contracts/Trail_of_Bits-FraxFinance/frax-solidity-3f0993a70e3496fd27887db7754d68709c84015e::FraxBond_NFT,DAPP,DAppSCAN-source/contracts/Trail_of_Bits-FraxFinance/frax-solidity-3f0993a70e3496fd27887db7754d68709c84015e,FraxBond_NFT,0,0,17,17,2,61,0,0
train,DAPP::DAppSCAN-source/contracts/Trail_of_Bits-FraxFinance/frax-solidity-3f0993a70e3496fd27887db7754d68709c84015e::FXBA10000M3,DAPP,DAppSCAN-source/contracts/Trail_of_Bits-FraxFinance/frax-solidity-3f0993a70e3496fd27887db7754d68709c84015e,FXBA10000M3,0,0,17,17,2,61,0,0
train,DAPP::DAppSCAN-source/contracts/Trail_of_Bits-FraxFinance/frax-solidity-3f0993a70e3496fd27887db7754d68709c84015e::Stake_FRAX_WETH,DAPP,DAppSCAN-source/contracts/Trail_of_Bits-FraxFinance/frax-solidity-3f0993a70e3496fd27887db7754d68709c84015e,Stake_FRAX_WETH,0,0,11,11,2,34,6,0
train,DAPP::DAppSCAN-source/contracts/Trail_of_Bits-FraxFinance/frax-solidity-3f0993a70e3496fd27887db7754d68709c84015e::Stake_FXS_WETH,DAPP,DAppSCAN-source/contracts/Trail_of_Bits-FraxFinance/frax-solidity-3f0993a70e3496fd27887db7754d68709c84015e,Stake_FXS_WETH,0,0,11,11,2,34,6,0
train,DAPP::DAppSCAN-source/contracts/Trail_of_Bits-FraxFinance/frax-solidity-3f0993a70e3496fd27887db7754d68709c84015e::Stake_FRAX_USDC,DAPP,DAppSCAN-source/contracts/Trail_of_Bits-FraxFinance/frax-solidity-3f0993a70e3496fd27887db7754d68709c84015e,Stake_FRAX_USDC,0,0,11,11,2,34,6,0
train,DAPP::DAppSCAN-source/contracts/Trail_of_Bits-FraxFinance/frax-solidity-3f0993a70e3496fd27887db7754d68709c84015e::StakingRewardsDual_FXS_WETH_Sushi,DAPP,DAppSCAN-source/contracts/Trail_of_Bits-FraxFinance/frax-solidity-3f0993a70e3496fd27887db7754d68709c84015e,StakingRewardsDual_FXS_WETH_Sushi,0,0,11,11,2,34,6,0
train,DAPP::DAppSCAN-source/contracts/Trail_of_Bits-FraxFinance/frax-solidity-3f0993a70e3496fd27887db7754d68709c84015e::StakingRewardsDualV2_FRAX3CRV_V2,DAPP,DAppSCAN-source/contracts/Trail_of_Bits-FraxFinance/frax-solidity-3f0993a70e3496fd27887db7754d68709c84015e,StakingRewardsDualV2_FRAX3CRV_V2,0,0,11,11,2,34,6,0
train,DAPP::DAppSCAN-source/contracts/Trail_of_Bits-FraxFinance/frax-solidity-3f0993a70e3496fd27887db7754d68709c84015e::StakingRewardsDual_FRAX3CRV,DAPP,DAppSCAN-source/contracts/Trail_of_Bits-FraxFinance/frax-solidity-3f0993a70e3496fd27887db7754d68709c84015e,StakingRewardsDual_FRAX3CRV,0,0,11,11,2,34,6,0
train,DAPP::DAppSCAN-source/contracts/Trail_of_Bits-FraxFinance/frax-solidity-3f0993a70e3496fd27887db7754d68709c84015e::StakingRewardsDual_FRAX_FXS_Sushi,DAPP,DAppSCAN-source/contracts/Trail_of_Bits-FraxFinance/frax-solidity-3f0993a70e3496fd27887db7754d68709c84015e,StakingRewardsDual_FRAX_FXS_Sushi,0,0,11,11,2,34,6,0
train,DAPP::DAppSCAN-source/contracts/Trail_of_Bits-FraxFinance/frax-solidity-3f0993a70e3496fd27887db7754d68709c84015e::Stake_FRAX_FXS,DAPP,DAppSCAN-source/contracts/Trail_of_Bits-FraxFinance/frax-solidity-3f0993a70e3496fd27887db7754d68709c84015e,Stake_FRAX_FXS,0,0,11,11,2,34,6,0
train,DAPP::DAppSCAN-source/contracts/Trail_of_Bits-FraxFinance/frax-solidity-3f0993a70e3496fd27887db7754d68709c84015e::FraxPoolvAMM,DAPP,DAppSCAN-source/contracts/Trail_of_Bits-FraxFinance/frax-solidity-3f0993a70e3496fd27887db7754d68709c84015e,FraxPoolvAMM,0,0,18,18,1,92,6,0
train,DAPP::DAppSCAN-source/contracts/Trail_of_Bits-FraxFinance/frax-solidity-3f0993a70e3496fd27887db7754d68709c84015e::Pool_DAI,DAPP,DAppSCAN-source/contracts/Trail_of_Bits-FraxFinance/frax-solidity-3f0993a70e3496fd27887db7754d68709c84015e,Pool_DAI,0,0,13,13,0,60,0,0
train,DAPP::DAppSCAN-source/contracts/Trail_of_Bits-FraxFinance/frax-solidity-3f0993a70e3496fd27887db7754d68709c84015e::Pool_USDT,DAPP,DAppSCAN-source/contracts/Trail_of_Bits-FraxFinance/frax-solidity-3f0993a70e3496fd27887db7754d68709c84015e,Pool_USDT,0,0,13,13,0,60,0,0
train,DAPP::DAppSCAN-source/contracts/Trail_of_Bits-FraxFinance/frax-solidity-3f0993a70e3496fd27887db7754d68709c84015e::Pool_USDC,DAPP,DAppSCAN-source/contracts/Trail_of_Bits-FraxFinance/frax-solidity-3f0993a70e3496fd27887db7754d68709c84015e,Pool_USDC,0,0,13,13,0,60,0,0
train,DAPP::DAppSCAN-source/contracts/Trail_of_Bits-FraxFinance/frax-solidity-3f0993a70e3496fd27887db7754d68709c84015e::TestDriftingReserves,DAPP,DAppSCAN-source/contracts/Trail_of_Bits-FraxFinance/frax-solidity-3f0993a70e3496fd27887db7754d68709c84015e,TestDriftingReserves,0,0,2,2,1,6,0,0
train,DAPP::DAppSCAN-source/contracts/Trail_of_Bits-FraxFinance/frax-solidity-3f0993a70e3496fd27887db7754d68709c84015e::PoolvAMM_USDC,DAPP,DAppSCAN-source/contracts/Trail_of_Bits-FraxFinance/frax-solidity-3f0993a70e3496fd27887db7754d68709c84015e,PoolvAMM_USDC,0,0,18,18,1,92,6,0
train,DAPP::DAppSCAN-source/contracts/Trail_of_Bits-FraxFinance/frax-solidity-3f0993a70e3496fd27887db7754d68709c84015e::Pool_6DEC,DAPP,DAppSCAN-source/contracts/Trail_of_Bits-FraxFinance/frax-solidity-3f0993a70e3496fd27887db7754d68709c84015e,Pool_6DEC,0,0,13,13,0,60,0,0
train,DAPP::DAppSCAN-source/contracts/Trail_of_Bits-FraxFinance/frax-solidity-3f0993a70e3496fd27887db7754d68709c84015e::FraxPool,DAPP,DAppSCAN-source/contracts/Trail_of_Bits-FraxFinance/frax-solidity-3f0993a70e3496fd27887db7754d68709c84015e,FraxPool,1,4,13,17,0,125,0,0
train,DAPP::DAppSCAN-source/contracts/Hacken-TrustSwap-V1/code::StakingPool,DAPP,DAppSCAN-source/contracts/Hacken-TrustSwap-V1/code,StakingPool,1,2,2,4,2,13,0,0
train,DAPP::DAppSCAN-source/contracts/PeckShield-Donut/crossroad-550a8c3c010dc8c1a46ea9191d3841462bd58d82::Crossroad,DAPP,DAppSCAN-source/contracts/PeckShield-Donut/crossroad-550a8c3c010dc8c1a46ea9191d3841462bd58d82,Crossroad,0,0,7,7,2,32,6,0
train,DAPP::DAppSCAN-source/contracts/PeckShield-Donut/crossroad-550a8c3c010dc8c1a46ea9191d3841462bd58d82::DjinnAutoBuyer,DAPP,DAppSCAN-source/contracts/PeckShield-Donut/crossroad-550a8c3c010dc8c1a46ea9191d3841462bd58d82,DjinnAutoBuyer,1,1,1,2,0,2,0,0
train,DAPP::DAppSCAN-source/contracts/PeckShield-Donut/crossroad-550a8c3c010dc8c1a46ea9191d3841462bd58d82::LiquidityProxy,DAPP,DAppSCAN-source/contracts/PeckShield-Donut/crossroad-550a8c3c010dc8c1a46ea9191d3841462bd58d82,LiquidityProxy,0,0,2,2,0,2,0,0
train,DAPP::DAppSCAN-source/contracts/ImmuneBytes-SportsIcon-Audit Report/SportsIcon-Vesting-8a26ed5c3a52b7a4d1b22a38b40dd80783ecc6a3::SportsIconPrivateVesting,DAPP,DAppSCAN-source/contracts/ImmuneBytes-SportsIcon-Audit Report/SportsIcon-Vesting-8a26ed5c3a52b7a4d1b22a38b40dd80783ecc6a3,SportsIconPrivateVesting,1,1,0,1,1,2,0,0
train,DAPP::DAppSCAN-source/contracts/Inspex-SpookySwap Integration & Fantom Expansion/bsc-alpaca-contract-4553a34a6dcfcfbf7aebc693bb5c5c6074c73129::GrazingRange,DAPP,DAppSCAN-source/contracts/Inspex-SpookySwap Integration & Fantom Expansion/bsc-alpaca-contract-4553a34a6dcfcfbf7aebc693bb5c5c6074c73129,GrazingRange,0,0,8,8,2,45,5,0
train,DAPP::DAppSCAN-source/contracts/Inspex-SpookySwap Integration & Fantom Expansion/bsc-alpaca-contract-4553a34a6dcfcfbf7aebc693bb5c5c6074c73129::Timelock,DAPP,DAppSCAN-source/contracts/Inspex-SpookySwap Integration & Fantom Expansion/bsc-alpaca-contract-4553a34a6dcfcfbf7aebc693bb5c5c6074c73129,Timelock,0,0,1,1,0,0,0,0
train,DAPP::DAppSCAN-source/contracts/Inspex-SpookySwap Integration & Fantom Expansion/bsc-alpaca-contract-4553a34a6dcfcfbf7aebc693bb5c5c6074c73129::MiniFL,DAPP,DAppSCAN-source/contracts/Inspex-SpookySwap Integration & Fantom Expansion/bsc-alpaca-contract-4553a34a6dcfcfbf7aebc693bb5c5c6074c73129,MiniFL,0,0,8,8,0,37,0,0
train,DAPP::DAppSCAN-source/contracts/Inspex-SpookySwap Integration & Fantom Expansion/bsc-alpaca-contract-4553a34a6dcfcfbf7aebc693bb5c5c6074c73129::Rewarder1,DAPP,DAppSCAN-source/contracts/Inspex-SpookySwap Integration & Fantom Expansion/bsc-alpaca-contract-4553a34a6dcfcfbf7aebc693bb5c5c6074c73129,Rewarder1,0,0,3,3,0,6,0,0
train,DAPP::DAppSCAN-source/contracts/Inspex-SpookySwap Integration & Fantom Expansion/bsc-alpaca-contract-4553a34a6dcfcfbf7aebc693bb5c5c6074c73129::WaultSwapPair,DAPP,DAppSCAN-source/contracts/Inspex-SpookySwap Integration & Fantom Expansion/bsc-alpaca-contract-4553a34a6dcfcfbf7aebc693bb5c5c6074c73129,WaultSwapPair,0,0,8,8,3,57,0,0
train,DAPP::DAppSCAN-source/contracts/Inspex-SpookySwap Integration & Fantom Expansion/bsc-alpaca-contract-4553a34a6dcfcfbf7aebc693bb5c5c6074c73129::WaultSwapFactory,DAPP,DAppSCAN-source/contracts/Inspex-SpookySwap Integration & Fantom Expansion/bsc-alpaca-contract-4553a34a6dcfcfbf7aebc693bb5c5c6074c73129,WaultSwapFactory,0,0,1,1,0,0,0,0
train,DAPP::DAppSCAN-source/contracts/Inspex-SpookySwap Integration & Fantom Expansion/bsc-alpaca-contract-4553a34a6dcfcfbf7aebc693bb5c5c6074c73129::MdexPair,DAPP,DAppSCAN-source/contracts/Inspex-SpookySwap Integration & Fantom Expansion/bsc-alpaca-contract-4553a34a6dcfcfbf7aebc693bb5c5c6074c73129,MdexPair,0,0,8,8,3,58,0,0
train,DAPP::DAppSCAN-source/contracts/Inspex-SpookySwap Integration & Fantom Expansion/bsc-alpaca-contract-4553a34a6dcfcfbf7aebc693bb5c5c6074c73129::MdexFactory,DAPP,DAppSCAN-source/contracts/Inspex-SpookySwap Integration & Fantom Expansion/bsc-alpaca-contract-4553a34a6dcfcfbf7aebc693bb5c5c6074c73129,MdexFactory,0,0,6,6,0,12,0,0
train,DAPP::DAppSCAN-source/contracts/Inspex-SpookySwap Integration & Fantom Expansion/bsc-alpaca-contract-4553a34a6dcfcfbf7aebc693bb5c5c6074c73129::PauserRole,DAPP,DAppSCAN-source/contracts/Inspex-SpookySwap Integration & Fantom Expansion/bsc-alpaca-contract-4553a34a6dcfcfbf7aebc693bb5c5c6074c73129,PauserRole,0,0,3,3,0,3,0,0
train,DAPP::DAppSCAN-source/contracts/Inspex-SpookySwap Integration & Fantom Expansion/bsc-alpaca-contract-4553a34a6dcfcfbf7aebc693bb5c5c6074c73129::Pausable,DAPP,DAppSCAN-source/contracts/Inspex-SpookySwap Integration & Fantom Expansion/bsc-alpaca-contract-4553a34a6dcfcfbf7aebc693bb5c5c6074c73129,Pausable,0,0,3,3,0,3,0,0
train,DAPP::DAppSCAN-source/contracts/Inspex-SpookySwap Integration & Fantom Expansion/bsc-alpaca-contract-4553a34a6dcfcfbf7aebc693bb5c5c6074c73129::ERC20Pausable,DAPP,DAppSCAN-source/contracts/Inspex-SpookySwap Integration & Fantom Expansion/bsc-alpaca-contract-4553a34a6dcfcfbf7aebc693bb5c5c6074c73129,ERC20Pausable,0,0,3,3,0,3,0,0
train,DAPP::DAppSCAN-source/contracts/Inspex-SpookySwap Integration & Fantom Expansion/bsc-alpaca-contract-4553a34a6dcfcfbf7aebc693bb5c5c6074c73129::WrappedFtm,DAPP,DAppSCAN-source/contracts/Inspex-SpookySwap Integration & Fantom Expansion/bsc-alpaca-contract-4553a34a6dcfcfbf7aebc693bb5c5c6074c73129,WrappedFtm,0,0,4,4,1,5,0,0
train,DAPP::DAppSCAN-source/contracts/Inspex-SpookySwap Integration & Fantom Expansion/bsc-alpaca-contract-4553a34a6dcfcfbf7aebc693bb5c5c6074c73129::WexMaster,DAPP,DAppSCAN-source/contracts/Inspex-SpookySwap Integration & Fantom Expansion/bsc-alpaca-contract-4553a34a6dcfcfbf7aebc693bb5c5c6074c73129,WexMaster,0,0,8,8,1,44,0,0
train,DAPP::DAppSCAN-source/contracts/Inspex-SpookySwap Integration & Fantom Expansion/bsc-alpaca-contract-4553a34a6dcfcfbf7aebc693bb5c5c6074c73129::StronkAlpacaRelayer,DAPP,DAppSCAN-source/contracts/Inspex-SpookySwap Integration & Fantom Expansion/bsc-alpaca-contract-4553a34a6dcfcfbf7aebc693bb5c5c6074c73129,StronkAlpacaRelayer,0,0,1,1,0,0,0,0
train,DAPP::DAppSCAN-source/contracts/Inspex-SpookySwap Integration & Fantom Expansion/bsc-alpaca-contract-4553a34a6dcfcfbf7aebc693bb5c5c6074c73129::FairLaunchV2,DAPP,DAppSCAN-source/contracts/Inspex-SpookySwap Integration & Fantom Expansion/bsc-alpaca-contract-4553a34a6dcfcfbf7aebc693bb5c5c6074c73129,FairLaunchV2,0,0,9,9,1,41,5,0
train,DAPP::DAppSCAN-source/contracts/Inspex-SpookySwap Integration & Fantom Expansion/bsc-alpaca-contract-4553a34a6dcfcfbf7aebc693bb5c5c6074c73129::StronkAlpaca,DAPP,DAppSCAN-source/contracts/Inspex-SpookySwap Integration & Fantom Expansion/bsc-alpaca-contract-4553a34a6dcfcfbf7aebc693bb5c5c6074c73129,StronkAlpaca,0,0,3,3,3,12,0,0
train,DAPP::DAppSCAN-source/contracts/Inspex-SpookySwap Integration & Fantom Expansion/bsc-alpaca-contract-4553a34a6dcfcfbf7aebc693bb5c5c6074c73129::MerkleDistributor,DAPP,DAppSCAN-source/contracts/Inspex-SpookySwap Integration & Fantom Expansion/bsc-alpaca-contract-4553a34a6dcfcfbf7aebc693bb5c5c6074c73129,MerkleDistributor,0,0,4,4,2,11,0,0
train,DAPP::DAppSCAN-source/contracts/Inspex-SpookySwap Integration & Fantom Expansion/bsc-alpaca-contract-4553a34a6dcfcfbf7aebc693bb5c5c6074c73129::Shield,DAPP,DAppSCAN-source/contracts/Inspex-SpookySwap Integration & Fantom Expansion/bsc-alpaca-contract-4553a34a6dcfcfbf7aebc693bb5c5c6074c73129,Shield,0,0,5,5,0,10,0,0
train,DAPP::DAppSCAN-source/contracts/Inspex-SpookySwap Integration & Fantom Expansion/bsc-alpaca-contract-4553a34a6dcfcfbf7aebc693bb5c5c6074c73129::FairLaunch,DAPP,DAppSCAN-source/contracts/Inspex-SpookySwap Integration & Fantom Expansion/bsc-alpaca-contract-4553a34a6dcfcfbf7aebc693bb5c5c6074c73129,FairLaunch,0,0,10,10,3,68,0,0
train,DAPP::DAppSCAN-source/contracts/Inspex-SpookySwap Integration & Fantom Expansion/bsc-alpaca-contract-4553a34a6dcfcfbf7aebc693bb5c5c6074c73129::UpgradeabilityProxy,DAPP,DAppSCAN-source/contracts/Inspex-SpookySwap Integration & Fantom Expansion/bsc-alpaca-contract-4553a34a6dcfcfbf7aebc693bb5c5c6074c73129,UpgradeabilityProxy,0,0,1,1,0,0,0,0
train,DAPP::DAppSCAN-source/contracts/Inspex-SpookySwap Integration & Fantom Expansion/bsc-alpaca-contract-4553a34a6dcfcfbf7aebc693bb5c5c6074c73129::AdminUpgradeabilityProxy,DAPP,DAppSCAN-source/contracts/Inspex-SpookySwap Integration & Fantom Expansion/bsc-alpaca-contract-4553a34a6dcfcfbf7aebc693bb5c5c6074c73129,AdminUpgradeabilityProxy,0,0,1,1,0,0,0,0
train,DAPP::DAppSCAN-source/contracts/Inspex-SpookySwap Integration & Fantom Expansion/bsc-alpaca-contract-4553a34a6dcfcfbf7aebc693bb5c5c6074c73129::Vault2,DAPP,DAppSCAN-source/contracts/Inspex-SpookySwap Integration & Fantom Expansion/bsc-alpaca-contract-4553a34a6dcfcfbf7aebc693bb5c5c6074c73129,Vault2,0,0,10,10,3,69,5,0
train,DAPP::DAppSCAN-source/contracts/Inspex-SpookySwap Integration & Fantom Expansion/bsc-alpaca-contract-4553a34a6dcfcfbf7aebc693bb5c5c6074c73129::WNativeRelayer,DAPP,DAppSCAN-source/contracts/Inspex-SpookySwap Integration & Fantom Expansion/bsc-alpaca-contract-4553a34a6dcfcfbf7aebc693bb5c5c6074c73129,WNativeRelayer,0,0,1,1,0,0,0,0
train,DAPP::DAppSCAN-source/contracts/Inspex-SpookySwap Integration & Fantom Expansion/bsc-alpaca-contract-4553a34a6dcfcfbf7aebc693bb5c5c6074c73129::OracleMedianizer,DAPP,DAppSCAN-source/contracts/Inspex-SpookySwap Integration & Fantom Expansion/bsc-alpaca-contract-4553a34a6dcfcfbf7aebc693bb5c5c6074c73129,OracleMedianizer,0,0,1,1,0,0,0,0
train,DAPP::DAppSCAN-source/contracts/Inspex-SpookySwap Integration & Fantom Expansion/bsc-alpaca-contract-4553a34a6dcfcfbf7aebc693bb5c5c6074c73129::AlpacaRouter,DAPP,DAppSCAN-source/contracts/Inspex-SpookySwap Integration & Fantom Expansion/bsc-alpaca-contract-4553a34a6dcfcfbf7aebc693bb5c5c6074c73129,AlpacaRouter,0,0,1,1,0,0,0,0
train,DAPP::DAppSCAN-source/contracts/Inspex-SpookySwap Integration & Fantom Expansion/bsc-alpaca-contract-4553a34a6dcfcfbf7aebc693bb5c5c6074c73129::ConfigurableInterestVaultConfig,DAPP,DAppSCAN-source/contracts/Inspex-SpookySwap Integration & Fantom Expansion/bsc-alpaca-contract-4553a34a6dcfcfbf7aebc693bb5c5c6074c73129,ConfigurableInterestVaultConfig,0,0,7,7,0,15,0,0
train,DAPP::DAppSCAN-source/contracts/Inspex-SpookySwap Integration & Fantom Expansion/bsc-alpaca-contract-4553a34a6dcfcfbf7aebc693bb5c5c6074c73129::Vault,DAPP,DAppSCAN-source/contracts/Inspex-SpookySwap Integration & Fantom Expansion/bsc-alpaca-contract-4553a34a6dcfcfbf7aebc693bb5c5c6074c73129,Vault,0,0,14,14,3,116,6,1
train,DAPP::DAppSCAN-source/contracts/Inspex-SpookySwap Integration & Fantom Expansion/bsc-alpaca-contract-4553a34a6dcfcfbf7aebc693bb5c5c6074c73129::LinearRelease,DAPP,DAppSCAN-source/contracts/Inspex-SpookySwap Integration & Fantom Expansion/bsc-alpaca-contract-4553a34a6dcfcfbf7aebc693bb5c5c6074c73129,LinearRelease,0,0,2,2,1,3,0,0
train,DAPP::DAppSCAN-source/contracts/Inspex-SpookySwap Integration & Fantom Expansion/bsc-alpaca-contract-4553a34a6dcfcfbf7aebc693bb5c5c6074c73129::SingleAssetWorkerConfig,DAPP,DAppSCAN-source/contracts/Inspex-SpookySwap Integration & Fantom Expansion/bsc-alpaca-contract-4553a34a6dcfcfbf7aebc693bb5c5c6074c73129,SingleAssetWorkerConfig,0,0,3,3,0,4,0,0
train,DAPP::DAppSCAN-source/contracts/Inspex-SpookySwap Integration & Fantom Expansion/bsc-alpaca-contract-4553a34a6dcfcfbf7aebc693bb5c5c6074c73129::WorkerConfig,DAPP,DAppSCAN-source/contracts/Inspex-SpookySwap Integration & Fantom Expansion/bsc-alpaca-contract-4553a34a6dcfcfbf7aebc693bb5c5c6074c73129,WorkerConfig,0,0,1,1,0,0,0,0
train,DAPP::DAppSCAN-source/contracts/Inspex-SpookySwap Integration & Fantom Expansion/bsc-alpaca-contract-4553a34a6dcfcfbf7aebc693bb5c5c6074c73129::ChainLinkPriceOracle,DAPP,DAppSCAN-source/contracts/Inspex-SpookySwap Integration & Fantom Expansion/bsc-alpaca-contract-4553a34a6dcfcfbf7aebc693bb5c5c6074c73129,ChainLinkPriceOracle,0,0,1,1,0,0,0,0
train,DAPP::DAppSCAN-source/contracts/Inspex-SpookySwap Integration & Fantom Expansion/bsc-alpaca-contract-4553a34a6dcfcfbf7aebc693bb5c5c6074c73129::Actions,DAPP,DAppSCAN-source/contracts/Inspex-SpookySwap Integration & Fantom Expansion/bsc-alpaca-contract-4553a34a6dcfcfbf7aebc693bb5c5c6074c73129,Actions,0,0,1,1,0,0,0,0
train,DAPP::DAppSCAN-source/contracts/Inspex-SpookySwap Integration & Fantom Expansion/bsc-alpaca-contract-4553a34a6dcfcfbf7aebc693bb5c5c6074c73129::CakeMaxiWorker,DAPP,DAppSCAN-source/contracts/Inspex-SpookySwap Integration & Fantom Expansion/bsc-alpaca-contract-4553a34a6dcfcfbf7aebc693bb5c5c6074c73129,CakeMaxiWorker,0,0,9,9,3,44,0,0
train,DAPP::DAppSCAN-source/contracts/Inspex-SpookySwap Integration & Fantom Expansion/bsc-alpaca-contract-4553a34a6dcfcfbf7aebc693bb5c5c6074c73129::CakeMaxiWorker02,DAPP,DAppSCAN-source/contracts/Inspex-SpookySwap Integration & Fantom Expansion/bsc-alpaca-contract-4553a34a6dcfcfbf7aebc693bb5c5c6074c73129,CakeMaxiWorker02,0,0,11,11,4,71,5,0
train,DAPP::DAppSCAN-source/contracts/Inspex-SpookySwap Integration & Fantom Expansion/bsc-alpaca-contract-4553a34a6dcfcfbf7aebc693bb5c5c6074c73129::MdexWorker02,DAPP,DAppSCAN-source/contracts/Inspex-SpookySwap Integration & Fantom Expansion/bsc-alpaca-contract-4553a34a6dcfcfbf7aebc693bb5c5c6074c73129,MdexWorker02,0,0,11,11,3,49,0,0
train,DAPP::DAppSCAN-source/contracts/Inspex-SpookySwap Integration & Fantom Expansion/bsc-alpaca-contract-4553a34a6dcfcfbf7aebc693bb5c5c6074c73129::SpookyWorker03,DAPP,DAppSCAN-source/contracts/Inspex-SpookySwap Integration & Fantom Expansion/bsc-alpaca-contract-4553a34a6dcfcfbf7aebc693bb5c5c6074c73129,SpookyWorker03,1,1,9,10,4,63,0,0
train,DAPP::DAppSCAN-source/contracts/Inspex-SpookySwap Integration & Fantom Expansion/bsc-alpaca-contract-4553a34a6dcfcfbf7aebc693bb5c5c6074c73129::WaultSwapWorker02,DAPP,DAppSCAN-source/contracts/Inspex-SpookySwap Integration & Fantom Expansion/bsc-alpaca-contract-4553a34a6dcfcfbf7aebc693bb5c5c6074c73129,WaultSwapWorker02,0,0,10,10,4,63,0,0
train,DAPP::DAppSCAN-source/contracts/Inspex-SpookySwap Integration & Fantom Expansion/bsc-alpaca-contract-4553a34a6dcfcfbf7aebc693bb5c5c6074c73129::WaultSwapWorker,DAPP,DAppSCAN-source/contracts/Inspex-SpookySwap Integration & Fantom Expansion/bsc-alpaca-contract-4553a34a6dcfcfbf7aebc693bb5c5c6074c73129,WaultSwapWorker,0,0,9,9,1,51,0,0
train,DAPP::DAppSCAN-source/contracts/Inspex-SpookySwap Integration & Fantom Expansion/bsc-alpaca-contract-4553a34a6dcfcfbf7aebc693bb5c5c6074c73129::PancakeswapV2Worker,DAPP,DAppSCAN-source/contracts/Inspex-SpookySwap Integration & Fantom Expansion/bsc-alpaca-contract-4553a34a6dcfcfbf7aebc693bb5c5c6074c73129,PancakeswapV2Worker,0,0,9,9,1,51,0,0
train,DAPP::DAppSCAN-source/contracts/Inspex-SpookySwap Integration & Fantom Expansion/bsc-alpaca-contract-4553a34a6dcfcfbf7aebc693bb5c5c6074c73129::PancakeswapV2Worker02,DAPP,DAppSCAN-source/contracts/Inspex-SpookySwap Integration & Fantom Expansion/bsc-alpaca-contract-4553a34a6dcfcfbf7aebc693bb5c5c6074c73129,PancakeswapV2Worker02,0,0,10,10,4,63,0,0
train,DAPP::DAppSCAN-source/contracts/Inspex-SpookySwap Integration & Fantom Expansion/bsc-alpaca-contract-4553a34a6dcfcfbf7aebc693bb5c5c6074c73129::PancakeswapWorker,DAPP,DAppSCAN-source/contracts/Inspex-SpookySwap Integration & Fantom Expansion/bsc-alpaca-contract-4553a34a6dcfcfbf7aebc693bb5c5c6074c73129,PancakeswapWorker,0,0,9,9,0,49,0,0
train,DAPP::DAppSCAN-source/contracts/Inspex-SpookySwap Integration & Fantom Expansion/bsc-alpaca-contract-4553a34a6dcfcfbf7aebc693bb5c5c6074c73129::PancakeswapV2WorkerMigrate,DAPP,DAppSCAN-source/contracts/Inspex-SpookySwap Integration & Fantom Expansion/bsc-alpaca-contract-4553a34a6dcfcfbf7aebc693bb5c5c6074c73129,PancakeswapV2WorkerMigrate,0,0,10,10,1,68,0,0
train,DAPP::DAppSCAN-source/contracts/Inspex-SpookySwap Integration & Fantom Expansion/bsc-alpaca-contract-4553a34a6dcfcfbf7aebc693bb5c5c6074c73129::WaultSwapRouter,DAPP,DAppSCAN-source/contracts/Inspex-SpookySwap Integration & Fantom Expansion/bsc-alpaca-contract-4553a34a6dcfcfbf7aebc693bb5c5c6074c73129,WaultSwapRouter,0,0,22,22,0,397,14,0
train,DAPP::DAppSCAN-source/contracts/Inspex-SpookySwap Integration & Fantom Expansion/bsc-alpaca-contract-4553a34a6dcfcfbf7aebc693bb5c5c6074c73129::PancakeRouterV2,DAPP,DAppSCAN-source/contracts/Inspex-SpookySwap Integration & Fantom Expansion/bsc-alpaca-contract-4553a34a6dcfcfbf7aebc693bb5c5c6074c73129,PancakeRouterV2,0,0,22,22,0,397,14,0
train,DAPP::DAppSCAN-source/contracts/Inspex-SpookySwap Integration & Fantom Expansion/bsc-alpaca-contract-4553a34a6dcfcfbf7aebc693bb5c5c6074c73129::MdexRouter,DAPP,DAppSCAN-source/contracts/Inspex-SpookySwap Integration & Fantom Expansion/bsc-alpaca-contract-4553a34a6dcfcfbf7aebc693bb5c5c6074c73129,MdexRouter,0,0,23,23,0,278,12,0
train,DAPP::DAppSCAN-source/contracts/Inspex-SpookySwap Integration & Fantom Expansion/bsc-alpaca-contract-4553a34a6dcfcfbf7aebc693bb5c5c6074c73129::MdxToken,DAPP,DAppSCAN-source/contracts/Inspex-SpookySwap Integration & Fantom Expansion/bsc-alpaca-contract-4553a34a6dcfcfbf7aebc693bb5c5c6074c73129,MdxToken,0,0,5,5,0,12,0,0
train,DAPP::DAppSCAN-source/contracts/Inspex-SpookySwap Integration & Fantom Expansion/bsc-alpaca-contract-4553a34a6dcfcfbf7aebc693bb5c5c6074c73129::SwapMining,DAPP,DAppSCAN-source/contracts/Inspex-SpookySwap Integration & Fantom Expansion/bsc-alpaca-contract-4553a34a6dcfcfbf7aebc693bb5c5c6074c73129,SwapMining,0,0,12,12,3,55,0,0
train,DAPP::DAppSCAN-source/contracts/Inspex-SpookySwap Integration & Fantom Expansion/bsc-alpaca-contract-4553a34a6dcfcfbf7aebc693bb5c5c6074c73129::Oracle,DAPP,DAppSCAN-source/contracts/Inspex-SpookySwap Integration & Fantom Expansion/bsc-alpaca-contract-4553a34a6dcfcfbf7aebc693bb5c5c6074c73129,Oracle,0,0,2,2,0,2,0,0
train,DAPP::DAppSCAN-source/contracts/Inspex-SpookySwap Integration & Fantom Expansion/bsc-alpaca-contract-4553a34a6dcfcfbf7aebc693bb5c5c6074c73129::BSCPool,DAPP,DAppSCAN-source/contracts/Inspex-SpookySwap Integration & Fantom Expansion/bsc-alpaca-contract-4553a34a6dcfcfbf7aebc693bb5c5c6074c73129,BSCPool,0,0,21,21,3,143,7,0
train,DAPP::DAppSCAN-source/contracts/Inspex-SpookySwap Integration & Fantom Expansion/bsc-alpaca-contract-4553a34a6dcfcfbf7aebc693bb5c5c6074c73129::PancakeRouter,DAPP,DAppSCAN-source/contracts/Inspex-SpookySwap Integration & Fantom Expansion/bsc-alpaca-contract-4553a34a6dcfcfbf7aebc693bb5c5c6074c73129,PancakeRouter,0,0,22,22,0,397,14,0
train,DAPP::DAppSCAN-source/contracts/Inspex-SpookySwap Integration & Fantom Expansion/bsc-alpaca-contract-4553a34a6dcfcfbf7aebc693bb5c5c6074c73129::SyrupBar,DAPP,DAppSCAN-source/contracts/Inspex-SpookySwap Integration & Fantom Expansion/bsc-alpaca-contract-4553a34a6dcfcfbf7aebc693bb5c5c6074c73129,SyrupBar,0,0,1,1,0,0,0,0
train,DAPP::DAppSCAN-source/contracts/Inspex-SpookySwap Integration & Fantom Expansion/bsc-alpaca-contract-4553a34a6dcfcfbf7aebc693bb5c5c6074c73129::PancakeMasterChef,DAPP,DAppSCAN-source/contracts/Inspex-SpookySwap Integration & Fantom Expansion/bsc-alpaca-contract-4553a34a6dcfcfbf7aebc693bb5c5c6074c73129,PancakeMasterChef,0,0,8,8,3,51,0,0
train,DAPP::DAppSCAN-source/contracts/Inspex-SpookySwap Integration & Fantom Expansion/bsc-alpaca-contract-4553a34a6dcfcfbf7aebc693bb5c5c6074c73129::WETH,DAPP,DAppSCAN-source/contracts/Inspex-SpookySwap Integration & Fantom Expansion/bsc-alpaca-contract-4553a34a6dcfcfbf7aebc693bb5c5c6074c73129,WETH,0,0,1,1,0,0,0,0
train,DAPP::DAppSCAN-source/contracts/Inspex-SpookySwap Integration & Fantom Expansion/bsc-alpaca-contract-4553a34a6dcfcfbf7aebc693bb5c5c6074c73129::MasterChef,DAPP,DAppSCAN-source/contracts/Inspex-SpookySwap Integration & Fantom Expansion/bsc-alpaca-contract-4553a34a6dcfcfbf7aebc693bb5c5c6074c73129,MasterChef,0,0,6,6,2,23,0,0
train,DAPP::DAppSCAN-source/contracts/Inspex-SpookySwap Integration & Fantom Expansion/bsc-alpaca-contract-4553a34a6dcfcfbf7aebc693bb5c5c6074c73129::SpookyMasterChef,DAPP,DAppSCAN-source/contracts/Inspex-SpookySwap Integration & Fantom Expansion/bsc-alpaca-contract-4553a34a6dcfcfbf7aebc693bb5c5c6074c73129,SpookyMasterChef,0,0,7,7,3,37,0,0
train,DAPP::DAppSCAN-source/contracts/Inspex-SpookySwap Integration & Fantom Expansion/bsc-alpaca-contract-4553a34a6dcfcfbf7aebc693bb5c5c6074c73129::PancakeswapV2RestrictedStrategyLiquidate,DAPP,DAppSCAN-source/contracts/Inspex-SpookySwap Integration & Fantom Expansion/bsc-alpaca-contract-4553a34a6dcfcfbf7aebc693bb5c5c6074c73129,PancakeswapV2RestrictedStrategyLiquidate,0,0,2,2,0,1,0,0
train,DAPP::DAppSCAN-source/contracts/Inspex-SpookySwap Integration & Fantom Expansion/bsc-alpaca-contract-4553a34a6dcfcfbf7aebc693bb5c5c6074c73129::PancakeswapV2RestrictedStrategyWithdrawMinimizeTrading,DAPP,DAppSCAN-source/contracts/Inspex-SpookySwap Integration & Fantom Expansion/bsc-alpaca-contract-4553a34a6dcfcfbf7aebc693bb5c5c6074c73129,PancakeswapV2RestrictedStrategyWithdrawMinimizeTrading,0,0,2,2,0,1,0,0
train,DAPP::DAppSCAN-source/contracts/Inspex-SpookySwap Integration & Fantom Expansion/bsc-alpaca-contract-4553a34a6dcfcfbf7aebc693bb5c5c6074c73129::PancakeswapV2RestrictedStrategyPartialCloseLiquidate,DAPP,DAppSCAN-source/contracts/Inspex-SpookySwap Integration & Fantom Expansion/bsc-alpaca-contract-4553a34a6dcfcfbf7aebc693bb5c5c6074c73129,PancakeswapV2RestrictedStrategyPartialCloseLiquidate,0,0,2,2,0,1,0,0
train,DAPP::DAppSCAN-source/contracts/Inspex-SpookySwap Integration & Fantom Expansion/bsc-alpaca-contract-4553a34a6dcfcfbf7aebc693bb5c5c6074c73129::PancakeswapV2RestrictedStrategyPartialCloseMinimizeTrading,DAPP,DAppSCAN-source/contracts/Inspex-SpookySwap Integration & Fantom Expansion/bsc-alpaca-contract-4553a34a6dcfcfbf7aebc693bb5c5c6074c73129,PancakeswapV2RestrictedStrategyPartialCloseMinimizeTrading,0,0,2,2,0,1,0,0
train,DAPP::DAppSCAN-source/contracts/Inspex-SpookySwap Integration & Fantom Expansion/bsc-alpaca-contract-4553a34a6dcfcfbf7aebc693bb5c5c6074c73129::PancakeswapV2RestrictedStrategyAddBaseTokenOnly,DAPP,DAppSCAN-source/contracts/Inspex-SpookySwap Integration & Fantom Expansion/bsc-alpaca-contract-4553a34a6dcfcfbf7aebc693bb5c5c6074c73129,PancakeswapV2RestrictedStrategyAddBaseTokenOnly,0,0,2,2,0,1,0,0
train,DAPP::DAppSCAN-source/contracts/Inspex-SpookySwap Integration & Fantom Expansion/bsc-alpaca-contract-4553a34a6dcfcfbf7aebc693bb5c5c6074c73129::PancakeswapV2RestrictedStrategyAddTwoSidesOptimal,DAPP,DAppSCAN-source/contracts/Inspex-SpookySwap Integration & Fantom Expansion/bsc-alpaca-contract-4553a34a6dcfcfbf7aebc693bb5c5c6074c73129,PancakeswapV2RestrictedStrategyAddTwoSidesOptimal,0,0,2,2,0,1,0,0
train,DAPP::DAppSCAN-source/contracts/Inspex-SpookySwap Integration & Fantom Expansion/bsc-alpaca-contract-4553a34a6dcfcfbf7aebc693bb5c5c6074c73129::PancakeswapV2StrategyAddTwoSidesOptimalMigrate,DAPP,DAppSCAN-source/contracts/Inspex-SpookySwap Integration & Fantom Expansion/bsc-alpaca-contract-4553a34a6dcfcfbf7aebc693bb5c5c6074c73129,PancakeswapV2StrategyAddTwoSidesOptimalMigrate,0,0,2,2,0,1,0,0
train,DAPP::DAppSCAN-source/contracts/Inspex-SpookySwap Integration & Fantom Expansion/bsc-alpaca-contract-4553a34a6dcfcfbf7aebc693bb5c5c6074c73129::PancakeswapV2StrategyAddBaseTokenOnly,DAPP,DAppSCAN-source/contracts/Inspex-SpookySwap Integration & Fantom Expansion/bsc-alpaca-contract-4553a34a6dcfcfbf7aebc693bb5c5c6074c73129,PancakeswapV2StrategyAddBaseTokenOnly,0,0,2,2,0,1,0,0
train,DAPP::DAppSCAN-source/contracts/Inspex-SpookySwap Integration & Fantom Expansion/bsc-alpaca-contract-4553a34a6dcfcfbf7aebc693bb5c5c6074c73129::PancakeswapV2StrategyLiquidate,DAPP,DAppSCAN-source/contracts/Inspex-SpookySwap Integration & Fantom Expansion/bsc-alpaca-contract-4553a34a6dcfcfbf7aebc693bb5c5c6074c73129,PancakeswapV2StrategyLiquidate,0,0,2,2,0,1,0,0
train,DAPP::DAppSCAN-source/contracts/Inspex-SpookySwap Integration & Fantom Expansion/bsc-alpaca-contract-4553a34a6dcfcfbf7aebc693bb5c5c6074c73129::PancakeswapV2StrategyAddTwoSidesOptimal,DAPP,DAppSCAN-source/contracts/Inspex-SpookySwap Integration & Fantom Expansion/bsc-alpaca-contract-4553a34a6dcfcfbf7aebc693bb5c5c6074c73129,PancakeswapV2StrategyAddTwoSidesOptimal,0,0,2,2,0,1,0,0
train,DAPP::DAppSCAN-source/contracts/Inspex-SpookySwap Integration & Fantom Expansion/bsc-alpaca-contract-4553a34a6dcfcfbf7aebc693bb5c5c6074c73129::PancakeswapV2StrategyPartialCloseLiquidate,DAPP,DAppSCAN-source/contracts/Inspex-SpookySwap Integration & Fantom Expansion/bsc-alpaca-contract-4553a34a6dcfcfbf7aebc693bb5c5c6074c73129,PancakeswapV2StrategyPartialCloseLiquidate,0,0,2,2,0,1,0,0
train,DAPP::DAppSCAN-source/contracts/Inspex-SpookySwap Integration & Fantom Expansion/bsc-alpaca-contract-4553a34a6dcfcfbf7aebc693bb5c5c6074c73129::PancakeswapV2StrategyWithdrawMinimizeTrading,DAPP,DAppSCAN-source/contracts/Inspex-SpookySwap Integration & Fantom Expansion/bsc-alpaca-contract-4553a34a6dcfcfbf7aebc693bb5c5c6074c73129,PancakeswapV2StrategyWithdrawMinimizeTrading,0,0,2,2,0,1,0,0
train,DAPP::DAppSCAN-source/contracts/Inspex-SpookySwap Integration & Fantom Expansion/bsc-alpaca-contract-4553a34a6dcfcfbf7aebc693bb5c5c6074c73129::PancakeswapV2RestrictedSingleAssetStrategyLiquidate,DAPP,DAppSCAN-source/contracts/Inspex-SpookySwap Integration & Fantom Expansion/bsc-alpaca-contract-4553a34a6dcfcfbf7aebc693bb5c5c6074c73129,PancakeswapV2RestrictedSingleAssetStrategyLiquidate,0,0,2,2,0,1,0,0
train,DAPP::DAppSCAN-source/contracts/Inspex-SpookySwap Integration & Fantom Expansion/bsc-alpaca-contract-4553a34a6dcfcfbf7aebc693bb5c5c6074c73129::PancakeswapV2RestrictedSingleAssetStrategyPartialCloseMinimizeTrading,DAPP,DAppSCAN-source/contracts/Inspex-SpookySwap Integration & Fantom Expansion/bsc-alpaca-contract-4553a34a6dcfcfbf7aebc693bb5c5c6074c73129,PancakeswapV2RestrictedSingleAssetStrategyPartialCloseMinimizeTrading,0,0,2,2,0,1,0,0
train,DAPP::DAppSCAN-source/contracts/Inspex-SpookySwap Integration & Fantom Expansion/bsc-alpaca-contract-4553a34a6dcfcfbf7aebc693bb5c5c6074c73129::PancakeswapV2RestrictedSingleAssetStrategyWithdrawMinimizeTrading,DAPP,DAppSCAN-source/contracts/Inspex-SpookySwap Integration & Fantom Expansion/bsc-alpaca-contract-4553a34a6dcfcfbf7aebc693bb5c5c6074c73129,PancakeswapV2RestrictedSingleAssetStrategyWithdrawMinimizeTrading,0,0,2,2,0,1,0,0
train,DAPP::DAppSCAN-source/contracts/Inspex-SpookySwap Integration & Fantom Expansion/bsc-alpaca-contract-4553a34a6dcfcfbf7aebc693bb5c5c6074c73129::PancakeswapV2RestrictedSingleAssetStrategyPartialCloseLiquidate,DAPP,DAppSCAN-source/contracts/Inspex-SpookySwap Integration & Fantom Expansion/bsc-alpaca-contract-4553a34a6dcfcfbf7aebc693bb5c5c6074c73129,PancakeswapV2RestrictedSingleAssetStrategyPartialCloseLiquidate,0,0,2,2,0,1,0,0
train,DAPP::DAppSCAN-source/contracts/Inspex-SpookySwap Integration & Fantom Expansion/bsc-alpaca-contract-4553a34a6dcfcfbf7aebc693bb5c5c6074c73129::PancakeswapV2RestrictedSingleAssetStrategyAddBaseWithFarm,DAPP,DAppSCAN-source/contracts/Inspex-SpookySwap Integration & Fantom Expansion/bsc-alpaca-contract-4553a34a6dcfcfbf7aebc693bb5c5c6074c73129,PancakeswapV2RestrictedSingleAssetStrategyAddBaseWithFarm,0,0,2,2,0,1,0,0
train,DAPP::DAppSCAN-source/contracts/Inspex-SpookySwap Integration & Fantom Expansion/bsc-alpaca-contract-4553a34a6dcfcfbf7aebc693bb5c5c6074c73129::PancakeswapV2RestrictedSingleAssetStrategyAddBaseTokenOnly,DAPP,DAppSCAN-source/contracts/Inspex-SpookySwap Integration & Fantom Expansion/bsc-alpaca-contract-4553a34a6dcfcfbf7aebc693bb5c5c6074c73129,PancakeswapV2RestrictedSingleAssetStrategyAddBaseTokenOnly,0,0,2,2,0,1,0,0
train,DAPP::DAppSCAN-source/contracts/Inspex-SpookySwap Integration & Fantom Expansion/bsc-alpaca-contract-4553a34a6dcfcfbf7aebc693bb5c5c6074c73129::WaultSwapRestrictedStrategyLiquidate,DAPP,DAppSCAN-source/contracts/Inspex-SpookySwap Integration & Fantom Expansion/bsc-alpaca-contract-4553a34a6dcfcfbf7aebc693bb5c5c6074c73129,WaultSwapRestrictedStrategyLiquidate,0,0,2,2,0,1,0,0
train,DAPP::DAppSCAN-source/contracts/Inspex-SpookySwap Integration & Fantom Expansion/bsc-alpaca-contract-4553a34a6dcfcfbf7aebc693bb5c5c6074c73129::WaultSwapRestrictedStrategyAddTwoSidesOptimal,DAPP,DAppSCAN-source/contracts/Inspex-SpookySwap Integration & Fantom Expansion/bsc-alpaca-contract-4553a34a6dcfcfbf7aebc693bb5c5c6074c73129,WaultSwapRestrictedStrategyAddTwoSidesOptimal,0,0,2,2,0,1,0,0
train,DAPP::DAppSCAN-source/contracts/Inspex-SpookySwap Integration & Fantom Expansion/bsc-alpaca-contract-4553a34a6dcfcfbf7aebc693bb5c5c6074c73129::WaultSwapRestrictedStrategyWithdrawMinimizeTrading,DAPP,DAppSCAN-source/contracts/Inspex-SpookySwap Integration & Fantom Expansion/bsc-alpaca-contract-4553a34a6dcfcfbf7aebc693bb5c5c6074c73129,WaultSwapRestrictedStrategyWithdrawMinimizeTrading,0,0,2,2,0,1,0,0
train,DAPP::DAppSCAN-source/contracts/Inspex-SpookySwap Integration & Fantom Expansion/bsc-alpaca-contract-4553a34a6dcfcfbf7aebc693bb5c5c6074c73129::WaultSwapRestrictedStrategyAddBaseTokenOnly,DAPP,DAppSCAN-source/contracts/Inspex-SpookySwap Integration & Fantom Expansion/bsc-alpaca-contract-4553a34a6dcfcfbf7aebc693bb5c5c6074c73129,WaultSwapRestrictedStrategyAddBaseTokenOnly,0,0,2,2,0,1,0,0
train,DAPP::DAppSCAN-source/contracts/Inspex-SpookySwap Integration & Fantom Expansion/bsc-alpaca-contract-4553a34a6dcfcfbf7aebc693bb5c5c6074c73129::WaultSwapRestrictedStrategyPartialCloseMinimizeTrading,DAPP,DAppSCAN-source/contracts/Inspex-SpookySwap Integration & Fantom Expansion/bsc-alpaca-contract-4553a34a6dcfcfbf7aebc693bb5c5c6074c73129,WaultSwapRestrictedStrategyPartialCloseMinimizeTrading,0,0,2,2,0,1,0,0
train,DAPP::DAppSCAN-source/contracts/Inspex-SpookySwap Integration & Fantom Expansion/bsc-alpaca-contract-4553a34a6dcfcfbf7aebc693bb5c5c6074c73129::WaultSwapRestrictedStrategyPartialCloseLiquidate,DAPP,DAppSCAN-source/contracts/Inspex-SpookySwap Integration & Fantom Expansion/bsc-alpaca-contract-4553a34a6dcfcfbf7aebc693bb5c5c6074c73129,WaultSwapRestrictedStrategyPartialCloseLiquidate,0,0,2,2,0,1,0,0
train,DAPP::DAppSCAN-source/contracts/Inspex-SpookySwap Integration & Fantom Expansion/bsc-alpaca-contract-4553a34a6dcfcfbf7aebc693bb5c5c6074c73129::StrategyPartialCloseLiquidate,DAPP,DAppSCAN-source/contracts/Inspex-SpookySwap Integration & Fantom Expansion/bsc-alpaca-contract-4553a34a6dcfcfbf7aebc693bb5c5c6074c73129,StrategyPartialCloseLiquidate,0,0,2,2,0,1,0,0
train,DAPP::DAppSCAN-source/contracts/Inspex-SpookySwap Integration & Fantom Expansion/bsc-alpaca-contract-4553a34a6dcfcfbf7aebc693bb5c5c6074c73129::StrategyWithdrawMinimizeTrading,DAPP,DAppSCAN-source/contracts/Inspex-SpookySwap Integration & Fantom Expansion/bsc-alpaca-contract-4553a34a6dcfcfbf7aebc693bb5c5c6074c73129,StrategyWithdrawMinimizeTrading,0,0,2,2,0,1,0,0
train,DAPP::DAppSCAN-source/contracts/Inspex-SpookySwap Integration & Fantom Expansion/bsc-alpaca-contract-4553a34a6dcfcfbf7aebc693bb5c5c6074c73129::StrategyAddTwoSidesOptimal,DAPP,DAppSCAN-source/contracts/Inspex-SpookySwap Integration & Fantom Expansion/bsc-alpaca-contract-4553a34a6dcfcfbf7aebc693bb5c5c6074c73129,StrategyAddTwoSidesOptimal,0,0,2,2,0,1,0,0
train,DAPP::DAppSCAN-source/contracts/Inspex-SpookySwap Integration & Fantom Expansion/bsc-alpaca-contract-4553a34a6dcfcfbf7aebc693bb5c5c6074c73129::StrategyAddBaseTokenOnly,DAPP,DAppSCAN-source/contracts/Inspex-SpookySwap Integration & Fantom Expansion/bsc-alpaca-contract-4553a34a6dcfcfbf7aebc693bb5c5c6074c73129,StrategyAddBaseTokenOnly,0,0,2,2,0,1,0,0
train,DAPP::DAppSCAN-source/contracts/Inspex-SpookySwap Integration & Fantom Expansion/bsc-alpaca-contract-4553a34a6dcfcfbf7aebc693bb5c5c6074c73129::StrategyLiquidate,DAPP,DAppSCAN-source/contracts/Inspex-SpookySwap Integration & Fantom Expansion/bsc-alpaca-contract-4553a34a6dcfcfbf7aebc693bb5c5c6074c73129,StrategyLiquidate,0,0,2,2,0,1,0,0
train,DAPP::DAppSCAN-source/contracts/Inspex-SpookySwap Integration & Fantom Expansion/bsc-alpaca-contract-4553a34a6dcfcfbf7aebc693bb5c5c6074c73129::SpookySwapStrategyWithdrawMinimizeTrading,DAPP,DAppSCAN-source/contracts/Inspex-SpookySwap Integration & Fantom Expansion/bsc-alpaca-contract-4553a34a6dcfcfbf7aebc693bb5c5c6074c73129,SpookySwapStrategyWithdrawMinimizeTrading,0,0,2,2,0,1,0,0
train,DAPP::DAppSCAN-source/contracts/Inspex-SpookySwap Integration & Fantom Expansion/bsc-alpaca-contract-4553a34a6dcfcfbf7aebc693bb5c5c6074c73129::SpookySwapStrategyPartialCloseMinimizeTrading,DAPP,DAppSCAN-source/contracts/Inspex-SpookySwap Integration & Fantom Expansion/bsc-alpaca-contract-4553a34a6dcfcfbf7aebc693bb5c5c6074c73129,SpookySwapStrategyPartialCloseMinimizeTrading,0,0,2,2,0,1,0,0
train,DAPP::DAppSCAN-source/contracts/Inspex-SpookySwap Integration & Fantom Expansion/bsc-alpaca-contract-4553a34a6dcfcfbf7aebc693bb5c5c6074c73129::SpookySwapStrategyPartialCloseLiquidate,DAPP,DAppSCAN-source/contracts/Inspex-SpookySwap Integration & Fantom Expansion/bsc-alpaca-contract-4553a34a6dcfcfbf7aebc693bb5c5c6074c73129,SpookySwapStrategyPartialCloseLiquidate,0,0,2,2,0,1,0,0
train,DAPP::DAppSCAN-source/contracts/Inspex-SpookySwap Integration & Fantom Expansion/bsc-alpaca-contract-4553a34a6dcfcfbf7aebc693bb5c5c6074c73129::SpookySwapStrategyAddBaseTokenOnly,DAPP,DAppSCAN-source/contracts/Inspex-SpookySwap Integration & Fantom Expansion/bsc-alpaca-contract-4553a34a6dcfcfbf7aebc693bb5c5c6074c73129,SpookySwapStrategyAddBaseTokenOnly,1,1,1,2,0,1,0,0
train,DAPP::DAppSCAN-source/contracts/Inspex-SpookySwap Integration & Fantom Expansion/bsc-alpaca-contract-4553a34a6dcfcfbf7aebc693bb5c5c6074c73129::SpookySwapStrategyLiquidate,DAPP,DAppSCAN-source/contracts/Inspex-SpookySwap Integration & Fantom Expansion/bsc-alpaca-contract-4553a34a6dcfcfbf7aebc693bb5c5c6074c73129,SpookySwapStrategyLiquidate,0,0,2,2,0,1,0,0
train,DAPP::DAppSCAN-source/contracts/Inspex-SpookySwap Integration & Fantom Expansion/bsc-alpaca-contract-4553a34a6dcfcfbf7aebc693bb5c5c6074c73129::SpookySwapStrategyAddTwoSidesOptimal,DAPP,DAppSCAN-source/contracts/Inspex-SpookySwap Integration & Fantom Expansion/bsc-alpaca-contract-4553a34a6dcfcfbf7aebc693bb5c5c6074c73129,SpookySwapStrategyAddTwoSidesOptimal,0,0,2,2,0,1,0,0
train,DAPP::DAppSCAN-source/contracts/Inspex-SpookySwap Integration & Fantom Expansion/bsc-alpaca-contract-4553a34a6dcfcfbf7aebc693bb5c5c6074c73129::MdexRestrictedStrategyWithdrawMinimizeTrading,DAPP,DAppSCAN-source/contracts/Inspex-SpookySwap Integration & Fantom Expansion/bsc-alpaca-contract-4553a34a6dcfcfbf7aebc693bb5c5c6074c73129,MdexRestrictedStrategyWithdrawMinimizeTrading,0,0,4,4,0,7,0,0
train,DAPP::DAppSCAN-source/contracts/Inspex-SpookySwap Integration & Fantom Expansion/bsc-alpaca-contract-4553a34a6dcfcfbf7aebc693bb5c5c6074c73129::MdexRestrictedStrategyLiquidate,DAPP,DAppSCAN-source/contracts/Inspex-SpookySwap Integration & Fantom Expansion/bsc-alpaca-contract-4553a34a6dcfcfbf7aebc693bb5c5c6074c73129,MdexRestrictedStrategyLiquidate,0,0,4,4,0,7,0,0
train,DAPP::DAppSCAN-source/contracts/Inspex-SpookySwap Integration & Fantom Expansion/bsc-alpaca-contract-4553a34a6dcfcfbf7aebc693bb5c5c6074c73129::MdexRestrictedStrategyAddBaseTokenOnly,DAPP,DAppSCAN-source/contracts/Inspex-SpookySwap Integration & Fantom Expansion/bsc-alpaca-contract-4553a34a6dcfcfbf7aebc693bb5c5c6074c73129,MdexRestrictedStrategyAddBaseTokenOnly,0,0,4,4,0,7,0,0
train,DAPP::DAppSCAN-source/contracts/Inspex-SpookySwap Integration & Fantom Expansion/bsc-alpaca-contract-4553a34a6dcfcfbf7aebc693bb5c5c6074c73129::MdexRestrictedStrategyPartialCloseLiquidate,DAPP,DAppSCAN-source/contracts/Inspex-SpookySwap Integration & Fantom Expansion/bsc-alpaca-contract-4553a34a6dcfcfbf7aebc693bb5c5c6074c73129,MdexRestrictedStrategyPartialCloseLiquidate,0,0,4,4,0,7,0,0
train,DAPP::DAppSCAN-source/contracts/Inspex-SpookySwap Integration & Fantom Expansion/bsc-alpaca-contract-4553a34a6dcfcfbf7aebc693bb5c5c6074c73129::MdexRestrictedStrategyAddTwoSidesOptimal,DAPP,DAppSCAN-source/contracts/Inspex-SpookySwap Integration & Fantom Expansion/bsc-alpaca-contract-4553a34a6dcfcfbf7aebc693bb5c5c6074c73129,MdexRestrictedStrategyAddTwoSidesOptimal,0,0,4,4,0,7,0,0
train,DAPP::DAppSCAN-source/contracts/Inspex-SpookySwap Integration & Fantom Expansion/bsc-alpaca-contract-4553a34a6dcfcfbf7aebc693bb5c5c6074c73129::MdexRestrictedStrategyPartialCloseMinimizeTrading,DAPP,DAppSCAN-source/contracts/Inspex-SpookySwap Integration & Fantom Expansion/bsc-alpaca-contract-4553a34a6dcfcfbf7aebc693bb5c5c6074c73129,MdexRestrictedStrategyPartialCloseMinimizeTrading,0,0,4,4,0,7,0,0
train,DAPP::DAppSCAN-source/contracts/Chainsulting-Furucombo-project2/trevi-b3f7fd332873321152db48c9d43fc23a60a29f1a::JoinPermit,DAPP,DAppSCAN-source/contracts/Chainsulting-Furucombo-project2/trevi-b3f7fd332873321152db48c9d43fc23a60a29f1a,JoinPermit,0,0,14,14,7,65,5,0
train,DAPP::DAppSCAN-source/contracts/Chainsulting-Furucombo-project2/trevi-b3f7fd332873321152db48c9d43fc23a60a29f1a::AngelBase,DAPP,DAppSCAN-source/contracts/Chainsulting-Furucombo-project2/trevi-b3f7fd332873321152db48c9d43fc23a60a29f1a,AngelBase,0,0,8,8,0,37,5,0
train,DAPP::DAppSCAN-source/contracts/Chainsulting-Furucombo-project2/trevi-b3f7fd332873321152db48c9d43fc23a60a29f1a::Angel,DAPP,DAppSCAN-source/contracts/Chainsulting-Furucombo-project2/trevi-b3f7fd332873321152db48c9d43fc23a60a29f1a,Angel,0,0,10,10,2,42,6,0
train,DAPP::DAppSCAN-source/contracts/Chainsulting-Furucombo-project2/trevi-b3f7fd332873321152db48c9d43fc23a60a29f1a::ERC20FlashLoan,DAPP,DAppSCAN-source/contracts/Chainsulting-Furucombo-project2/trevi-b3f7fd332873321152db48c9d43fc23a60a29f1a,ERC20FlashLoan,0,0,2,2,1,3,0,0
train,DAPP::DAppSCAN-source/contracts/Chainsulting-Furucombo-project2/trevi-b3f7fd332873321152db48c9d43fc23a60a29f1a::AngelFactory,DAPP,DAppSCAN-source/contracts/Chainsulting-Furucombo-project2/trevi-b3f7fd332873321152db48c9d43fc23a60a29f1a,AngelFactory,0,0,1,1,0,0,0,0
train,DAPP::DAppSCAN-source/contracts/Chainsulting-Furucombo-project2/trevi-b3f7fd332873321152db48c9d43fc23a60a29f1a::Archangel,DAPP,DAppSCAN-source/contracts/Chainsulting-Furucombo-project2/trevi-b3f7fd332873321152db48c9d43fc23a60a29f1a,Archangel,0,0,2,2,0,1,0,0
train,DAPP::DAppSCAN-source/contracts/Chainsulting-Furucombo-project2/trevi-b3f7fd332873321152db48c9d43fc23a60a29f1a::FountainBase,DAPP,DAppSCAN-source/contracts/Chainsulting-Furucombo-project2/trevi-b3f7fd332873321152db48c9d43fc23a60a29f1a,FountainBase,1,2,12,14,4,61,0,0
train,DAPP::DAppSCAN-source/contracts/Chainsulting-Furucombo-project2/trevi-b3f7fd332873321152db48c9d43fc23a60a29f1a::FountainFactory,DAPP,DAppSCAN-source/contracts/Chainsulting-Furucombo-project2/trevi-b3f7fd332873321152db48c9d43fc23a60a29f1a,FountainFactory,0,0,1,1,0,0,0,0
train,DAPP::DAppSCAN-source/contracts/Chainsulting-Furucombo-project2/trevi-b3f7fd332873321152db48c9d43fc23a60a29f1a::FountainToken,DAPP,DAppSCAN-source/contracts/Chainsulting-Furucombo-project2/trevi-b3f7fd332873321152db48c9d43fc23a60a29f1a,FountainToken,0,0,2,2,1,4,0,0
train,DAPP::DAppSCAN-source/contracts/Chainsulting-Furucombo-project2/trevi-b3f7fd332873321152db48c9d43fc23a60a29f1a::Fountain,DAPP,DAppSCAN-source/contracts/Chainsulting-Furucombo-project2/trevi-b3f7fd332873321152db48c9d43fc23a60a29f1a,Fountain,0,0,19,19,10,96,7,0
train,DAPP::DAppSCAN-source/contracts/Chainsulting-Furucombo-project2/trevi-b3f7fd332873321152db48c9d43fc23a60a29f1a::HarvestPermit,DAPP,DAppSCAN-source/contracts/Chainsulting-Furucombo-project2/trevi-b3f7fd332873321152db48c9d43fc23a60a29f1a,HarvestPermit,0,0,14,14,7,65,5,0
train,DAPP::DAppSCAN-source/contracts/Chainsulting-Furucombo-project2/trevi-b3f7fd332873321152db48c9d43fc23a60a29f1a::ERC20Permit,DAPP,DAppSCAN-source/contracts/Chainsulting-Furucombo-project2/trevi-b3f7fd332873321152db48c9d43fc23a60a29f1a,ERC20Permit,0,0,2,2,1,4,0,0
train,DAPP::DAppSCAN-source/contracts/Chainsulting-Furucombo-project2/trevi-b3f7fd332873321152db48c9d43fc23a60a29f1a::BoringFactory,DAPP,DAppSCAN-source/contracts/Chainsulting-Furucombo-project2/trevi-b3f7fd332873321152db48c9d43fc23a60a29f1a,BoringFactory,0,0,1,1,0,0,0,0
train,DAPP::DAppSCAN-source/contracts/Inspex-AutoCompound/auto-compound-v2-92626a1dcfc55a28afdf4f996d600fe8bbfd6efd::PancakeByalanLP,DAPP,DAppSCAN-source/contracts/Inspex-AutoCompound/auto-compound-v2-92626a1dcfc55a28afdf4f996d600fe8bbfd6efd,PancakeByalanLP,1,1,12,13,0,88,0,0
train,DAPP::DAppSCAN-source/contracts/Inspex-AutoCompound/auto-compound-v2-92626a1dcfc55a28afdf4f996d600fe8bbfd6efd::PronteraV2,DAPP,DAppSCAN-source/contracts/Inspex-AutoCompound/auto-compound-v2-92626a1dcfc55a28afdf4f996d600fe8bbfd6efd,PronteraV2,0,0,12,12,2,101,9,0
train,DAPP::DAppSCAN-source/contracts/Inspex-AutoCompound/auto-compound-v2-92626a1dcfc55a28afdf4f996d600fe8bbfd6efd::IzludeV2,DAPP,DAppSCAN-source/contracts/Inspex-AutoCompound/auto-compound-v2-92626a1dcfc55a28afdf4f996d600fe8bbfd6efd,IzludeV2,0,0,8,8,1,38,0,0
train,DAPP::DAppSCAN-source/contracts/Inspex-AutoCompound/auto-compound-v2-92626a1dcfc55a28afdf4f996d600fe8bbfd6efd::Emperium,DAPP,DAppSCAN-source/contracts/Inspex-AutoCompound/auto-compound-v2-92626a1dcfc55a28afdf4f996d600fe8bbfd6efd,Emperium,0,0,6,6,1,23,0,0
train,DAPP::DAppSCAN-source/contracts/Inspex-AutoCompound/auto-compound-v2-92626a1dcfc55a28afdf4f996d600fe8bbfd6efd::PronteraReserve,DAPP,DAppSCAN-source/contracts/Inspex-AutoCompound/auto-compound-v2-92626a1dcfc55a28afdf4f996d600fe8bbfd6efd,PronteraReserve,0,0,4,4,0,2,0,0
train,DAPP::DAppSCAN-source/contracts/Inspex-AutoCompound/auto-compound-v2-92626a1dcfc55a28afdf4f996d600fe8bbfd6efd::FeeKafra,DAPP,DAppSCAN-source/contracts/Inspex-AutoCompound/auto-compound-v2-92626a1dcfc55a28afdf4f996d600fe8bbfd6efd,FeeKafra,0,0,1,1,0,0,0,0
train,DAPP::DAppSCAN-source/contracts/QuillAudits-LTO Network-Token Sale/lto-erc20-token-02fa2620aef4c854675230b6544461961d47f968::LTOTokenSale,DAPP,DAppSCAN-source/contracts/QuillAudits-LTO Network-Token Sale/lto-erc20-token-02fa2620aef4c854675230b6544461961d47f968,LTOTokenSale,1,1,2,3,3,7,0,0
train,DAPP::DAppSCAN-source/contracts/QuillAudits-LTO Network-Token Sale/lto-erc20-token-02fa2620aef4c854675230b6544461961d47f968::Migrations,DAPP,DAppSCAN-source/contracts/QuillAudits-LTO Network-Token Sale/lto-erc20-token-02fa2620aef4c854675230b6544461961d47f968,Migrations,0,0,1,1,0,0,0,0
train,DAPP::DAppSCAN-source/contracts/consensys-ENS_Permanent_Registrar/ethregistrar-e52abfc2799ac361364aca6135fc20f9175a29fd::Migrations,DAPP,DAppSCAN-source/contracts/consensys-ENS_Permanent_Registrar/ethregistrar-e52abfc2799ac361364aca6135fc20f9175a29fd,Migrations,0,0,1,1,0,0,0,0
train,DAPP::DAppSCAN-source/contracts/consensys-ENS_Permanent_Registrar/ethregistrar-e52abfc2799ac361364aca6135fc20f9175a29fd::ETHRegistrarController,DAPP,DAppSCAN-source/contracts/consensys-ENS_Permanent_Registrar/ethregistrar-e52abfc2799ac361364aca6135fc20f9175a29fd,ETHRegistrarController,1,1,2,3,1,10,0,0
train,DAPP::DAppSCAN-source/contracts/consensys-ENS_Permanent_Registrar/ethregistrar-e52abfc2799ac361364aca6135fc20f9175a29fd::BaseRegistrarImplementation,DAPP,DAppSCAN-source/contracts/consensys-ENS_Permanent_Registrar/ethregistrar-e52abfc2799ac361364aca6135fc20f9175a29fd,BaseRegistrarImplementation,0,0,3,3,2,10,0,0
train,DAPP::DAppSCAN-source/contracts/Coinbae-Barnbridge_Vault/CommunityVault0xA3C299eEE1998F45c20010276684921EBE6423D9::YieldFarmLP,DAPP,DAppSCAN-source/contracts/Coinbae-Barnbridge_Vault/CommunityVault0xA3C299eEE1998F45c20010276684921EBE6423D9,YieldFarmLP,0,0,4,4,2,11,0,0
train,DAPP::DAppSCAN-source/contracts/Coinbae-Barnbridge_Vault/CommunityVault0xA3C299eEE1998F45c20010276684921EBE6423D9::YieldFarm,DAPP,DAppSCAN-source/contracts/Coinbae-Barnbridge_Vault/CommunityVault0xA3C299eEE1998F45c20010276684921EBE6423D9,YieldFarm,0,0,4,4,2,12,0,0
train,DAPP::DAppSCAN-source/contracts/Coinbae-Barnbridge_Vault/CommunityVault0xA3C299eEE1998F45c20010276684921EBE6423D9::CommunityVault,DAPP,DAppSCAN-source/contracts/Coinbae-Barnbridge_Vault/CommunityVault0xA3C299eEE1998F45c20010276684921EBE6423D9,CommunityVault,1,1,0,1,0,0,0,0
train,DAPP::DAppSCAN-source/contracts/Coinbae-Barnbridge_Vault/CommunityVault0xA3C299eEE1998F45c20010276684921EBE6423D9::Staking,DAPP,DAppSCAN-source/contracts/Coinbae-Barnbridge_Vault/CommunityVault0xA3C299eEE1998F45c20010276684921EBE6423D9,Staking,0,0,4,4,7,35,0,0
train,DAPP::DAppSCAN-source/contracts/QuillAudits-GearBox Protocol-GearBox Protocol/gearbox-contracts-0ac33ba87212ce056ac6b6357ad74161d417158a::PoolService,DAPP,DAppSCAN-source/contracts/QuillAudits-GearBox Protocol-GearBox Protocol/gearbox-contracts-0ac33ba87212ce056ac6b6357ad74161d417158a,PoolService,1,1,8,9,2,27,0,0
train,DAPP::DAppSCAN-source/contracts/QuillAudits-GearBox Protocol-GearBox Protocol/gearbox-contracts-0ac33ba87212ce056ac6b6357ad74161d417158a::CreditFilter,DAPP,DAppSCAN-source/contracts/QuillAudits-GearBox Protocol-GearBox Protocol/gearbox-contracts-0ac33ba87212ce056ac6b6357ad74161d417158a,CreditFilter,0,0,12,12,2,21,0,0
train,DAPP::DAppSCAN-source/contracts/QuillAudits-GearBox Protocol-GearBox Protocol/gearbox-contracts-0ac33ba87212ce056ac6b6357ad74161d417158a::LeveragedActions,DAPP,DAppSCAN-source/contracts/QuillAudits-GearBox Protocol-GearBox Protocol/gearbox-contracts-0ac33ba87212ce056ac6b6357ad74161d417158a,LeveragedActions,0,0,3,3,1,4,0,0
train,DAPP::DAppSCAN-source/contracts/QuillAudits-GearBox Protocol-GearBox Protocol/gearbox-contracts-0ac33ba87212ce056ac6b6357ad74161d417158a::CreditManager,DAPP,DAppSCAN-source/contracts/QuillAudits-GearBox Protocol-GearBox Protocol/gearbox-contracts-0ac33ba87212ce056ac6b6357ad74161d417158a,CreditManager,0,0,12,12,4,54,0,0
train,DAPP::DAppSCAN-source/contracts/QuillAudits-GearBox Protocol-GearBox Protocol/gearbox-contracts-0ac33ba87212ce056ac6b6357ad74161d417158a::CreditAccount,DAPP,DAppSCAN-source/contracts/QuillAudits-GearBox Protocol-GearBox Protocol/gearbox-contracts-0ac33ba87212ce056ac6b6357ad74161d417158a,CreditAccount,0,0,1,1,0,0,0,0
train,DAPP::DAppSCAN-source/contracts/QuillAudits-GearBox Protocol-GearBox Protocol/gearbox-contracts-0ac33ba87212ce056ac6b6357ad74161d417158a::StepVesting,DAPP,DAppSCAN-source/contracts/QuillAudits-GearBox Protocol-GearBox Protocol/gearbox-contracts-0ac33ba87212ce056ac6b6357ad74161d417158a,StepVesting,0,0,2,2,1,3,0,0
train,DAPP::DAppSCAN-source/contracts/QuillAudits-GearBox Protocol-GearBox Protocol/gearbox-contracts-0ac33ba87212ce056ac6b6357ad74161d417158a::AccountMining,DAPP,DAppSCAN-source/contracts/QuillAudits-GearBox Protocol-GearBox Protocol/gearbox-contracts-0ac33ba87212ce056ac6b6357ad74161d417158a,AccountMining,0,0,1,1,2,4,0,0
train,DAPP::DAppSCAN-source/contracts/QuillAudits-GearBox Protocol-GearBox Protocol/gearbox-contracts-0ac33ba87212ce056ac6b6357ad74161d417158a::ACLTrait,DAPP,DAppSCAN-source/contracts/QuillAudits-GearBox Protocol-GearBox Protocol/gearbox-contracts-0ac33ba87212ce056ac6b6357ad74161d417158a,ACLTrait,0,0,2,2,0,1,0,0
train,DAPP::DAppSCAN-source/contracts/QuillAudits-GearBox Protocol-GearBox Protocol/gearbox-contracts-0ac33ba87212ce056ac6b6357ad74161d417158a::DataCompressor,DAPP,DAppSCAN-source/contracts/QuillAudits-GearBox Protocol-GearBox Protocol/gearbox-contracts-0ac33ba87212ce056ac6b6357ad74161d417158a,DataCompressor,0,0,4,4,0,7,0,0
train,DAPP::DAppSCAN-source/contracts/QuillAudits-GearBox Protocol-GearBox Protocol/gearbox-contracts-0ac33ba87212ce056ac6b6357ad74161d417158a::ContractsRegister,DAPP,DAppSCAN-source/contracts/QuillAudits-GearBox Protocol-GearBox Protocol/gearbox-contracts-0ac33ba87212ce056ac6b6357ad74161d417158a,ContractsRegister,0,0,2,2,0,1,0,0
train,DAPP::DAppSCAN-source/contracts/QuillAudits-GearBox Protocol-GearBox Protocol/gearbox-contracts-0ac33ba87212ce056ac6b6357ad74161d417158a::AccountFactory,DAPP,DAppSCAN-source/contracts/QuillAudits-GearBox Protocol-GearBox Protocol/gearbox-contracts-0ac33ba87212ce056ac6b6357ad74161d417158a,AccountFactory,0,0,8,8,1,17,0,0
train,DAPP::DAppSCAN-source/contracts/QuillAudits-GearBox Protocol-GearBox Protocol/gearbox-contracts-0ac33ba87212ce056ac6b6357ad74161d417158a::WETHGateway,DAPP,DAppSCAN-source/contracts/QuillAudits-GearBox Protocol-GearBox Protocol/gearbox-contracts-0ac33ba87212ce056ac6b6357ad74161d417158a,WETHGateway,1,3,3,6,0,30,0,0
train,DAPP::DAppSCAN-source/contracts/QuillAudits-GearBox Protocol-GearBox Protocol/gearbox-contracts-0ac33ba87212ce056ac6b6357ad74161d417158a::PriceOracle,DAPP,DAppSCAN-source/contracts/QuillAudits-GearBox Protocol-GearBox Protocol/gearbox-contracts-0ac33ba87212ce056ac6b6357ad74161d417158a,PriceOracle,0,0,5,5,0,4,0,0
train,DAPP::DAppSCAN-source/contracts/QuillAudits-GearBox Protocol-GearBox Protocol/gearbox-contracts-0ac33ba87212ce056ac6b6357ad74161d417158a::CurveV1Adapter,DAPP,DAppSCAN-source/contracts/QuillAudits-GearBox Protocol-GearBox Protocol/gearbox-contracts-0ac33ba87212ce056ac6b6357ad74161d417158a,CurveV1Adapter,1,1,4,5,0,10,0,0
train,DAPP::DAppSCAN-source/contracts/QuillAudits-GearBox Protocol-GearBox Protocol/gearbox-contracts-0ac33ba87212ce056ac6b6357ad74161d417158a::UniswapV3Adapter,DAPP,DAppSCAN-source/contracts/QuillAudits-GearBox Protocol-GearBox Protocol/gearbox-contracts-0ac33ba87212ce056ac6b6357ad74161d417158a,UniswapV3Adapter,1,4,0,4,1,16,0,0
train,DAPP::DAppSCAN-source/contracts/QuillAudits-GearBox Protocol-GearBox Protocol/gearbox-contracts-0ac33ba87212ce056ac6b6357ad74161d417158a::YearnAdapter,DAPP,DAppSCAN-source/contracts/QuillAudits-GearBox Protocol-GearBox Protocol/gearbox-contracts-0ac33ba87212ce056ac6b6357ad74161d417158a,YearnAdapter,1,2,7,9,0,37,0,0
train,DAPP::DAppSCAN-source/contracts/QuillAudits-GearBox Protocol-GearBox Protocol/gearbox-contracts-0ac33ba87212ce056ac6b6357ad74161d417158a::UniswapV2Adapter,DAPP,DAppSCAN-source/contracts/QuillAudits-GearBox Protocol-GearBox Protocol/gearbox-contracts-0ac33ba87212ce056ac6b6357ad74161d417158a,UniswapV2Adapter,1,2,7,9,0,38,0,0
train,DAPP::DAppSCAN-source/contracts/QuillAudits-GearBox Protocol-GearBox Protocol/gearbox-contracts-0ac33ba87212ce056ac6b6357ad74161d417158a::YearnPriceFeed,DAPP,DAppSCAN-source/contracts/QuillAudits-GearBox Protocol-GearBox Protocol/gearbox-contracts-0ac33ba87212ce056ac6b6357ad74161d417158a,YearnPriceFeed,0,0,2,2,0,2,0,0
train,"DAPP::DAppSCAN-source/contracts/Coinfabrik-MintingFactoryV2, BaseUpgradableMarketplace & KODAV3UpgradableGatedMarketplace/known-origin-contracts-v3-d592c5f4fa4e0b6fc65a1fce43e302706aedf607::AccessControl",DAPP,"DAppSCAN-source/contracts/Coinfabrik-MintingFactoryV2, BaseUpgradableMarketplace & KODAV3UpgradableGatedMarketplace/known-origin-contracts-v3-d592c5f4fa4e0b6fc65a1fce43e302706aedf607",AccessControl,0,0,4,4,0,6,0,0
train,"DAPP::DAppSCAN-source/contracts/Coinfabrik-MintingFactoryV2, BaseUpgradableMarketplace & KODAV3UpgradableGatedMarketplace/known-origin-contracts-v3-d592c5f4fa4e0b6fc65a1fce43e302706aedf607::KOAccessControls",DAPP,"DAppSCAN-source/contracts/Coinfabrik-MintingFactoryV2, BaseUpgradableMarketplace & KODAV3UpgradableGatedMarketplace/known-origin-contracts-v3-d592c5f4fa4e0b6fc65a1fce43e302706aedf607",KOAccessControls,0,0,6,6,0,6,0,0
train,"DAPP::DAppSCAN-source/contracts/Coinfabrik-MintingFactoryV2, BaseUpgradableMarketplace & KODAV3UpgradableGatedMarketplace/known-origin-contracts-v3-d592c5f4fa4e0b6fc65a1fce43e302706aedf607::BaseMarketplace",DAPP,"DAppSCAN-source/contracts/Coinfabrik-MintingFactoryV2, BaseUpgradableMarketplace & KODAV3UpgradableGatedMarketplace/known-origin-contracts-v3-d592c5f4fa4e0b6fc65a1fce43e302706aedf607",BaseMarketplace,0,0,3,3,0,3,0,0
train,"DAPP::DAppSCAN-source/contracts/Coinfabrik-MintingFactoryV2, BaseUpgradableMarketplace & KODAV3UpgradableGatedMarketplace/known-origin-contracts-v3-d592c5f4fa4e0b6fc65a1fce43e302706aedf607::BuyNowMarketplace",DAPP,"DAppSCAN-source/contracts/Coinfabrik-MintingFactoryV2, BaseUpgradableMarketplace & KODAV3UpgradableGatedMarketplace/known-origin-contracts-v3-d592c5f4fa4e0b6fc65a1fce43e302706aedf607",BuyNowMarketplace,0,0,3,3,0,3,0,0
train,"DAPP::DAppSCAN-source/contracts/Coinfabrik-MintingFactoryV2, BaseUpgradableMarketplace & KODAV3UpgradableGatedMarketplace/known-origin-contracts-v3-d592c5f4fa4e0b6fc65a1fce43e302706aedf607::ReserveAuctionMarketplace",DAPP,"DAppSCAN-source/contracts/Coinfabrik-MintingFactoryV2, BaseUpgradableMarketplace & KODAV3UpgradableGatedMarketplace/known-origin-contracts-v3-d592c5f4fa4e0b6fc65a1fce43e302706aedf607",ReserveAuctionMarketplace,0,0,3,3,0,3,0,0
train,"DAPP::DAppSCAN-source/contracts/Coinfabrik-MintingFactoryV2, BaseUpgradableMarketplace & KODAV3UpgradableGatedMarketplace/known-origin-contracts-v3-d592c5f4fa4e0b6fc65a1fce43e302706aedf607::KODAV3SecondaryMarketplace",DAPP,"DAppSCAN-source/contracts/Coinfabrik-MintingFactoryV2, BaseUpgradableMarketplace & KODAV3UpgradableGatedMarketplace/known-origin-contracts-v3-d592c5f4fa4e0b6fc65a1fce43e302706aedf607",KODAV3SecondaryMarketplace,0,0,16,16,1,119,2,1
train,"DAPP::DAppSCAN-source/contracts/Coinfabrik-MintingFactoryV2, BaseUpgradableMarketplace & KODAV3UpgradableGatedMarketplace/known-origin-contracts-v3-d592c5f4fa4e0b6fc65a1fce43e302706aedf607::ERC1967UpgradeUpgradeable",DAPP,"DAppSCAN-source/contracts/Coinfabrik-MintingFactoryV2, BaseUpgradableMarketplace & KODAV3UpgradableGatedMarketplace/known-origin-contracts-v3-d592c5f4fa4e0b6fc65a1fce43e302706aedf607",ERC1967UpgradeUpgradeable,0,0,7,7,0,22,0,0
train,"DAPP::DAppSCAN-source/contracts/Coinfabrik-MintingFactoryV2, BaseUpgradableMarketplace & KODAV3UpgradableGatedMarketplace/known-origin-contracts-v3-d592c5f4fa4e0b6fc65a1fce43e302706aedf607::UUPSUpgradeable",DAPP,"DAppSCAN-source/contracts/Coinfabrik-MintingFactoryV2, BaseUpgradableMarketplace & KODAV3UpgradableGatedMarketplace/known-origin-contracts-v3-d592c5f4fa4e0b6fc65a1fce43e302706aedf607",UUPSUpgradeable,0,0,7,7,0,22,0,0
train,"DAPP::DAppSCAN-source/contracts/Coinfabrik-MintingFactoryV2, BaseUpgradableMarketplace & KODAV3UpgradableGatedMarketplace/known-origin-contracts-v3-d592c5f4fa4e0b6fc65a1fce43e302706aedf607::MintingFactoryV2",DAPP,"DAppSCAN-source/contracts/Coinfabrik-MintingFactoryV2, BaseUpgradableMarketplace & KODAV3UpgradableGatedMarketplace/known-origin-contracts-v3-d592c5f4fa4e0b6fc65a1fce43e302706aedf607",MintingFactoryV2,1,1,17,18,1,126,0,0
train,"DAPP::DAppSCAN-source/contracts/Coinfabrik-MintingFactoryV2, BaseUpgradableMarketplace & KODAV3UpgradableGatedMarketplace/known-origin-contracts-v3-d592c5f4fa4e0b6fc65a1fce43e302706aedf607::KODAV3PrimaryMarketplace",DAPP,"DAppSCAN-source/contracts/Coinfabrik-MintingFactoryV2, BaseUpgradableMarketplace & KODAV3UpgradableGatedMarketplace/known-origin-contracts-v3-d592c5f4fa4e0b6fc65a1fce43e302706aedf607",KODAV3PrimaryMarketplace,0,0,12,12,2,51,3,2
train,"DAPP::DAppSCAN-source/contracts/Coinfabrik-MintingFactoryV2, BaseUpgradableMarketplace & KODAV3UpgradableGatedMarketplace/known-origin-contracts-v3-d592c5f4fa4e0b6fc65a1fce43e302706aedf607::MintingFactory",DAPP,"DAppSCAN-source/contracts/Coinfabrik-MintingFactoryV2, BaseUpgradableMarketplace & KODAV3UpgradableGatedMarketplace/known-origin-contracts-v3-d592c5f4fa4e0b6fc65a1fce43e302706aedf607",MintingFactory,0,0,10,10,1,90,0,0
train,"DAPP::DAppSCAN-source/contracts/Coinfabrik-MintingFactoryV2, BaseUpgradableMarketplace & KODAV3UpgradableGatedMarketplace/known-origin-contracts-v3-d592c5f4fa4e0b6fc65a1fce43e302706aedf607::CollabRoyaltiesRegistry",DAPP,"DAppSCAN-source/contracts/Coinfabrik-MintingFactoryV2, BaseUpgradableMarketplace & KODAV3UpgradableGatedMarketplace/known-origin-contracts-v3-d592c5f4fa4e0b6fc65a1fce43e302706aedf607",CollabRoyaltiesRegistry,0,0,3,3,1,9,0,0
train,"DAPP::DAppSCAN-source/contracts/Coinfabrik-MintingFactoryV2, BaseUpgradableMarketplace & KODAV3UpgradableGatedMarketplace/known-origin-contracts-v3-d592c5f4fa4e0b6fc65a1fce43e302706aedf607::TopDownERC20Composable",DAPP,"DAppSCAN-source/contracts/Coinfabrik-MintingFactoryV2, BaseUpgradableMarketplace & KODAV3UpgradableGatedMarketplace/known-origin-contracts-v3-d592c5f4fa4e0b6fc65a1fce43e302706aedf607",TopDownERC20Composable,0,0,6,6,0,20,0,0
train,"DAPP::DAppSCAN-source/contracts/Coinfabrik-MintingFactoryV2, BaseUpgradableMarketplace & KODAV3UpgradableGatedMarketplace/known-origin-contracts-v3-d592c5f4fa4e0b6fc65a1fce43e302706aedf607::TopDownSimpleERC721Composable",DAPP,"DAppSCAN-source/contracts/Coinfabrik-MintingFactoryV2, BaseUpgradableMarketplace & KODAV3UpgradableGatedMarketplace/known-origin-contracts-v3-d592c5f4fa4e0b6fc65a1fce43e302706aedf607",TopDownSimpleERC721Composable,0,0,2,2,0,2,0,0
train,"DAPP::DAppSCAN-source/contracts/Coinfabrik-MintingFactoryV2, BaseUpgradableMarketplace & KODAV3UpgradableGatedMarketplace/known-origin-contracts-v3-d592c5f4fa4e0b6fc65a1fce43e302706aedf607::BaseKoda",DAPP,"DAppSCAN-source/contracts/Coinfabrik-MintingFactoryV2, BaseUpgradableMarketplace & KODAV3UpgradableGatedMarketplace/known-origin-contracts-v3-d592c5f4fa4e0b6fc65a1fce43e302706aedf607",BaseKoda,0,0,3,3,0,3,0,0
train,"DAPP::DAppSCAN-source/contracts/Coinfabrik-MintingFactoryV2, BaseUpgradableMarketplace & KODAV3UpgradableGatedMarketplace/known-origin-contracts-v3-d592c5f4fa4e0b6fc65a1fce43e302706aedf607::KnownOriginDigitalAssetV3",DAPP,"DAppSCAN-source/contracts/Coinfabrik-MintingFactoryV2, BaseUpgradableMarketplace & KODAV3UpgradableGatedMarketplace/known-origin-contracts-v3-d592c5f4fa4e0b6fc65a1fce43e302706aedf607",KnownOriginDigitalAssetV3,0,0,18,18,7,68,0,0
train,"DAPP::DAppSCAN-source/contracts/Coinfabrik-MintingFactoryV2, BaseUpgradableMarketplace & KODAV3UpgradableGatedMarketplace/known-origin-contracts-v3-d592c5f4fa4e0b6fc65a1fce43e302706aedf607::ClaimableFundsReceiverV1",DAPP,"DAppSCAN-source/contracts/Coinfabrik-MintingFactoryV2, BaseUpgradableMarketplace & KODAV3UpgradableGatedMarketplace/known-origin-contracts-v3-d592c5f4fa4e0b6fc65a1fce43e302706aedf607",ClaimableFundsReceiverV1,0,0,2,2,0,1,0,0
train,"DAPP::DAppSCAN-source/contracts/Coinfabrik-MintingFactoryV2, BaseUpgradableMarketplace & KODAV3UpgradableGatedMarketplace/known-origin-contracts-v3-d592c5f4fa4e0b6fc65a1fce43e302706aedf607::BaseUpgradableMarketplace",DAPP,"DAppSCAN-source/contracts/Coinfabrik-MintingFactoryV2, BaseUpgradableMarketplace & KODAV3UpgradableGatedMarketplace/known-origin-contracts-v3-d592c5f4fa4e0b6fc65a1fce43e302706aedf607",BaseUpgradableMarketplace,0,0,9,9,0,23,0,0
train,"DAPP::DAppSCAN-source/contracts/Coinfabrik-MintingFactoryV2, BaseUpgradableMarketplace & KODAV3UpgradableGatedMarketplace/known-origin-contracts-v3-d592c5f4fa4e0b6fc65a1fce43e302706aedf607::KODAV3UpgradableGatedMarketplace",DAPP,"DAppSCAN-source/contracts/Coinfabrik-MintingFactoryV2, BaseUpgradableMarketplace & KODAV3UpgradableGatedMarketplace/known-origin-contracts-v3-d592c5f4fa4e0b6fc65a1fce43e302706aedf607",KODAV3UpgradableGatedMarketplace,0,0,18,18,1,56,2,1
train,"DAPP::DAppSCAN-source/contracts/Coinfabrik-MintingFactoryV2, BaseUpgradableMarketplace & KODAV3UpgradableGatedMarketplace/known-origin-contracts-v3-d592c5f4fa4e0b6fc65a1fce43e302706aedf607::ClaimableFundsSplitterV1",DAPP,"DAppSCAN-source/contracts/Coinfabrik-MintingFactoryV2, BaseUpgradableMarketplace & KODAV3UpgradableGatedMarketplace/known-origin-contracts-v3-d592c5f4fa4e0b6fc65a1fce43e302706aedf607",ClaimableFundsSplitterV1,0,0,2,2,0,1,0,0
train,"DAPP::DAppSCAN-source/contracts/Coinfabrik-MintingFactoryV2, BaseUpgradableMarketplace & KODAV3UpgradableGatedMarketplace/known-origin-contracts-v3-d592c5f4fa4e0b6fc65a1fce43e302706aedf607::TokenUriResolverRegistry",DAPP,"DAppSCAN-source/contracts/Coinfabrik-MintingFactoryV2, BaseUpgradableMarketplace & KODAV3UpgradableGatedMarketplace/known-origin-contracts-v3-d592c5f4fa4e0b6fc65a1fce43e302706aedf607",TokenUriResolverRegistry,0,0,1,1,0,0,0,0
train,"DAPP::DAppSCAN-source/contracts/Coinfabrik-MintingFactoryV2, BaseUpgradableMarketplace & KODAV3UpgradableGatedMarketplace/known-origin-contracts-v3-d592c5f4fa4e0b6fc65a1fce43e302706aedf607::Whitelist",DAPP,"DAppSCAN-source/contracts/Coinfabrik-MintingFactoryV2, BaseUpgradableMarketplace & KODAV3UpgradableGatedMarketplace/known-origin-contracts-v3-d592c5f4fa4e0b6fc65a1fce43e302706aedf607",Whitelist,0,0,4,4,0,6,0,0
train,"DAPP::DAppSCAN-source/contracts/Coinfabrik-MintingFactoryV2, BaseUpgradableMarketplace & KODAV3UpgradableGatedMarketplace/known-origin-contracts-v3-d592c5f4fa4e0b6fc65a1fce43e302706aedf607::RBAC",DAPP,"DAppSCAN-source/contracts/Coinfabrik-MintingFactoryV2, BaseUpgradableMarketplace & KODAV3UpgradableGatedMarketplace/known-origin-contracts-v3-d592c5f4fa4e0b6fc65a1fce43e302706aedf607",RBAC,0,0,4,4,0,6,0,0
train,"DAPP::DAppSCAN-source/contracts/Coinfabrik-MintingFactoryV2, BaseUpgradableMarketplace & KODAV3UpgradableGatedMarketplace/known-origin-contracts-v3-d592c5f4fa4e0b6fc65a1fce43e302706aedf607::KODAV3UpgradableCollectorOnlyMarketplace",DAPP,"DAppSCAN-source/contracts/Coinfabrik-MintingFactoryV2, BaseUpgradableMarketplace & KODAV3UpgradableGatedMarketplace/known-origin-contracts-v3-d592c5f4fa4e0b6fc65a1fce43e302706aedf607",KODAV3UpgradableCollectorOnlyMarketplace,0,0,14,14,0,30,3,2
train,"DAPP::DAppSCAN-source/contracts/Coinfabrik-MintingFactoryV2, BaseUpgradableMarketplace & KODAV3UpgradableGatedMarketplace/known-origin-contracts-v3-d592c5f4fa4e0b6fc65a1fce43e302706aedf607::KODAV3SignatureMarketplace",DAPP,"DAppSCAN-source/contracts/Coinfabrik-MintingFactoryV2, BaseUpgradableMarketplace & KODAV3UpgradableGatedMarketplace/known-origin-contracts-v3-d592c5f4fa4e0b6fc65a1fce43e302706aedf607",KODAV3SignatureMarketplace,0,0,2,2,0,2,0,0
train,"DAPP::DAppSCAN-source/contracts/Coinfabrik-MintingFactoryV2, BaseUpgradableMarketplace & KODAV3UpgradableGatedMarketplace/known-origin-contracts-v3-d592c5f4fa4e0b6fc65a1fce43e302706aedf607::KODAV3GatedMerkleMarketplace",DAPP,"DAppSCAN-source/contracts/Coinfabrik-MintingFactoryV2, BaseUpgradableMarketplace & KODAV3UpgradableGatedMarketplace/known-origin-contracts-v3-d592c5f4fa4e0b6fc65a1fce43e302706aedf607",KODAV3GatedMerkleMarketplace,0,0,14,14,2,34,2,1
train,"DAPP::DAppSCAN-source/contracts/Coinfabrik-MintingFactoryV2, BaseUpgradableMarketplace & KODAV3UpgradableGatedMarketplace/known-origin-contracts-v3-d592c5f4fa4e0b6fc65a1fce43e302706aedf607::EditionRoyaltiesRegistry",DAPP,"DAppSCAN-source/contracts/Coinfabrik-MintingFactoryV2, BaseUpgradableMarketplace & KODAV3UpgradableGatedMarketplace/known-origin-contracts-v3-d592c5f4fa4e0b6fc65a1fce43e302706aedf607",EditionRoyaltiesRegistry,0,0,4,4,2,11,0,0
train,"DAPP::DAppSCAN-source/contracts/Coinfabrik-MintingFactoryV2, BaseUpgradableMarketplace & KODAV3UpgradableGatedMarketplace/known-origin-contracts-v3-d592c5f4fa4e0b6fc65a1fce43e302706aedf607::TokenRoyaltiesRegistry",DAPP,"DAppSCAN-source/contracts/Coinfabrik-MintingFactoryV2, BaseUpgradableMarketplace & KODAV3UpgradableGatedMarketplace/known-origin-contracts-v3-d592c5f4fa4e0b6fc65a1fce43e302706aedf607",TokenRoyaltiesRegistry,0,0,2,2,0,1,0,0
train,"DAPP::DAppSCAN-source/contracts/Coinfabrik-MintingFactoryV2, BaseUpgradableMarketplace & KODAV3UpgradableGatedMarketplace/known-origin-contracts-v3-d592c5f4fa4e0b6fc65a1fce43e302706aedf607::NFTPermit",DAPP,"DAppSCAN-source/contracts/Coinfabrik-MintingFactoryV2, BaseUpgradableMarketplace & KODAV3UpgradableGatedMarketplace/known-origin-contracts-v3-d592c5f4fa4e0b6fc65a1fce43e302706aedf607",NFTPermit,0,0,1,1,0,0,0,0
train,"DAPP::DAppSCAN-source/contracts/Coinfabrik-MintingFactoryV2, BaseUpgradableMarketplace & KODAV3UpgradableGatedMarketplace/known-origin-contracts-v3-d592c5f4fa4e0b6fc65a1fce43e302706aedf607::CloneBasedRegistry",DAPP,"DAppSCAN-source/contracts/Coinfabrik-MintingFactoryV2, BaseUpgradableMarketplace & KODAV3UpgradableGatedMarketplace/known-origin-contracts-v3-d592c5f4fa4e0b6fc65a1fce43e302706aedf607",CloneBasedRegistry,0,0,1,1,0,0,0,0
train,"DAPP::DAppSCAN-source/contracts/Coinfabrik-MintingFactoryV2, BaseUpgradableMarketplace & KODAV3UpgradableGatedMarketplace/known-origin-contracts-v3-d592c5f4fa4e0b6fc65a1fce43e302706aedf607::BeaconBasedRegistry",DAPP,"DAppSCAN-source/contracts/Coinfabrik-MintingFactoryV2, BaseUpgradableMarketplace & KODAV3UpgradableGatedMarketplace/known-origin-contracts-v3-d592c5f4fa4e0b6fc65a1fce43e302706aedf607",BeaconBasedRegistry,0,0,1,1,0,0,0,0
train,"DAPP::DAppSCAN-source/contracts/Coinfabrik-MintingFactoryV2, BaseUpgradableMarketplace & KODAV3UpgradableGatedMarketplace/known-origin-contracts-v3-d592c5f4fa4e0b6fc65a1fce43e302706aedf607::RoyaltyImplV1R1",DAPP,"DAppSCAN-source/contracts/Coinfabrik-MintingFactoryV2, BaseUpgradableMarketplace & KODAV3UpgradableGatedMarketplace/known-origin-contracts-v3-d592c5f4fa4e0b6fc65a1fce43e302706aedf607",RoyaltyImplV1R1,0,0,1,1,0,0,0,0
train,"DAPP::DAppSCAN-source/contracts/Coinfabrik-MintingFactoryV2, BaseUpgradableMarketplace & KODAV3UpgradableGatedMarketplace/known-origin-contracts-v3-d592c5f4fa4e0b6fc65a1fce43e302706aedf607::RoyaltyImplV1R2",DAPP,"DAppSCAN-source/contracts/Coinfabrik-MintingFactoryV2, BaseUpgradableMarketplace & KODAV3UpgradableGatedMarketplace/known-origin-contracts-v3-d592c5f4fa4e0b6fc65a1fce43e302706aedf607",RoyaltyImplV1R2,0,0,1,1,0,0,0,0
train,"DAPP::DAppSCAN-source/contracts/Coinfabrik-MintingFactoryV2, BaseUpgradableMarketplace & KODAV3UpgradableGatedMarketplace/known-origin-contracts-v3-d592c5f4fa4e0b6fc65a1fce43e302706aedf607::FundsReceiver",DAPP,"DAppSCAN-source/contracts/Coinfabrik-MintingFactoryV2, BaseUpgradableMarketplace & KODAV3UpgradableGatedMarketplace/known-origin-contracts-v3-d592c5f4fa4e0b6fc65a1fce43e302706aedf607",FundsReceiver,0,0,1,1,0,0,0,0
train,"DAPP::DAppSCAN-source/contracts/Coinfabrik-MintingFactoryV2, BaseUpgradableMarketplace & KODAV3UpgradableGatedMarketplace/known-origin-contracts-v3-d592c5f4fa4e0b6fc65a1fce43e302706aedf607::CollabFundsReceiver",DAPP,"DAppSCAN-source/contracts/Coinfabrik-MintingFactoryV2, BaseUpgradableMarketplace & KODAV3UpgradableGatedMarketplace/known-origin-contracts-v3-d592c5f4fa4e0b6fc65a1fce43e302706aedf607",CollabFundsReceiver,0,0,3,3,0,4,0,0
train,DAPP::DAppSCAN-source/contracts/consensys-Fei_Protocol/fei-protocol-core-ff892c5d0b9697f249d713bbb2b3bd1da7980ed2::BondingCurveOracle,DAPP,DAppSCAN-source/contracts/consensys-Fei_Protocol/fei-protocol-core-ff892c5d0b9697f249d713bbb2b3bd1da7980ed2,BondingCurveOracle,0,0,6,6,2,13,0,0
train,DAPP::DAppSCAN-source/contracts/consensys-Fei_Protocol/fei-protocol-core-ff892c5d0b9697f249d713bbb2b3bd1da7980ed2::UniswapOracle,DAPP,DAppSCAN-source/contracts/consensys-Fei_Protocol/fei-protocol-core-ff892c5d0b9697f249d713bbb2b3bd1da7980ed2,UniswapOracle,0,0,4,4,1,6,0,0
train,DAPP::DAppSCAN-source/contracts/consensys-Fei_Protocol/fei-protocol-core-ff892c5d0b9697f249d713bbb2b3bd1da7980ed2::Pool,DAPP,DAppSCAN-source/contracts/consensys-Fei_Protocol/fei-protocol-core-ff892c5d0b9697f249d713bbb2b3bd1da7980ed2,Pool,1,1,4,5,2,8,0,0
train,DAPP::DAppSCAN-source/contracts/consensys-Fei_Protocol/fei-protocol-core-ff892c5d0b9697f249d713bbb2b3bd1da7980ed2::FeiPool,DAPP,DAppSCAN-source/contracts/consensys-Fei_Protocol/fei-protocol-core-ff892c5d0b9697f249d713bbb2b3bd1da7980ed2,FeiPool,0,0,6,6,1,5,0,0
train,DAPP::DAppSCAN-source/contracts/consensys-Fei_Protocol/fei-protocol-core-ff892c5d0b9697f249d713bbb2b3bd1da7980ed2::CoreRef,DAPP,DAppSCAN-source/contracts/consensys-Fei_Protocol/fei-protocol-core-ff892c5d0b9697f249d713bbb2b3bd1da7980ed2,CoreRef,0,0,2,2,0,1,0,0
train,DAPP::DAppSCAN-source/contracts/consensys-Fei_Protocol/fei-protocol-core-ff892c5d0b9697f249d713bbb2b3bd1da7980ed2::UniRef,DAPP,DAppSCAN-source/contracts/consensys-Fei_Protocol/fei-protocol-core-ff892c5d0b9697f249d713bbb2b3bd1da7980ed2,UniRef,0,0,9,9,0,15,0,0
train,DAPP::DAppSCAN-source/contracts/consensys-Fei_Protocol/fei-protocol-core-ff892c5d0b9697f249d713bbb2b3bd1da7980ed2::OracleRef,DAPP,DAppSCAN-source/contracts/consensys-Fei_Protocol/fei-protocol-core-ff892c5d0b9697f249d713bbb2b3bd1da7980ed2,OracleRef,0,0,4,4,0,2,0,0
train,DAPP::DAppSCAN-source/contracts/consensys-Fei_Protocol/fei-protocol-core-ff892c5d0b9697f249d713bbb2b3bd1da7980ed2::LinearTokenTimelock,DAPP,DAppSCAN-source/contracts/consensys-Fei_Protocol/fei-protocol-core-ff892c5d0b9697f249d713bbb2b3bd1da7980ed2,LinearTokenTimelock,0,0,2,2,1,3,0,0
train,DAPP::DAppSCAN-source/contracts/consensys-Fei_Protocol/fei-protocol-core-ff892c5d0b9697f249d713bbb2b3bd1da7980ed2::Core,DAPP,DAppSCAN-source/contracts/consensys-Fei_Protocol/fei-protocol-core-ff892c5d0b9697f249d713bbb2b3bd1da7980ed2,Core,0,0,1,1,0,0,0,0
train,DAPP::DAppSCAN-source/contracts/consensys-Fei_Protocol/fei-protocol-core-ff892c5d0b9697f249d713bbb2b3bd1da7980ed2::GenesisGroup,DAPP,DAppSCAN-source/contracts/consensys-Fei_Protocol/fei-protocol-core-ff892c5d0b9697f249d713bbb2b3bd1da7980ed2,GenesisGroup,0,0,8,8,2,19,0,0
train,DAPP::DAppSCAN-source/contracts/consensys-Fei_Protocol/fei-protocol-core-ff892c5d0b9697f249d713bbb2b3bd1da7980ed2::IDO,DAPP,DAppSCAN-source/contracts/consensys-Fei_Protocol/fei-protocol-core-ff892c5d0b9697f249d713bbb2b3bd1da7980ed2,IDO,0,0,13,13,1,33,0,0
train,DAPP::DAppSCAN-source/contracts/consensys-Fei_Protocol/fei-protocol-core-ff892c5d0b9697f249d713bbb2b3bd1da7980ed2::EthUniswapPCVController,DAPP,DAppSCAN-source/contracts/consensys-Fei_Protocol/fei-protocol-core-ff892c5d0b9697f249d713bbb2b3bd1da7980ed2,EthUniswapPCVController,1,1,14,15,0,29,0,0
train,DAPP::DAppSCAN-source/contracts/consensys-Fei_Protocol/fei-protocol-core-ff892c5d0b9697f249d713bbb2b3bd1da7980ed2::EthUniswapPCVDeposit,DAPP,DAppSCAN-source/contracts/consensys-Fei_Protocol/fei-protocol-core-ff892c5d0b9697f249d713bbb2b3bd1da7980ed2,EthUniswapPCVDeposit,0,0,11,11,0,22,0,0
train,DAPP::DAppSCAN-source/contracts/consensys-Fei_Protocol/fei-protocol-core-ff892c5d0b9697f249d713bbb2b3bd1da7980ed2::UniswapPCVDeposit,DAPP,DAppSCAN-source/contracts/consensys-Fei_Protocol/fei-protocol-core-ff892c5d0b9697f249d713bbb2b3bd1da7980ed2,UniswapPCVDeposit,0,0,9,9,0,15,0,0
train,DAPP::DAppSCAN-source/contracts/consensys-Fei_Protocol/fei-protocol-core-ff892c5d0b9697f249d713bbb2b3bd1da7980ed2::Timelock,DAPP,DAppSCAN-source/contracts/consensys-Fei_Protocol/fei-protocol-core-ff892c5d0b9697f249d713bbb2b3bd1da7980ed2,Timelock,0,0,1,1,0,0,0,0
train,DAPP::DAppSCAN-source/contracts/consensys-Fei_Protocol/fei-protocol-core-ff892c5d0b9697f249d713bbb2b3bd1da7980ed2::GovernorAlpha,DAPP,DAppSCAN-source/contracts/consensys-Fei_Protocol/fei-protocol-core-ff892c5d0b9697f249d713bbb2b3bd1da7980ed2,GovernorAlpha,0,0,10,10,0,52,0,0
train,DAPP::DAppSCAN-source/contracts/consensys-Fei_Protocol/fei-protocol-core-ff892c5d0b9697f249d713bbb2b3bd1da7980ed2::Delegatee,DAPP,DAppSCAN-source/contracts/consensys-Fei_Protocol/fei-protocol-core-ff892c5d0b9697f249d713bbb2b3bd1da7980ed2,Delegatee,0,0,1,1,0,0,0,0
train,DAPP::DAppSCAN-source/contracts/consensys-Fei_Protocol/fei-protocol-core-ff892c5d0b9697f249d713bbb2b3bd1da7980ed2::TimelockedDelegator,DAPP,DAppSCAN-source/contracts/consensys-Fei_Protocol/fei-protocol-core-ff892c5d0b9697f249d713bbb2b3bd1da7980ed2,TimelockedDelegator,0,0,5,5,2,12,0,0
train,DAPP::DAppSCAN-source/contracts/consensys-Fei_Protocol/fei-protocol-core-ff892c5d0b9697f249d713bbb2b3bd1da7980ed2::BondingCurve,DAPP,DAppSCAN-source/contracts/consensys-Fei_Protocol/fei-protocol-core-ff892c5d0b9697f249d713bbb2b3bd1da7980ed2,BondingCurve,0,0,6,6,1,6,0,0
train,DAPP::DAppSCAN-source/contracts/consensys-Fei_Protocol/fei-protocol-core-ff892c5d0b9697f249d713bbb2b3bd1da7980ed2::EthBondingCurve,DAPP,DAppSCAN-source/contracts/consensys-Fei_Protocol/fei-protocol-core-ff892c5d0b9697f249d713bbb2b3bd1da7980ed2,EthBondingCurve,0,0,7,7,2,9,0,0
train,DAPP::DAppSCAN-source/contracts/consensys-Fei_Protocol/fei-protocol-core-ff892c5d0b9697f249d713bbb2b3bd1da7980ed2::UniswapIncentive,DAPP,DAppSCAN-source/contracts/consensys-Fei_Protocol/fei-protocol-core-ff892c5d0b9697f249d713bbb2b3bd1da7980ed2,UniswapIncentive,0,0,12,12,2,20,0,0
train,DAPP::DAppSCAN-source/contracts/consensys-Fei_Protocol/fei-protocol-core-ff892c5d0b9697f249d713bbb2b3bd1da7980ed2::Fei,DAPP,DAppSCAN-source/contracts/consensys-Fei_Protocol/fei-protocol-core-ff892c5d0b9697f249d713bbb2b3bd1da7980ed2,Fei,0,0,3,3,0,1,0,0
train,DAPP::DAppSCAN-source/contracts/consensys-Fei_Protocol/fei-protocol-core-ff892c5d0b9697f249d713bbb2b3bd1da7980ed2::Decimal,DAPP,DAppSCAN-source/contracts/consensys-Fei_Protocol/fei-protocol-core-ff892c5d0b9697f249d713bbb2b3bd1da7980ed2,Decimal,0,0,1,1,0,0,0,0
train,DAPP::DAppSCAN-source/contracts/consensys-Fei_Protocol/fei-protocol-core-ff892c5d0b9697f249d713bbb2b3bd1da7980ed2::CoreOrchestrator,DAPP,DAppSCAN-source/contracts/consensys-Fei_Protocol/fei-protocol-core-ff892c5d0b9697f249d713bbb2b3bd1da7980ed2,CoreOrchestrator,0,0,9,9,0,43,0,0
train,DAPP::DAppSCAN-source/contracts/consensys-Fei_Protocol/fei-protocol-core-ff892c5d0b9697f249d713bbb2b3bd1da7980ed2::UniswapSingleEthRouter,DAPP,DAppSCAN-source/contracts/consensys-Fei_Protocol/fei-protocol-core-ff892c5d0b9697f249d713bbb2b3bd1da7980ed2,UniswapSingleEthRouter,0,0,3,3,0,8,0,0
train,DAPP::DAppSCAN-source/contracts/consensys-Fei_Protocol/fei-protocol-core-ff892c5d0b9697f249d713bbb2b3bd1da7980ed2::FeiRouter,DAPP,DAppSCAN-source/contracts/consensys-Fei_Protocol/fei-protocol-core-ff892c5d0b9697f249d713bbb2b3bd1da7980ed2,FeiRouter,0,0,5,5,0,14,0,0
train,"DAPP::DAppSCAN-source/contracts/Inspex-StakingPool, Vault, Strategy & VotingEscrow/scientix-contract-main::VotingEscrow",DAPP,"DAppSCAN-source/contracts/Inspex-StakingPool, Vault, Strategy & VotingEscrow/scientix-contract-main",VotingEscrow,0,0,10,10,3,41,0,0
train,"DAPP::DAppSCAN-source/contracts/Inspex-StakingPool, Vault, Strategy & VotingEscrow/scientix-contract-main::StakingPools",DAPP,"DAppSCAN-source/contracts/Inspex-StakingPool, Vault, Strategy & VotingEscrow/scientix-contract-main",StakingPools,0,0,15,15,0,179,0,0
train,"DAPP::DAppSCAN-source/contracts/Inspex-StakingPool, Vault, Strategy & VotingEscrow/scientix-contract-main::Scientist",DAPP,"DAppSCAN-source/contracts/Inspex-StakingPool, Vault, Strategy & VotingEscrow/scientix-contract-main",Scientist,0,0,18,18,0,134,0,0
train,"DAPP::DAppSCAN-source/contracts/Inspex-StakingPool, Vault, Strategy & VotingEscrow/scientix-contract-main::TransmuterB",DAPP,"DAppSCAN-source/contracts/Inspex-StakingPool, Vault, Strategy & VotingEscrow/scientix-contract-main",TransmuterB,0,0,18,18,1,111,5,0
train,"DAPP::DAppSCAN-source/contracts/Inspex-StakingPool, Vault, Strategy & VotingEscrow/scientix-contract-main::StratAlpaca",DAPP,"DAppSCAN-source/contracts/Inspex-StakingPool, Vault, Strategy & VotingEscrow/scientix-contract-main",StratAlpaca,1,1,9,10,2,58,0,0
train,"DAPP::DAppSCAN-source/contracts/Inspex-StakingPool, Vault, Strategy & VotingEscrow/scientix-contract-main::SimpleVault",DAPP,"DAppSCAN-source/contracts/Inspex-StakingPool, Vault, Strategy & VotingEscrow/scientix-contract-main",SimpleVault,0,0,6,6,0,27,0,0
train,"DAPP::DAppSCAN-source/contracts/Inspex-StakingPool, Vault, Strategy & VotingEscrow/scientix-contract-main::YearnVaultAdapterWithIndirection",DAPP,"DAppSCAN-source/contracts/Inspex-StakingPool, Vault, Strategy & VotingEscrow/scientix-contract-main",YearnVaultAdapterWithIndirection,0,0,8,8,0,36,0,0
train,"DAPP::DAppSCAN-source/contracts/Inspex-StakingPool, Vault, Strategy & VotingEscrow/scientix-contract-main::YearnVaultAdapter",DAPP,"DAppSCAN-source/contracts/Inspex-StakingPool, Vault, Strategy & VotingEscrow/scientix-contract-main",YearnVaultAdapter,0,0,7,7,0,27,0,0
train,"DAPP::DAppSCAN-source/contracts/Inspex-StakingPool, Vault, Strategy & VotingEscrow/scientix-contract-main::DssProxyActions",DAPP,"DAppSCAN-source/contracts/Inspex-StakingPool, Vault, Strategy & VotingEscrow/scientix-contract-main",DssProxyActions,0,0,3,3,0,6,0,0
train,"DAPP::DAppSCAN-source/contracts/Inspex-StakingPool, Vault, Strategy & VotingEscrow/scientix-contract-main::DssProxyActionsEnd",DAPP,"DAppSCAN-source/contracts/Inspex-StakingPool, Vault, Strategy & VotingEscrow/scientix-contract-main",DssProxyActionsEnd,0,0,2,2,0,2,0,0
train,"DAPP::DAppSCAN-source/contracts/Inspex-StakingPool, Vault, Strategy & VotingEscrow/scientix-contract-main::DssProxyActionsDsr",DAPP,"DAppSCAN-source/contracts/Inspex-StakingPool, Vault, Strategy & VotingEscrow/scientix-contract-main",DssProxyActionsDsr,0,0,3,3,0,6,0,0
train,"DAPP::DAppSCAN-source/contracts/Inspex-StakingPool, Vault, Strategy & VotingEscrow/scientix-contract-main::UniswapV2Router02",DAPP,"DAppSCAN-source/contracts/Inspex-StakingPool, Vault, Strategy & VotingEscrow/scientix-contract-main",UniswapV2Router02,0,0,22,22,0,397,14,0
train,DAPP::DAppSCAN-source/contracts/Inspex-Vault/aleswap-vault-efd3f777b2e9aaa2c635d3d0f463f1884e998112::AleVault,DAPP,DAppSCAN-source/contracts/Inspex-Vault/aleswap-vault-efd3f777b2e9aaa2c635d3d0f463f1884e998112,AleVault,0,0,9,9,0,44,0,0
train,DAPP::DAppSCAN-source/contracts/Inspex-Vault/aleswap-vault-efd3f777b2e9aaa2c635d3d0f463f1884e998112::WardenSwapper,DAPP,DAppSCAN-source/contracts/Inspex-Vault/aleswap-vault-efd3f777b2e9aaa2c635d3d0f463f1884e998112,WardenSwapper,0,0,10,10,0,67,0,0
train,DAPP::DAppSCAN-source/contracts/Inspex-Vault/aleswap-vault-efd3f777b2e9aaa2c635d3d0f463f1884e998112::StrategyWardenLP,DAPP,DAppSCAN-source/contracts/Inspex-Vault/aleswap-vault-efd3f777b2e9aaa2c635d3d0f463f1884e998112,StrategyWardenLP,1,1,10,11,0,60,0,0
val,FORGE::vfp_00209::StakingManager,FORGE,vfp_00209,StakingManager,1,2,9,11,0,47,0,0
val,FORGE::vfp_00019::OPSuccinctDisputeGame,FORGE,vfp_00019,OPSuccinctDisputeGame,1,1,0,1,0,0,0,0
val,FORGE::vfp_00122::TroveManager,FORGE,vfp_00122,TroveManager,0,0,13,13,13,80,0,0
val,FORGE::vfp_00122::BorrowerOperations,FORGE,vfp_00122,BorrowerOperations,1,1,17,18,13,197,0,0
val,FORGE::vfp_00156::SponsoredOFTSrcPeriphery,FORGE,vfp_00156,SponsoredOFTSrcPeriphery,0,0,1,1,0,0,0,0
val,FORGE::vfp_00156::HyperCoreLib,FORGE,vfp_00156,HyperCoreLib,0,0,7,7,0,6,0,0
val,FORGE::vfp_00156::HyperCoreFlowExecutor,FORGE,vfp_00156,HyperCoreFlowExecutor,1,5,8,13,3,86,0,0
val,FORGE::vfp_00156::DstOFTHandler,FORGE,vfp_00156,DstOFTHandler,0,0,18,18,4,110,7,0
val,FORGE::vfp_00156::ArbitraryEVMFlowExecutor,FORGE,vfp_00156,ArbitraryEVMFlowExecutor,1,1,0,1,2,4,0,0
val,FORGE::vfp_00156::SponsoredCCTPDstPeriphery,FORGE,vfp_00156,SponsoredCCTPDstPeriphery,0,0,18,18,4,110,7,0
val,DAPP::DAppSCAN-source/contracts/PeckShield-Holdefi/Holdefi-5a1e6e0d582120142e8a531f6806eba6665ef2f4::HoldefiSettings,DAPP,DAppSCAN-source/contracts/PeckShield-Holdefi/Holdefi-5a1e6e0d582120142e8a531f6806eba6665ef2f4,HoldefiSettings,0,0,8,8,0,24,0,0
val,DAPP::DAppSCAN-source/contracts/PeckShield-Holdefi/Holdefi-5a1e6e0d582120142e8a531f6806eba6665ef2f4::HoldefiPrices,DAPP,DAppSCAN-source/contracts/PeckShield-Holdefi/Holdefi-5a1e6e0d582120142e8a531f6806eba6665ef2f4,HoldefiPrices,0,0,2,2,0,1,0,0
val,DAPP::DAppSCAN-source/contracts/PeckShield-Holdefi/Holdefi-5a1e6e0d582120142e8a531f6806eba6665ef2f4::Holdefi,DAPP,DAppSCAN-source/contracts/PeckShield-Holdefi/Holdefi-5a1e6e0d582120142e8a531f6806eba6665ef2f4,Holdefi,1,1,22,23,0,255,0,0
val,DAPP::DAppSCAN-source/contracts/PeckShield-Holdefi/Holdefi-5a1e6e0d582120142e8a531f6806eba6665ef2f4::HoldefiCollaterals,DAPP,DAppSCAN-source/contracts/PeckShield-Holdefi/Holdefi-5a1e6e0d582120142e8a531f6806eba6665ef2f4,HoldefiCollaterals,0,0,1,1,0,0,0,0
val,DAPP::DAppSCAN-source/contracts/consensys-PoolTogether_Sushi_and_Yearn_V2_Yield_Sources/pooltogether-yearnv2-yield-source-a34857f1555908a6263d2ebd189f0cb40e1858da::YearnV2YieldSource,DAPP,DAppSCAN-source/contracts/consensys-PoolTogether_Sushi_and_Yearn_V2_Yield_Sources/pooltogether-yearnv2-yield-source-a34857f1555908a6263d2ebd189f0cb40e1858da,YearnV2YieldSource,1,1,9,10,0,41,0,0
val,DAPP::DAppSCAN-source/contracts/consensys-PoolTogether_Sushi_and_Yearn_V2_Yield_Sources/pooltogether-yearnv2-yield-source-a34857f1555908a6263d2ebd189f0cb40e1858da::YearnV2YieldSourceProxyFactory,DAPP,DAppSCAN-source/contracts/consensys-PoolTogether_Sushi_and_Yearn_V2_Yield_Sources/pooltogether-yearnv2-yield-source-a34857f1555908a6263d2ebd189f0cb40e1858da,YearnV2YieldSourceProxyFactory,0,0,1,1,0,0,0,0
val,DAPP::DAppSCAN-source/contracts/consensys-PoolTogether_Sushi_and_Yearn_V2_Yield_Sources/pooltogether-yearnv2-yield-source-a34857f1555908a6263d2ebd189f0cb40e1858da::SafeERC20WrapperUpgradeable,DAPP,DAppSCAN-source/contracts/consensys-PoolTogether_Sushi_and_Yearn_V2_Yield_Sources/pooltogether-yearnv2-yield-source-a34857f1555908a6263d2ebd189f0cb40e1858da,SafeERC20WrapperUpgradeable,0,0,8,8,0,28,0,0
val,DAPP::DAppSCAN-source/contracts/consensys-PoolTogether_Pods/pods-v3-contracts-879dc8b911fc506dd6bead1f36eade919ccfea57::PodFactory,DAPP,DAppSCAN-source/contracts/consensys-PoolTogether_Pods/pods-v3-contracts-879dc8b911fc506dd6bead1f36eade919ccfea57,PodFactory,0,0,1,1,0,0,0,0
val,DAPP::DAppSCAN-source/contracts/consensys-PoolTogether_Pods/pods-v3-contracts-879dc8b911fc506dd6bead1f36eade919ccfea57::PodManager,DAPP,DAppSCAN-source/contracts/consensys-PoolTogether_Pods/pods-v3-contracts-879dc8b911fc506dd6bead1f36eade919ccfea57,PodManager,0,0,1,1,0,0,0,0
val,DAPP::DAppSCAN-source/contracts/consensys-PoolTogether_Pods/pods-v3-contracts-879dc8b911fc506dd6bead1f36eade919ccfea57::Pod,DAPP,DAppSCAN-source/contracts/consensys-PoolTogether_Pods/pods-v3-contracts-879dc8b911fc506dd6bead1f36eade919ccfea57,Pod,1,1,11,12,0,34,0,0
val,DAPP::DAppSCAN-source/contracts/consensys-PoolTogether_Pods/pods-v3-contracts-879dc8b911fc506dd6bead1f36eade919ccfea57::TokenDropFactory,DAPP,DAppSCAN-source/contracts/consensys-PoolTogether_Pods/pods-v3-contracts-879dc8b911fc506dd6bead1f36eade919ccfea57,TokenDropFactory,0,0,1,1,0,0,0,0
val,DAPP::DAppSCAN-source/contracts/consensys-PoolTogether_Pods/pods-v3-contracts-879dc8b911fc506dd6bead1f36eade919ccfea57::TokenDrop,DAPP,DAppSCAN-source/contracts/consensys-PoolTogether_Pods/pods-v3-contracts-879dc8b911fc506dd6bead1f36eade919ccfea57,TokenDrop,1,1,3,4,0,11,0,0
val,DAPP::DAppSCAN-source/contracts/QuillAudits-SushiSwap-BentoBox/bentobox-c2e150b16b8764ebfe2e1e6e267ae14e10738065::BentoBox,DAPP,DAppSCAN-source/contracts/QuillAudits-SushiSwap-BentoBox/bentobox-c2e150b16b8764ebfe2e1e6e267ae14e10738065,BentoBox,0,0,5,5,0,9,0,0
val,DAPP::DAppSCAN-source/contracts/QuillAudits-SushiSwap-BentoBox/bentobox-c2e150b16b8764ebfe2e1e6e267ae14e10738065::LendingPair,DAPP,DAppSCAN-source/contracts/QuillAudits-SushiSwap-BentoBox/bentobox-c2e150b16b8764ebfe2e1e6e267ae14e10738065,LendingPair,1,2,25,27,3,337,0,0
val,DAPP::DAppSCAN-source/contracts/QuillAudits-SushiSwap-BentoBox/bentobox-c2e150b16b8764ebfe2e1e6e267ae14e10738065::FixedPoint,DAPP,DAppSCAN-source/contracts/QuillAudits-SushiSwap-BentoBox/bentobox-c2e150b16b8764ebfe2e1e6e267ae14e10738065,FixedPoint,0,0,1,1,0,0,0,0
val,DAPP::DAppSCAN-source/contracts/QuillAudits-SushiSwap-BentoBox/bentobox-c2e150b16b8764ebfe2e1e6e267ae14e10738065::CompoundOracle,DAPP,DAppSCAN-source/contracts/QuillAudits-SushiSwap-BentoBox/bentobox-c2e150b16b8764ebfe2e1e6e267ae14e10738065,CompoundOracle,0,0,2,2,0,2,0,0
val,DAPP::DAppSCAN-source/contracts/QuillAudits-SushiSwap-BentoBox/bentobox-c2e150b16b8764ebfe2e1e6e267ae14e10738065::SimpleSLPTWAP0Oracle,DAPP,DAppSCAN-source/contracts/QuillAudits-SushiSwap-BentoBox/bentobox-c2e150b16b8764ebfe2e1e6e267ae14e10738065,SimpleSLPTWAP0Oracle,0,0,2,2,0,2,0,0
val,DAPP::DAppSCAN-source/contracts/QuillAudits-SushiSwap-BentoBox/bentobox-c2e150b16b8764ebfe2e1e6e267ae14e10738065::SimpleSLPTWAP1Oracle,DAPP,DAppSCAN-source/contracts/QuillAudits-SushiSwap-BentoBox/bentobox-c2e150b16b8764ebfe2e1e6e267ae14e10738065,SimpleSLPTWAP1Oracle,0,0,2,2,0,2,0,0
val,DAPP::DAppSCAN-source/contracts/QuillAudits-SushiSwap-BentoBox/bentobox-c2e150b16b8764ebfe2e1e6e267ae14e10738065::SushiSwapSwapper,DAPP,DAppSCAN-source/contracts/QuillAudits-SushiSwap-BentoBox/bentobox-c2e150b16b8764ebfe2e1e6e267ae14e10738065,SushiSwapSwapper,0,0,2,2,0,2,0,0
val,DAPP::DAppSCAN-source/contracts/Trail_of_Bits-CompliFi/complifi-protocol-v1-912e93014aa16a9b6987556d971ed2b599b8cba7::VaultFactory,DAPP,DAppSCAN-source/contracts/Trail_of_Bits-CompliFi/complifi-protocol-v1-912e93014aa16a9b6987556d971ed2b599b8cba7,VaultFactory,0,0,7,7,0,7,0,0
val,DAPP::DAppSCAN-source/contracts/Trail_of_Bits-CompliFi/complifi-protocol-v1-912e93014aa16a9b6987556d971ed2b599b8cba7::Vault,DAPP,DAppSCAN-source/contracts/Trail_of_Bits-CompliFi/complifi-protocol-v1-912e93014aa16a9b6987556d971ed2b599b8cba7,Vault,1,1,9,10,3,41,0,0
val,DAPP::DAppSCAN-source/contracts/Trail_of_Bits-CompliFi/complifi-protocol-v1-912e93014aa16a9b6987556d971ed2b599b8cba7::TokenBuilder,DAPP,DAppSCAN-source/contracts/Trail_of_Bits-CompliFi/complifi-protocol-v1-912e93014aa16a9b6987556d971ed2b599b8cba7,TokenBuilder,0,0,1,1,0,0,0,0
val,DAPP::DAppSCAN-source/contracts/Trail_of_Bits-CompliFi/complifi-protocol-v1-912e93014aa16a9b6987556d971ed2b599b8cba7::StubFeed,DAPP,DAppSCAN-source/contracts/Trail_of_Bits-CompliFi/complifi-protocol-v1-912e93014aa16a9b6987556d971ed2b599b8cba7,StubFeed,0,0,1,1,0,0,0,0
val,DAPP::DAppSCAN-source/contracts/Trail_of_Bits-CompliFi/complifi-protocol-v1-912e93014aa16a9b6987556d971ed2b599b8cba7::OracleIteratorDebugger,DAPP,DAppSCAN-source/contracts/Trail_of_Bits-CompliFi/complifi-protocol-v1-912e93014aa16a9b6987556d971ed2b599b8cba7,OracleIteratorDebugger,0,0,1,1,0,0,0,0
val,DAPP::DAppSCAN-source/contracts/Trail_of_Bits-CompliFi/complifi-protocol-v1-912e93014aa16a9b6987556d971ed2b599b8cba7::ChainlinkOracleIterator,DAPP,DAppSCAN-source/contracts/Trail_of_Bits-CompliFi/complifi-protocol-v1-912e93014aa16a9b6987556d971ed2b599b8cba7,ChainlinkOracleIterator,0,0,3,3,1,10,0,0
val,DAPP::DAppSCAN-source/contracts/Trail_of_Bits-CompliFi/complifi-protocol-v1-912e93014aa16a9b6987556d971ed2b599b8cba7::DerivativeSpecificationRegistry,DAPP,DAppSCAN-source/contracts/Trail_of_Bits-CompliFi/complifi-protocol-v1-912e93014aa16a9b6987556d971ed2b599b8cba7,DerivativeSpecificationRegistry,0,0,1,1,0,0,0,0
val,DAPP::DAppSCAN-source/contracts/Trail_of_Bits-CompliFi/complifi-protocol-v1-912e93014aa16a9b6987556d971ed2b599b8cba7::AggregatorProxy,DAPP,DAppSCAN-source/contracts/Trail_of_Bits-CompliFi/complifi-protocol-v1-912e93014aa16a9b6987556d971ed2b599b8cba7,AggregatorProxy,0,0,12,12,2,33,0,0
val,DAPP::DAppSCAN-source/contracts/openzeppelin-Fuel_Token/FUEL-Contracts-3717b751bb2fa57ae300776a93ee4d7d7beb2c07::FuelCrowdfund,DAPP,DAppSCAN-source/contracts/openzeppelin-Fuel_Token/FUEL-Contracts-3717b751bb2fa57ae300776a93ee4d7d7beb2c07,FuelCrowdfund,1,1,1,2,1,3,0,0
val,DAPP::DAppSCAN-source/contracts/QuillAudits-AAVE-ParaSwap Adapter/aave-protocol-v2-14e2ab47d95f42ec5ee486f367067e78a7588878::ATokensAndRatesHelper,DAPP,DAppSCAN-source/contracts/QuillAudits-AAVE-ParaSwap Adapter/aave-protocol-v2-14e2ab47d95f42ec5ee486f367067e78a7588878,ATokensAndRatesHelper,0,0,1,1,0,0,0,0
val,DAPP::DAppSCAN-source/contracts/QuillAudits-AAVE-ParaSwap Adapter/aave-protocol-v2-14e2ab47d95f42ec5ee486f367067e78a7588878::AaveOracle,DAPP,DAppSCAN-source/contracts/QuillAudits-AAVE-ParaSwap Adapter/aave-protocol-v2-14e2ab47d95f42ec5ee486f367067e78a7588878,AaveOracle,0,0,1,1,0,0,0,0
val,DAPP::DAppSCAN-source/contracts/QuillAudits-AAVE-ParaSwap Adapter/aave-protocol-v2-14e2ab47d95f42ec5ee486f367067e78a7588878::UiPoolDataProvider,DAPP,DAppSCAN-source/contracts/QuillAudits-AAVE-ParaSwap Adapter/aave-protocol-v2-14e2ab47d95f42ec5ee486f367067e78a7588878,UiPoolDataProvider,0,0,1,1,0,0,0,0
val,DAPP::DAppSCAN-source/contracts/QuillAudits-AAVE-ParaSwap Adapter/aave-protocol-v2-14e2ab47d95f42ec5ee486f367067e78a7588878::AaveProtocolDataProvider,DAPP,DAppSCAN-source/contracts/QuillAudits-AAVE-ParaSwap Adapter/aave-protocol-v2-14e2ab47d95f42ec5ee486f367067e78a7588878,AaveProtocolDataProvider,0,0,6,6,0,30,0,0
val,DAPP::DAppSCAN-source/contracts/QuillAudits-AAVE-ParaSwap Adapter/aave-protocol-v2-14e2ab47d95f42ec5ee486f367067e78a7588878::WalletBalanceProvider,DAPP,DAppSCAN-source/contracts/QuillAudits-AAVE-ParaSwap Adapter/aave-protocol-v2-14e2ab47d95f42ec5ee486f367067e78a7588878,WalletBalanceProvider,0,0,2,2,0,3,0,0
val,DAPP::DAppSCAN-source/contracts/QuillAudits-AAVE-ParaSwap Adapter/aave-protocol-v2-14e2ab47d95f42ec5ee486f367067e78a7588878::WETHGateway,DAPP,DAppSCAN-source/contracts/QuillAudits-AAVE-ParaSwap Adapter/aave-protocol-v2-14e2ab47d95f42ec5ee486f367067e78a7588878,WETHGateway,0,0,5,5,0,13,0,0
val,DAPP::DAppSCAN-source/contracts/QuillAudits-AAVE-ParaSwap Adapter/aave-protocol-v2-14e2ab47d95f42ec5ee486f367067e78a7588878::UniswapRepayAdapter,DAPP,DAppSCAN-source/contracts/QuillAudits-AAVE-ParaSwap Adapter/aave-protocol-v2-14e2ab47d95f42ec5ee486f367067e78a7588878,UniswapRepayAdapter,0,0,9,9,2,42,0,0
val,DAPP::DAppSCAN-source/contracts/QuillAudits-AAVE-ParaSwap Adapter/aave-protocol-v2-14e2ab47d95f42ec5ee486f367067e78a7588878::BaseUniswapAdapter,DAPP,DAppSCAN-source/contracts/QuillAudits-AAVE-ParaSwap Adapter/aave-protocol-v2-14e2ab47d95f42ec5ee486f367067e78a7588878,BaseUniswapAdapter,0,0,7,7,1,18,0,0
val,DAPP::DAppSCAN-source/contracts/QuillAudits-AAVE-ParaSwap Adapter/aave-protocol-v2-14e2ab47d95f42ec5ee486f367067e78a7588878::FlashLiquidationAdapter,DAPP,DAppSCAN-source/contracts/QuillAudits-AAVE-ParaSwap Adapter/aave-protocol-v2-14e2ab47d95f42ec5ee486f367067e78a7588878,FlashLiquidationAdapter,0,0,8,8,1,21,0,0
val,DAPP::DAppSCAN-source/contracts/QuillAudits-AAVE-ParaSwap Adapter/aave-protocol-v2-14e2ab47d95f42ec5ee486f367067e78a7588878::BaseParaSwapAdapter,DAPP,DAppSCAN-source/contracts/QuillAudits-AAVE-ParaSwap Adapter/aave-protocol-v2-14e2ab47d95f42ec5ee486f367067e78a7588878,BaseParaSwapAdapter,1,1,2,3,0,1,0,0
val,DAPP::DAppSCAN-source/contracts/QuillAudits-AAVE-ParaSwap Adapter/aave-protocol-v2-14e2ab47d95f42ec5ee486f367067e78a7588878::UniswapLiquiditySwapAdapter,DAPP,DAppSCAN-source/contracts/QuillAudits-AAVE-ParaSwap Adapter/aave-protocol-v2-14e2ab47d95f42ec5ee486f367067e78a7588878,UniswapLiquiditySwapAdapter,0,0,9,9,2,38,0,0
val,DAPP::DAppSCAN-source/contracts/QuillAudits-AAVE-ParaSwap Adapter/aave-protocol-v2-14e2ab47d95f42ec5ee486f367067e78a7588878::BaseParaSwapSellAdapter,DAPP,DAppSCAN-source/contracts/QuillAudits-AAVE-ParaSwap Adapter/aave-protocol-v2-14e2ab47d95f42ec5ee486f367067e78a7588878,BaseParaSwapSellAdapter,0,0,2,2,0,0,0,0
val,DAPP::DAppSCAN-source/contracts/QuillAudits-AAVE-ParaSwap Adapter/aave-protocol-v2-14e2ab47d95f42ec5ee486f367067e78a7588878::ParaSwapLiquiditySwapAdapter,DAPP,DAppSCAN-source/contracts/QuillAudits-AAVE-ParaSwap Adapter/aave-protocol-v2-14e2ab47d95f42ec5ee486f367067e78a7588878,ParaSwapLiquiditySwapAdapter,0,0,5,5,1,20,0,0
val,DAPP::DAppSCAN-source/contracts/QuillAudits-AAVE-ParaSwap Adapter/aave-protocol-v2-14e2ab47d95f42ec5ee486f367067e78a7588878::BaseAdminUpgradeabilityProxy,DAPP,DAppSCAN-source/contracts/QuillAudits-AAVE-ParaSwap Adapter/aave-protocol-v2-14e2ab47d95f42ec5ee486f367067e78a7588878,BaseAdminUpgradeabilityProxy,0,0,1,1,0,0,0,0
val,DAPP::DAppSCAN-source/contracts/QuillAudits-AAVE-ParaSwap Adapter/aave-protocol-v2-14e2ab47d95f42ec5ee486f367067e78a7588878::InitializableAdminUpgradeabilityProxy,DAPP,DAppSCAN-source/contracts/QuillAudits-AAVE-ParaSwap Adapter/aave-protocol-v2-14e2ab47d95f42ec5ee486f367067e78a7588878,InitializableAdminUpgradeabilityProxy,0,0,2,2,2,4,0,0
val,DAPP::DAppSCAN-source/contracts/QuillAudits-AAVE-ParaSwap Adapter/aave-protocol-v2-14e2ab47d95f42ec5ee486f367067e78a7588878::UpgradeabilityProxy,DAPP,DAppSCAN-source/contracts/QuillAudits-AAVE-ParaSwap Adapter/aave-protocol-v2-14e2ab47d95f42ec5ee486f367067e78a7588878,UpgradeabilityProxy,0,0,1,1,0,0,0,0
val,DAPP::DAppSCAN-source/contracts/QuillAudits-AAVE-ParaSwap Adapter/aave-protocol-v2-14e2ab47d95f42ec5ee486f367067e78a7588878::InitializableUpgradeabilityProxy,DAPP,DAppSCAN-source/contracts/QuillAudits-AAVE-ParaSwap Adapter/aave-protocol-v2-14e2ab47d95f42ec5ee486f367067e78a7588878,InitializableUpgradeabilityProxy,0,0,2,2,1,5,0,0
val,DAPP::DAppSCAN-source/contracts/QuillAudits-AAVE-ParaSwap Adapter/aave-protocol-v2-14e2ab47d95f42ec5ee486f367067e78a7588878::AdminUpgradeabilityProxy,DAPP,DAppSCAN-source/contracts/QuillAudits-AAVE-ParaSwap Adapter/aave-protocol-v2-14e2ab47d95f42ec5ee486f367067e78a7588878,AdminUpgradeabilityProxy,0,0,1,1,0,0,0,0
val,DAPP::DAppSCAN-source/contracts/QuillAudits-AAVE-ParaSwap Adapter/aave-protocol-v2-14e2ab47d95f42ec5ee486f367067e78a7588878::BaseUpgradeabilityProxy,DAPP,DAppSCAN-source/contracts/QuillAudits-AAVE-ParaSwap Adapter/aave-protocol-v2-14e2ab47d95f42ec5ee486f367067e78a7588878,BaseUpgradeabilityProxy,0,0,1,1,0,0,0,0
val,DAPP::DAppSCAN-source/contracts/QuillAudits-AAVE-ParaSwap Adapter/aave-protocol-v2-14e2ab47d95f42ec5ee486f367067e78a7588878::WETH9,DAPP,DAppSCAN-source/contracts/QuillAudits-AAVE-ParaSwap Adapter/aave-protocol-v2-14e2ab47d95f42ec5ee486f367067e78a7588878,WETH9,0,0,1,1,0,0,0,0
val,DAPP::DAppSCAN-source/contracts/QuillAudits-AAVE-ParaSwap Adapter/aave-protocol-v2-14e2ab47d95f42ec5ee486f367067e78a7588878::LendingPoolAddressesProvider,DAPP,DAppSCAN-source/contracts/QuillAudits-AAVE-ParaSwap Adapter/aave-protocol-v2-14e2ab47d95f42ec5ee486f367067e78a7588878,LendingPoolAddressesProvider,0,0,1,1,0,0,0,0
val,DAPP::DAppSCAN-source/contracts/QuillAudits-AAVE-ParaSwap Adapter/aave-protocol-v2-14e2ab47d95f42ec5ee486f367067e78a7588878::LendingPoolConfigurator,DAPP,DAppSCAN-source/contracts/QuillAudits-AAVE-ParaSwap Adapter/aave-protocol-v2-14e2ab47d95f42ec5ee486f367067e78a7588878,LendingPoolConfigurator,0,0,17,17,0,188,0,0
val,DAPP::DAppSCAN-source/contracts/QuillAudits-AAVE-ParaSwap Adapter/aave-protocol-v2-14e2ab47d95f42ec5ee486f367067e78a7588878::DefaultReserveInterestRateStrategy,DAPP,DAppSCAN-source/contracts/QuillAudits-AAVE-ParaSwap Adapter/aave-protocol-v2-14e2ab47d95f42ec5ee486f367067e78a7588878,DefaultReserveInterestRateStrategy,0,0,1,1,0,0,0,0
val,DAPP::DAppSCAN-source/contracts/QuillAudits-AAVE-ParaSwap Adapter/aave-protocol-v2-14e2ab47d95f42ec5ee486f367067e78a7588878::LendingPoolCollateralManager,DAPP,DAppSCAN-source/contracts/QuillAudits-AAVE-ParaSwap Adapter/aave-protocol-v2-14e2ab47d95f42ec5ee486f367067e78a7588878,LendingPoolCollateralManager,0,0,2,2,0,4,0,0
val,DAPP::DAppSCAN-source/contracts/QuillAudits-AAVE-ParaSwap Adapter/aave-protocol-v2-14e2ab47d95f42ec5ee486f367067e78a7588878::LendingPool,DAPP,DAppSCAN-source/contracts/QuillAudits-AAVE-ParaSwap Adapter/aave-protocol-v2-14e2ab47d95f42ec5ee486f367067e78a7588878,LendingPool,0,0,15,15,1,122,4,1
val,DAPP::DAppSCAN-source/contracts/QuillAudits-AAVE-ParaSwap Adapter/aave-protocol-v2-14e2ab47d95f42ec5ee486f367067e78a7588878::VariableDebtToken,DAPP,DAppSCAN-source/contracts/QuillAudits-AAVE-ParaSwap Adapter/aave-protocol-v2-14e2ab47d95f42ec5ee486f367067e78a7588878,VariableDebtToken,0,0,2,2,0,2,0,0
val,DAPP::DAppSCAN-source/contracts/QuillAudits-AAVE-ParaSwap Adapter/aave-protocol-v2-14e2ab47d95f42ec5ee486f367067e78a7588878::AToken,DAPP,DAppSCAN-source/contracts/QuillAudits-AAVE-ParaSwap Adapter/aave-protocol-v2-14e2ab47d95f42ec5ee486f367067e78a7588878,AToken,0,0,4,4,1,10,0,0
val,DAPP::DAppSCAN-source/contracts/QuillAudits-AAVE-ParaSwap Adapter/aave-protocol-v2-14e2ab47d95f42ec5ee486f367067e78a7588878::StableDebtToken,DAPP,DAppSCAN-source/contracts/QuillAudits-AAVE-ParaSwap Adapter/aave-protocol-v2-14e2ab47d95f42ec5ee486f367067e78a7588878,StableDebtToken,0,0,5,5,2,11,0,0
val,DAPP::DAppSCAN-source/contracts/QuillAudits-AAVE-ParaSwap Adapter/aave-protocol-v2-14e2ab47d95f42ec5ee486f367067e78a7588878::DelegationAwareAToken,DAPP,DAppSCAN-source/contracts/QuillAudits-AAVE-ParaSwap Adapter/aave-protocol-v2-14e2ab47d95f42ec5ee486f367067e78a7588878,DelegationAwareAToken,0,0,5,5,1,14,0,0
val,DAPP::DAppSCAN-source/contracts/QuillAudits-AAVE-ParaSwap Adapter/aave-protocol-v2-14e2ab47d95f42ec5ee486f367067e78a7588878::BaseImmutableAdminUpgradeabilityProxy,DAPP,DAppSCAN-source/contracts/QuillAudits-AAVE-ParaSwap Adapter/aave-protocol-v2-14e2ab47d95f42ec5ee486f367067e78a7588878,BaseImmutableAdminUpgradeabilityProxy,0,0,1,1,0,0,0,0
val,DAPP::DAppSCAN-source/contracts/QuillAudits-AAVE-ParaSwap Adapter/aave-protocol-v2-14e2ab47d95f42ec5ee486f367067e78a7588878::InitializableImmutableAdminUpgradeabilityProxy,DAPP,DAppSCAN-source/contracts/QuillAudits-AAVE-ParaSwap Adapter/aave-protocol-v2-14e2ab47d95f42ec5ee486f367067e78a7588878,InitializableImmutableAdminUpgradeabilityProxy,0,0,2,2,1,5,0,0
val,DAPP::DAppSCAN-source/contracts/QuillAudits-AAVE-ParaSwap Adapter/aave-protocol-v2-14e2ab47d95f42ec5ee486f367067e78a7588878::MathUtils,DAPP,DAppSCAN-source/contracts/QuillAudits-AAVE-ParaSwap Adapter/aave-protocol-v2-14e2ab47d95f42ec5ee486f367067e78a7588878,MathUtils,0,0,1,1,0,0,0,0
val,DAPP::DAppSCAN-source/contracts/QuillAudits-AAVE-ParaSwap Adapter/aave-protocol-v2-14e2ab47d95f42ec5ee486f367067e78a7588878::ValidationLogic,DAPP,DAppSCAN-source/contracts/QuillAudits-AAVE-ParaSwap Adapter/aave-protocol-v2-14e2ab47d95f42ec5ee486f367067e78a7588878,ValidationLogic,0,0,1,1,0,0,0,0
val,DAPP::DAppSCAN-source/contracts/QuillAudits-AAVE-ParaSwap Adapter/aave-protocol-v2-14e2ab47d95f42ec5ee486f367067e78a7588878::GenericLogic,DAPP,DAppSCAN-source/contracts/QuillAudits-AAVE-ParaSwap Adapter/aave-protocol-v2-14e2ab47d95f42ec5ee486f367067e78a7588878,GenericLogic,0,0,1,1,0,0,0,0
val,DAPP::DAppSCAN-source/contracts/QuillAudits-AAVE-ParaSwap Adapter/aave-protocol-v2-14e2ab47d95f42ec5ee486f367067e78a7588878::LendingPoolHarnessForVariableDebtToken,DAPP,DAppSCAN-source/contracts/QuillAudits-AAVE-ParaSwap Adapter/aave-protocol-v2-14e2ab47d95f42ec5ee486f367067e78a7588878,LendingPoolHarnessForVariableDebtToken,0,0,21,21,0,210,0,0
val,DAPP::DAppSCAN-source/contracts/Solidity_Finance-OKLG - Smart Contract/contracts-e167d0d742d21bcc62d7a5b770a1f0ed1cf31eca::OKLGRewards,DAPP,DAppSCAN-source/contracts/Solidity_Finance-OKLG - Smart Contract/contracts-e167d0d742d21bcc62d7a5b770a1f0ed1cf31eca,OKLGRewards,0,0,6,6,3,28,0,0
val,DAPP::DAppSCAN-source/contracts/Solidity_Finance-OKLG - Smart Contract/contracts-e167d0d742d21bcc62d7a5b770a1f0ed1cf31eca::MTGYOKLGSwap,DAPP,DAppSCAN-source/contracts/Solidity_Finance-OKLG - Smart Contract/contracts-e167d0d742d21bcc62d7a5b770a1f0ed1cf31eca,MTGYOKLGSwap,0,0,1,1,0,0,0,0
val,DAPP::DAppSCAN-source/contracts/Solidity_Finance-OKLG - Smart Contract/contracts-e167d0d742d21bcc62d7a5b770a1f0ed1cf31eca::OKLGAtomicSwapInstance,DAPP,DAppSCAN-source/contracts/Solidity_Finance-OKLG - Smart Contract/contracts-e167d0d742d21bcc62d7a5b770a1f0ed1cf31eca,OKLGAtomicSwapInstance,0,0,6,6,0,15,5,2
val,DAPP::DAppSCAN-source/contracts/Solidity_Finance-OKLG - Smart Contract/contracts-e167d0d742d21bcc62d7a5b770a1f0ed1cf31eca::OKLGAirdropper,DAPP,DAppSCAN-source/contracts/Solidity_Finance-OKLG - Smart Contract/contracts-e167d0d742d21bcc62d7a5b770a1f0ed1cf31eca,OKLGAirdropper,0,0,1,1,0,0,0,0
val,DAPP::DAppSCAN-source/contracts/Solidity_Finance-OKLG - Smart Contract/contracts-e167d0d742d21bcc62d7a5b770a1f0ed1cf31eca::HasERC20Balance,DAPP,DAppSCAN-source/contracts/Solidity_Finance-OKLG - Smart Contract/contracts-e167d0d742d21bcc62d7a5b770a1f0ed1cf31eca,HasERC20Balance,0,0,1,1,0,0,0,0
val,DAPP::DAppSCAN-source/contracts/Solidity_Finance-OKLG - Smart Contract/contracts-e167d0d742d21bcc62d7a5b770a1f0ed1cf31eca::OKLGFaaSToken,DAPP,DAppSCAN-source/contracts/Solidity_Finance-OKLG - Smart Contract/contracts-e167d0d742d21bcc62d7a5b770a1f0ed1cf31eca,OKLGFaaSToken,0,0,9,9,0,72,5,0
val,DAPP::DAppSCAN-source/contracts/Solidity_Finance-OKLG - Smart Contract/contracts-e167d0d742d21bcc62d7a5b770a1f0ed1cf31eca::IsERC20HODLer,DAPP,DAppSCAN-source/contracts/Solidity_Finance-OKLG - Smart Contract/contracts-e167d0d742d21bcc62d7a5b770a1f0ed1cf31eca,IsERC20HODLer,0,0,2,2,0,2,0,0
val,DAPP::DAppSCAN-source/contracts/Solidity_Finance-OKLG - Smart Contract/contracts-e167d0d742d21bcc62d7a5b770a1f0ed1cf31eca::MTGYTokenLocker,DAPP,DAppSCAN-source/contracts/Solidity_Finance-OKLG - Smart Contract/contracts-e167d0d742d21bcc62d7a5b770a1f0ed1cf31eca,MTGYTokenLocker,1,1,3,4,0,8,0,0
val,DAPP::DAppSCAN-source/contracts/Solidity_Finance-OKLG - Smart Contract/contracts-e167d0d742d21bcc62d7a5b770a1f0ed1cf31eca::OKLGSpend,DAPP,DAppSCAN-source/contracts/Solidity_Finance-OKLG - Smart Contract/contracts-e167d0d742d21bcc62d7a5b770a1f0ed1cf31eca,OKLGSpend,0,0,2,2,0,0,0,0
val,DAPP::DAppSCAN-source/contracts/Solidity_Finance-OKLG - Smart Contract/contracts-e167d0d742d21bcc62d7a5b770a1f0ed1cf31eca::OKLGPasswordManager,DAPP,DAppSCAN-source/contracts/Solidity_Finance-OKLG - Smart Contract/contracts-e167d0d742d21bcc62d7a5b770a1f0ed1cf31eca,OKLGPasswordManager,0,0,3,3,0,6,0,0
val,DAPP::DAppSCAN-source/contracts/Solidity_Finance-OKLG - Smart Contract/contracts-e167d0d742d21bcc62d7a5b770a1f0ed1cf31eca::OKLGAffiliate,DAPP,DAppSCAN-source/contracts/Solidity_Finance-OKLG - Smart Contract/contracts-e167d0d742d21bcc62d7a5b770a1f0ed1cf31eca,OKLGAffiliate,0,0,1,1,1,2,0,0
val,DAPP::DAppSCAN-source/contracts/Solidity_Finance-OKLG - Smart Contract/contracts-e167d0d742d21bcc62d7a5b770a1f0ed1cf31eca::OKLG,DAPP,DAppSCAN-source/contracts/Solidity_Finance-OKLG - Smart Contract/contracts-e167d0d742d21bcc62d7a5b770a1f0ed1cf31eca,OKLG,0,0,9,9,5,24,0,0
val,DAPP::DAppSCAN-source/contracts/Solidity_Finance-OKLG - Smart Contract/contracts-e167d0d742d21bcc62d7a5b770a1f0ed1cf31eca::OKLGFaaS,DAPP,DAppSCAN-source/contracts/Solidity_Finance-OKLG - Smart Contract/contracts-e167d0d742d21bcc62d7a5b770a1f0ed1cf31eca,OKLGFaaS,0,0,3,3,0,3,0,0
val,DAPP::DAppSCAN-source/contracts/Solidity_Finance-OKLG - Smart Contract/contracts-e167d0d742d21bcc62d7a5b770a1f0ed1cf31eca::OKLGDividendDistributor,DAPP,DAppSCAN-source/contracts/Solidity_Finance-OKLG - Smart Contract/contracts-e167d0d742d21bcc62d7a5b770a1f0ed1cf31eca,OKLGDividendDistributor,0,0,7,7,2,28,0,0
val,DAPP::DAppSCAN-source/contracts/Solidity_Finance-OKLG - Smart Contract/contracts-e167d0d742d21bcc62d7a5b770a1f0ed1cf31eca::OKLGTrustedTimestamping,DAPP,DAppSCAN-source/contracts/Solidity_Finance-OKLG - Smart Contract/contracts-e167d0d742d21bcc62d7a5b770a1f0ed1cf31eca,OKLGTrustedTimestamping,0,0,2,2,0,2,0,0
val,DAPP::DAppSCAN-source/contracts/Solidity_Finance-OKLG - Smart Contract/contracts-e167d0d742d21bcc62d7a5b770a1f0ed1cf31eca::OKLGAtomicSwap,DAPP,DAppSCAN-source/contracts/Solidity_Finance-OKLG - Smart Contract/contracts-e167d0d742d21bcc62d7a5b770a1f0ed1cf31eca,OKLGAtomicSwap,0,0,2,2,2,6,0,0
val,DAPP::DAppSCAN-source/contracts/Solidity_Finance-OKLG - Smart Contract/contracts-e167d0d742d21bcc62d7a5b770a1f0ed1cf31eca::KetherNFTLoaner,DAPP,DAppSCAN-source/contracts/Solidity_Finance-OKLG - Smart Contract/contracts-e167d0d742d21bcc62d7a5b770a1f0ed1cf31eca,KetherNFTLoaner,0,0,4,4,3,16,0,0
val,DAPP::DAppSCAN-source/contracts/Solidity_Finance-OKLG - Smart Contract/contracts-e167d0d742d21bcc62d7a5b770a1f0ed1cf31eca::OKLGBuybot,DAPP,DAppSCAN-source/contracts/Solidity_Finance-OKLG - Smart Contract/contracts-e167d0d742d21bcc62d7a5b770a1f0ed1cf31eca,OKLGBuybot,0,0,2,2,1,2,0,0
val,DAPP::DAppSCAN-source/contracts/Solidity_Finance-OKLG - Smart Contract/contracts-e167d0d742d21bcc62d7a5b770a1f0ed1cf31eca::HasERC721Balance,DAPP,DAppSCAN-source/contracts/Solidity_Finance-OKLG - Smart Contract/contracts-e167d0d742d21bcc62d7a5b770a1f0ed1cf31eca,HasERC721Balance,0,0,1,1,0,0,0,0
val,DAPP::DAppSCAN-source/contracts/Solidity_Finance-OKLG - Smart Contract/contracts-e167d0d742d21bcc62d7a5b770a1f0ed1cf31eca::OKLGProduct,DAPP,DAppSCAN-source/contracts/Solidity_Finance-OKLG - Smart Contract/contracts-e167d0d742d21bcc62d7a5b770a1f0ed1cf31eca,OKLGProduct,0,0,1,1,0,0,0,0
val,DAPP::DAppSCAN-source/contracts/Solidity_Finance-OKLG - Smart Contract/contracts-e167d0d742d21bcc62d7a5b770a1f0ed1cf31eca::OKLGRaffle,DAPP,DAppSCAN-source/contracts/Solidity_Finance-OKLG - Smart Contract/contracts-e167d0d742d21bcc62d7a5b770a1f0ed1cf31eca,OKLGRaffle,0,0,4,4,0,6,0,0
val,DAPP::DAppSCAN-source/contracts/Solidity_Finance-OKLG - Smart Contract/contracts-e167d0d742d21bcc62d7a5b770a1f0ed1cf31eca::OKLetsApe,DAPP,DAppSCAN-source/contracts/Solidity_Finance-OKLG - Smart Contract/contracts-e167d0d742d21bcc62d7a5b770a1f0ed1cf31eca,OKLetsApe,0,0,10,10,1,27,0,0
val,DAPP::DAppSCAN-source/contracts/Solidity_Finance-OKLG - Smart Contract/contracts-e167d0d742d21bcc62d7a5b770a1f0ed1cf31eca::DexUtils,DAPP,DAppSCAN-source/contracts/Solidity_Finance-OKLG - Smart Contract/contracts-e167d0d742d21bcc62d7a5b770a1f0ed1cf31eca,DexUtils,0,0,1,1,0,0,0,0
val,DAPP::DAppSCAN-source/contracts/Solidity_Finance-OKLG - Smart Contract/contracts-e167d0d742d21bcc62d7a5b770a1f0ed1cf31eca::OKLGETHSplitter,DAPP,DAppSCAN-source/contracts/Solidity_Finance-OKLG - Smart Contract/contracts-e167d0d742d21bcc62d7a5b770a1f0ed1cf31eca,OKLGETHSplitter,0,0,1,1,0,0,0,0
val,DAPP::DAppSCAN-source/contracts/Solidity_Finance-OKLG - Smart Contract/contracts-e167d0d742d21bcc62d7a5b770a1f0ed1cf31eca::BuybackAndBurnOKLG,DAPP,DAppSCAN-source/contracts/Solidity_Finance-OKLG - Smart Contract/contracts-e167d0d742d21bcc62d7a5b770a1f0ed1cf31eca,BuybackAndBurnOKLG,0,0,1,1,0,0,0,0
val,DAPP::DAppSCAN-source/contracts/Solidity_Finance-OKLG - Smart Contract/contracts-e167d0d742d21bcc62d7a5b770a1f0ed1cf31eca::OKLApeRewardsBooster,DAPP,DAppSCAN-source/contracts/Solidity_Finance-OKLG - Smart Contract/contracts-e167d0d742d21bcc62d7a5b770a1f0ed1cf31eca,OKLApeRewardsBooster,0,0,3,3,0,3,0,0
val,DAPP::DAppSCAN-source/contracts/Solidity_Finance-OKLG - Smart Contract/contracts-e167d0d742d21bcc62d7a5b770a1f0ed1cf31eca::NFTMintCostUSD,DAPP,DAppSCAN-source/contracts/Solidity_Finance-OKLG - Smart Contract/contracts-e167d0d742d21bcc62d7a5b770a1f0ed1cf31eca,NFTMintCostUSD,0,0,1,1,0,0,0,0
val,DAPP::DAppSCAN-source/contracts/Iosiro-SNX FlashBurn Smart Contract Audit/flashburn-3aa02a3d63d9e0110a5b6669a4a4011ceee3cf2b::SNXFlashLoanTool,DAPP,DAppSCAN-source/contracts/Iosiro-SNX FlashBurn Smart Contract Audit/flashburn-3aa02a3d63d9e0110a5b6669a4a4011ceee3cf2b,SNXFlashLoanTool,1,1,1,2,0,3,0,0
val,DAPP::DAppSCAN-source/contracts/consensys-Idle_Finance/idle-tranches-d94ee7194e8cb17db13b16c338f3e780b62f5435::IdleCDO,DAPP,DAppSCAN-source/contracts/consensys-Idle_Finance/idle-tranches-d94ee7194e8cb17db13b16c338f3e780b62f5435,IdleCDO,1,1,17,18,9,122,0,0
val,DAPP::DAppSCAN-source/contracts/consensys-Idle_Finance/idle-tranches-d94ee7194e8cb17db13b16c338f3e780b62f5435::IdleCDOTrancheRewards,DAPP,DAppSCAN-source/contracts/consensys-Idle_Finance/idle-tranches-d94ee7194e8cb17db13b16c338f3e780b62f5435,IdleCDOTrancheRewards,0,0,5,5,2,15,5,0
val,DAPP::DAppSCAN-source/contracts/consensys-Idle_Finance/idle-tranches-d94ee7194e8cb17db13b16c338f3e780b62f5435::GuardedLaunchUpgradable,DAPP,DAppSCAN-source/contracts/consensys-Idle_Finance/idle-tranches-d94ee7194e8cb17db13b16c338f3e780b62f5435,GuardedLaunchUpgradable,0,0,1,1,0,0,0,0
val,DAPP::DAppSCAN-source/contracts/consensys-Idle_Finance/idle-tranches-d94ee7194e8cb17db13b16c338f3e780b62f5435::IdleStrategy,DAPP,DAppSCAN-source/contracts/consensys-Idle_Finance/idle-tranches-d94ee7194e8cb17db13b16c338f3e780b62f5435,IdleStrategy,0,0,8,8,0,35,0,0
val,DAPP::DAppSCAN-source/contracts/QuillAudits-1inch-Limit Order Protocol/limit-order-protocol-a14bde6a260458de5083cee117d734221e1cbc05::LimitOrderProtocol,DAPP,DAppSCAN-source/contracts/QuillAudits-1inch-Limit Order Protocol/limit-order-protocol-a14bde6a260458de5083cee117d734221e1cbc05,LimitOrderProtocol,1,1,6,7,4,39,0,0
val,DAPP::DAppSCAN-source/contracts/QuillAudits-1inch-Limit Order Protocol/limit-order-protocol-a14bde6a260458de5083cee117d734221e1cbc05::ChainlinkCalculator,DAPP,DAppSCAN-source/contracts/QuillAudits-1inch-Limit Order Protocol/limit-order-protocol-a14bde6a260458de5083cee117d734221e1cbc05,ChainlinkCalculator,0,0,2,2,0,1,0,0
val,DAPP::DAppSCAN-source/contracts/Solidified-Aztec Lido Bridge/aztec-connect-bridges-d5aca13d4d0a17b21eeddf77f49f4c6613461fb0::RollupProcessor,DAPP,DAppSCAN-source/contracts/Solidified-Aztec Lido Bridge/aztec-connect-bridges-d5aca13d4d0a17b21eeddf77f49f4c6613461fb0,RollupProcessor,0,0,2,2,1,3,0,0
val,DAPP::DAppSCAN-source/contracts/Solidified-Aztec Lido Bridge/aztec-connect-bridges-d5aca13d4d0a17b21eeddf77f49f4c6613461fb0::HeapTestContract,DAPP,DAppSCAN-source/contracts/Solidified-Aztec Lido Bridge/aztec-connect-bridges-d5aca13d4d0a17b21eeddf77f49f4c6613461fb0,HeapTestContract,0,0,5,5,0,10,0,0
val,DAPP::DAppSCAN-source/contracts/Solidified-Aztec Lido Bridge/aztec-connect-bridges-d5aca13d4d0a17b21eeddf77f49f4c6613461fb0::StakingBridgeTestInternal,DAPP,DAppSCAN-source/contracts/Solidified-Aztec Lido Bridge/aztec-connect-bridges-d5aca13d4d0a17b21eeddf77f49f4c6613461fb0,StakingBridgeTestInternal,0,0,8,8,2,27,0,0
val,DAPP::DAppSCAN-source/contracts/Solidified-Aztec Lido Bridge/aztec-connect-bridges-d5aca13d4d0a17b21eeddf77f49f4c6613461fb0::StabilityPoolBridgeTestInternal,DAPP,DAppSCAN-source/contracts/Solidified-Aztec Lido Bridge/aztec-connect-bridges-d5aca13d4d0a17b21eeddf77f49f4c6613461fb0,StabilityPoolBridgeTestInternal,0,0,8,8,2,27,0,0
val,DAPP::DAppSCAN-source/contracts/Solidified-Aztec Lido Bridge/aztec-connect-bridges-d5aca13d4d0a17b21eeddf77f49f4c6613461fb0::TestUtil,DAPP,DAppSCAN-source/contracts/Solidified-Aztec Lido Bridge/aztec-connect-bridges-d5aca13d4d0a17b21eeddf77f49f4c6613461fb0,TestUtil,0,0,3,3,0,4,0,0
val,DAPP::DAppSCAN-source/contracts/Solidified-Aztec Lido Bridge/aztec-connect-bridges-d5aca13d4d0a17b21eeddf77f49f4c6613461fb0::LidoBridge,DAPP,DAppSCAN-source/contracts/Solidified-Aztec Lido Bridge/aztec-connect-bridges-d5aca13d4d0a17b21eeddf77f49f4c6613461fb0,LidoBridge,1,1,1,2,0,2,0,0
val,DAPP::DAppSCAN-source/contracts/Solidified-Aztec Lido Bridge/aztec-connect-bridges-d5aca13d4d0a17b21eeddf77f49f4c6613461fb0::ElementBridge,DAPP,DAppSCAN-source/contracts/Solidified-Aztec Lido Bridge/aztec-connect-bridges-d5aca13d4d0a17b21eeddf77f49f4c6613461fb0,ElementBridge,0,0,7,7,3,23,0,0
val,DAPP::DAppSCAN-source/contracts/Solidified-Aztec Lido Bridge/aztec-connect-bridges-d5aca13d4d0a17b21eeddf77f49f4c6613461fb0::MinHeap,DAPP,DAppSCAN-source/contracts/Solidified-Aztec Lido Bridge/aztec-connect-bridges-d5aca13d4d0a17b21eeddf77f49f4c6613461fb0,MinHeap,0,0,1,1,0,0,0,0
val,DAPP::DAppSCAN-source/contracts/Solidified-Aztec Lido Bridge/aztec-connect-bridges-d5aca13d4d0a17b21eeddf77f49f4c6613461fb0::ExampleBridgeContract,DAPP,DAppSCAN-source/contracts/Solidified-Aztec Lido Bridge/aztec-connect-bridges-d5aca13d4d0a17b21eeddf77f49f4c6613461fb0,ExampleBridgeContract,0,0,1,1,0,0,0,0
val,DAPP::DAppSCAN-source/contracts/Solidified-Aztec Lido Bridge/aztec-connect-bridges-d5aca13d4d0a17b21eeddf77f49f4c6613461fb0::TroveBridge,DAPP,DAppSCAN-source/contracts/Solidified-Aztec Lido Bridge/aztec-connect-bridges-d5aca13d4d0a17b21eeddf77f49f4c6613461fb0,TroveBridge,0,0,4,4,0,15,0,0
val,DAPP::DAppSCAN-source/contracts/Solidified-Aztec Lido Bridge/aztec-connect-bridges-d5aca13d4d0a17b21eeddf77f49f4c6613461fb0::StabilityPoolBridge,DAPP,DAppSCAN-source/contracts/Solidified-Aztec Lido Bridge/aztec-connect-bridges-d5aca13d4d0a17b21eeddf77f49f4c6613461fb0,StabilityPoolBridge,0,0,3,3,0,6,0,0
val,DAPP::DAppSCAN-source/contracts/Solidified-Aztec Lido Bridge/aztec-connect-bridges-d5aca13d4d0a17b21eeddf77f49f4c6613461fb0::StakingBridge,DAPP,DAppSCAN-source/contracts/Solidified-Aztec Lido Bridge/aztec-connect-bridges-d5aca13d4d0a17b21eeddf77f49f4c6613461fb0,StakingBridge,0,0,3,3,0,6,0,0
val,DAPP::DAppSCAN-source/contracts/Solidified-Aztec Lido Bridge/aztec-connect-bridges-d5aca13d4d0a17b21eeddf77f49f4c6613461fb0::IssuanceBridge,DAPP,DAppSCAN-source/contracts/Solidified-Aztec Lido Bridge/aztec-connect-bridges-d5aca13d4d0a17b21eeddf77f49f4c6613461fb0,IssuanceBridge,0,0,1,1,0,0,0,0
val,DAPP::DAppSCAN-source/contracts/Solidified-Aztec Lido Bridge/aztec-connect-bridges-d5aca13d4d0a17b21eeddf77f49f4c6613461fb0::AaveLendingBridge,DAPP,DAppSCAN-source/contracts/Solidified-Aztec Lido Bridge/aztec-connect-bridges-d5aca13d4d0a17b21eeddf77f49f4c6613461fb0,AaveLendingBridge,0,0,3,3,0,6,0,0
val,DAPP::DAppSCAN-source/contracts/Solidified-Aztec Lido Bridge/aztec-connect-bridges-d5aca13d4d0a17b21eeddf77f49f4c6613461fb0::MStableBridge,DAPP,DAppSCAN-source/contracts/Solidified-Aztec Lido Bridge/aztec-connect-bridges-d5aca13d4d0a17b21eeddf77f49f4c6613461fb0,MStableBridge,0,0,1,1,0,0,0,0
val,DAPP::DAppSCAN-source/contracts/Solidified-Aztec Lido Bridge/aztec-connect-bridges-d5aca13d4d0a17b21eeddf77f49f4c6613461fb0::RaiBridge,DAPP,DAppSCAN-source/contracts/Solidified-Aztec Lido Bridge/aztec-connect-bridges-d5aca13d4d0a17b21eeddf77f49f4c6613461fb0,RaiBridge,0,0,4,4,0,13,0,0
val,DAPP::DAppSCAN-source/contracts/Iosiro-1inch Exchange Staking Rewards Smart Contract Audit/liquidity-protocol-c9c8bc600e8e7897f70f84b006de601d4f4bcbe3::BaseRewards,DAPP,DAppSCAN-source/contracts/Iosiro-1inch Exchange Staking Rewards Smart Contract Audit/liquidity-protocol-c9c8bc600e8e7897f70f84b006de601d4f4bcbe3,BaseRewards,1,1,2,3,1,5,0,0
val,DAPP::DAppSCAN-source/contracts/PeckShield-KaoyaSwap/contracts-8273073f1d6914f372790399378f177573c52e37::UniswapV2Pair,DAPP,DAppSCAN-source/contracts/PeckShield-KaoyaSwap/contracts-8273073f1d6914f372790399378f177573c52e37,UniswapV2Pair,0,0,6,6,2,23,0,0
val,DAPP::DAppSCAN-source/contracts/PeckShield-KaoyaSwap/contracts-8273073f1d6914f372790399378f177573c52e37::UniswapV2Factory,DAPP,DAppSCAN-source/contracts/PeckShield-KaoyaSwap/contracts-8273073f1d6914f372790399378f177573c52e37,UniswapV2Factory,0,0,1,1,0,0,0,0
val,DAPP::DAppSCAN-source/contracts/PeckShield-KaoyaSwap/contracts-8273073f1d6914f372790399378f177573c52e37::airdrop,DAPP,DAppSCAN-source/contracts/PeckShield-KaoyaSwap/contracts-8273073f1d6914f372790399378f177573c52e37,airdrop,0,0,1,1,0,0,0,0
val,DAPP::DAppSCAN-source/contracts/PeckShield-KaoyaSwap/contracts-8273073f1d6914f372790399378f177573c52e37::betting,DAPP,DAppSCAN-source/contracts/PeckShield-KaoyaSwap/contracts-8273073f1d6914f372790399378f177573c52e37,betting,0,0,3,3,0,4,0,0
val,DAPP::DAppSCAN-source/contracts/PeckShield-KaoyaSwap/contracts-8273073f1d6914f372790399378f177573c52e37::UpgradeabilityProxy,DAPP,DAppSCAN-source/contracts/PeckShield-KaoyaSwap/contracts-8273073f1d6914f372790399378f177573c52e37,UpgradeabilityProxy,0,0,1,1,0,0,0,0
val,DAPP::DAppSCAN-source/contracts/PeckShield-KaoyaSwap/contracts-8273073f1d6914f372790399378f177573c52e37::AdminUpgradeabilityProxy,DAPP,DAppSCAN-source/contracts/PeckShield-KaoyaSwap/contracts-8273073f1d6914f372790399378f177573c52e37,AdminUpgradeabilityProxy,0,0,1,1,0,0,0,0
val,DAPP::DAppSCAN-source/contracts/PeckShield-KaoyaSwap/contracts-8273073f1d6914f372790399378f177573c52e37::KaoyaProxy,DAPP,DAppSCAN-source/contracts/PeckShield-KaoyaSwap/contracts-8273073f1d6914f372790399378f177573c52e37,KaoyaProxy,0,0,1,1,0,0,0,0
val,DAPP::DAppSCAN-source/contracts/PeckShield-KaoyaSwap/contracts-8273073f1d6914f372790399378f177573c52e37::MasterChef,DAPP,DAppSCAN-source/contracts/PeckShield-KaoyaSwap/contracts-8273073f1d6914f372790399378f177573c52e37,MasterChef,1,1,5,6,1,26,0,0
val,DAPP::DAppSCAN-source/contracts/PeckShield-KaoyaSwap/contracts-8273073f1d6914f372790399378f177573c52e37::Staking,DAPP,DAppSCAN-source/contracts/PeckShield-KaoyaSwap/contracts-8273073f1d6914f372790399378f177573c52e37,Staking,0,0,7,7,1,36,5,0
val,DAPP::DAppSCAN-source/contracts/PeckShield-KaoyaSwap/contracts-8273073f1d6914f372790399378f177573c52e37::UniswapV2Router02,DAPP,DAppSCAN-source/contracts/PeckShield-KaoyaSwap/contracts-8273073f1d6914f372790399378f177573c52e37,UniswapV2Router02,0,0,26,26,2,485,7,0
val,DAPP::DAppSCAN-source/contracts/consensys-Gamma/hypervisor-41fd4abf79864478523e87924d4e80d80df04879::UniProxy,DAPP,DAppSCAN-source/contracts/consensys-Gamma/hypervisor-41fd4abf79864478523e87924d4e80d80df04879,UniProxy,1,1,3,4,1,13,0,0
val,DAPP::DAppSCAN-source/contracts/consensys-Gamma/hypervisor-41fd4abf79864478523e87924d4e80d80df04879::Swap,DAPP,DAppSCAN-source/contracts/consensys-Gamma/hypervisor-41fd4abf79864478523e87924d4e80d80df04879,Swap,0,0,2,2,0,1,0,0
val,DAPP::DAppSCAN-source/contracts/consensys-Gamma/hypervisor-41fd4abf79864478523e87924d4e80d80df04879::Hypervisor,DAPP,DAppSCAN-source/contracts/consensys-Gamma/hypervisor-41fd4abf79864478523e87924d4e80d80df04879,Hypervisor,1,1,12,13,2,97,0,0
val,DAPP::DAppSCAN-source/contracts/consensys-Gamma/hypervisor-41fd4abf79864478523e87924d4e80d80df04879::HypervisorV3Migrator,DAPP,DAppSCAN-source/contracts/consensys-Gamma/hypervisor-41fd4abf79864478523e87924d4e80d80df04879,HypervisorV3Migrator,0,0,1,1,0,0,0,0
val,DAPP::DAppSCAN-source/contracts/consensys-Gamma/hypervisor-41fd4abf79864478523e87924d4e80d80df04879::HypervisorFactory,DAPP,DAppSCAN-source/contracts/consensys-Gamma/hypervisor-41fd4abf79864478523e87924d4e80d80df04879,HypervisorFactory,0,0,1,1,0,0,0,0
val,DAPP::DAppSCAN-source/contracts/consensys-Gamma/hypervisor-41fd4abf79864478523e87924d4e80d80df04879::GammaController,DAPP,DAppSCAN-source/contracts/consensys-Gamma/hypervisor-41fd4abf79864478523e87924d4e80d80df04879,GammaController,0,0,3,3,1,7,0,0
val,DAPP::DAppSCAN-source/contracts/Hacken-Tenderize/tender-core-1fd606141625171fe792045ae9233890262d2d62::Tenderizer,DAPP,DAppSCAN-source/contracts/Hacken-Tenderize/tender-core-1fd606141625171fe792045ae9233890262d2d62,Tenderizer,0,0,7,7,2,26,0,0
val,DAPP::DAppSCAN-source/contracts/Hacken-Tenderize/tender-core-1fd606141625171fe792045ae9233890262d2d62::TenderToken,DAPP,DAppSCAN-source/contracts/Hacken-Tenderize/tender-core-1fd606141625171fe792045ae9233890262d2d62,TenderToken,0,0,1,1,0,0,0,0
val,DAPP::DAppSCAN-source/contracts/Hacken-Tenderize/tender-core-1fd606141625171fe792045ae9233890262d2d62::TestSwapReturnValues,DAPP,DAppSCAN-source/contracts/Hacken-Tenderize/tender-core-1fd606141625171fe792045ae9233890262d2d62,TestSwapReturnValues,0,0,5,5,0,12,0,0
val,DAPP::DAppSCAN-source/contracts/Hacken-Tenderize/tender-core-1fd606141625171fe792045ae9233890262d2d62::TokenFaucet,DAPP,DAppSCAN-source/contracts/Hacken-Tenderize/tender-core-1fd606141625171fe792045ae9233890262d2d62,TokenFaucet,0,0,1,1,0,0,0,0
val,DAPP::DAppSCAN-source/contracts/Hacken-Tenderize/tender-core-1fd606141625171fe792045ae9233890262d2d62::SwapUtils,DAPP,DAppSCAN-source/contracts/Hacken-Tenderize/tender-core-1fd606141625171fe792045ae9233890262d2d62,SwapUtils,0,0,4,4,3,16,0,0
val,DAPP::DAppSCAN-source/contracts/Hacken-Tenderize/tender-core-1fd606141625171fe792045ae9233890262d2d62::TenderSwapFactoryV1,DAPP,DAppSCAN-source/contracts/Hacken-Tenderize/tender-core-1fd606141625171fe792045ae9233890262d2d62,TenderSwapFactoryV1,0,0,1,1,0,0,0,0
val,DAPP::DAppSCAN-source/contracts/Hacken-Tenderize/tender-core-1fd606141625171fe792045ae9233890262d2d62::TenderSwap,DAPP,DAppSCAN-source/contracts/Hacken-Tenderize/tender-core-1fd606141625171fe792045ae9233890262d2d62,TenderSwap,0,0,19,19,0,134,0,0
val,DAPP::DAppSCAN-source/contracts/Hacken-Tenderize/tender-core-1fd606141625171fe792045ae9233890262d2d62::TenderFarmFactory,DAPP,DAppSCAN-source/contracts/Hacken-Tenderize/tender-core-1fd606141625171fe792045ae9233890262d2d62,TenderFarmFactory,0,0,1,1,0,0,0,0
val,DAPP::DAppSCAN-source/contracts/Hacken-Tenderize/tender-core-1fd606141625171fe792045ae9233890262d2d62::TenderFarm,DAPP,DAppSCAN-source/contracts/Hacken-Tenderize/tender-core-1fd606141625171fe792045ae9233890262d2d62,TenderFarm,0,0,6,6,0,21,0,0
val,DAPP::DAppSCAN-source/contracts/Hacken-Tenderize/tender-core-1fd606141625171fe792045ae9233890262d2d62::Audius,DAPP,DAppSCAN-source/contracts/Hacken-Tenderize/tender-core-1fd606141625171fe792045ae9233890262d2d62,Audius,0,0,15,15,3,81,0,0
val,DAPP::DAppSCAN-source/contracts/Hacken-Tenderize/tender-core-1fd606141625171fe792045ae9233890262d2d62::Matic,DAPP,DAppSCAN-source/contracts/Hacken-Tenderize/tender-core-1fd606141625171fe792045ae9233890262d2d62,Matic,1,2,11,13,3,61,0,0
val,DAPP::DAppSCAN-source/contracts/Hacken-Tenderize/tender-core-1fd606141625171fe792045ae9233890262d2d62::Livepeer,DAPP,DAppSCAN-source/contracts/Hacken-Tenderize/tender-core-1fd606141625171fe792045ae9233890262d2d62,Livepeer,1,2,12,14,3,70,0,0
val,DAPP::DAppSCAN-source/contracts/Hacken-Tenderize/tender-core-1fd606141625171fe792045ae9233890262d2d62::Graph,DAPP,DAppSCAN-source/contracts/Hacken-Tenderize/tender-core-1fd606141625171fe792045ae9233890262d2d62,Graph,1,2,13,15,3,89,0,0
val,DAPP::DAppSCAN-source/contracts/consensys-Amp/amp-token-contracts-6871b6c64c712835b332e515cc553308dcbbc539::Amp,DAPP,DAppSCAN-source/contracts/consensys-Amp/amp-token-contracts-6871b6c64c712835b332e515cc553308dcbbc539,Amp,1,1,7,8,1,17,0,0
val,DAPP::DAppSCAN-source/contracts/consensys-Amp/amp-token-contracts-6871b6c64c712835b332e515cc553308dcbbc539::ERC1820Client,DAPP,DAppSCAN-source/contracts/consensys-Amp/amp-token-contracts-6871b6c64c712835b332e515cc553308dcbbc539,ERC1820Client,0,0,3,3,0,3,0,0
val,DAPP::DAppSCAN-source/contracts/consensys-Amp/amp-token-contracts-6871b6c64c712835b332e515cc553308dcbbc539::HolderCollateralPartitionValidator,DAPP,DAppSCAN-source/contracts/consensys-Amp/amp-token-contracts-6871b6c64c712835b332e515cc553308dcbbc539,HolderCollateralPartitionValidator,0,0,5,5,0,4,0,0
val,DAPP::DAppSCAN-source/contracts/consensys-Amp/amp-token-contracts-6871b6c64c712835b332e515cc553308dcbbc539::AmpPartitionStrategyValidatorBase,DAPP,DAppSCAN-source/contracts/consensys-Amp/amp-token-contracts-6871b6c64c712835b332e515cc553308dcbbc539,AmpPartitionStrategyValidatorBase,0,0,3,3,0,3,0,0
val,DAPP::DAppSCAN-source/contracts/consensys-Amp/amp-token-contracts-6871b6c64c712835b332e515cc553308dcbbc539::CollateralPoolPartitionValidator,DAPP,DAppSCAN-source/contracts/consensys-Amp/amp-token-contracts-6871b6c64c712835b332e515cc553308dcbbc539,CollateralPoolPartitionValidator,0,0,4,4,0,3,0,0
val,DAPP::DAppSCAN-source/contracts/consensys-Amp/amp-token-contracts-6871b6c64c712835b332e515cc553308dcbbc539::ExampleCollateralManager,DAPP,DAppSCAN-source/contracts/consensys-Amp/amp-token-contracts-6871b6c64c712835b332e515cc553308dcbbc539,ExampleCollateralManager,0,0,7,7,1,15,0,0
val,DAPP::DAppSCAN-source/contracts/Inspex-MDEX Integration/bsc-alpaca-contract-a3a14d27a4803afebdcf783c9ce8764b65f5587d::MdexWorker02,DAPP,DAppSCAN-source/contracts/Inspex-MDEX Integration/bsc-alpaca-contract-a3a14d27a4803afebdcf783c9ce8764b65f5587d,MdexWorker02,1,2,11,13,3,80,0,0
val,DAPP::DAppSCAN-source/contracts/PeckShield-SushiSwap/sushiswap-180bc9b642bba79c1ee4a63f71a3a0d36e64aa63::Migrator,DAPP,DAppSCAN-source/contracts/PeckShield-SushiSwap/sushiswap-180bc9b642bba79c1ee4a63f71a3a0d36e64aa63,Migrator,0,0,1,1,0,0,0,0
val,DAPP::DAppSCAN-source/contracts/PeckShield-SushiSwap/sushiswap-180bc9b642bba79c1ee4a63f71a3a0d36e64aa63::MasterChef,DAPP,DAppSCAN-source/contracts/PeckShield-SushiSwap/sushiswap-180bc9b642bba79c1ee4a63f71a3a0d36e64aa63,MasterChef,1,1,5,6,1,27,0,0
val,DAPP::DAppSCAN-source/contracts/PeckShield-SushiSwap/sushiswap-180bc9b642bba79c1ee4a63f71a3a0d36e64aa63::SushiBar,DAPP,DAppSCAN-source/contracts/PeckShield-SushiSwap/sushiswap-180bc9b642bba79c1ee4a63f71a3a0d36e64aa63,SushiBar,0,0,2,2,0,2,0,0
val,DAPP::DAppSCAN-source/contracts/PeckShield-SushiSwap/sushiswap-180bc9b642bba79c1ee4a63f71a3a0d36e64aa63::SushiMaker,DAPP,DAppSCAN-source/contracts/PeckShield-SushiSwap/sushiswap-180bc9b642bba79c1ee4a63f71a3a0d36e64aa63,SushiMaker,0,0,3,3,0,10,0,0
val,DAPP::DAppSCAN-source/contracts/PeckShield-SushiSwap/sushiswap-180bc9b642bba79c1ee4a63f71a3a0d36e64aa63::GovernorAlpha,DAPP,DAppSCAN-source/contracts/PeckShield-SushiSwap/sushiswap-180bc9b642bba79c1ee4a63f71a3a0d36e64aa63,GovernorAlpha,0,0,12,12,0,65,0,0
val,DAPP::DAppSCAN-source/contracts/PeckShield-SushiSwap/sushiswap-180bc9b642bba79c1ee4a63f71a3a0d36e64aa63::UniswapV2Factory,DAPP,DAppSCAN-source/contracts/PeckShield-SushiSwap/sushiswap-180bc9b642bba79c1ee4a63f71a3a0d36e64aa63,UniswapV2Factory,0,0,1,1,0,0,0,0
val,DAPP::DAppSCAN-source/contracts/PeckShield-SushiSwap/sushiswap-180bc9b642bba79c1ee4a63f71a3a0d36e64aa63::UniswapV2Pair,DAPP,DAppSCAN-source/contracts/PeckShield-SushiSwap/sushiswap-180bc9b642bba79c1ee4a63f71a3a0d36e64aa63,UniswapV2Pair,0,0,8,8,3,57,0,0
test,FORGE::vfp_00190::BoxAdapterCached,FORGE,vfp_00190,BoxAdapterCached,1,1,5,6,1,26,0,0
test,FORGE::vfp_00220::LiquidityPenaltyHook,FORGE,vfp_00220,LiquidityPenaltyHook,0,0,3,3,0,6,0,0
test,FORGE::vfp_00220::AntiSandwichHook,FORGE,vfp_00220,AntiSandwichHook,1,3,0,3,0,6,0,0
test,FORGE::vfp_00189::Box,FORGE,vfp_00189,Box,1,4,11,15,15,128,0,0
test,FORGE::vfp_00189::FundingAave,FORGE,vfp_00189,FundingAave,0,0,7,7,0,23,0,0
test,FORGE::vfp_00001::AgentToken,FORGE,vfp_00001,AgentToken,0,0,1,1,0,0,0,0
test,FORGE::vfp_00001::AgentImageService,FORGE,vfp_00001,AgentImageService,1,3,2,5,0,7,0,0
test,FORGE::vfp_00001::AutonomousAgentDeployer,FORGE,vfp_00001,AutonomousAgentDeployer,0,0,12,12,2,72,7,1
test,FORGE::vfp_00215::ScrollChainValidium,FORGE,vfp_00215,ScrollChainValidium,1,2,1,3,2,9,0,0
test,FORGE::vfp_00123::BalancerFlashLoan,FORGE,vfp_00123,BalancerFlashLoan,1,2,0,2,0,1,0,0
test,FORGE::vfp_00102::OracleLess,FORGE,vfp_00102,OracleLess,1,3,1,4,0,7,0,0
test,FORGE::vfp_00102::AutomationMaster,FORGE,vfp_00102,AutomationMaster,0,0,4,4,0,3,0,0
test,FORGE::vfp_00102::Bracket,FORGE,vfp_00102,Bracket,1,1,7,8,0,26,0,0
test,FORGE::vfp_00102::StopLimit,FORGE,vfp_00102,StopLimit,1,2,4,6,0,17,0,0
test,DAPP::DAppSCAN-source/contracts/consensys-The_LAO/moloch-4bc443f4dad60279b47978fc6987bb978d3dfc58::GuildBank,DAPP,DAppSCAN-source/contracts/consensys-The_LAO/moloch-4bc443f4dad60279b47978fc6987bb978d3dfc58,GuildBank,0,0,1,1,0,0,0,0
test,DAPP::DAppSCAN-source/contracts/consensys-The_LAO/moloch-4bc443f4dad60279b47978fc6987bb978d3dfc58::Moloch,DAPP,DAppSCAN-source/contracts/consensys-The_LAO/moloch-4bc443f4dad60279b47978fc6987bb978d3dfc58,Moloch,1,1,5,6,3,26,0,0
test,DAPP::DAppSCAN-source/contracts/consensys-The_LAO/moloch-4bc443f4dad60279b47978fc6987bb978d3dfc58::MolochPool,DAPP,DAppSCAN-source/contracts/consensys-The_LAO/moloch-4bc443f4dad60279b47978fc6987bb978d3dfc58,MolochPool,0,0,5,5,0,18,0,0
test,DAPP::DAppSCAN-source/contracts/consensys-The_LAO/moloch-4bc443f4dad60279b47978fc6987bb978d3dfc58::GnosisSafe,DAPP,DAppSCAN-source/contracts/consensys-The_LAO/moloch-4bc443f4dad60279b47978fc6987bb978d3dfc58,GnosisSafe,0,0,1,1,0,0,0,0
test,DAPP::DAppSCAN-source/contracts/consensys-The_LAO/moloch-4bc443f4dad60279b47978fc6987bb978d3dfc58::SocialRecoveryModule,DAPP,DAppSCAN-source/contracts/consensys-The_LAO/moloch-4bc443f4dad60279b47978fc6987bb978d3dfc58,SocialRecoveryModule,0,0,1,1,1,2,0,0
test,DAPP::DAppSCAN-source/contracts/consensys-The_LAO/moloch-4bc443f4dad60279b47978fc6987bb978d3dfc58::DailyLimitModule,DAPP,DAppSCAN-source/contracts/consensys-The_LAO/moloch-4bc443f4dad60279b47978fc6987bb978d3dfc58,DailyLimitModule,0,0,1,1,1,2,0,0
test,DAPP::DAppSCAN-source/contracts/consensys-The_LAO/moloch-4bc443f4dad60279b47978fc6987bb978d3dfc58::StateChannelModule,DAPP,DAppSCAN-source/contracts/consensys-The_LAO/moloch-4bc443f4dad60279b47978fc6987bb978d3dfc58,StateChannelModule,0,0,2,2,0,3,0,0
test,DAPP::DAppSCAN-source/contracts/consensys-The_LAO/moloch-4bc443f4dad60279b47978fc6987bb978d3dfc58::WhitelistModule,DAPP,DAppSCAN-source/contracts/consensys-The_LAO/moloch-4bc443f4dad60279b47978fc6987bb978d3dfc58,WhitelistModule,0,0,1,1,0,0,0,0
test,DAPP::DAppSCAN-source/contracts/consensys-The_LAO/moloch-4bc443f4dad60279b47978fc6987bb978d3dfc58::Submitter,DAPP,DAppSCAN-source/contracts/consensys-The_LAO/moloch-4bc443f4dad60279b47978fc6987bb978d3dfc58,Submitter,0,0,3,3,0,3,0,0
test,DAPP::DAppSCAN-source/contracts/consensys-The_LAO/moloch-4bc443f4dad60279b47978fc6987bb978d3dfc58::ClaimsTokenERC20Extension,DAPP,DAppSCAN-source/contracts/consensys-The_LAO/moloch-4bc443f4dad60279b47978fc6987bb978d3dfc58,ClaimsTokenERC20Extension,0,0,1,1,1,2,0,0
test,DAPP::DAppSCAN-source/contracts/QuillAudits-Lido-WstETH/lido-dao-ea6fa222004b88e6a24b566a51e5b56b0079272d::Bar,DAPP,DAppSCAN-source/contracts/QuillAudits-Lido-WstETH/lido-dao-ea6fa222004b88e6a24b566a51e5b56b0079272d,Bar,0,0,1,1,0,0,0,0
test,DAPP::DAppSCAN-source/contracts/QuillAudits-Lido-WstETH/lido-dao-ea6fa222004b88e6a24b566a51e5b56b0079272d::Foo,DAPP,DAppSCAN-source/contracts/QuillAudits-Lido-WstETH/lido-dao-ea6fa222004b88e6a24b566a51e5b56b0079272d,Foo,0,0,1,1,0,0,0,0
test,DAPP::DAppSCAN-source/contracts/QuillAudits-Lido-WstETH/lido-dao-ea6fa222004b88e6a24b566a51e5b56b0079272d::Lido,DAPP,DAppSCAN-source/contracts/QuillAudits-Lido-WstETH/lido-dao-ea6fa222004b88e6a24b566a51e5b56b0079272d,Lido,0,0,4,4,2,5,0,0
test,DAPP::DAppSCAN-source/contracts/QuillAudits-Lido-WstETH/lido-dao-ea6fa222004b88e6a24b566a51e5b56b0079272d::WstETH,DAPP,DAppSCAN-source/contracts/QuillAudits-Lido-WstETH/lido-dao-ea6fa222004b88e6a24b566a51e5b56b0079272d,WstETH,1,2,4,6,0,21,0,0
test,DAPP::DAppSCAN-source/contracts/QuillAudits-Lido-WstETH/lido-dao-ea6fa222004b88e6a24b566a51e5b56b0079272d::LidoOracle,DAPP,DAppSCAN-source/contracts/QuillAudits-Lido-WstETH/lido-dao-ea6fa222004b88e6a24b566a51e5b56b0079272d,LidoOracle,0,0,2,2,6,16,0,0
test,DAPP::DAppSCAN-source/contracts/QuillAudits-Lido-WstETH/lido-dao-ea6fa222004b88e6a24b566a51e5b56b0079272d::NodeOperatorsRegistry,DAPP,DAppSCAN-source/contracts/QuillAudits-Lido-WstETH/lido-dao-ea6fa222004b88e6a24b566a51e5b56b0079272d,NodeOperatorsRegistry,0,0,6,6,7,35,0,0
test,DAPP::DAppSCAN-source/contracts/openzeppelin-Endaoment/endaoment-contracts-f60aa253d3d869ad6460877f23e6092acb313add::Org,DAPP,DAppSCAN-source/contracts/openzeppelin-Endaoment/endaoment-contracts-f60aa253d3d869ad6460877f23e6092acb313add,Org,0,0,1,1,0,0,0,0
test,DAPP::DAppSCAN-source/contracts/openzeppelin-Endaoment/endaoment-contracts-f60aa253d3d869ad6460877f23e6092acb313add::FundFactory,DAPP,DAppSCAN-source/contracts/openzeppelin-Endaoment/endaoment-contracts-f60aa253d3d869ad6460877f23e6092acb313add,FundFactory,0,0,1,1,0,0,0,0
test,DAPP::DAppSCAN-source/contracts/openzeppelin-Endaoment/endaoment-contracts-f60aa253d3d869ad6460877f23e6092acb313add::Fund,DAPP,DAppSCAN-source/contracts/openzeppelin-Endaoment/endaoment-contracts-f60aa253d3d869ad6460877f23e6092acb313add,Fund,1,1,2,3,0,3,0,0
test,DAPP::DAppSCAN-source/contracts/QuillAudits-Keep3r.Network-Keep3r.Network/StakingRewardsV3-13ecc6966ae1a413f62224382bfd4d64b1a22351::StakingRewardsV3,DAPP,DAppSCAN-source/contracts/QuillAudits-Keep3r.Network-Keep3r.Network/StakingRewardsV3-13ecc6966ae1a413f62224382bfd4d64b1a22351,StakingRewardsV3,1,1,6,7,1,20,0,0
test,DAPP::DAppSCAN-source/contracts/Coinbae-TapCoins_Token_Contract/code::UpgradeableToken,DAPP,DAppSCAN-source/contracts/Coinbae-TapCoins_Token_Contract/code,UpgradeableToken,1,1,1,2,1,5,0,0
test,DAPP::DAppSCAN-source/contracts/Coinbae-TapCoins_Token_Contract/code::CrowdsaleToken,DAPP,DAppSCAN-source/contracts/Coinbae-TapCoins_Token_Contract/code,CrowdsaleToken,0,0,1,1,1,2,0,0
test,DAPP::DAppSCAN-source/contracts/Coinbae-TapCoins_Token_Contract/code::TapcoinToken,DAPP,DAppSCAN-source/contracts/Coinbae-TapCoins_Token_Contract/code,TapcoinToken,0,0,1,1,1,2,0,0
test,DAPP::DAppSCAN-source/contracts/Hacken-VYNKSAFE/code::BUSDVYNCSTAKE,DAPP,DAppSCAN-source/contracts/Hacken-VYNKSAFE/code,BUSDVYNCSTAKE,1,2,16,18,3,170,0,0
test,"DAPP::DAppSCAN-source/contracts/Inspex-Tokens, Farm & Shop/-SpeedStar-Audit-3e39d7acf9c1aa9f3a5511c161c2035ba7d6bc1f::Timelock",DAPP,"DAppSCAN-source/contracts/Inspex-Tokens, Farm & Shop/-SpeedStar-Audit-3e39d7acf9c1aa9f3a5511c161c2035ba7d6bc1f",Timelock,0,0,2,2,0,1,0,0
test,"DAPP::DAppSCAN-source/contracts/Inspex-Tokens, Farm & Shop/-SpeedStar-Audit-3e39d7acf9c1aa9f3a5511c161c2035ba7d6bc1f::Pack",DAPP,"DAppSCAN-source/contracts/Inspex-Tokens, Farm & Shop/-SpeedStar-Audit-3e39d7acf9c1aa9f3a5511c161c2035ba7d6bc1f",Pack,0,0,3,3,1,5,0,0
test,"DAPP::DAppSCAN-source/contracts/Inspex-Tokens, Farm & Shop/-SpeedStar-Audit-3e39d7acf9c1aa9f3a5511c161c2035ba7d6bc1f::Facility",DAPP,"DAppSCAN-source/contracts/Inspex-Tokens, Farm & Shop/-SpeedStar-Audit-3e39d7acf9c1aa9f3a5511c161c2035ba7d6bc1f",Facility,0,0,2,2,0,3,0,0
test,"DAPP::DAppSCAN-source/contracts/Inspex-Tokens, Farm & Shop/-SpeedStar-Audit-3e39d7acf9c1aa9f3a5511c161c2035ba7d6bc1f::SwapHorse",DAPP,"DAppSCAN-source/contracts/Inspex-Tokens, Farm & Shop/-SpeedStar-Audit-3e39d7acf9c1aa9f3a5511c161c2035ba7d6bc1f",SwapHorse,0,0,1,1,0,0,0,0
test,"DAPP::DAppSCAN-source/contracts/Inspex-Tokens, Farm & Shop/-SpeedStar-Audit-3e39d7acf9c1aa9f3a5511c161c2035ba7d6bc1f::Horse",DAPP,"DAppSCAN-source/contracts/Inspex-Tokens, Farm & Shop/-SpeedStar-Audit-3e39d7acf9c1aa9f3a5511c161c2035ba7d6bc1f",Horse,0,0,2,2,0,3,0,0
test,"DAPP::DAppSCAN-source/contracts/Inspex-Tokens, Farm & Shop/-SpeedStar-Audit-3e39d7acf9c1aa9f3a5511c161c2035ba7d6bc1f::Shop",DAPP,"DAppSCAN-source/contracts/Inspex-Tokens, Farm & Shop/-SpeedStar-Audit-3e39d7acf9c1aa9f3a5511c161c2035ba7d6bc1f",Shop,0,0,1,1,0,0,0,0
test,"DAPP::DAppSCAN-source/contracts/Inspex-Tokens, Farm & Shop/-SpeedStar-Audit-3e39d7acf9c1aa9f3a5511c161c2035ba7d6bc1f::ERC721",DAPP,"DAppSCAN-source/contracts/Inspex-Tokens, Farm & Shop/-SpeedStar-Audit-3e39d7acf9c1aa9f3a5511c161c2035ba7d6bc1f",ERC721,0,0,3,3,0,8,0,0
test,"DAPP::DAppSCAN-source/contracts/Inspex-Tokens, Farm & Shop/-SpeedStar-Audit-3e39d7acf9c1aa9f3a5511c161c2035ba7d6bc1f::ERC721URIStorage",DAPP,"DAppSCAN-source/contracts/Inspex-Tokens, Farm & Shop/-SpeedStar-Audit-3e39d7acf9c1aa9f3a5511c161c2035ba7d6bc1f",ERC721URIStorage,0,0,2,2,0,3,0,0
test,"DAPP::DAppSCAN-source/contracts/Inspex-Tokens, Farm & Shop/-SpeedStar-Audit-3e39d7acf9c1aa9f3a5511c161c2035ba7d6bc1f::ERC721Upgradeable",DAPP,"DAppSCAN-source/contracts/Inspex-Tokens, Farm & Shop/-SpeedStar-Audit-3e39d7acf9c1aa9f3a5511c161c2035ba7d6bc1f",ERC721Upgradeable,0,0,3,3,0,8,0,0
test,"DAPP::DAppSCAN-source/contracts/Inspex-Tokens, Farm & Shop/-SpeedStar-Audit-3e39d7acf9c1aa9f3a5511c161c2035ba7d6bc1f::Staking",DAPP,"DAppSCAN-source/contracts/Inspex-Tokens, Farm & Shop/-SpeedStar-Audit-3e39d7acf9c1aa9f3a5511c161c2035ba7d6bc1f",Staking,1,1,18,19,2,244,0,0
test,DAPP::DAppSCAN-source/contracts/QuillAudits-1inch-Fee Collector/fee-collector-3c2626763fd829500496f15476d5e98fbdf4f574::FeeCollector,DAPP,DAppSCAN-source/contracts/QuillAudits-1inch-Fee Collector/fee-collector-3c2626763fd829500496f15476d5e98fbdf4f574,FeeCollector,1,1,4,5,3,15,0,0
test,DAPP::DAppSCAN-source/contracts/PeckShield-TranchessV1.1/contract-core-68a86350313c1cb9e5467e791d3e9efaf228a0df::BscAprOracle,DAPP,DAppSCAN-source/contracts/PeckShield-TranchessV1.1/contract-core-68a86350313c1cb9e5467e791d3e9efaf228a0df,BscAprOracle,0,0,1,1,0,0,0,0
test,DAPP::DAppSCAN-source/contracts/PeckShield-TranchessV1.1/contract-core-68a86350313c1cb9e5467e791d3e9efaf228a0df::AprOracle,DAPP,DAppSCAN-source/contracts/PeckShield-TranchessV1.1/contract-core-68a86350313c1cb9e5467e791d3e9efaf228a0df,AprOracle,0,0,1,1,0,0,0,0
test,DAPP::DAppSCAN-source/contracts/PeckShield-TranchessV1.1/contract-core-68a86350313c1cb9e5467e791d3e9efaf228a0df::ExchangeV2,DAPP,DAppSCAN-source/contracts/PeckShield-TranchessV1.1/contract-core-68a86350313c1cb9e5467e791d3e9efaf228a0df,ExchangeV2,0,0,21,21,12,98,0,0
test,DAPP::DAppSCAN-source/contracts/PeckShield-TranchessV1.1/contract-core-68a86350313c1cb9e5467e791d3e9efaf228a0df::Exchange,DAPP,DAppSCAN-source/contracts/PeckShield-TranchessV1.1/contract-core-68a86350313c1cb9e5467e791d3e9efaf228a0df,Exchange,0,0,29,29,4,378,0,0
test,DAPP::DAppSCAN-source/contracts/PeckShield-TranchessV1.1/contract-core-68a86350313c1cb9e5467e791d3e9efaf228a0df::ExchangeRoles,DAPP,DAppSCAN-source/contracts/PeckShield-TranchessV1.1/contract-core-68a86350313c1cb9e5467e791d3e9efaf228a0df,ExchangeRoles,0,0,1,1,0,0,0,0
test,DAPP::DAppSCAN-source/contracts/PeckShield-TranchessV1.1/contract-core-68a86350313c1cb9e5467e791d3e9efaf228a0df::StakingV2,DAPP,DAppSCAN-source/contracts/PeckShield-TranchessV1.1/contract-core-68a86350313c1cb9e5467e791d3e9efaf228a0df,StakingV2,1,1,9,10,4,47,0,0
test,DAPP::DAppSCAN-source/contracts/PeckShield-TranchessV1.1/contract-core-68a86350313c1cb9e5467e791d3e9efaf228a0df::Staking,DAPP,DAppSCAN-source/contracts/PeckShield-TranchessV1.1/contract-core-68a86350313c1cb9e5467e791d3e9efaf228a0df,Staking,0,0,17,17,2,246,0,0
test,DAPP::DAppSCAN-source/contracts/PeckShield-TranchessV1.1/contract-core-68a86350313c1cb9e5467e791d3e9efaf228a0df::Share,DAPP,DAppSCAN-source/contracts/PeckShield-TranchessV1.1/contract-core-68a86350313c1cb9e5467e791d3e9efaf228a0df,Share,0,0,8,8,0,28,0,0
test,DAPP::DAppSCAN-source/contracts/PeckShield-TranchessV1.1/contract-core-68a86350313c1cb9e5467e791d3e9efaf228a0df::FundRoles,DAPP,DAppSCAN-source/contracts/PeckShield-TranchessV1.1/contract-core-68a86350313c1cb9e5467e791d3e9efaf228a0df,FundRoles,0,0,5,5,0,10,0,0
test,DAPP::DAppSCAN-source/contracts/PeckShield-TranchessV1.1/contract-core-68a86350313c1cb9e5467e791d3e9efaf228a0df::PrimaryMarket,DAPP,DAppSCAN-source/contracts/PeckShield-TranchessV1.1/contract-core-68a86350313c1cb9e5467e791d3e9efaf228a0df,PrimaryMarket,0,0,7,7,1,42,0,0
test,DAPP::DAppSCAN-source/contracts/PeckShield-TranchessV1.1/contract-core-68a86350313c1cb9e5467e791d3e9efaf228a0df::Fund,DAPP,DAppSCAN-source/contracts/PeckShield-TranchessV1.1/contract-core-68a86350313c1cb9e5467e791d3e9efaf228a0df,Fund,0,0,9,9,7,46,0,0
test,DAPP::DAppSCAN-source/contracts/PeckShield-TranchessV1.1/contract-core-68a86350313c1cb9e5467e791d3e9efaf228a0df::ProtocolDataProvider,DAPP,DAppSCAN-source/contracts/PeckShield-TranchessV1.1/contract-core-68a86350313c1cb9e5467e791d3e9efaf228a0df,ProtocolDataProvider,0,0,2,2,1,3,0,0
test,DAPP::DAppSCAN-source/contracts/PeckShield-TranchessV1.1/contract-core-68a86350313c1cb9e5467e791d3e9efaf228a0df::VotingEscrowHelper,DAPP,DAppSCAN-source/contracts/PeckShield-TranchessV1.1/contract-core-68a86350313c1cb9e5467e791d3e9efaf228a0df,VotingEscrowHelper,0,0,1,1,0,0,0,0
test,DAPP::DAppSCAN-source/contracts/PeckShield-TranchessV1.1/contract-core-68a86350313c1cb9e5467e791d3e9efaf228a0df::StakingTestWrapper,DAPP,DAppSCAN-source/contracts/PeckShield-TranchessV1.1/contract-core-68a86350313c1cb9e5467e791d3e9efaf228a0df,StakingTestWrapper,0,0,17,17,2,246,0,0
test,DAPP::DAppSCAN-source/contracts/PeckShield-TranchessV1.1/contract-core-68a86350313c1cb9e5467e791d3e9efaf228a0df::OrderQueueTestWrapper,DAPP,DAppSCAN-source/contracts/PeckShield-TranchessV1.1/contract-core-68a86350313c1cb9e5467e791d3e9efaf228a0df,OrderQueueTestWrapper,0,0,5,5,0,10,0,0
test,DAPP::DAppSCAN-source/contracts/PeckShield-TranchessV1.1/contract-core-68a86350313c1cb9e5467e791d3e9efaf228a0df::StakingV2TestWrapper,DAPP,DAppSCAN-source/contracts/PeckShield-TranchessV1.1/contract-core-68a86350313c1cb9e5467e791d3e9efaf228a0df,StakingV2TestWrapper,0,0,9,9,5,36,0,0
test,DAPP::DAppSCAN-source/contracts/PeckShield-TranchessV1.1/contract-core-68a86350313c1cb9e5467e791d3e9efaf228a0df::Timelock,DAPP,DAppSCAN-source/contracts/PeckShield-TranchessV1.1/contract-core-68a86350313c1cb9e5467e791d3e9efaf228a0df,Timelock,0,0,1,1,0,0,0,0
test,DAPP::DAppSCAN-source/contracts/PeckShield-TranchessV1.1/contract-core-68a86350313c1cb9e5467e791d3e9efaf228a0df::VotingEscrow,DAPP,DAppSCAN-source/contracts/PeckShield-TranchessV1.1/contract-core-68a86350313c1cb9e5467e791d3e9efaf228a0df,VotingEscrow,0,0,5,5,2,15,0,0
test,DAPP::DAppSCAN-source/contracts/PeckShield-TranchessV1.1/contract-core-68a86350313c1cb9e5467e791d3e9efaf228a0df::InterestRateBallot,DAPP,DAppSCAN-source/contracts/PeckShield-TranchessV1.1/contract-core-68a86350313c1cb9e5467e791d3e9efaf228a0df,InterestRateBallot,0,0,2,2,1,4,0,0
test,DAPP::DAppSCAN-source/contracts/PeckShield-TranchessV1.1/contract-core-68a86350313c1cb9e5467e791d3e9efaf228a0df::VotingEscrowV2,DAPP,DAppSCAN-source/contracts/PeckShield-TranchessV1.1/contract-core-68a86350313c1cb9e5467e791d3e9efaf228a0df,VotingEscrowV2,0,0,6,6,3,30,0,0
test,DAPP::DAppSCAN-source/contracts/PeckShield-TranchessV1.1/contract-core-68a86350313c1cb9e5467e791d3e9efaf228a0df::VestingEscrow,DAPP,DAppSCAN-source/contracts/PeckShield-TranchessV1.1/contract-core-68a86350313c1cb9e5467e791d3e9efaf228a0df,VestingEscrow,0,0,2,2,1,3,0,0
test,DAPP::DAppSCAN-source/contracts/PeckShield-TranchessV1.1/contract-core-68a86350313c1cb9e5467e791d3e9efaf228a0df::ChessRoles,DAPP,DAppSCAN-source/contracts/PeckShield-TranchessV1.1/contract-core-68a86350313c1cb9e5467e791d3e9efaf228a0df,ChessRoles,0,0,5,5,0,10,0,0
test,DAPP::DAppSCAN-source/contracts/PeckShield-TranchessV1.1/contract-core-68a86350313c1cb9e5467e791d3e9efaf228a0df::FeeDistributor,DAPP,DAppSCAN-source/contracts/PeckShield-TranchessV1.1/contract-core-68a86350313c1cb9e5467e791d3e9efaf228a0df,FeeDistributor,0,0,4,4,3,14,0,0
test,DAPP::DAppSCAN-source/contracts/PeckShield-TranchessV1.1/contract-core-68a86350313c1cb9e5467e791d3e9efaf228a0df::ChessSchedule,DAPP,DAppSCAN-source/contracts/PeckShield-TranchessV1.1/contract-core-68a86350313c1cb9e5467e791d3e9efaf228a0df,ChessSchedule,0,0,7,7,1,13,0,0
test,DAPP::DAppSCAN-source/contracts/PeckShield-TranchessV1.1/contract-core-68a86350313c1cb9e5467e791d3e9efaf228a0df::LiquidityStaking,DAPP,DAppSCAN-source/contracts/PeckShield-TranchessV1.1/contract-core-68a86350313c1cb9e5467e791d3e9efaf228a0df,LiquidityStaking,0,0,4,4,0,4,0,0
test,DAPP::DAppSCAN-source/contracts/PeckShield-COIN98/code::C98MSiG,DAPP,DAppSCAN-source/contracts/PeckShield-COIN98/code,C98MSiG,1,1,0,1,0,0,0,0
test,DAPP::DAppSCAN-source/contracts/PeckShield-BNPL/BNPL-0ee587a081668dcab166a3a275b8a6c4794ead4d::BNPLFactory,DAPP,DAppSCAN-source/contracts/PeckShield-BNPL/BNPL-0ee587a081668dcab166a3a275b8a6c4794ead4d,BNPLFactory,0,0,1,1,0,0,0,0
test,DAPP::DAppSCAN-source/contracts/PeckShield-BNPL/BNPL-0ee587a081668dcab166a3a275b8a6c4794ead4d::BankingNode,DAPP,DAppSCAN-source/contracts/PeckShield-BNPL/BNPL-0ee587a081668dcab166a3a275b8a6c4794ead4d,BankingNode,1,2,14,16,2,90,0,0
test,DAPP::DAppSCAN-source/contracts/PeckShield-BNPL/BNPL-0ee587a081668dcab166a3a275b8a6c4794ead4d::BNPLRewardsController,DAPP,DAppSCAN-source/contracts/PeckShield-BNPL/BNPL-0ee587a081668dcab166a3a275b8a6c4794ead4d,BNPLRewardsController,0,0,9,9,3,47,5,0
test,DAPP::DAppSCAN-source/contracts/QuillAudits-Abyss Finance-Abyss Eth2 Depositor/abyss-eth2depositor-a2d58dea4d79846dc682fe93ac3e0eca02323d11::AbyssEth2Depositor,DAPP,DAppSCAN-source/contracts/QuillAudits-Abyss Finance-Abyss Eth2 Depositor/abyss-eth2depositor-a2d58dea4d79846dc682fe93ac3e0eca02323d11,AbyssEth2Depositor,1,1,0,1,0,0,0,0
test,DAPP::DAppSCAN-source/contracts/PeckShield-btdotfinance/bt-finance-6300bc1271b73a1755fae02594d25fdf6fa39a9c::StakingRewards,DAPP,DAppSCAN-source/contracts/PeckShield-btdotfinance/bt-finance-6300bc1271b73a1755fae02594d25fdf6fa39a9c,StakingRewards,0,0,6,6,0,6,0,0
test,DAPP::DAppSCAN-source/contracts/PeckShield-btdotfinance/bt-finance-6300bc1271b73a1755fae02594d25fdf6fa39a9c::BT_ETHVoteProxy,DAPP,DAppSCAN-source/contracts/PeckShield-btdotfinance/bt-finance-6300bc1271b73a1755fae02594d25fdf6fa39a9c,BT_ETHVoteProxy,0,0,2,2,0,0,0,0
test,DAPP::DAppSCAN-source/contracts/PeckShield-btdotfinance/bt-finance-6300bc1271b73a1755fae02594d25fdf6fa39a9c::Governable,DAPP,DAppSCAN-source/contracts/PeckShield-btdotfinance/bt-finance-6300bc1271b73a1755fae02594d25fdf6fa39a9c,Governable,0,0,1,1,0,0,0,0
test,DAPP::DAppSCAN-source/contracts/PeckShield-btdotfinance/bt-finance-6300bc1271b73a1755fae02594d25fdf6fa39a9c::Controllable,DAPP,DAppSCAN-source/contracts/PeckShield-btdotfinance/bt-finance-6300bc1271b73a1755fae02594d25fdf6fa39a9c,Controllable,0,0,2,2,0,1,0,0
test,DAPP::DAppSCAN-source/contracts/PeckShield-btdotfinance/bt-finance-6300bc1271b73a1755fae02594d25fdf6fa39a9c::AutoStake,DAPP,DAppSCAN-source/contracts/PeckShield-btdotfinance/bt-finance-6300bc1271b73a1755fae02594d25fdf6fa39a9c,AutoStake,0,0,8,8,1,31,0,0
test,DAPP::DAppSCAN-source/contracts/PeckShield-btdotfinance/bt-finance-6300bc1271b73a1755fae02594d25fdf6fa39a9c::StakingRewardsFactory,DAPP,DAppSCAN-source/contracts/PeckShield-btdotfinance/bt-finance-6300bc1271b73a1755fae02594d25fdf6fa39a9c,StakingRewardsFactory,0,0,4,4,0,9,0,0
test,DAPP::DAppSCAN-source/contracts/PeckShield-btdotfinance/bt-finance-6300bc1271b73a1755fae02594d25fdf6fa39a9c::BT,DAPP,DAppSCAN-source/contracts/PeckShield-btdotfinance/bt-finance-6300bc1271b73a1755fae02594d25fdf6fa39a9c,BT,0,0,1,1,1,2,0,0
test,DAPP::DAppSCAN-source/contracts/PeckShield-btdotfinance/bt-finance-6300bc1271b73a1755fae02594d25fdf6fa39a9c::Strategy3CRVPickle,DAPP,DAppSCAN-source/contracts/PeckShield-btdotfinance/bt-finance-6300bc1271b73a1755fae02594d25fdf6fa39a9c,Strategy3CRVPickle,0,0,14,14,0,75,0,0
test,DAPP::DAppSCAN-source/contracts/PeckShield-btdotfinance/bt-finance-6300bc1271b73a1755fae02594d25fdf6fa39a9c::StrategyWBTCPickle,DAPP,DAppSCAN-source/contracts/PeckShield-btdotfinance/bt-finance-6300bc1271b73a1755fae02594d25fdf6fa39a9c,StrategyWBTCPickle,0,0,16,16,0,110,0,0
test,DAPP::DAppSCAN-source/contracts/PeckShield-btdotfinance/bt-finance-6300bc1271b73a1755fae02594d25fdf6fa39a9c::StrategyCRVRenWBTCPickle,DAPP,DAppSCAN-source/contracts/PeckShield-btdotfinance/bt-finance-6300bc1271b73a1755fae02594d25fdf6fa39a9c,StrategyCRVRenWBTCPickle,0,0,14,14,0,75,0,0
test,DAPP::DAppSCAN-source/contracts/PeckShield-btdotfinance/bt-finance-6300bc1271b73a1755fae02594d25fdf6fa39a9c::StrategyUSDCPickele,DAPP,DAppSCAN-source/contracts/PeckShield-btdotfinance/bt-finance-6300bc1271b73a1755fae02594d25fdf6fa39a9c,StrategyUSDCPickele,0,0,16,16,0,110,0,0
test,DAPP::DAppSCAN-source/contracts/PeckShield-btdotfinance/bt-finance-6300bc1271b73a1755fae02594d25fdf6fa39a9c::StrategyETHAlpha,DAPP,DAppSCAN-source/contracts/PeckShield-btdotfinance/bt-finance-6300bc1271b73a1755fae02594d25fdf6fa39a9c,StrategyETHAlpha,0,0,7,7,0,24,0,0
test,DAPP::DAppSCAN-source/contracts/PeckShield-btdotfinance/bt-finance-6300bc1271b73a1755fae02594d25fdf6fa39a9c::bVault,DAPP,DAppSCAN-source/contracts/PeckShield-btdotfinance/bt-finance-6300bc1271b73a1755fae02594d25fdf6fa39a9c,bVault,0,0,5,5,4,35,0,0
test,DAPP::DAppSCAN-source/contracts/PeckShield-btdotfinance/bt-finance-6300bc1271b73a1755fae02594d25fdf6fa39a9c::StrategyWBTCUNIFarm,DAPP,DAppSCAN-source/contracts/PeckShield-btdotfinance/bt-finance-6300bc1271b73a1755fae02594d25fdf6fa39a9c,StrategyWBTCUNIFarm,0,0,15,15,0,90,0,0
test,DAPP::DAppSCAN-source/contracts/PeckShield-btdotfinance/bt-finance-6300bc1271b73a1755fae02594d25fdf6fa39a9c::StrategyUSDCUNIFarm,DAPP,DAppSCAN-source/contracts/PeckShield-btdotfinance/bt-finance-6300bc1271b73a1755fae02594d25fdf6fa39a9c,StrategyUSDCUNIFarm,0,0,15,15,0,90,0,0
test,DAPP::DAppSCAN-source/contracts/PeckShield-btdotfinance/bt-finance-6300bc1271b73a1755fae02594d25fdf6fa39a9c::StrategyUSDTUNIFarm,DAPP,DAppSCAN-source/contracts/PeckShield-btdotfinance/bt-finance-6300bc1271b73a1755fae02594d25fdf6fa39a9c,StrategyUSDTUNIFarm,0,0,15,15,0,90,0,0
test,DAPP::DAppSCAN-source/contracts/PeckShield-btdotfinance/bt-finance-6300bc1271b73a1755fae02594d25fdf6fa39a9c::StrategyDATSLPFarm,DAPP,DAppSCAN-source/contracts/PeckShield-btdotfinance/bt-finance-6300bc1271b73a1755fae02594d25fdf6fa39a9c,StrategyDATSLPFarm,0,0,15,15,0,86,0,0
test,DAPP::DAppSCAN-source/contracts/PeckShield-btdotfinance/bt-finance-6300bc1271b73a1755fae02594d25fdf6fa39a9c::StrategyDAIUNIFarm,DAPP,DAppSCAN-source/contracts/PeckShield-btdotfinance/bt-finance-6300bc1271b73a1755fae02594d25fdf6fa39a9c,StrategyDAIUNIFarm,0,0,15,15,0,90,0,0
test,DAPP::DAppSCAN-source/contracts/consensys-Aave_Protocol_V2/aave-protocol-v2-f756f44a8d6a328cd545335e46e7128939db88c4::LendingPoolAddressesProvider,DAPP,DAppSCAN-source/contracts/consensys-Aave_Protocol_V2/aave-protocol-v2-f756f44a8d6a328cd545335e46e7128939db88c4,LendingPoolAddressesProvider,0,0,1,1,0,0,0,0
test,DAPP::DAppSCAN-source/contracts/consensys-Aave_Protocol_V2/aave-protocol-v2-f756f44a8d6a328cd545335e46e7128939db88c4::LendingPoolConfigurator,DAPP,DAppSCAN-source/contracts/consensys-Aave_Protocol_V2/aave-protocol-v2-f756f44a8d6a328cd545335e46e7128939db88c4,LendingPoolConfigurator,0,0,23,23,0,382,0,0
test,DAPP::DAppSCAN-source/contracts/consensys-Aave_Protocol_V2/aave-protocol-v2-f756f44a8d6a328cd545335e46e7128939db88c4::DefaultReserveInterestRateStrategy,DAPP,DAppSCAN-source/contracts/consensys-Aave_Protocol_V2/aave-protocol-v2-f756f44a8d6a328cd545335e46e7128939db88c4,DefaultReserveInterestRateStrategy,0,0,1,1,0,0,0,0
test,DAPP::DAppSCAN-source/contracts/consensys-Aave_Protocol_V2/aave-protocol-v2-f756f44a8d6a328cd545335e46e7128939db88c4::LendingPoolCollateralManager,DAPP,DAppSCAN-source/contracts/consensys-Aave_Protocol_V2/aave-protocol-v2-f756f44a8d6a328cd545335e46e7128939db88c4,LendingPoolCollateralManager,0,0,3,3,0,10,0,0
test,DAPP::DAppSCAN-source/contracts/consensys-Aave_Protocol_V2/aave-protocol-v2-f756f44a8d6a328cd545335e46e7128939db88c4::LendingPool,DAPP,DAppSCAN-source/contracts/consensys-Aave_Protocol_V2/aave-protocol-v2-f756f44a8d6a328cd545335e46e7128939db88c4,LendingPool,1,2,21,23,2,272,0,0
test,DAPP::DAppSCAN-source/contracts/consensys-Aave_Protocol_V2/aave-protocol-v2-f756f44a8d6a328cd545335e46e7128939db88c4::AaveProtocolTestHelpers,DAPP,DAppSCAN-source/contracts/consensys-Aave_Protocol_V2/aave-protocol-v2-f756f44a8d6a328cd545335e46e7128939db88c4,AaveProtocolTestHelpers,0,0,2,2,0,2,0,0
test,DAPP::DAppSCAN-source/contracts/consensys-Aave_Protocol_V2/aave-protocol-v2-f756f44a8d6a328cd545335e46e7128939db88c4::ChainlinkProxyPriceProvider,DAPP,DAppSCAN-source/contracts/consensys-Aave_Protocol_V2/aave-protocol-v2-f756f44a8d6a328cd545335e46e7128939db88c4,ChainlinkProxyPriceProvider,0,0,1,1,0,0,0,0
test,DAPP::DAppSCAN-source/contracts/consensys-Aave_Protocol_V2/aave-protocol-v2-f756f44a8d6a328cd545335e46e7128939db88c4::WalletBalanceProvider,DAPP,DAppSCAN-source/contracts/consensys-Aave_Protocol_V2/aave-protocol-v2-f756f44a8d6a328cd545335e46e7128939db88c4,WalletBalanceProvider,0,0,1,1,0,0,0,0
test,DAPP::DAppSCAN-source/contracts/consensys-Aave_Protocol_V2/aave-protocol-v2-f756f44a8d6a328cd545335e46e7128939db88c4::VariableDebtToken,DAPP,DAppSCAN-source/contracts/consensys-Aave_Protocol_V2/aave-protocol-v2-f756f44a8d6a328cd545335e46e7128939db88c4,VariableDebtToken,0,0,5,5,0,8,0,0
test,DAPP::DAppSCAN-source/contracts/consensys-Aave_Protocol_V2/aave-protocol-v2-f756f44a8d6a328cd545335e46e7128939db88c4::IncentivizedERC20,DAPP,DAppSCAN-source/contracts/consensys-Aave_Protocol_V2/aave-protocol-v2-f756f44a8d6a328cd545335e46e7128939db88c4,IncentivizedERC20,0,0,3,3,0,6,0,0
test,DAPP::DAppSCAN-source/contracts/consensys-Aave_Protocol_V2/aave-protocol-v2-f756f44a8d6a328cd545335e46e7128939db88c4::AToken,DAPP,DAppSCAN-source/contracts/consensys-Aave_Protocol_V2/aave-protocol-v2-f756f44a8d6a328cd545335e46e7128939db88c4,AToken,0,0,7,7,0,16,0,0
test,DAPP::DAppSCAN-source/contracts/consensys-Aave_Protocol_V2/aave-protocol-v2-f756f44a8d6a328cd545335e46e7128939db88c4::StableDebtToken,DAPP,DAppSCAN-source/contracts/consensys-Aave_Protocol_V2/aave-protocol-v2-f756f44a8d6a328cd545335e46e7128939db88c4,StableDebtToken,0,0,6,6,1,14,0,0
test,DAPP::DAppSCAN-source/contracts/consensys-Aave_Protocol_V2/aave-protocol-v2-f756f44a8d6a328cd545335e46e7128939db88c4::BaseAdminUpgradeabilityProxy,DAPP,DAppSCAN-source/contracts/consensys-Aave_Protocol_V2/aave-protocol-v2-f756f44a8d6a328cd545335e46e7128939db88c4,BaseAdminUpgradeabilityProxy,0,0,1,1,0,0,0,0
test,DAPP::DAppSCAN-source/contracts/consensys-Aave_Protocol_V2/aave-protocol-v2-f756f44a8d6a328cd545335e46e7128939db88c4::InitializableAdminUpgradeabilityProxy,DAPP,DAppSCAN-source/contracts/consensys-Aave_Protocol_V2/aave-protocol-v2-f756f44a8d6a328cd545335e46e7128939db88c4,InitializableAdminUpgradeabilityProxy,0,0,2,2,2,4,0,0
test,DAPP::DAppSCAN-source/contracts/consensys-Aave_Protocol_V2/aave-protocol-v2-f756f44a8d6a328cd545335e46e7128939db88c4::UpgradeabilityProxy,DAPP,DAppSCAN-source/contracts/consensys-Aave_Protocol_V2/aave-protocol-v2-f756f44a8d6a328cd545335e46e7128939db88c4,UpgradeabilityProxy,0,0,1,1,0,0,0,0
test,DAPP::DAppSCAN-source/contracts/consensys-Aave_Protocol_V2/aave-protocol-v2-f756f44a8d6a328cd545335e46e7128939db88c4::InitializableUpgradeabilityProxy,DAPP,DAppSCAN-source/contracts/consensys-Aave_Protocol_V2/aave-protocol-v2-f756f44a8d6a328cd545335e46e7128939db88c4,InitializableUpgradeabilityProxy,0,0,2,2,1,5,0,0
test,DAPP::DAppSCAN-source/contracts/consensys-Aave_Protocol_V2/aave-protocol-v2-f756f44a8d6a328cd545335e46e7128939db88c4::AdminUpgradeabilityProxy,DAPP,DAppSCAN-source/contracts/consensys-Aave_Protocol_V2/aave-protocol-v2-f756f44a8d6a328cd545335e46e7128939db88c4,AdminUpgradeabilityProxy,0,0,1,1,0,0,0,0
test,DAPP::DAppSCAN-source/contracts/consensys-Aave_Protocol_V2/aave-protocol-v2-f756f44a8d6a328cd545335e46e7128939db88c4::BaseUpgradeabilityProxy,DAPP,DAppSCAN-source/contracts/consensys-Aave_Protocol_V2/aave-protocol-v2-f756f44a8d6a328cd545335e46e7128939db88c4,BaseUpgradeabilityProxy,0,0,1,1,0,0,0,0
test,DAPP::DAppSCAN-source/contracts/consensys-Aave_Protocol_V2/aave-protocol-v2-f756f44a8d6a328cd545335e46e7128939db88c4::MathUtils,DAPP,DAppSCAN-source/contracts/consensys-Aave_Protocol_V2/aave-protocol-v2-f756f44a8d6a328cd545335e46e7128939db88c4,MathUtils,0,0,2,2,0,2,0,0
test,DAPP::DAppSCAN-source/contracts/consensys-Aave_Protocol_V2/aave-protocol-v2-f756f44a8d6a328cd545335e46e7128939db88c4::GenericLogic,DAPP,DAppSCAN-source/contracts/consensys-Aave_Protocol_V2/aave-protocol-v2-f756f44a8d6a328cd545335e46e7128939db88c4,GenericLogic,0,0,1,1,0,0,0,0
test,DAPP::DAppSCAN-source/contracts/consensys-Aave_Protocol_V2/aave-protocol-v2-f756f44a8d6a328cd545335e46e7128939db88c4::DebtTokenBase,DAPP,DAppSCAN-source/contracts/consensys-Aave_Protocol_V2/aave-protocol-v2-f756f44a8d6a328cd545335e46e7128939db88c4,DebtTokenBase,0,0,3,3,0,6,0,0
test,DAPP::DAppSCAN-source/contracts/Trail_of_Bits-Liquity/dev-f0df3efa5a5f05b205752184cfce107c5bd6e06c::PriceFeed,DAPP,DAppSCAN-source/contracts/Trail_of_Bits-Liquity/dev-f0df3efa5a5f05b205752184cfce107c5bd6e06c,PriceFeed,0,0,1,1,0,0,0,0
test,DAPP::DAppSCAN-source/contracts/Trail_of_Bits-Liquity/dev-f0df3efa5a5f05b205752184cfce107c5bd6e06c::TroveManager,DAPP,DAppSCAN-source/contracts/Trail_of_Bits-Liquity/dev-f0df3efa5a5f05b205752184cfce107c5bd6e06c,TroveManager,1,1,30,31,17,339,0,0
test,DAPP::DAppSCAN-source/contracts/Trail_of_Bits-Liquity/dev-f0df3efa5a5f05b205752184cfce107c5bd6e06c::HintHelpers,DAPP,DAppSCAN-source/contracts/Trail_of_Bits-Liquity/dev-f0df3efa5a5f05b205752184cfce107c5bd6e06c,HintHelpers,0,0,2,2,2,6,0,0
test,DAPP::DAppSCAN-source/contracts/Trail_of_Bits-Liquity/dev-f0df3efa5a5f05b205752184cfce107c5bd6e06c::ActivePool,DAPP,DAppSCAN-source/contracts/Trail_of_Bits-Liquity/dev-f0df3efa5a5f05b205752184cfce107c5bd6e06c,ActivePool,0,0,1,1,1,2,0,0
test,DAPP::DAppSCAN-source/contracts/Trail_of_Bits-Liquity/dev-f0df3efa5a5f05b205752184cfce107c5bd6e06c::CollSurplusPool,DAPP,DAppSCAN-source/contracts/Trail_of_Bits-Liquity/dev-f0df3efa5a5f05b205752184cfce107c5bd6e06c,CollSurplusPool,0,0,1,1,1,2,0,0
test,DAPP::DAppSCAN-source/contracts/Trail_of_Bits-Liquity/dev-f0df3efa5a5f05b205752184cfce107c5bd6e06c::BorrowerOperations,DAPP,DAppSCAN-source/contracts/Trail_of_Bits-Liquity/dev-f0df3efa5a5f05b205752184cfce107c5bd6e06c,BorrowerOperations,1,1,12,13,6,91,0,0
test,DAPP::DAppSCAN-source/contracts/Trail_of_Bits-Liquity/dev-f0df3efa5a5f05b205752184cfce107c5bd6e06c::Migrations,DAPP,DAppSCAN-source/contracts/Trail_of_Bits-Liquity/dev-f0df3efa5a5f05b205752184cfce107c5bd6e06c,Migrations,0,0,1,1,0,0,0,0
test,DAPP::DAppSCAN-source/contracts/Trail_of_Bits-Liquity/dev-f0df3efa5a5f05b205752184cfce107c5bd6e06c::DefaultPool,DAPP,DAppSCAN-source/contracts/Trail_of_Bits-Liquity/dev-f0df3efa5a5f05b205752184cfce107c5bd6e06c,DefaultPool,0,0,1,1,1,2,0,0
test,DAPP::DAppSCAN-source/contracts/Trail_of_Bits-Liquity/dev-f0df3efa5a5f05b205752184cfce107c5bd6e06c::StabilityPool,DAPP,DAppSCAN-source/contracts/Trail_of_Bits-Liquity/dev-f0df3efa5a5f05b205752184cfce107c5bd6e06c,StabilityPool,0,0,10,10,9,53,1,1
test,DAPP::DAppSCAN-source/contracts/Trail_of_Bits-Liquity/dev-f0df3efa5a5f05b205752184cfce107c5bd6e06c::MultiTroveGetter,DAPP,DAppSCAN-source/contracts/Trail_of_Bits-Liquity/dev-f0df3efa5a5f05b205752184cfce107c5bd6e06c,MultiTroveGetter,0,0,3,3,0,8,0,0
test,DAPP::DAppSCAN-source/contracts/Trail_of_Bits-Liquity/dev-f0df3efa5a5f05b205752184cfce107c5bd6e06c::SortedTroves,DAPP,DAppSCAN-source/contracts/Trail_of_Bits-Liquity/dev-f0df3efa5a5f05b205752184cfce107c5bd6e06c,SortedTroves,0,0,2,2,4,11,0,0
test,DAPP::DAppSCAN-source/contracts/Trail_of_Bits-Liquity/dev-f0df3efa5a5f05b205752184cfce107c5bd6e06c::LQTYStaking,DAPP,DAppSCAN-source/contracts/Trail_of_Bits-Liquity/dev-f0df3efa5a5f05b205752184cfce107c5bd6e06c,LQTYStaking,0,0,2,2,3,14,0,0
test,DAPP::DAppSCAN-source/contracts/Trail_of_Bits-Liquity/dev-f0df3efa5a5f05b205752184cfce107c5bd6e06c::CommunityIssuance,DAPP,DAppSCAN-source/contracts/Trail_of_Bits-Liquity/dev-f0df3efa5a5f05b205752184cfce107c5bd6e06c,CommunityIssuance,0,0,4,4,2,10,0,0
test,DAPP::DAppSCAN-source/contracts/Trail_of_Bits-Liquity/dev-f0df3efa5a5f05b205752184cfce107c5bd6e06c::CustomDurationLockupContract,DAPP,DAppSCAN-source/contracts/Trail_of_Bits-Liquity/dev-f0df3efa5a5f05b205752184cfce107c5bd6e06c,CustomDurationLockupContract,0,0,2,2,3,8,0,0
test,DAPP::DAppSCAN-source/contracts/Trail_of_Bits-Liquity/dev-f0df3efa5a5f05b205752184cfce107c5bd6e06c::OneYearLockupContract,DAPP,DAppSCAN-source/contracts/Trail_of_Bits-Liquity/dev-f0df3efa5a5f05b205752184cfce107c5bd6e06c,OneYearLockupContract,0,0,2,2,3,8,0,0
test,DAPP::DAppSCAN-source/contracts/Trail_of_Bits-Liquity/dev-f0df3efa5a5f05b205752184cfce107c5bd6e06c::LQTYToken,DAPP,DAppSCAN-source/contracts/Trail_of_Bits-Liquity/dev-f0df3efa5a5f05b205752184cfce107c5bd6e06c,LQTYToken,0,0,1,1,0,0,0,0
test,DAPP::DAppSCAN-source/contracts/Trail_of_Bits-Liquity/dev-f0df3efa5a5f05b205752184cfce107c5bd6e06c::FunctionCaller,DAPP,DAppSCAN-source/contracts/Trail_of_Bits-Liquity/dev-f0df3efa5a5f05b205752184cfce107c5bd6e06c,FunctionCaller,0,0,2,2,0,0,0,0
test,DAPP::DAppSCAN-source/contracts/Trail_of_Bits-Liquity/dev-f0df3efa5a5f05b205752184cfce107c5bd6e06c::LUSDTokenCaller,DAPP,DAppSCAN-source/contracts/Trail_of_Bits-Liquity/dev-f0df3efa5a5f05b205752184cfce107c5bd6e06c,LUSDTokenCaller,0,0,4,4,0,6,0,0
test,DAPP::DAppSCAN-source/contracts/Trail_of_Bits-Liquity/dev-f0df3efa5a5f05b205752184cfce107c5bd6e06c::EchidnaProxy,DAPP,DAppSCAN-source/contracts/Trail_of_Bits-Liquity/dev-f0df3efa5a5f05b205752184cfce107c5bd6e06c,EchidnaProxy,0,0,18,18,0,38,0,0
test,DAPP::DAppSCAN-source/contracts/QuillAudits-Pickle Finance-Strategy-Curve-scrv-v4_1/protocol-master::StrategyCurveSCRVv4_1,DAPP,DAppSCAN-source/contracts/QuillAudits-Pickle Finance-Strategy-Curve-scrv-v4_1/protocol-master,StrategyCurveSCRVv4_1,1,1,5,6,0,14,0,0
