run,method,seed,error_type,graph_id,contract,probability,threshold,protected_reentrancy_like
reentrancy_only,accepted_label_only,42,false_positive,FORGE::vfp_00058::BasePositionManager,BasePositionManager,0.8575864729984404,0.842,0
reentrancy_only,accepted_label_only,42,false_positive,FORGE::vfp_00058::LikwidLendPosition,LikwidLendPosition,0.8590021308420083,0.842,0
reentrancy_only,accepted_label_only,42,false_negative,FORGE::vfp_00260::Router_Adapter,Router_Adapter,0.4291695341060683,0.842,0
reentrancy_only,accepted_label_only,42,false_negative,FORGE::vfp_00126::SpokePool,SpokePool,0.6337527021315519,0.842,1
reentrancy_only,accepted_label_only,42,false_negative,FORGE::vfp_00288::DelegationMetaSwapAdapter,DelegationMetaSwapAdapter,0.6407108161897911,0.842,1
reentrancy_only,accepted_label_only,42,false_negative,DAPP::DAppSCAN-source/contracts/Hacken-Powerbomb-V1/powerbomb-lite-0f86ff1eecdd723be733a9b33ff4ffa3bbdadcee::PowerBombAvaxCurve,PowerBombAvaxCurve,0.3942766621138947,0.842,1
reentrancy_only,accepted_label_only,42,false_positive,DAPP::DAppSCAN-source/contracts/PeckShield-DarkCrypto/darkcrypto-contracts-fee5be8d36459aebed2b84e6493875b3dc0366fd::DarkRewardPool,DarkRewardPool,0.8568049996928139,0.842,1
reentrancy_only,accepted_label_only,42,false_negative,DAPP::DAppSCAN-source/contracts/PepperSec-Aira-Robonomic/robonomics_contracts-cc35a91de187072214d215262d8371f0159c2498::RobotLiabilityLib,RobotLiabilityLib,0.8249765083944262,0.842,1
reentrancy_only,accepted_label_only,42,false_negative,DAPP::DAppSCAN-source/contracts/PepperSec-Aira-Robonomic/robonomics_contracts-cc35a91de187072214d215262d8371f0159c2498::LighthouseLib,LighthouseLib,0.5899409158546373,0.842,1
reentrancy_only,accepted_label_only,42,false_negative,DAPP::DAppSCAN-source/contracts/BlockSec-blocksec_impossible_finance_swap_v1.2/impossible-swap-core-29aaef89f996acdbee92b67c4d95fb608dc8b876::ImpossibleWrappedToken,ImpossibleWrappedToken,0.16192307843720283,0.842,1
reentrancy_only,accepted_label_only,42,false_negative,DAPP::DAppSCAN-source/contracts/consensys-GrowthDeFi WHEAT/wheat-v1-core-8360ac0a537589bb974e8a5a169bb3e7c95d2857::Exchange,Exchange,0.10819318729780163,0.842,0
reentrancy_only,accepted_label_only,42,false_negative,DAPP::DAppSCAN-source/contracts/SlowMist-ForTube2.0 Smart Contract Security Audit Report/bond-854527d0ea7ad2ddd3504b4d4ae3fcb57cb6445d::PRA,PRA,0.6474393077259201,0.842,1
reentrancy_only,accepted_label_only,42,false_negative,"DAPP::DAppSCAN-source/contracts/Coinfabrik-MintingFactoryV2, BaseUpgradableMarketplace & KODAV3UpgradableGatedMarketplace/known-origin-contracts-v3-d592c5f4fa4e0b6fc65a1fce43e302706aedf607::MintingFactoryV2",MintingFactoryV2,0.1253183751557236,0.842,1
reentrancy_only,accepted_label_only,42,false_positive,"DAPP::DAppSCAN-source/contracts/Coinfabrik-MintingFactoryV2, BaseUpgradableMarketplace & KODAV3UpgradableGatedMarketplace/known-origin-contracts-v3-d592c5f4fa4e0b6fc65a1fce43e302706aedf607::CollabFundsReceiver",CollabFundsReceiver,0.8655057769893822,0.842,1
reentrancy_only,accepted_label_only,42,false_negative,DAPP::DAppSCAN-source/contracts/Solidity_Finance-OKLG - Smart Contract/contracts-e167d0d742d21bcc62d7a5b770a1f0ed1cf31eca::MTGYTokenLocker,MTGYTokenLocker,0.8184287756616463,0.842,1
reentrancy_only,accepted_label_only,42,false_positive,DAPP::DAppSCAN-source/contracts/Solidity_Finance-OKLG - Smart Contract/contracts-e167d0d742d21bcc62d7a5b770a1f0ed1cf31eca::OKLGPasswordManager,OKLGPasswordManager,0.9010205683525222,0.842,1
reentrancy_only,accepted_label_only,42,false_positive,DAPP::DAppSCAN-source/contracts/Solidity_Finance-OKLG - Smart Contract/contracts-e167d0d742d21bcc62d7a5b770a1f0ed1cf31eca::OKLGTrustedTimestamping,OKLGTrustedTimestamping,0.8815766763914122,0.842,0
reentrancy_only,accepted_label_only,42,false_positive,DAPP::DAppSCAN-source/contracts/Solidity_Finance-OKLG - Smart Contract/contracts-e167d0d742d21bcc62d7a5b770a1f0ed1cf31eca::OKLGRaffle,OKLGRaffle,0.8830302723939428,0.842,1
reentrancy_only,accepted_label_only,42,false_negative,DAPP::DAppSCAN-source/contracts/Trail_of_Bits-Liquity/dev-f0df3efa5a5f05b205752184cfce107c5bd6e06c::BorrowerOperations,BorrowerOperations,0.3561131517105505,0.842,1
reentrancy_only,accepted_label_only,42,false_positive,DAPP::DAppSCAN-source/contracts/Trail_of_Bits-Liquity/dev-f0df3efa5a5f05b205752184cfce107c5bd6e06c::SortedTroves,SortedTroves,0.9152305660900366,0.842,1
reentrancy_only,contrastive,42,false_positive,FORGE::vfp_00058::BasePositionManager,BasePositionManager,0.8665769541082937,0.864,0
reentrancy_only,contrastive,42,false_positive,FORGE::vfp_00058::LikwidLendPosition,LikwidLendPosition,0.8775469012422856,0.864,0
reentrancy_only,contrastive,42,false_negative,FORGE::vfp_00260::Router_Adapter,Router_Adapter,0.4477592875741589,0.864,0
reentrancy_only,contrastive,42,false_negative,FORGE::vfp_00126::SpokePool,SpokePool,0.7267819016230432,0.864,1
reentrancy_only,contrastive,42,false_negative,FORGE::vfp_00288::DelegationMetaSwapAdapter,DelegationMetaSwapAdapter,0.7105618659756174,0.864,1
reentrancy_only,contrastive,42,false_negative,DAPP::DAppSCAN-source/contracts/Hacken-Powerbomb-V1/powerbomb-lite-0f86ff1eecdd723be733a9b33ff4ffa3bbdadcee::PowerBombAvaxCurve,PowerBombAvaxCurve,0.3518141136809176,0.864,1
reentrancy_only,contrastive,42,false_negative,DAPP::DAppSCAN-source/contracts/PepperSec-Aira-Robonomic/robonomics_contracts-cc35a91de187072214d215262d8371f0159c2498::RobotLiabilityLib,RobotLiabilityLib,0.7800933879724059,0.864,1
reentrancy_only,contrastive,42,false_negative,DAPP::DAppSCAN-source/contracts/PepperSec-Aira-Robonomic/robonomics_contracts-cc35a91de187072214d215262d8371f0159c2498::LighthouseLib,LighthouseLib,0.6972152801980832,0.864,1
reentrancy_only,contrastive,42,false_negative,DAPP::DAppSCAN-source/contracts/BlockSec-blocksec_impossible_finance_swap_v1.2/impossible-swap-core-29aaef89f996acdbee92b67c4d95fb608dc8b876::ImpossibleWrappedToken,ImpossibleWrappedToken,0.34598613795835464,0.864,1
reentrancy_only,contrastive,42,false_negative,DAPP::DAppSCAN-source/contracts/consensys-GrowthDeFi WHEAT/wheat-v1-core-8360ac0a537589bb974e8a5a169bb3e7c95d2857::Exchange,Exchange,0.21580903551911712,0.864,0
reentrancy_only,contrastive,42,false_negative,DAPP::DAppSCAN-source/contracts/SlowMist-ForTube2.0 Smart Contract Security Audit Report/bond-854527d0ea7ad2ddd3504b4d4ae3fcb57cb6445d::PRA,PRA,0.6737125029607292,0.864,1
reentrancy_only,contrastive,42,false_negative,"DAPP::DAppSCAN-source/contracts/Coinfabrik-MintingFactoryV2, BaseUpgradableMarketplace & KODAV3UpgradableGatedMarketplace/known-origin-contracts-v3-d592c5f4fa4e0b6fc65a1fce43e302706aedf607::MintingFactoryV2",MintingFactoryV2,0.2965502460094158,0.864,1
reentrancy_only,contrastive,42,false_negative,DAPP::DAppSCAN-source/contracts/Solidity_Finance-OKLG - Smart Contract/contracts-e167d0d742d21bcc62d7a5b770a1f0ed1cf31eca::MTGYTokenLocker,MTGYTokenLocker,0.7854788671579984,0.864,1
reentrancy_only,contrastive,42,false_positive,DAPP::DAppSCAN-source/contracts/Solidity_Finance-OKLG - Smart Contract/contracts-e167d0d742d21bcc62d7a5b770a1f0ed1cf31eca::OKLGPasswordManager,OKLGPasswordManager,0.8812327779598847,0.864,1
reentrancy_only,contrastive,42,false_positive,DAPP::DAppSCAN-source/contracts/Solidity_Finance-OKLG - Smart Contract/contracts-e167d0d742d21bcc62d7a5b770a1f0ed1cf31eca::OKLGTrustedTimestamping,OKLGTrustedTimestamping,0.8876152240130923,0.864,0
reentrancy_only,contrastive,42,false_negative,DAPP::DAppSCAN-source/contracts/Trail_of_Bits-Liquity/dev-f0df3efa5a5f05b205752184cfce107c5bd6e06c::BorrowerOperations,BorrowerOperations,0.5932169688319124,0.864,1
reentrancy_only,contrastive,42,false_positive,DAPP::DAppSCAN-source/contracts/Trail_of_Bits-Liquity/dev-f0df3efa5a5f05b205752184cfce107c5bd6e06c::SortedTroves,SortedTroves,0.8879498710520755,0.864,1
reentrancy_only,accepted_label_only,43,false_negative,FORGE::vfp_00058::LikwidMarginPosition,LikwidMarginPosition,0.8644817092562626,0.879,1
reentrancy_only,accepted_label_only,43,false_negative,FORGE::vfp_00260::Router_Adapter,Router_Adapter,0.46741336469712075,0.879,0
reentrancy_only,accepted_label_only,43,false_negative,FORGE::vfp_00126::SpokePool,SpokePool,0.7665298925412249,0.879,1
reentrancy_only,accepted_label_only,43,false_negative,FORGE::vfp_00288::DelegationMetaSwapAdapter,DelegationMetaSwapAdapter,0.6775042704612128,0.879,1
reentrancy_only,accepted_label_only,43,false_negative,DAPP::DAppSCAN-source/contracts/Hacken-Powerbomb-V1/powerbomb-lite-0f86ff1eecdd723be733a9b33ff4ffa3bbdadcee::PowerBombAvaxCurve,PowerBombAvaxCurve,0.6567672876523598,0.879,1
reentrancy_only,accepted_label_only,43,false_negative,DAPP::DAppSCAN-source/contracts/PepperSec-Aira-Robonomic/robonomics_contracts-cc35a91de187072214d215262d8371f0159c2498::RobotLiabilityLib,RobotLiabilityLib,0.8374625613698545,0.879,1
reentrancy_only,accepted_label_only,43,false_negative,DAPP::DAppSCAN-source/contracts/PepperSec-Aira-Robonomic/robonomics_contracts-cc35a91de187072214d215262d8371f0159c2498::LighthouseLib,LighthouseLib,0.7557047634030204,0.879,1
reentrancy_only,accepted_label_only,43,false_negative,DAPP::DAppSCAN-source/contracts/BlockSec-blocksec_impossible_finance_swap_v1.2/impossible-swap-core-29aaef89f996acdbee92b67c4d95fb608dc8b876::ImpossibleWrappedToken,ImpossibleWrappedToken,0.23509025341304074,0.879,1
reentrancy_only,accepted_label_only,43,false_negative,DAPP::DAppSCAN-source/contracts/consensys-GrowthDeFi WHEAT/wheat-v1-core-8360ac0a537589bb974e8a5a169bb3e7c95d2857::Exchange,Exchange,0.20855808443882176,0.879,0
reentrancy_only,accepted_label_only,43,false_negative,DAPP::DAppSCAN-source/contracts/SlowMist-ForTube2.0 Smart Contract Security Audit Report/bond-854527d0ea7ad2ddd3504b4d4ae3fcb57cb6445d::PRA,PRA,0.7215827745612856,0.879,1
reentrancy_only,accepted_label_only,43,false_negative,"DAPP::DAppSCAN-source/contracts/Coinfabrik-MintingFactoryV2, BaseUpgradableMarketplace & KODAV3UpgradableGatedMarketplace/known-origin-contracts-v3-d592c5f4fa4e0b6fc65a1fce43e302706aedf607::MintingFactoryV2",MintingFactoryV2,0.28868053401069405,0.879,1
reentrancy_only,accepted_label_only,43,false_positive,"DAPP::DAppSCAN-source/contracts/Coinfabrik-MintingFactoryV2, BaseUpgradableMarketplace & KODAV3UpgradableGatedMarketplace/known-origin-contracts-v3-d592c5f4fa4e0b6fc65a1fce43e302706aedf607::CollabFundsReceiver",CollabFundsReceiver,0.8876123224163882,0.879,1
reentrancy_only,accepted_label_only,43,false_negative,DAPP::DAppSCAN-source/contracts/Solidity_Finance-OKLG - Smart Contract/contracts-e167d0d742d21bcc62d7a5b770a1f0ed1cf31eca::MTGYTokenLocker,MTGYTokenLocker,0.8521828518528366,0.879,1
reentrancy_only,accepted_label_only,43,false_positive,DAPP::DAppSCAN-source/contracts/Solidity_Finance-OKLG - Smart Contract/contracts-e167d0d742d21bcc62d7a5b770a1f0ed1cf31eca::OKLGPasswordManager,OKLGPasswordManager,0.9170270789604681,0.879,1
reentrancy_only,accepted_label_only,43,false_positive,DAPP::DAppSCAN-source/contracts/Solidity_Finance-OKLG - Smart Contract/contracts-e167d0d742d21bcc62d7a5b770a1f0ed1cf31eca::OKLGTrustedTimestamping,OKLGTrustedTimestamping,0.8962051410047556,0.879,0
reentrancy_only,accepted_label_only,43,false_positive,DAPP::DAppSCAN-source/contracts/Solidity_Finance-OKLG - Smart Contract/contracts-e167d0d742d21bcc62d7a5b770a1f0ed1cf31eca::OKLGRaffle,OKLGRaffle,0.8893387896822056,0.879,1
reentrancy_only,accepted_label_only,43,false_negative,DAPP::DAppSCAN-source/contracts/Trail_of_Bits-Liquity/dev-f0df3efa5a5f05b205752184cfce107c5bd6e06c::BorrowerOperations,BorrowerOperations,0.5681441646199867,0.879,1
reentrancy_only,accepted_label_only,43,false_positive,DAPP::DAppSCAN-source/contracts/Trail_of_Bits-Liquity/dev-f0df3efa5a5f05b205752184cfce107c5bd6e06c::SortedTroves,SortedTroves,0.9159346086634974,0.879,1
reentrancy_only,contrastive,43,false_positive,FORGE::vfp_00058::BasePositionManager,BasePositionManager,0.9454348890928861,0.811,0
reentrancy_only,contrastive,43,false_positive,FORGE::vfp_00058::LikwidLendPosition,LikwidLendPosition,0.9403578041878037,0.811,0
reentrancy_only,contrastive,43,false_negative,FORGE::vfp_00260::Router_Adapter,Router_Adapter,0.1540617263349025,0.811,0
reentrancy_only,contrastive,43,false_negative,FORGE::vfp_00288::DelegationMetaSwapAdapter,DelegationMetaSwapAdapter,0.6262152161631357,0.811,1
reentrancy_only,contrastive,43,false_positive,DAPP::DAppSCAN-source/contracts/SlowMist-Booster-Protocol_智能安全审计报告/boosterProtocol-946b15629c410d706856584f3aa04001d6a55bd2::TenBankHall,TenBankHall,0.8957079908739721,0.811,1
reentrancy_only,contrastive,43,false_positive,DAPP::DAppSCAN-source/contracts/SlowMist-Booster-Protocol_智能安全审计报告/boosterProtocol-946b15629c410d706856584f3aa04001d6a55bd2::BOOPools,BOOPools,0.8228388088992958,0.811,1
reentrancy_only,contrastive,43,false_negative,DAPP::DAppSCAN-source/contracts/Hacken-Powerbomb-V1/powerbomb-lite-0f86ff1eecdd723be733a9b33ff4ffa3bbdadcee::PowerBombAvaxCurve,PowerBombAvaxCurve,0.3427099074696954,0.811,1
reentrancy_only,contrastive,43,false_positive,DAPP::DAppSCAN-source/contracts/PeckShield-DarkCrypto/darkcrypto-contracts-fee5be8d36459aebed2b84e6493875b3dc0366fd::Boardroom,Boardroom,0.8448511633765969,0.811,1
reentrancy_only,contrastive,43,false_positive,DAPP::DAppSCAN-source/contracts/PeckShield-DarkCrypto/darkcrypto-contracts-fee5be8d36459aebed2b84e6493875b3dc0366fd::DarkRewardPool,DarkRewardPool,0.9157918214492503,0.811,1
reentrancy_only,contrastive,43,false_positive,DAPP::DAppSCAN-source/contracts/PepperSec-Aira-Robonomic/robonomics_contracts-cc35a91de187072214d215262d8371f0159c2498::Ambix,Ambix,0.9660667279460208,0.811,1
reentrancy_only,contrastive,43,false_positive,DAPP::DAppSCAN-source/contracts/PepperSec-Aira-Robonomic/robonomics_contracts-cc35a91de187072214d215262d8371f0159c2498::DutchAuction,DutchAuction,0.8165305268805914,0.811,1
reentrancy_only,contrastive,43,false_negative,DAPP::DAppSCAN-source/contracts/BlockSec-blocksec_impossible_finance_swap_v1.2/impossible-swap-core-29aaef89f996acdbee92b67c4d95fb608dc8b876::ImpossibleWrappedToken,ImpossibleWrappedToken,0.11892246913973671,0.811,1
reentrancy_only,contrastive,43,false_negative,DAPP::DAppSCAN-source/contracts/consensys-GrowthDeFi WHEAT/wheat-v1-core-8360ac0a537589bb974e8a5a169bb3e7c95d2857::Exchange,Exchange,0.25648954306473554,0.811,0
reentrancy_only,contrastive,43,false_negative,DAPP::DAppSCAN-source/contracts/SlowMist-ForTube2.0 Smart Contract Security Audit Report/bond-854527d0ea7ad2ddd3504b4d4ae3fcb57cb6445d::PRA,PRA,0.4642795768860498,0.811,1
reentrancy_only,contrastive,43,false_negative,"DAPP::DAppSCAN-source/contracts/Coinfabrik-MintingFactoryV2, BaseUpgradableMarketplace & KODAV3UpgradableGatedMarketplace/known-origin-contracts-v3-d592c5f4fa4e0b6fc65a1fce43e302706aedf607::MintingFactoryV2",MintingFactoryV2,0.21365230776173677,0.811,1
reentrancy_only,contrastive,43,false_positive,"DAPP::DAppSCAN-source/contracts/Coinfabrik-MintingFactoryV2, BaseUpgradableMarketplace & KODAV3UpgradableGatedMarketplace/known-origin-contracts-v3-d592c5f4fa4e0b6fc65a1fce43e302706aedf607::ClaimableFundsReceiverV1",ClaimableFundsReceiverV1,0.8211247569805387,0.811,1
reentrancy_only,contrastive,43,false_positive,"DAPP::DAppSCAN-source/contracts/Coinfabrik-MintingFactoryV2, BaseUpgradableMarketplace & KODAV3UpgradableGatedMarketplace/known-origin-contracts-v3-d592c5f4fa4e0b6fc65a1fce43e302706aedf607::ClaimableFundsSplitterV1",ClaimableFundsSplitterV1,0.8211247569805387,0.811,1
reentrancy_only,contrastive,43,false_positive,"DAPP::DAppSCAN-source/contracts/Coinfabrik-MintingFactoryV2, BaseUpgradableMarketplace & KODAV3UpgradableGatedMarketplace/known-origin-contracts-v3-d592c5f4fa4e0b6fc65a1fce43e302706aedf607::RoyaltyImplV1R1",RoyaltyImplV1R1,0.8776932446024333,0.811,1
reentrancy_only,contrastive,43,false_positive,"DAPP::DAppSCAN-source/contracts/Coinfabrik-MintingFactoryV2, BaseUpgradableMarketplace & KODAV3UpgradableGatedMarketplace/known-origin-contracts-v3-d592c5f4fa4e0b6fc65a1fce43e302706aedf607::RoyaltyImplV1R2",RoyaltyImplV1R2,0.8776932446024333,0.811,1
reentrancy_only,contrastive,43,false_positive,"DAPP::DAppSCAN-source/contracts/Coinfabrik-MintingFactoryV2, BaseUpgradableMarketplace & KODAV3UpgradableGatedMarketplace/known-origin-contracts-v3-d592c5f4fa4e0b6fc65a1fce43e302706aedf607::FundsReceiver",FundsReceiver,0.8776937052885213,0.811,1
reentrancy_only,contrastive,43,false_positive,FORGE::vfp_00156::SponsoredOFTSrcPeriphery,SponsoredOFTSrcPeriphery,0.8364068307521754,0.811,0
reentrancy_only,contrastive,43,false_positive,DAPP::DAppSCAN-source/contracts/Solidity_Finance-OKLG - Smart Contract/contracts-e167d0d742d21bcc62d7a5b770a1f0ed1cf31eca::OKLGAtomicSwapInstance,OKLGAtomicSwapInstance,0.8591050158492987,0.811,1
reentrancy_only,contrastive,43,false_positive,DAPP::DAppSCAN-source/contracts/Solidity_Finance-OKLG - Smart Contract/contracts-e167d0d742d21bcc62d7a5b770a1f0ed1cf31eca::OKLGFaaSToken,OKLGFaaSToken,0.882956301035101,0.811,1
reentrancy_only,contrastive,43,false_positive,DAPP::DAppSCAN-source/contracts/Solidity_Finance-OKLG - Smart Contract/contracts-e167d0d742d21bcc62d7a5b770a1f0ed1cf31eca::OKLGSpend,OKLGSpend,0.9062576879408794,0.811,1
reentrancy_only,contrastive,43,false_positive,DAPP::DAppSCAN-source/contracts/Solidity_Finance-OKLG - Smart Contract/contracts-e167d0d742d21bcc62d7a5b770a1f0ed1cf31eca::OKLGPasswordManager,OKLGPasswordManager,0.9748984579501596,0.811,1
reentrancy_only,contrastive,43,false_positive,DAPP::DAppSCAN-source/contracts/Solidity_Finance-OKLG - Smart Contract/contracts-e167d0d742d21bcc62d7a5b770a1f0ed1cf31eca::OKLGAffiliate,OKLGAffiliate,0.8474815148549716,0.811,1
reentrancy_only,contrastive,43,false_positive,DAPP::DAppSCAN-source/contracts/Solidity_Finance-OKLG - Smart Contract/contracts-e167d0d742d21bcc62d7a5b770a1f0ed1cf31eca::OKLGDividendDistributor,OKLGDividendDistributor,0.8138472954286216,0.811,1
reentrancy_only,contrastive,43,false_positive,DAPP::DAppSCAN-source/contracts/Solidity_Finance-OKLG - Smart Contract/contracts-e167d0d742d21bcc62d7a5b770a1f0ed1cf31eca::OKLGTrustedTimestamping,OKLGTrustedTimestamping,0.9642363938752893,0.811,0
reentrancy_only,contrastive,43,false_positive,DAPP::DAppSCAN-source/contracts/Solidity_Finance-OKLG - Smart Contract/contracts-e167d0d742d21bcc62d7a5b770a1f0ed1cf31eca::KetherNFTLoaner,KetherNFTLoaner,0.8771304026736407,0.811,1
reentrancy_only,contrastive,43,false_positive,DAPP::DAppSCAN-source/contracts/Solidity_Finance-OKLG - Smart Contract/contracts-e167d0d742d21bcc62d7a5b770a1f0ed1cf31eca::OKLGBuybot,OKLGBuybot,0.8412665018917447,0.811,1
reentrancy_only,contrastive,43,false_positive,DAPP::DAppSCAN-source/contracts/Solidity_Finance-OKLG - Smart Contract/contracts-e167d0d742d21bcc62d7a5b770a1f0ed1cf31eca::OKLGRaffle,OKLGRaffle,0.9416256754271245,0.811,1
reentrancy_only,contrastive,43,false_positive,DAPP::DAppSCAN-source/contracts/Hacken-Tenderize/tender-core-1fd606141625171fe792045ae9233890262d2d62::TokenFaucet,TokenFaucet,0.8273259734067822,0.811,0
reentrancy_only,contrastive,43,false_positive,DAPP::DAppSCAN-source/contracts/Hacken-Tenderize/tender-core-1fd606141625171fe792045ae9233890262d2d62::SwapUtils,SwapUtils,0.841489811610067,0.811,1
reentrancy_only,contrastive,43,false_positive,FORGE::vfp_00220::LiquidityPenaltyHook,LiquidityPenaltyHook,0.9128194425326865,0.811,0
reentrancy_only,contrastive,43,false_positive,DAPP::DAppSCAN-source/contracts/consensys-The_LAO/moloch-4bc443f4dad60279b47978fc6987bb978d3dfc58::MolochPool,MolochPool,0.8177786399028261,0.811,1
reentrancy_only,contrastive,43,false_positive,DAPP::DAppSCAN-source/contracts/consensys-The_LAO/moloch-4bc443f4dad60279b47978fc6987bb978d3dfc58::GnosisSafe,GnosisSafe,0.8727425875730443,0.811,1
reentrancy_only,contrastive,43,false_positive,DAPP::DAppSCAN-source/contracts/consensys-The_LAO/moloch-4bc443f4dad60279b47978fc6987bb978d3dfc58::StateChannelModule,StateChannelModule,0.8532570558031586,0.811,1
reentrancy_only,contrastive,43,false_negative,DAPP::DAppSCAN-source/contracts/Trail_of_Bits-Liquity/dev-f0df3efa5a5f05b205752184cfce107c5bd6e06c::BorrowerOperations,BorrowerOperations,0.3621599333322718,0.811,1
reentrancy_only,contrastive,43,false_positive,DAPP::DAppSCAN-source/contracts/Trail_of_Bits-Liquity/dev-f0df3efa5a5f05b205752184cfce107c5bd6e06c::SortedTroves,SortedTroves,0.9771472656319664,0.811,1
reentrancy_only,accepted_label_only,44,false_positive,FORGE::vfp_00058::LikwidLendPosition,LikwidLendPosition,0.7841966536195156,0.784,0
reentrancy_only,accepted_label_only,44,false_negative,FORGE::vfp_00058::LikwidMarginPosition,LikwidMarginPosition,0.7685421385829773,0.784,1
reentrancy_only,accepted_label_only,44,false_negative,FORGE::vfp_00260::Router_Adapter,Router_Adapter,0.3325581295547663,0.784,0
reentrancy_only,accepted_label_only,44,false_negative,FORGE::vfp_00126::SpokePool,SpokePool,0.6488531142448568,0.784,1
reentrancy_only,accepted_label_only,44,false_negative,FORGE::vfp_00288::DelegationMetaSwapAdapter,DelegationMetaSwapAdapter,0.49202883729725166,0.784,1
reentrancy_only,accepted_label_only,44,false_negative,DAPP::DAppSCAN-source/contracts/Hacken-Powerbomb-V1/powerbomb-lite-0f86ff1eecdd723be733a9b33ff4ffa3bbdadcee::PowerBombAvaxCurve,PowerBombAvaxCurve,0.5215458873620927,0.784,1
reentrancy_only,accepted_label_only,44,false_negative,DAPP::DAppSCAN-source/contracts/PeckShield-DarkCrypto/darkcrypto-contracts-fee5be8d36459aebed2b84e6493875b3dc0366fd::SkyRewardPool,SkyRewardPool,0.7528938372132047,0.784,1
reentrancy_only,accepted_label_only,44,false_negative,DAPP::DAppSCAN-source/contracts/PepperSec-Aira-Robonomic/robonomics_contracts-cc35a91de187072214d215262d8371f0159c2498::RobotLiabilityLib,RobotLiabilityLib,0.7092244156434881,0.784,1
reentrancy_only,accepted_label_only,44,false_negative,DAPP::DAppSCAN-source/contracts/PepperSec-Aira-Robonomic/robonomics_contracts-cc35a91de187072214d215262d8371f0159c2498::LighthouseLib,LighthouseLib,0.5724713907557425,0.784,1
reentrancy_only,accepted_label_only,44,false_negative,DAPP::DAppSCAN-source/contracts/BlockSec-blocksec_impossible_finance_swap_v1.2/impossible-swap-core-29aaef89f996acdbee92b67c4d95fb608dc8b876::ImpossibleWrappedToken,ImpossibleWrappedToken,0.18912951213527335,0.784,1
reentrancy_only,accepted_label_only,44,false_negative,DAPP::DAppSCAN-source/contracts/consensys-GrowthDeFi WHEAT/wheat-v1-core-8360ac0a537589bb974e8a5a169bb3e7c95d2857::Exchange,Exchange,0.20568113319218526,0.784,0
reentrancy_only,accepted_label_only,44,false_negative,DAPP::DAppSCAN-source/contracts/SlowMist-ForTube2.0 Smart Contract Security Audit Report/bond-854527d0ea7ad2ddd3504b4d4ae3fcb57cb6445d::PRA,PRA,0.5182671028684432,0.784,1
reentrancy_only,accepted_label_only,44,false_negative,"DAPP::DAppSCAN-source/contracts/Coinfabrik-MintingFactoryV2, BaseUpgradableMarketplace & KODAV3UpgradableGatedMarketplace/known-origin-contracts-v3-d592c5f4fa4e0b6fc65a1fce43e302706aedf607::MintingFactoryV2",MintingFactoryV2,0.25639309658541426,0.784,1
reentrancy_only,accepted_label_only,44,false_negative,DAPP::DAppSCAN-source/contracts/Solidity_Finance-OKLG - Smart Contract/contracts-e167d0d742d21bcc62d7a5b770a1f0ed1cf31eca::MTGYTokenLocker,MTGYTokenLocker,0.7430665608656786,0.784,1
reentrancy_only,accepted_label_only,44,false_positive,DAPP::DAppSCAN-source/contracts/Solidity_Finance-OKLG - Smart Contract/contracts-e167d0d742d21bcc62d7a5b770a1f0ed1cf31eca::OKLGPasswordManager,OKLGPasswordManager,0.8323213196709119,0.784,1
reentrancy_only,accepted_label_only,44,false_positive,DAPP::DAppSCAN-source/contracts/Solidity_Finance-OKLG - Smart Contract/contracts-e167d0d742d21bcc62d7a5b770a1f0ed1cf31eca::OKLGTrustedTimestamping,OKLGTrustedTimestamping,0.806611440652483,0.784,0
reentrancy_only,accepted_label_only,44,false_positive,DAPP::DAppSCAN-source/contracts/Solidity_Finance-OKLG - Smart Contract/contracts-e167d0d742d21bcc62d7a5b770a1f0ed1cf31eca::OKLGRaffle,OKLGRaffle,0.7943567450138552,0.784,1
reentrancy_only,accepted_label_only,44,false_negative,DAPP::DAppSCAN-source/contracts/Trail_of_Bits-Liquity/dev-f0df3efa5a5f05b205752184cfce107c5bd6e06c::BorrowerOperations,BorrowerOperations,0.3538638812181669,0.784,1
reentrancy_only,accepted_label_only,44,false_positive,DAPP::DAppSCAN-source/contracts/Trail_of_Bits-Liquity/dev-f0df3efa5a5f05b205752184cfce107c5bd6e06c::SortedTroves,SortedTroves,0.8340020848898034,0.784,1
reentrancy_only,contrastive,44,false_positive,FORGE::vfp_00058::BasePositionManager,BasePositionManager,0.9023961006017127,0.882,0
reentrancy_only,contrastive,44,false_positive,FORGE::vfp_00058::LikwidLendPosition,LikwidLendPosition,0.898626646660052,0.882,0
reentrancy_only,contrastive,44,false_negative,FORGE::vfp_00260::Router_Adapter,Router_Adapter,0.6762688961347642,0.882,0
reentrancy_only,contrastive,44,false_negative,FORGE::vfp_00126::SpokePool,SpokePool,0.8236495669304594,0.882,1
reentrancy_only,contrastive,44,false_negative,FORGE::vfp_00288::DelegationMetaSwapAdapter,DelegationMetaSwapAdapter,0.8391319453317008,0.882,1
reentrancy_only,contrastive,44,false_negative,DAPP::DAppSCAN-source/contracts/Hacken-Powerbomb-V1/powerbomb-lite-0f86ff1eecdd723be733a9b33ff4ffa3bbdadcee::PowerBombAvaxCurve,PowerBombAvaxCurve,0.44079264652002803,0.882,1
reentrancy_only,contrastive,44,false_positive,DAPP::DAppSCAN-source/contracts/PeckShield-DarkCrypto/darkcrypto-contracts-fee5be8d36459aebed2b84e6493875b3dc0366fd::DarkRewardPool,DarkRewardPool,0.8946774099800615,0.882,1
reentrancy_only,contrastive,44,false_negative,DAPP::DAppSCAN-source/contracts/PepperSec-Aira-Robonomic/robonomics_contracts-cc35a91de187072214d215262d8371f0159c2498::RobotLiabilityLib,RobotLiabilityLib,0.855694889894558,0.882,1
reentrancy_only,contrastive,44,false_negative,DAPP::DAppSCAN-source/contracts/PepperSec-Aira-Robonomic/robonomics_contracts-cc35a91de187072214d215262d8371f0159c2498::LighthouseLib,LighthouseLib,0.7732300985617698,0.882,1
reentrancy_only,contrastive,44,false_negative,DAPP::DAppSCAN-source/contracts/BlockSec-blocksec_impossible_finance_swap_v1.2/impossible-swap-core-29aaef89f996acdbee92b67c4d95fb608dc8b876::ImpossibleWrappedToken,ImpossibleWrappedToken,0.6219384752356354,0.882,1
reentrancy_only,contrastive,44,false_positive,DAPP::DAppSCAN-source/contracts/Solidified-Aztec Element Bridge/aztec-connect-bridges-ac2e7194b5887ea11a607b4cf8de0547b3d7fdd0::RollupProcessor,RollupProcessor,0.8930040093492146,0.882,1
reentrancy_only,contrastive,44,false_negative,DAPP::DAppSCAN-source/contracts/consensys-GrowthDeFi WHEAT/wheat-v1-core-8360ac0a537589bb974e8a5a169bb3e7c95d2857::Exchange,Exchange,0.39149862926644974,0.882,0
reentrancy_only,contrastive,44,false_negative,DAPP::DAppSCAN-source/contracts/SlowMist-ForTube2.0 Smart Contract Security Audit Report/bond-854527d0ea7ad2ddd3504b4d4ae3fcb57cb6445d::PRA,PRA,0.8259023515832914,0.882,1
reentrancy_only,contrastive,44,false_negative,"DAPP::DAppSCAN-source/contracts/Coinfabrik-MintingFactoryV2, BaseUpgradableMarketplace & KODAV3UpgradableGatedMarketplace/known-origin-contracts-v3-d592c5f4fa4e0b6fc65a1fce43e302706aedf607::MintingFactoryV2",MintingFactoryV2,0.28289086740171576,0.882,1
reentrancy_only,contrastive,44,false_negative,DAPP::DAppSCAN-source/contracts/Solidity_Finance-OKLG - Smart Contract/contracts-e167d0d742d21bcc62d7a5b770a1f0ed1cf31eca::MTGYTokenLocker,MTGYTokenLocker,0.8584413985802652,0.882,1
reentrancy_only,contrastive,44,false_positive,DAPP::DAppSCAN-source/contracts/Solidity_Finance-OKLG - Smart Contract/contracts-e167d0d742d21bcc62d7a5b770a1f0ed1cf31eca::OKLGPasswordManager,OKLGPasswordManager,0.9121113687885883,0.882,1
reentrancy_only,contrastive,44,false_positive,DAPP::DAppSCAN-source/contracts/Solidity_Finance-OKLG - Smart Contract/contracts-e167d0d742d21bcc62d7a5b770a1f0ed1cf31eca::OKLGTrustedTimestamping,OKLGTrustedTimestamping,0.9060362108183184,0.882,0
reentrancy_only,contrastive,44,false_positive,DAPP::DAppSCAN-source/contracts/Solidity_Finance-OKLG - Smart Contract/contracts-e167d0d742d21bcc62d7a5b770a1f0ed1cf31eca::OKLGRaffle,OKLGRaffle,0.8975096182455238,0.882,1
reentrancy_only,contrastive,44,false_positive,DAPP::DAppSCAN-source/contracts/Solidified-Aztec Lido Bridge/aztec-connect-bridges-d5aca13d4d0a17b21eeddf77f49f4c6613461fb0::RollupProcessor,RollupProcessor,0.8930042143724823,0.882,1
reentrancy_only,contrastive,44,false_positive,FORGE::vfp_00220::LiquidityPenaltyHook,LiquidityPenaltyHook,0.8931203613785724,0.882,0
reentrancy_only,contrastive,44,false_negative,DAPP::DAppSCAN-source/contracts/Trail_of_Bits-Liquity/dev-f0df3efa5a5f05b205752184cfce107c5bd6e06c::BorrowerOperations,BorrowerOperations,0.5872388299140442,0.882,1
reentrancy_only,contrastive,44,false_positive,DAPP::DAppSCAN-source/contracts/Trail_of_Bits-Liquity/dev-f0df3efa5a5f05b205752184cfce107c5bd6e06c::SortedTroves,SortedTroves,0.9116924761829415,0.882,1
reentrancy_only,accepted_label_only,45,false_negative,FORGE::vfp_00058::LikwidMarginPosition,LikwidMarginPosition,0.8057802117200187,0.8150000000000001,1
reentrancy_only,accepted_label_only,45,false_negative,FORGE::vfp_00260::Router_Adapter,Router_Adapter,0.3320671068195439,0.8150000000000001,0
reentrancy_only,accepted_label_only,45,false_negative,FORGE::vfp_00126::SpokePool,SpokePool,0.6348069112475279,0.8150000000000001,1
reentrancy_only,accepted_label_only,45,false_negative,FORGE::vfp_00288::DelegationMetaSwapAdapter,DelegationMetaSwapAdapter,0.5112187153808093,0.8150000000000001,1
reentrancy_only,accepted_label_only,45,false_negative,DAPP::DAppSCAN-source/contracts/Hacken-Powerbomb-V1/powerbomb-lite-0f86ff1eecdd723be733a9b33ff4ffa3bbdadcee::PowerBombAvaxCurve,PowerBombAvaxCurve,0.47151860154490877,0.8150000000000001,1
reentrancy_only,accepted_label_only,45,false_negative,DAPP::DAppSCAN-source/contracts/PepperSec-Aira-Robonomic/robonomics_contracts-cc35a91de187072214d215262d8371f0159c2498::RobotLiabilityLib,RobotLiabilityLib,0.7108513996762161,0.8150000000000001,1
reentrancy_only,accepted_label_only,45,false_negative,DAPP::DAppSCAN-source/contracts/PepperSec-Aira-Robonomic/robonomics_contracts-cc35a91de187072214d215262d8371f0159c2498::LighthouseLib,LighthouseLib,0.5302843859399361,0.8150000000000001,1
reentrancy_only,accepted_label_only,45,false_negative,DAPP::DAppSCAN-source/contracts/BlockSec-blocksec_impossible_finance_swap_v1.2/impossible-swap-core-29aaef89f996acdbee92b67c4d95fb608dc8b876::ImpossibleWrappedToken,ImpossibleWrappedToken,0.1639827331773736,0.8150000000000001,1
reentrancy_only,accepted_label_only,45,false_negative,DAPP::DAppSCAN-source/contracts/consensys-GrowthDeFi WHEAT/wheat-v1-core-8360ac0a537589bb974e8a5a169bb3e7c95d2857::Exchange,Exchange,0.1597048650266105,0.8150000000000001,0
reentrancy_only,accepted_label_only,45,false_negative,DAPP::DAppSCAN-source/contracts/SlowMist-ForTube2.0 Smart Contract Security Audit Report/bond-854527d0ea7ad2ddd3504b4d4ae3fcb57cb6445d::PRA,PRA,0.5498341566463566,0.8150000000000001,1
reentrancy_only,accepted_label_only,45,false_negative,"DAPP::DAppSCAN-source/contracts/Coinfabrik-MintingFactoryV2, BaseUpgradableMarketplace & KODAV3UpgradableGatedMarketplace/known-origin-contracts-v3-d592c5f4fa4e0b6fc65a1fce43e302706aedf607::MintingFactoryV2",MintingFactoryV2,0.18743094186607465,0.8150000000000001,1
reentrancy_only,accepted_label_only,45,false_negative,DAPP::DAppSCAN-source/contracts/Solidity_Finance-OKLG - Smart Contract/contracts-e167d0d742d21bcc62d7a5b770a1f0ed1cf31eca::MTGYTokenLocker,MTGYTokenLocker,0.7604792840897023,0.8150000000000001,1
reentrancy_only,accepted_label_only,45,false_positive,DAPP::DAppSCAN-source/contracts/Solidity_Finance-OKLG - Smart Contract/contracts-e167d0d742d21bcc62d7a5b770a1f0ed1cf31eca::OKLGPasswordManager,OKLGPasswordManager,0.8796136059850678,0.8150000000000001,1
reentrancy_only,accepted_label_only,45,false_positive,DAPP::DAppSCAN-source/contracts/Solidity_Finance-OKLG - Smart Contract/contracts-e167d0d742d21bcc62d7a5b770a1f0ed1cf31eca::OKLGTrustedTimestamping,OKLGTrustedTimestamping,0.8568367493957081,0.8150000000000001,0
reentrancy_only,accepted_label_only,45,false_positive,DAPP::DAppSCAN-source/contracts/Solidity_Finance-OKLG - Smart Contract/contracts-e167d0d742d21bcc62d7a5b770a1f0ed1cf31eca::OKLGRaffle,OKLGRaffle,0.8561784178183104,0.8150000000000001,1
reentrancy_only,accepted_label_only,45,false_negative,DAPP::DAppSCAN-source/contracts/Trail_of_Bits-Liquity/dev-f0df3efa5a5f05b205752184cfce107c5bd6e06c::BorrowerOperations,BorrowerOperations,0.3688205863842638,0.8150000000000001,1
reentrancy_only,accepted_label_only,45,false_positive,DAPP::DAppSCAN-source/contracts/Trail_of_Bits-Liquity/dev-f0df3efa5a5f05b205752184cfce107c5bd6e06c::SortedTroves,SortedTroves,0.855440870852171,0.8150000000000001,1
reentrancy_only,contrastive,45,false_negative,FORGE::vfp_00058::LikwidMarginPosition,LikwidMarginPosition,0.9577638702017922,0.962,1
reentrancy_only,contrastive,45,false_negative,FORGE::vfp_00260::Router_Adapter,Router_Adapter,0.8296108328574596,0.962,0
reentrancy_only,contrastive,45,false_negative,FORGE::vfp_00126::SpokePool,SpokePool,0.944448071348438,0.962,1
reentrancy_only,contrastive,45,false_negative,FORGE::vfp_00288::DelegationMetaSwapAdapter,DelegationMetaSwapAdapter,0.9220237324199271,0.962,1
reentrancy_only,contrastive,45,false_negative,DAPP::DAppSCAN-source/contracts/Hacken-Powerbomb-V1/powerbomb-lite-0f86ff1eecdd723be733a9b33ff4ffa3bbdadcee::PowerBombAvaxCurve,PowerBombAvaxCurve,0.9166342110328932,0.962,1
reentrancy_only,contrastive,45,false_negative,DAPP::DAppSCAN-source/contracts/PepperSec-Aira-Robonomic/robonomics_contracts-cc35a91de187072214d215262d8371f0159c2498::RobotLiabilityLib,RobotLiabilityLib,0.9375981528499535,0.962,1
reentrancy_only,contrastive,45,false_negative,DAPP::DAppSCAN-source/contracts/PepperSec-Aira-Robonomic/robonomics_contracts-cc35a91de187072214d215262d8371f0159c2498::LighthouseLib,LighthouseLib,0.9151584355268761,0.962,1
reentrancy_only,contrastive,45,false_negative,DAPP::DAppSCAN-source/contracts/BlockSec-blocksec_impossible_finance_swap_v1.2/impossible-swap-core-29aaef89f996acdbee92b67c4d95fb608dc8b876::ImpossibleWrappedToken,ImpossibleWrappedToken,0.7074986396584705,0.962,1
reentrancy_only,contrastive,45,false_negative,DAPP::DAppSCAN-source/contracts/consensys-GrowthDeFi WHEAT/wheat-v1-core-8360ac0a537589bb974e8a5a169bb3e7c95d2857::Exchange,Exchange,0.8222705207162965,0.962,0
reentrancy_only,contrastive,45,false_negative,DAPP::DAppSCAN-source/contracts/ImmuneBytes-Bird Money-Final Audit Report/bird-farm-contracts-dfd2502b73c8f54c9081682c3eb070fcd3c00629::MasterChef,MasterChef,0.9614282112915373,0.962,1
reentrancy_only,contrastive,45,false_negative,DAPP::DAppSCAN-source/contracts/SlowMist-ForTube2.0 Smart Contract Security Audit Report/bond-854527d0ea7ad2ddd3504b4d4ae3fcb57cb6445d::PRA,PRA,0.8952825453573692,0.962,1
reentrancy_only,contrastive,45,false_negative,"DAPP::DAppSCAN-source/contracts/Coinfabrik-MintingFactoryV2, BaseUpgradableMarketplace & KODAV3UpgradableGatedMarketplace/known-origin-contracts-v3-d592c5f4fa4e0b6fc65a1fce43e302706aedf607::MintingFactoryV2",MintingFactoryV2,0.815903917619305,0.962,1
reentrancy_only,contrastive,45,false_negative,DAPP::DAppSCAN-source/contracts/Solidity_Finance-OKLG - Smart Contract/contracts-e167d0d742d21bcc62d7a5b770a1f0ed1cf31eca::MTGYTokenLocker,MTGYTokenLocker,0.9468922758254968,0.962,1
reentrancy_only,contrastive,45,false_positive,DAPP::DAppSCAN-source/contracts/Solidity_Finance-OKLG - Smart Contract/contracts-e167d0d742d21bcc62d7a5b770a1f0ed1cf31eca::OKLGPasswordManager,OKLGPasswordManager,0.9683544156098626,0.962,1
reentrancy_only,contrastive,45,false_positive,DAPP::DAppSCAN-source/contracts/Solidity_Finance-OKLG - Smart Contract/contracts-e167d0d742d21bcc62d7a5b770a1f0ed1cf31eca::OKLGTrustedTimestamping,OKLGTrustedTimestamping,0.9626575257268633,0.962,0
reentrancy_only,contrastive,45,false_positive,DAPP::DAppSCAN-source/contracts/Solidity_Finance-OKLG - Smart Contract/contracts-e167d0d742d21bcc62d7a5b770a1f0ed1cf31eca::OKLGRaffle,OKLGRaffle,0.9645319022800303,0.962,1
reentrancy_only,contrastive,45,false_negative,DAPP::DAppSCAN-source/contracts/Trail_of_Bits-Liquity/dev-f0df3efa5a5f05b205752184cfce107c5bd6e06c::BorrowerOperations,BorrowerOperations,0.8479630709944836,0.962,1
reentrancy_only,contrastive,45,false_positive,DAPP::DAppSCAN-source/contracts/Trail_of_Bits-Liquity/dev-f0df3efa5a5f05b205752184cfce107c5bd6e06c::SortedTroves,SortedTroves,0.9723099919729149,0.962,1
reentrancy_only,accepted_label_only,46,false_positive,FORGE::vfp_00058::LikwidLendPosition,LikwidLendPosition,0.7707448046845169,0.742,0
reentrancy_only,accepted_label_only,46,false_negative,FORGE::vfp_00260::Router_Adapter,Router_Adapter,0.32619070295778946,0.742,0
reentrancy_only,accepted_label_only,46,false_negative,FORGE::vfp_00126::SpokePool,SpokePool,0.5577626078714472,0.742,1
reentrancy_only,accepted_label_only,46,false_negative,FORGE::vfp_00288::DelegationMetaSwapAdapter,DelegationMetaSwapAdapter,0.3978143647924706,0.742,1
reentrancy_only,accepted_label_only,46,false_negative,DAPP::DAppSCAN-source/contracts/Hacken-Powerbomb-V1/powerbomb-lite-0f86ff1eecdd723be733a9b33ff4ffa3bbdadcee::PowerBombAvaxCurve,PowerBombAvaxCurve,0.2081946892096862,0.742,1
reentrancy_only,accepted_label_only,46,false_negative,DAPP::DAppSCAN-source/contracts/PepperSec-Aira-Robonomic/robonomics_contracts-cc35a91de187072214d215262d8371f0159c2498::RobotLiabilityLib,RobotLiabilityLib,0.5886726099396749,0.742,1
reentrancy_only,accepted_label_only,46,false_negative,DAPP::DAppSCAN-source/contracts/PepperSec-Aira-Robonomic/robonomics_contracts-cc35a91de187072214d215262d8371f0159c2498::LighthouseLib,LighthouseLib,0.404778221928004,0.742,1
reentrancy_only,accepted_label_only,46,false_negative,DAPP::DAppSCAN-source/contracts/BlockSec-blocksec_impossible_finance_swap_v1.2/impossible-swap-core-29aaef89f996acdbee92b67c4d95fb608dc8b876::ImpossibleWrappedToken,ImpossibleWrappedToken,0.20931713104934527,0.742,1
reentrancy_only,accepted_label_only,46,false_positive,DAPP::DAppSCAN-source/contracts/Solidified-Aztec Element Bridge/aztec-connect-bridges-ac2e7194b5887ea11a607b4cf8de0547b3d7fdd0::RollupProcessor,RollupProcessor,0.7557787461506879,0.742,1
reentrancy_only,accepted_label_only,46,false_negative,DAPP::DAppSCAN-source/contracts/consensys-GrowthDeFi WHEAT/wheat-v1-core-8360ac0a537589bb974e8a5a169bb3e7c95d2857::Exchange,Exchange,0.16055296549764606,0.742,0
reentrancy_only,accepted_label_only,46,false_negative,DAPP::DAppSCAN-source/contracts/SlowMist-ForTube2.0 Smart Contract Security Audit Report/bond-854527d0ea7ad2ddd3504b4d4ae3fcb57cb6445d::PRA,PRA,0.43899080261082873,0.742,1
reentrancy_only,accepted_label_only,46,false_negative,"DAPP::DAppSCAN-source/contracts/Coinfabrik-MintingFactoryV2, BaseUpgradableMarketplace & KODAV3UpgradableGatedMarketplace/known-origin-contracts-v3-d592c5f4fa4e0b6fc65a1fce43e302706aedf607::MintingFactoryV2",MintingFactoryV2,0.15380811417285098,0.742,1
reentrancy_only,accepted_label_only,46,false_negative,DAPP::DAppSCAN-source/contracts/Solidity_Finance-OKLG - Smart Contract/contracts-e167d0d742d21bcc62d7a5b770a1f0ed1cf31eca::MTGYTokenLocker,MTGYTokenLocker,0.6685906016292602,0.742,1
reentrancy_only,accepted_label_only,46,false_positive,DAPP::DAppSCAN-source/contracts/Solidity_Finance-OKLG - Smart Contract/contracts-e167d0d742d21bcc62d7a5b770a1f0ed1cf31eca::OKLGPasswordManager,OKLGPasswordManager,0.8574813082263819,0.742,1
reentrancy_only,accepted_label_only,46,false_positive,DAPP::DAppSCAN-source/contracts/Solidity_Finance-OKLG - Smart Contract/contracts-e167d0d742d21bcc62d7a5b770a1f0ed1cf31eca::OKLGTrustedTimestamping,OKLGTrustedTimestamping,0.8315679231971352,0.742,0
reentrancy_only,accepted_label_only,46,false_positive,DAPP::DAppSCAN-source/contracts/Solidity_Finance-OKLG - Smart Contract/contracts-e167d0d742d21bcc62d7a5b770a1f0ed1cf31eca::OKLGRaffle,OKLGRaffle,0.7992779333396518,0.742,1
reentrancy_only,accepted_label_only,46,false_positive,DAPP::DAppSCAN-source/contracts/Solidified-Aztec Lido Bridge/aztec-connect-bridges-d5aca13d4d0a17b21eeddf77f49f4c6613461fb0::RollupProcessor,RollupProcessor,0.7557720350754281,0.742,1
reentrancy_only,accepted_label_only,46,false_negative,DAPP::DAppSCAN-source/contracts/Trail_of_Bits-Liquity/dev-f0df3efa5a5f05b205752184cfce107c5bd6e06c::BorrowerOperations,BorrowerOperations,0.28413970782977355,0.742,1
reentrancy_only,accepted_label_only,46,false_positive,DAPP::DAppSCAN-source/contracts/Trail_of_Bits-Liquity/dev-f0df3efa5a5f05b205752184cfce107c5bd6e06c::SortedTroves,SortedTroves,0.8184366232178615,0.742,1
reentrancy_only,contrastive,46,false_positive,FORGE::vfp_00058::BasePositionManager,BasePositionManager,0.978672251766704,0.978,0
reentrancy_only,contrastive,46,false_negative,FORGE::vfp_00058::LikwidMarginPosition,LikwidMarginPosition,0.9767270033368548,0.978,1
reentrancy_only,contrastive,46,false_negative,FORGE::vfp_00260::Router_Adapter,Router_Adapter,0.7924322466617694,0.978,0
reentrancy_only,contrastive,46,false_negative,FORGE::vfp_00126::SpokePool,SpokePool,0.9519672083531922,0.978,1
reentrancy_only,contrastive,46,false_negative,FORGE::vfp_00288::DelegationMetaSwapAdapter,DelegationMetaSwapAdapter,0.9495090378497933,0.978,1
reentrancy_only,contrastive,46,false_negative,DAPP::DAppSCAN-source/contracts/Hacken-Powerbomb-V1/powerbomb-lite-0f86ff1eecdd723be733a9b33ff4ffa3bbdadcee::PowerBombAvaxCurve,PowerBombAvaxCurve,0.7812202533728787,0.978,1
reentrancy_only,contrastive,46,false_negative,DAPP::DAppSCAN-source/contracts/PeckShield-DarkCrypto/darkcrypto-contracts-fee5be8d36459aebed2b84e6493875b3dc0366fd::SkyRewardPool,SkyRewardPool,0.9771294660478275,0.978,1
reentrancy_only,contrastive,46,false_negative,DAPP::DAppSCAN-source/contracts/ImmuneBytes-Bird Money(MasterChef)-Audit Report/bird-farm-contracts-dfd2502b73c8f54c9081682c3eb070fcd3c00629::MasterChef,MasterChef,0.9737027180455569,0.978,0
reentrancy_only,contrastive,46,false_positive,DAPP::DAppSCAN-source/contracts/PepperSec-Aira-Robonomic/robonomics_contracts-cc35a91de187072214d215262d8371f0159c2498::Ambix,Ambix,0.9796597664926384,0.978,1
reentrancy_only,contrastive,46,false_negative,DAPP::DAppSCAN-source/contracts/PepperSec-Aira-Robonomic/robonomics_contracts-cc35a91de187072214d215262d8371f0159c2498::RobotLiabilityLib,RobotLiabilityLib,0.9629045834373916,0.978,1
reentrancy_only,contrastive,46,false_negative,DAPP::DAppSCAN-source/contracts/PepperSec-Aira-Robonomic/robonomics_contracts-cc35a91de187072214d215262d8371f0159c2498::LighthouseLib,LighthouseLib,0.9367798003401481,0.978,1
reentrancy_only,contrastive,46,false_negative,DAPP::DAppSCAN-source/contracts/BlockSec-blocksec_impossible_finance_swap_v1.2/impossible-swap-core-29aaef89f996acdbee92b67c4d95fb608dc8b876::ImpossibleWrappedToken,ImpossibleWrappedToken,0.6087333938126375,0.978,1
reentrancy_only,contrastive,46,false_negative,DAPP::DAppSCAN-source/contracts/consensys-GrowthDeFi WHEAT/wheat-v1-core-8360ac0a537589bb974e8a5a169bb3e7c95d2857::Exchange,Exchange,0.7332159524276329,0.978,0
reentrancy_only,contrastive,46,false_negative,DAPP::DAppSCAN-source/contracts/ImmuneBytes-Bird Money-Final Audit Report/bird-farm-contracts-dfd2502b73c8f54c9081682c3eb070fcd3c00629::MasterChef,MasterChef,0.9744693602741883,0.978,1
reentrancy_only,contrastive,46,false_negative,DAPP::DAppSCAN-source/contracts/SlowMist-ForTube2.0 Smart Contract Security Audit Report/bond-854527d0ea7ad2ddd3504b4d4ae3fcb57cb6445d::PRA,PRA,0.9328138474066945,0.978,1
reentrancy_only,contrastive,46,false_negative,"DAPP::DAppSCAN-source/contracts/Coinfabrik-MintingFactoryV2, BaseUpgradableMarketplace & KODAV3UpgradableGatedMarketplace/known-origin-contracts-v3-d592c5f4fa4e0b6fc65a1fce43e302706aedf607::MintingFactoryV2",MintingFactoryV2,0.5755312842088379,0.978,1
reentrancy_only,contrastive,46,false_negative,DAPP::DAppSCAN-source/contracts/Solidity_Finance-OKLG - Smart Contract/contracts-e167d0d742d21bcc62d7a5b770a1f0ed1cf31eca::MTGYTokenLocker,MTGYTokenLocker,0.9416325028083758,0.978,1
reentrancy_only,contrastive,46,false_positive,DAPP::DAppSCAN-source/contracts/Solidity_Finance-OKLG - Smart Contract/contracts-e167d0d742d21bcc62d7a5b770a1f0ed1cf31eca::OKLGPasswordManager,OKLGPasswordManager,0.9818673347477209,0.978,1
reentrancy_only,contrastive,46,false_positive,DAPP::DAppSCAN-source/contracts/Solidity_Finance-OKLG - Smart Contract/contracts-e167d0d742d21bcc62d7a5b770a1f0ed1cf31eca::OKLGTrustedTimestamping,OKLGTrustedTimestamping,0.9818152034279298,0.978,0
reentrancy_only,contrastive,46,false_negative,DAPP::DAppSCAN-source/contracts/Trail_of_Bits-Liquity/dev-f0df3efa5a5f05b205752184cfce107c5bd6e06c::BorrowerOperations,BorrowerOperations,0.8479860303562202,0.978,1
reentrancy_only,contrastive,46,false_positive,DAPP::DAppSCAN-source/contracts/Trail_of_Bits-Liquity/dev-f0df3efa5a5f05b205752184cfce107c5bd6e06c::SortedTroves,SortedTroves,0.9843354690217456,0.978,1
all_scope,accepted_label_only,42,false_positive,FORGE::vfp_00058::BasePositionManager,BasePositionManager,0.8543121915673885,0.756,0
all_scope,accepted_label_only,42,false_positive,FORGE::vfp_00058::LikwidLendPosition,LikwidLendPosition,0.8915900357704757,0.756,0
all_scope,accepted_label_only,42,false_positive,FORGE::vfp_00260::Arbitrum_Adapter,Arbitrum_Adapter,0.8146419321367444,0.756,0
all_scope,accepted_label_only,42,false_positive,FORGE::vfp_00126::HubPool,HubPool,0.8988186129654484,0.756,1
all_scope,accepted_label_only,42,false_positive,FORGE::vfp_00126::Arbitrum_Adapter,Arbitrum_Adapter,0.8253536098744864,0.756,0
all_scope,accepted_label_only,42,false_negative,FORGE::vfp_00288::DelegationMetaSwapAdapter,DelegationMetaSwapAdapter,0.5252004498517977,0.756,1
all_scope,accepted_label_only,42,false_positive,DAPP::DAppSCAN-source/contracts/SlowMist-Booster-Protocol_智能安全审计报告/boosterProtocol-946b15629c410d706856584f3aa04001d6a55bd2::TenBankHall,TenBankHall,0.7809812052264636,0.756,1
all_scope,accepted_label_only,42,false_negative,DAPP::DAppSCAN-source/contracts/SlowMist-Booster-Protocol_智能安全审计报告/boosterProtocol-946b15629c410d706856584f3aa04001d6a55bd2::BuybackBooToken,BuybackBooToken,0.7113422798092218,0.756,0
all_scope,accepted_label_only,42,false_positive,DAPP::DAppSCAN-source/contracts/SlowMist-Booster-Protocol_智能安全审计报告/boosterProtocol-946b15629c410d706856584f3aa04001d6a55bd2::BOOPools,BOOPools,0.8616988653518659,0.756,1
all_scope,accepted_label_only,42,false_negative,DAPP::DAppSCAN-source/contracts/SlowMist-Booster-Protocol_智能安全审计报告/boosterProtocol-946b15629c410d706856584f3aa04001d6a55bd2::StrategyUtils,StrategyUtils,0.39982100200297366,0.756,1
all_scope,accepted_label_only,42,false_negative,DAPP::DAppSCAN-source/contracts/Hacken-Powerbomb-V1/powerbomb-lite-0f86ff1eecdd723be733a9b33ff4ffa3bbdadcee::PowerBombAvaxCurve,PowerBombAvaxCurve,0.7353930452579359,0.756,1
all_scope,accepted_label_only,42,false_positive,DAPP::DAppSCAN-source/contracts/Hacken-Powerbomb-V1/powerbomb-lite-0f86ff1eecdd723be733a9b33ff4ffa3bbdadcee::PowerBombAvaxCurve33,PowerBombAvaxCurve33,0.7610033714961583,0.756,1
all_scope,accepted_label_only,42,false_positive,DAPP::DAppSCAN-source/contracts/PeckShield-DarkCrypto/darkcrypto-contracts-fee5be8d36459aebed2b84e6493875b3dc0366fd::Boardroom,Boardroom,0.7777622736571469,0.756,1
all_scope,accepted_label_only,42,false_positive,DAPP::DAppSCAN-source/contracts/PeckShield-DarkCrypto/darkcrypto-contracts-fee5be8d36459aebed2b84e6493875b3dc0366fd::DarkRewardPool,DarkRewardPool,0.8781104864083257,0.756,1
all_scope,accepted_label_only,42,false_positive,DAPP::DAppSCAN-source/contracts/PepperSec-Aira-Robonomic/robonomics_contracts-cc35a91de187072214d215262d8371f0159c2498::Ambix,Ambix,0.88642115242475,0.756,1
all_scope,accepted_label_only,42,false_negative,DAPP::DAppSCAN-source/contracts/PepperSec-Aira-Robonomic/robonomics_contracts-cc35a91de187072214d215262d8371f0159c2498::LighthouseLib,LighthouseLib,0.6247197116068264,0.756,1
all_scope,accepted_label_only,42,false_positive,DAPP::DAppSCAN-source/contracts/PepperSec-Aira-Robonomic/robonomics_contracts-cc35a91de187072214d215262d8371f0159c2498::DutchAuction,DutchAuction,0.8751489613522448,0.756,1
all_scope,accepted_label_only,42,false_negative,DAPP::DAppSCAN-source/contracts/BlockSec-blocksec_impossible_finance_swap_v1.2/impossible-swap-core-29aaef89f996acdbee92b67c4d95fb608dc8b876::ImpossibleWrappedToken,ImpossibleWrappedToken,0.23181687502803736,0.756,1
all_scope,accepted_label_only,42,false_positive,DAPP::DAppSCAN-source/contracts/Solidified-Aztec Element Bridge/aztec-connect-bridges-ac2e7194b5887ea11a607b4cf8de0547b3d7fdd0::RollupProcessor,RollupProcessor,0.782548496533003,0.756,1
all_scope,accepted_label_only,42,false_negative,DAPP::DAppSCAN-source/contracts/PeckShield-Duet/duet-collateral-contracts-92452dad092d6b5f76713484e30159b5fa75ea80::DYTokenERC20,DYTokenERC20,0.43986761819727166,0.756,1
all_scope,accepted_label_only,42,false_negative,DAPP::DAppSCAN-source/contracts/consensys-GrowthDeFi WHEAT/wheat-v1-core-8360ac0a537589bb974e8a5a169bb3e7c95d2857::Exchange,Exchange,0.27097293487126006,0.756,0
all_scope,accepted_label_only,42,false_positive,DAPP::DAppSCAN-source/contracts/SlowMist-ForTube2.0 Smart Contract Security Audit Report/bond-854527d0ea7ad2ddd3504b4d4ae3fcb57cb6445d::BondData,BondData,0.8138999351482741,0.756,1
all_scope,accepted_label_only,42,false_negative,DAPP::DAppSCAN-source/contracts/SlowMist-ForTube2.0 Smart Contract Security Audit Report/bond-854527d0ea7ad2ddd3504b4d4ae3fcb57cb6445d::PRA,PRA,0.5885752159580852,0.756,1
all_scope,accepted_label_only,42,false_negative,"DAPP::DAppSCAN-source/contracts/Coinfabrik-MintingFactoryV2, BaseUpgradableMarketplace & KODAV3UpgradableGatedMarketplace/known-origin-contracts-v3-d592c5f4fa4e0b6fc65a1fce43e302706aedf607::MintingFactoryV2",MintingFactoryV2,0.34594426101438064,0.756,1
all_scope,accepted_label_only,42,false_positive,"DAPP::DAppSCAN-source/contracts/Coinfabrik-MintingFactoryV2, BaseUpgradableMarketplace & KODAV3UpgradableGatedMarketplace/known-origin-contracts-v3-d592c5f4fa4e0b6fc65a1fce43e302706aedf607::ClaimableFundsReceiverV1",ClaimableFundsReceiverV1,0.8561001900574954,0.756,1
all_scope,accepted_label_only,42,false_positive,"DAPP::DAppSCAN-source/contracts/Coinfabrik-MintingFactoryV2, BaseUpgradableMarketplace & KODAV3UpgradableGatedMarketplace/known-origin-contracts-v3-d592c5f4fa4e0b6fc65a1fce43e302706aedf607::KODAV3UpgradableGatedMarketplace",KODAV3UpgradableGatedMarketplace,0.824678460808112,0.756,1
all_scope,accepted_label_only,42,false_positive,"DAPP::DAppSCAN-source/contracts/Coinfabrik-MintingFactoryV2, BaseUpgradableMarketplace & KODAV3UpgradableGatedMarketplace/known-origin-contracts-v3-d592c5f4fa4e0b6fc65a1fce43e302706aedf607::ClaimableFundsSplitterV1",ClaimableFundsSplitterV1,0.8561001900574954,0.756,1
all_scope,accepted_label_only,42,false_positive,"DAPP::DAppSCAN-source/contracts/Coinfabrik-MintingFactoryV2, BaseUpgradableMarketplace & KODAV3UpgradableGatedMarketplace/known-origin-contracts-v3-d592c5f4fa4e0b6fc65a1fce43e302706aedf607::RoyaltyImplV1R1",RoyaltyImplV1R1,0.8508943904829244,0.756,1
all_scope,accepted_label_only,42,false_positive,"DAPP::DAppSCAN-source/contracts/Coinfabrik-MintingFactoryV2, BaseUpgradableMarketplace & KODAV3UpgradableGatedMarketplace/known-origin-contracts-v3-d592c5f4fa4e0b6fc65a1fce43e302706aedf607::RoyaltyImplV1R2",RoyaltyImplV1R2,0.8508943904829244,0.756,1
all_scope,accepted_label_only,42,false_positive,"DAPP::DAppSCAN-source/contracts/Coinfabrik-MintingFactoryV2, BaseUpgradableMarketplace & KODAV3UpgradableGatedMarketplace/known-origin-contracts-v3-d592c5f4fa4e0b6fc65a1fce43e302706aedf607::FundsReceiver",FundsReceiver,0.8508943904829244,0.756,1
all_scope,accepted_label_only,42,false_positive,"DAPP::DAppSCAN-source/contracts/Coinfabrik-MintingFactoryV2, BaseUpgradableMarketplace & KODAV3UpgradableGatedMarketplace/known-origin-contracts-v3-d592c5f4fa4e0b6fc65a1fce43e302706aedf607::CollabFundsReceiver",CollabFundsReceiver,0.894171234516562,0.756,1
all_scope,accepted_label_only,42,false_positive,FORGE::vfp_00156::SponsoredOFTSrcPeriphery,SponsoredOFTSrcPeriphery,0.8376097969084411,0.756,0
all_scope,accepted_label_only,42,false_positive,DAPP::DAppSCAN-source/contracts/Solidity_Finance-OKLG - Smart Contract/contracts-e167d0d742d21bcc62d7a5b770a1f0ed1cf31eca::OKLGAtomicSwapInstance,OKLGAtomicSwapInstance,0.8959262540121525,0.756,1
all_scope,accepted_label_only,42,false_positive,DAPP::DAppSCAN-source/contracts/Solidity_Finance-OKLG - Smart Contract/contracts-e167d0d742d21bcc62d7a5b770a1f0ed1cf31eca::OKLGFaaSToken,OKLGFaaSToken,0.9271321568375236,0.756,1
all_scope,accepted_label_only,42,false_positive,DAPP::DAppSCAN-source/contracts/Solidity_Finance-OKLG - Smart Contract/contracts-e167d0d742d21bcc62d7a5b770a1f0ed1cf31eca::OKLGPasswordManager,OKLGPasswordManager,0.8417931359382334,0.756,1
all_scope,accepted_label_only,42,false_positive,DAPP::DAppSCAN-source/contracts/Solidity_Finance-OKLG - Smart Contract/contracts-e167d0d742d21bcc62d7a5b770a1f0ed1cf31eca::OKLGAffiliate,OKLGAffiliate,0.8095600339216719,0.756,1
all_scope,accepted_label_only,42,false_positive,DAPP::DAppSCAN-source/contracts/Solidity_Finance-OKLG - Smart Contract/contracts-e167d0d742d21bcc62d7a5b770a1f0ed1cf31eca::OKLGDividendDistributor,OKLGDividendDistributor,0.9038168590298128,0.756,1
all_scope,accepted_label_only,42,false_positive,DAPP::DAppSCAN-source/contracts/Solidity_Finance-OKLG - Smart Contract/contracts-e167d0d742d21bcc62d7a5b770a1f0ed1cf31eca::OKLGTrustedTimestamping,OKLGTrustedTimestamping,0.8054860604849537,0.756,0
all_scope,accepted_label_only,42,false_positive,DAPP::DAppSCAN-source/contracts/Solidity_Finance-OKLG - Smart Contract/contracts-e167d0d742d21bcc62d7a5b770a1f0ed1cf31eca::KetherNFTLoaner,KetherNFTLoaner,0.8664174853466925,0.756,1
all_scope,accepted_label_only,42,false_positive,DAPP::DAppSCAN-source/contracts/Solidity_Finance-OKLG - Smart Contract/contracts-e167d0d742d21bcc62d7a5b770a1f0ed1cf31eca::OKLGRaffle,OKLGRaffle,0.9123075720722371,0.756,1
all_scope,accepted_label_only,42,false_positive,DAPP::DAppSCAN-source/contracts/Solidity_Finance-OKLG - Smart Contract/contracts-e167d0d742d21bcc62d7a5b770a1f0ed1cf31eca::OKLGETHSplitter,OKLGETHSplitter,0.758968887836447,0.756,1
all_scope,accepted_label_only,42,false_positive,DAPP::DAppSCAN-source/contracts/Solidified-Aztec Lido Bridge/aztec-connect-bridges-d5aca13d4d0a17b21eeddf77f49f4c6613461fb0::RollupProcessor,RollupProcessor,0.7825542981041873,0.756,1
all_scope,accepted_label_only,42,false_negative,DAPP::DAppSCAN-source/contracts/Solidified-Aztec Lido Bridge/aztec-connect-bridges-d5aca13d4d0a17b21eeddf77f49f4c6613461fb0::LidoBridge,LidoBridge,0.41505016853189036,0.756,1
all_scope,accepted_label_only,42,false_positive,DAPP::DAppSCAN-source/contracts/Solidified-Aztec Lido Bridge/aztec-connect-bridges-d5aca13d4d0a17b21eeddf77f49f4c6613461fb0::ElementBridge,ElementBridge,0.7567273787266402,0.756,1
all_scope,accepted_label_only,42,false_positive,DAPP::DAppSCAN-source/contracts/Hacken-Tenderize/tender-core-1fd606141625171fe792045ae9233890262d2d62::TokenFaucet,TokenFaucet,0.8421574979005304,0.756,0
all_scope,accepted_label_only,42,false_negative,DAPP::DAppSCAN-source/contracts/Hacken-Tenderize/tender-core-1fd606141625171fe792045ae9233890262d2d62::Matic,Matic,0.6919595446541337,0.756,1
all_scope,accepted_label_only,42,false_negative,DAPP::DAppSCAN-source/contracts/Hacken-Tenderize/tender-core-1fd606141625171fe792045ae9233890262d2d62::Livepeer,Livepeer,0.7199863803442446,0.756,1
all_scope,accepted_label_only,42,false_positive,FORGE::vfp_00220::LiquidityPenaltyHook,LiquidityPenaltyHook,0.8214338851003845,0.756,0
all_scope,accepted_label_only,42,false_positive,DAPP::DAppSCAN-source/contracts/consensys-The_LAO/moloch-4bc443f4dad60279b47978fc6987bb978d3dfc58::MolochPool,MolochPool,0.8278223761184386,0.756,1
all_scope,accepted_label_only,42,false_positive,DAPP::DAppSCAN-source/contracts/consensys-The_LAO/moloch-4bc443f4dad60279b47978fc6987bb978d3dfc58::GnosisSafe,GnosisSafe,0.8137206783439034,0.756,1
all_scope,accepted_label_only,42,false_positive,DAPP::DAppSCAN-source/contracts/consensys-The_LAO/moloch-4bc443f4dad60279b47978fc6987bb978d3dfc58::ClaimsTokenERC20Extension,ClaimsTokenERC20Extension,0.8154522273669077,0.756,1
all_scope,accepted_label_only,42,false_negative,DAPP::DAppSCAN-source/contracts/Trail_of_Bits-Liquity/dev-f0df3efa5a5f05b205752184cfce107c5bd6e06c::TroveManager,TroveManager,0.7404557241990637,0.756,1
all_scope,accepted_label_only,42,false_negative,DAPP::DAppSCAN-source/contracts/Trail_of_Bits-Liquity/dev-f0df3efa5a5f05b205752184cfce107c5bd6e06c::BorrowerOperations,BorrowerOperations,0.5564847869978293,0.756,1
all_scope,accepted_label_only,42,false_positive,DAPP::DAppSCAN-source/contracts/Trail_of_Bits-Liquity/dev-f0df3efa5a5f05b205752184cfce107c5bd6e06c::SortedTroves,SortedTroves,0.8909736418949478,0.756,1
all_scope,accepted_label_only,42,false_positive,DAPP::DAppSCAN-source/contracts/Trail_of_Bits-Liquity/dev-f0df3efa5a5f05b205752184cfce107c5bd6e06c::LQTYStaking,LQTYStaking,0.7803435333344988,0.756,0
all_scope,contrastive,42,false_positive,FORGE::vfp_00058::BasePositionManager,BasePositionManager,0.8609972163240535,0.784,0
all_scope,contrastive,42,false_positive,FORGE::vfp_00058::LikwidLendPosition,LikwidLendPosition,0.8837332454002953,0.784,0
all_scope,contrastive,42,false_negative,FORGE::vfp_00260::Router_Adapter,Router_Adapter,0.6509817139796179,0.784,0
all_scope,contrastive,42,false_positive,FORGE::vfp_00126::HubPool,HubPool,0.7920900565282007,0.784,1
all_scope,contrastive,42,false_negative,FORGE::vfp_00288::DelegationMetaSwapAdapter,DelegationMetaSwapAdapter,0.754180511505717,0.784,1
all_scope,contrastive,42,false_negative,DAPP::DAppSCAN-source/contracts/SlowMist-Booster-Protocol_智能安全审计报告/boosterProtocol-946b15629c410d706856584f3aa04001d6a55bd2::BuybackBooToken,BuybackBooToken,0.7466330665952906,0.784,0
all_scope,contrastive,42,false_positive,DAPP::DAppSCAN-source/contracts/SlowMist-Booster-Protocol_智能安全审计报告/boosterProtocol-946b15629c410d706856584f3aa04001d6a55bd2::BOOPools,BOOPools,0.8422366497928113,0.784,1
all_scope,contrastive,42,false_positive,DAPP::DAppSCAN-source/contracts/SlowMist-Booster-Protocol_智能安全审计报告/boosterProtocol-946b15629c410d706856584f3aa04001d6a55bd2::ActionPools,ActionPools,0.7851766043229854,0.784,1
all_scope,contrastive,42,false_negative,DAPP::DAppSCAN-source/contracts/SlowMist-Booster-Protocol_智能安全审计报告/boosterProtocol-946b15629c410d706856584f3aa04001d6a55bd2::StrategyUtils,StrategyUtils,0.6025763871969013,0.784,1
all_scope,contrastive,42,false_negative,DAPP::DAppSCAN-source/contracts/Hacken-Powerbomb-V1/powerbomb-lite-0f86ff1eecdd723be733a9b33ff4ffa3bbdadcee::PowerBombAvaxCurve,PowerBombAvaxCurve,0.7535616159272646,0.784,1
all_scope,contrastive,42,false_positive,DAPP::DAppSCAN-source/contracts/PeckShield-DarkCrypto/darkcrypto-contracts-fee5be8d36459aebed2b84e6493875b3dc0366fd::DarkRewardPool,DarkRewardPool,0.8583960649348003,0.784,1
all_scope,contrastive,42,false_positive,DAPP::DAppSCAN-source/contracts/PepperSec-Aira-Robonomic/robonomics_contracts-cc35a91de187072214d215262d8371f0159c2498::Ambix,Ambix,0.8405692104439327,0.784,1
all_scope,contrastive,42,false_negative,DAPP::DAppSCAN-source/contracts/PepperSec-Aira-Robonomic/robonomics_contracts-cc35a91de187072214d215262d8371f0159c2498::LighthouseLib,LighthouseLib,0.5956693509575313,0.784,1
all_scope,contrastive,42,false_positive,DAPP::DAppSCAN-source/contracts/PepperSec-Aira-Robonomic/robonomics_contracts-cc35a91de187072214d215262d8371f0159c2498::DutchAuction,DutchAuction,0.8097116128980653,0.784,1
all_scope,contrastive,42,false_negative,DAPP::DAppSCAN-source/contracts/BlockSec-blocksec_impossible_finance_swap_v1.2/impossible-swap-core-29aaef89f996acdbee92b67c4d95fb608dc8b876::ImpossibleWrappedToken,ImpossibleWrappedToken,0.19066791235539732,0.784,1
all_scope,contrastive,42,false_positive,DAPP::DAppSCAN-source/contracts/Solidified-Aztec Element Bridge/aztec-connect-bridges-ac2e7194b5887ea11a607b4cf8de0547b3d7fdd0::RollupProcessor,RollupProcessor,0.8288892407134631,0.784,1
all_scope,contrastive,42,false_negative,DAPP::DAppSCAN-source/contracts/PeckShield-Duet/duet-collateral-contracts-92452dad092d6b5f76713484e30159b5fa75ea80::DYTokenERC20,DYTokenERC20,0.5884571012910651,0.784,1
all_scope,contrastive,42,false_negative,DAPP::DAppSCAN-source/contracts/consensys-GrowthDeFi WHEAT/wheat-v1-core-8360ac0a537589bb974e8a5a169bb3e7c95d2857::Exchange,Exchange,0.34921164279215133,0.784,0
all_scope,contrastive,42,false_negative,DAPP::DAppSCAN-source/contracts/SlowMist-ForTube2.0 Smart Contract Security Audit Report/bond-854527d0ea7ad2ddd3504b4d4ae3fcb57cb6445d::PRA,PRA,0.5989806913067167,0.784,1
all_scope,contrastive,42,false_negative,"DAPP::DAppSCAN-source/contracts/Coinfabrik-MintingFactoryV2, BaseUpgradableMarketplace & KODAV3UpgradableGatedMarketplace/known-origin-contracts-v3-d592c5f4fa4e0b6fc65a1fce43e302706aedf607::MintingFactoryV2",MintingFactoryV2,0.43220416323742833,0.784,1
all_scope,contrastive,42,false_positive,"DAPP::DAppSCAN-source/contracts/Coinfabrik-MintingFactoryV2, BaseUpgradableMarketplace & KODAV3UpgradableGatedMarketplace/known-origin-contracts-v3-d592c5f4fa4e0b6fc65a1fce43e302706aedf607::KODAV3UpgradableGatedMarketplace",KODAV3UpgradableGatedMarketplace,0.7917022979202443,0.784,1
all_scope,contrastive,42,false_positive,FORGE::vfp_00156::SponsoredOFTSrcPeriphery,SponsoredOFTSrcPeriphery,0.8066896036534282,0.784,0
all_scope,contrastive,42,false_positive,DAPP::DAppSCAN-source/contracts/Solidity_Finance-OKLG - Smart Contract/contracts-e167d0d742d21bcc62d7a5b770a1f0ed1cf31eca::OKLGAtomicSwapInstance,OKLGAtomicSwapInstance,0.8364502309156028,0.784,1
all_scope,contrastive,42,false_positive,DAPP::DAppSCAN-source/contracts/Solidity_Finance-OKLG - Smart Contract/contracts-e167d0d742d21bcc62d7a5b770a1f0ed1cf31eca::OKLGFaaSToken,OKLGFaaSToken,0.878033578200015,0.784,1
all_scope,contrastive,42,false_positive,DAPP::DAppSCAN-source/contracts/Solidity_Finance-OKLG - Smart Contract/contracts-e167d0d742d21bcc62d7a5b770a1f0ed1cf31eca::OKLGPasswordManager,OKLGPasswordManager,0.8393570576929421,0.784,1
all_scope,contrastive,42,false_positive,DAPP::DAppSCAN-source/contracts/Solidity_Finance-OKLG - Smart Contract/contracts-e167d0d742d21bcc62d7a5b770a1f0ed1cf31eca::OKLGAffiliate,OKLGAffiliate,0.8103590898462374,0.784,1
all_scope,contrastive,42,false_positive,DAPP::DAppSCAN-source/contracts/Solidity_Finance-OKLG - Smart Contract/contracts-e167d0d742d21bcc62d7a5b770a1f0ed1cf31eca::OKLGDividendDistributor,OKLGDividendDistributor,0.8524588514613889,0.784,1
all_scope,contrastive,42,false_positive,DAPP::DAppSCAN-source/contracts/Solidity_Finance-OKLG - Smart Contract/contracts-e167d0d742d21bcc62d7a5b770a1f0ed1cf31eca::OKLGTrustedTimestamping,OKLGTrustedTimestamping,0.8079327277017366,0.784,0
all_scope,contrastive,42,false_positive,DAPP::DAppSCAN-source/contracts/Solidity_Finance-OKLG - Smart Contract/contracts-e167d0d742d21bcc62d7a5b770a1f0ed1cf31eca::KetherNFTLoaner,KetherNFTLoaner,0.8112969274582986,0.784,1
all_scope,contrastive,42,false_positive,DAPP::DAppSCAN-source/contracts/Solidity_Finance-OKLG - Smart Contract/contracts-e167d0d742d21bcc62d7a5b770a1f0ed1cf31eca::OKLGRaffle,OKLGRaffle,0.876385020070064,0.784,1
all_scope,contrastive,42,false_positive,DAPP::DAppSCAN-source/contracts/Solidified-Aztec Lido Bridge/aztec-connect-bridges-d5aca13d4d0a17b21eeddf77f49f4c6613461fb0::RollupProcessor,RollupProcessor,0.8288891899904288,0.784,1
all_scope,contrastive,42,false_negative,DAPP::DAppSCAN-source/contracts/Solidified-Aztec Lido Bridge/aztec-connect-bridges-d5aca13d4d0a17b21eeddf77f49f4c6613461fb0::LidoBridge,LidoBridge,0.44642750467323694,0.784,1
all_scope,contrastive,42,false_positive,DAPP::DAppSCAN-source/contracts/Solidified-Aztec Lido Bridge/aztec-connect-bridges-d5aca13d4d0a17b21eeddf77f49f4c6613461fb0::ElementBridge,ElementBridge,0.7916320483848202,0.784,1
all_scope,contrastive,42,false_positive,DAPP::DAppSCAN-source/contracts/Hacken-Tenderize/tender-core-1fd606141625171fe792045ae9233890262d2d62::TokenFaucet,TokenFaucet,0.7884865127284698,0.784,0
all_scope,contrastive,42,false_positive,DAPP::DAppSCAN-source/contracts/Hacken-Tenderize/tender-core-1fd606141625171fe792045ae9233890262d2d62::SwapUtils,SwapUtils,0.80446305921797,0.784,1
all_scope,contrastive,42,false_positive,DAPP::DAppSCAN-source/contracts/Hacken-Tenderize/tender-core-1fd606141625171fe792045ae9233890262d2d62::TenderSwap,TenderSwap,0.8097804084656323,0.784,1
all_scope,contrastive,42,false_positive,DAPP::DAppSCAN-source/contracts/Hacken-Tenderize/tender-core-1fd606141625171fe792045ae9233890262d2d62::Audius,Audius,0.7892864557627043,0.784,1
all_scope,contrastive,42,false_negative,DAPP::DAppSCAN-source/contracts/Hacken-Tenderize/tender-core-1fd606141625171fe792045ae9233890262d2d62::Matic,Matic,0.7625070374654654,0.784,1
all_scope,contrastive,42,false_negative,DAPP::DAppSCAN-source/contracts/Hacken-Tenderize/tender-core-1fd606141625171fe792045ae9233890262d2d62::Livepeer,Livepeer,0.7696480005063219,0.784,1
all_scope,contrastive,42,false_positive,FORGE::vfp_00220::LiquidityPenaltyHook,LiquidityPenaltyHook,0.84300038012746,0.784,0
all_scope,contrastive,42,false_negative,DAPP::DAppSCAN-source/contracts/consensys-The_LAO/moloch-4bc443f4dad60279b47978fc6987bb978d3dfc58::Moloch,Moloch,0.7802257531627784,0.784,1
all_scope,contrastive,42,false_negative,DAPP::DAppSCAN-source/contracts/Trail_of_Bits-Liquity/dev-f0df3efa5a5f05b205752184cfce107c5bd6e06c::TroveManager,TroveManager,0.7523762100935374,0.784,1
all_scope,contrastive,42,false_negative,DAPP::DAppSCAN-source/contracts/Trail_of_Bits-Liquity/dev-f0df3efa5a5f05b205752184cfce107c5bd6e06c::BorrowerOperations,BorrowerOperations,0.5836571466627481,0.784,1
all_scope,contrastive,42,false_positive,DAPP::DAppSCAN-source/contracts/Trail_of_Bits-Liquity/dev-f0df3efa5a5f05b205752184cfce107c5bd6e06c::SortedTroves,SortedTroves,0.87984400872662,0.784,1
all_scope,contrastive,42,false_positive,DAPP::DAppSCAN-source/contracts/Trail_of_Bits-Liquity/dev-f0df3efa5a5f05b205752184cfce107c5bd6e06c::LQTYStaking,LQTYStaking,0.8118297673926854,0.784,0
all_scope,accepted_label_only,43,false_positive,FORGE::vfp_00058::BasePositionManager,BasePositionManager,0.6534154019950759,0.518,0
all_scope,accepted_label_only,43,false_positive,FORGE::vfp_00058::LikwidLendPosition,LikwidLendPosition,0.7964014117835464,0.518,0
all_scope,accepted_label_only,43,false_positive,FORGE::vfp_00260::Arbitrum_Adapter,Arbitrum_Adapter,0.6803840309765584,0.518,0
all_scope,accepted_label_only,43,false_positive,FORGE::vfp_00126::HubPool,HubPool,0.7913477854179146,0.518,1
all_scope,accepted_label_only,43,false_positive,FORGE::vfp_00126::Arbitrum_Adapter,Arbitrum_Adapter,0.6815906957816614,0.518,0
all_scope,accepted_label_only,43,false_negative,FORGE::vfp_00288::DelegationMetaSwapAdapter,DelegationMetaSwapAdapter,0.2914651909269944,0.518,1
all_scope,accepted_label_only,43,false_positive,DAPP::DAppSCAN-source/contracts/SlowMist-Booster-Protocol_智能安全审计报告/boosterProtocol-946b15629c410d706856584f3aa04001d6a55bd2::TenBankHall,TenBankHall,0.6079412794399524,0.518,1
all_scope,accepted_label_only,43,false_negative,DAPP::DAppSCAN-source/contracts/SlowMist-Booster-Protocol_智能安全审计报告/boosterProtocol-946b15629c410d706856584f3aa04001d6a55bd2::BuybackBooToken,BuybackBooToken,0.461800973180119,0.518,0
all_scope,accepted_label_only,43,false_positive,DAPP::DAppSCAN-source/contracts/SlowMist-Booster-Protocol_智能安全审计报告/boosterProtocol-946b15629c410d706856584f3aa04001d6a55bd2::BOOPools,BOOPools,0.6505784339154819,0.518,1
all_scope,accepted_label_only,43,false_negative,DAPP::DAppSCAN-source/contracts/SlowMist-Booster-Protocol_智能安全审计报告/boosterProtocol-946b15629c410d706856584f3aa04001d6a55bd2::StrategyUtils,StrategyUtils,0.24334726522341393,0.518,1
all_scope,accepted_label_only,43,false_negative,DAPP::DAppSCAN-source/contracts/Hacken-Powerbomb-V1/powerbomb-lite-0f86ff1eecdd723be733a9b33ff4ffa3bbdadcee::PowerBombAvaxCurve,PowerBombAvaxCurve,0.48256658489759596,0.518,1
all_scope,accepted_label_only,43,false_positive,DAPP::DAppSCAN-source/contracts/Hacken-Powerbomb-V1/powerbomb-lite-0f86ff1eecdd723be733a9b33ff4ffa3bbdadcee::PowerBombR,PowerBombR,0.5242980951301849,0.518,1
all_scope,accepted_label_only,43,false_positive,DAPP::DAppSCAN-source/contracts/PeckShield-DarkCrypto/darkcrypto-contracts-fee5be8d36459aebed2b84e6493875b3dc0366fd::Boardroom,Boardroom,0.520577746026477,0.518,1
all_scope,accepted_label_only,43,false_positive,DAPP::DAppSCAN-source/contracts/PeckShield-DarkCrypto/darkcrypto-contracts-fee5be8d36459aebed2b84e6493875b3dc0366fd::DarkRewardPool,DarkRewardPool,0.75050996902688,0.518,1
all_scope,accepted_label_only,43,false_positive,DAPP::DAppSCAN-source/contracts/PepperSec-Aira-Robonomic/robonomics_contracts-cc35a91de187072214d215262d8371f0159c2498::Ambix,Ambix,0.7465169109735794,0.518,1
all_scope,accepted_label_only,43,false_negative,DAPP::DAppSCAN-source/contracts/PepperSec-Aira-Robonomic/robonomics_contracts-cc35a91de187072214d215262d8371f0159c2498::LighthouseLib,LighthouseLib,0.38873045535841133,0.518,1
all_scope,accepted_label_only,43,false_positive,DAPP::DAppSCAN-source/contracts/PepperSec-Aira-Robonomic/robonomics_contracts-cc35a91de187072214d215262d8371f0159c2498::DutchAuction,DutchAuction,0.681933936114701,0.518,1
all_scope,accepted_label_only,43,false_negative,DAPP::DAppSCAN-source/contracts/BlockSec-blocksec_impossible_finance_swap_v1.2/impossible-swap-core-29aaef89f996acdbee92b67c4d95fb608dc8b876::ImpossibleWrappedToken,ImpossibleWrappedToken,0.10555041136777812,0.518,1
all_scope,accepted_label_only,43,false_positive,DAPP::DAppSCAN-source/contracts/Solidified-Aztec Element Bridge/aztec-connect-bridges-ac2e7194b5887ea11a607b4cf8de0547b3d7fdd0::RollupProcessor,RollupProcessor,0.5497233286142927,0.518,1
all_scope,accepted_label_only,43,false_negative,DAPP::DAppSCAN-source/contracts/PeckShield-Duet/duet-collateral-contracts-92452dad092d6b5f76713484e30159b5fa75ea80::DYTokenERC20,DYTokenERC20,0.2180090356776245,0.518,1
all_scope,accepted_label_only,43,false_negative,DAPP::DAppSCAN-source/contracts/consensys-GrowthDeFi WHEAT/wheat-v1-core-8360ac0a537589bb974e8a5a169bb3e7c95d2857::Exchange,Exchange,0.17072034309587084,0.518,0
all_scope,accepted_label_only,43,false_positive,DAPP::DAppSCAN-source/contracts/SlowMist-ForTube2.0 Smart Contract Security Audit Report/bond-854527d0ea7ad2ddd3504b4d4ae3fcb57cb6445d::BondData,BondData,0.5760088764450609,0.518,1
all_scope,accepted_label_only,43,false_negative,DAPP::DAppSCAN-source/contracts/SlowMist-ForTube2.0 Smart Contract Security Audit Report/bond-854527d0ea7ad2ddd3504b4d4ae3fcb57cb6445d::PRA,PRA,0.3236652610844307,0.518,1
all_scope,accepted_label_only,43,false_negative,"DAPP::DAppSCAN-source/contracts/Coinfabrik-MintingFactoryV2, BaseUpgradableMarketplace & KODAV3UpgradableGatedMarketplace/known-origin-contracts-v3-d592c5f4fa4e0b6fc65a1fce43e302706aedf607::MintingFactoryV2",MintingFactoryV2,0.1691974367997291,0.518,1
all_scope,accepted_label_only,43,false_positive,"DAPP::DAppSCAN-source/contracts/Coinfabrik-MintingFactoryV2, BaseUpgradableMarketplace & KODAV3UpgradableGatedMarketplace/known-origin-contracts-v3-d592c5f4fa4e0b6fc65a1fce43e302706aedf607::ClaimableFundsReceiverV1",ClaimableFundsReceiverV1,0.6509192265449506,0.518,1
all_scope,accepted_label_only,43,false_positive,"DAPP::DAppSCAN-source/contracts/Coinfabrik-MintingFactoryV2, BaseUpgradableMarketplace & KODAV3UpgradableGatedMarketplace/known-origin-contracts-v3-d592c5f4fa4e0b6fc65a1fce43e302706aedf607::KODAV3UpgradableGatedMarketplace",KODAV3UpgradableGatedMarketplace,0.6616936843969954,0.518,1
all_scope,accepted_label_only,43,false_positive,"DAPP::DAppSCAN-source/contracts/Coinfabrik-MintingFactoryV2, BaseUpgradableMarketplace & KODAV3UpgradableGatedMarketplace/known-origin-contracts-v3-d592c5f4fa4e0b6fc65a1fce43e302706aedf607::ClaimableFundsSplitterV1",ClaimableFundsSplitterV1,0.6509192265449506,0.518,1
all_scope,accepted_label_only,43,false_positive,"DAPP::DAppSCAN-source/contracts/Coinfabrik-MintingFactoryV2, BaseUpgradableMarketplace & KODAV3UpgradableGatedMarketplace/known-origin-contracts-v3-d592c5f4fa4e0b6fc65a1fce43e302706aedf607::RoyaltyImplV1R1",RoyaltyImplV1R1,0.6964824040446839,0.518,1
all_scope,accepted_label_only,43,false_positive,"DAPP::DAppSCAN-source/contracts/Coinfabrik-MintingFactoryV2, BaseUpgradableMarketplace & KODAV3UpgradableGatedMarketplace/known-origin-contracts-v3-d592c5f4fa4e0b6fc65a1fce43e302706aedf607::RoyaltyImplV1R2",RoyaltyImplV1R2,0.6964824040446839,0.518,1
all_scope,accepted_label_only,43,false_positive,"DAPP::DAppSCAN-source/contracts/Coinfabrik-MintingFactoryV2, BaseUpgradableMarketplace & KODAV3UpgradableGatedMarketplace/known-origin-contracts-v3-d592c5f4fa4e0b6fc65a1fce43e302706aedf607::FundsReceiver",FundsReceiver,0.6964824040446839,0.518,1
all_scope,accepted_label_only,43,false_positive,"DAPP::DAppSCAN-source/contracts/Coinfabrik-MintingFactoryV2, BaseUpgradableMarketplace & KODAV3UpgradableGatedMarketplace/known-origin-contracts-v3-d592c5f4fa4e0b6fc65a1fce43e302706aedf607::CollabFundsReceiver",CollabFundsReceiver,0.7367220569247246,0.518,1
all_scope,accepted_label_only,43,false_positive,FORGE::vfp_00156::SponsoredOFTSrcPeriphery,SponsoredOFTSrcPeriphery,0.6640993712926998,0.518,0
all_scope,accepted_label_only,43,false_positive,DAPP::DAppSCAN-source/contracts/Solidity_Finance-OKLG - Smart Contract/contracts-e167d0d742d21bcc62d7a5b770a1f0ed1cf31eca::OKLGAtomicSwapInstance,OKLGAtomicSwapInstance,0.7110942444565481,0.518,1
all_scope,accepted_label_only,43,false_positive,DAPP::DAppSCAN-source/contracts/Solidity_Finance-OKLG - Smart Contract/contracts-e167d0d742d21bcc62d7a5b770a1f0ed1cf31eca::OKLGFaaSToken,OKLGFaaSToken,0.8056813714333262,0.518,1
all_scope,accepted_label_only,43,false_positive,DAPP::DAppSCAN-source/contracts/Solidity_Finance-OKLG - Smart Contract/contracts-e167d0d742d21bcc62d7a5b770a1f0ed1cf31eca::OKLGPasswordManager,OKLGPasswordManager,0.7183094673955138,0.518,1
all_scope,accepted_label_only,43,false_positive,DAPP::DAppSCAN-source/contracts/Solidity_Finance-OKLG - Smart Contract/contracts-e167d0d742d21bcc62d7a5b770a1f0ed1cf31eca::OKLGAffiliate,OKLGAffiliate,0.6317475849903288,0.518,1
all_scope,accepted_label_only,43,false_positive,DAPP::DAppSCAN-source/contracts/Solidity_Finance-OKLG - Smart Contract/contracts-e167d0d742d21bcc62d7a5b770a1f0ed1cf31eca::OKLGDividendDistributor,OKLGDividendDistributor,0.7437906609970003,0.518,1
all_scope,accepted_label_only,43,false_positive,DAPP::DAppSCAN-source/contracts/Solidity_Finance-OKLG - Smart Contract/contracts-e167d0d742d21bcc62d7a5b770a1f0ed1cf31eca::OKLGTrustedTimestamping,OKLGTrustedTimestamping,0.6543603504919,0.518,0
all_scope,accepted_label_only,43,false_positive,DAPP::DAppSCAN-source/contracts/Solidity_Finance-OKLG - Smart Contract/contracts-e167d0d742d21bcc62d7a5b770a1f0ed1cf31eca::KetherNFTLoaner,KetherNFTLoaner,0.7036618468650118,0.518,1
all_scope,accepted_label_only,43,false_positive,DAPP::DAppSCAN-source/contracts/Solidity_Finance-OKLG - Smart Contract/contracts-e167d0d742d21bcc62d7a5b770a1f0ed1cf31eca::OKLGRaffle,OKLGRaffle,0.7886962626785787,0.518,1
all_scope,accepted_label_only,43,false_positive,DAPP::DAppSCAN-source/contracts/Solidity_Finance-OKLG - Smart Contract/contracts-e167d0d742d21bcc62d7a5b770a1f0ed1cf31eca::OKLGETHSplitter,OKLGETHSplitter,0.5756941566687153,0.518,1
all_scope,accepted_label_only,43,false_positive,DAPP::DAppSCAN-source/contracts/Solidified-Aztec Lido Bridge/aztec-connect-bridges-d5aca13d4d0a17b21eeddf77f49f4c6613461fb0::RollupProcessor,RollupProcessor,0.5497266408388665,0.518,1
all_scope,accepted_label_only,43,false_negative,DAPP::DAppSCAN-source/contracts/Solidified-Aztec Lido Bridge/aztec-connect-bridges-d5aca13d4d0a17b21eeddf77f49f4c6613461fb0::LidoBridge,LidoBridge,0.24465381202422307,0.518,1
all_scope,accepted_label_only,43,false_positive,DAPP::DAppSCAN-source/contracts/Hacken-Tenderize/tender-core-1fd606141625171fe792045ae9233890262d2d62::TokenFaucet,TokenFaucet,0.6024422966222882,0.518,0
all_scope,accepted_label_only,43,false_negative,DAPP::DAppSCAN-source/contracts/Hacken-Tenderize/tender-core-1fd606141625171fe792045ae9233890262d2d62::Matic,Matic,0.429480835629622,0.518,1
all_scope,accepted_label_only,43,false_negative,DAPP::DAppSCAN-source/contracts/Hacken-Tenderize/tender-core-1fd606141625171fe792045ae9233890262d2d62::Livepeer,Livepeer,0.4700974668656993,0.518,1
all_scope,accepted_label_only,43,false_positive,FORGE::vfp_00220::LiquidityPenaltyHook,LiquidityPenaltyHook,0.6607210195894342,0.518,0
all_scope,accepted_label_only,43,false_positive,DAPP::DAppSCAN-source/contracts/consensys-The_LAO/moloch-4bc443f4dad60279b47978fc6987bb978d3dfc58::MolochPool,MolochPool,0.6124382870158674,0.518,1
all_scope,accepted_label_only,43,false_positive,DAPP::DAppSCAN-source/contracts/consensys-The_LAO/moloch-4bc443f4dad60279b47978fc6987bb978d3dfc58::GnosisSafe,GnosisSafe,0.5572684179396953,0.518,1
all_scope,accepted_label_only,43,false_positive,DAPP::DAppSCAN-source/contracts/consensys-The_LAO/moloch-4bc443f4dad60279b47978fc6987bb978d3dfc58::ClaimsTokenERC20Extension,ClaimsTokenERC20Extension,0.6401184579019203,0.518,1
all_scope,accepted_label_only,43,false_negative,DAPP::DAppSCAN-source/contracts/Trail_of_Bits-Liquity/dev-f0df3efa5a5f05b205752184cfce107c5bd6e06c::BorrowerOperations,BorrowerOperations,0.3372601786152245,0.518,1
all_scope,accepted_label_only,43,false_positive,DAPP::DAppSCAN-source/contracts/Trail_of_Bits-Liquity/dev-f0df3efa5a5f05b205752184cfce107c5bd6e06c::SortedTroves,SortedTroves,0.7738229382404463,0.518,1
all_scope,contrastive,43,false_positive,FORGE::vfp_00058::BasePositionManager,BasePositionManager,0.8496536574002485,0.784,0
all_scope,contrastive,43,false_positive,FORGE::vfp_00058::LikwidLendPosition,LikwidLendPosition,0.8894696746506308,0.784,0
all_scope,contrastive,43,false_positive,FORGE::vfp_00260::Arbitrum_Adapter,Arbitrum_Adapter,0.8226376414434614,0.784,0
all_scope,contrastive,43,false_negative,FORGE::vfp_00260::Router_Adapter,Router_Adapter,0.6506677346618306,0.784,0
all_scope,contrastive,43,false_positive,FORGE::vfp_00126::HubPool,HubPool,0.8220637558613989,0.784,1
all_scope,contrastive,43,false_positive,FORGE::vfp_00126::Arbitrum_Adapter,Arbitrum_Adapter,0.8266613061289384,0.784,0
all_scope,contrastive,43,false_negative,FORGE::vfp_00288::DelegationMetaSwapAdapter,DelegationMetaSwapAdapter,0.6672300104546398,0.784,1
all_scope,contrastive,43,false_negative,DAPP::DAppSCAN-source/contracts/SlowMist-Booster-Protocol_智能安全审计报告/boosterProtocol-946b15629c410d706856584f3aa04001d6a55bd2::BuybackBooToken,BuybackBooToken,0.608034059422286,0.784,0
all_scope,contrastive,43,false_positive,DAPP::DAppSCAN-source/contracts/SlowMist-Booster-Protocol_智能安全审计报告/boosterProtocol-946b15629c410d706856584f3aa04001d6a55bd2::BOOPools,BOOPools,0.8437046733828817,0.784,1
all_scope,contrastive,43,false_negative,DAPP::DAppSCAN-source/contracts/SlowMist-Booster-Protocol_智能安全审计报告/boosterProtocol-946b15629c410d706856584f3aa04001d6a55bd2::StrategyUtils,StrategyUtils,0.3642520210772386,0.784,1
all_scope,contrastive,43,false_negative,DAPP::DAppSCAN-source/contracts/Hacken-Powerbomb-V1/powerbomb-lite-0f86ff1eecdd723be733a9b33ff4ffa3bbdadcee::PowerBombAvaxCurve,PowerBombAvaxCurve,0.6764644598090859,0.784,1
all_scope,contrastive,43,false_positive,DAPP::DAppSCAN-source/contracts/PeckShield-DarkCrypto/darkcrypto-contracts-fee5be8d36459aebed2b84e6493875b3dc0366fd::DarkRewardPool,DarkRewardPool,0.8592651218429694,0.784,1
all_scope,contrastive,43,false_positive,DAPP::DAppSCAN-source/contracts/PepperSec-Aira-Robonomic/robonomics_contracts-cc35a91de187072214d215262d8371f0159c2498::Ambix,Ambix,0.8540853932917075,0.784,1
all_scope,contrastive,43,false_negative,DAPP::DAppSCAN-source/contracts/PepperSec-Aira-Robonomic/robonomics_contracts-cc35a91de187072214d215262d8371f0159c2498::LighthouseLib,LighthouseLib,0.4925152141529484,0.784,1
all_scope,contrastive,43,false_positive,DAPP::DAppSCAN-source/contracts/PepperSec-Aira-Robonomic/robonomics_contracts-cc35a91de187072214d215262d8371f0159c2498::DutchAuction,DutchAuction,0.8082864865878135,0.784,1
all_scope,contrastive,43,false_negative,DAPP::DAppSCAN-source/contracts/BlockSec-blocksec_impossible_finance_swap_v1.2/impossible-swap-core-29aaef89f996acdbee92b67c4d95fb608dc8b876::ImpossibleWrappedToken,ImpossibleWrappedToken,0.12442190610310065,0.784,1
all_scope,contrastive,43,false_positive,DAPP::DAppSCAN-source/contracts/Solidified-Aztec Element Bridge/aztec-connect-bridges-ac2e7194b5887ea11a607b4cf8de0547b3d7fdd0::RollupProcessor,RollupProcessor,0.8092146407527736,0.784,1
all_scope,contrastive,43,false_negative,DAPP::DAppSCAN-source/contracts/PeckShield-Duet/duet-collateral-contracts-92452dad092d6b5f76713484e30159b5fa75ea80::DYTokenERC20,DYTokenERC20,0.4689588452172679,0.784,1
all_scope,contrastive,43,false_negative,DAPP::DAppSCAN-source/contracts/consensys-GrowthDeFi WHEAT/wheat-v1-core-8360ac0a537589bb974e8a5a169bb3e7c95d2857::Exchange,Exchange,0.2800899437775782,0.784,0
all_scope,contrastive,43,false_negative,DAPP::DAppSCAN-source/contracts/SlowMist-ForTube2.0 Smart Contract Security Audit Report/bond-854527d0ea7ad2ddd3504b4d4ae3fcb57cb6445d::PRA,PRA,0.42923698264729465,0.784,1
all_scope,contrastive,43,false_negative,"DAPP::DAppSCAN-source/contracts/Coinfabrik-MintingFactoryV2, BaseUpgradableMarketplace & KODAV3UpgradableGatedMarketplace/known-origin-contracts-v3-d592c5f4fa4e0b6fc65a1fce43e302706aedf607::MintingFactoryV2",MintingFactoryV2,0.35211528277504556,0.784,1
all_scope,contrastive,43,false_positive,"DAPP::DAppSCAN-source/contracts/Coinfabrik-MintingFactoryV2, BaseUpgradableMarketplace & KODAV3UpgradableGatedMarketplace/known-origin-contracts-v3-d592c5f4fa4e0b6fc65a1fce43e302706aedf607::KODAV3UpgradableGatedMarketplace",KODAV3UpgradableGatedMarketplace,0.8143280296174072,0.784,1
all_scope,contrastive,43,false_positive,"DAPP::DAppSCAN-source/contracts/Coinfabrik-MintingFactoryV2, BaseUpgradableMarketplace & KODAV3UpgradableGatedMarketplace/known-origin-contracts-v3-d592c5f4fa4e0b6fc65a1fce43e302706aedf607::RoyaltyImplV1R1",RoyaltyImplV1R1,0.7908854390470218,0.784,1
all_scope,contrastive,43,false_positive,"DAPP::DAppSCAN-source/contracts/Coinfabrik-MintingFactoryV2, BaseUpgradableMarketplace & KODAV3UpgradableGatedMarketplace/known-origin-contracts-v3-d592c5f4fa4e0b6fc65a1fce43e302706aedf607::RoyaltyImplV1R2",RoyaltyImplV1R2,0.7908854390470218,0.784,1
all_scope,contrastive,43,false_positive,"DAPP::DAppSCAN-source/contracts/Coinfabrik-MintingFactoryV2, BaseUpgradableMarketplace & KODAV3UpgradableGatedMarketplace/known-origin-contracts-v3-d592c5f4fa4e0b6fc65a1fce43e302706aedf607::FundsReceiver",FundsReceiver,0.7908854390470218,0.784,1
all_scope,contrastive,43,false_positive,FORGE::vfp_00156::SponsoredOFTSrcPeriphery,SponsoredOFTSrcPeriphery,0.846489604211806,0.784,0
all_scope,contrastive,43,false_positive,DAPP::DAppSCAN-source/contracts/Solidity_Finance-OKLG - Smart Contract/contracts-e167d0d742d21bcc62d7a5b770a1f0ed1cf31eca::OKLGAtomicSwapInstance,OKLGAtomicSwapInstance,0.8617186113974419,0.784,1
all_scope,contrastive,43,false_positive,DAPP::DAppSCAN-source/contracts/Solidity_Finance-OKLG - Smart Contract/contracts-e167d0d742d21bcc62d7a5b770a1f0ed1cf31eca::OKLGFaaSToken,OKLGFaaSToken,0.889501970472132,0.784,1
all_scope,contrastive,43,false_positive,DAPP::DAppSCAN-source/contracts/Solidity_Finance-OKLG - Smart Contract/contracts-e167d0d742d21bcc62d7a5b770a1f0ed1cf31eca::OKLGPasswordManager,OKLGPasswordManager,0.8439862121970981,0.784,1
all_scope,contrastive,43,false_positive,DAPP::DAppSCAN-source/contracts/Solidity_Finance-OKLG - Smart Contract/contracts-e167d0d742d21bcc62d7a5b770a1f0ed1cf31eca::OKLGAffiliate,OKLGAffiliate,0.8207082165518157,0.784,1
all_scope,contrastive,43,false_positive,DAPP::DAppSCAN-source/contracts/Solidity_Finance-OKLG - Smart Contract/contracts-e167d0d742d21bcc62d7a5b770a1f0ed1cf31eca::OKLGDividendDistributor,OKLGDividendDistributor,0.8618322116951777,0.784,1
all_scope,contrastive,43,false_positive,DAPP::DAppSCAN-source/contracts/Solidity_Finance-OKLG - Smart Contract/contracts-e167d0d742d21bcc62d7a5b770a1f0ed1cf31eca::OKLGTrustedTimestamping,OKLGTrustedTimestamping,0.7879962648649133,0.784,0
all_scope,contrastive,43,false_positive,DAPP::DAppSCAN-source/contracts/Solidity_Finance-OKLG - Smart Contract/contracts-e167d0d742d21bcc62d7a5b770a1f0ed1cf31eca::KetherNFTLoaner,KetherNFTLoaner,0.8285212359156628,0.784,1
all_scope,contrastive,43,false_positive,DAPP::DAppSCAN-source/contracts/Solidity_Finance-OKLG - Smart Contract/contracts-e167d0d742d21bcc62d7a5b770a1f0ed1cf31eca::OKLGRaffle,OKLGRaffle,0.8904645668069319,0.784,1
all_scope,contrastive,43,false_positive,DAPP::DAppSCAN-source/contracts/Solidified-Aztec Lido Bridge/aztec-connect-bridges-d5aca13d4d0a17b21eeddf77f49f4c6613461fb0::RollupProcessor,RollupProcessor,0.8092146591570547,0.784,1
all_scope,contrastive,43,false_negative,DAPP::DAppSCAN-source/contracts/Solidified-Aztec Lido Bridge/aztec-connect-bridges-d5aca13d4d0a17b21eeddf77f49f4c6613461fb0::LidoBridge,LidoBridge,0.3613812091096032,0.784,1
all_scope,contrastive,43,false_positive,DAPP::DAppSCAN-source/contracts/Hacken-Tenderize/tender-core-1fd606141625171fe792045ae9233890262d2d62::Audius,Audius,0.7986022173014228,0.784,1
all_scope,contrastive,43,false_negative,DAPP::DAppSCAN-source/contracts/Hacken-Tenderize/tender-core-1fd606141625171fe792045ae9233890262d2d62::Matic,Matic,0.7546767049133513,0.784,1
all_scope,contrastive,43,false_negative,DAPP::DAppSCAN-source/contracts/Hacken-Tenderize/tender-core-1fd606141625171fe792045ae9233890262d2d62::Livepeer,Livepeer,0.7782471453839842,0.784,1
all_scope,contrastive,43,false_positive,FORGE::vfp_00220::LiquidityPenaltyHook,LiquidityPenaltyHook,0.877889144474816,0.784,0
all_scope,contrastive,43,false_positive,DAPP::DAppSCAN-source/contracts/consensys-The_LAO/moloch-4bc443f4dad60279b47978fc6987bb978d3dfc58::MolochPool,MolochPool,0.8077579108996409,0.784,1
all_scope,contrastive,43,false_positive,DAPP::DAppSCAN-source/contracts/consensys-The_LAO/moloch-4bc443f4dad60279b47978fc6987bb978d3dfc58::GnosisSafe,GnosisSafe,0.8318449745566228,0.784,1
all_scope,contrastive,43,false_positive,DAPP::DAppSCAN-source/contracts/consensys-The_LAO/moloch-4bc443f4dad60279b47978fc6987bb978d3dfc58::ClaimsTokenERC20Extension,ClaimsTokenERC20Extension,0.8244042092978251,0.784,1
all_scope,contrastive,43,false_negative,DAPP::DAppSCAN-source/contracts/Trail_of_Bits-Liquity/dev-f0df3efa5a5f05b205752184cfce107c5bd6e06c::BorrowerOperations,BorrowerOperations,0.5590315169605539,0.784,1
all_scope,contrastive,43,false_positive,DAPP::DAppSCAN-source/contracts/Trail_of_Bits-Liquity/dev-f0df3efa5a5f05b205752184cfce107c5bd6e06c::SortedTroves,SortedTroves,0.8935292570938264,0.784,1
all_scope,contrastive,43,false_positive,DAPP::DAppSCAN-source/contracts/Trail_of_Bits-Liquity/dev-f0df3efa5a5f05b205752184cfce107c5bd6e06c::LQTYStaking,LQTYStaking,0.8271793983843855,0.784,0
all_scope,accepted_label_only,44,false_positive,FORGE::vfp_00058::BasePositionManager,BasePositionManager,0.7790327549402655,0.555,0
all_scope,accepted_label_only,44,false_positive,FORGE::vfp_00058::LikwidLendPosition,LikwidLendPosition,0.8720832378949496,0.555,0
all_scope,accepted_label_only,44,false_positive,FORGE::vfp_00260::Arbitrum_Adapter,Arbitrum_Adapter,0.7578585611680773,0.555,0
all_scope,accepted_label_only,44,false_positive,FORGE::vfp_00126::HubPool,HubPool,0.8331627156266068,0.555,1
all_scope,accepted_label_only,44,false_positive,FORGE::vfp_00126::Arbitrum_Adapter,Arbitrum_Adapter,0.775318426063444,0.555,0
all_scope,accepted_label_only,44,false_negative,FORGE::vfp_00288::DelegationMetaSwapAdapter,DelegationMetaSwapAdapter,0.31717589629620074,0.555,1
all_scope,accepted_label_only,44,false_positive,DAPP::DAppSCAN-source/contracts/SlowMist-Booster-Protocol_智能安全审计报告/boosterProtocol-946b15629c410d706856584f3aa04001d6a55bd2::TenBankHall,TenBankHall,0.6931109915162564,0.555,1
all_scope,accepted_label_only,44,false_negative,DAPP::DAppSCAN-source/contracts/SlowMist-Booster-Protocol_智能安全审计报告/boosterProtocol-946b15629c410d706856584f3aa04001d6a55bd2::BuybackBooToken,BuybackBooToken,0.43468294049534884,0.555,0
all_scope,accepted_label_only,44,false_positive,DAPP::DAppSCAN-source/contracts/SlowMist-Booster-Protocol_智能安全审计报告/boosterProtocol-946b15629c410d706856584f3aa04001d6a55bd2::BOOPools,BOOPools,0.6902627385797404,0.555,1
all_scope,accepted_label_only,44,false_positive,DAPP::DAppSCAN-source/contracts/SlowMist-Booster-Protocol_智能安全审计报告/boosterProtocol-946b15629c410d706856584f3aa04001d6a55bd2::SafeBoxFilDa,SafeBoxFilDa,0.5645898196228859,0.555,1
all_scope,accepted_label_only,44,false_positive,DAPP::DAppSCAN-source/contracts/SlowMist-Booster-Protocol_智能安全审计报告/boosterProtocol-946b15629c410d706856584f3aa04001d6a55bd2::SafeBoxFilDaETH,SafeBoxFilDaETH,0.5645898342753857,0.555,1
all_scope,accepted_label_only,44,false_negative,DAPP::DAppSCAN-source/contracts/SlowMist-Booster-Protocol_智能安全审计报告/boosterProtocol-946b15629c410d706856584f3aa04001d6a55bd2::StrategyUtils,StrategyUtils,0.26608817048021116,0.555,1
all_scope,accepted_label_only,44,false_negative,DAPP::DAppSCAN-source/contracts/Hacken-Powerbomb-V1/powerbomb-lite-0f86ff1eecdd723be733a9b33ff4ffa3bbdadcee::PowerBombAvaxCurve,PowerBombAvaxCurve,0.488216134162347,0.555,1
all_scope,accepted_label_only,44,false_positive,DAPP::DAppSCAN-source/contracts/PeckShield-DarkCrypto/darkcrypto-contracts-fee5be8d36459aebed2b84e6493875b3dc0366fd::Boardroom,Boardroom,0.5972993457622389,0.555,1
all_scope,accepted_label_only,44,false_positive,DAPP::DAppSCAN-source/contracts/PeckShield-DarkCrypto/darkcrypto-contracts-fee5be8d36459aebed2b84e6493875b3dc0366fd::DarkRewardPool,DarkRewardPool,0.7640357924843483,0.555,1
all_scope,accepted_label_only,44,false_positive,DAPP::DAppSCAN-source/contracts/PepperSec-Aira-Robonomic/robonomics_contracts-cc35a91de187072214d215262d8371f0159c2498::Ambix,Ambix,0.8298477958126727,0.555,1
all_scope,accepted_label_only,44,false_positive,DAPP::DAppSCAN-source/contracts/PepperSec-Aira-Robonomic/robonomics_contracts-cc35a91de187072214d215262d8371f0159c2498::LiabilityFactory,LiabilityFactory,0.6009570554104906,0.555,1
all_scope,accepted_label_only,44,false_negative,DAPP::DAppSCAN-source/contracts/PepperSec-Aira-Robonomic/robonomics_contracts-cc35a91de187072214d215262d8371f0159c2498::LighthouseLib,LighthouseLib,0.4435203618549888,0.555,1
all_scope,accepted_label_only,44,false_positive,DAPP::DAppSCAN-source/contracts/PepperSec-Aira-Robonomic/robonomics_contracts-cc35a91de187072214d215262d8371f0159c2498::DutchAuction,DutchAuction,0.7999689662416343,0.555,1
all_scope,accepted_label_only,44,false_negative,DAPP::DAppSCAN-source/contracts/BlockSec-blocksec_impossible_finance_swap_v1.2/impossible-swap-core-29aaef89f996acdbee92b67c4d95fb608dc8b876::ImpossibleWrappedToken,ImpossibleWrappedToken,0.10638800503722314,0.555,1
all_scope,accepted_label_only,44,false_positive,DAPP::DAppSCAN-source/contracts/Solidified-Aztec Element Bridge/aztec-connect-bridges-ac2e7194b5887ea11a607b4cf8de0547b3d7fdd0::RollupProcessor,RollupProcessor,0.6525955476426231,0.555,1
all_scope,accepted_label_only,44,false_negative,DAPP::DAppSCAN-source/contracts/PeckShield-Duet/duet-collateral-contracts-92452dad092d6b5f76713484e30159b5fa75ea80::DYTokenERC20,DYTokenERC20,0.24480115445770548,0.555,1
all_scope,accepted_label_only,44,false_negative,DAPP::DAppSCAN-source/contracts/consensys-GrowthDeFi WHEAT/wheat-v1-core-8360ac0a537589bb974e8a5a169bb3e7c95d2857::Exchange,Exchange,0.25514267961579645,0.555,0
all_scope,accepted_label_only,44,false_positive,DAPP::DAppSCAN-source/contracts/SlowMist-ForTube2.0 Smart Contract Security Audit Report/bond-854527d0ea7ad2ddd3504b4d4ae3fcb57cb6445d::BondData,BondData,0.7045222190810254,0.555,1
all_scope,accepted_label_only,44,false_negative,DAPP::DAppSCAN-source/contracts/SlowMist-ForTube2.0 Smart Contract Security Audit Report/bond-854527d0ea7ad2ddd3504b4d4ae3fcb57cb6445d::PRA,PRA,0.35590728284554435,0.555,1
all_scope,accepted_label_only,44,false_positive,"DAPP::DAppSCAN-source/contracts/Coinfabrik-MintingFactoryV2, BaseUpgradableMarketplace & KODAV3UpgradableGatedMarketplace/known-origin-contracts-v3-d592c5f4fa4e0b6fc65a1fce43e302706aedf607::KODAV3SecondaryMarketplace",KODAV3SecondaryMarketplace,0.6383431331219664,0.555,1
all_scope,accepted_label_only,44,false_negative,"DAPP::DAppSCAN-source/contracts/Coinfabrik-MintingFactoryV2, BaseUpgradableMarketplace & KODAV3UpgradableGatedMarketplace/known-origin-contracts-v3-d592c5f4fa4e0b6fc65a1fce43e302706aedf607::MintingFactoryV2",MintingFactoryV2,0.2682226482568668,0.555,1
all_scope,accepted_label_only,44,false_positive,"DAPP::DAppSCAN-source/contracts/Coinfabrik-MintingFactoryV2, BaseUpgradableMarketplace & KODAV3UpgradableGatedMarketplace/known-origin-contracts-v3-d592c5f4fa4e0b6fc65a1fce43e302706aedf607::KODAV3PrimaryMarketplace",KODAV3PrimaryMarketplace,0.5692233963577427,0.555,1
all_scope,accepted_label_only,44,false_positive,"DAPP::DAppSCAN-source/contracts/Coinfabrik-MintingFactoryV2, BaseUpgradableMarketplace & KODAV3UpgradableGatedMarketplace/known-origin-contracts-v3-d592c5f4fa4e0b6fc65a1fce43e302706aedf607::ClaimableFundsReceiverV1",ClaimableFundsReceiverV1,0.7268868597942635,0.555,1
all_scope,accepted_label_only,44,false_positive,"DAPP::DAppSCAN-source/contracts/Coinfabrik-MintingFactoryV2, BaseUpgradableMarketplace & KODAV3UpgradableGatedMarketplace/known-origin-contracts-v3-d592c5f4fa4e0b6fc65a1fce43e302706aedf607::KODAV3UpgradableGatedMarketplace",KODAV3UpgradableGatedMarketplace,0.7311019132272787,0.555,1
all_scope,accepted_label_only,44,false_positive,"DAPP::DAppSCAN-source/contracts/Coinfabrik-MintingFactoryV2, BaseUpgradableMarketplace & KODAV3UpgradableGatedMarketplace/known-origin-contracts-v3-d592c5f4fa4e0b6fc65a1fce43e302706aedf607::ClaimableFundsSplitterV1",ClaimableFundsSplitterV1,0.7268868597942635,0.555,1
all_scope,accepted_label_only,44,false_positive,"DAPP::DAppSCAN-source/contracts/Coinfabrik-MintingFactoryV2, BaseUpgradableMarketplace & KODAV3UpgradableGatedMarketplace/known-origin-contracts-v3-d592c5f4fa4e0b6fc65a1fce43e302706aedf607::KODAV3GatedMerkleMarketplace",KODAV3GatedMerkleMarketplace,0.5850412275432995,0.555,1
all_scope,accepted_label_only,44,false_positive,"DAPP::DAppSCAN-source/contracts/Coinfabrik-MintingFactoryV2, BaseUpgradableMarketplace & KODAV3UpgradableGatedMarketplace/known-origin-contracts-v3-d592c5f4fa4e0b6fc65a1fce43e302706aedf607::RoyaltyImplV1R1",RoyaltyImplV1R1,0.7857914156112424,0.555,1
all_scope,accepted_label_only,44,false_positive,"DAPP::DAppSCAN-source/contracts/Coinfabrik-MintingFactoryV2, BaseUpgradableMarketplace & KODAV3UpgradableGatedMarketplace/known-origin-contracts-v3-d592c5f4fa4e0b6fc65a1fce43e302706aedf607::RoyaltyImplV1R2",RoyaltyImplV1R2,0.7857914156112424,0.555,1
all_scope,accepted_label_only,44,false_positive,"DAPP::DAppSCAN-source/contracts/Coinfabrik-MintingFactoryV2, BaseUpgradableMarketplace & KODAV3UpgradableGatedMarketplace/known-origin-contracts-v3-d592c5f4fa4e0b6fc65a1fce43e302706aedf607::FundsReceiver",FundsReceiver,0.7857914156112424,0.555,1
all_scope,accepted_label_only,44,false_positive,"DAPP::DAppSCAN-source/contracts/Coinfabrik-MintingFactoryV2, BaseUpgradableMarketplace & KODAV3UpgradableGatedMarketplace/known-origin-contracts-v3-d592c5f4fa4e0b6fc65a1fce43e302706aedf607::CollabFundsReceiver",CollabFundsReceiver,0.8179007723391548,0.555,1
all_scope,accepted_label_only,44,false_positive,FORGE::vfp_00156::SponsoredOFTSrcPeriphery,SponsoredOFTSrcPeriphery,0.7686681392415556,0.555,0
all_scope,accepted_label_only,44,false_positive,DAPP::DAppSCAN-source/contracts/Solidity_Finance-OKLG - Smart Contract/contracts-e167d0d742d21bcc62d7a5b770a1f0ed1cf31eca::OKLGAtomicSwapInstance,OKLGAtomicSwapInstance,0.8111936823578721,0.555,1
all_scope,accepted_label_only,44,false_positive,DAPP::DAppSCAN-source/contracts/Solidity_Finance-OKLG - Smart Contract/contracts-e167d0d742d21bcc62d7a5b770a1f0ed1cf31eca::OKLGAirdropper,OKLGAirdropper,0.5910200168569262,0.555,0
all_scope,accepted_label_only,44,false_positive,DAPP::DAppSCAN-source/contracts/Solidity_Finance-OKLG - Smart Contract/contracts-e167d0d742d21bcc62d7a5b770a1f0ed1cf31eca::OKLGFaaSToken,OKLGFaaSToken,0.8680181009042117,0.555,1
all_scope,accepted_label_only,44,false_positive,DAPP::DAppSCAN-source/contracts/Solidity_Finance-OKLG - Smart Contract/contracts-e167d0d742d21bcc62d7a5b770a1f0ed1cf31eca::OKLGPasswordManager,OKLGPasswordManager,0.8088527715046603,0.555,1
all_scope,accepted_label_only,44,false_positive,DAPP::DAppSCAN-source/contracts/Solidity_Finance-OKLG - Smart Contract/contracts-e167d0d742d21bcc62d7a5b770a1f0ed1cf31eca::OKLGAffiliate,OKLGAffiliate,0.7057809805238487,0.555,1
all_scope,accepted_label_only,44,false_positive,DAPP::DAppSCAN-source/contracts/Solidity_Finance-OKLG - Smart Contract/contracts-e167d0d742d21bcc62d7a5b770a1f0ed1cf31eca::OKLGDividendDistributor,OKLGDividendDistributor,0.8094253911766391,0.555,1
all_scope,accepted_label_only,44,false_positive,DAPP::DAppSCAN-source/contracts/Solidity_Finance-OKLG - Smart Contract/contracts-e167d0d742d21bcc62d7a5b770a1f0ed1cf31eca::OKLGTrustedTimestamping,OKLGTrustedTimestamping,0.7601260790798161,0.555,0
all_scope,accepted_label_only,44,false_positive,DAPP::DAppSCAN-source/contracts/Solidity_Finance-OKLG - Smart Contract/contracts-e167d0d742d21bcc62d7a5b770a1f0ed1cf31eca::OKLGAtomicSwap,OKLGAtomicSwap,0.6349935303280014,0.555,0
all_scope,accepted_label_only,44,false_positive,DAPP::DAppSCAN-source/contracts/Solidity_Finance-OKLG - Smart Contract/contracts-e167d0d742d21bcc62d7a5b770a1f0ed1cf31eca::KetherNFTLoaner,KetherNFTLoaner,0.801522804468135,0.555,1
all_scope,accepted_label_only,44,false_positive,DAPP::DAppSCAN-source/contracts/Solidity_Finance-OKLG - Smart Contract/contracts-e167d0d742d21bcc62d7a5b770a1f0ed1cf31eca::OKLGProduct,OKLGProduct,0.5910200168569262,0.555,0
all_scope,accepted_label_only,44,false_positive,DAPP::DAppSCAN-source/contracts/Solidity_Finance-OKLG - Smart Contract/contracts-e167d0d742d21bcc62d7a5b770a1f0ed1cf31eca::OKLGRaffle,OKLGRaffle,0.8598122327509866,0.555,1
all_scope,accepted_label_only,44,false_positive,DAPP::DAppSCAN-source/contracts/Solidity_Finance-OKLG - Smart Contract/contracts-e167d0d742d21bcc62d7a5b770a1f0ed1cf31eca::OKLGETHSplitter,OKLGETHSplitter,0.639254961608168,0.555,1
all_scope,accepted_label_only,44,false_positive,DAPP::DAppSCAN-source/contracts/Solidified-Aztec Lido Bridge/aztec-connect-bridges-d5aca13d4d0a17b21eeddf77f49f4c6613461fb0::RollupProcessor,RollupProcessor,0.6525968719392694,0.555,1
all_scope,accepted_label_only,44,false_negative,DAPP::DAppSCAN-source/contracts/Solidified-Aztec Lido Bridge/aztec-connect-bridges-d5aca13d4d0a17b21eeddf77f49f4c6613461fb0::LidoBridge,LidoBridge,0.24513920853945206,0.555,1
all_scope,accepted_label_only,44,false_positive,DAPP::DAppSCAN-source/contracts/Hacken-Tenderize/tender-core-1fd606141625171fe792045ae9233890262d2d62::TokenFaucet,TokenFaucet,0.7989495079063452,0.555,0
all_scope,accepted_label_only,44,false_positive,DAPP::DAppSCAN-source/contracts/Hacken-Tenderize/tender-core-1fd606141625171fe792045ae9233890262d2d62::Audius,Audius,0.6063461292329377,0.555,1
all_scope,accepted_label_only,44,false_negative,DAPP::DAppSCAN-source/contracts/Hacken-Tenderize/tender-core-1fd606141625171fe792045ae9233890262d2d62::Matic,Matic,0.5227618734071702,0.555,1
all_scope,accepted_label_only,44,false_negative,DAPP::DAppSCAN-source/contracts/Hacken-Tenderize/tender-core-1fd606141625171fe792045ae9233890262d2d62::Livepeer,Livepeer,0.5488978837299179,0.555,1
all_scope,accepted_label_only,44,false_positive,FORGE::vfp_00220::LiquidityPenaltyHook,LiquidityPenaltyHook,0.7379171562784705,0.555,0
all_scope,accepted_label_only,44,false_positive,DAPP::DAppSCAN-source/contracts/consensys-The_LAO/moloch-4bc443f4dad60279b47978fc6987bb978d3dfc58::MolochPool,MolochPool,0.7322685946774966,0.555,1
all_scope,accepted_label_only,44,false_positive,DAPP::DAppSCAN-source/contracts/consensys-The_LAO/moloch-4bc443f4dad60279b47978fc6987bb978d3dfc58::GnosisSafe,GnosisSafe,0.6546355528839578,0.555,1
all_scope,accepted_label_only,44,false_positive,DAPP::DAppSCAN-source/contracts/consensys-The_LAO/moloch-4bc443f4dad60279b47978fc6987bb978d3dfc58::ClaimsTokenERC20Extension,ClaimsTokenERC20Extension,0.7333105451838173,0.555,1
all_scope,accepted_label_only,44,false_negative,DAPP::DAppSCAN-source/contracts/Trail_of_Bits-Liquity/dev-f0df3efa5a5f05b205752184cfce107c5bd6e06c::BorrowerOperations,BorrowerOperations,0.3920284607284438,0.555,1
all_scope,accepted_label_only,44,false_positive,DAPP::DAppSCAN-source/contracts/Trail_of_Bits-Liquity/dev-f0df3efa5a5f05b205752184cfce107c5bd6e06c::SortedTroves,SortedTroves,0.8649871145822573,0.555,1
all_scope,contrastive,44,false_positive,FORGE::vfp_00058::BasePositionManager,BasePositionManager,0.8817146506813953,0.8290000000000001,0
all_scope,contrastive,44,false_positive,FORGE::vfp_00058::LikwidLendPosition,LikwidLendPosition,0.8906903751545215,0.8290000000000001,0
all_scope,contrastive,44,false_negative,FORGE::vfp_00260::Router_Adapter,Router_Adapter,0.7815925962945368,0.8290000000000001,0
all_scope,contrastive,44,false_positive,FORGE::vfp_00126::Arbitrum_Adapter,Arbitrum_Adapter,0.8324546739813006,0.8290000000000001,0
all_scope,contrastive,44,false_negative,FORGE::vfp_00288::DelegationMetaSwapAdapter,DelegationMetaSwapAdapter,0.7996487029202225,0.8290000000000001,1
all_scope,contrastive,44,false_negative,DAPP::DAppSCAN-source/contracts/SlowMist-Booster-Protocol_智能安全审计报告/boosterProtocol-946b15629c410d706856584f3aa04001d6a55bd2::BuybackBooToken,BuybackBooToken,0.805502907040964,0.8290000000000001,0
all_scope,contrastive,44,false_positive,DAPP::DAppSCAN-source/contracts/SlowMist-Booster-Protocol_智能安全审计报告/boosterProtocol-946b15629c410d706856584f3aa04001d6a55bd2::BOOPools,BOOPools,0.8539635890672679,0.8290000000000001,1
all_scope,contrastive,44,false_positive,DAPP::DAppSCAN-source/contracts/SlowMist-Booster-Protocol_智能安全审计报告/boosterProtocol-946b15629c410d706856584f3aa04001d6a55bd2::SafeBoxFilDa,SafeBoxFilDa,0.8412810034464218,0.8290000000000001,1
all_scope,contrastive,44,false_positive,DAPP::DAppSCAN-source/contracts/SlowMist-Booster-Protocol_智能安全审计报告/boosterProtocol-946b15629c410d706856584f3aa04001d6a55bd2::SafeBoxFilDaETH,SafeBoxFilDaETH,0.8412810034464218,0.8290000000000001,1
all_scope,contrastive,44,false_negative,DAPP::DAppSCAN-source/contracts/SlowMist-Booster-Protocol_智能安全审计报告/boosterProtocol-946b15629c410d706856584f3aa04001d6a55bd2::StrategyUtils,StrategyUtils,0.7037982231222413,0.8290000000000001,1
all_scope,contrastive,44,false_negative,DAPP::DAppSCAN-source/contracts/Hacken-Powerbomb-V1/powerbomb-lite-0f86ff1eecdd723be733a9b33ff4ffa3bbdadcee::PowerBombAvaxCurve,PowerBombAvaxCurve,0.8138352128574337,0.8290000000000001,1
all_scope,contrastive,44,false_positive,DAPP::DAppSCAN-source/contracts/PeckShield-DarkCrypto/darkcrypto-contracts-fee5be8d36459aebed2b84e6493875b3dc0366fd::DarkRewardPool,DarkRewardPool,0.8513272926495721,0.8290000000000001,1
all_scope,contrastive,44,false_positive,DAPP::DAppSCAN-source/contracts/PepperSec-Aira-Robonomic/robonomics_contracts-cc35a91de187072214d215262d8371f0159c2498::Ambix,Ambix,0.8773840310498194,0.8290000000000001,1
all_scope,contrastive,44,false_negative,DAPP::DAppSCAN-source/contracts/PepperSec-Aira-Robonomic/robonomics_contracts-cc35a91de187072214d215262d8371f0159c2498::LighthouseLib,LighthouseLib,0.7679924805333861,0.8290000000000001,1
all_scope,contrastive,44,false_positive,DAPP::DAppSCAN-source/contracts/PepperSec-Aira-Robonomic/robonomics_contracts-cc35a91de187072214d215262d8371f0159c2498::DutchAuction,DutchAuction,0.849711393119651,0.8290000000000001,1
all_scope,contrastive,44,false_negative,DAPP::DAppSCAN-source/contracts/BlockSec-blocksec_impossible_finance_swap_v1.2/impossible-swap-core-29aaef89f996acdbee92b67c4d95fb608dc8b876::ImpossibleWrappedToken,ImpossibleWrappedToken,0.5127417568531818,0.8290000000000001,1
all_scope,contrastive,44,false_positive,DAPP::DAppSCAN-source/contracts/Solidified-Aztec Element Bridge/aztec-connect-bridges-ac2e7194b5887ea11a607b4cf8de0547b3d7fdd0::RollupProcessor,RollupProcessor,0.8656890648185807,0.8290000000000001,1
all_scope,contrastive,44,false_negative,DAPP::DAppSCAN-source/contracts/PeckShield-Duet/duet-collateral-contracts-92452dad092d6b5f76713484e30159b5fa75ea80::DYTokenERC20,DYTokenERC20,0.6955175198141282,0.8290000000000001,1
all_scope,contrastive,44,false_negative,DAPP::DAppSCAN-source/contracts/consensys-GrowthDeFi WHEAT/wheat-v1-core-8360ac0a537589bb974e8a5a169bb3e7c95d2857::Exchange,Exchange,0.6042408339065235,0.8290000000000001,0
all_scope,contrastive,44,false_negative,DAPP::DAppSCAN-source/contracts/SlowMist-ForTube2.0 Smart Contract Security Audit Report/bond-854527d0ea7ad2ddd3504b4d4ae3fcb57cb6445d::PRA,PRA,0.7395001871874209,0.8290000000000001,1
all_scope,contrastive,44,false_negative,"DAPP::DAppSCAN-source/contracts/Coinfabrik-MintingFactoryV2, BaseUpgradableMarketplace & KODAV3UpgradableGatedMarketplace/known-origin-contracts-v3-d592c5f4fa4e0b6fc65a1fce43e302706aedf607::MintingFactoryV2",MintingFactoryV2,0.6401185677493718,0.8290000000000001,1
all_scope,contrastive,44,false_positive,"DAPP::DAppSCAN-source/contracts/Coinfabrik-MintingFactoryV2, BaseUpgradableMarketplace & KODAV3UpgradableGatedMarketplace/known-origin-contracts-v3-d592c5f4fa4e0b6fc65a1fce43e302706aedf607::RoyaltyImplV1R1",RoyaltyImplV1R1,0.8352454335335735,0.8290000000000001,1
all_scope,contrastive,44,false_positive,"DAPP::DAppSCAN-source/contracts/Coinfabrik-MintingFactoryV2, BaseUpgradableMarketplace & KODAV3UpgradableGatedMarketplace/known-origin-contracts-v3-d592c5f4fa4e0b6fc65a1fce43e302706aedf607::RoyaltyImplV1R2",RoyaltyImplV1R2,0.8352454335335735,0.8290000000000001,1
all_scope,contrastive,44,false_positive,"DAPP::DAppSCAN-source/contracts/Coinfabrik-MintingFactoryV2, BaseUpgradableMarketplace & KODAV3UpgradableGatedMarketplace/known-origin-contracts-v3-d592c5f4fa4e0b6fc65a1fce43e302706aedf607::FundsReceiver",FundsReceiver,0.8352454335335735,0.8290000000000001,1
all_scope,contrastive,44,false_positive,"DAPP::DAppSCAN-source/contracts/Coinfabrik-MintingFactoryV2, BaseUpgradableMarketplace & KODAV3UpgradableGatedMarketplace/known-origin-contracts-v3-d592c5f4fa4e0b6fc65a1fce43e302706aedf607::CollabFundsReceiver",CollabFundsReceiver,0.8391326533786706,0.8290000000000001,1
all_scope,contrastive,44,false_positive,FORGE::vfp_00156::SponsoredOFTSrcPeriphery,SponsoredOFTSrcPeriphery,0.8627090411610291,0.8290000000000001,0
all_scope,contrastive,44,false_positive,DAPP::DAppSCAN-source/contracts/Solidity_Finance-OKLG - Smart Contract/contracts-e167d0d742d21bcc62d7a5b770a1f0ed1cf31eca::OKLGAtomicSwapInstance,OKLGAtomicSwapInstance,0.8517327085790334,0.8290000000000001,1
all_scope,contrastive,44,false_positive,DAPP::DAppSCAN-source/contracts/Solidity_Finance-OKLG - Smart Contract/contracts-e167d0d742d21bcc62d7a5b770a1f0ed1cf31eca::OKLGFaaSToken,OKLGFaaSToken,0.8778799175841328,0.8290000000000001,1
all_scope,contrastive,44,false_positive,DAPP::DAppSCAN-source/contracts/Solidity_Finance-OKLG - Smart Contract/contracts-e167d0d742d21bcc62d7a5b770a1f0ed1cf31eca::OKLGPasswordManager,OKLGPasswordManager,0.8477532160821667,0.8290000000000001,1
all_scope,contrastive,44,false_positive,DAPP::DAppSCAN-source/contracts/Solidity_Finance-OKLG - Smart Contract/contracts-e167d0d742d21bcc62d7a5b770a1f0ed1cf31eca::OKLGAffiliate,OKLGAffiliate,0.8595708337346014,0.8290000000000001,1
all_scope,contrastive,44,false_positive,DAPP::DAppSCAN-source/contracts/Solidity_Finance-OKLG - Smart Contract/contracts-e167d0d742d21bcc62d7a5b770a1f0ed1cf31eca::OKLGDividendDistributor,OKLGDividendDistributor,0.8626596016417744,0.8290000000000001,1
all_scope,contrastive,44,false_positive,DAPP::DAppSCAN-source/contracts/Solidity_Finance-OKLG - Smart Contract/contracts-e167d0d742d21bcc62d7a5b770a1f0ed1cf31eca::OKLGTrustedTimestamping,OKLGTrustedTimestamping,0.8341752017828207,0.8290000000000001,0
all_scope,contrastive,44,false_positive,DAPP::DAppSCAN-source/contracts/Solidity_Finance-OKLG - Smart Contract/contracts-e167d0d742d21bcc62d7a5b770a1f0ed1cf31eca::KetherNFTLoaner,KetherNFTLoaner,0.8544496186189081,0.8290000000000001,1
all_scope,contrastive,44,false_positive,DAPP::DAppSCAN-source/contracts/Solidity_Finance-OKLG - Smart Contract/contracts-e167d0d742d21bcc62d7a5b770a1f0ed1cf31eca::OKLGRaffle,OKLGRaffle,0.8760573566498491,0.8290000000000001,1
all_scope,contrastive,44,false_positive,DAPP::DAppSCAN-source/contracts/Solidified-Aztec Lido Bridge/aztec-connect-bridges-d5aca13d4d0a17b21eeddf77f49f4c6613461fb0::RollupProcessor,RollupProcessor,0.8656892588674762,0.8290000000000001,1
all_scope,contrastive,44,false_negative,DAPP::DAppSCAN-source/contracts/Solidified-Aztec Lido Bridge/aztec-connect-bridges-d5aca13d4d0a17b21eeddf77f49f4c6613461fb0::LidoBridge,LidoBridge,0.7115343189128506,0.8290000000000001,1
all_scope,contrastive,44,false_positive,DAPP::DAppSCAN-source/contracts/Solidified-Aztec Lido Bridge/aztec-connect-bridges-d5aca13d4d0a17b21eeddf77f49f4c6613461fb0::ElementBridge,ElementBridge,0.8462235652559176,0.8290000000000001,1
all_scope,contrastive,44,false_positive,DAPP::DAppSCAN-source/contracts/Hacken-Tenderize/tender-core-1fd606141625171fe792045ae9233890262d2d62::TokenFaucet,TokenFaucet,0.8680897013985849,0.8290000000000001,0
all_scope,contrastive,44,false_positive,DAPP::DAppSCAN-source/contracts/Hacken-Tenderize/tender-core-1fd606141625171fe792045ae9233890262d2d62::SwapUtils,SwapUtils,0.8319561832329231,0.8290000000000001,1
all_scope,contrastive,44,false_positive,DAPP::DAppSCAN-source/contracts/Hacken-Tenderize/tender-core-1fd606141625171fe792045ae9233890262d2d62::TenderSwap,TenderSwap,0.8323118196426269,0.8290000000000001,1
all_scope,contrastive,44,false_positive,DAPP::DAppSCAN-source/contracts/Hacken-Tenderize/tender-core-1fd606141625171fe792045ae9233890262d2d62::Audius,Audius,0.8415996068418029,0.8290000000000001,1
all_scope,contrastive,44,false_negative,DAPP::DAppSCAN-source/contracts/Hacken-Tenderize/tender-core-1fd606141625171fe792045ae9233890262d2d62::Matic,Matic,0.8190450574084386,0.8290000000000001,1
all_scope,contrastive,44,false_positive,FORGE::vfp_00220::LiquidityPenaltyHook,LiquidityPenaltyHook,0.8636618069280506,0.8290000000000001,0
all_scope,contrastive,44,false_positive,DAPP::DAppSCAN-source/contracts/consensys-The_LAO/moloch-4bc443f4dad60279b47978fc6987bb978d3dfc58::MolochPool,MolochPool,0.8407380154970282,0.8290000000000001,1
all_scope,contrastive,44,false_positive,DAPP::DAppSCAN-source/contracts/consensys-The_LAO/moloch-4bc443f4dad60279b47978fc6987bb978d3dfc58::GnosisSafe,GnosisSafe,0.8468422419548537,0.8290000000000001,1
all_scope,contrastive,44,false_negative,DAPP::DAppSCAN-source/contracts/Trail_of_Bits-Liquity/dev-f0df3efa5a5f05b205752184cfce107c5bd6e06c::BorrowerOperations,BorrowerOperations,0.7670476293553399,0.8290000000000001,1
all_scope,contrastive,44,false_positive,DAPP::DAppSCAN-source/contracts/Trail_of_Bits-Liquity/dev-f0df3efa5a5f05b205752184cfce107c5bd6e06c::SortedTroves,SortedTroves,0.8796210536453825,0.8290000000000001,1
all_scope,contrastive,44,false_positive,DAPP::DAppSCAN-source/contracts/Trail_of_Bits-Liquity/dev-f0df3efa5a5f05b205752184cfce107c5bd6e06c::LQTYStaking,LQTYStaking,0.8531741814864272,0.8290000000000001,0
all_scope,accepted_label_only,45,false_positive,FORGE::vfp_00058::BasePositionManager,BasePositionManager,0.7576208869087212,0.725,0
all_scope,accepted_label_only,45,false_positive,FORGE::vfp_00058::LikwidLendPosition,LikwidLendPosition,0.8400625980451712,0.725,0
all_scope,accepted_label_only,45,false_positive,FORGE::vfp_00260::Arbitrum_Adapter,Arbitrum_Adapter,0.7317453182437008,0.725,0
all_scope,accepted_label_only,45,false_negative,FORGE::vfp_00260::Router_Adapter,Router_Adapter,0.6783543021700004,0.725,0
all_scope,accepted_label_only,45,false_positive,FORGE::vfp_00126::HubPool,HubPool,0.8026561690545065,0.725,1
all_scope,accepted_label_only,45,false_positive,FORGE::vfp_00126::Arbitrum_Adapter,Arbitrum_Adapter,0.7415725899895897,0.725,0
all_scope,accepted_label_only,45,false_negative,FORGE::vfp_00288::DelegationMetaSwapAdapter,DelegationMetaSwapAdapter,0.5286296307012429,0.725,1
all_scope,accepted_label_only,45,false_negative,DAPP::DAppSCAN-source/contracts/SlowMist-Booster-Protocol_智能安全审计报告/boosterProtocol-946b15629c410d706856584f3aa04001d6a55bd2::BuybackBooToken,BuybackBooToken,0.6496045737566047,0.725,0
all_scope,accepted_label_only,45,false_positive,DAPP::DAppSCAN-source/contracts/SlowMist-Booster-Protocol_智能安全审计报告/boosterProtocol-946b15629c410d706856584f3aa04001d6a55bd2::BOOPools,BOOPools,0.8184579502313332,0.725,1
all_scope,accepted_label_only,45,false_negative,DAPP::DAppSCAN-source/contracts/SlowMist-Booster-Protocol_智能安全审计报告/boosterProtocol-946b15629c410d706856584f3aa04001d6a55bd2::StrategyUtils,StrategyUtils,0.4812421789258982,0.725,1
all_scope,accepted_label_only,45,false_negative,DAPP::DAppSCAN-source/contracts/Hacken-Powerbomb-V1/powerbomb-lite-0f86ff1eecdd723be733a9b33ff4ffa3bbdadcee::PowerBombAvaxCurve,PowerBombAvaxCurve,0.6603518506628405,0.725,1
all_scope,accepted_label_only,45,false_positive,DAPP::DAppSCAN-source/contracts/PeckShield-DarkCrypto/darkcrypto-contracts-fee5be8d36459aebed2b84e6493875b3dc0366fd::DarkRewardPool,DarkRewardPool,0.8297321596461501,0.725,1
all_scope,accepted_label_only,45,false_positive,DAPP::DAppSCAN-source/contracts/PepperSec-Aira-Robonomic/robonomics_contracts-cc35a91de187072214d215262d8371f0159c2498::Ambix,Ambix,0.7679886571827301,0.725,1
all_scope,accepted_label_only,45,false_negative,DAPP::DAppSCAN-source/contracts/PepperSec-Aira-Robonomic/robonomics_contracts-cc35a91de187072214d215262d8371f0159c2498::LighthouseLib,LighthouseLib,0.5719407087950562,0.725,1
all_scope,accepted_label_only,45,false_positive,DAPP::DAppSCAN-source/contracts/PepperSec-Aira-Robonomic/robonomics_contracts-cc35a91de187072214d215262d8371f0159c2498::DutchAuction,DutchAuction,0.7449609763500235,0.725,1
all_scope,accepted_label_only,45,false_negative,DAPP::DAppSCAN-source/contracts/BlockSec-blocksec_impossible_finance_swap_v1.2/impossible-swap-core-29aaef89f996acdbee92b67c4d95fb608dc8b876::ImpossibleWrappedToken,ImpossibleWrappedToken,0.2711544328680203,0.725,1
all_scope,accepted_label_only,45,false_positive,DAPP::DAppSCAN-source/contracts/Solidified-Aztec Element Bridge/aztec-connect-bridges-ac2e7194b5887ea11a607b4cf8de0547b3d7fdd0::RollupProcessor,RollupProcessor,0.7660452848867128,0.725,1
all_scope,accepted_label_only,45,false_negative,DAPP::DAppSCAN-source/contracts/PeckShield-Duet/duet-collateral-contracts-92452dad092d6b5f76713484e30159b5fa75ea80::DYTokenERC20,DYTokenERC20,0.45076888063827575,0.725,1
all_scope,accepted_label_only,45,false_negative,DAPP::DAppSCAN-source/contracts/consensys-GrowthDeFi WHEAT/wheat-v1-core-8360ac0a537589bb974e8a5a169bb3e7c95d2857::Exchange,Exchange,0.3881073858821577,0.725,0
all_scope,accepted_label_only,45,false_positive,DAPP::DAppSCAN-source/contracts/SlowMist-ForTube2.0 Smart Contract Security Audit Report/bond-854527d0ea7ad2ddd3504b4d4ae3fcb57cb6445d::BondData,BondData,0.7649396063893755,0.725,1
all_scope,accepted_label_only,45,false_negative,DAPP::DAppSCAN-source/contracts/SlowMist-ForTube2.0 Smart Contract Security Audit Report/bond-854527d0ea7ad2ddd3504b4d4ae3fcb57cb6445d::PRA,PRA,0.5738972318965694,0.725,1
all_scope,accepted_label_only,45,false_negative,"DAPP::DAppSCAN-source/contracts/Coinfabrik-MintingFactoryV2, BaseUpgradableMarketplace & KODAV3UpgradableGatedMarketplace/known-origin-contracts-v3-d592c5f4fa4e0b6fc65a1fce43e302706aedf607::MintingFactoryV2",MintingFactoryV2,0.4265279731165757,0.725,1
all_scope,accepted_label_only,45,false_positive,"DAPP::DAppSCAN-source/contracts/Coinfabrik-MintingFactoryV2, BaseUpgradableMarketplace & KODAV3UpgradableGatedMarketplace/known-origin-contracts-v3-d592c5f4fa4e0b6fc65a1fce43e302706aedf607::ClaimableFundsReceiverV1",ClaimableFundsReceiverV1,0.7367691540404719,0.725,1
all_scope,accepted_label_only,45,false_positive,"DAPP::DAppSCAN-source/contracts/Coinfabrik-MintingFactoryV2, BaseUpgradableMarketplace & KODAV3UpgradableGatedMarketplace/known-origin-contracts-v3-d592c5f4fa4e0b6fc65a1fce43e302706aedf607::KODAV3UpgradableGatedMarketplace",KODAV3UpgradableGatedMarketplace,0.7396753676684527,0.725,1
all_scope,accepted_label_only,45,false_positive,"DAPP::DAppSCAN-source/contracts/Coinfabrik-MintingFactoryV2, BaseUpgradableMarketplace & KODAV3UpgradableGatedMarketplace/known-origin-contracts-v3-d592c5f4fa4e0b6fc65a1fce43e302706aedf607::ClaimableFundsSplitterV1",ClaimableFundsSplitterV1,0.7367691540404719,0.725,1
all_scope,accepted_label_only,45,false_positive,"DAPP::DAppSCAN-source/contracts/Coinfabrik-MintingFactoryV2, BaseUpgradableMarketplace & KODAV3UpgradableGatedMarketplace/known-origin-contracts-v3-d592c5f4fa4e0b6fc65a1fce43e302706aedf607::RoyaltyImplV1R1",RoyaltyImplV1R1,0.7323942659299673,0.725,1
all_scope,accepted_label_only,45,false_positive,"DAPP::DAppSCAN-source/contracts/Coinfabrik-MintingFactoryV2, BaseUpgradableMarketplace & KODAV3UpgradableGatedMarketplace/known-origin-contracts-v3-d592c5f4fa4e0b6fc65a1fce43e302706aedf607::RoyaltyImplV1R2",RoyaltyImplV1R2,0.7323942659299673,0.725,1
all_scope,accepted_label_only,45,false_positive,"DAPP::DAppSCAN-source/contracts/Coinfabrik-MintingFactoryV2, BaseUpgradableMarketplace & KODAV3UpgradableGatedMarketplace/known-origin-contracts-v3-d592c5f4fa4e0b6fc65a1fce43e302706aedf607::FundsReceiver",FundsReceiver,0.7323942659299673,0.725,1
all_scope,accepted_label_only,45,false_positive,"DAPP::DAppSCAN-source/contracts/Coinfabrik-MintingFactoryV2, BaseUpgradableMarketplace & KODAV3UpgradableGatedMarketplace/known-origin-contracts-v3-d592c5f4fa4e0b6fc65a1fce43e302706aedf607::CollabFundsReceiver",CollabFundsReceiver,0.7775593709244566,0.725,1
all_scope,accepted_label_only,45,false_positive,FORGE::vfp_00156::SponsoredOFTSrcPeriphery,SponsoredOFTSrcPeriphery,0.7477344527728842,0.725,0
all_scope,accepted_label_only,45,false_positive,DAPP::DAppSCAN-source/contracts/Solidity_Finance-OKLG - Smart Contract/contracts-e167d0d742d21bcc62d7a5b770a1f0ed1cf31eca::OKLGAtomicSwapInstance,OKLGAtomicSwapInstance,0.7969900125524444,0.725,1
all_scope,accepted_label_only,45,false_positive,DAPP::DAppSCAN-source/contracts/Solidity_Finance-OKLG - Smart Contract/contracts-e167d0d742d21bcc62d7a5b770a1f0ed1cf31eca::OKLGFaaSToken,OKLGFaaSToken,0.8509304587102532,0.725,1
all_scope,accepted_label_only,45,false_positive,DAPP::DAppSCAN-source/contracts/Solidity_Finance-OKLG - Smart Contract/contracts-e167d0d742d21bcc62d7a5b770a1f0ed1cf31eca::OKLGPasswordManager,OKLGPasswordManager,0.7919427403603715,0.725,1
all_scope,accepted_label_only,45,false_positive,DAPP::DAppSCAN-source/contracts/Solidity_Finance-OKLG - Smart Contract/contracts-e167d0d742d21bcc62d7a5b770a1f0ed1cf31eca::OKLGAffiliate,OKLGAffiliate,0.7529890361490963,0.725,1
all_scope,accepted_label_only,45,false_positive,DAPP::DAppSCAN-source/contracts/Solidity_Finance-OKLG - Smart Contract/contracts-e167d0d742d21bcc62d7a5b770a1f0ed1cf31eca::OKLGDividendDistributor,OKLGDividendDistributor,0.8092160026659154,0.725,1
all_scope,accepted_label_only,45,false_positive,DAPP::DAppSCAN-source/contracts/Solidity_Finance-OKLG - Smart Contract/contracts-e167d0d742d21bcc62d7a5b770a1f0ed1cf31eca::OKLGTrustedTimestamping,OKLGTrustedTimestamping,0.7349521147424739,0.725,0
all_scope,accepted_label_only,45,false_positive,DAPP::DAppSCAN-source/contracts/Solidity_Finance-OKLG - Smart Contract/contracts-e167d0d742d21bcc62d7a5b770a1f0ed1cf31eca::KetherNFTLoaner,KetherNFTLoaner,0.8044096108062899,0.725,1
all_scope,accepted_label_only,45,false_positive,DAPP::DAppSCAN-source/contracts/Solidity_Finance-OKLG - Smart Contract/contracts-e167d0d742d21bcc62d7a5b770a1f0ed1cf31eca::OKLGRaffle,OKLGRaffle,0.8503916670832947,0.725,1
all_scope,accepted_label_only,45,false_positive,DAPP::DAppSCAN-source/contracts/Solidified-Aztec Lido Bridge/aztec-connect-bridges-d5aca13d4d0a17b21eeddf77f49f4c6613461fb0::RollupProcessor,RollupProcessor,0.7660451780633073,0.725,1
all_scope,accepted_label_only,45,false_negative,DAPP::DAppSCAN-source/contracts/Solidified-Aztec Lido Bridge/aztec-connect-bridges-d5aca13d4d0a17b21eeddf77f49f4c6613461fb0::LidoBridge,LidoBridge,0.4013362470260918,0.725,1
all_scope,accepted_label_only,45,false_negative,DAPP::DAppSCAN-source/contracts/Hacken-Tenderize/tender-core-1fd606141625171fe792045ae9233890262d2d62::Matic,Matic,0.6708397931332518,0.725,1
all_scope,accepted_label_only,45,false_negative,DAPP::DAppSCAN-source/contracts/Hacken-Tenderize/tender-core-1fd606141625171fe792045ae9233890262d2d62::Livepeer,Livepeer,0.6754927807659219,0.725,1
all_scope,accepted_label_only,45,false_negative,DAPP::DAppSCAN-source/contracts/Hacken-Tenderize/tender-core-1fd606141625171fe792045ae9233890262d2d62::Graph,Graph,0.7153202660545673,0.725,1
all_scope,accepted_label_only,45,false_positive,FORGE::vfp_00220::LiquidityPenaltyHook,LiquidityPenaltyHook,0.7326941318559216,0.725,0
all_scope,accepted_label_only,45,false_positive,DAPP::DAppSCAN-source/contracts/consensys-The_LAO/moloch-4bc443f4dad60279b47978fc6987bb978d3dfc58::MolochPool,MolochPool,0.7454441644564599,0.725,1
all_scope,accepted_label_only,45,false_positive,DAPP::DAppSCAN-source/contracts/consensys-The_LAO/moloch-4bc443f4dad60279b47978fc6987bb978d3dfc58::ClaimsTokenERC20Extension,ClaimsTokenERC20Extension,0.735930331174437,0.725,1
all_scope,accepted_label_only,45,false_negative,DAPP::DAppSCAN-source/contracts/Trail_of_Bits-Liquity/dev-f0df3efa5a5f05b205752184cfce107c5bd6e06c::TroveManager,TroveManager,0.7000000097625654,0.725,1
all_scope,accepted_label_only,45,false_negative,DAPP::DAppSCAN-source/contracts/Trail_of_Bits-Liquity/dev-f0df3efa5a5f05b205752184cfce107c5bd6e06c::BorrowerOperations,BorrowerOperations,0.5805525273499348,0.725,1
all_scope,accepted_label_only,45,false_positive,DAPP::DAppSCAN-source/contracts/Trail_of_Bits-Liquity/dev-f0df3efa5a5f05b205752184cfce107c5bd6e06c::SortedTroves,SortedTroves,0.8216248183844632,0.725,1
all_scope,contrastive,45,false_positive,FORGE::vfp_00058::BasePositionManager,BasePositionManager,0.5433620958812451,0.432,0
all_scope,contrastive,45,false_positive,FORGE::vfp_00058::LikwidLendPosition,LikwidLendPosition,0.6932521600053964,0.432,0
all_scope,contrastive,45,false_positive,FORGE::vfp_00260::Arbitrum_Adapter,Arbitrum_Adapter,0.5043403109877309,0.432,0
all_scope,contrastive,45,false_positive,FORGE::vfp_00260::Ovm_WithdrawalHelper,Ovm_WithdrawalHelper,0.4565962472576863,0.432,0
all_scope,contrastive,45,false_negative,FORGE::vfp_00260::Router_Adapter,Router_Adapter,0.3967580419718978,0.432,0
all_scope,contrastive,45,false_positive,FORGE::vfp_00126::HubPool,HubPool,0.530082975321454,0.432,1
all_scope,contrastive,45,false_positive,FORGE::vfp_00126::Arbitrum_Adapter,Arbitrum_Adapter,0.5102278514312448,0.432,0
all_scope,contrastive,45,false_negative,FORGE::vfp_00288::DelegationMetaSwapAdapter,DelegationMetaSwapAdapter,0.37382094719923753,0.432,1
all_scope,contrastive,45,false_positive,DAPP::DAppSCAN-source/contracts/SlowMist-Booster-Protocol_智能安全审计报告/boosterProtocol-946b15629c410d706856584f3aa04001d6a55bd2::TenBankHall,TenBankHall,0.4771988078552366,0.432,1
all_scope,contrastive,45,false_negative,DAPP::DAppSCAN-source/contracts/SlowMist-Booster-Protocol_智能安全审计报告/boosterProtocol-946b15629c410d706856584f3aa04001d6a55bd2::BuybackBooToken,BuybackBooToken,0.39479785191829025,0.432,0
all_scope,contrastive,45,false_positive,DAPP::DAppSCAN-source/contracts/SlowMist-Booster-Protocol_智能安全审计报告/boosterProtocol-946b15629c410d706856584f3aa04001d6a55bd2::BOOPools,BOOPools,0.5320494780616173,0.432,1
all_scope,contrastive,45,false_negative,DAPP::DAppSCAN-source/contracts/SlowMist-Booster-Protocol_智能安全审计报告/boosterProtocol-946b15629c410d706856584f3aa04001d6a55bd2::StrategyUtils,StrategyUtils,0.2737269259796669,0.432,1
all_scope,contrastive,45,false_positive,DAPP::DAppSCAN-source/contracts/Hacken-Powerbomb-V1/powerbomb-lite-0f86ff1eecdd723be733a9b33ff4ffa3bbdadcee::PowerBombR,PowerBombR,0.4325714016976715,0.432,1
all_scope,contrastive,45,false_positive,DAPP::DAppSCAN-source/contracts/Hacken-Powerbomb-V1/powerbomb-lite-0f86ff1eecdd723be733a9b33ff4ffa3bbdadcee::PowerBombAvaxCurve33,PowerBombAvaxCurve33,0.45968666639295275,0.432,1
all_scope,contrastive,45,false_positive,DAPP::DAppSCAN-source/contracts/Hacken-Powerbomb-V1/powerbomb-lite-0f86ff1eecdd723be733a9b33ff4ffa3bbdadcee::PowerBombOneCurve,PowerBombOneCurve,0.4389976688676196,0.432,1
all_scope,contrastive,45,false_positive,DAPP::DAppSCAN-source/contracts/PeckShield-DarkCrypto/darkcrypto-contracts-fee5be8d36459aebed2b84e6493875b3dc0366fd::Boardroom,Boardroom,0.4377825168415575,0.432,1
all_scope,contrastive,45,false_positive,DAPP::DAppSCAN-source/contracts/PeckShield-DarkCrypto/darkcrypto-contracts-fee5be8d36459aebed2b84e6493875b3dc0366fd::DarkRewardPool,DarkRewardPool,0.5529385246925017,0.432,1
all_scope,contrastive,45,false_positive,DAPP::DAppSCAN-source/contracts/PepperSec-Aira-Robonomic/robonomics_contracts-cc35a91de187072214d215262d8371f0159c2498::Ambix,Ambix,0.5324599882958452,0.432,1
all_scope,contrastive,45,false_negative,DAPP::DAppSCAN-source/contracts/PepperSec-Aira-Robonomic/robonomics_contracts-cc35a91de187072214d215262d8371f0159c2498::LighthouseLib,LighthouseLib,0.3128981445395632,0.432,1
all_scope,contrastive,45,false_positive,DAPP::DAppSCAN-source/contracts/PepperSec-Aira-Robonomic/robonomics_contracts-cc35a91de187072214d215262d8371f0159c2498::DutchAuction,DutchAuction,0.4890318629969049,0.432,1
all_scope,contrastive,45,false_negative,DAPP::DAppSCAN-source/contracts/BlockSec-blocksec_impossible_finance_swap_v1.2/impossible-swap-core-29aaef89f996acdbee92b67c4d95fb608dc8b876::ImpossibleWrappedToken,ImpossibleWrappedToken,0.15055491863031045,0.432,1
all_scope,contrastive,45,false_positive,DAPP::DAppSCAN-source/contracts/BlockSec-blocksec_impossible_finance_swap_v1.2/impossible-swap-core-29aaef89f996acdbee92b67c4d95fb608dc8b876::WETH9,WETH9,0.44440425301934017,0.432,1
all_scope,contrastive,45,false_positive,DAPP::DAppSCAN-source/contracts/Solidified-Aztec Element Bridge/aztec-connect-bridges-ac2e7194b5887ea11a607b4cf8de0547b3d7fdd0::RollupProcessor,RollupProcessor,0.4657995034507818,0.432,1
all_scope,contrastive,45,false_negative,DAPP::DAppSCAN-source/contracts/Solidified-Aztec Element Bridge/aztec-connect-bridges-ac2e7194b5887ea11a607b4cf8de0547b3d7fdd0::ElementBridge,ElementBridge,0.4102633519510678,0.432,1
all_scope,contrastive,45,false_negative,DAPP::DAppSCAN-source/contracts/PeckShield-Duet/duet-collateral-contracts-92452dad092d6b5f76713484e30159b5fa75ea80::DYTokenERC20,DYTokenERC20,0.3131778265882318,0.432,1
all_scope,contrastive,45,false_negative,DAPP::DAppSCAN-source/contracts/consensys-GrowthDeFi WHEAT/wheat-v1-core-8360ac0a537589bb974e8a5a169bb3e7c95d2857::Exchange,Exchange,0.2783790040083764,0.432,0
all_scope,contrastive,45,false_negative,DAPP::DAppSCAN-source/contracts/SlowMist-ForTube2.0 Smart Contract Security Audit Report/bond-854527d0ea7ad2ddd3504b4d4ae3fcb57cb6445d::PRA,PRA,0.2847102855784636,0.432,1
all_scope,contrastive,45,false_negative,"DAPP::DAppSCAN-source/contracts/Coinfabrik-MintingFactoryV2, BaseUpgradableMarketplace & KODAV3UpgradableGatedMarketplace/known-origin-contracts-v3-d592c5f4fa4e0b6fc65a1fce43e302706aedf607::MintingFactoryV2",MintingFactoryV2,0.2814774853031362,0.432,1
all_scope,contrastive,45,false_positive,"DAPP::DAppSCAN-source/contracts/Coinfabrik-MintingFactoryV2, BaseUpgradableMarketplace & KODAV3UpgradableGatedMarketplace/known-origin-contracts-v3-d592c5f4fa4e0b6fc65a1fce43e302706aedf607::ClaimableFundsReceiverV1",ClaimableFundsReceiverV1,0.44074442355123666,0.432,1
all_scope,contrastive,45,false_positive,"DAPP::DAppSCAN-source/contracts/Coinfabrik-MintingFactoryV2, BaseUpgradableMarketplace & KODAV3UpgradableGatedMarketplace/known-origin-contracts-v3-d592c5f4fa4e0b6fc65a1fce43e302706aedf607::KODAV3UpgradableGatedMarketplace",KODAV3UpgradableGatedMarketplace,0.5184622884136889,0.432,1
all_scope,contrastive,45,false_positive,"DAPP::DAppSCAN-source/contracts/Coinfabrik-MintingFactoryV2, BaseUpgradableMarketplace & KODAV3UpgradableGatedMarketplace/known-origin-contracts-v3-d592c5f4fa4e0b6fc65a1fce43e302706aedf607::ClaimableFundsSplitterV1",ClaimableFundsSplitterV1,0.44074442722420565,0.432,1
all_scope,contrastive,45,false_positive,"DAPP::DAppSCAN-source/contracts/Coinfabrik-MintingFactoryV2, BaseUpgradableMarketplace & KODAV3UpgradableGatedMarketplace/known-origin-contracts-v3-d592c5f4fa4e0b6fc65a1fce43e302706aedf607::RoyaltyImplV1R1",RoyaltyImplV1R1,0.49854357871026417,0.432,1
all_scope,contrastive,45,false_positive,"DAPP::DAppSCAN-source/contracts/Coinfabrik-MintingFactoryV2, BaseUpgradableMarketplace & KODAV3UpgradableGatedMarketplace/known-origin-contracts-v3-d592c5f4fa4e0b6fc65a1fce43e302706aedf607::RoyaltyImplV1R2",RoyaltyImplV1R2,0.49854357871026417,0.432,1
all_scope,contrastive,45,false_positive,"DAPP::DAppSCAN-source/contracts/Coinfabrik-MintingFactoryV2, BaseUpgradableMarketplace & KODAV3UpgradableGatedMarketplace/known-origin-contracts-v3-d592c5f4fa4e0b6fc65a1fce43e302706aedf607::FundsReceiver",FundsReceiver,0.49854357871026417,0.432,1
all_scope,contrastive,45,false_positive,"DAPP::DAppSCAN-source/contracts/Coinfabrik-MintingFactoryV2, BaseUpgradableMarketplace & KODAV3UpgradableGatedMarketplace/known-origin-contracts-v3-d592c5f4fa4e0b6fc65a1fce43e302706aedf607::CollabFundsReceiver",CollabFundsReceiver,0.45066380777265813,0.432,1
all_scope,contrastive,45,false_positive,FORGE::vfp_00156::SponsoredOFTSrcPeriphery,SponsoredOFTSrcPeriphery,0.5097132378373178,0.432,0
all_scope,contrastive,45,false_positive,DAPP::DAppSCAN-source/contracts/Solidity_Finance-OKLG - Smart Contract/contracts-e167d0d742d21bcc62d7a5b770a1f0ed1cf31eca::OKLGAtomicSwapInstance,OKLGAtomicSwapInstance,0.5701088174630189,0.432,1
all_scope,contrastive,45,false_positive,DAPP::DAppSCAN-source/contracts/Solidity_Finance-OKLG - Smart Contract/contracts-e167d0d742d21bcc62d7a5b770a1f0ed1cf31eca::OKLGFaaSToken,OKLGFaaSToken,0.6748553966709963,0.432,1
all_scope,contrastive,45,false_positive,DAPP::DAppSCAN-source/contracts/Solidity_Finance-OKLG - Smart Contract/contracts-e167d0d742d21bcc62d7a5b770a1f0ed1cf31eca::OKLGPasswordManager,OKLGPasswordManager,0.5801269778099322,0.432,1
all_scope,contrastive,45,false_positive,DAPP::DAppSCAN-source/contracts/Solidity_Finance-OKLG - Smart Contract/contracts-e167d0d742d21bcc62d7a5b770a1f0ed1cf31eca::OKLGAffiliate,OKLGAffiliate,0.4842241075340262,0.432,1
all_scope,contrastive,45,false_positive,DAPP::DAppSCAN-source/contracts/Solidity_Finance-OKLG - Smart Contract/contracts-e167d0d742d21bcc62d7a5b770a1f0ed1cf31eca::OKLGDividendDistributor,OKLGDividendDistributor,0.5710276198694287,0.432,1
all_scope,contrastive,45,false_positive,DAPP::DAppSCAN-source/contracts/Solidity_Finance-OKLG - Smart Contract/contracts-e167d0d742d21bcc62d7a5b770a1f0ed1cf31eca::OKLGTrustedTimestamping,OKLGTrustedTimestamping,0.5222164269221079,0.432,0
all_scope,contrastive,45,false_positive,DAPP::DAppSCAN-source/contracts/Solidity_Finance-OKLG - Smart Contract/contracts-e167d0d742d21bcc62d7a5b770a1f0ed1cf31eca::OKLGAtomicSwap,OKLGAtomicSwap,0.451899248531937,0.432,0
all_scope,contrastive,45,false_positive,DAPP::DAppSCAN-source/contracts/Solidity_Finance-OKLG - Smart Contract/contracts-e167d0d742d21bcc62d7a5b770a1f0ed1cf31eca::KetherNFTLoaner,KetherNFTLoaner,0.5397500678036962,0.432,1
all_scope,contrastive,45,false_positive,DAPP::DAppSCAN-source/contracts/Solidity_Finance-OKLG - Smart Contract/contracts-e167d0d742d21bcc62d7a5b770a1f0ed1cf31eca::OKLGRaffle,OKLGRaffle,0.6225552624900164,0.432,1
all_scope,contrastive,45,false_positive,DAPP::DAppSCAN-source/contracts/Solidified-Aztec Lido Bridge/aztec-connect-bridges-d5aca13d4d0a17b21eeddf77f49f4c6613461fb0::RollupProcessor,RollupProcessor,0.46579951457436425,0.432,1
all_scope,contrastive,45,false_negative,DAPP::DAppSCAN-source/contracts/Solidified-Aztec Lido Bridge/aztec-connect-bridges-d5aca13d4d0a17b21eeddf77f49f4c6613461fb0::LidoBridge,LidoBridge,0.2805110783250278,0.432,1
all_scope,contrastive,45,false_positive,DAPP::DAppSCAN-source/contracts/Hacken-Tenderize/tender-core-1fd606141625171fe792045ae9233890262d2d62::TokenFaucet,TokenFaucet,0.48383587800687256,0.432,0
all_scope,contrastive,45,false_positive,DAPP::DAppSCAN-source/contracts/Hacken-Tenderize/tender-core-1fd606141625171fe792045ae9233890262d2d62::SwapUtils,SwapUtils,0.4556143362482648,0.432,1
all_scope,contrastive,45,false_positive,DAPP::DAppSCAN-source/contracts/Hacken-Tenderize/tender-core-1fd606141625171fe792045ae9233890262d2d62::Audius,Audius,0.5121905844841428,0.432,1
all_scope,contrastive,45,false_positive,FORGE::vfp_00220::LiquidityPenaltyHook,LiquidityPenaltyHook,0.5423748180786689,0.432,0
all_scope,contrastive,45,false_positive,DAPP::DAppSCAN-source/contracts/consensys-The_LAO/moloch-4bc443f4dad60279b47978fc6987bb978d3dfc58::MolochPool,MolochPool,0.47081067410191635,0.432,1
all_scope,contrastive,45,false_positive,DAPP::DAppSCAN-source/contracts/consensys-The_LAO/moloch-4bc443f4dad60279b47978fc6987bb978d3dfc58::GnosisSafe,GnosisSafe,0.44803332518762634,0.432,1
all_scope,contrastive,45,false_positive,DAPP::DAppSCAN-source/contracts/consensys-The_LAO/moloch-4bc443f4dad60279b47978fc6987bb978d3dfc58::ClaimsTokenERC20Extension,ClaimsTokenERC20Extension,0.5354352060210679,0.432,1
all_scope,contrastive,45,false_negative,DAPP::DAppSCAN-source/contracts/Trail_of_Bits-Liquity/dev-f0df3efa5a5f05b205752184cfce107c5bd6e06c::BorrowerOperations,BorrowerOperations,0.30798247356905845,0.432,1
all_scope,contrastive,45,false_positive,DAPP::DAppSCAN-source/contracts/Trail_of_Bits-Liquity/dev-f0df3efa5a5f05b205752184cfce107c5bd6e06c::StabilityPool,StabilityPool,0.44217388653526113,0.432,1
all_scope,contrastive,45,false_positive,DAPP::DAppSCAN-source/contracts/Trail_of_Bits-Liquity/dev-f0df3efa5a5f05b205752184cfce107c5bd6e06c::SortedTroves,SortedTroves,0.6226183850559582,0.432,1
all_scope,contrastive,45,false_positive,DAPP::DAppSCAN-source/contracts/Trail_of_Bits-Liquity/dev-f0df3efa5a5f05b205752184cfce107c5bd6e06c::LQTYStaking,LQTYStaking,0.5142311507030832,0.432,0
all_scope,accepted_label_only,46,false_negative,FORGE::vfp_00029::AntiSandwichHook,AntiSandwichHook,0.782431325507042,0.784,0
all_scope,accepted_label_only,46,false_positive,FORGE::vfp_00058::BasePositionManager,BasePositionManager,0.805617759092647,0.784,0
all_scope,accepted_label_only,46,false_positive,FORGE::vfp_00058::LikwidLendPosition,LikwidLendPosition,0.8571552230650286,0.784,0
all_scope,accepted_label_only,46,false_negative,FORGE::vfp_00260::Router_Adapter,Router_Adapter,0.6966702135914443,0.784,0
all_scope,accepted_label_only,46,false_positive,FORGE::vfp_00126::HubPool,HubPool,0.8328980345783029,0.784,1
all_scope,accepted_label_only,46,false_negative,FORGE::vfp_00288::DelegationMetaSwapAdapter,DelegationMetaSwapAdapter,0.5992775865924695,0.784,1
all_scope,accepted_label_only,46,false_negative,DAPP::DAppSCAN-source/contracts/SlowMist-Booster-Protocol_智能安全审计报告/boosterProtocol-946b15629c410d706856584f3aa04001d6a55bd2::BuybackBooToken,BuybackBooToken,0.6797559163034184,0.784,0
all_scope,accepted_label_only,46,false_positive,DAPP::DAppSCAN-source/contracts/SlowMist-Booster-Protocol_智能安全审计报告/boosterProtocol-946b15629c410d706856584f3aa04001d6a55bd2::BOOPools,BOOPools,0.8106839787709966,0.784,1
all_scope,accepted_label_only,46,false_negative,DAPP::DAppSCAN-source/contracts/SlowMist-Booster-Protocol_智能安全审计报告/boosterProtocol-946b15629c410d706856584f3aa04001d6a55bd2::StrategyUtils,StrategyUtils,0.4456165573943365,0.784,1
all_scope,accepted_label_only,46,false_negative,DAPP::DAppSCAN-source/contracts/Hacken-Powerbomb-V1/powerbomb-lite-0f86ff1eecdd723be733a9b33ff4ffa3bbdadcee::PowerBombAvaxCurve,PowerBombAvaxCurve,0.6678972901592344,0.784,1
all_scope,accepted_label_only,46,false_positive,DAPP::DAppSCAN-source/contracts/PeckShield-DarkCrypto/darkcrypto-contracts-fee5be8d36459aebed2b84e6493875b3dc0366fd::DarkRewardPool,DarkRewardPool,0.8341279859416322,0.784,1
all_scope,accepted_label_only,46,false_positive,DAPP::DAppSCAN-source/contracts/PepperSec-Aira-Robonomic/robonomics_contracts-cc35a91de187072214d215262d8371f0159c2498::Ambix,Ambix,0.8066895664740779,0.784,1
all_scope,accepted_label_only,46,false_negative,DAPP::DAppSCAN-source/contracts/PepperSec-Aira-Robonomic/robonomics_contracts-cc35a91de187072214d215262d8371f0159c2498::LighthouseLib,LighthouseLib,0.6171645922948887,0.784,1
all_scope,accepted_label_only,46,false_positive,DAPP::DAppSCAN-source/contracts/PepperSec-Aira-Robonomic/robonomics_contracts-cc35a91de187072214d215262d8371f0159c2498::DutchAuction,DutchAuction,0.8042829971231311,0.784,1
all_scope,accepted_label_only,46,false_negative,DAPP::DAppSCAN-source/contracts/BlockSec-blocksec_impossible_finance_swap_v1.2/impossible-swap-core-29aaef89f996acdbee92b67c4d95fb608dc8b876::ImpossibleWrappedToken,ImpossibleWrappedToken,0.2653518289368462,0.784,1
all_scope,accepted_label_only,46,false_positive,DAPP::DAppSCAN-source/contracts/Solidified-Aztec Element Bridge/aztec-connect-bridges-ac2e7194b5887ea11a607b4cf8de0547b3d7fdd0::RollupProcessor,RollupProcessor,0.8243617703871502,0.784,1
all_scope,accepted_label_only,46,false_negative,DAPP::DAppSCAN-source/contracts/PeckShield-Duet/duet-collateral-contracts-92452dad092d6b5f76713484e30159b5fa75ea80::DYTokenERC20,DYTokenERC20,0.4797852149539243,0.784,1
all_scope,accepted_label_only,46,false_negative,DAPP::DAppSCAN-source/contracts/consensys-GrowthDeFi WHEAT/wheat-v1-core-8360ac0a537589bb974e8a5a169bb3e7c95d2857::Exchange,Exchange,0.38525957632422303,0.784,0
all_scope,accepted_label_only,46,false_positive,DAPP::DAppSCAN-source/contracts/SlowMist-ForTube2.0 Smart Contract Security Audit Report/bond-854527d0ea7ad2ddd3504b4d4ae3fcb57cb6445d::BondData,BondData,0.8064236881558287,0.784,1
all_scope,accepted_label_only,46,false_negative,DAPP::DAppSCAN-source/contracts/SlowMist-ForTube2.0 Smart Contract Security Audit Report/bond-854527d0ea7ad2ddd3504b4d4ae3fcb57cb6445d::PRA,PRA,0.6282837769302237,0.784,1
all_scope,accepted_label_only,46,false_negative,"DAPP::DAppSCAN-source/contracts/Coinfabrik-MintingFactoryV2, BaseUpgradableMarketplace & KODAV3UpgradableGatedMarketplace/known-origin-contracts-v3-d592c5f4fa4e0b6fc65a1fce43e302706aedf607::MintingFactoryV2",MintingFactoryV2,0.48185679786185126,0.784,1
all_scope,accepted_label_only,46,false_positive,"DAPP::DAppSCAN-source/contracts/Coinfabrik-MintingFactoryV2, BaseUpgradableMarketplace & KODAV3UpgradableGatedMarketplace/known-origin-contracts-v3-d592c5f4fa4e0b6fc65a1fce43e302706aedf607::ClaimableFundsReceiverV1",ClaimableFundsReceiverV1,0.796172514763516,0.784,1
all_scope,accepted_label_only,46,false_positive,"DAPP::DAppSCAN-source/contracts/Coinfabrik-MintingFactoryV2, BaseUpgradableMarketplace & KODAV3UpgradableGatedMarketplace/known-origin-contracts-v3-d592c5f4fa4e0b6fc65a1fce43e302706aedf607::KODAV3UpgradableGatedMarketplace",KODAV3UpgradableGatedMarketplace,0.7917988256842655,0.784,1
all_scope,accepted_label_only,46,false_positive,"DAPP::DAppSCAN-source/contracts/Coinfabrik-MintingFactoryV2, BaseUpgradableMarketplace & KODAV3UpgradableGatedMarketplace/known-origin-contracts-v3-d592c5f4fa4e0b6fc65a1fce43e302706aedf607::ClaimableFundsSplitterV1",ClaimableFundsSplitterV1,0.796172514763516,0.784,1
all_scope,accepted_label_only,46,false_positive,"DAPP::DAppSCAN-source/contracts/Coinfabrik-MintingFactoryV2, BaseUpgradableMarketplace & KODAV3UpgradableGatedMarketplace/known-origin-contracts-v3-d592c5f4fa4e0b6fc65a1fce43e302706aedf607::RoyaltyImplV1R1",RoyaltyImplV1R1,0.7954118798720119,0.784,1
all_scope,accepted_label_only,46,false_positive,"DAPP::DAppSCAN-source/contracts/Coinfabrik-MintingFactoryV2, BaseUpgradableMarketplace & KODAV3UpgradableGatedMarketplace/known-origin-contracts-v3-d592c5f4fa4e0b6fc65a1fce43e302706aedf607::RoyaltyImplV1R2",RoyaltyImplV1R2,0.7954118798720119,0.784,1
all_scope,accepted_label_only,46,false_positive,"DAPP::DAppSCAN-source/contracts/Coinfabrik-MintingFactoryV2, BaseUpgradableMarketplace & KODAV3UpgradableGatedMarketplace/known-origin-contracts-v3-d592c5f4fa4e0b6fc65a1fce43e302706aedf607::FundsReceiver",FundsReceiver,0.7954118798720119,0.784,1
all_scope,accepted_label_only,46,false_positive,"DAPP::DAppSCAN-source/contracts/Coinfabrik-MintingFactoryV2, BaseUpgradableMarketplace & KODAV3UpgradableGatedMarketplace/known-origin-contracts-v3-d592c5f4fa4e0b6fc65a1fce43e302706aedf607::CollabFundsReceiver",CollabFundsReceiver,0.8193274504973709,0.784,1
all_scope,accepted_label_only,46,false_positive,FORGE::vfp_00156::SponsoredOFTSrcPeriphery,SponsoredOFTSrcPeriphery,0.8053028995381715,0.784,0
all_scope,accepted_label_only,46,false_positive,DAPP::DAppSCAN-source/contracts/Solidity_Finance-OKLG - Smart Contract/contracts-e167d0d742d21bcc62d7a5b770a1f0ed1cf31eca::OKLGAtomicSwapInstance,OKLGAtomicSwapInstance,0.8306939151995932,0.784,1
all_scope,accepted_label_only,46,false_positive,DAPP::DAppSCAN-source/contracts/Solidity_Finance-OKLG - Smart Contract/contracts-e167d0d742d21bcc62d7a5b770a1f0ed1cf31eca::OKLGFaaSToken,OKLGFaaSToken,0.8611881995793649,0.784,1
all_scope,accepted_label_only,46,false_positive,DAPP::DAppSCAN-source/contracts/Solidity_Finance-OKLG - Smart Contract/contracts-e167d0d742d21bcc62d7a5b770a1f0ed1cf31eca::OKLGPasswordManager,OKLGPasswordManager,0.8199905743602001,0.784,1
all_scope,accepted_label_only,46,false_positive,DAPP::DAppSCAN-source/contracts/Solidity_Finance-OKLG - Smart Contract/contracts-e167d0d742d21bcc62d7a5b770a1f0ed1cf31eca::OKLGAffiliate,OKLGAffiliate,0.7842813726054395,0.784,1
all_scope,accepted_label_only,46,false_positive,DAPP::DAppSCAN-source/contracts/Solidity_Finance-OKLG - Smart Contract/contracts-e167d0d742d21bcc62d7a5b770a1f0ed1cf31eca::OKLGDividendDistributor,OKLGDividendDistributor,0.8344848142846336,0.784,1
all_scope,accepted_label_only,46,false_positive,DAPP::DAppSCAN-source/contracts/Solidity_Finance-OKLG - Smart Contract/contracts-e167d0d742d21bcc62d7a5b770a1f0ed1cf31eca::KetherNFTLoaner,KetherNFTLoaner,0.8079336156325788,0.784,1
all_scope,accepted_label_only,46,false_positive,DAPP::DAppSCAN-source/contracts/Solidity_Finance-OKLG - Smart Contract/contracts-e167d0d742d21bcc62d7a5b770a1f0ed1cf31eca::OKLGRaffle,OKLGRaffle,0.8716806648719065,0.784,1
all_scope,accepted_label_only,46,false_positive,DAPP::DAppSCAN-source/contracts/Solidity_Finance-OKLG - Smart Contract/contracts-e167d0d742d21bcc62d7a5b770a1f0ed1cf31eca::OKLGETHSplitter,OKLGETHSplitter,0.7993492603593133,0.784,1
all_scope,accepted_label_only,46,false_positive,DAPP::DAppSCAN-source/contracts/Solidified-Aztec Lido Bridge/aztec-connect-bridges-d5aca13d4d0a17b21eeddf77f49f4c6613461fb0::RollupProcessor,RollupProcessor,0.8243618049076405,0.784,1
all_scope,accepted_label_only,46,false_negative,DAPP::DAppSCAN-source/contracts/Solidified-Aztec Lido Bridge/aztec-connect-bridges-d5aca13d4d0a17b21eeddf77f49f4c6613461fb0::LidoBridge,LidoBridge,0.4049714959984649,0.784,1
all_scope,accepted_label_only,46,false_positive,DAPP::DAppSCAN-source/contracts/Hacken-Tenderize/tender-core-1fd606141625171fe792045ae9233890262d2d62::TenderSwap,TenderSwap,0.8008767172290088,0.784,1
all_scope,accepted_label_only,46,false_negative,DAPP::DAppSCAN-source/contracts/Hacken-Tenderize/tender-core-1fd606141625171fe792045ae9233890262d2d62::Matic,Matic,0.7282214906176684,0.784,1
all_scope,accepted_label_only,46,false_negative,DAPP::DAppSCAN-source/contracts/Hacken-Tenderize/tender-core-1fd606141625171fe792045ae9233890262d2d62::Livepeer,Livepeer,0.734400419308486,0.784,1
all_scope,accepted_label_only,46,false_negative,DAPP::DAppSCAN-source/contracts/Hacken-Tenderize/tender-core-1fd606141625171fe792045ae9233890262d2d62::Graph,Graph,0.7737809777230189,0.784,1
all_scope,accepted_label_only,46,false_positive,FORGE::vfp_00220::LiquidityPenaltyHook,LiquidityPenaltyHook,0.7853138265676065,0.784,0
all_scope,accepted_label_only,46,false_positive,DAPP::DAppSCAN-source/contracts/consensys-The_LAO/moloch-4bc443f4dad60279b47978fc6987bb978d3dfc58::MolochPool,MolochPool,0.8091757678834253,0.784,1
all_scope,accepted_label_only,46,false_positive,DAPP::DAppSCAN-source/contracts/consensys-The_LAO/moloch-4bc443f4dad60279b47978fc6987bb978d3dfc58::GnosisSafe,GnosisSafe,0.8098489279976896,0.784,1
all_scope,accepted_label_only,46,false_positive,DAPP::DAppSCAN-source/contracts/consensys-The_LAO/moloch-4bc443f4dad60279b47978fc6987bb978d3dfc58::ClaimsTokenERC20Extension,ClaimsTokenERC20Extension,0.805795080176224,0.784,1
all_scope,accepted_label_only,46,false_negative,DAPP::DAppSCAN-source/contracts/Trail_of_Bits-Liquity/dev-f0df3efa5a5f05b205752184cfce107c5bd6e06c::TroveManager,TroveManager,0.7396325783315962,0.784,1
all_scope,accepted_label_only,46,false_negative,DAPP::DAppSCAN-source/contracts/Trail_of_Bits-Liquity/dev-f0df3efa5a5f05b205752184cfce107c5bd6e06c::BorrowerOperations,BorrowerOperations,0.607283236002693,0.784,1
all_scope,accepted_label_only,46,false_positive,DAPP::DAppSCAN-source/contracts/Trail_of_Bits-Liquity/dev-f0df3efa5a5f05b205752184cfce107c5bd6e06c::SortedTroves,SortedTroves,0.8604725434569868,0.784,1
all_scope,contrastive,46,false_positive,FORGE::vfp_00058::BasePositionManager,BasePositionManager,0.7013627969931623,0.432,0
all_scope,contrastive,46,false_positive,FORGE::vfp_00058::LikwidLendPosition,LikwidLendPosition,0.7702226967684972,0.432,0
all_scope,contrastive,46,false_negative,FORGE::vfp_00260::Router_Adapter,Router_Adapter,0.2580827742703745,0.432,0
all_scope,contrastive,46,false_positive,FORGE::vfp_00126::HubPool,HubPool,0.5968530946519705,0.432,1
all_scope,contrastive,46,false_positive,FORGE::vfp_00126::Arbitrum_Adapter,Arbitrum_Adapter,0.44366070954078063,0.432,0
all_scope,contrastive,46,false_negative,FORGE::vfp_00288::DelegationMetaSwapAdapter,DelegationMetaSwapAdapter,0.4147685467412539,0.432,1
all_scope,contrastive,46,false_negative,DAPP::DAppSCAN-source/contracts/SlowMist-Booster-Protocol_智能安全审计报告/boosterProtocol-946b15629c410d706856584f3aa04001d6a55bd2::BuybackBooToken,BuybackBooToken,0.3583136815827618,0.432,0
all_scope,contrastive,46,false_positive,DAPP::DAppSCAN-source/contracts/SlowMist-Booster-Protocol_智能安全审计报告/boosterProtocol-946b15629c410d706856584f3aa04001d6a55bd2::BOOPools,BOOPools,0.6886106526511757,0.432,1
all_scope,contrastive,46,false_positive,DAPP::DAppSCAN-source/contracts/SlowMist-Booster-Protocol_智能安全审计报告/boosterProtocol-946b15629c410d706856584f3aa04001d6a55bd2::ActionPools,ActionPools,0.5850459737281376,0.432,1
all_scope,contrastive,46,false_positive,DAPP::DAppSCAN-source/contracts/SlowMist-Booster-Protocol_智能安全审计报告/boosterProtocol-946b15629c410d706856584f3aa04001d6a55bd2::SafeBoxFilDa,SafeBoxFilDa,0.4905856305976525,0.432,1
all_scope,contrastive,46,false_positive,DAPP::DAppSCAN-source/contracts/SlowMist-Booster-Protocol_智能安全审计报告/boosterProtocol-946b15629c410d706856584f3aa04001d6a55bd2::SafeBoxFilDaETH,SafeBoxFilDaETH,0.4905856305976525,0.432,1
all_scope,contrastive,46,false_negative,DAPP::DAppSCAN-source/contracts/SlowMist-Booster-Protocol_智能安全审计报告/boosterProtocol-946b15629c410d706856584f3aa04001d6a55bd2::StrategyUtils,StrategyUtils,0.22712575951016545,0.432,1
all_scope,contrastive,46,false_positive,DAPP::DAppSCAN-source/contracts/Hacken-Powerbomb-V1/powerbomb-lite-0f86ff1eecdd723be733a9b33ff4ffa3bbdadcee::PowerBombFtmCurveGeist,PowerBombFtmCurveGeist,0.4527150874693232,0.432,1
all_scope,contrastive,46,false_positive,DAPP::DAppSCAN-source/contracts/Hacken-Powerbomb-V1/powerbomb-lite-0f86ff1eecdd723be733a9b33ff4ffa3bbdadcee::PowerBombAvaxCurve33,PowerBombAvaxCurve33,0.49949139671014126,0.432,1
all_scope,contrastive,46,false_positive,DAPP::DAppSCAN-source/contracts/Hacken-Powerbomb-V1/powerbomb-lite-0f86ff1eecdd723be733a9b33ff4ffa3bbdadcee::PowerBombOneCurve,PowerBombOneCurve,0.4614921639040794,0.432,1
all_scope,contrastive,46,false_positive,DAPP::DAppSCAN-source/contracts/PeckShield-DarkCrypto/darkcrypto-contracts-fee5be8d36459aebed2b84e6493875b3dc0366fd::Boardroom,Boardroom,0.4852239536619146,0.432,1
all_scope,contrastive,46,false_positive,DAPP::DAppSCAN-source/contracts/PeckShield-DarkCrypto/darkcrypto-contracts-fee5be8d36459aebed2b84e6493875b3dc0366fd::DarkRewardPool,DarkRewardPool,0.7158552243765601,0.432,1
all_scope,contrastive,46,false_positive,DAPP::DAppSCAN-source/contracts/PepperSec-Aira-Robonomic/robonomics_contracts-cc35a91de187072214d215262d8371f0159c2498::Ambix,Ambix,0.6239962228882846,0.432,1
all_scope,contrastive,46,false_positive,DAPP::DAppSCAN-source/contracts/PepperSec-Aira-Robonomic/robonomics_contracts-cc35a91de187072214d215262d8371f0159c2498::LiabilityFactory,LiabilityFactory,0.47022797421677287,0.432,1
all_scope,contrastive,46,false_negative,DAPP::DAppSCAN-source/contracts/PepperSec-Aira-Robonomic/robonomics_contracts-cc35a91de187072214d215262d8371f0159c2498::LighthouseLib,LighthouseLib,0.3139183317121767,0.432,1
all_scope,contrastive,46,false_positive,DAPP::DAppSCAN-source/contracts/PepperSec-Aira-Robonomic/robonomics_contracts-cc35a91de187072214d215262d8371f0159c2498::DutchAuction,DutchAuction,0.5400220712984597,0.432,1
all_scope,contrastive,46,false_negative,DAPP::DAppSCAN-source/contracts/BlockSec-blocksec_impossible_finance_swap_v1.2/impossible-swap-core-29aaef89f996acdbee92b67c4d95fb608dc8b876::ImpossibleWrappedToken,ImpossibleWrappedToken,0.09224150598546953,0.432,1
all_scope,contrastive,46,false_positive,DAPP::DAppSCAN-source/contracts/BlockSec-blocksec_impossible_finance_swap_v1.2/impossible-swap-core-29aaef89f996acdbee92b67c4d95fb608dc8b876::WETH9,WETH9,0.44227271834603565,0.432,1
all_scope,contrastive,46,false_positive,DAPP::DAppSCAN-source/contracts/Solidified-Aztec Element Bridge/aztec-connect-bridges-ac2e7194b5887ea11a607b4cf8de0547b3d7fdd0::RollupProcessor,RollupProcessor,0.7018372486309948,0.432,1
all_scope,contrastive,46,false_negative,DAPP::DAppSCAN-source/contracts/PeckShield-Duet/duet-collateral-contracts-92452dad092d6b5f76713484e30159b5fa75ea80::DYTokenERC20,DYTokenERC20,0.2268043719906187,0.432,1
all_scope,contrastive,46,false_negative,DAPP::DAppSCAN-source/contracts/consensys-GrowthDeFi WHEAT/wheat-v1-core-8360ac0a537589bb974e8a5a169bb3e7c95d2857::Exchange,Exchange,0.09333130216407536,0.432,0
all_scope,contrastive,46,false_positive,DAPP::DAppSCAN-source/contracts/SlowMist-ForTube2.0 Smart Contract Security Audit Report/bond-854527d0ea7ad2ddd3504b4d4ae3fcb57cb6445d::BondData,BondData,0.5541797626683095,0.432,1
all_scope,contrastive,46,false_negative,DAPP::DAppSCAN-source/contracts/SlowMist-ForTube2.0 Smart Contract Security Audit Report/bond-854527d0ea7ad2ddd3504b4d4ae3fcb57cb6445d::PRA,PRA,0.2733223240516521,0.432,1
all_scope,contrastive,46,false_negative,"DAPP::DAppSCAN-source/contracts/Coinfabrik-MintingFactoryV2, BaseUpgradableMarketplace & KODAV3UpgradableGatedMarketplace/known-origin-contracts-v3-d592c5f4fa4e0b6fc65a1fce43e302706aedf607::MintingFactoryV2",MintingFactoryV2,0.18928711571269455,0.432,1
all_scope,contrastive,46,false_positive,"DAPP::DAppSCAN-source/contracts/Coinfabrik-MintingFactoryV2, BaseUpgradableMarketplace & KODAV3UpgradableGatedMarketplace/known-origin-contracts-v3-d592c5f4fa4e0b6fc65a1fce43e302706aedf607::ClaimableFundsReceiverV1",ClaimableFundsReceiverV1,0.5374522547493962,0.432,1
all_scope,contrastive,46,false_positive,"DAPP::DAppSCAN-source/contracts/Coinfabrik-MintingFactoryV2, BaseUpgradableMarketplace & KODAV3UpgradableGatedMarketplace/known-origin-contracts-v3-d592c5f4fa4e0b6fc65a1fce43e302706aedf607::KODAV3UpgradableGatedMarketplace",KODAV3UpgradableGatedMarketplace,0.5925910897557634,0.432,1
all_scope,contrastive,46,false_positive,"DAPP::DAppSCAN-source/contracts/Coinfabrik-MintingFactoryV2, BaseUpgradableMarketplace & KODAV3UpgradableGatedMarketplace/known-origin-contracts-v3-d592c5f4fa4e0b6fc65a1fce43e302706aedf607::ClaimableFundsSplitterV1",ClaimableFundsSplitterV1,0.5374522547493962,0.432,1
all_scope,contrastive,46,false_positive,"DAPP::DAppSCAN-source/contracts/Coinfabrik-MintingFactoryV2, BaseUpgradableMarketplace & KODAV3UpgradableGatedMarketplace/known-origin-contracts-v3-d592c5f4fa4e0b6fc65a1fce43e302706aedf607::KODAV3GatedMerkleMarketplace",KODAV3GatedMerkleMarketplace,0.44722267950586264,0.432,1
all_scope,contrastive,46,false_positive,"DAPP::DAppSCAN-source/contracts/Coinfabrik-MintingFactoryV2, BaseUpgradableMarketplace & KODAV3UpgradableGatedMarketplace/known-origin-contracts-v3-d592c5f4fa4e0b6fc65a1fce43e302706aedf607::TokenRoyaltiesRegistry",TokenRoyaltiesRegistry,0.45457029117197484,0.432,1
all_scope,contrastive,46,false_positive,"DAPP::DAppSCAN-source/contracts/Coinfabrik-MintingFactoryV2, BaseUpgradableMarketplace & KODAV3UpgradableGatedMarketplace/known-origin-contracts-v3-d592c5f4fa4e0b6fc65a1fce43e302706aedf607::RoyaltyImplV1R1",RoyaltyImplV1R1,0.5375993786966411,0.432,1
all_scope,contrastive,46,false_positive,"DAPP::DAppSCAN-source/contracts/Coinfabrik-MintingFactoryV2, BaseUpgradableMarketplace & KODAV3UpgradableGatedMarketplace/known-origin-contracts-v3-d592c5f4fa4e0b6fc65a1fce43e302706aedf607::RoyaltyImplV1R2",RoyaltyImplV1R2,0.5375993786966411,0.432,1
all_scope,contrastive,46,false_positive,"DAPP::DAppSCAN-source/contracts/Coinfabrik-MintingFactoryV2, BaseUpgradableMarketplace & KODAV3UpgradableGatedMarketplace/known-origin-contracts-v3-d592c5f4fa4e0b6fc65a1fce43e302706aedf607::FundsReceiver",FundsReceiver,0.5375993786966411,0.432,1
all_scope,contrastive,46,false_positive,"DAPP::DAppSCAN-source/contracts/Coinfabrik-MintingFactoryV2, BaseUpgradableMarketplace & KODAV3UpgradableGatedMarketplace/known-origin-contracts-v3-d592c5f4fa4e0b6fc65a1fce43e302706aedf607::CollabFundsReceiver",CollabFundsReceiver,0.5677549386442728,0.432,1
all_scope,contrastive,46,false_positive,FORGE::vfp_00156::SponsoredOFTSrcPeriphery,SponsoredOFTSrcPeriphery,0.5970682496067534,0.432,0
all_scope,contrastive,46,false_positive,DAPP::DAppSCAN-source/contracts/Solidity_Finance-OKLG - Smart Contract/contracts-e167d0d742d21bcc62d7a5b770a1f0ed1cf31eca::OKLGAtomicSwapInstance,OKLGAtomicSwapInstance,0.603680335620613,0.432,1
all_scope,contrastive,46,false_positive,DAPP::DAppSCAN-source/contracts/Solidity_Finance-OKLG - Smart Contract/contracts-e167d0d742d21bcc62d7a5b770a1f0ed1cf31eca::OKLGFaaSToken,OKLGFaaSToken,0.7351716407089165,0.432,1
all_scope,contrastive,46,false_positive,DAPP::DAppSCAN-source/contracts/Solidity_Finance-OKLG - Smart Contract/contracts-e167d0d742d21bcc62d7a5b770a1f0ed1cf31eca::OKLGPasswordManager,OKLGPasswordManager,0.595653258202126,0.432,1
all_scope,contrastive,46,false_positive,DAPP::DAppSCAN-source/contracts/Solidity_Finance-OKLG - Smart Contract/contracts-e167d0d742d21bcc62d7a5b770a1f0ed1cf31eca::OKLGAffiliate,OKLGAffiliate,0.5512160230318719,0.432,1
all_scope,contrastive,46,false_positive,DAPP::DAppSCAN-source/contracts/Solidity_Finance-OKLG - Smart Contract/contracts-e167d0d742d21bcc62d7a5b770a1f0ed1cf31eca::OKLGDividendDistributor,OKLGDividendDistributor,0.6618724949299066,0.432,1
all_scope,contrastive,46,false_positive,DAPP::DAppSCAN-source/contracts/Solidity_Finance-OKLG - Smart Contract/contracts-e167d0d742d21bcc62d7a5b770a1f0ed1cf31eca::OKLGTrustedTimestamping,OKLGTrustedTimestamping,0.4634166224776893,0.432,0
all_scope,contrastive,46,false_positive,DAPP::DAppSCAN-source/contracts/Solidity_Finance-OKLG - Smart Contract/contracts-e167d0d742d21bcc62d7a5b770a1f0ed1cf31eca::KetherNFTLoaner,KetherNFTLoaner,0.5642734458979709,0.432,1
all_scope,contrastive,46,false_positive,DAPP::DAppSCAN-source/contracts/Solidity_Finance-OKLG - Smart Contract/contracts-e167d0d742d21bcc62d7a5b770a1f0ed1cf31eca::OKLGRaffle,OKLGRaffle,0.7550326801462173,0.432,1
all_scope,contrastive,46,false_positive,DAPP::DAppSCAN-source/contracts/Solidity_Finance-OKLG - Smart Contract/contracts-e167d0d742d21bcc62d7a5b770a1f0ed1cf31eca::OKLGETHSplitter,OKLGETHSplitter,0.5427457759070954,0.432,1
all_scope,contrastive,46,false_positive,DAPP::DAppSCAN-source/contracts/Solidified-Aztec Lido Bridge/aztec-connect-bridges-d5aca13d4d0a17b21eeddf77f49f4c6613461fb0::RollupProcessor,RollupProcessor,0.7018378099143765,0.432,1
all_scope,contrastive,46,false_negative,DAPP::DAppSCAN-source/contracts/Solidified-Aztec Lido Bridge/aztec-connect-bridges-d5aca13d4d0a17b21eeddf77f49f4c6613461fb0::LidoBridge,LidoBridge,0.13610379224916402,0.432,1
all_scope,contrastive,46,false_positive,DAPP::DAppSCAN-source/contracts/Solidified-Aztec Lido Bridge/aztec-connect-bridges-d5aca13d4d0a17b21eeddf77f49f4c6613461fb0::ElementBridge,ElementBridge,0.6150107252112105,0.432,1
all_scope,contrastive,46,false_positive,DAPP::DAppSCAN-source/contracts/Hacken-Tenderize/tender-core-1fd606141625171fe792045ae9233890262d2d62::SwapUtils,SwapUtils,0.5407981914320935,0.432,1
all_scope,contrastive,46,false_positive,DAPP::DAppSCAN-source/contracts/Hacken-Tenderize/tender-core-1fd606141625171fe792045ae9233890262d2d62::TenderSwap,TenderSwap,0.6130213894321708,0.432,1
all_scope,contrastive,46,false_positive,DAPP::DAppSCAN-source/contracts/Hacken-Tenderize/tender-core-1fd606141625171fe792045ae9233890262d2d62::Audius,Audius,0.5281030216701397,0.432,1
all_scope,contrastive,46,false_positive,FORGE::vfp_00220::LiquidityPenaltyHook,LiquidityPenaltyHook,0.6767949081723282,0.432,0
all_scope,contrastive,46,false_positive,DAPP::DAppSCAN-source/contracts/consensys-The_LAO/moloch-4bc443f4dad60279b47978fc6987bb978d3dfc58::MolochPool,MolochPool,0.6115007267745108,0.432,1
all_scope,contrastive,46,false_positive,DAPP::DAppSCAN-source/contracts/consensys-The_LAO/moloch-4bc443f4dad60279b47978fc6987bb978d3dfc58::GnosisSafe,GnosisSafe,0.6098398157160059,0.432,1
all_scope,contrastive,46,false_positive,DAPP::DAppSCAN-source/contracts/consensys-The_LAO/moloch-4bc443f4dad60279b47978fc6987bb978d3dfc58::StateChannelModule,StateChannelModule,0.5239462464817052,0.432,1
all_scope,contrastive,46,false_positive,DAPP::DAppSCAN-source/contracts/consensys-The_LAO/moloch-4bc443f4dad60279b47978fc6987bb978d3dfc58::ClaimsTokenERC20Extension,ClaimsTokenERC20Extension,0.43705889138984294,0.432,1
all_scope,contrastive,46,false_negative,DAPP::DAppSCAN-source/contracts/Trail_of_Bits-Liquity/dev-f0df3efa5a5f05b205752184cfce107c5bd6e06c::BorrowerOperations,BorrowerOperations,0.2682662649548375,0.432,1
all_scope,contrastive,46,false_positive,DAPP::DAppSCAN-source/contracts/Trail_of_Bits-Liquity/dev-f0df3efa5a5f05b205752184cfce107c5bd6e06c::SortedTroves,SortedTroves,0.7733537565342581,0.432,1
all_scope,contrastive,46,false_positive,DAPP::DAppSCAN-source/contracts/Trail_of_Bits-Liquity/dev-f0df3efa5a5f05b205752184cfce107c5bd6e06c::LQTYStaking,LQTYStaking,0.5908207625658253,0.432,0
