review_priority,contract_id,source_path,function_name,source_span,predicted_score,current_label,vulnerability_type,detected_safety_features,external_call_line,state_update_line,modifier_guard_evidence,code_snippet,interaction_id,category,evidence,safety_feature_count
top50_highest_score|top50_weak_or_no_safety,DAPP::DAppSCAN-source/contracts/Hacken-The Next War/Contracts-334fe81ea7282ac4f768de077c37a7932c0302de::Distribution,DAppSCAN-source/contracts/Hacken-The Next War/Contracts-334fe81ea7282ac4f768de077c37a7932c0302de/contracts/Distribution.sol,claim,DAppSCAN-source/contracts/Hacken-The Next War/Contracts-334fe81ea7282ac4f768de077c37a7932c0302de/contracts/Distribution.sol#L109-L147,0.986448525385967,0,,require_assert_guard_before_call|callee_user_controlled|contract_inheritance_modifier_summary,"L36: tngToken.transfer(_msgSender(), tokenQuantity);",L2: Account storage userAccount = accounts[_msgSender()];,"L4: require(tokenAllocation > 0, ""Nothing to claim"");","31: \n32:         //For tracking\n33:         totalPendingVestingToken = totalPendingVestingToken.sub(tokenQuantity);\n34: \n35:         //Release token\n36:         tngToken.transfer(_msgSender(), tokenQuantity);\n37: \n38:         emit Claimed(_msgSender(), tokenQuantity);\n39:     }",i:claim,protected reentrancy-like pattern,external call plus guard/modifier/state-update signal,3
top50_highest_score,DAPP::DAppSCAN-source/contracts/PeckShield-BabySwap/code::HoldStake,DAppSCAN-source/contracts/PeckShield-BabySwap/code/baby-swap-contract-cac289bf978d969c95721c2adb9f199cee72ffa6/contracts/farm/HoldStake.sol,addPool,DAppSCAN-source/contracts/PeckShield-BabySwap/code/baby-swap-contract-cac289bf978d969c95721c2adb9f199cee72ffa6/contracts/farm/HoldStake.sol#L83-L99,0.9826690809161039,0,,state_update_after_external_call|require_assert_guard_before_call|only_owner_or_access_control|callee_user_controlled|contract_modifier_access_summary|contract_inheritance_modifier_summary,,L9: pid++;,"L7: require(address(token) != address(0), ""Hold: Token address is zero""); | function addPool(
        IERC20 token,
        uint256 hardcap,
        uint256 preUserHardcap,
        uint256 apy
    ) external onlyOwner","1: function addPool(\n2:         IERC20 token,\n3:         uint256 hardcap,\n4:         uint256 preUserHardcap,\n5:         uint256 apy\n6:     ) external onlyOwner {\n7:         require(address(token) != address(0), ""Hold: Token address is zero"");\n8:         token.balanceOf(address(this)); //Check ERC20\n9:         pid++;\n10:         HoldPool storage holdPool = holdPools[pid];\n11:         holdPool.apy = apy;\n12:         holdPool.token = token;\n13:         holdPool.hardcap = hardcap;\n14:         holdPool.preUserHardcap = preUserHardcap;",i:addPool,protected reentrancy-like pattern,external call plus guard/modifier/state-update signal,6
top50_highest_score,DAPP::DAppSCAN-source/contracts/openzeppelin-Solo_Margin_Protocol/solo-17df84db351d5438e1b7437572722b4f52c8b2b4::PayableProxyForSoloMargin,DAppSCAN-source/contracts/openzeppelin-Solo_Margin_Protocol/solo-17df84db351d5438e1b7437572722b4f52c8b2b4/contracts/external/proxies/PayableProxyForSoloMargin.sol,operate,DAppSCAN-source/contracts/openzeppelin-Solo_Margin_Protocol/solo-17df84db351d5438e1b7437572722b4f52c8b2b4/contracts/external/proxies/PayableProxyForSoloMargin.sol#L77-L124,0.9826424245645164,0,,nonreentrant_modifier|callee_user_controlled|trusted_or_fixed_callee|contract_modifier_access_summary,L46: msg.sender.transfer(remainingWeth);,L15: for (uint256 i = 0; i < args.length; i++) {,nonReentrant/modifier,41: \n42:         // return all remaining WETH to the msg.sender as ETH\n43:         uint256 remainingWeth = WETH.balanceOf(address(this));\n44:         if (remainingWeth != 0) {\n45:             WETH.withdraw(remainingWeth);\n46:             msg.sender.transfer(remainingWeth);\n47:         }\n48:     },i:operate,protected reentrancy-like pattern,external call plus guard/modifier/state-update signal,4
top50_highest_score,DAPP::DAppSCAN-source/contracts/PeckShield-StackerVC/StackerVC_VentureFund001-3cfb98b21f4731dfd62993feb7c7d1540837f59b::GaugeD1,DAppSCAN-source/contracts/PeckShield-StackerVC/StackerVC_VentureFund001-3cfb98b21f4731dfd62993feb7c7d1540837f59b/contracts/Token/GaugeD1.sol,deposit,DAppSCAN-source/contracts/PeckShield-StackerVC/StackerVC_VentureFund001-3cfb98b21f4731dfd62993feb7c7d1540837f59b/contracts/Token/GaugeD1.sol#L99-L127,0.9823820231697554,0,,require_assert_guard_before_call|nonreentrant_modifier|trusted_or_fixed_callee|safe_erc20_wrapper|contract_modifier_access_summary|contract_inheritance_modifier_summary,"L24: IERC20(acceptToken).transfer(vcHolding, _amountCommitHard);",L9: uint256 _acceptTokenAmount = _amountCommitSoft.add(_amountCommitHard);,"nonReentrant/modifier | L2: require(block.number <= endBlock, ""GAUGE: distribution 1 over"");","6:     	_claimSTACK(_creditTo); // new deposit doesn't get tokens right away\n7: \n8:     	// transfer tokens from sender to account\n9:     	uint256 _acceptTokenAmount = _amountCommitSoft.add(_amountCommitHard);\n10:     	if (_acceptTokenAmount > 0){\n11:     		IERC20(acceptToken).safeTransferFrom(msg.sender, address(this), _acceptTokenAmount);\n12:     	}\n13: \n14:     	CommitState memory _state = balances[_creditTo];\n15:     	// no need to update _state.tokensAccrued because that's already done in _claimSTACK\n16:     	if (_amountCommitSoft > 0){\n17:     		_state.balanceCommitSoft = _state.balanceCommitSoft.add(_amountCommitSoft);\n18: 			depositedCommitSoft = depositedCommitSoft.add(_amountCommitSoft);\n19:     	}",i:deposit,protected reentrancy-like pattern,external call plus guard/modifier/state-update signal,6
top50_highest_score|top50_weak_or_no_safety,DAPP::DAppSCAN-source/contracts/Coinspect-Incognito Audit/bridge-eth-4879219669a38d601265582f815596b6775855b6::IncognitoProxy,DAppSCAN-source/contracts/Coinspect-Incognito Audit/bridge-eth-4879219669a38d601265582f815596b6775855b6/bridge/contracts/incognito_proxy.sol,swapBridgeCommittee,DAppSCAN-source/contracts/Coinspect-Incognito Audit/bridge-eth-4879219669a38d601265582f815596b6775855b6/bridge/contracts/incognito_proxy.sol#L87-L145,0.980475517489832,0,,require_assert_guard_before_call,,L12: bytes32 instHash = keccak256(inst);,L15: require(instructionApproved(,"1: function swapBridgeCommittee(\n2:         bytes memory inst,\n3:         bytes32[][2] memory instPaths,\n4:         bool[][2] memory instPathIsLefts,\n5:         bytes32[2] memory instRoots,\n6:         bytes32[2] memory blkData,\n7:         uint[][2] memory sigIdxs,\n8:         uint8[][2] memory sigVs,\n9:         bytes32[][2] memory sigRs,\n10:         bytes32[][2] memory sigSs\n11:     ) public isNotPaused {\n12:         bytes32 instHash = keccak256(inst);\n13: \n14:         // Verify instruction on beacon",i:swapBridgeCommittee,protected reentrancy-like pattern,external call plus guard/modifier/state-update signal,1
top50_highest_score,DAPP::DAppSCAN-source/contracts/Inspex-AutoCompound/auto-compound-v2-92626a1dcfc55a28afdf4f996d600fe8bbfd6efd::Emperium,DAppSCAN-source/contracts/Inspex-AutoCompound/auto-compound-v2-92626a1dcfc55a28afdf4f996d600fe8bbfd6efd/Emperium.sol,add,DAppSCAN-source/contracts/Inspex-AutoCompound/auto-compound-v2-92626a1dcfc55a28afdf4f996d600fe8bbfd6efd/Emperium.sol#L686-L696,0.9798872694101567,0,,state_update_before_external_call|require_assert_guard_before_call|only_owner_or_access_control|contract_modifier_access_summary,,L5: isTokenInPool[token] = true;,"L2: require(!isTokenInPool[token], ""duplicated""); | function add(IERC20 token, uint64 allocPoint) external onlyOwner","1: function add(IERC20 token, uint64 allocPoint) external onlyOwner {\n2:         require(!isTokenInPool[token], ""duplicated"");\n3:         massUpdatePools();\n4: \n5:         isTokenInPool[token] = true;\n6:         totalAllocPoint += allocPoint;\n7:         poolInfo.push(\n8:             PoolInfo({token: token, allocPoint: allocPoint, lastRewardTime: uint64(block.timestamp), accKSWPerShare: 0})\n9:         );\n10:         emit AddPool(poolInfo.length - 1, token, allocPoint);\n11:     }",i:add,protected reentrancy-like pattern,external call plus guard/modifier/state-update signal,4
top50_highest_score,DAPP::DAppSCAN-source/contracts/Runtime_Vеrification-stakefish_ethereum_staking_audit_report/eth2-validation-services-contract-d91928f3a270f6115831fe3a21a69eb98bf57b26::StakefishServicesContract,DAppSCAN-source/contracts/Runtime_Vеrification-stakefish_ethereum_staking_audit_report/eth2-validation-services-contract-d91928f3a270f6115831fe3a21a69eb98bf57b26/contracts/StakefishServicesContract.sol,createValidator,DAppSCAN-source/contracts/Runtime_Vеrification-stakefish_ethereum_staking_audit_report/eth2-validation-services-contract-d91928f3a270f6115831fe3a21a69eb98bf57b26/contracts/StakefishServicesContract.sol#L106-L142,0.9734371169176306,0,,state_update_before_external_call|require_assert_guard_before_call|only_owner_or_access_control|contract_modifier_access_summary|contract_inheritance_modifier_summary,,L13: _state = State.PostDeposit;,"L12: require(_state == State.PreDeposit, ""Validator has been created""); | function createValidator(
        bytes calldata validatorPubKey, // 48 bytes
        bytes calldata depositSignature, // 96 bytes
        bytes32 depositDataRoot,
        uint64 exitDate
    )
        external
        override
        onlyOperator","1: function createValidator(\n2:         bytes calldata validatorPubKey, // 48 bytes\n3:         bytes calldata depositSignature, // 96 bytes\n4:         bytes32 depositDataRoot,\n5:         uint64 exitDate\n6:     )\n7:         external\n8:         override\n9:         onlyOperator\n10:     {\n11: \n12:         require(_state == State.PreDeposit, ""Validator has been created"");\n13:         _state = State.PostDeposit;\n14: ",i:createValidator,protected reentrancy-like pattern,external call plus guard/modifier/state-update signal,5
top50_highest_score,DAPP::DAppSCAN-source/contracts/PeckShield-Buffer/code::BufferBNBPool,DAppSCAN-source/contracts/PeckShield-Buffer/code/Buffer-Protocol-1c648bb35feca23bc801ce76aba63ca66af5917e/contracts/Pool/BufferBNBPool.sol,send,DAppSCAN-source/contracts/PeckShield-Buffer/code/Buffer-Protocol-1c648bb35feca23bc801ce76aba63ca66af5917e/contracts/Pool/BufferBNBPool.sol#L173-L196,0.9729928102876043,0,,state_update_before_external_call|require_assert_guard_before_call|only_owner_or_access_control|callee_user_controlled|contract_modifier_access_summary|contract_inheritance_modifier_summary,L19: to.transfer(transferAmount);,L10: LockedLiquidity storage ll = lockedLiquidity[msg.sender][id];,"L6: require( | function send(
        uint256 id,
        address payable to,
        uint256 amount
    ) external override","14:         ll.locked = false;\n15:         lockedPremium = lockedPremium - ll.premium;\n16:         lockedAmount = lockedAmount - ll.amount;\n17: \n18:         uint256 transferAmount = amount > ll.amount ? ll.amount : amount;\n19:         to.transfer(transferAmount);\n20: \n21:         if (transferAmount <= ll.premium)\n22:             emit Profit(id, ll.premium - transferAmount);\n23:         else emit Loss(id, transferAmount - ll.premium);\n24:     }",i:send,protected reentrancy-like pattern,external call plus guard/modifier/state-update signal,6
top50_highest_score,DAPP::DAppSCAN-source/contracts/PeckShield-StackerVC/StackerVC_VentureFund001-3cfb98b21f4731dfd62993feb7c7d1540837f59b::VCTreasuryV1,DAppSCAN-source/contracts/PeckShield-StackerVC/StackerVC_VentureFund001-3cfb98b21f4731dfd62993feb7c7d1540837f59b/contracts/Treasury/VCTreasuryV1.sol,investExecute,DAppSCAN-source/contracts/PeckShield-StackerVC/StackerVC_VentureFund001-3cfb98b21f4731dfd62993feb7c7d1540837f59b/contracts/Treasury/VCTreasuryV1.sol#L225-L249,0.9728160250018606,0,,state_update_before_external_call|require_assert_guard_before_call|nonreentrant_modifier|trusted_or_fixed_callee|safe_erc20_wrapper|contract_modifier_access_summary|contract_inheritance_modifier_summary,L24: msg.sender.transfer(_buy.ethOut); // send the ETH out,L5: BuyProposal memory _buy = currentBuyProposal;,"nonReentrant/modifier | L3: require(currentState == FundStates.active, ""TREASURYV1: !FundStates.active"");","11: \n12: 		BuyProposal memory _reset;\n13: 		currentBuyProposal = _reset; // set investment proposal to a blank proposal, re-entrancy guard\n14: \n15: 		uint256 _before = IERC20(_buy.tokenAccept).balanceOf(address(this));\n16: 		IERC20(_buy.tokenAccept).safeTransferFrom(msg.sender, address(this), _amount);\n17: 		uint256 _after = IERC20(_buy.tokenAccept).balanceOf(address(this));\n18: 		require(_after.sub(_before) >= _buy.amountInMin, ""TREASURYV1: received < amountInMin""); // check again to verify received amount was correct\n19: \n20: 		boughtTokens[_buy.tokenAccept] = true;\n21: \n22: 		InvestmentExecuted(_buy.buyId, _buy.tokenAccept, _amount, _buy.ethOut, msg.sender, block.timestamp);\n23: \n24: 		msg.sender.transfer(_buy.ethOut); // send the ETH out",i:investExecute,protected reentrancy-like pattern,external call plus guard/modifier/state-update signal,7
top50_highest_score,FORGE::vfp_00122::TroveManager,TroveManager.sol,_updateSystemSnapshots_excludeCollRemainder,TroveManager.sol#L1062-L1068,0.9723386897386972,0,,state_update_before_external_call|state_update_after_external_call|callee_user_controlled|contract_many_risky_interactions|contract_inheritance_modifier_summary,,L2: totalStakesSnapshot = totalStakes;,,"1: function _updateSystemSnapshots_excludeCollRemainder(IActivePool _activePool, uint256 _collRemainder) internal {\n2:         totalStakesSnapshot = totalStakes;\n3: \n4:         uint256 activeColl = _activePool.getCollBalance();\n5:         uint256 liquidatedColl = defaultPool.getCollBalance();\n6:         totalCollateralSnapshot = activeColl - _collRemainder + liquidatedColl;\n7:     }",i:_updateSystemSnapshots_excludeCollRemainder,protected reentrancy-like pattern,external call plus guard/modifier/state-update signal,5
top50_highest_score,DAPP::DAppSCAN-source/contracts/PeckShield-BabySwap/code::IDO,DAppSCAN-source/contracts/PeckShield-BabySwap/code/baby-swap-contract-cac289bf978d969c95721c2adb9f199cee72ffa6/contracts/ido/IDO.sol,createIDO,DAppSCAN-source/contracts/PeckShield-BabySwap/code/baby-swap-contract-cac289bf978d969c95721c2adb9f199cee72ffa6/contracts/ido/IDO.sol#L181-L226,0.9721695135807521,0,,state_update_before_external_call|require_assert_guard_before_call|only_owner_or_access_control|callee_user_controlled|safe_erc20_wrapper|contract_modifier_access_summary|contract_inheritance_modifier_summary,"L35: idoToken.safeTransferFrom(msg.sender, address(this), idoTotal);",L24: IDOIssue = IDOIssue.add(1);,"L10: require( | function createIDO(
        IBEP20 idoToken,
        IBEP20 receiveToken,
        uint256 price,
        uint256 idoTotal,
        uint256 maxLimit,
        uint256 startTime,
        uint256 duration
    ) external onlyOwner","30:         ido.maxLimit = maxLimit;\n31:         ido.idoTotal = idoTotal;\n32:         ido.startTime = startTime;\n33:         ido.duration = duration;\n34: \n35:         idoToken.safeTransferFrom(msg.sender, address(this), idoTotal);\n36:         emit IDOCreate(\n37:             IDOIssue,\n38:             address(idoToken),\n39:             address(receiveToken),\n40:             price,\n41:             maxLimit,\n42:             idoTotal,\n43:             startTime,",i:createIDO,protected reentrancy-like pattern,external call plus guard/modifier/state-update signal,7
top50_highest_score|top50_weak_or_no_safety,DAPP::DAppSCAN-source/contracts/Trail_of_Bits-88mph/88mph-contracts-76cd9d1fc45e65f5d0f686621fe6af85c40aa140::ERC1155DividendToken,DAppSCAN-source/contracts/Trail_of_Bits-88mph/88mph-contracts-76cd9d1fc45e65f5d0f686621fe6af85c40aa140/contracts/libs/ERC1155DividendToken.sol,_distributeDividends,DAppSCAN-source/contracts/Trail_of_Bits-88mph/88mph-contracts-76cd9d1fc45e65f5d0f686621fe6af85c40aa140/contracts/libs/ERC1155DividendToken.sol#L192-L220,0.9718086695576891,0,,require_assert_guard_before_call|trusted_or_fixed_callee|safe_erc20_wrapper,L22: IERC20(dividendToken).safeTransferFrom(,L6: uint256 tokenTotalSupply = totalSupply(tokenID);,L7: require(tokenTotalSupply > 0);,"17: \n18:         data.magnifiedDividendPerShare[tokenID] +=\n19:             (amount * magnitude) /\n20:             tokenTotalSupply;\n21: \n22:         IERC20(dividendToken).safeTransferFrom(\n23:             msg.sender,\n24:             address(this),\n25:             amount\n26:         );\n27: \n28:         emit DividendsDistributed(tokenID, msg.sender, dividendToken, amount);\n29:     }",i:_distributeDividends,protected reentrancy-like pattern,external call plus guard/modifier/state-update signal,3
top50_highest_score,DAPP::DAppSCAN-source/contracts/PeckShield-DSG/core-6f607f77698936e132e4e9b5cb4d75580636d919::DepositPool,DAppSCAN-source/contracts/PeckShield-DSG/core-6f607f77698936e132e4e9b5cb4d75580636d919/contracts/pools/DepositPool.sol,withdraw,DAppSCAN-source/contracts/PeckShield-DSG/core-6f607f77698936e132e4e9b5cb4d75580636d919/contracts/pools/DepositPool.sol#L242-L260,0.9705888365967381,0,,require_assert_guard_before_call|callee_user_controlled|trusted_or_fixed_callee|safe_erc20_wrapper|contract_many_risky_interactions|contract_modifier_access_summary|contract_inheritance_modifier_summary,"L15: ERC20(pool.token).safeTransfer(tx.origin, _amount);",L2: PoolInfo storage pool = poolInfo[_pid];,"L4: require(user.amount >= _amount, ""DepositPool: withdraw: not good"");","10:             pool.allocRewardAmount = pool.allocRewardAmount.sub(pendingAmount);\n11:         }\n12:         if (_amount > 0) {\n13:             user.amount = user.amount.sub(_amount);\n14:             pool.totalAmount = pool.totalAmount.sub(_amount);\n15:             ERC20(pool.token).safeTransfer(tx.origin, _amount);\n16:         }\n17:         user.rewardDebt = user.amount.mul(pool.accRewardPerShare).div(1e12);\n18:         emit Withdraw(tx.origin, _pid, _amount);\n19:     }",i:withdraw,protected reentrancy-like pattern,external call plus guard/modifier/state-update signal,7
top50_highest_score,DAPP::DAppSCAN-source/contracts/QuillAudits-BCUBE Smart Contract/b-cube-ico-13f9f8a991a65f3e0ca60a2078121fdd5a921fb0::NewSaleTreasury,DAppSCAN-source/contracts/QuillAudits-BCUBE Smart Contract/b-cube-ico-13f9f8a991a65f3e0ca60a2078121fdd5a921fb0/contracts/NewSaleTreasury.sol,shareWithdraw,DAppSCAN-source/contracts/QuillAudits-BCUBE Smart Contract/b-cube-ico-13f9f8a991a65f3e0ca60a2078121fdd5a921fb0/contracts/NewSaleTreasury.sol#L120-L146,0.9704820067673641,0,,require_assert_guard_before_call|nonreentrant_modifier|callee_user_controlled|safe_erc20_wrapper|contract_modifier_access_summary,"L25: token.safeTransfer(_msgSender(), bcubeAmount);","L11: uint256 allowance = calcAllowance(_msgSender(), now);",nonReentrant/modifier | L6: require(,"20:             finalWithdrawn <=\n21:                 bcubeAllocationRegistry[_msgSender()].currentAllowance,\n22:             ""Insufficient allowance""\n23:         );\n24:         bcubeAllocationRegistry[_msgSender()].shareWithdrawn = finalWithdrawn;\n25:         token.safeTransfer(_msgSender(), bcubeAmount);\n26:         emit LogPublicSaleShareWithdrawn(_msgSender(), bcubeAmount);\n27:     }",i:shareWithdraw,protected reentrancy-like pattern,external call plus guard/modifier/state-update signal,5
top50_highest_score,DAPP::DAppSCAN-source/contracts/Inspex-SpookySwap Integration & Fantom Expansion/bsc-alpaca-contract-4553a34a6dcfcfbf7aebc693bb5c5c6074c73129::SwapMining,DAppSCAN-source/contracts/Inspex-SpookySwap Integration & Fantom Expansion/bsc-alpaca-contract-4553a34a6dcfcfbf7aebc693bb5c5c6074c73129/contracts/6/protocol/apis/mdex/SwapMining.sol,addPair,DAppSCAN-source/contracts/Inspex-SpookySwap Integration & Fantom Expansion/bsc-alpaca-contract-4553a34a6dcfcfbf7aebc693bb5c5c6074c73129/contracts/6/protocol/apis/mdex/SwapMining.sol#L76-L98,0.9696182582280936,0,,state_update_before_external_call|require_assert_guard_before_call|only_owner_or_access_control|contract_modifier_access_summary|contract_inheritance_modifier_summary,,L10: uint256 lastRewardBlock = block.number > startBlock ? block.number : startBlock;,"L6: require(_pair != address(0), ""_pair is the zero address""); | function addPair(
    uint256 _allocPoint,
    address _pair,
    bool _withUpdate
  ) public onlyOwner","1: function addPair(\n2:     uint256 _allocPoint,\n3:     address _pair,\n4:     bool _withUpdate\n5:   ) public onlyOwner {\n6:     require(_pair != address(0), ""_pair is the zero address"");\n7:     if (_withUpdate) {\n8:       massMintPools();\n9:     }\n10:     uint256 lastRewardBlock = block.number > startBlock ? block.number : startBlock;\n11:     totalAllocPoint = totalAllocPoint.add(_allocPoint);\n12:     poolInfo.push(\n13:       PoolInfo({\n14:         pair: _pair,",i:addPair,protected reentrancy-like pattern,external call plus guard/modifier/state-update signal,5
top50_highest_score,DAPP::DAppSCAN-source/contracts/Chainsecurity-Angle Protocol  Borrowing Module/angle-borrow-0363b6a137a44e22ee06b3187ba74f7798c1af08::BaseReactor,DAppSCAN-source/contracts/Chainsecurity-Angle Protocol  Borrowing Module/angle-borrow-0363b6a137a44e22ee06b3187ba74f7798c1af08/contracts/reactor/BaseReactor.sol,recoverERC20,DAppSCAN-source/contracts/Chainsecurity-Angle Protocol  Borrowing Module/angle-borrow-0363b6a137a44e22ee06b3187ba74f7798c1af08/contracts/reactor/BaseReactor.sol#L579-L587,0.9677991085253339,0,,require_assert_guard_before_call|only_owner_or_access_control|trusted_or_fixed_callee|safe_erc20_wrapper|contract_modifier_access_summary|contract_inheritance_modifier_summary,"L7: IERC20(tokenAddress).safeTransfer(to, amountToRecover);",,"L6: if (tokenAddress == address(stablecoin)) revert InvalidToken(); | function recoverERC20(
        address tokenAddress,
        address to,
        uint256 amountToRecover
    ) external onlyGovernor","2:         address tokenAddress,\n3:         address to,\n4:         uint256 amountToRecover\n5:     ) external onlyGovernor {\n6:         if (tokenAddress == address(stablecoin)) revert InvalidToken();\n7:         IERC20(tokenAddress).safeTransfer(to, amountToRecover);\n8:         emit Recovered(tokenAddress, to, amountToRecover);\n9:     }",i:recoverERC20,protected reentrancy-like pattern,external call plus guard/modifier/state-update signal,6
top50_highest_score,DAPP::DAppSCAN-source/contracts/Chainsecurity-Angle Protocol  Borrowing Module/angle-borrow-0363b6a137a44e22ee06b3187ba74f7798c1af08::Reactor,DAppSCAN-source/contracts/Chainsecurity-Angle Protocol  Borrowing Module/angle-borrow-0363b6a137a44e22ee06b3187ba74f7798c1af08/contracts/reactor/BaseReactor.sol,recoverERC20,DAppSCAN-source/contracts/Chainsecurity-Angle Protocol  Borrowing Module/angle-borrow-0363b6a137a44e22ee06b3187ba74f7798c1af08/contracts/reactor/BaseReactor.sol#L579-L587,0.9677985512650337,0,,require_assert_guard_before_call|only_owner_or_access_control|trusted_or_fixed_callee|safe_erc20_wrapper|contract_modifier_access_summary|contract_inheritance_modifier_summary,"L7: IERC20(tokenAddress).safeTransfer(to, amountToRecover);",,"L6: if (tokenAddress == address(stablecoin)) revert InvalidToken(); | function recoverERC20(
        address tokenAddress,
        address to,
        uint256 amountToRecover
    ) external onlyGovernor","2:         address tokenAddress,\n3:         address to,\n4:         uint256 amountToRecover\n5:     ) external onlyGovernor {\n6:         if (tokenAddress == address(stablecoin)) revert InvalidToken();\n7:         IERC20(tokenAddress).safeTransfer(to, amountToRecover);\n8:         emit Recovered(tokenAddress, to, amountToRecover);\n9:     }",i:recoverERC20,protected reentrancy-like pattern,external call plus guard/modifier/state-update signal,6
top50_highest_score,DAPP::DAppSCAN-source/contracts/PeckShield-DSG/core-6f607f77698936e132e4e9b5cb4d75580636d919::LiquidityPool,DAppSCAN-source/contracts/PeckShield-DSG/core-6f607f77698936e132e4e9b5cb4d75580636d919/contracts/pools/LiquidityPoolOther.sol,additionalNft,DAppSCAN-source/contracts/PeckShield-DSG/core-6f607f77698936e132e4e9b5cb4d75580636d919/contracts/pools/LiquidityPoolOther.sol#L280-L309,0.9677361981879732,0,,require_assert_guard_before_call|callee_user_controlled|trusted_or_fixed_callee|safe_erc20_wrapper|contract_many_risky_interactions|contract_modifier_access_summary|contract_inheritance_modifier_summary,"L11: IERC20(rewardToken).safeTransferFrom(msg.sender, feeWallet, nftSlotFee);",L2: PoolInfo storage pool = poolInfo[_pid];,"L4: require(user.additionalNftId == 0, ""nft already set"");","6: \n7:         uint256 level = IDsgNft(pool.additionalNft).getLevel(nftId);\n8:         require(level > 0, ""no level"");\n9: \n10:         if(nftSlotFee > 0) {\n11:             IERC20(rewardToken).safeTransferFrom(msg.sender, feeWallet, nftSlotFee);\n12:         }\n13: \n14:         IDsgNft(pool.additionalNft).safeTransferFrom(msg.sender, address(this), nftId);\n15:         IDsgNft(pool.additionalNft).burn(nftId);\n16: \n17:         if (user.amount > 0) {\n18:             uint256 pending = user.amount.mul(pool.accRewardPerShare).div(1e12).sub(user.rewardDebt);\n19:             user.rewardPending = user.rewardPending.add(pending);",i:additionalNft,protected reentrancy-like pattern,external call plus guard/modifier/state-update signal,7
top50_highest_score,DAPP::DAppSCAN-source/contracts/Trail_of_Bits-FraxQ42021/frax-solidity-bd40775e283923aa9e32a107abd426430a99835e::LeveragePool,DAppSCAN-source/contracts/Trail_of_Bits-FraxQ42021/frax-solidity-bd40775e283923aa9e32a107abd426430a99835e/src/hardhat/contracts/LeveragePool/LeveragePool.sol,withdrawAdminFees,DAppSCAN-source/contracts/Trail_of_Bits-FraxQ42021/frax-solidity-bd40775e283923aa9e32a107abd426430a99835e/src/hardhat/contracts/LeveragePool/LeveragePool.sol#L178-L183,0.9671897545726628,0,,state_update_before_external_call|require_assert_guard_before_call|only_owner_or_access_control|callee_user_controlled|contract_modifier_access_summary,"L5: if (address(collateralToken)!=address(0x0)) require(collateralToken.transfer(msg.sender,uint256(amount)),""Transfer failed"");",L4: adminFees-=amount;,"L2: require (msg.sender==admin,""Only admin""); | function withdrawAdminFees(int256 amount) external","1: function withdrawAdminFees(int256 amount) external {\n2:         require (msg.sender==admin,""Only admin"");\n3:         require (amount<=adminFees,""Not enough funds"");\n4:         adminFees-=amount;\n5:         if (address(collateralToken)!=address(0x0)) require(collateralToken.transfer(msg.sender,uint256(amount)),""Transfer failed"");\n6:     }",i:withdrawAdminFees,protected reentrancy-like pattern,external call plus guard/modifier/state-update signal,5
top50_highest_score,DAPP::DAppSCAN-source/contracts/PeckShield-BabySwap/code::SwapMining,DAppSCAN-source/contracts/PeckShield-BabySwap/code/baby-swap-contract-cac289bf978d969c95721c2adb9f199cee72ffa6/contracts/farm/SwapMining.sol,addPair,DAppSCAN-source/contracts/PeckShield-BabySwap/code/baby-swap-contract-cac289bf978d969c95721c2adb9f199cee72ffa6/contracts/farm/SwapMining.sol#L91-L107,0.9671502375425632,0,,state_update_before_external_call|require_assert_guard_before_call|only_owner_or_access_control|contract_modifier_access_summary|contract_inheritance_modifier_summary,,L6: uint256 lastRewardBlock = block.number > startBlock ? block.number : startBlock;,"L2: require(_pair != address(0), ""_pair is the zero address""); | function addPair(uint256 _allocPoint, address _pair, bool _withUpdate) public onlyOwner","1: function addPair(uint256 _allocPoint, address _pair, bool _withUpdate) public onlyOwner {\n2:         require(_pair != address(0), ""_pair is the zero address"");\n3:         if (_withUpdate) {\n4:             massMintPools();\n5:         }\n6:         uint256 lastRewardBlock = block.number > startBlock ? block.number : startBlock;\n7:         totalAllocPoint = totalAllocPoint.add(_allocPoint);\n8:         poolInfo.push(PoolInfo({\n9:         pair : _pair,\n10:         quantity : 0,\n11:         totalQuantity : 0,\n12:         allocPoint : _allocPoint,\n13:         allocMdxAmount : 0,\n14:         lastRewardBlock : lastRewardBlock",i:addPair,protected reentrancy-like pattern,external call plus guard/modifier/state-update signal,5
top50_highest_score,DAPP::DAppSCAN-source/contracts/PeckShield-BabySwap/code::ILO,DAppSCAN-source/contracts/PeckShield-BabySwap/code/baby-swap-contract-cac289bf978d969c95721c2adb9f199cee72ffa6/contracts/farm/ILO.sol,deposit,DAppSCAN-source/contracts/PeckShield-BabySwap/code/baby-swap-contract-cac289bf978d969c95721c2adb9f199cee72ffa6/contracts/farm/ILO.sol#L90-L106,0.9650959340812876,0,,require_assert_guard_before_call|callee_user_controlled|safe_erc20_wrapper|contract_modifier_access_summary,"L13: pool.lpToken.safeTransferFrom(address(msg.sender), address(this), _amount);",L3: PoolInfo storage pool = poolInfo[_pid];,"L5: require(block.number >= startBlock, ""ILO not begin"");","8: \n9:         //if (_amount > 0) {\n10:             user.amount = user.amount.add(_amount);\n11:             user.lastTime = block.timestamp;\n12:             pool.totalAmount = pool.totalAmount.add(_amount);\n13:             pool.lpToken.safeTransferFrom(address(msg.sender), address(this), _amount);\n14:         //}\n15: \n16:         emit Deposit(msg.sender, _pid, _amount);\n17:     }",i:deposit,protected reentrancy-like pattern,external call plus guard/modifier/state-update signal,4
top50_highest_score|top50_weak_or_no_safety,DAPP::DAppSCAN-source/contracts/PeckShield-BNPL/BNPL-0ee587a081668dcab166a3a275b8a6c4794ead4d::BNPLRewardsController,DAppSCAN-source/contracts/PeckShield-BNPL/BNPL-0ee587a081668dcab166a3a275b8a6c4794ead4d/contracts/BNPLRewardsController.sol,withdraw,DAppSCAN-source/contracts/PeckShield-BNPL/BNPL-0ee587a081668dcab166a3a275b8a6c4794ead4d/contracts/BNPLRewardsController.sol#L191-L213,0.9641992293720776,0,,require_assert_guard_before_call|safe_erc20_wrapper,"L20: TransferHelper.safeTransfer(address(pool.lpToken), msg.sender, _amount);",L2: PoolInfo storage pool = poolInfo[_pid];,L6: revert InsufficientUserBalance(user.amount);,"15:         user.rewardDebt = (user.amount * pool.accBnplPerShare) / 1e12;\n16: \n17:         if (pending > 0) {\n18:             safeBnplTransfer(msg.sender, pending);\n19:         }\n20:         TransferHelper.safeTransfer(address(pool.lpToken), msg.sender, _amount);\n21: \n22:         emit Withdraw(msg.sender, _pid, _amount);\n23:     }",i:withdraw,protected reentrancy-like pattern,external call plus guard/modifier/state-update signal,2
top50_highest_score,DAPP::DAppSCAN-source/contracts/Chainsecurity-Angle Protocol/angle-core-46e6d32837cbe97a4af0adb693e63afa0d01fc3e::StableMasterFront,DAppSCAN-source/contracts/Chainsecurity-Angle Protocol/angle-core-46e6d32837cbe97a4af0adb693e63afa0d01fc3e/contracts/stableMaster/StableMasterFront.sol,revokeCollateral,DAppSCAN-source/contracts/Chainsecurity-Angle Protocol/angle-core-46e6d32837cbe97a4af0adb693e63afa0d01fc3e/contracts/stableMaster/StableMasterFront.sol#L353-L395,0.9622940683625312,0,,require_assert_guard_before_call|only_owner_or_access_control|callee_user_controlled|safe_erc20_wrapper|contract_many_risky_interactions|contract_modifier_access_summary|contract_inheritance_modifier_summary,"L35: col.token.safeTransferFrom(address(poolManager), address(settlementContract), balance);",L8: uint256 managerListLength = _managerList.length;,"L9: require(managerListLength >= 1, ""10""); | function revokeCollateral(IPoolManager poolManager, ICollateralSettler settlementContract)
        external
        onlyRole(GOVERNOR_ROLE)","30:         // No need to pause `SLP` and `STABLE_HOLDERS` as deleting the entry associated to the `poolManager`\n31:         // in the `collateralMap` will make everything revert\n32: \n33:         // Transferring the whole balance to global settlement\n34:         uint256 balance = col.token.balanceOf(address(poolManager));\n35:         col.token.safeTransferFrom(address(poolManager), address(settlementContract), balance);\n36: \n37:         // Settlement works with a fixed oracle value for HAs, it needs to be computed here\n38:         uint256 oracleValue = col.oracle.readLower();\n39:         // Notifying the global settlement contract with the properties of the contract to settle\n40:         // In case of global shutdown, there would be one settlement contract per collateral type\n41:         // Not using the `lockedInterests` to update the value of the sanRate\n42:         settlementContract.triggerSettlement(oracleValue, col.sanRate, col.stocksUsers);\n43:     }",i:revokeCollateral,protected reentrancy-like pattern,external call plus guard/modifier/state-update signal,7
top50_highest_score,DAPP::DAppSCAN-source/contracts/Inspex-Optimized Worker/bsc-alpaca-contract-1aee2ceec77e3fd3162b74858c846cdc5692928d::WexMaster,DAppSCAN-source/contracts/Inspex-Optimized Worker/bsc-alpaca-contract-1aee2ceec77e3fd3162b74858c846cdc5692928d/contracts/6.12/protocol/apis/wault/WexMaster.sol,withdraw,DAppSCAN-source/contracts/Inspex-Optimized Worker/bsc-alpaca-contract-1aee2ceec77e3fd3162b74858c846cdc5692928d/contracts/6.12/protocol/apis/wault/WexMaster.sol#L150-L175,0.9599553634838434,0,,require_assert_guard_before_call|callee_user_controlled|safe_erc20_wrapper|contract_modifier_access_summary,"L22: pool.lpToken.safeTransfer(address(msg.sender), _amount);",L6: PoolInfo storage pool = poolInfo[_pid];,"L8: require(user.amount >= _amount, ""withdraw: not good"");","17:         user.pendingRewards = 0;\n18:       }\n19:     }\n20:     if (_amount > 0) {\n21:       user.amount = user.amount.sub(_amount);\n22:       pool.lpToken.safeTransfer(address(msg.sender), _amount);\n23:     }\n24:     user.rewardDebt = user.amount.mul(pool.accWexPerShare).div(1e12);\n25:     emit Withdraw(msg.sender, _pid, _amount);\n26:   }",i:withdraw,protected reentrancy-like pattern,external call plus guard/modifier/state-update signal,4
top50_highest_score,DAPP::DAppSCAN-source/contracts/Inspex-SpookySwap Integration & Fantom Expansion/bsc-alpaca-contract-4553a34a6dcfcfbf7aebc693bb5c5c6074c73129::WexMaster,DAppSCAN-source/contracts/Inspex-SpookySwap Integration & Fantom Expansion/bsc-alpaca-contract-4553a34a6dcfcfbf7aebc693bb5c5c6074c73129/contracts/6.12/protocol/apis/wault/WexMaster.sol,withdraw,DAppSCAN-source/contracts/Inspex-SpookySwap Integration & Fantom Expansion/bsc-alpaca-contract-4553a34a6dcfcfbf7aebc693bb5c5c6074c73129/contracts/6.12/protocol/apis/wault/WexMaster.sol#L150-L175,0.9599535670927349,0,,require_assert_guard_before_call|callee_user_controlled|safe_erc20_wrapper|contract_modifier_access_summary,"L22: pool.lpToken.safeTransfer(address(msg.sender), _amount);",L6: PoolInfo storage pool = poolInfo[_pid];,"L8: require(user.amount >= _amount, ""withdraw: not good"");","17:         user.pendingRewards = 0;\n18:       }\n19:     }\n20:     if (_amount > 0) {\n21:       user.amount = user.amount.sub(_amount);\n22:       pool.lpToken.safeTransfer(address(msg.sender), _amount);\n23:     }\n24:     user.rewardDebt = user.amount.mul(pool.accWexPerShare).div(1e12);\n25:     emit Withdraw(msg.sender, _pid, _amount);\n26:   }",i:withdraw,protected reentrancy-like pattern,external call plus guard/modifier/state-update signal,4
top50_highest_score,DAPP::DAppSCAN-source/contracts/QuillAudits-BCUBE Smart Contract/b-cube-ico-13f9f8a991a65f3e0ca60a2078121fdd5a921fb0::PublicSaleTreasury,DAppSCAN-source/contracts/QuillAudits-BCUBE Smart Contract/b-cube-ico-13f9f8a991a65f3e0ca60a2078121fdd5a921fb0/contracts/PublicSaleTreasury.sol,shareWithdraw,DAppSCAN-source/contracts/QuillAudits-BCUBE Smart Contract/b-cube-ico-13f9f8a991a65f3e0ca60a2078121fdd5a921fb0/contracts/PublicSaleTreasury.sol#L136-L163,0.9595132099874032,0,,require_assert_guard_before_call|nonreentrant_modifier|callee_user_controlled|safe_erc20_wrapper|contract_modifier_access_summary,"L26: token.safeTransfer(_msgSender(), bcubeAmount);","L13: uint256 allowance = calcAllowance(_msgSender(), now);",nonReentrant/modifier | L6: require(,"21:             finalWithdrawn <=\n22:                 bcubeAllocationRegistry[_msgSender()].currentAllowance,\n23:             ""Insufficient allowance""\n24:         );\n25:         bcubeAllocationRegistry[_msgSender()].shareWithdrawn = finalWithdrawn;\n26:         token.safeTransfer(_msgSender(), bcubeAmount);\n27:         emit LogPublicSaleShareWithdrawn(_msgSender(), bcubeAmount);\n28:     }",i:shareWithdraw,protected reentrancy-like pattern,external call plus guard/modifier/state-update signal,5
top50_highest_score,DAPP::DAppSCAN-source/contracts/Inspex-Optimized Worker/bsc-alpaca-contract-1aee2ceec77e3fd3162b74858c846cdc5692928d::FairLaunch,DAppSCAN-source/contracts/Inspex-Optimized Worker/bsc-alpaca-contract-1aee2ceec77e3fd3162b74858c846cdc5692928d/contracts/6/token/FairLaunch.sol,deposit,DAppSCAN-source/contracts/Inspex-Optimized Worker/bsc-alpaca-contract-1aee2ceec77e3fd3162b74858c846cdc5692928d/contracts/6/token/FairLaunch.sol#L256-L269,0.9581983193610619,0,,require_assert_guard_before_call|nonreentrant_modifier|callee_user_controlled|trusted_or_fixed_callee|safe_erc20_wrapper|contract_many_risky_interactions|contract_modifier_access_summary|contract_inheritance_modifier_summary,"L9: IERC20(pool.stakeToken).safeTransferFrom(address(msg.sender), address(this), _amount);",L2: PoolInfo storage pool = poolInfo[_pid];,"nonReentrant/modifier | L4: if (user.fundedBy != address(0)) require(user.fundedBy == msg.sender, ""bad sof"");","4:     if (user.fundedBy != address(0)) require(user.fundedBy == msg.sender, ""bad sof"");\n5:     require(pool.stakeToken != address(0), ""deposit: not accept deposit"");\n6:     updatePool(_pid);\n7:     if (user.amount > 0) _harvest(_for, _pid);\n8:     if (user.fundedBy == address(0)) user.fundedBy = msg.sender;\n9:     IERC20(pool.stakeToken).safeTransferFrom(address(msg.sender), address(this), _amount);\n10:     user.amount = user.amount.add(_amount);\n11:     user.rewardDebt = user.amount.mul(pool.accAlpacaPerShare).div(1e12);\n12:     user.bonusDebt = user.amount.mul(pool.accAlpacaPerShareTilBonusEnd).div(1e12);\n13:     emit Deposit(msg.sender, _pid, _amount);\n14:   }",i:deposit,protected reentrancy-like pattern,external call plus guard/modifier/state-update signal,8
top50_highest_score,DAPP::DAppSCAN-source/contracts/Inspex-SpookySwap Integration & Fantom Expansion/bsc-alpaca-contract-4553a34a6dcfcfbf7aebc693bb5c5c6074c73129::FairLaunch,DAppSCAN-source/contracts/Inspex-SpookySwap Integration & Fantom Expansion/bsc-alpaca-contract-4553a34a6dcfcfbf7aebc693bb5c5c6074c73129/contracts/6/token/FairLaunch.sol,deposit,DAppSCAN-source/contracts/Inspex-SpookySwap Integration & Fantom Expansion/bsc-alpaca-contract-4553a34a6dcfcfbf7aebc693bb5c5c6074c73129/contracts/6/token/FairLaunch.sol#L256-L269,0.9581970969837358,0,,require_assert_guard_before_call|nonreentrant_modifier|callee_user_controlled|trusted_or_fixed_callee|safe_erc20_wrapper|contract_many_risky_interactions|contract_modifier_access_summary|contract_inheritance_modifier_summary,"L9: IERC20(pool.stakeToken).safeTransferFrom(address(msg.sender), address(this), _amount);",L2: PoolInfo storage pool = poolInfo[_pid];,"nonReentrant/modifier | L4: if (user.fundedBy != address(0)) require(user.fundedBy == msg.sender, ""bad sof"");","4:     if (user.fundedBy != address(0)) require(user.fundedBy == msg.sender, ""bad sof"");\n5:     require(pool.stakeToken != address(0), ""deposit: not accept deposit"");\n6:     updatePool(_pid);\n7:     if (user.amount > 0) _harvest(_for, _pid);\n8:     if (user.fundedBy == address(0)) user.fundedBy = msg.sender;\n9:     IERC20(pool.stakeToken).safeTransferFrom(address(msg.sender), address(this), _amount);\n10:     user.amount = user.amount.add(_amount);\n11:     user.rewardDebt = user.amount.mul(pool.accAlpacaPerShare).div(1e12);\n12:     user.bonusDebt = user.amount.mul(pool.accAlpacaPerShareTilBonusEnd).div(1e12);\n13:     emit Deposit(msg.sender, _pid, _amount);\n14:   }",i:deposit,protected reentrancy-like pattern,external call plus guard/modifier/state-update signal,8
top50_highest_score,"DAPP::DAppSCAN-source/contracts/Inspex-FairLaunch, Token, Vault & Workers/Meow-Finance-4a4f13efaf5e5fbed74c0ed23b665751e655d715::FeeDistribute","DAppSCAN-source/contracts/Inspex-FairLaunch, Token, Vault & Workers/Meow-Finance-4a4f13efaf5e5fbed74c0ed23b665751e655d715/contracts/token/FeeDistribute.sol",deposit,"DAppSCAN-source/contracts/Inspex-FairLaunch, Token, Vault & Workers/Meow-Finance-4a4f13efaf5e5fbed74c0ed23b665751e655d715/contracts/token/FeeDistribute.sol#L130-L143",0.9571723424919258,0,,require_assert_guard_before_call|nonreentrant_modifier|callee_user_controlled|trusted_or_fixed_callee|safe_erc20_wrapper|contract_many_risky_interactions|contract_modifier_access_summary,"L8: IERC20(pool.stakeToken).safeTransferFrom(address(msg.sender), address(this), _amount);",L2: PoolInfo storage pool = poolInfo[_pid];,"nonReentrant/modifier | L4: require(pool.stakeToken != address(0), ""FeeDistribute::deposit:: not accept deposit."");","3:     UserInfo storage user = userInfo[_pid][msg.sender];\n4:     require(pool.stakeToken != address(0), ""FeeDistribute::deposit:: not accept deposit."");\n5:     updatePool(_pid);\n6:     if (user.amount > 0) _harvest(_pid);\n7:     if (_amount > 0) {\n8:       IERC20(pool.stakeToken).safeTransferFrom(address(msg.sender), address(this), _amount);\n9:       user.amount = user.amount.add(_amount);\n10:       pool.depositedAmount = pool.depositedAmount.add(_amount);\n11:     }\n12:     user.rewardDebt = user.amount.mul(pool.rewardPerShare).div(PRECISION);\n13:     emit Deposit(msg.sender, _pid, _amount);\n14:   }",i:deposit,protected reentrancy-like pattern,external call plus guard/modifier/state-update signal,7
top50_highest_score,DAPP::DAppSCAN-source/contracts/PeckShield-KaoyaSwap/contracts-8273073f1d6914f372790399378f177573c52e37::Staking,DAppSCAN-source/contracts/PeckShield-KaoyaSwap/contracts-8273073f1d6914f372790399378f177573c52e37/staking.sol,rewardWithdraw,DAppSCAN-source/contracts/PeckShield-KaoyaSwap/contracts-8273073f1d6914f372790399378f177573c52e37/staking.sol#L394-L399,0.9565679238433863,0,,require_assert_guard_before_call|only_owner_or_access_control|callee_user_controlled|safe_erc20_wrapper|contract_many_risky_interactions|contract_modifier_access_summary,"L4: rewardToken.safeTransfer(divPoolAddress, balance);",L3: uint256 balance = rewardToken.balanceOf(address(this));,"L2: require(endBlock <= block.number + 288000, ""It too early to withdraw reward tokens""); //10 days | function rewardWithdraw() public onlyOwner","1: function rewardWithdraw() public onlyOwner {\n2:         require(endBlock <= block.number + 288000, ""It too early to withdraw reward tokens""); //10 days\n3:         uint256 balance = rewardToken.balanceOf(address(this));\n4:         rewardToken.safeTransfer(divPoolAddress, balance);\n5:         emit RewardWithdraw(msg.sender, balance);\n6:     }",i:rewardWithdraw,protected reentrancy-like pattern,external call plus guard/modifier/state-update signal,6
top50_highest_score,DAPP::DAppSCAN-source/contracts/Chainsecurity-Angle Protocol  Borrowing Module/angle-borrow-0363b6a137a44e22ee06b3187ba74f7798c1af08::EulerReactor,DAppSCAN-source/contracts/Chainsecurity-Angle Protocol  Borrowing Module/angle-borrow-0363b6a137a44e22ee06b3187ba74f7798c1af08/contracts/reactor/EulerReactor.sol,recoverERC20,DAppSCAN-source/contracts/Chainsecurity-Angle Protocol  Borrowing Module/angle-borrow-0363b6a137a44e22ee06b3187ba74f7798c1af08/contracts/reactor/EulerReactor.sol#L579-L587,0.9561258878973242,0,,require_assert_guard_before_call|only_owner_or_access_control|trusted_or_fixed_callee|safe_erc20_wrapper|contract_many_risky_interactions|contract_modifier_access_summary|contract_inheritance_modifier_summary,"L7: IERC20(tokenAddress).safeTransfer(to, amountToRecover);",,"L6: if (tokenAddress == address(stablecoin)) revert InvalidToken(); | function recoverERC20(
        address tokenAddress,
        address to,
        uint256 amountToRecover
    ) external onlyGovernor","2:         address tokenAddress,\n3:         address to,\n4:         uint256 amountToRecover\n5:     ) external onlyGovernor {\n6:         if (tokenAddress == address(stablecoin)) revert InvalidToken();\n7:         IERC20(tokenAddress).safeTransfer(to, amountToRecover);\n8:         emit Recovered(tokenAddress, to, amountToRecover);\n9:     }",i:recoverERC20,protected reentrancy-like pattern,external call plus guard/modifier/state-update signal,7
top50_highest_score,DAPP::DAppSCAN-source/contracts/PeckShield-DSG/core-6f607f77698936e132e4e9b5cb4d75580636d919::NFTMarket,DAppSCAN-source/contracts/PeckShield-DSG/core-6f607f77698936e132e4e9b5cb4d75580636d919/contracts/nft/NftMarket.sol,startSales,DAppSCAN-source/contracts/PeckShield-DSG/core-6f607f77698936e132e4e9b5cb4d75580636d919/contracts/nft/NftMarket.sol#L272-L319,0.9543605740560404,0,,require_assert_guard_before_call|nonreentrant_modifier|trusted_or_fixed_callee|safe_erc20_wrapper|contract_modifier_access_summary|contract_inheritance_modifier_summary,"L20: IERC721(nft).safeTransferFrom(msg.sender, address(this), tokenId);",L22: _salesAmount++;,"nonReentrant/modifier | L13: require(tokenId != 0, ""invalid token"");","15:         require(durationTime >= _minDurationTime, ""invalid duration"");\n16:         require(maxPrice >= minPrice, ""invalid price"");\n17:         require(_isStartUserSales || _seller[msg.sender] == true || _supportNft[nft] == true, ""cannot sales"");\n18:         require(_supportCurrency[currency] == true, ""not support currency"");\n19: \n20:         IERC721(nft).safeTransferFrom(msg.sender, address(this), tokenId);\n21: \n22:         _salesAmount++;\n23:         SalesObject memory obj;\n24: \n25:         obj.id = _salesAmount;\n26:         obj.tokenId = tokenId;\n27:         obj.seller = payable(msg.sender);\n28:         obj.nft = IERC721(nft);",i:startSales,protected reentrancy-like pattern,external call plus guard/modifier/state-update signal,6
top50_highest_score,DAPP::DAppSCAN-source/contracts/PeckShield-DSG/core-6f607f77698936e132e4e9b5cb4d75580636d919::TradingPool,DAppSCAN-source/contracts/PeckShield-DSG/core-6f607f77698936e132e4e9b5cb4d75580636d919/contracts/pools/TradingPool.sol,add,DAppSCAN-source/contracts/PeckShield-DSG/core-6f607f77698936e132e4e9b5cb4d75580636d919/contracts/pools/TradingPool.sol#L152-L181,0.9534170001639816,0,,state_update_before_external_call|require_assert_guard_before_call|only_owner_or_access_control|contract_many_risky_interactions|contract_modifier_access_summary|contract_inheritance_modifier_summary,,L15: uint256 lastRewardBlock = block.number > startBlock ? block.number : startBlock;,"L6: require(_pair != address(0), ""TradingPool: _pair is the zero address""); | function add(
        uint256 _allocPoint,
        address _pair,
        bool _withUpdate
    ) public onlyOwner","1: function add(\n2:         uint256 _allocPoint,\n3:         address _pair,\n4:         bool _withUpdate\n5:     ) public onlyOwner {\n6:         require(_pair != address(0), ""TradingPool: _pair is the zero address"");\n7: \n8:         require(!EnumerableSet.contains(_pairs, _pair), ""TradingPool: _pair is already added to the pool"");\n9:         // return EnumerableSet.add(_pairs, _pair);\n10:         EnumerableSet.add(_pairs, _pair);\n11: \n12:         if (_withUpdate) {\n13:             massUpdatePools();\n14:         }",i:add,protected reentrancy-like pattern,external call plus guard/modifier/state-update signal,6
top50_weak_or_no_safety,DAPP::DAppSCAN-source/contracts/openzeppelin-Endaoment/endaoment-contracts-f60aa253d3d869ad6460877f23e6092acb313add::Org,DAppSCAN-source/contracts/openzeppelin-Endaoment/endaoment-contracts-f60aa253d3d869ad6460877f23e6092acb313add/Org.sol,claimRequest,DAppSCAN-source/contracts/openzeppelin-Endaoment/endaoment-contracts-f60aa253d3d869ad6460877f23e6092acb313add/Org.sol#L58-L71,0.9530477148687192,0,,require_assert_guard_before_call|only_owner_or_access_control|contract_modifier_access_summary,,L5: Claim memory newClaim = Claim({,"L2: require (fSub == true); | function claimRequest(string memory fName, string memory lName, bool fSub, string memory eMail, address orgAdminAddress) public","1: function claimRequest(string memory fName, string memory lName, bool fSub, string memory eMail, address orgAdminAddress) public {\n2:         require (fSub == true);\n3:         require (msg.sender == orgAdminAddress);\n4: \n5:         Claim memory newClaim = Claim({\n6:             firstName: fName,\n7:             lastName: lName,\n8:             eMail: eMail,\n9:             desiredWallet: msg.sender,\n10:             filesSubmitted: true\n11:         });\n12: \n13:         claims.push(newClaim);\n14:     }",i:claimRequest,protected reentrancy-like pattern,external call plus guard/modifier/state-update signal,3
top50_weak_or_no_safety,DAPP::DAppSCAN-source/contracts/PeckShield-AirSwap/airswap-protocols-b87d292aaf6e28ede564b7ea28ece39219994607::Indexer,DAppSCAN-source/contracts/PeckShield-AirSwap/airswap-protocols-b87d292aaf6e28ede564b7ea28ece39219994607/source/indexer/contracts/Indexer.sol,setIntent,DAppSCAN-source/contracts/PeckShield-AirSwap/airswap-protocols-b87d292aaf6e28ede564b7ea28ece39219994607/source/indexer/contracts/Indexer.sol#L151-L189,0.9422066723979963,0,,require_assert_guard_before_call|callee_user_controlled|contract_inheritance_modifier_summary,,L35: uint256 oldStake = indexes[signerToken][senderToken].getScore(msg.sender);,"L10: require(ILocatorWhitelist(locatorWhitelist).has(locator),","1: function setIntent(\n2:     address signerToken,\n3:     address senderToken,\n4:     uint256 stakingAmount,\n5:     bytes32 locator\n6:   ) external notPaused indexExists(signerToken, senderToken) {\n7: \n8:     // If whitelist set, ensure the locator is valid.\n9:     if (locatorWhitelist != address(0)) {\n10:       require(ILocatorWhitelist(locatorWhitelist).has(locator),\n11:       ""LOCATOR_NOT_WHITELISTED"");\n12:     }\n13: \n14:     // Ensure neither of the tokens are blacklisted.",i:setIntent,protected reentrancy-like pattern,external call plus guard/modifier/state-update signal,3
top50_weak_or_no_safety,DAPP::DAppSCAN-source/contracts/Iosiro-Synthetix Phase 2 Smart Contract Audit/synthetix-fdd4782ebebd7b4892c8a68000f76708d5d1aa7b::FeePool,DAppSCAN-source/contracts/Iosiro-Synthetix Phase 2 Smart Contract Audit/synthetix-fdd4782ebebd7b4892c8a68000f76708d5d1aa7b/FeePool.sol,closeCurrentFeePeriod,DAppSCAN-source/contracts/Iosiro-Synthetix Phase 2 Smart Contract Audit/synthetix-fdd4782ebebd7b4892c8a68000f76708d5d1aa7b/FeePool.sol#L294-L341,0.9250064417274092,0,,require_assert_guard_before_call|contract_inheritance_modifier_summary,,L7: FeePeriod memory secondLastFeePeriod = recentFeePeriods[FEE_PERIOD_LENGTH - 2];,"L5: require(recentFeePeriods[0].startTime <= (now - feePeriodDuration), ""It is too early to close the current fee period"");","1: function closeCurrentFeePeriod()\n2:         external\n3:         optionalProxy_onlyFeeAuthority\n4:     {\n5:         require(recentFeePeriods[0].startTime <= (now - feePeriodDuration), ""It is too early to close the current fee period"");\n6: \n7:         FeePeriod memory secondLastFeePeriod = recentFeePeriods[FEE_PERIOD_LENGTH - 2];\n8:         FeePeriod memory lastFeePeriod = recentFeePeriods[FEE_PERIOD_LENGTH - 1];\n9: \n10:         // Any unclaimed fees from the last period in the array roll back one period.\n11:         // Because of the subtraction here, they're effectively proportionally redistributed to those who\n12:         // have already claimed from the old period, available in the new period.\n13:         // The subtraction is important so we don't create a ticking time bomb of an ever growing\n14:         // number of fees that can never decrease and will eventually overflow at the end of the fee pool.",i:closeCurrentFeePeriod,protected reentrancy-like pattern,external call plus guard/modifier/state-update signal,2
top50_weak_or_no_safety,DAPP::DAppSCAN-source/contracts/Runtime_Vеrification-stakefish_ethereum_staking_audit_report/eth2-validation-services-contract-d91928f3a270f6115831fe3a21a69eb98bf57b26::StakefishServicesContractFactory,DAppSCAN-source/contracts/Runtime_Vеrification-stakefish_ethereum_staking_audit_report/eth2-validation-services-contract-d91928f3a270f6115831fe3a21a69eb98bf57b26/contracts/StakefishServicesContractFactory.sol,createContract,DAppSCAN-source/contracts/Runtime_Vеrification-stakefish_ethereum_staking_audit_report/eth2-validation-services-contract-d91928f3a270f6115831fe3a21a69eb98bf57b26/contracts/StakefishServicesContractFactory.sol#L87-L114,0.9240460600184269,0,,require_assert_guard_before_call|contract_inheritance_modifier_summary,,L12: bytes memory initData =,L10: require (msg.value <= 32 ether);,"1: function createContract(\n2:         bytes32 saltValue,\n3:         bytes32 operatorDataCommitment\n4:     )\n5:         external\n6:         payable\n7:         override\n8:         returns (address)\n9:     {\n10:         require (msg.value <= 32 ether);\n11: \n12:         bytes memory initData =\n13:             abi.encodeWithSignature(\n14:                 ""initialize(uint24,address,bytes32)"",",i:createContract,protected reentrancy-like pattern,external call plus guard/modifier/state-update signal,2
top50_weak_or_no_safety,DAPP::DAppSCAN-source/contracts/QuillAudits-BCUBE Smart Contract/b-cube-ico-13f9f8a991a65f3e0ca60a2078121fdd5a921fb0::B3NewSale,DAppSCAN-source/contracts/QuillAudits-BCUBE Smart Contract/b-cube-ico-13f9f8a991a65f3e0ca60a2078121fdd5a921fb0/contracts/B3NewSale.sol,buyBcubeUsingETH,DAppSCAN-source/contracts/QuillAudits-BCUBE Smart Contract/b-cube-ico-13f9f8a991a65f3e0ca60a2078121fdd5a921fb0/contracts/B3NewSale.sol#L222-L236,0.9006188501812321,0,,nonreentrant_modifier|contract_modifier_access_summary,L13: wallet.transfer(msg.value);,L10: uint256 ethPrice = uint256(fetchETHPrice());,nonReentrant/modifier,"8:     {\n9:         uint256 allocation;\n10:         uint256 ethPrice = uint256(fetchETHPrice());\n11:         uint256 dollarUnits = ethPrice.mul(msg.value).div(1e18);\n12:         allocation = executeAllocation(dollarUnits);\n13:         wallet.transfer(msg.value);\n14:         emit LogBcubeBuyUsingEth(_msgSender(), msg.value, allocation);\n15:     }",i:buyBcubeUsingETH,protected reentrancy-like pattern,external call plus guard/modifier/state-update signal,2
top50_weak_or_no_safety,DAPP::DAppSCAN-source/contracts/PeckShield-AirSwap/airswap-protocols-b87d292aaf6e28ede564b7ea28ece39219994607::KittyOwnership,DAppSCAN-source/contracts/PeckShield-AirSwap/airswap-protocols-b87d292aaf6e28ede564b7ea28ece39219994607/source/tokens/contracts/KittyCore.sol,_createKitty,DAppSCAN-source/contracts/PeckShield-AirSwap/airswap-protocols-b87d292aaf6e28ede564b7ea28ece39219994607/source/tokens/contracts/KittyCore.sol#L380-L434,0.8386939548611827,0,,require_assert_guard_before_call|contract_inheritance_modifier_summary,,L20: uint16 cooldownIndex = uint16(_generation / 2);,"L11: // These requires are not strictly necessary, our calling code should make","1: function _createKitty(\n2:         uint256 _matronId,\n3:         uint256 _sireId,\n4:         uint256 _generation,\n5:         uint256 _genes,\n6:         address _owner\n7:     )\n8:         internal\n9:         returns (uint)\n10:     {\n11:         // These requires are not strictly necessary, our calling code should make\n12:         // sure that these conditions are never broken. However! _createKitty() is already\n13:         // an expensive call (for storage), and it doesn't hurt to be especially careful\n14:         // to ensure our data structures are always valid.",i:_createKitty,protected reentrancy-like pattern,external call plus guard/modifier/state-update signal,2
top50_weak_or_no_safety,DAPP::DAppSCAN-source/contracts/PeckShield-AirSwap/airswap-protocols-b87d292aaf6e28ede564b7ea28ece39219994607::KittyBase,DAppSCAN-source/contracts/PeckShield-AirSwap/airswap-protocols-b87d292aaf6e28ede564b7ea28ece39219994607/source/tokens/contracts/KittyCore.sol,_createKitty,DAppSCAN-source/contracts/PeckShield-AirSwap/airswap-protocols-b87d292aaf6e28ede564b7ea28ece39219994607/source/tokens/contracts/KittyCore.sol#L380-L434,0.8386937774597454,0,,require_assert_guard_before_call|contract_inheritance_modifier_summary,,L20: uint16 cooldownIndex = uint16(_generation / 2);,"L11: // These requires are not strictly necessary, our calling code should make","1: function _createKitty(\n2:         uint256 _matronId,\n3:         uint256 _sireId,\n4:         uint256 _generation,\n5:         uint256 _genes,\n6:         address _owner\n7:     )\n8:         internal\n9:         returns (uint)\n10:     {\n11:         // These requires are not strictly necessary, our calling code should make\n12:         // sure that these conditions are never broken. However! _createKitty() is already\n13:         // an expensive call (for storage), and it doesn't hurt to be especially careful\n14:         // to ensure our data structures are always valid.",i:_createKitty,protected reentrancy-like pattern,external call plus guard/modifier/state-update signal,2
top50_weak_or_no_safety,DAPP::DAppSCAN-source/contracts/Runtime_Vеrification-Element_Finance_Governance_Security_Audit_Report/council-3d751c959b42573c78ccd0bccbc80424bf6d9a90::TestCoreVoting,DAppSCAN-source/contracts/Runtime_Vеrification-Element_Finance_Governance_Security_Audit_Report/council-3d751c959b42573c78ccd0bccbc80424bf6d9a90/contracts/mocks/TestCoreVoting.sol,vote,DAppSCAN-source/contracts/Runtime_Vеrification-Element_Finance_Governance_Security_Audit_Report/council-3d751c959b42573c78ccd0bccbc80424bf6d9a90/contracts/mocks/TestCoreVoting.sol#L193-L230,0.8289883476330776,0,,require_assert_guard_before_call|contract_inheritance_modifier_summary,,L12: for (uint256 i = 0; i < votingVaults.length; i++) {,"L8: require(block.number <= proposals[proposalId].expiration, ""Expired"");","1: function vote(\n2:         address[] memory votingVaults,\n3:         bytes[] memory extraVaultData,\n4:         uint256 proposalId,\n5:         Ballot ballot\n6:     ) public returns (uint256) {\n7:         // No votes after the vote period is over\n8:         require(block.number <= proposals[proposalId].expiration, ""Expired"");\n9: \n10:         uint128 votingPower;\n11: \n12:         for (uint256 i = 0; i < votingVaults.length; i++) {\n13:             // ensure there are no voting vault duplicates\n14:             for (uint256 j = i + 1; j < votingVaults.length; j++) {",i:vote,protected reentrancy-like pattern,external call plus guard/modifier/state-update signal,2
top50_weak_or_no_safety,DAPP::DAppSCAN-source/contracts/Runtime_Vеrification-Element_Finance_Governance_Security_Audit_Report/council-3d751c959b42573c78ccd0bccbc80424bf6d9a90::GSCVault,DAppSCAN-source/contracts/Runtime_Vеrification-Element_Finance_Governance_Security_Audit_Report/council-3d751c959b42573c78ccd0bccbc80424bf6d9a90/contracts/vaults/GSCVault.sol,proveMembership,DAppSCAN-source/contracts/Runtime_Vеrification-Element_Finance_Governance_Security_Audit_Report/council-3d751c959b42573c78ccd0bccbc80424bf6d9a90/contracts/vaults/GSCVault.sol#L56-L101,0.8271103357101378,0,,require_assert_guard_before_call|contract_inheritance_modifier_summary,,L9: for (uint256 i = 0; i < votingVaults.length; i++) {,L6: assert(votingVaults.length > 0);,"1: function proveMembership(\n2:         address[] calldata votingVaults,\n3:         bytes[] calldata extraData\n4:     ) external {\n5:         // Check for call validity\n6:         assert(votingVaults.length > 0);\n7:         // We loop through the voting vaults to check they are authorized\n8:         // We check all up front to prevent any reentrancy or weird side effects\n9:         for (uint256 i = 0; i < votingVaults.length; i++) {\n10:             // Call the mapping the core voting contract to check that\n11:             // the provided address is in fact approved.\n12:             // Note - Post Berlin hardfork this repeated access is quite cheap.\n13:             bool vaultStatus = coreVoting.approvedVaults(votingVaults[i]);\n14:             require(vaultStatus, ""Voting vault not approved"");",i:proveMembership,protected reentrancy-like pattern,external call plus guard/modifier/state-update signal,2
top50_weak_or_no_safety,DAPP::DAppSCAN-source/contracts/QuillAudits-Alium Finance Smart Contract/alium-farm-e37d6af39af68049c2684085f025385407b4bd55::WBNB,DAppSCAN-source/contracts/QuillAudits-Alium Finance Smart Contract/alium-farm-e37d6af39af68049c2684085f025385407b4bd55/contracts/libs/WBNB.sol,withdraw,DAppSCAN-source/contracts/QuillAudits-Alium Finance Smart Contract/alium-farm-e37d6af39af68049c2684085f025385407b4bd55/contracts/libs/WBNB.sol#L23-L28,0.8159537263287734,0,,require_assert_guard_before_call,L4: msg.sender.transfer(wad);,L3: balanceOf[msg.sender] -= wad;,L2: require(balanceOf[msg.sender] >= wad);,"1: function withdraw(uint wad) public {\n2:         require(balanceOf[msg.sender] >= wad);\n3:         balanceOf[msg.sender] -= wad;\n4:         msg.sender.transfer(wad);\n5:         emit Withdrawal(msg.sender, wad);\n6:     }",i:withdraw,protected reentrancy-like pattern,external call plus guard/modifier/state-update signal,1
top50_weak_or_no_safety,DAPP::DAppSCAN-source/contracts/Trail_of_Bits-YieldProtocol/fyDai-4422fda75931f2bfea49f5041ec90dc026e5c03d::WETH9,DAppSCAN-source/contracts/Trail_of_Bits-YieldProtocol/fyDai-4422fda75931f2bfea49f5041ec90dc026e5c03d/contracts/external/maker/weth.sol,withdraw,DAppSCAN-source/contracts/Trail_of_Bits-YieldProtocol/fyDai-4422fda75931f2bfea49f5041ec90dc026e5c03d/contracts/external/maker/weth.sol#L39-L44,0.8159536368185285,0,,require_assert_guard_before_call,L4: msg.sender.transfer(wad);,L3: balanceOf[msg.sender] -= wad;,L2: require(balanceOf[msg.sender] >= wad);,"1: function withdraw(uint wad) public {\n2:         require(balanceOf[msg.sender] >= wad);\n3:         balanceOf[msg.sender] -= wad;\n4:         msg.sender.transfer(wad);\n5:         emit Withdrawal(msg.sender, wad);\n6:     }",i:withdraw,protected reentrancy-like pattern,external call plus guard/modifier/state-update signal,1
top50_weak_or_no_safety,DAPP::DAppSCAN-source/contracts/PeckShield-BabySwap/code::WBNB,DAppSCAN-source/contracts/PeckShield-BabySwap/code/baby-swap-contract-cac289bf978d969c95721c2adb9f199cee72ffa6/contracts/token/WBNB.sol,withdraw,DAppSCAN-source/contracts/PeckShield-BabySwap/code/baby-swap-contract-cac289bf978d969c95721c2adb9f199cee72ffa6/contracts/token/WBNB.sol#L33-L38,0.8159536010144213,0,,require_assert_guard_before_call,L4: msg.sender.transfer(wad);,L3: balanceOf[msg.sender] -= wad;,L2: require(balanceOf[msg.sender] >= wad);,"1: function withdraw(uint wad) public {\n2:         require(balanceOf[msg.sender] >= wad);\n3:         balanceOf[msg.sender] -= wad;\n4:         msg.sender.transfer(wad);\n5:         emit Withdrawal(msg.sender, wad);\n6:     }",i:withdraw,protected reentrancy-like pattern,external call plus guard/modifier/state-update signal,1
top50_weak_or_no_safety,DAPP::DAppSCAN-source/contracts/PeckShield-AirSwap/airswap-protocols-b87d292aaf6e28ede564b7ea28ece39219994607::WETH9,DAppSCAN-source/contracts/PeckShield-AirSwap/airswap-protocols-b87d292aaf6e28ede564b7ea28ece39219994607/source/tokens/contracts/WETH9.sol,withdraw,DAppSCAN-source/contracts/PeckShield-AirSwap/airswap-protocols-b87d292aaf6e28ede564b7ea28ece39219994607/source/tokens/contracts/WETH9.sol#L41-L46,0.8159536010144213,0,,require_assert_guard_before_call,L4: msg.sender.transfer(wad);,L3: balanceOf[msg.sender] -= wad;,L2: require(balanceOf[msg.sender] >= wad);,"1: function withdraw(uint wad) public {\n2:         require(balanceOf[msg.sender] >= wad);\n3:         balanceOf[msg.sender] -= wad;\n4:         msg.sender.transfer(wad);\n5:         emit Withdrawal(msg.sender, wad);\n6:     }",i:withdraw,protected reentrancy-like pattern,external call plus guard/modifier/state-update signal,1
top50_highest_score,DAPP::DAppSCAN-source/contracts/Trail_of_Bits-FujiProtocol/fuji-protocol-933ea57b11889d87744efa23e95c90b7bf589402::Fliquidator,DAppSCAN-source/contracts/Trail_of_Bits-FujiProtocol/fuji-protocol-933ea57b11889d87744efa23e95c90b7bf589402/contracts/Fliquidator.sol,batchLiquidate,DAppSCAN-source/contracts/Trail_of_Bits-FujiProtocol/fuji-protocol-933ea57b11889d87744efa23e95c90b7bf589402/contracts/Fliquidator.sol#L86-L151,0.9847546359032936,0,,nonreentrant_modifier|trusted_or_fixed_callee|safe_erc20_wrapper|contract_modifier_access_summary|contract_inheritance_modifier_summary,"L32: IERC20(vAssets.borrowAsset).safeTransferFrom(msg.sender, _vault, debtTotal);",L7: IVaultControl.VaultAssets memory vAssets = IVaultControl(_vault).vAssets();,nonReentrant/modifier,"27:         IERC20(vAssets.borrowAsset).allowance(msg.sender, address(this)) >= debtTotal,\n28:         Errors.VL_MISSING_ERC20_ALLOWANCE\n29:       );\n30: \n31:       // Transfer borrowAsset funds from the Liquidator to Vault\n32:       IERC20(vAssets.borrowAsset).safeTransferFrom(msg.sender, _vault, debtTotal);\n33:     }\n34: \n35:     // Repay BaseProtocol debt\n36:     uint256 _value = vAssets.borrowAsset == ETH ? debtTotal : 0;\n37:     IVault(_vault).paybackLiq{ value: _value }(addrs, debtTotal);\n38: \n39:     // Compute liquidator's bonus: bonusL\n40:     uint256 bonus = IVault(_vault).getLiquidationBonusFor(debtTotal);",i:batchLiquidate,protected reentrancy-like pattern,external call plus guard/modifier/state-update signal,5
top50_highest_score|top50_weak_or_no_safety,DAPP::DAppSCAN-source/contracts/PeckShield-TranchessV1.1/contract-core-68a86350313c1cb9e5467e791d3e9efaf228a0df::ExchangeV2,DAppSCAN-source/contracts/PeckShield-TranchessV1.1/contract-core-68a86350313c1cb9e5467e791d3e9efaf228a0df/contracts/exchange/ExchangeV2.sol,_initializeStaking,DAppSCAN-source/contracts/PeckShield-TranchessV1.1/contract-core-68a86350313c1cb9e5467e791d3e9efaf228a0df/contracts/exchange/ExchangeV2.sol#L131-L135,0.9818597053142305,0,,state_update_before_external_call|require_assert_guard_before_call|contract_inheritance_modifier_summary,,L3: _checkpointTimestamp = block.timestamp;,L2: require(_checkpointTimestamp == 0);,1: function _initializeStaking() internal {\n2:         require(_checkpointTimestamp == 0);\n3:         _checkpointTimestamp = block.timestamp;\n4:         _rate = IChessSchedule(chessSchedule).getRate(block.timestamp);\n5:     },i:_initializeStaking,protected reentrancy-like pattern,external call plus guard/modifier/state-update signal,3
top50_highest_score,DAPP::DAppSCAN-source/contracts/QuillAudits-GearBox Protocol-GearBox Protocol/gearbox-contracts-0ac33ba87212ce056ac6b6357ad74161d417158a::CreditManager,DAppSCAN-source/contracts/QuillAudits-GearBox Protocol-GearBox Protocol/gearbox-contracts-0ac33ba87212ce056ac6b6357ad74161d417158a/contracts/credit/CreditManager.sol,openCreditAccount,DAppSCAN-source/contracts/QuillAudits-GearBox Protocol-GearBox Protocol/gearbox-contracts-0ac33ba87212ce056ac6b6357ad74161d417158a/contracts/credit/CreditManager.sol#L161-L233,0.9794524906369877,0,,require_assert_guard_before_call|nonreentrant_modifier|callee_user_controlled|trusted_or_fixed_callee|safe_erc20_wrapper|contract_modifier_access_summary|contract_inheritance_modifier_summary,L49: IERC20(underlyingToken).safeTransferFrom(,L30: // borrowedAmount = amount * leverageFactor,nonReentrant/modifier | L13: require(,"44:             borrowedAmount,\n45:             creditAccount\n46:         ); // T:[CM-7]\n47: \n48:         // Transfer borrower own fund to credit account\n49:         IERC20(underlyingToken).safeTransferFrom(\n50:             msg.sender,\n51:             creditAccount,\n52:             amount\n53:         ); // T:[CM-6]\n54: \n55:         // Set parameters for new credit account\n56:         ICreditAccount(creditAccount).setGenericParameters(\n57:             borrowedAmount,",i:openCreditAccount,protected reentrancy-like pattern,external call plus guard/modifier/state-update signal,7
top50_highest_score,DAPP::DAppSCAN-source/contracts/PeckShield-Tranchessv1.0/contract-core-5ac3d997da3ef37b0135565a11c5ebcc519862aa::Exchange,DAppSCAN-source/contracts/PeckShield-Tranchessv1.0/contract-core-5ac3d997da3ef37b0135565a11c5ebcc519862aa/contracts/exchange/Exchange.sol,_buy,DAppSCAN-source/contracts/PeckShield-Tranchessv1.0/contract-core-5ac3d997da3ef37b0135565a11c5ebcc519862aa/contracts/exchange/Exchange.sol#L611-L731,0.9787942113594686,0,,require_assert_guard_before_call|callee_user_controlled|contract_many_risky_interactions|contract_inheritance_modifier_summary,,L13: uint256 epoch = endOfEpoch(block.timestamp);,"L8: require(maxPDLevel > 0 && maxPDLevel <= PD_LEVEL_COUNT, ""Invalid premium-discount level"");","1: function _buy(\n2:         uint256 version,\n3:         uint256 tranche,\n4:         uint256 maxPDLevel,\n5:         uint256 estimatedNav,\n6:         uint256 quoteAmount\n7:     ) internal onlyActive {\n8:         require(maxPDLevel > 0 && maxPDLevel <= PD_LEVEL_COUNT, ""Invalid premium-discount level"");\n9:         require(version == fund.getRebalanceSize(), ""Invalid version"");\n10:         require(estimatedNav > 0, ""Zero estimated NAV"");\n11: \n12:         UnsettledBuyTrade memory totalTrade;\n13:         uint256 epoch = endOfEpoch(block.timestamp);\n14: ",i:_buy,protected reentrancy-like pattern,external call plus guard/modifier/state-update signal,4
top50_highest_score,DAPP::DAppSCAN-source/contracts/PeckShield-Donut/crossroad-550a8c3c010dc8c1a46ea9191d3841462bd58d82::Crossroad,DAppSCAN-source/contracts/PeckShield-Donut/crossroad-550a8c3c010dc8c1a46ea9191d3841462bd58d82/contracts/Crossroad.sol,cancelOrder,DAppSCAN-source/contracts/PeckShield-Donut/crossroad-550a8c3c010dc8c1a46ea9191d3841462bd58d82/contracts/Crossroad.sol#L485-L527,0.9785034815241731,0,,require_assert_guard_before_call|trusted_or_fixed_callee|safe_erc20_wrapper|contract_inheritance_modifier_summary,"L37: IERC20(order.tokenIn).safeTransfer(order.poster,_amountIn);",L7: Order storage order = orders[_orderId];,"L5: require(_orderId != 0 && _orderId <= orderCount, ""Crossroad: Invalid order"");","32:             {\n33:                 TransferHelper.safeTransferETH(order.poster,_amountIn);\n34:             }\n35:             else\n36:             {\n37:                 IERC20(order.tokenIn).safeTransfer(order.poster,_amountIn);\n38:             }\n39:         }\n40: \n41:         // refund any remaining reward\n42:         IERC20(order.tokenReward).safeTransfer(order.poster,_amountReward);\n43:     }",i:cancelOrder,protected reentrancy-like pattern,external call plus guard/modifier/state-update signal,4
top50_highest_score,DAPP::DAppSCAN-source/contracts/Trail_of_Bits-setprotocol/set-protocol-contracts-b4acf144c10b1d9f3ecde4ee2820931df1cb8e4a::RebalancingSetExchangeIssuanceModule,DAppSCAN-source/contracts/Trail_of_Bits-setprotocol/set-protocol-contracts-b4acf144c10b1d9f3ecde4ee2820931df1cb8e4a/contracts/core/modules/RebalancingSetExchangeIssuanceModule.sol,validateRedeemInputs,DAppSCAN-source/contracts/Trail_of_Bits-setprotocol/set-protocol-contracts-b4acf144c10b1d9f3ecde4ee2820931df1cb8e4a/contracts/core/modules/RebalancingSetExchangeIssuanceModule.sol#L333-L372,0.9759942874718133,0,,state_update_before_external_call|require_assert_guard_before_call|callee_user_controlled|contract_modifier_access_summary|contract_inheritance_modifier_summary,,L21: ISetToken rebalancingSet = ISetToken(_rebalancingSetAddress);,L9: // Require only 1 receive token,"1: function validateRedeemInputs(\n2:         address _rebalancingSetAddress,\n3:         uint256 _rebalancingSetQuantity,\n4:         ExchangeIssuanceLibrary.ExchangeIssuanceParams memory _exchangeIssuanceParams\n5:     )\n6:         private\n7:         view\n8:     {\n9:         // Require only 1 receive token\n10:         require(\n11:             _exchangeIssuanceParams.receiveTokens.length == 1,\n12:             ""RebalancingSetExchangeIssuanceModule.validateRedeemInputs: Only 1 Receive Token Allowed""\n13:         );\n14: ",i:validateRedeemInputs,protected reentrancy-like pattern,external call plus guard/modifier/state-update signal,5
top50_highest_score,FORGE::vfp_00001::AutonomousAgentDeployer,AutonomousAgentDeployer.sol,swapExactSPECForTokens,AutonomousAgentDeployer.sol#L347-L376,0.9748777665229649,0,,require_assert_guard_before_call|nonreentrant_modifier|trusted_or_fixed_callee|safe_erc20_wrapper|contract_modifier_access_summary|contract_inheritance_modifier_summary,"L22: IERC20Upgradeable(_agentToken).safeTransfer(msg.sender, tokensReceived);",L4: uint256 taxSpecAmount = (_amountIn * AgentToken(_agentToken).taxPercentage() / 10000);,"nonReentrant/modifier | L2: require(agentTokens[_agentToken], ""Invalid agent token"");","17:         } else {\n18:             uint256 tokensReceived = getTokensReceived(userSpecAmount, _agentToken);\n19:             require(tokensReceived >= amountOutMin, ""Insufficient tokens output"");\n20:             agentTokensSold[_agentToken] += tokensReceived;\n21:             totalSPECDeposited[_agentToken] += userSpecAmount;\n22:             IERC20Upgradeable(_agentToken).safeTransfer(msg.sender, tokensReceived);\n23:             emit TokensSold(_agentToken, msg.sender, tokensReceived, _amountIn);\n24:         }\n25:         _distributeSwapFees(taxSpecAmount);\n26:         //Create liquidity pool if we meet liquidity conditions\n27:         if(totalSPECDeposited[_agentToken] > UNISWAP_POOL_CREATION_VALUE && agentTokenUniswapPool[_agentToken] == address(0)) {\n28:             _createUniswapPool(_agentToken, _deadline);\n29:         }\n30:     }",i:swapExactSPECForTokens,protected reentrancy-like pattern,external call plus guard/modifier/state-update signal,6
top50_highest_score,DAPP::DAppSCAN-source/contracts/Trail_of_Bits-setprotocol/set-protocol-contracts-b4acf144c10b1d9f3ecde4ee2820931df1cb8e4a::Core,DAppSCAN-source/contracts/Trail_of_Bits-setprotocol/set-protocol-contracts-b4acf144c10b1d9f3ecde4ee2820931df1cb8e4a/contracts/core/Core.sol,removeFactory,DAppSCAN-source/contracts/Trail_of_Bits-setprotocol/set-protocol-contracts-b4acf144c10b1d9f3ecde4ee2820931df1cb8e4a/contracts/core/Core.sol#L113-L131,0.9731879627186301,0,,require_assert_guard_before_call|only_owner_or_access_control|contract_modifier_access_summary|contract_inheritance_modifier_summary,,L12: state.factories = state.factories.remove(_factory);,"L7: require( | function removeFactory(
        address _factory
    )
        external
        onlyOwner","1: function removeFactory(\n2:         address _factory\n3:     )\n4:         external\n5:         onlyOwner\n6:     {\n7:         require(\n8:             state.validFactories[_factory],\n9:             ""Invalid Factory""\n10:         );\n11: \n12:         state.factories = state.factories.remove(_factory);\n13: \n14:         state.validFactories[_factory] = false;",i:removeFactory,protected reentrancy-like pattern,external call plus guard/modifier/state-update signal,4
top50_highest_score|top50_weak_or_no_safety,DAPP::DAppSCAN-source/contracts/Trail_of_Bits-setprotocol/set-protocol-contracts-b4acf144c10b1d9f3ecde4ee2820931df1cb8e4a::CoreAccounting,DAppSCAN-source/contracts/Trail_of_Bits-setprotocol/set-protocol-contracts-b4acf144c10b1d9f3ecde4ee2820931df1cb8e4a/contracts/core/extensions/CoreAccounting.sol,deposit,DAppSCAN-source/contracts/Trail_of_Bits-setprotocol/set-protocol-contracts-b4acf144c10b1d9f3ecde4ee2820931df1cb8e4a/contracts/core/extensions/CoreAccounting.sol#L50-L75,0.9731879627186301,0,,nonreentrant_modifier|contract_modifier_access_summary|contract_inheritance_modifier_summary,L12: state.transferProxyInstance.transfer(,,nonReentrant/modifier,"7:         whenOperational\n8:     {\n9:         // Don't deposit if quantity <= 0\n10:         if (_quantity > 0) {\n11:             // Call TransferProxy contract to transfer user tokens to Vault\n12:             state.transferProxyInstance.transfer(\n13:                 _token,\n14:                 _quantity,\n15:                 msg.sender,\n16:                 state.vault\n17:             );\n18: \n19:             // Call Vault contract to attribute deposited tokens to user\n20:             state.vaultInstance.incrementTokenOwner(",i:deposit,protected reentrancy-like pattern,external call plus guard/modifier/state-update signal,3
top50_highest_score|top50_weak_or_no_safety,DAPP::DAppSCAN-source/contracts/Trail_of_Bits-FujiProtocol/fuji-protocol-933ea57b11889d87744efa23e95c90b7bf589402::Flasher,DAppSCAN-source/contracts/Trail_of_Bits-FujiProtocol/fuji-protocol-933ea57b11889d87744efa23e95c90b7bf589402/contracts/flashloans/Flasher.sol,executeOperation,DAppSCAN-source/contracts/Trail_of_Bits-FujiProtocol/fuji-protocol-933ea57b11889d87744efa23e95c90b7bf589402/contracts/flashloans/Flasher.sol#L165-L193,0.9730956367902479,0,,require_assert_guard_before_call|trusted_or_fixed_callee|contract_inheritance_modifier_summary,,"L10: FlashLoan.Info memory info = abi.decode(params, (FlashLoan.Info));","L8: require(msg.sender == _aaveLendingPool && initiator == address(this), Errors.VL_NOT_AUTHORIZED);","1: function executeOperation(\n2:     address[] calldata assets,\n3:     uint256[] calldata amounts,\n4:     uint256[] calldata premiums,\n5:     address initiator,\n6:     bytes calldata params\n7:   ) external override returns (bool) {\n8:     require(msg.sender == _aaveLendingPool && initiator == address(this), Errors.VL_NOT_AUTHORIZED);\n9: \n10:     FlashLoan.Info memory info = abi.decode(params, (FlashLoan.Info));\n11: \n12:     uint256 _value;\n13:     if (info.asset == _ETH) {\n14:       // Convert WETH to ETH and assign amount to be set as msg.value",i:executeOperation,protected reentrancy-like pattern,external call plus guard/modifier/state-update signal,3
top50_highest_score,DAPP::DAppSCAN-source/contracts/Trail_of_Bits-YieldV2/vault-v2-819a713416249da92c44eb629ed26a49425a4656::FlashBorrower,DAppSCAN-source/contracts/Trail_of_Bits-YieldV2/vault-v2-819a713416249da92c44eb629ed26a49425a4656/contracts/mocks/FlashBorrower.sol,onFlashLoan,DAppSCAN-source/contracts/Trail_of_Bits-YieldV2/vault-v2-819a713416249da92c44eb629ed26a49425a4656/contracts/mocks/FlashBorrower.sol#L25-L43,0.9700907982525714,0,,state_update_before_external_call|require_assert_guard_before_call|trusted_or_fixed_callee|contract_inheritance_modifier_summary,"L12: IERC20(token).transfer(address(lender), amount + fee);",L4: flashInitiator = initiator;,"L2: require(msg.sender == address(lender), ""FlashBorrower: Untrusted lender"");","7:         flashFee = fee;\n8:         if (action == Action.NORMAL) {\n9:             flashBalance = IERC20(token).balanceOf(address(this));\n10:         } else if (action == Action.TRANSFER) {\n11:             flashBalance = IERC20(token).balanceOf(address(this));\n12:             IERC20(token).transfer(address(lender), amount + fee);\n13:         } else if (action == Action.STEAL) {\n14:             IERC20(token).transfer(address(0), amount);\n15:         } else if (action == Action.REENTER) {\n16:             flashBorrow(token, amount * 2, Action.NORMAL);\n17:         }\n18:         return keccak256(""ERC3156FlashBorrower.onFlashLoan"");\n19:     }",i:onFlashLoan,protected reentrancy-like pattern,external call plus guard/modifier/state-update signal,4
top50_highest_score,DAPP::DAppSCAN-source/contracts/QuillAudits-GearBox Protocol-GearBox Protocol/gearbox-contracts-0ac33ba87212ce056ac6b6357ad74161d417158a::AccountMining,DAppSCAN-source/contracts/QuillAudits-GearBox Protocol-GearBox Protocol/gearbox-contracts-0ac33ba87212ce056ac6b6357ad74161d417158a/contracts/core/AccountMining.sol,claim,DAppSCAN-source/contracts/QuillAudits-GearBox Protocol-GearBox Protocol/gearbox-contracts-0ac33ba87212ce056ac6b6357ad74161d417158a/contracts/core/AccountMining.sol#L49-L77,0.9675840896541997,0,,require_assert_guard_before_call|callee_user_controlled|trusted_or_fixed_callee|contract_inheritance_modifier_summary,"L23: IERC20(token).transfer(account, amount),",L11: address account = msg.sender;,L6: require(,"18:         );\n19: \n20:         // Mark it claimed and send the token.\n21:         _setClaimed(index);\n22:         require(\n23:             IERC20(token).transfer(account, amount),\n24:             ""MerkleDistributor: Transfer failed.""\n25:         );\n26: \n27:         accountFactory.mineCreditAccount();\n28:         emit Claimed(index, account);\n29:     }",i:claim,protected reentrancy-like pattern,external call plus guard/modifier/state-update signal,4
top50_highest_score|top50_weak_or_no_safety,DAPP::DAppSCAN-source/contracts/Trail_of_Bits-setprotocol/set-protocol-contracts-b4acf144c10b1d9f3ecde4ee2820931df1cb8e4a::RebalancingSetToken,DAppSCAN-source/contracts/Trail_of_Bits-setprotocol/set-protocol-contracts-b4acf144c10b1d9f3ecde4ee2820931df1cb8e4a/contracts/core/tokens/RebalancingSetToken.sol,settleRebalance,DAppSCAN-source/contracts/Trail_of_Bits-setprotocol/set-protocol-contracts-b4acf144c10b1d9f3ecde4ee2820931df1cb8e4a/contracts/core/tokens/RebalancingSetToken.sol#L295-L315,0.9644909347500703,0,,state_update_before_external_call|state_update_after_external_call|contract_inheritance_modifier_summary,,L5: unitShares = SettleRebalanceLibrary.settleRebalance(,,"1: function settleRebalance()\n2:         external\n3:     {\n4:         // Settle the rebalance and mint next Sets\n5:         unitShares = SettleRebalanceLibrary.settleRebalance(\n6:             totalSupply(),\n7:             biddingParameters.remainingCurrentSets,\n8:             biddingParameters.minimumBid,\n9:             naturalUnit,\n10:             nextSet,\n11:             core,\n12:             vault,\n13:             uint8(rebalanceState)\n14:         );",i:settleRebalance,protected reentrancy-like pattern,external call plus guard/modifier/state-update signal,3
top50_highest_score,DAPP::DAppSCAN-source/contracts/QuillAudits-GearBox Protocol-GearBox Protocol/gearbox-contracts-0ac33ba87212ce056ac6b6357ad74161d417158a::CreditFilter,DAppSCAN-source/contracts/QuillAudits-GearBox Protocol-GearBox Protocol/gearbox-contracts-0ac33ba87212ce056ac6b6357ad74161d417158a/contracts/credit/CreditFilter.sol,pause,DAppSCAN-source/contracts/QuillAudits-GearBox Protocol-GearBox Protocol/gearbox-contracts-0ac33ba87212ce056ac6b6357ad74161d417158a/contracts/credit/CreditFilter.sol#L34-L40,0.9599913941369538,0,,require_assert_guard_before_call|only_owner_or_access_control|contract_modifier_access_summary|contract_inheritance_modifier_summary,,,L2: require( | function pause() external,"1: function pause() external {\n2:         require(\n3:             _acl.isPausableAdmin(msg.sender),\n4:             Errors.ACL_CALLER_NOT_PAUSABLE_ADMIN\n5:         ); // T:[ACLT-1]\n6:         _pause();\n7:     }",i:pause,protected reentrancy-like pattern,external call plus guard/modifier/state-update signal,4
top50_highest_score|top50_weak_or_no_safety,DAPP::DAppSCAN-source/contracts/consensys-MCDEX_Mai_Protocol_V2/mai-protocol-v2-4b198083ec4ae2d6851e101fc44ea333eaa3cd92::Exchange,DAppSCAN-source/contracts/consensys-MCDEX_Mai_Protocol_V2/mai-protocol-v2-4b198083ec4ae2d6851e101fc44ea333eaa3cd92/contracts/exchange/Exchange.sol,matchOrders,DAppSCAN-source/contracts/consensys-MCDEX_Mai_Protocol_V2/mai-protocol-v2-4b198083ec4ae2d6851e101fc44ea333eaa3cd92/contracts/exchange/Exchange.sol#L34-L81,0.9555043363147943,0,,require_assert_guard_before_call|callee_user_controlled|contract_inheritance_modifier_summary,,L9: IPerpetual perpetual = IPerpetual(_perpetual);,"L7: require(!takerOrderParam.isMakerOnly(), ""taker order is maker only"");","1: function matchOrders(\n2:         LibOrder.OrderParam memory takerOrderParam,\n3:         LibOrder.OrderParam[] memory makerOrderParams,\n4:         address _perpetual,\n5:         uint256[] memory amounts\n6:     ) public {\n7:         require(!takerOrderParam.isMakerOnly(), ""taker order is maker only"");\n8: \n9:         IPerpetual perpetual = IPerpetual(_perpetual);\n10:         require(perpetual.status() == LibTypes.Status.NORMAL, ""wrong perpetual status"");\n11: \n12:         uint256 tradingLotSize = perpetual.getGovernance().tradingLotSize;\n13:         bytes32 takerOrderHash = validateOrderParam(perpetual, takerOrderParam);\n14:         uint256 takerFilledAmount = filled[takerOrderHash];",i:matchOrders,protected reentrancy-like pattern,external call plus guard/modifier/state-update signal,3
top50_highest_score,DAPP::DAppSCAN-source/contracts/consensys-MCDEX_Mai_Protocol_V2/mai-protocol-v2-4b198083ec4ae2d6851e101fc44ea333eaa3cd92::Position,DAppSCAN-source/contracts/consensys-MCDEX_Mai_Protocol_V2/mai-protocol-v2-4b198083ec4ae2d6851e101fc44ea333eaa3cd92/contracts/perpetual/Position.sol,_withdraw,DAppSCAN-source/contracts/consensys-MCDEX_Mai_Protocol_V2/mai-protocol-v2-4b198083ec4ae2d6851e101fc44ea333eaa3cd92/contracts/perpetual/Position.sol#L67-L87,0.9541721382728344,0,,require_assert_guard_before_call|callee_user_controlled|trusted_or_fixed_callee|safe_erc20_wrapper|contract_many_risky_interactions,L18: guy.transfer(rawAmount);,L7: cashBalances[guy].appliedBalance = cashBalances[guy].appliedBalance.sub(wadAmount);,"L2: require(wadAmount > 0, ""negtive amount"");","11:             );\n12:         }\n13:         cashBalances[guy].balance = cashBalances[guy].balance.sub(wadAmount);\n14:         uint256 rawAmount = toCollateral(wadAmount);\n15:         if (isTokenizedCollateral()) {\n16:             IERC20(collateral).safeTransfer(guy, rawAmount);\n17:         } else {\n18:             guy.transfer(rawAmount);\n19:         }\n20:         emit Withdraw(guy, wadAmount, cashBalances[guy].balance, cashBalances[guy].appliedBalance);\n21:     }",i:_withdraw,protected reentrancy-like pattern,external call plus guard/modifier/state-update signal,5
top50_highest_score,DAPP::DAppSCAN-source/contracts/consensys-MCDEX_Mai_Protocol_V2/mai-protocol-v2-4b198083ec4ae2d6851e101fc44ea333eaa3cd92::TestPosition,DAppSCAN-source/contracts/consensys-MCDEX_Mai_Protocol_V2/mai-protocol-v2-4b198083ec4ae2d6851e101fc44ea333eaa3cd92/contracts/test/TestPosition.sol,_withdraw,DAppSCAN-source/contracts/consensys-MCDEX_Mai_Protocol_V2/mai-protocol-v2-4b198083ec4ae2d6851e101fc44ea333eaa3cd92/contracts/test/TestPosition.sol#L67-L87,0.9541721382728344,0,,require_assert_guard_before_call|callee_user_controlled|trusted_or_fixed_callee|safe_erc20_wrapper|contract_many_risky_interactions,L18: guy.transfer(rawAmount);,L7: cashBalances[guy].appliedBalance = cashBalances[guy].appliedBalance.sub(wadAmount);,"L2: require(wadAmount > 0, ""negtive amount"");","11:             );\n12:         }\n13:         cashBalances[guy].balance = cashBalances[guy].balance.sub(wadAmount);\n14:         uint256 rawAmount = toCollateral(wadAmount);\n15:         if (isTokenizedCollateral()) {\n16:             IERC20(collateral).safeTransfer(guy, rawAmount);\n17:         } else {\n18:             guy.transfer(rawAmount);\n19:         }\n20:         emit Withdraw(guy, wadAmount, cashBalances[guy].balance, cashBalances[guy].appliedBalance);\n21:     }",i:_withdraw,protected reentrancy-like pattern,external call plus guard/modifier/state-update signal,5
top50_weak_or_no_safety,DAPP::DAppSCAN-source/contracts/Trail_of_Bits-YieldV2/vault-v2-819a713416249da92c44eb629ed26a49425a4656::Witch,DAppSCAN-source/contracts/Trail_of_Bits-YieldV2/vault-v2-819a713416249da92c44eb629ed26a49425a4656/contracts/Witch.sol,auction,DAppSCAN-source/contracts/Trail_of_Bits-YieldV2/vault-v2-819a713416249da92c44eb629ed26a49425a4656/contracts/Witch.sol#L78-L89,0.8963065395865271,0,,require_assert_guard_before_call|contract_inheritance_modifier_summary,,L5: DataTypes.Vault memory vault = cauldron.vaults(vaultId);,"L4: require (auctions[vaultId].start == 0, ""Vault already under auction"");","1: function auction(bytes12 vaultId)\n2:         external\n3:     {\n4:         require (auctions[vaultId].start == 0, ""Vault already under auction"");\n5:         DataTypes.Vault memory vault = cauldron.vaults(vaultId);\n6:         auctions[vaultId] = Auction({\n7:             owner: vault.owner,\n8:             start: block.timestamp.u32()\n9:         });\n10:         cauldron.grab(vaultId, address(this));\n11:         emit Auctioned(vaultId, block.timestamp.u32());\n12:     }",i:auction,protected reentrancy-like pattern,external call plus guard/modifier/state-update signal,2
top50_weak_or_no_safety,DAPP::DAppSCAN-source/contracts/Trail_of_Bits-YieldV2/vault-v2-819a713416249da92c44eb629ed26a49425a4656::Wand,DAppSCAN-source/contracts/Trail_of_Bits-YieldV2/vault-v2-819a713416249da92c44eb629ed26a49425a4656/contracts/Wand.sol,addAsset,DAppSCAN-source/contracts/Trail_of_Bits-YieldV2/vault-v2-819a713416249da92c44eb629ed26a49425a4656/contracts/Wand.sol#L70-L85,0.8834620318489178,0,,require_assert_guard_before_call|callee_user_controlled,,L8: AccessControl join = AccessControl(joinFactory.createJoin(asset));  // We need the access control methods of Join,"L6: require (address(asset) != address(0), ""Asset required"");","1: function addAsset(\n2:         bytes6 assetId,\n3:         address asset\n4:     ) external auth {\n5:         // Add asset to cauldron, deploy new Join, and add it to the ladle\n6:         require (address(asset) != address(0), ""Asset required"");\n7:         cauldron.addAsset(assetId, asset);\n8:         AccessControl join = AccessControl(joinFactory.createJoin(asset));  // We need the access control methods of Join\n9:         bytes4[] memory sigs = new bytes4[](2);\n10:         sigs[0] = JOIN;\n11:         sigs[1] = EXIT;\n12:         join.grantRoles(sigs, address(ladle));\n13:         join.grantRole(ROOT, msg.sender);\n14:         // join.renounceRole(ROOT, address(this));  // Wand requires ongoing rights to set up permissions to joins",i:addAsset,protected reentrancy-like pattern,external call plus guard/modifier/state-update signal,2
top50_weak_or_no_safety,DAPP::DAppSCAN-source/contracts/SlowMist-Starcrazy Smart Contract Security Audit Report/starcrazy-contracts-e9e11d234ac065726e108a73dfcd5efbad26f2c5::NFTokenMetadata,DAppSCAN-source/contracts/SlowMist-Starcrazy Smart Contract Security Audit Report/starcrazy-contracts-e9e11d234ac065726e108a73dfcd5efbad26f2c5/contract/gfc/tokens/nf-token-metadata.sol,_safeTransferFrom,DAppSCAN-source/contracts/SlowMist-Starcrazy Smart Contract Security Audit Report/starcrazy-contracts-e9e11d234ac065726e108a73dfcd5efbad26f2c5/contract/gfc/tokens/nf-token-metadata.sol#L377-L401,0.8713324860672286,0,,require_assert_guard_before_call|callee_user_controlled,,L7: address tokenOwner = idToOwner[_tokenId];,"L8: require(tokenOwner == _from, NOT_OWNER);","1: function _safeTransferFrom(\n2:         address _from,\n3:         address _to,\n4:         uint256 _tokenId,\n5:         bytes memory _data\n6:     ) private canTransfer(_tokenId) validNFToken(_tokenId) {\n7:         address tokenOwner = idToOwner[_tokenId];\n8:         require(tokenOwner == _from, NOT_OWNER);\n9:         require(_to != address(0), ZERO_ADDRESS);\n10: \n11:         _transfer(_to, _tokenId);\n12: \n13:         if (_to.isContract()) {\n14:             bytes4 retval = ERC721TokenReceiver(_to).onERC721Received(",i:_safeTransferFrom,protected reentrancy-like pattern,external call plus guard/modifier/state-update signal,2
top50_weak_or_no_safety,DAPP::DAppSCAN-source/contracts/SlowMist-Starcrazy Smart Contract Security Audit Report/starcrazy-contracts-e9e11d234ac065726e108a73dfcd5efbad26f2c5::NFToken,DAppSCAN-source/contracts/SlowMist-Starcrazy Smart Contract Security Audit Report/starcrazy-contracts-e9e11d234ac065726e108a73dfcd5efbad26f2c5/contract/gfc/tokens/nf-token.sol,_safeTransferFrom,DAppSCAN-source/contracts/SlowMist-Starcrazy Smart Contract Security Audit Report/starcrazy-contracts-e9e11d234ac065726e108a73dfcd5efbad26f2c5/contract/gfc/tokens/nf-token.sol#L377-L401,0.8713324860672286,0,,require_assert_guard_before_call|callee_user_controlled,,L7: address tokenOwner = idToOwner[_tokenId];,"L8: require(tokenOwner == _from, NOT_OWNER);","1: function _safeTransferFrom(\n2:         address _from,\n3:         address _to,\n4:         uint256 _tokenId,\n5:         bytes memory _data\n6:     ) private canTransfer(_tokenId) validNFToken(_tokenId) {\n7:         address tokenOwner = idToOwner[_tokenId];\n8:         require(tokenOwner == _from, NOT_OWNER);\n9:         require(_to != address(0), ZERO_ADDRESS);\n10: \n11:         _transfer(_to, _tokenId);\n12: \n13:         if (_to.isContract()) {\n14:             bytes4 retval = ERC721TokenReceiver(_to).onERC721Received(",i:_safeTransferFrom,protected reentrancy-like pattern,external call plus guard/modifier/state-update signal,2
top50_weak_or_no_safety,DAPP::DAppSCAN-source/contracts/SlowMist-Starcrazy Smart Contract Security Audit Report/starcrazy-contracts-e9e11d234ac065726e108a73dfcd5efbad26f2c5::NFTokenEnumerable,DAppSCAN-source/contracts/SlowMist-Starcrazy Smart Contract Security Audit Report/starcrazy-contracts-e9e11d234ac065726e108a73dfcd5efbad26f2c5/contract/gfc/tokens/nf-token-enumerable.sol,_safeTransferFrom,DAppSCAN-source/contracts/SlowMist-Starcrazy Smart Contract Security Audit Report/starcrazy-contracts-e9e11d234ac065726e108a73dfcd5efbad26f2c5/contract/gfc/tokens/nf-token-enumerable.sol#L377-L401,0.8713324860672286,0,,require_assert_guard_before_call|callee_user_controlled,,L7: address tokenOwner = idToOwner[_tokenId];,"L8: require(tokenOwner == _from, NOT_OWNER);","1: function _safeTransferFrom(\n2:         address _from,\n3:         address _to,\n4:         uint256 _tokenId,\n5:         bytes memory _data\n6:     ) private canTransfer(_tokenId) validNFToken(_tokenId) {\n7:         address tokenOwner = idToOwner[_tokenId];\n8:         require(tokenOwner == _from, NOT_OWNER);\n9:         require(_to != address(0), ZERO_ADDRESS);\n10: \n11:         _transfer(_to, _tokenId);\n12: \n13:         if (_to.isContract()) {\n14:             bytes4 retval = ERC721TokenReceiver(_to).onERC721Received(",i:_safeTransferFrom,protected reentrancy-like pattern,external call plus guard/modifier/state-update signal,2
top50_weak_or_no_safety,DAPP::DAppSCAN-source/contracts/Trail_of_Bits-YieldV2/vault-v2-819a713416249da92c44eb629ed26a49425a4656::ChainlinkMultiOracle,DAppSCAN-source/contracts/Trail_of_Bits-YieldV2/vault-v2-819a713416249da92c44eb629ed26a49425a4656/contracts/oracles/chainlink/ChainlinkMultiOracle.sol,_peek,DAppSCAN-source/contracts/Trail_of_Bits-YieldV2/vault-v2-819a713416249da92c44eb629ed26a49425a4656/contracts/oracles/chainlink/ChainlinkMultiOracle.sol#L78-L98,0.8385363925996346,0,,require_assert_guard_before_call|callee_user_controlled,,L8: Source memory source = sources[baseId][quoteId];,"L9: require (source.source != address(0), ""Source not found"");","1: function _peek(bytes6 baseId, bytes6 quoteId, uint256 amountBase)\n2:         private view\n3:         returns (uint amountQuote, uint updateTime)\n4:     {\n5:         int price;\n6:         uint80 roundId;\n7:         uint80 answeredInRound;\n8:         Source memory source = sources[baseId][quoteId];\n9:         require (source.source != address(0), ""Source not found"");\n10:         (roundId, price,, updateTime, answeredInRound) = AggregatorV3Interface(source.source).latestRoundData();\n11:         require(price > 0, ""Chainlink price <= 0"");\n12:         require(updateTime != 0, ""Incomplete round"");\n13:         require(answeredInRound >= roundId, ""Stale price"");\n14:         if (source.inverse == true) {",i:_peek,protected reentrancy-like pattern,external call plus guard/modifier/state-update signal,2
top50_weak_or_no_safety,DAPP::DAppSCAN-source/contracts/QuillAudits-Lido-WstETH/lido-dao-ea6fa222004b88e6a24b566a51e5b56b0079272d::LidoOracle,DAppSCAN-source/contracts/QuillAudits-Lido-WstETH/lido-dao-ea6fa222004b88e6a24b566a51e5b56b0079272d/contracts/0.4.24/oracle/LidoOracle.sol,reportBeacon,DAppSCAN-source/contracts/QuillAudits-Lido-WstETH/lido-dao-ea6fa222004b88e6a24b566a51e5b56b0079272d/contracts/0.4.24/oracle/LidoOracle.sol#L425-L468,0.8344422638854792,0,,require_assert_guard_before_call|contract_inheritance_modifier_summary,,L2: BeaconSpec memory beaconSpec = _getBeaconSpec();,"L4: require(_epochId >= expectedEpoch, ""EPOCH_IS_TOO_OLD"");","1: function reportBeacon(uint256 _epochId, uint64 _beaconBalance, uint32 _beaconValidators) external {\n2:         BeaconSpec memory beaconSpec = _getBeaconSpec();\n3:         uint256 expectedEpoch = EXPECTED_EPOCH_ID_POSITION.getStorageUint256();\n4:         require(_epochId >= expectedEpoch, ""EPOCH_IS_TOO_OLD"");\n5: \n6:         // if expected epoch has advanced, check that this is the first epoch of the current frame\n7:         // and clear the last unsuccessful reporting\n8:         if (_epochId > expectedEpoch) {\n9:             require(_epochId == _getFrameFirstEpochId(_getCurrentEpochId(beaconSpec), beaconSpec), ""UNEXPECTED_EPOCH"");\n10:             _clearReportingAndAdvanceTo(_epochId);\n11:         }\n12: \n13:         uint128 beaconBalanceEth1 = DENOMINATION_OFFSET * uint128(_beaconBalance);\n14:         emit BeaconReported(_epochId, beaconBalanceEth1, _beaconValidators, msg.sender);",i:reportBeacon,protected reentrancy-like pattern,external call plus guard/modifier/state-update signal,2
top50_weak_or_no_safety,DAPP::DAppSCAN-source/contracts/Runtime_Vеrification-ElementFinance/elf-contracts-637c6f959315cbb11a164555e588520c7d89122b::GeneralPoolsBalance,DAppSCAN-source/contracts/Runtime_Vеrification-ElementFinance/elf-contracts-637c6f959315cbb11a164555e588520c7d89122b/contracts/balancer-core-v2/vault/balances/GeneralPoolsBalance.sol,_registerGeneralPoolTokens,DAppSCAN-source/contracts/Runtime_Vеrification-ElementFinance/elf-contracts-637c6f959315cbb11a164555e588520c7d89122b/contracts/balancer-core-v2/vault/balances/GeneralPoolsBalance.sol#L45-L55,0.8207542049644575,0,,require_assert_guard_before_call|contract_inheritance_modifier_summary,,L2: EnumerableMap.IERC20ToBytes32Map storage poolBalances = _generalPoolsBalances[poolId];,"L6: require(token != IERC20(0), ""ZERO_ADDRESS_TOKEN"");","1: function _registerGeneralPoolTokens(bytes32 poolId, IERC20[] memory tokens) internal {\n2:         EnumerableMap.IERC20ToBytes32Map storage poolBalances = _generalPoolsBalances[poolId];\n3: \n4:         for (uint256 i = 0; i < tokens.length; ++i) {\n5:             IERC20 token = tokens[i];\n6:             require(token != IERC20(0), ""ZERO_ADDRESS_TOKEN"");\n7:             bool added = poolBalances.set(token, 0);\n8:             require(added, ""TOKEN_ALREADY_REGISTERED"");\n9:             // No need to delete the balance entries, since they already are zero\n10:         }\n11:     }",i:_registerGeneralPoolTokens,protected reentrancy-like pattern,external call plus guard/modifier/state-update signal,2
top50_most_ambiguous|top50_weak_or_no_safety,DAPP::DAppSCAN-source/contracts/Runtime_Vеrification-ElementFinance/elf-contracts-637c6f959315cbb11a164555e588520c7d89122b::MinimalSwapInfoPoolsBalance,DAppSCAN-source/contracts/Runtime_Vеrification-ElementFinance/elf-contracts-637c6f959315cbb11a164555e588520c7d89122b/contracts/balancer-core-v2/vault/balances/MinimalSwapInfoPoolsBalance.sol,_registerMinimalSwapInfoPoolTokens,DAppSCAN-source/contracts/Runtime_Vеrification-ElementFinance/elf-contracts-637c6f959315cbb11a164555e588520c7d89122b/contracts/balancer-core-v2/vault/balances/MinimalSwapInfoPoolsBalance.sol#L46-L55,0.7974322092769803,0,,require_assert_guard_before_call|callee_user_controlled,,L2: EnumerableSet.AddressSet storage poolTokens = _minimalSwapInfoPoolsTokens[poolId];,"L6: require(token != IERC20(0), ""ZERO_ADDRESS_TOKEN"");","1: function _registerMinimalSwapInfoPoolTokens(bytes32 poolId, IERC20[] memory tokens) internal {\n2:         EnumerableSet.AddressSet storage poolTokens = _minimalSwapInfoPoolsTokens[poolId];\n3: \n4:         for (uint256 i = 0; i < tokens.length; ++i) {\n5:             IERC20 token = tokens[i];\n6:             require(token != IERC20(0), ""ZERO_ADDRESS_TOKEN"");\n7:             bool added = poolTokens.add(address(token));\n8:             require(added, ""TOKEN_ALREADY_REGISTERED"");\n9:         }\n10:     }",i:_registerMinimalSwapInfoPoolTokens,protected reentrancy-like pattern,external call plus guard/modifier/state-update signal,2
top50_most_ambiguous,DAPP::DAppSCAN-source/contracts/Trail_of_Bits-setprotocol/set-protocol-contracts-b4acf144c10b1d9f3ecde4ee2820931df1cb8e4a::CoreFactory,DAppSCAN-source/contracts/Trail_of_Bits-setprotocol/set-protocol-contracts-b4acf144c10b1d9f3ecde4ee2820931df1cb8e4a/contracts/core/extensions/CoreFactory.sol,createSet,DAppSCAN-source/contracts/Trail_of_Bits-setprotocol/set-protocol-contracts-b4acf144c10b1d9f3ecde4ee2820931df1cb8e4a/contracts/core/extensions/CoreFactory.sol#L58-L104,0.7834160469311391,0,,require_assert_guard_before_call|callee_user_controlled|contract_inheritance_modifier_summary,,L20: address newSetTokenAddress = ISetFactory(_factory).createSet(,L14: require(,"1: function createSet(\n2:         address _factory,\n3:         address[] calldata _components,\n4:         uint256[] calldata _units,\n5:         uint256 _naturalUnit,\n6:         bytes32 _name,\n7:         bytes32 _symbol,\n8:         bytes calldata _callData\n9:     )\n10:         external\n11:         returns (address)\n12:     {\n13:         // Verify Factory is linked to Core\n14:         require(",i:createSet,protected reentrancy-like pattern,external call plus guard/modifier/state-update signal,3
top50_most_ambiguous|top50_weak_or_no_safety,DAPP::DAppSCAN-source/contracts/PeckShield-TranchessV1.1/contract-core-68a86350313c1cb9e5467e791d3e9efaf228a0df::StakingV2TestWrapper,DAppSCAN-source/contracts/PeckShield-TranchessV1.1/contract-core-68a86350313c1cb9e5467e791d3e9efaf228a0df/contracts/test/StakingV2TestWrapper.sol,_initializeStaking,DAppSCAN-source/contracts/PeckShield-TranchessV1.1/contract-core-68a86350313c1cb9e5467e791d3e9efaf228a0df/contracts/test/StakingV2TestWrapper.sol#L131-L135,0.7723485282452226,0,,state_update_before_external_call|require_assert_guard_before_call,,L3: _checkpointTimestamp = block.timestamp;,L2: require(_checkpointTimestamp == 0);,1: function _initializeStaking() internal {\n2:         require(_checkpointTimestamp == 0);\n3:         _checkpointTimestamp = block.timestamp;\n4:         _rate = IChessSchedule(chessSchedule).getRate(block.timestamp);\n5:     },i:_initializeStaking,protected reentrancy-like pattern,external call plus guard/modifier/state-update signal,2
top50_most_ambiguous|top50_weak_or_no_safety,DAPP::DAppSCAN-source/contracts/PeckShield-Tranchessv1.0/contract-core-5ac3d997da3ef37b0135565a11c5ebcc519862aa::InterestRateBallot,DAppSCAN-source/contracts/PeckShield-Tranchessv1.0/contract-core-5ac3d997da3ef37b0135565a11c5ebcc519862aa/contracts/governance/InterestRateBallot.sol,cast,DAppSCAN-source/contracts/PeckShield-Tranchessv1.0/contract-core-5ac3d997da3ef37b0135565a11c5ebcc519862aa/contracts/governance/InterestRateBallot.sol#L68-L100,0.7687889004945232,0,,require_assert_guard_before_call,,L4: IVotingEscrow.LockedBalance memory lockedBalance =,"L2: require(option < maxOption, ""Invalid option"");","1: function cast(uint256 option) external {\n2:         require(option < maxOption, ""Invalid option"");\n3: \n4:         IVotingEscrow.LockedBalance memory lockedBalance =\n5:             votingEscrow.getLockedBalance(msg.sender);\n6:         Voter memory voter = voters[msg.sender];\n7:         uint256 weight = getWeight(option);\n8:         require(lockedBalance.amount > 0, ""Zero value"");\n9: \n10:         // update scheduled unlock\n11:         scheduledUnlock[voter.unlockTime] -= voter.amount;\n12:         scheduledUnlock[lockedBalance.unlockTime] += lockedBalance.amount;\n13: \n14:         scheduledWeightedUnlock[voter.unlockTime] -= voter.amount * voter.weight;",i:cast,protected reentrancy-like pattern,external call plus guard/modifier/state-update signal,1
top50_most_ambiguous,DAPP::DAppSCAN-source/contracts/QuillAudits-GearBox Protocol-GearBox Protocol/gearbox-contracts-0ac33ba87212ce056ac6b6357ad74161d417158a::AccountFactory,DAppSCAN-source/contracts/QuillAudits-GearBox Protocol-GearBox Protocol/gearbox-contracts-0ac33ba87212ce056ac6b6357ad74161d417158a/contracts/core/AccountFactory.sol,returnCreditAccount,DAppSCAN-source/contracts/QuillAudits-GearBox Protocol-GearBox Protocol/gearbox-contracts-0ac33ba87212ce056ac6b6357ad74161d417158a/contracts/core/AccountFactory.sol#L186-L199,0.7616160700408773,0,,state_update_after_external_call|require_assert_guard_before_call|callee_user_controlled|contract_many_risky_interactions|contract_modifier_access_summary|contract_inheritance_modifier_summary,,L11: _nextCreditAccount[tail] = usedAccount; // T:[AF-7],L6: require(,"1: function returnCreditAccount(address usedAccount)\n2:         external\n3:         override\n4:         creditManagerOnly // T:[AF-12]\n5:     {\n6:         require(\n7:             ICreditAccount(usedAccount).since() != block.number,\n8:             Errors.AF_CANT_CLOSE_CREDIT_ACCOUNT_IN_THE_SAME_BLOCK\n9:         ); // T:[CM-20]\n10: \n11:         _nextCreditAccount[tail] = usedAccount; // T:[AF-7]\n12:         tail = usedAccount; // T:[AF-7]\n13:         emit ReturnCreditAccount(usedAccount); // T:[AF-8]\n14:     }",i:returnCreditAccount,protected reentrancy-like pattern,external call plus guard/modifier/state-update signal,6
top50_most_ambiguous|top50_weak_or_no_safety,DAPP::DAppSCAN-source/contracts/Runtime_Vеrification-ElementFinance/elf-contracts-637c6f959315cbb11a164555e588520c7d89122b::WETH9,DAppSCAN-source/contracts/Runtime_Vеrification-ElementFinance/elf-contracts-637c6f959315cbb11a164555e588520c7d89122b/contracts/balancer-core-v2/test/WETH9.sol,withdraw,DAppSCAN-source/contracts/Runtime_Vеrification-ElementFinance/elf-contracts-637c6f959315cbb11a164555e588520c7d89122b/contracts/balancer-core-v2/test/WETH9.sol#L50-L55,0.7568259656869212,0,,require_assert_guard_before_call,L4: msg.sender.transfer(wad);,L3: balanceOf[msg.sender] -= wad;,"L2: require(balanceOf[msg.sender] >= wad, ""INSUFFICIENT_BALANCE"");","1: function withdraw(uint256 wad) public {\n2:         require(balanceOf[msg.sender] >= wad, ""INSUFFICIENT_BALANCE"");\n3:         balanceOf[msg.sender] -= wad;\n4:         msg.sender.transfer(wad);\n5:         emit Withdrawal(msg.sender, wad);\n6:     }",i:withdraw,protected reentrancy-like pattern,external call plus guard/modifier/state-update signal,1
top50_most_ambiguous,DAPP::DAppSCAN-source/contracts/SlowMist-Starcrazy Smart Contract Security Audit Report/starcrazy-contracts-e9e11d234ac065726e108a73dfcd5efbad26f2c5::FlashSale,DAppSCAN-source/contracts/SlowMist-Starcrazy Smart Contract Security Audit Report/starcrazy-contracts-e9e11d234ac065726e108a73dfcd5efbad26f2c5/contract/FlashSale.sol,_bidFrom,DAppSCAN-source/contracts/SlowMist-Starcrazy Smart Contract Security Audit Report/starcrazy-contracts-e9e11d234ac065726e108a73dfcd5efbad26f2c5/contract/FlashSale.sol#L306-L372,0.744965392892368,0,,require_assert_guard_before_call|callee_user_controlled|contract_inheritance_modifier_summary,,L9: Auction storage auction = tokenIdToAuction[_id];,"L6: require(isNowInActivity(), ""not in activity"");","1: function _bidFrom(\n2:         address _buyer,\n3:         uint256 _id,\n4:         uint256 _bidAmount\n5:     ) internal whenNotPaused {\n6:         require(isNowInActivity(), ""not in activity"");\n7: \n8:         // Get a reference to the auction struct\n9:         Auction storage auction = tokenIdToAuction[_id];\n10:         if (!_hasAuctionByInfo(auction)) {\n11:             _updateBidding();\n12:             require(\n13:                 _isBiddingNoCheck(_id),\n14:                 ""FlashSale: target id is not in the bidding""",i:_bidFrom,protected reentrancy-like pattern,external call plus guard/modifier/state-update signal,3
top50_most_ambiguous,DAPP::DAppSCAN-source/contracts/consensys-Zer0_zBanc/zBanc-48da0ac1eebbe31a74742f1ae4281b156f03a4bc::BancorNetwork,DAppSCAN-source/contracts/consensys-Zer0_zBanc/zBanc-48da0ac1eebbe31a74742f1ae4281b156f03a4bc/solidity/contracts/BancorNetwork.sol,updateRegistry,DAppSCAN-source/contracts/consensys-Zer0_zBanc/zBanc-48da0ac1eebbe31a74742f1ae4281b156f03a4bc/solidity/contracts/BancorNetwork.sol#L56-L74,0.74434520392669,0,,state_update_after_external_call|require_assert_guard_before_call|only_owner_or_access_control|contract_many_risky_interactions|contract_modifier_access_summary|contract_inheritance_modifier_summary,,L6: IContractRegistry newRegistry = IContractRegistry(addressOf(CONTRACT_REGISTRY));,"L3: require(msg.sender == owner || !onlyOwnerCanUpdateRegistry, ""ERR_ACCESS_DENIED""); | function updateRegistry() public","1: function updateRegistry() public {\n2:         // verify that this function is permitted\n3:         require(msg.sender == owner || !onlyOwnerCanUpdateRegistry, ""ERR_ACCESS_DENIED"");\n4: \n5:         // get the new contract-registry\n6:         IContractRegistry newRegistry = IContractRegistry(addressOf(CONTRACT_REGISTRY));\n7: \n8:         // verify that the new contract-registry is different and not zero\n9:         require(newRegistry != registry && address(newRegistry) != address(0), ""ERR_INVALID_REGISTRY"");\n10: \n11:         // verify that the new contract-registry is pointing to a non-zero contract-registry\n12:         require(newRegistry.addressOf(CONTRACT_REGISTRY) != address(0), ""ERR_INVALID_REGISTRY"");\n13: \n14:         // save a backup of the current contract-registry before replacing it",i:updateRegistry,protected reentrancy-like pattern,external call plus guard/modifier/state-update signal,6
top50_most_ambiguous,DAPP::DAppSCAN-source/contracts/consensys-Zer0_zBanc/zBanc-48da0ac1eebbe31a74742f1ae4281b156f03a4bc::TestBancorNetwork,DAppSCAN-source/contracts/consensys-Zer0_zBanc/zBanc-48da0ac1eebbe31a74742f1ae4281b156f03a4bc/solidity/contracts/helpers/TestBancorNetwork.sol,updateRegistry,DAppSCAN-source/contracts/consensys-Zer0_zBanc/zBanc-48da0ac1eebbe31a74742f1ae4281b156f03a4bc/solidity/contracts/helpers/TestBancorNetwork.sol#L56-L74,0.74434520392669,0,,state_update_after_external_call|require_assert_guard_before_call|only_owner_or_access_control|contract_many_risky_interactions|contract_modifier_access_summary|contract_inheritance_modifier_summary,,L6: IContractRegistry newRegistry = IContractRegistry(addressOf(CONTRACT_REGISTRY));,"L3: require(msg.sender == owner || !onlyOwnerCanUpdateRegistry, ""ERR_ACCESS_DENIED""); | function updateRegistry() public","1: function updateRegistry() public {\n2:         // verify that this function is permitted\n3:         require(msg.sender == owner || !onlyOwnerCanUpdateRegistry, ""ERR_ACCESS_DENIED"");\n4: \n5:         // get the new contract-registry\n6:         IContractRegistry newRegistry = IContractRegistry(addressOf(CONTRACT_REGISTRY));\n7: \n8:         // verify that the new contract-registry is different and not zero\n9:         require(newRegistry != registry && address(newRegistry) != address(0), ""ERR_INVALID_REGISTRY"");\n10: \n11:         // verify that the new contract-registry is pointing to a non-zero contract-registry\n12:         require(newRegistry.addressOf(CONTRACT_REGISTRY) != address(0), ""ERR_INVALID_REGISTRY"");\n13: \n14:         // save a backup of the current contract-registry before replacing it",i:updateRegistry,protected reentrancy-like pattern,external call plus guard/modifier/state-update signal,6
top50_most_ambiguous,DAPP::DAppSCAN-source/contracts/Trail_of_Bits-YieldV2/vault-v2-819a713416249da92c44eb629ed26a49425a4656::Router,DAppSCAN-source/contracts/Trail_of_Bits-YieldV2/vault-v2-819a713416249da92c44eb629ed26a49425a4656/contracts/Router.sol,route,DAppSCAN-source/contracts/Trail_of_Bits-YieldV2/vault-v2-819a713416249da92c44eb629ed26a49425a4656/contracts/Router.sol#L21-L30,0.7442357788889946,0,,return_value_checked|require_assert_guard_before_call|only_owner_or_access_control|callee_user_controlled|contract_modifier_access_summary|contract_inheritance_modifier_summary,"L8: (success, result) = target.call(data);",,"L5: require(msg.sender == owner, ""Only owner""); | function route(address target, bytes calldata data)
        external payable
        returns (bytes memory result)","3:         returns (bytes memory result)\n4:     {\n5:         require(msg.sender == owner, ""Only owner"");\n6:         require(target.isContract(), ""Target is not a contract"");\n7:         bool success;\n8:         (success, result) = target.call(data);\n9:         if (!success) revert(RevertMsgExtractor.getRevertMsg(result));\n10:     }",i:route,protected reentrancy-like pattern,external call plus guard/modifier/state-update signal,6
top50_most_ambiguous,DAPP::DAppSCAN-source/contracts/Runtime_Vеrification-ElementFinance/elf-contracts-637c6f959315cbb11a164555e588520c7d89122b::TrancheFactory,DAppSCAN-source/contracts/Runtime_Vеrification-ElementFinance/elf-contracts-637c6f959315cbb11a164555e588520c7d89122b/contracts/factories/TrancheFactory.sol,deployTranche,DAppSCAN-source/contracts/Runtime_Vеrification-ElementFinance/elf-contracts-637c6f959315cbb11a164555e588520c7d89122b/contracts/factories/TrancheFactory.sol#L38-L92,0.7440449205708042,0,,state_update_before_external_call|state_update_after_external_call|callee_user_controlled,,L5: _tempWpAddress = _wpAddress;,,"1: function deployTranche(uint256 _expiration, address _wpAddress)\n2:         public\n3:         returns (Tranche)\n4:     {\n5:         _tempWpAddress = _wpAddress;\n6:         _tempExpiration = _expiration;\n7: \n8:         IWrappedPosition wpContract = IWrappedPosition(_wpAddress);\n9:         bytes32 salt = keccak256(abi.encodePacked(_wpAddress, _expiration));\n10:         string memory wpSymbol = wpContract.symbol();\n11:         IERC20 underlying = wpContract.token();\n12:         uint8 underlyingDecimals = underlying.decimals();\n13: \n14:         // derive the expected tranche address",i:deployTranche,protected reentrancy-like pattern,external call plus guard/modifier/state-update signal,3
top50_most_ambiguous|top50_weak_or_no_safety,DAPP::DAppSCAN-source/contracts/Trail_of_Bits-YieldV2/vault-v2-819a713416249da92c44eb629ed26a49425a4656::UniswapV3Oracle,DAppSCAN-source/contracts/Trail_of_Bits-YieldV2/vault-v2-819a713416249da92c44eb629ed26a49425a4656/contracts/oracles/uniswap/UniswapV3Oracle.sol,_peek,DAppSCAN-source/contracts/Trail_of_Bits-YieldV2/vault-v2-819a713416249da92c44eb629ed26a49425a4656/contracts/oracles/uniswap/UniswapV3Oracle.sol#L73-L87,0.7342816283824258,0,,require_assert_guard_before_call,,L5: Source memory source = sources[base][quote];,"L7: require(source.source != address(0), ""Source not found"");","1: function _peek(bytes6 base, bytes6 quote, uint256 amount)\n2:         private view\n3:         returns (uint256 value, uint256 updateTime)\n4:     {\n5:         Source memory source = sources[base][quote];\n6:         SourceData memory sourceData;\n7:         require(source.source != address(0), ""Source not found"");\n8:         sourceData = sourcesData[source.source];\n9:         if (source.inverse) {\n10:             value = UniswapV3OracleLibraryMock.consult(sourceData.factory, sourceData.quoteToken, sourceData.baseToken, sourceData.fee, amount, secondsAgo);\n11:         } else {\n12:             value = UniswapV3OracleLibraryMock.consult(sourceData.factory, sourceData.baseToken, sourceData.quoteToken, sourceData.fee, amount, secondsAgo);\n13:         }\n14:         updateTime = block.timestamp - secondsAgo;",i:_peek,protected reentrancy-like pattern,external call plus guard/modifier/state-update signal,1
top50_most_ambiguous,DAPP::DAppSCAN-source/contracts/SlowMist-Starcrazy Smart Contract Security Audit Report/starcrazy-contracts-e9e11d234ac065726e108a73dfcd5efbad26f2c5::Auction,DAppSCAN-source/contracts/SlowMist-Starcrazy Smart Contract Security Audit Report/starcrazy-contracts-e9e11d234ac065726e108a73dfcd5efbad26f2c5/contract/Auction.sol,setGeneScienceAddress,DAppSCAN-source/contracts/SlowMist-Starcrazy Smart Contract Security Audit Report/starcrazy-contracts-e9e11d234ac065726e108a73dfcd5efbad26f2c5/contract/Auction.sol#L45-L51,0.7231135186647133,0,,state_update_after_external_call|require_assert_guard_before_call|callee_user_controlled|contract_inheritance_modifier_summary,,L6: geneScience = _address;,"L3: require(_address.isGeneScience(), ""Aliana: not gene"");","1: function setGeneScienceAddress(IGeneScience _address) public onlyCEO {\n2:         // NOTE: verify that a contract is what we expect - https://github.com/Lunyr/crowdsale-contracts/blob/cfadd15986c30521d8ba7d5b6f57b4fefcc7ac38/contracts/LunyrToken.sol#L117\n3:         require(_address.isGeneScience(), ""Aliana: not gene"");\n4: \n5:         // Set the new contract address\n6:         geneScience = _address;\n7:     }",i:setGeneScienceAddress,protected reentrancy-like pattern,external call plus guard/modifier/state-update signal,4
top50_most_ambiguous|top50_weak_or_no_safety,DAPP::DAppSCAN-source/contracts/Trail_of_Bits-YieldV2/vault-v2-819a713416249da92c44eb629ed26a49425a4656::CompositeMultiOracle,DAppSCAN-source/contracts/Trail_of_Bits-YieldV2/vault-v2-819a713416249da92c44eb629ed26a49425a4656/contracts/oracles/composite/CompositeMultiOracle.sol,_peek,DAppSCAN-source/contracts/Trail_of_Bits-YieldV2/vault-v2-819a713416249da92c44eb629ed26a49425a4656/contracts/oracles/composite/CompositeMultiOracle.sol#L84-L92,0.6933014007300455,0,,require_assert_guard_before_call,,L5: IOracle source = sources[base][quote];,"L6: require (address(source) != address(0), ""Source not found"");","1: function _peek(bytes6 base, bytes6 quote, uint256 amountBase, uint256 updateTimeIn)\n2:         private view\n3:         returns (uint amountQuote, uint updateTimeOut)\n4:     {\n5:         IOracle source = sources[base][quote];\n6:         require (address(source) != address(0), ""Source not found"");\n7:         (amountQuote, updateTimeOut) = source.peek(base, quote, amountBase);\n8:         updateTimeOut = (updateTimeOut < updateTimeIn) ? updateTimeOut : updateTimeIn;                 // Take the oldest update time\n9:     }",i:_peek,protected reentrancy-like pattern,external call plus guard/modifier/state-update signal,1
top50_most_ambiguous,DAPP::DAppSCAN-source/contracts/PeckShield-TranchessV1.1/contract-core-68a86350313c1cb9e5467e791d3e9efaf228a0df::LiquidityStaking,DAppSCAN-source/contracts/PeckShield-TranchessV1.1/contract-core-68a86350313c1cb9e5467e791d3e9efaf228a0df/contracts/governance/LiquidityStaking.sol,initialize,DAppSCAN-source/contracts/PeckShield-TranchessV1.1/contract-core-68a86350313c1cb9e5467e791d3e9efaf228a0df/contracts/governance/LiquidityStaking.sol#L45-L53,0.6910693047127271,0,,state_update_before_external_call|state_update_after_external_call|require_assert_guard_before_call|trusted_or_fixed_callee|safe_erc20_wrapper|contract_modifier_access_summary,"L6: IERC20(rewardToken).safeTransferFrom(msg.sender, address(this), amount);",L5: uint256 amount = rate_.mul(endTimestamp.sub(startTimestamp));,"L2: require(rate == 0 && rate_ != 0, ""Should not initialize twice"");","1: function initialize(uint256 rate_) external {\n2:         require(rate == 0 && rate_ != 0, ""Should not initialize twice"");\n3:         require(startTimestamp >= block.timestamp, ""Start cannot be in the past"");\n4: \n5:         uint256 amount = rate_.mul(endTimestamp.sub(startTimestamp));\n6:         IERC20(rewardToken).safeTransferFrom(msg.sender, address(this), amount);\n7: \n8:         rate = rate_;\n9:     }",i:initialize,protected reentrancy-like pattern,external call plus guard/modifier/state-update signal,6
top50_most_ambiguous,DAPP::DAppSCAN-source/contracts/Runtime_Vеrification-ElementFinance/elf-contracts-637c6f959315cbb11a164555e588520c7d89122b::WeightedPool,DAppSCAN-source/contracts/Runtime_Vеrification-ElementFinance/elf-contracts-637c6f959315cbb11a164555e588520c7d89122b/contracts/balancer-core-v2/pools/weighted/WeightedPool.sol,_onInitializePool,DAppSCAN-source/contracts/Runtime_Vеrification-ElementFinance/elf-contracts-637c6f959315cbb11a164555e588520c7d89122b/contracts/balancer-core-v2/pools/weighted/WeightedPool.sol#L201-L223,0.6880188631001686,0,,state_update_after_external_call|require_assert_guard_before_call|contract_inheritance_modifier_summary,,L7: WeightedPool.JoinKind kind = userData.joinKind();,"L8: require(kind == WeightedPool.JoinKind.INIT, ""UNINITIALIZED"");","1: function _onInitializePool(\n2:         bytes32,\n3:         address,\n4:         address,\n5:         bytes memory userData\n6:     ) internal override returns (uint256, uint256[] memory) {\n7:         WeightedPool.JoinKind kind = userData.joinKind();\n8:         require(kind == WeightedPool.JoinKind.INIT, ""UNINITIALIZED"");\n9: \n10:         uint256[] memory amountsIn = userData.initialAmountsIn();\n11:         require(amountsIn.length == _totalTokens, ""ERR_AMOUNTS_IN_LENGTH"");\n12:         _upscaleArray(amountsIn, _scalingFactors());\n13: \n14:         uint256[] memory normalizedWeights = _normalizedWeights();",i:_onInitializePool,protected reentrancy-like pattern,external call plus guard/modifier/state-update signal,3
top50_most_ambiguous,DAPP::DAppSCAN-source/contracts/consensys-Amp/amp-token-contracts-6871b6c64c712835b332e515cc553308dcbbc539::HolderCollateralPartitionValidator,DAppSCAN-source/contracts/consensys-Amp/amp-token-contracts-6871b6c64c712835b332e515cc553308dcbbc539/contracts/partitions/HolderCollateralPartitionValidator.sol,tokensFromPartitionToValidate,DAppSCAN-source/contracts/consensys-Amp/amp-token-contracts-6871b6c64c712835b332e515cc553308dcbbc539/contracts/partitions/HolderCollateralPartitionValidator.sol#L100-L143,0.6736303578727064,0,,require_assert_guard_before_call|callee_user_controlled|contract_inheritance_modifier_summary,,L28: senderImplementation = ERC1820Client.interfaceAddr(,"L11: require(msg.sender == address(amp), ""Validator hook must be called by amp"");","1: function tokensFromPartitionToValidate(\n2:         bytes4 _functionSig,\n3:         bytes32 _fromPartition,\n4:         address _operator,\n5:         address _from,\n6:         address _to,\n7:         uint256 _value,\n8:         bytes calldata _data,\n9:         bytes calldata _operatorData\n10:     ) external override {\n11:         require(msg.sender == address(amp), ""Validator hook must be called by amp"");\n12: \n13:         (, , address fromPartitionOwner) = _splitPartition(_fromPartition);\n14: ",i:tokensFromPartitionToValidate,protected reentrancy-like pattern,external call plus guard/modifier/state-update signal,3
top50_most_ambiguous,DAPP::DAppSCAN-source/contracts/QuillAudits-GearBox Protocol-GearBox Protocol/gearbox-contracts-0ac33ba87212ce056ac6b6357ad74161d417158a::PriceOracle,DAppSCAN-source/contracts/QuillAudits-GearBox Protocol-GearBox Protocol/gearbox-contracts-0ac33ba87212ce056ac6b6357ad74161d417158a/contracts/oracles/PriceOracle.sol,pause,DAppSCAN-source/contracts/QuillAudits-GearBox Protocol-GearBox Protocol/gearbox-contracts-0ac33ba87212ce056ac6b6357ad74161d417158a/contracts/oracles/PriceOracle.sol#L34-L40,0.669358748014325,0,,require_assert_guard_before_call|only_owner_or_access_control|contract_modifier_access_summary|contract_inheritance_modifier_summary,,,L2: require( | function pause() external,"1: function pause() external {\n2:         require(\n3:             _acl.isPausableAdmin(msg.sender),\n4:             Errors.ACL_CALLER_NOT_PAUSABLE_ADMIN\n5:         ); // T:[ACLT-1]\n6:         _pause();\n7:     }",i:pause,protected reentrancy-like pattern,external call plus guard/modifier/state-update signal,4
top50_most_ambiguous,DAPP::DAppSCAN-source/contracts/QuillAudits-GearBox Protocol-GearBox Protocol/gearbox-contracts-0ac33ba87212ce056ac6b6357ad74161d417158a::CreditAccount,DAppSCAN-source/contracts/QuillAudits-GearBox Protocol-GearBox Protocol/gearbox-contracts-0ac33ba87212ce056ac6b6357ad74161d417158a/contracts/credit/CreditAccount.sol,cancelAllowance,DAppSCAN-source/contracts/QuillAudits-GearBox Protocol-GearBox Protocol/gearbox-contracts-0ac33ba87212ce056ac6b6357ad74161d417158a/contracts/credit/CreditAccount.sol#L104-L110,0.6552140589649976,0,,require_assert_guard_before_call|trusted_or_fixed_callee|safe_erc20_wrapper|contract_inheritance_modifier_summary,,,"L5: require(msg.sender == factory, Errors.CA_FACTORY_ONLY);","1: function cancelAllowance(address token, address targetContract)\n2:         external\n3:         override\n4:     {\n5:         require(msg.sender == factory, Errors.CA_FACTORY_ONLY);\n6:         IERC20(token).safeApprove(targetContract, 0);\n7:     }",i:cancelAllowance,protected reentrancy-like pattern,external call plus guard/modifier/state-update signal,4
top50_most_ambiguous,DAPP::DAppSCAN-source/contracts/consensys-Zer0_zBanc/zBanc-48da0ac1eebbe31a74742f1ae4281b156f03a4bc::ConverterRegistryData,DAppSCAN-source/contracts/consensys-Zer0_zBanc/zBanc-48da0ac1eebbe31a74742f1ae4281b156f03a4bc/solidity/contracts/converter/ConverterRegistryData.sol,updateRegistry,DAppSCAN-source/contracts/consensys-Zer0_zBanc/zBanc-48da0ac1eebbe31a74742f1ae4281b156f03a4bc/solidity/contracts/converter/ConverterRegistryData.sol#L56-L74,0.6550351248451848,0,,state_update_after_external_call|require_assert_guard_before_call|only_owner_or_access_control|contract_modifier_access_summary|contract_inheritance_modifier_summary,,L6: IContractRegistry newRegistry = IContractRegistry(addressOf(CONTRACT_REGISTRY));,"L3: require(msg.sender == owner || !onlyOwnerCanUpdateRegistry, ""ERR_ACCESS_DENIED""); | function updateRegistry() public","1: function updateRegistry() public {\n2:         // verify that this function is permitted\n3:         require(msg.sender == owner || !onlyOwnerCanUpdateRegistry, ""ERR_ACCESS_DENIED"");\n4: \n5:         // get the new contract-registry\n6:         IContractRegistry newRegistry = IContractRegistry(addressOf(CONTRACT_REGISTRY));\n7: \n8:         // verify that the new contract-registry is different and not zero\n9:         require(newRegistry != registry && address(newRegistry) != address(0), ""ERR_INVALID_REGISTRY"");\n10: \n11:         // verify that the new contract-registry is pointing to a non-zero contract-registry\n12:         require(newRegistry.addressOf(CONTRACT_REGISTRY) != address(0), ""ERR_INVALID_REGISTRY"");\n13: \n14:         // save a backup of the current contract-registry before replacing it",i:updateRegistry,protected reentrancy-like pattern,external call plus guard/modifier/state-update signal,5
top50_most_ambiguous|top50_weak_or_no_safety,DAPP::DAppSCAN-source/contracts/Trail_of_Bits-setprotocol/set-protocol-contracts-b4acf144c10b1d9f3ecde4ee2820931df1cb8e4a::RebalancingSetTokenFactory,DAppSCAN-source/contracts/Trail_of_Bits-setprotocol/set-protocol-contracts-b4acf144c10b1d9f3ecde4ee2820931df1cb8e4a/contracts/core/tokens/RebalancingSetTokenFactory.sol,createSet,DAppSCAN-source/contracts/Trail_of_Bits-setprotocol/set-protocol-contracts-b4acf144c10b1d9f3ecde4ee2820931df1cb8e4a/contracts/core/tokens/RebalancingSetTokenFactory.sol#L131-L189,0.6484817065745166,0,,require_assert_guard_before_call,,L31: address startingSet = _components[0];,L13: require(,"1: function createSet(\n2:         address[] calldata _components,\n3:         uint256[] calldata _units,\n4:         uint256 _naturalUnit,\n5:         bytes32 _name,\n6:         bytes32 _symbol,\n7:         bytes calldata _callData\n8:     )\n9:         external\n10:         returns (address)\n11:     {\n12:         // Expecting caller to be Core\n13:         require(\n14:             msg.sender == core,",i:createSet,protected reentrancy-like pattern,external call plus guard/modifier/state-update signal,1
top50_most_ambiguous|top50_weak_or_no_safety,DAPP::DAppSCAN-source/contracts/Trail_of_Bits-YieldV2/vault-v2-819a713416249da92c44eb629ed26a49425a4656::TLMModule,DAppSCAN-source/contracts/Trail_of_Bits-YieldV2/vault-v2-819a713416249da92c44eb629ed26a49425a4656/contracts/modules/TLMModule.sol,register,DAppSCAN-source/contracts/Trail_of_Bits-YieldV2/vault-v2-819a713416249da92c44eb629ed26a49425a4656/contracts/modules/TLMModule.sol#L43-L64,0.6304955750646852,0,,require_assert_guard_before_call,,L5: DataTypes.Series memory series = cauldron.series(seriesId);,"L4: require(address(this) == address(tlmModule), ""No delegatecall"");","1: function register(bytes6 seriesId, bytes32 ilk)\n2:         external\n3:     {\n4:         require(address(this) == address(tlmModule), ""No delegatecall"");\n5:         DataTypes.Series memory series = cauldron.series(seriesId);\n6:         IFYToken fyToken = series.fyToken;\n7:         require (fyToken != IFYToken(address(0)), ""Series not found"");\n8: \n9:         // Check the maturity and ilk match\n10:         (address gemJoin,) = tlm.ilks(ilk);\n11:         require (gemJoin != address(0), ""Ilk not found"");\n12: \n13:         require(\n14:             address(AuthGemJoinAbstract(gemJoin).gem()) == address(fyToken),",i:register,protected reentrancy-like pattern,external call plus guard/modifier/state-update signal,1
top50_most_ambiguous|top50_weak_or_no_safety,DAPP::DAppSCAN-source/contracts/PeckShield-TranchessV1.1/contract-core-68a86350313c1cb9e5467e791d3e9efaf228a0df::InterestRateBallot,DAppSCAN-source/contracts/PeckShield-TranchessV1.1/contract-core-68a86350313c1cb9e5467e791d3e9efaf228a0df/contracts/governance/InterestRateBallot.sol,cast,DAppSCAN-source/contracts/PeckShield-TranchessV1.1/contract-core-68a86350313c1cb9e5467e791d3e9efaf228a0df/contracts/governance/InterestRateBallot.sol#L81-L120,0.5977540348029383,0,,require_assert_guard_before_call|contract_inheritance_modifier_summary,,L4: IVotingEscrow.LockedBalance memory lockedBalance =,"L2: require(option < maxOption, ""Invalid option"");","1: function cast(uint256 option) external {\n2:         require(option < maxOption, ""Invalid option"");\n3: \n4:         IVotingEscrow.LockedBalance memory lockedBalance =\n5:             votingEscrow.getLockedBalance(msg.sender);\n6:         Voter memory voter = voters[msg.sender];\n7:         uint256 weight = getWeight(option);\n8:         require(lockedBalance.amount > 0, ""Zero value"");\n9: \n10:         // update scheduled unlock\n11:         scheduledUnlock[voter.unlockTime] = scheduledUnlock[voter.unlockTime].sub(voter.amount);\n12:         scheduledUnlock[lockedBalance.unlockTime] = scheduledUnlock[lockedBalance.unlockTime].add(\n13:             lockedBalance.amount\n14:         );",i:cast,protected reentrancy-like pattern,external call plus guard/modifier/state-update signal,2
top50_most_ambiguous,DAPP::DAppSCAN-source/contracts/SlowMist-Starcrazy Smart Contract Security Audit Report/starcrazy-contracts-e9e11d234ac065726e108a73dfcd5efbad26f2c5::Aliana,DAppSCAN-source/contracts/SlowMist-Starcrazy Smart Contract Security Audit Report/starcrazy-contracts-e9e11d234ac065726e108a73dfcd5efbad26f2c5/contract/Aliana.sol,setGeneScienceAddress,DAppSCAN-source/contracts/SlowMist-Starcrazy Smart Contract Security Audit Report/starcrazy-contracts-e9e11d234ac065726e108a73dfcd5efbad26f2c5/contract/Aliana.sol#L42-L47,0.5937324976396422,0,,state_update_after_external_call|require_assert_guard_before_call|callee_user_controlled|contract_modifier_access_summary|contract_inheritance_modifier_summary,,L5: geneScience = _address;,"L2: require(_address.isGeneScience(), ""Aliana: not gene"");","1: function setGeneScienceAddress(IGeneScience _address) public onlyCEO {\n2:         require(_address.isGeneScience(), ""Aliana: not gene"");\n3: \n4:         // Set the new contract address\n5:         geneScience = _address;\n6:     }",i:setGeneScienceAddress,protected reentrancy-like pattern,external call plus guard/modifier/state-update signal,5
top50_most_ambiguous,DAPP::DAppSCAN-source/contracts/Trail_of_Bits-FujiProtocol/fuji-protocol-933ea57b11889d87744efa23e95c90b7bf589402::FujiERC1155,DAppSCAN-source/contracts/Trail_of_Bits-FujiProtocol/fuji-protocol-933ea57b11889d87744efa23e95c90b7bf589402/contracts/FujiERC1155.sol,addInitializeAsset,DAppSCAN-source/contracts/Trail_of_Bits-FujiProtocol/fuji-protocol-933ea57b11889d87744efa23e95c90b7bf589402/contracts/FujiERC1155.sol#L275-L291,0.5570661980406104,0,,state_update_after_external_call|require_assert_guard_before_call|contract_inheritance_modifier_summary,,L9: assetIDs[_type][_addr] = qtyOfManagedAssets;,"L7: require(assetIDs[_type][_addr] == 0, Errors.VL_ASSET_EXISTS);","1: function addInitializeAsset(AssetType _type, address _addr)\n2:     external\n3:     override\n4:     onlyPermit\n5:     returns (uint64)\n6:   {\n7:     require(assetIDs[_type][_addr] == 0, Errors.VL_ASSET_EXISTS);\n8: \n9:     assetIDs[_type][_addr] = qtyOfManagedAssets;\n10:     assetIDtype[qtyOfManagedAssets] = _type;\n11: \n12:     //Initialize the liquidity Index\n13:     indexes[qtyOfManagedAssets] = WadRayMath.ray();\n14:     qtyOfManagedAssets++;",i:addInitializeAsset,protected reentrancy-like pattern,external call plus guard/modifier/state-update signal,3
top50_most_ambiguous,DAPP::DAppSCAN-source/contracts/Runtime_Vеrification-ElementFinance/elf-contracts-637c6f959315cbb11a164555e588520c7d89122b::StablePool,DAppSCAN-source/contracts/Runtime_Vеrification-ElementFinance/elf-contracts-637c6f959315cbb11a164555e588520c7d89122b/contracts/balancer-core-v2/pools/stable/StablePool.sol,_onInitializePool,DAppSCAN-source/contracts/Runtime_Vеrification-ElementFinance/elf-contracts-637c6f959315cbb11a164555e588520c7d89122b/contracts/balancer-core-v2/pools/stable/StablePool.sol#L82-L101,0.5450471719599064,0,,state_update_after_external_call|require_assert_guard_before_call|contract_inheritance_modifier_summary,,L7: StablePool.JoinKind kind = userData.joinKind();,"L8: require(kind == StablePool.JoinKind.INIT, ""UNINITIALIZED"");","1: function _onInitializePool(\n2:         bytes32,\n3:         address,\n4:         address,\n5:         bytes memory userData\n6:     ) internal override returns (uint256, uint256[] memory) {\n7:         StablePool.JoinKind kind = userData.joinKind();\n8:         require(kind == StablePool.JoinKind.INIT, ""UNINITIALIZED"");\n9: \n10:         uint256[] memory amountsIn = userData.initialAmountsIn();\n11:         InputHelpers.ensureInputLengthMatch(amountsIn.length, _totalTokens);\n12:         _upscaleArray(amountsIn, _scalingFactors());\n13: \n14:         uint256 invariantAfterJoin = StableMath._invariant(_amp, amountsIn);",i:_onInitializePool,protected reentrancy-like pattern,external call plus guard/modifier/state-update signal,3
top50_most_ambiguous,DAPP::DAppSCAN-source/contracts/consensys-Zer0_zBanc/zBanc-48da0ac1eebbe31a74742f1ae4281b156f03a4bc::ConverterRegistry,DAppSCAN-source/contracts/consensys-Zer0_zBanc/zBanc-48da0ac1eebbe31a74742f1ae4281b156f03a4bc/solidity/contracts/converter/ConverterRegistry.sol,updateRegistry,DAppSCAN-source/contracts/consensys-Zer0_zBanc/zBanc-48da0ac1eebbe31a74742f1ae4281b156f03a4bc/solidity/contracts/converter/ConverterRegistry.sol#L56-L74,0.5394217872250124,0,,state_update_after_external_call|require_assert_guard_before_call|only_owner_or_access_control|contract_many_risky_interactions|contract_modifier_access_summary|contract_inheritance_modifier_summary,,L6: IContractRegistry newRegistry = IContractRegistry(addressOf(CONTRACT_REGISTRY));,"L3: require(msg.sender == owner || !onlyOwnerCanUpdateRegistry, ""ERR_ACCESS_DENIED""); | function updateRegistry() public","1: function updateRegistry() public {\n2:         // verify that this function is permitted\n3:         require(msg.sender == owner || !onlyOwnerCanUpdateRegistry, ""ERR_ACCESS_DENIED"");\n4: \n5:         // get the new contract-registry\n6:         IContractRegistry newRegistry = IContractRegistry(addressOf(CONTRACT_REGISTRY));\n7: \n8:         // verify that the new contract-registry is different and not zero\n9:         require(newRegistry != registry && address(newRegistry) != address(0), ""ERR_INVALID_REGISTRY"");\n10: \n11:         // verify that the new contract-registry is pointing to a non-zero contract-registry\n12:         require(newRegistry.addressOf(CONTRACT_REGISTRY) != address(0), ""ERR_INVALID_REGISTRY"");\n13: \n14:         // save a backup of the current contract-registry before replacing it",i:updateRegistry,protected reentrancy-like pattern,external call plus guard/modifier/state-update signal,6
top50_most_ambiguous,DAPP::DAppSCAN-source/contracts/consensys-Zer0_zBanc/zBanc-48da0ac1eebbe31a74742f1ae4281b156f03a4bc::TestConverterRegistry,DAppSCAN-source/contracts/consensys-Zer0_zBanc/zBanc-48da0ac1eebbe31a74742f1ae4281b156f03a4bc/solidity/contracts/helpers/TestConverterRegistry.sol,updateRegistry,DAppSCAN-source/contracts/consensys-Zer0_zBanc/zBanc-48da0ac1eebbe31a74742f1ae4281b156f03a4bc/solidity/contracts/helpers/TestConverterRegistry.sol#L56-L74,0.53086135238325,0,,state_update_after_external_call|require_assert_guard_before_call|only_owner_or_access_control|contract_modifier_access_summary|contract_inheritance_modifier_summary,,L6: IContractRegistry newRegistry = IContractRegistry(addressOf(CONTRACT_REGISTRY));,"L3: require(msg.sender == owner || !onlyOwnerCanUpdateRegistry, ""ERR_ACCESS_DENIED""); | function updateRegistry() public","1: function updateRegistry() public {\n2:         // verify that this function is permitted\n3:         require(msg.sender == owner || !onlyOwnerCanUpdateRegistry, ""ERR_ACCESS_DENIED"");\n4: \n5:         // get the new contract-registry\n6:         IContractRegistry newRegistry = IContractRegistry(addressOf(CONTRACT_REGISTRY));\n7: \n8:         // verify that the new contract-registry is different and not zero\n9:         require(newRegistry != registry && address(newRegistry) != address(0), ""ERR_INVALID_REGISTRY"");\n10: \n11:         // verify that the new contract-registry is pointing to a non-zero contract-registry\n12:         require(newRegistry.addressOf(CONTRACT_REGISTRY) != address(0), ""ERR_INVALID_REGISTRY"");\n13: \n14:         // save a backup of the current contract-registry before replacing it",i:updateRegistry,protected reentrancy-like pattern,external call plus guard/modifier/state-update signal,5
top50_most_ambiguous|top50_weak_or_no_safety,DAPP::DAppSCAN-source/contracts/Runtime_Vеrification-ElementFinance/elf-contracts-637c6f959315cbb11a164555e588520c7d89122b::TwoTokenPoolsBalance,DAppSCAN-source/contracts/Runtime_Vеrification-ElementFinance/elf-contracts-637c6f959315cbb11a164555e588520c7d89122b/contracts/balancer-core-v2/vault/balances/TwoTokenPoolsBalance.sol,_getTwoTokenPoolSharedBalances,DAppSCAN-source/contracts/Runtime_Vеrification-ElementFinance/elf-contracts-637c6f959315cbb11a164555e588520c7d89122b/contracts/balancer-core-v2/vault/balances/TwoTokenPoolsBalance.sol#L183-L210,0.49175412005213875,0,,require_assert_guard_before_call,,"L15: bytes32 pairHash = _getTwoTokenPairHash(tokenA, tokenB);","L24: require(exists, ""TOKEN_NOT_REGISTERED"");","1: function _getTwoTokenPoolSharedBalances(\n2:         bytes32 poolId,\n3:         IERC20 tokenX,\n4:         IERC20 tokenY\n5:     )\n6:         internal\n7:         view\n8:         returns (\n9:             bytes32 balanceA,\n10:             bytes32 balanceB,\n11:             TwoTokenPoolBalances storage poolBalances\n12:         )\n13:     {\n14:         (IERC20 tokenA, IERC20 tokenB) = _sortTwoTokens(tokenX, tokenY);",i:_getTwoTokenPoolSharedBalances,protected reentrancy-like pattern,external call plus guard/modifier/state-update signal,1
top50_most_ambiguous,DAPP::DAppSCAN-source/contracts/SlowMist-Starcrazy Smart Contract Security Audit Report/starcrazy-contracts-e9e11d234ac065726e108a73dfcd5efbad26f2c5::ClockAuctionBase,DAppSCAN-source/contracts/SlowMist-Starcrazy Smart Contract Security Audit Report/starcrazy-contracts-e9e11d234ac065726e108a73dfcd5efbad26f2c5/contract/Auction.sol,setGeneScienceAddress,DAppSCAN-source/contracts/SlowMist-Starcrazy Smart Contract Security Audit Report/starcrazy-contracts-e9e11d234ac065726e108a73dfcd5efbad26f2c5/contract/Auction.sol#L45-L51,0.4653028881009951,0,,state_update_after_external_call|require_assert_guard_before_call|callee_user_controlled|contract_inheritance_modifier_summary,,L6: geneScience = _address;,"L3: require(_address.isGeneScience(), ""Aliana: not gene"");","1: function setGeneScienceAddress(IGeneScience _address) public onlyCEO {\n2:         // NOTE: verify that a contract is what we expect - https://github.com/Lunyr/crowdsale-contracts/blob/cfadd15986c30521d8ba7d5b6f57b4fefcc7ac38/contracts/LunyrToken.sol#L117\n3:         require(_address.isGeneScience(), ""Aliana: not gene"");\n4: \n5:         // Set the new contract address\n6:         geneScience = _address;\n7:     }",i:setGeneScienceAddress,protected reentrancy-like pattern,external call plus guard/modifier/state-update signal,4
top50_most_ambiguous|top50_weak_or_no_safety,DAPP::DAppSCAN-source/contracts/SlowMist-Starcrazy Smart Contract Security Audit Report/starcrazy-contracts-e9e11d234ac065726e108a73dfcd5efbad26f2c5::GFT,DAppSCAN-source/contracts/SlowMist-Starcrazy Smart Contract Security Audit Report/starcrazy-contracts-e9e11d234ac065726e108a73dfcd5efbad26f2c5/contract/GFT.sol,transferFrom,DAppSCAN-source/contracts/SlowMist-Starcrazy Smart Contract Security Audit Report/starcrazy-contracts-e9e11d234ac065726e108a73dfcd5efbad26f2c5/contract/GFT.sol#L113-L138,0.44011339704679775,0,,require_assert_guard_before_call|callee_user_controlled,,L19: IERC223Receiving receiver = IERC223Receiving(to_);,L10: revert();,"1: function transferFrom(\n2:         address from_,\n3:         address to_,\n4:         uint256 amount_,\n5:         bytes memory data_\n6:     ) public transfersAllowed returns (bool success) {\n7:         // Alerts the token _controller of the transfer\n8:         if (isContract(_controller)) {\n9:             if (!ITokenController(_controller).onTransfer(from_, to_, amount_))\n10:                 revert();\n11:         }\n12: \n13:         require(\n14:             super.transferFrom(from_, to_, amount_),",i:transferFrom,protected reentrancy-like pattern,external call plus guard/modifier/state-update signal,2
top50_most_ambiguous|top50_weak_or_no_safety,DAPP::DAppSCAN-source/contracts/SlowMist-Starcrazy Smart Contract Security Audit Report/starcrazy-contracts-e9e11d234ac065726e108a73dfcd5efbad26f2c5::GFS,DAppSCAN-source/contracts/SlowMist-Starcrazy Smart Contract Security Audit Report/starcrazy-contracts-e9e11d234ac065726e108a73dfcd5efbad26f2c5/contract/GFS.sol,transferFrom,DAppSCAN-source/contracts/SlowMist-Starcrazy Smart Contract Security Audit Report/starcrazy-contracts-e9e11d234ac065726e108a73dfcd5efbad26f2c5/contract/GFS.sol#L122-L147,0.4392721143731211,0,,require_assert_guard_before_call|callee_user_controlled,,L19: IERC223Receiving receiver = IERC223Receiving(to_);,L10: revert();,"1: function transferFrom(\n2:         address from_,\n3:         address to_,\n4:         uint256 amount_,\n5:         bytes memory data_\n6:     ) public transfersAllowed returns (bool success) {\n7:         // Alerts the token _controller of the transfer\n8:         if (isContract(_controller)) {\n9:             if (!ITokenController(_controller).onTransfer(from_, to_, amount_))\n10:                 revert();\n11:         }\n12: \n13:         require(\n14:             super.transferFrom(from_, to_, amount_),",i:transferFrom,protected reentrancy-like pattern,external call plus guard/modifier/state-update signal,2
top50_most_ambiguous|top50_weak_or_no_safety,DAPP::DAppSCAN-source/contracts/consensys-Zer0_zBanc/zBanc-48da0ac1eebbe31a74742f1ae4281b156f03a4bc::DynamicLiquidTokenConverterFactory,DAppSCAN-source/contracts/consensys-Zer0_zBanc/zBanc-48da0ac1eebbe31a74742f1ae4281b156f03a4bc/solidity/contracts/converter/types/liquid-token/DynamicLiquidTokenConverterFactory.sol,createConverter,DAppSCAN-source/contracts/consensys-Zer0_zBanc/zBanc-48da0ac1eebbe31a74742f1ae4281b156f03a4bc/solidity/contracts/converter/types/liquid-token/DynamicLiquidTokenConverterFactory.sol#L94-L137,0.41885471933446444,0,,require_assert_guard_before_call|callee_user_controlled,L25: address(converter).transfer(msg.value);,"L17: DynamicLiquidTokenConverter converter = new DynamicLiquidTokenConverter(IDSToken(address(_anchor)), _registry, _maxConversionFee);","L19: require(_reserveToken == ETH_RESERVE_ADDRESS ? msg.value == _reserveBalance : msg.value == 0, ""ERR_ETH_AMOUNT_MISMATCH"");","20: \n21:         converter.addReserve(_reserveToken, _reserveWeight);\n22: \n23:         if (_reserveBalance > 0)\n24:           if (_reserveToken == ETH_RESERVE_ADDRESS)\n25:               address(converter).transfer(msg.value);\n26:           else\n27:               safeTransferFrom(_reserveToken, msg.sender, address(converter), _reserveBalance);\n28: \n29:         converter.setMinimumWeight(_minimumWeight);\n30:         converter.setStepWeight(_stepWeight);\n31:         converter.setMarketCapThreshold(_marketCapThreshold);\n32: \n33:         if (_anchor.owner() != address(this))",i:createConverter,protected reentrancy-like pattern,external call plus guard/modifier/state-update signal,2
top50_most_ambiguous,DAPP::DAppSCAN-source/contracts/consensys-Zer0_zBanc/zBanc-48da0ac1eebbe31a74742f1ae4281b156f03a4bc::PoolTokensContainer,DAppSCAN-source/contracts/consensys-Zer0_zBanc/zBanc-48da0ac1eebbe31a74742f1ae4281b156f03a4bc/solidity/contracts/converter/types/liquidity-pool-v2/PoolTokensContainer.sol,createToken,DAppSCAN-source/contracts/consensys-Zer0_zBanc/zBanc-48da0ac1eebbe31a74742f1ae4281b156f03a4bc/solidity/contracts/converter/types/liquidity-pool-v2/PoolTokensContainer.sol#L53-L63,0.41623921665289804,0,,require_assert_guard_before_call|callee_user_controlled|contract_inheritance_modifier_summary,,"L5: string memory poolName = concatStrDigit(name, uint8(_poolTokens.length + 1));","L3: require(_poolTokens.length < MAX_POOL_TOKENS, ""ERR_MAX_LIMIT_REACHED"");","1: function createToken() external override ownerOnly returns (IDSToken) {\n2:         // verify that the max limit wasn't reached\n3:         require(_poolTokens.length < MAX_POOL_TOKENS, ""ERR_MAX_LIMIT_REACHED"");\n4: \n5:         string memory poolName = concatStrDigit(name, uint8(_poolTokens.length + 1));\n6:         string memory poolSymbol = concatStrDigit(symbol, uint8(_poolTokens.length + 1));\n7: \n8:         DSToken token = new DSToken(poolName, poolSymbol, decimals);\n9:         _poolTokens.push(token);\n10:         return token;\n11:     }",i:createToken,protected reentrancy-like pattern,external call plus guard/modifier/state-update signal,3
top50_most_ambiguous,DAPP::DAppSCAN-source/contracts/consensys-Zer0_zBanc/zBanc-48da0ac1eebbe31a74742f1ae4281b156f03a4bc::ConverterUpgrader,DAppSCAN-source/contracts/consensys-Zer0_zBanc/zBanc-48da0ac1eebbe31a74742f1ae4281b156f03a4bc/solidity/contracts/converter/ConverterUpgrader.sol,updateRegistry,DAppSCAN-source/contracts/consensys-Zer0_zBanc/zBanc-48da0ac1eebbe31a74742f1ae4281b156f03a4bc/solidity/contracts/converter/ConverterUpgrader.sol#L56-L74,0.406805591464697,0,,state_update_after_external_call|require_assert_guard_before_call|only_owner_or_access_control|contract_many_risky_interactions|contract_modifier_access_summary|contract_inheritance_modifier_summary,,L6: IContractRegistry newRegistry = IContractRegistry(addressOf(CONTRACT_REGISTRY));,"L3: require(msg.sender == owner || !onlyOwnerCanUpdateRegistry, ""ERR_ACCESS_DENIED""); | function updateRegistry() public","1: function updateRegistry() public {\n2:         // verify that this function is permitted\n3:         require(msg.sender == owner || !onlyOwnerCanUpdateRegistry, ""ERR_ACCESS_DENIED"");\n4: \n5:         // get the new contract-registry\n6:         IContractRegistry newRegistry = IContractRegistry(addressOf(CONTRACT_REGISTRY));\n7: \n8:         // verify that the new contract-registry is different and not zero\n9:         require(newRegistry != registry && address(newRegistry) != address(0), ""ERR_INVALID_REGISTRY"");\n10: \n11:         // verify that the new contract-registry is pointing to a non-zero contract-registry\n12:         require(newRegistry.addressOf(CONTRACT_REGISTRY) != address(0), ""ERR_INVALID_REGISTRY"");\n13: \n14:         // save a backup of the current contract-registry before replacing it",i:updateRegistry,protected reentrancy-like pattern,external call plus guard/modifier/state-update signal,6
top50_most_ambiguous,DAPP::DAppSCAN-source/contracts/consensys-Zer0_zBanc/zBanc-48da0ac1eebbe31a74742f1ae4281b156f03a4bc::ConversionPathFinder,DAppSCAN-source/contracts/consensys-Zer0_zBanc/zBanc-48da0ac1eebbe31a74742f1ae4281b156f03a4bc/solidity/contracts/ConversionPathFinder.sol,updateRegistry,DAppSCAN-source/contracts/consensys-Zer0_zBanc/zBanc-48da0ac1eebbe31a74742f1ae4281b156f03a4bc/solidity/contracts/ConversionPathFinder.sol#L56-L74,0.3701603693300336,0,,state_update_after_external_call|require_assert_guard_before_call|only_owner_or_access_control|contract_modifier_access_summary|contract_inheritance_modifier_summary,,L6: IContractRegistry newRegistry = IContractRegistry(addressOf(CONTRACT_REGISTRY));,"L3: require(msg.sender == owner || !onlyOwnerCanUpdateRegistry, ""ERR_ACCESS_DENIED""); | function updateRegistry() public","1: function updateRegistry() public {\n2:         // verify that this function is permitted\n3:         require(msg.sender == owner || !onlyOwnerCanUpdateRegistry, ""ERR_ACCESS_DENIED"");\n4: \n5:         // get the new contract-registry\n6:         IContractRegistry newRegistry = IContractRegistry(addressOf(CONTRACT_REGISTRY));\n7: \n8:         // verify that the new contract-registry is different and not zero\n9:         require(newRegistry != registry && address(newRegistry) != address(0), ""ERR_INVALID_REGISTRY"");\n10: \n11:         // verify that the new contract-registry is pointing to a non-zero contract-registry\n12:         require(newRegistry.addressOf(CONTRACT_REGISTRY) != address(0), ""ERR_INVALID_REGISTRY"");\n13: \n14:         // save a backup of the current contract-registry before replacing it",i:updateRegistry,protected reentrancy-like pattern,external call plus guard/modifier/state-update signal,5
top50_most_ambiguous|top50_weak_or_no_safety,DAPP::DAppSCAN-source/contracts/consensys-Amp/amp-token-contracts-6871b6c64c712835b332e515cc553308dcbbc539::CollateralPoolPartitionValidator,DAppSCAN-source/contracts/consensys-Amp/amp-token-contracts-6871b6c64c712835b332e515cc553308dcbbc539/contracts/partitions/CollateralPoolPartitionValidator.sol,tokensToPartitionToValidate,DAppSCAN-source/contracts/consensys-Amp/amp-token-contracts-6871b6c64c712835b332e515cc553308dcbbc539/contracts/partitions/CollateralPoolPartitionValidator.sol#L66-L88,0.36622032033642593,0,,require_assert_guard_before_call|contract_inheritance_modifier_summary,,,"L11: require(msg.sender == address(amp), ""Hook must be called by amp"");","1: function tokensToPartitionToValidate(\n2:         bytes4, /* functionSig */\n3:         bytes32 _toPartition,\n4:         address, /* operator */\n5:         address, /* from */\n6:         address _to,\n7:         uint256, /* value */\n8:         bytes calldata, /* _data */\n9:         bytes calldata /* operatorData */\n10:     ) external override {\n11:         require(msg.sender == address(amp), ""Hook must be called by amp"");\n12: \n13:         (, , address toPartitionOwner) = _splitPartition(_toPartition);\n14: ",i:tokensToPartitionToValidate,protected reentrancy-like pattern,external call plus guard/modifier/state-update signal,2
top50_most_ambiguous|top50_weak_or_no_safety,DAPP::DAppSCAN-source/contracts/Runtime_Vеrification-ElementFinance/elf-contracts-637c6f959315cbb11a164555e588520c7d89122b::TokenFactory,DAppSCAN-source/contracts/Runtime_Vеrification-ElementFinance/elf-contracts-637c6f959315cbb11a164555e588520c7d89122b/contracts/balancer-core-v2/test/TokenFactory.sol,getTokens,DAppSCAN-source/contracts/Runtime_Vеrification-ElementFinance/elf-contracts-637c6f959315cbb11a164555e588520c7d89122b/contracts/balancer-core-v2/test/TokenFactory.sol#L38-L47,0.35266327059069996,0,,require_assert_guard_before_call|callee_user_controlled,,L4: address[] memory token = new address[](end - start);,"L2: require((end >= start) && (end - start) <= _tokens.length(), ""OUT_OF_BOUNDS"");","1: function getTokens(uint256 start, uint256 end) external view returns (address[] memory) {\n2:         require((end >= start) && (end - start) <= _tokens.length(), ""OUT_OF_BOUNDS"");\n3: \n4:         address[] memory token = new address[](end - start);\n5:         for (uint256 i = 0; i < token.length; ++i) {\n6:             token[i] = _tokens.at(i + start);\n7:         }\n8: \n9:         return token;\n10:     }",i:getTokens,protected reentrancy-like pattern,external call plus guard/modifier/state-update signal,2
top50_most_ambiguous,DAPP::DAppSCAN-source/contracts/consensys-Zer0_zBanc/zBanc-48da0ac1eebbe31a74742f1ae4281b156f03a4bc::BancorX,DAppSCAN-source/contracts/consensys-Zer0_zBanc/zBanc-48da0ac1eebbe31a74742f1ae4281b156f03a4bc/solidity/contracts/bancorx/BancorX.sol,updateRegistry,DAppSCAN-source/contracts/consensys-Zer0_zBanc/zBanc-48da0ac1eebbe31a74742f1ae4281b156f03a4bc/solidity/contracts/bancorx/BancorX.sol#L56-L74,0.34376081894243254,0,,state_update_after_external_call|require_assert_guard_before_call|only_owner_or_access_control|contract_modifier_access_summary|contract_inheritance_modifier_summary,,L6: IContractRegistry newRegistry = IContractRegistry(addressOf(CONTRACT_REGISTRY));,"L3: require(msg.sender == owner || !onlyOwnerCanUpdateRegistry, ""ERR_ACCESS_DENIED""); | function updateRegistry() public","1: function updateRegistry() public {\n2:         // verify that this function is permitted\n3:         require(msg.sender == owner || !onlyOwnerCanUpdateRegistry, ""ERR_ACCESS_DENIED"");\n4: \n5:         // get the new contract-registry\n6:         IContractRegistry newRegistry = IContractRegistry(addressOf(CONTRACT_REGISTRY));\n7: \n8:         // verify that the new contract-registry is different and not zero\n9:         require(newRegistry != registry && address(newRegistry) != address(0), ""ERR_INVALID_REGISTRY"");\n10: \n11:         // verify that the new contract-registry is pointing to a non-zero contract-registry\n12:         require(newRegistry.addressOf(CONTRACT_REGISTRY) != address(0), ""ERR_INVALID_REGISTRY"");\n13: \n14:         // save a backup of the current contract-registry before replacing it",i:updateRegistry,protected reentrancy-like pattern,external call plus guard/modifier/state-update signal,5
top50_most_ambiguous|top50_weak_or_no_safety,DAPP::DAppSCAN-source/contracts/SlowMist-Starcrazy Smart Contract Security Audit Report/starcrazy-contracts-e9e11d234ac065726e108a73dfcd5efbad26f2c5::WGFT,DAppSCAN-source/contracts/SlowMist-Starcrazy Smart Contract Security Audit Report/starcrazy-contracts-e9e11d234ac065726e108a73dfcd5efbad26f2c5/contract/WGFT.sol,transferFrom,DAppSCAN-source/contracts/SlowMist-Starcrazy Smart Contract Security Audit Report/starcrazy-contracts-e9e11d234ac065726e108a73dfcd5efbad26f2c5/contract/WGFT.sol#L130-L155,0.3201764217856431,0,,require_assert_guard_before_call|callee_user_controlled,,L19: IERC223Receiving receiver = IERC223Receiving(to_);,L10: revert();,"1: function transferFrom(\n2:         address from_,\n3:         address to_,\n4:         uint256 amount_,\n5:         bytes memory data_\n6:     ) public transfersAllowed returns (bool success) {\n7:         // Alerts the token _controller of the transfer\n8:         if (isContract(_controller)) {\n9:             if (!ITokenController(_controller).onTransfer(from_, to_, amount_))\n10:                 revert();\n11:         }\n12: \n13:         require(\n14:             super.transferFrom(from_, to_, amount_),",i:transferFrom,protected reentrancy-like pattern,external call plus guard/modifier/state-update signal,2
top50_most_ambiguous,DAPP::DAppSCAN-source/contracts/QuillAudits-GearBox Protocol-GearBox Protocol/gearbox-contracts-0ac33ba87212ce056ac6b6357ad74161d417158a::ACLTrait,DAppSCAN-source/contracts/QuillAudits-GearBox Protocol-GearBox Protocol/gearbox-contracts-0ac33ba87212ce056ac6b6357ad74161d417158a/contracts/core/ACLTrait.sol,pause,DAppSCAN-source/contracts/QuillAudits-GearBox Protocol-GearBox Protocol/gearbox-contracts-0ac33ba87212ce056ac6b6357ad74161d417158a/contracts/core/ACLTrait.sol#L34-L40,0.3086289491124546,0,,require_assert_guard_before_call|only_owner_or_access_control|contract_modifier_access_summary,,,L2: require( | function pause() external,"1: function pause() external {\n2:         require(\n3:             _acl.isPausableAdmin(msg.sender),\n4:             Errors.ACL_CALLER_NOT_PAUSABLE_ADMIN\n5:         ); // T:[ACLT-1]\n6:         _pause();\n7:     }",i:pause,protected reentrancy-like pattern,external call plus guard/modifier/state-update signal,3
top50_most_ambiguous,DAPP::DAppSCAN-source/contracts/QuillAudits-GearBox Protocol-GearBox Protocol/gearbox-contracts-0ac33ba87212ce056ac6b6357ad74161d417158a::ContractsRegister,DAppSCAN-source/contracts/QuillAudits-GearBox Protocol-GearBox Protocol/gearbox-contracts-0ac33ba87212ce056ac6b6357ad74161d417158a/contracts/core/ContractsRegister.sol,pause,DAppSCAN-source/contracts/QuillAudits-GearBox Protocol-GearBox Protocol/gearbox-contracts-0ac33ba87212ce056ac6b6357ad74161d417158a/contracts/core/ContractsRegister.sol#L34-L40,0.3086289491124546,0,,require_assert_guard_before_call|only_owner_or_access_control|contract_modifier_access_summary,,,L2: require( | function pause() external,"1: function pause() external {\n2:         require(\n3:             _acl.isPausableAdmin(msg.sender),\n4:             Errors.ACL_CALLER_NOT_PAUSABLE_ADMIN\n5:         ); // T:[ACLT-1]\n6:         _pause();\n7:     }",i:pause,protected reentrancy-like pattern,external call plus guard/modifier/state-update signal,3
top50_most_ambiguous,DAPP::DAppSCAN-source/contracts/consensys-Zer0_zBanc/zBanc-48da0ac1eebbe31a74742f1ae4281b156f03a4bc::ContractRegistryClient,DAppSCAN-source/contracts/consensys-Zer0_zBanc/zBanc-48da0ac1eebbe31a74742f1ae4281b156f03a4bc/solidity/contracts/utility/ContractRegistryClient.sol,updateRegistry,DAppSCAN-source/contracts/consensys-Zer0_zBanc/zBanc-48da0ac1eebbe31a74742f1ae4281b156f03a4bc/solidity/contracts/utility/ContractRegistryClient.sol#L56-L74,0.2917815631507048,0,,state_update_after_external_call|require_assert_guard_before_call|only_owner_or_access_control|contract_modifier_access_summary|contract_inheritance_modifier_summary,,L6: IContractRegistry newRegistry = IContractRegistry(addressOf(CONTRACT_REGISTRY));,"L3: require(msg.sender == owner || !onlyOwnerCanUpdateRegistry, ""ERR_ACCESS_DENIED""); | function updateRegistry() public","1: function updateRegistry() public {\n2:         // verify that this function is permitted\n3:         require(msg.sender == owner || !onlyOwnerCanUpdateRegistry, ""ERR_ACCESS_DENIED"");\n4: \n5:         // get the new contract-registry\n6:         IContractRegistry newRegistry = IContractRegistry(addressOf(CONTRACT_REGISTRY));\n7: \n8:         // verify that the new contract-registry is different and not zero\n9:         require(newRegistry != registry && address(newRegistry) != address(0), ""ERR_INVALID_REGISTRY"");\n10: \n11:         // verify that the new contract-registry is pointing to a non-zero contract-registry\n12:         require(newRegistry.addressOf(CONTRACT_REGISTRY) != address(0), ""ERR_INVALID_REGISTRY"");\n13: \n14:         // save a backup of the current contract-registry before replacing it",i:updateRegistry,protected reentrancy-like pattern,external call plus guard/modifier/state-update signal,5
top50_most_ambiguous,DAPP::DAppSCAN-source/contracts/consensys-Zer0_zBanc/zBanc-48da0ac1eebbe31a74742f1ae4281b156f03a4bc::TestContractRegistryClient,DAppSCAN-source/contracts/consensys-Zer0_zBanc/zBanc-48da0ac1eebbe31a74742f1ae4281b156f03a4bc/solidity/contracts/helpers/TestContractRegistryClient.sol,updateRegistry,DAppSCAN-source/contracts/consensys-Zer0_zBanc/zBanc-48da0ac1eebbe31a74742f1ae4281b156f03a4bc/solidity/contracts/helpers/TestContractRegistryClient.sol#L56-L74,0.2917174572722561,0,,state_update_after_external_call|require_assert_guard_before_call|only_owner_or_access_control|contract_modifier_access_summary|contract_inheritance_modifier_summary,,L6: IContractRegistry newRegistry = IContractRegistry(addressOf(CONTRACT_REGISTRY));,"L3: require(msg.sender == owner || !onlyOwnerCanUpdateRegistry, ""ERR_ACCESS_DENIED""); | function updateRegistry() public","1: function updateRegistry() public {\n2:         // verify that this function is permitted\n3:         require(msg.sender == owner || !onlyOwnerCanUpdateRegistry, ""ERR_ACCESS_DENIED"");\n4: \n5:         // get the new contract-registry\n6:         IContractRegistry newRegistry = IContractRegistry(addressOf(CONTRACT_REGISTRY));\n7: \n8:         // verify that the new contract-registry is different and not zero\n9:         require(newRegistry != registry && address(newRegistry) != address(0), ""ERR_INVALID_REGISTRY"");\n10: \n11:         // verify that the new contract-registry is pointing to a non-zero contract-registry\n12:         require(newRegistry.addressOf(CONTRACT_REGISTRY) != address(0), ""ERR_INVALID_REGISTRY"");\n13: \n14:         // save a backup of the current contract-registry before replacing it",i:updateRegistry,protected reentrancy-like pattern,external call plus guard/modifier/state-update signal,5
top50_most_ambiguous,DAPP::DAppSCAN-source/contracts/SlowMist-Starcrazy Smart Contract Security Audit Report/starcrazy-contracts-e9e11d234ac065726e108a73dfcd5efbad26f2c5::AlianaOwnership,DAppSCAN-source/contracts/SlowMist-Starcrazy Smart Contract Security Audit Report/starcrazy-contracts-e9e11d234ac065726e108a73dfcd5efbad26f2c5/contract/aliana/AlianaOwnership.sol,setGeneScienceAddress,DAppSCAN-source/contracts/SlowMist-Starcrazy Smart Contract Security Audit Report/starcrazy-contracts-e9e11d234ac065726e108a73dfcd5efbad26f2c5/contract/aliana/AlianaOwnership.sol#L42-L47,0.2862525460227646,0,,state_update_after_external_call|require_assert_guard_before_call|callee_user_controlled,,L5: geneScience = _address;,"L2: require(_address.isGeneScience(), ""Aliana: not gene"");","1: function setGeneScienceAddress(IGeneScience _address) public onlyCEO {\n2:         require(_address.isGeneScience(), ""Aliana: not gene"");\n3: \n4:         // Set the new contract address\n5:         geneScience = _address;\n6:     }",i:setGeneScienceAddress,protected reentrancy-like pattern,external call plus guard/modifier/state-update signal,3
top50_most_ambiguous,DAPP::DAppSCAN-source/contracts/SlowMist-Starcrazy Smart Contract Security Audit Report/starcrazy-contracts-e9e11d234ac065726e108a73dfcd5efbad26f2c5::AlianaBase,DAppSCAN-source/contracts/SlowMist-Starcrazy Smart Contract Security Audit Report/starcrazy-contracts-e9e11d234ac065726e108a73dfcd5efbad26f2c5/contract/aliana/AlianaBase.sol,setGeneScienceAddress,DAppSCAN-source/contracts/SlowMist-Starcrazy Smart Contract Security Audit Report/starcrazy-contracts-e9e11d234ac065726e108a73dfcd5efbad26f2c5/contract/aliana/AlianaBase.sol#L42-L47,0.2862525460227646,0,,state_update_after_external_call|require_assert_guard_before_call|callee_user_controlled,,L5: geneScience = _address;,"L2: require(_address.isGeneScience(), ""Aliana: not gene"");","1: function setGeneScienceAddress(IGeneScience _address) public onlyCEO {\n2:         require(_address.isGeneScience(), ""Aliana: not gene"");\n3: \n4:         // Set the new contract address\n5:         geneScience = _address;\n6:     }",i:setGeneScienceAddress,protected reentrancy-like pattern,external call plus guard/modifier/state-update signal,3
top50_most_ambiguous,DAPP::DAppSCAN-source/contracts/Trail_of_Bits-OriginDollar/origin-dollar-81431fd3b2aa4c518ffc389844f9708c00b516f0::Vault,DAppSCAN-source/contracts/Trail_of_Bits-OriginDollar/origin-dollar-81431fd3b2aa4c518ffc389844f9708c00b516f0/contracts/contracts/vault/Vault.sol,removeStrategy,DAppSCAN-source/contracts/Trail_of_Bits-OriginDollar/origin-dollar-81431fd3b2aa4c518ffc389844f9708c00b516f0/contracts/contracts/vault/Vault.sol#L133-L166,0.26816200417826724,0,,require_assert_guard_before_call|only_owner_or_access_control|contract_modifier_access_summary|contract_inheritance_modifier_summary,,L6: uint256 strategyIndex = allStrategies.length;,"L2: require(strategies[_addr].isSupported, ""Strategy not added""); | function removeStrategy(address _addr) external onlyGovernor","1: function removeStrategy(address _addr) external onlyGovernor {\n2:         require(strategies[_addr].isSupported, ""Strategy not added"");\n3: \n4:         // Initialize strategyIndex with out of bounds result so function will\n5:         // revert if no valid index found\n6:         uint256 strategyIndex = allStrategies.length;\n7:         for (uint256 i = 0; i < allStrategies.length; i++) {\n8:             if (allStrategies[i] == _addr) {\n9:                 strategyIndex = i;\n10:                 break;\n11:             }\n12:         }\n13: \n14:         if (strategyIndex < allStrategies.length) {",i:removeStrategy,protected reentrancy-like pattern,external call plus guard/modifier/state-update signal,4
top50_most_ambiguous,DAPP::DAppSCAN-source/contracts/PeckShield-Tranchessv1.0/contract-core-5ac3d997da3ef37b0135565a11c5ebcc519862aa::ChessSchedule,DAppSCAN-source/contracts/PeckShield-Tranchessv1.0/contract-core-5ac3d997da3ef37b0135565a11c5ebcc519862aa/contracts/governance/ChessSchedule.sol,mint,DAppSCAN-source/contracts/PeckShield-Tranchessv1.0/contract-core-5ac3d997da3ef37b0135565a11c5ebcc519862aa/contracts/governance/ChessSchedule.sol#L120-L124,0.2512511129142271,0,,state_update_after_external_call|require_assert_guard_before_call|contract_inheritance_modifier_summary,"L3: chess.transfer(account, amount);",L4: minted = minted.add(amount);,"L2: require(minted.add(amount) <= availableSupply(), ""Exceeds allowable mint amount"");","1: function mint(address account, uint256 amount) external override onlyMinter {\n2:         require(minted.add(amount) <= availableSupply(), ""Exceeds allowable mint amount"");\n3:         chess.transfer(account, amount);\n4:         minted = minted.add(amount);\n5:     }",i:mint,protected reentrancy-like pattern,external call plus guard/modifier/state-update signal,3
top50_most_ambiguous,DAPP::DAppSCAN-source/contracts/PeckShield-TranchessV1.1/contract-core-68a86350313c1cb9e5467e791d3e9efaf228a0df::ChessSchedule,DAppSCAN-source/contracts/PeckShield-TranchessV1.1/contract-core-68a86350313c1cb9e5467e791d3e9efaf228a0df/contracts/governance/ChessSchedule.sol,mint,DAppSCAN-source/contracts/PeckShield-TranchessV1.1/contract-core-68a86350313c1cb9e5467e791d3e9efaf228a0df/contracts/governance/ChessSchedule.sol#L122-L126,0.21608825956743266,0,,state_update_after_external_call|require_assert_guard_before_call|safe_erc20_wrapper|contract_inheritance_modifier_summary,"L3: chess.safeTransfer(account, amount);",L4: minted = minted.add(amount);,"L2: require(minted.add(amount) <= availableSupply(), ""Exceeds allowable mint amount"");","1: function mint(address account, uint256 amount) external override onlyMinter {\n2:         require(minted.add(amount) <= availableSupply(), ""Exceeds allowable mint amount"");\n3:         chess.safeTransfer(account, amount);\n4:         minted = minted.add(amount);\n5:     }",i:mint,protected reentrancy-like pattern,external call plus guard/modifier/state-update signal,4
top50_most_ambiguous,DAPP::DAppSCAN-source/contracts/consensys-Zer0_zBanc/zBanc-48da0ac1eebbe31a74742f1ae4281b156f03a4bc::TestReentrancyGuard,DAppSCAN-source/contracts/consensys-Zer0_zBanc/zBanc-48da0ac1eebbe31a74742f1ae4281b156f03a4bc/solidity/contracts/helpers/TestReentrancyGuard.sol,run,DAppSCAN-source/contracts/consensys-Zer0_zBanc/zBanc-48da0ac1eebbe31a74742f1ae4281b156f03a4bc/solidity/contracts/helpers/TestReentrancyGuard.sol#L54-L58,0.21229441889177741,0,,state_update_before_external_call|nonreentrant_modifier|contract_modifier_access_summary,,L2: calls++;,nonReentrant/modifier,1: function run() private {\n2:         calls++;\n3: \n4:         TestReentrancyGuardAttacker(msg.sender).callback();\n5:     },i:run,protected reentrancy-like pattern,external call plus guard/modifier/state-update signal,3
top50_weak_or_no_safety,DAPP::DAppSCAN-source/contracts/consensys-DeFi_Saver/defisaver-v3-contracts-cb29669a84c2d6fffaf2231c0938eb407c060919::CompSupply,DAppSCAN-source/contracts/consensys-DeFi_Saver/defisaver-v3-contracts-cb29669a84c2d6fffaf2231c0938eb407c060919/contracts/actions/compound/CompSupply.sol,_supply,DAppSCAN-source/contracts/consensys-DeFi_Saver/defisaver-v3-contracts-cb29669a84c2d6fffaf2231c0938eb407c060919/contracts/actions/compound/CompSupply.sol#L57-L96,0.1820234796498946,0,,require_assert_guard_before_call|callee_user_controlled,,L7: address tokenAddr = getUnderlyingAddr(_cTokenAddr);,"L26: require(ICToken(_cTokenAddr).mint(_amount) == 0, ERR_COMP_SUPPLY_FAILED);","1: function _supply(\n2:         address _cTokenAddr,\n3:         uint256 _amount,\n4:         address _from,\n5:         bool _enableAsColl\n6:     ) internal returns (uint256) {\n7:         address tokenAddr = getUnderlyingAddr(_cTokenAddr);\n8: \n9:         // if amount type(uint256).max, pull current proxy balance\n10:         if (_amount == type(uint256).max) {\n11:             _amount = tokenAddr.getBalance(address(this));\n12:         }\n13: \n14:         // pull the tokens _from to the proxy",i:_supply,protected reentrancy-like pattern,external call plus guard/modifier/state-update signal,2
top50_weak_or_no_safety,DAPP::DAppSCAN-source/contracts/consensys-DeFi_Saver/defisaver-v3-contracts-cb29669a84c2d6fffaf2231c0938eb407c060919::CompWithdraw,DAppSCAN-source/contracts/consensys-DeFi_Saver/defisaver-v3-contracts-cb29669a84c2d6fffaf2231c0938eb407c060919/contracts/actions/compound/CompWithdraw.sol,_withdraw,DAppSCAN-source/contracts/consensys-DeFi_Saver/defisaver-v3-contracts-cb29669a84c2d6fffaf2231c0938eb407c060919/contracts/actions/compound/CompWithdraw.sol#L56-L98,0.17257646670617918,0,,require_assert_guard_before_call|callee_user_controlled,,L6: address tokenAddr = getUnderlyingAddr(_cTokenAddr);,"L18: require(ICToken(_cTokenAddr).redeem(_amount) == 0, ERR_COMP_REDEEM);","1: function _withdraw(\n2:         address _cTokenAddr,\n3:         uint256 _amount,\n4:         address _to\n5:     ) internal returns (uint256) {\n6:         address tokenAddr = getUnderlyingAddr(_cTokenAddr);\n7: \n8:         // because comp returns native eth we need to check the balance of that\n9:         if (tokenAddr == TokenUtils.WETH_ADDR) {\n10:             tokenAddr = TokenUtils.ETH_ADDR;\n11:         }\n12: \n13:         uint256 tokenBalanceBefore = tokenAddr.getBalance(address(this));\n14: ",i:_withdraw,protected reentrancy-like pattern,external call plus guard/modifier/state-update signal,2
top50_weak_or_no_safety,DAPP::DAppSCAN-source/contracts/consensys-DeFi_Saver/defisaver-v3-contracts-cb29669a84c2d6fffaf2231c0938eb407c060919::CompBorrow,DAppSCAN-source/contracts/consensys-DeFi_Saver/defisaver-v3-contracts-cb29669a84c2d6fffaf2231c0938eb407c060919/contracts/actions/compound/CompBorrow.sol,_borrow,DAppSCAN-source/contracts/consensys-DeFi_Saver/defisaver-v3-contracts-cb29669a84c2d6fffaf2231c0938eb407c060919/contracts/actions/compound/CompBorrow.sol#L55-L77,0.14879218527415547,0,,require_assert_guard_before_call|callee_user_controlled,,L6: address tokenAddr = getUnderlyingAddr(_cTokenAddr);,"L11: require(ICToken(_cTokenAddr).borrow(_amount) == 0, ERR_COMP_BORROW);","1: function _borrow(\n2:         address _cTokenAddr,\n3:         uint256 _amount,\n4:         address _to\n5:     ) internal returns (uint256) {\n6:         address tokenAddr = getUnderlyingAddr(_cTokenAddr);\n7: \n8:         // if the tokens are borrowed we need to enter the market\n9:         enterMarket(_cTokenAddr);\n10: \n11:         require(ICToken(_cTokenAddr).borrow(_amount) == 0, ERR_COMP_BORROW);\n12: \n13:         // always return WETH, never native Eth\n14:         if (tokenAddr == TokenUtils.WETH_ADDR) {",i:_borrow,protected reentrancy-like pattern,external call plus guard/modifier/state-update signal,2
top50_weak_or_no_safety,DAPP::DAppSCAN-source/contracts/Trail_of_Bits-FujiProtocol/fuji-protocol-933ea57b11889d87744efa23e95c90b7bf589402::FujiOracle,DAppSCAN-source/contracts/Trail_of_Bits-FujiProtocol/fuji-protocol-933ea57b11889d87744efa23e95c90b7bf589402/contracts/FujiOracle.sol,_getUSDPrice,DAppSCAN-source/contracts/Trail_of_Bits-FujiProtocol/fuji-protocol-933ea57b11889d87744efa23e95c90b7bf589402/contracts/FujiOracle.sol#L53-L59,0.11878107179948062,0,,require_assert_guard_before_call|callee_user_controlled,,L6: price = uint256(latestPrice);,"L2: require(usdPriceFeeds[_asset] != address(0), Errors.ORACLE_NONE_PRICE_FEED);","1: function _getUSDPrice(address _asset) internal view returns (uint256 price) {\n2:     require(usdPriceFeeds[_asset] != address(0), Errors.ORACLE_NONE_PRICE_FEED);\n3: \n4:     (, int256 latestPrice, , , ) = AggregatorV3Interface(usdPriceFeeds[_asset]).latestRoundData();\n5: \n6:     price = uint256(latestPrice);\n7:   }",i:_getUSDPrice,protected reentrancy-like pattern,external call plus guard/modifier/state-update signal,2
