severity,issue,split,graph_id,source,project,contract,function,label,vulnerability_type,file,line,source_hash,state_count,external_call_count,external_methods,example_call,details
HIGH,negative_contains_strong_low_level_call_pattern,train,FORGE::vfp_00126::HubPool,FORGE,vfp_00126,HubPool,executeRootBundle,0,,,,fd5b7459c70c6fc0,3,2,delegatecall|safeTransfer,"adapter.delegatecall(                 abi.encodeWithSignature(                     ""relayMessage(address,bytes)"",",Negative interaction contains low-level call/delegatecall/send/staticcall signal.
HIGH,negative_contains_strong_low_level_call_pattern,train,DAPP::DAppSCAN-source/contracts/Trail_of_Bits-FraxQ42021/frax-solidity-bd40775e283923aa9e32a107abd426430a99835e::SigRelayer2,DAPP,DAppSCAN-source/contracts/Trail_of_Bits-FraxQ42021/frax-solidity-bd40775e283923aa9e32a107abd426430a99835e,SigRelayer2,relayBySigsGST,0,,,,a48ee514dc5dce7b,2,2,call|call,"compToken.call(abi.encodeWithSignature(""delegateBySig(address,uint256,uint256,uint8,bytes32,bytes32)"", sig.delegatee, si",Negative interaction contains low-level call/delegatecall/send/staticcall signal.
HIGH,negative_contains_strong_low_level_call_pattern,train,DAPP::DAppSCAN-source/contracts/Trail_of_Bits-FraxQ42021/frax-solidity-bd40775e283923aa9e32a107abd426430a99835e::SigRelayer2,DAPP,DAppSCAN-source/contracts/Trail_of_Bits-FraxQ42021/frax-solidity-bd40775e283923aa9e32a107abd426430a99835e,SigRelayer2,relayBySigs,0,,,,8ffbeabf85fccce2,2,2,call|call,"compToken.call(abi.encodeWithSignature(""delegateBySig(address,uint256,uint256,uint8,bytes32,bytes32)"", sig.delegatee, si",Negative interaction contains low-level call/delegatecall/send/staticcall signal.
HIGH,unchecked_call_positive_without_low_level_call_signal,train,DAPP::DAppSCAN-source/contracts/Trail_of_Bits-FraxQ42021/frax-solidity-bd40775e283923aa9e32a107abd426430a99835e::TWAMM,DAPP,DAppSCAN-source/contracts/Trail_of_Bits-FraxQ42021/frax-solidity-bd40775e283923aa9e32a107abd426430a99835e,TWAMM,provideLiquidity,1,Unchecked Call Return (SWC-104),DAppSCAN-source/contracts/Trail_of_Bits-FraxQ42021/frax-solidity-bd40775e283923aa9e32a107abd426430a99835e/src/hardhat/contracts/FPI/TWAMM.sol,L135-L136,a86551b578b57469,4,3,executeVirtualOrdersUntilCurrentBlock|transferFrom|transferFrom,longTermOrders.executeVirtualOrdersUntilCurrentBlock(reserveMap),Unchecked-call positive lacks obvious .call/.send/delegatecall/staticcall signal in function/callee text.
HIGH,negative_contains_strong_low_level_call_pattern,train,DAPP::DAppSCAN-source/contracts/Trail_of_Bits-FraxQ42021/frax-solidity-bd40775e283923aa9e32a107abd426430a99835e::CErc20Delegator,DAPP,DAppSCAN-source/contracts/Trail_of_Bits-FraxQ42021/frax-solidity-bd40775e283923aa9e32a107abd426430a99835e,CErc20Delegator,delegateAndReturn,0,,,,0be3439e924027b9,1,1,delegatecall,implementation.delegatecall(msg.data),Negative interaction contains low-level call/delegatecall/send/staticcall signal.
HIGH,unchecked_call_positive_without_low_level_call_signal,train,DAPP::DAppSCAN-source/contracts/Trail_of_Bits-88mph/88mph-contracts-76cd9d1fc45e65f5d0f686621fe6af85c40aa140::xMPH,DAPP,DAppSCAN-source/contracts/Trail_of_Bits-88mph/88mph-contracts-76cd9d1fc45e65f5d0f686621fe6af85c40aa140,xMPH,_deposit,1,Unchecked Call Return (SWC-104),DAppSCAN-source/contracts/Trail_of_Bits-88mph/88mph-contracts-76cd9d1fc45e65f5d0f686621fe6af85c40aa140/contracts/rewards/xMPH.sol,L178,b4315d3d5a99d190,1,1,transferFrom,"mph.transferFrom(msg.sender, address(this), _mphAmount)",Unchecked-call positive lacks obvious .call/.send/delegatecall/staticcall signal in function/callee text.
HIGH,unchecked_call_positive_without_low_level_call_signal,train,DAPP::DAppSCAN-source/contracts/Trail_of_Bits-88mph/88mph-contracts-76cd9d1fc45e65f5d0f686621fe6af85c40aa140::xMPH,DAPP,DAppSCAN-source/contracts/Trail_of_Bits-88mph/88mph-contracts-76cd9d1fc45e65f5d0f686621fe6af85c40aa140,xMPH,_withdraw,1,Unchecked Call Return (SWC-104),DAppSCAN-source/contracts/Trail_of_Bits-88mph/88mph-contracts-76cd9d1fc45e65f5d0f686621fe6af85c40aa140/contracts/rewards/xMPH.sol,L196,56d784677d69e62d,2,1,transfer,"mph.transfer(msg.sender, mphAmount)",Unchecked-call positive lacks obvious .call/.send/delegatecall/staticcall signal in function/callee text.
HIGH,unchecked_call_positive_without_low_level_call_signal,train,DAPP::DAppSCAN-source/contracts/Trail_of_Bits-88mph/88mph-contracts-76cd9d1fc45e65f5d0f686621fe6af85c40aa140::xMPH,DAPP,DAppSCAN-source/contracts/Trail_of_Bits-88mph/88mph-contracts-76cd9d1fc45e65f5d0f686621fe6af85c40aa140,xMPH,_distributeReward,1,Unchecked Call Return (SWC-104),DAppSCAN-source/contracts/Trail_of_Bits-88mph/88mph-contracts-76cd9d1fc45e65f5d0f686621fe6af85c40aa140/contracts/rewards/xMPH.sol,L212,7909358e94693513,8,1,transferFrom,"mph.transferFrom(msg.sender, address(this), rewardAmount)",Unchecked-call positive lacks obvious .call/.send/delegatecall/staticcall signal in function/callee text.
HIGH,negative_contains_strong_low_level_call_pattern,train,DAPP::DAppSCAN-source/contracts/Trail_of_Bits-YieldV2/vault-v2-819a713416249da92c44eb629ed26a49425a4656::Ladle,DAPP,DAppSCAN-source/contracts/Trail_of_Bits-YieldV2/vault-v2-819a713416249da92c44eb629ed26a49425a4656,Ladle,batch,0,,,,71b172c692ea01f9,1,1,delegatecall,address(this).delegatecall(calls[i]),Negative interaction contains low-level call/delegatecall/send/staticcall signal.
HIGH,negative_contains_strong_low_level_call_pattern,train,DAPP::DAppSCAN-source/contracts/Trail_of_Bits-YieldV2/vault-v2-819a713416249da92c44eb629ed26a49425a4656::TLMModule,DAPP,DAppSCAN-source/contracts/Trail_of_Bits-YieldV2/vault-v2-819a713416249da92c44eb629ed26a49425a4656,TLMModule,register,0,,,,ff0af1bc7f7d6cdb,4,3,series|ilks|gem,cauldron.series(seriesId),Negative interaction contains low-level call/delegatecall/send/staticcall signal.
HIGH,unchecked_call_positive_without_low_level_call_signal,train,DAPP::DAppSCAN-source/contracts/Hacken-Hyksos/hyksos-contracts-audit::HyksosCyberkongz,DAPP,DAppSCAN-source/contracts/Hacken-Hyksos/hyksos-contracts-audit,HyksosCyberkongz,payErc20,1,Unchecked Call Return (SWC-104),DAppSCAN-source/contracts/Hacken-Hyksos/hyksos-contracts-audit/HyksosCyberkongz.sol,L35-37,79fe7ace93b8a83f,1,1,transfer,"erc20.transfer(_receiver, _amount)",Unchecked-call positive lacks obvious .call/.send/delegatecall/staticcall signal in function/callee text.
HIGH,unchecked_call_positive_without_low_level_call_signal,train,DAPP::DAppSCAN-source/contracts/Hacken-Hyksos/hyksos-contracts-audit::HyksosCyberkongz,DAPP,DAppSCAN-source/contracts/Hacken-Hyksos/hyksos-contracts-audit,HyksosCyberkongz,depositErc20,1,Unchecked Call Return (SWC-104),DAppSCAN-source/contracts/Hacken-Hyksos/hyksos-contracts-audit/HyksosCyberkongz.sol,L39-46,3168417fdba112d7,4,1,transferFrom,"erc20.transferFrom(msg.sender, address(this), _amount)",Unchecked-call positive lacks obvious .call/.send/delegatecall/staticcall signal in function/callee text.
HIGH,unchecked_call_positive_without_low_level_call_signal,train,DAPP::DAppSCAN-source/contracts/Hacken-Hyksos/hyksos-contracts-audit::HyksosCyberkongz,DAPP,DAppSCAN-source/contracts/Hacken-Hyksos/hyksos-contracts-audit,HyksosCyberkongz,withdrawErc20,1,Unchecked Call Return (SWC-104),DAppSCAN-source/contracts/Hacken-Hyksos/hyksos-contracts-audit/HyksosCyberkongz.sol,L48-54,6613d9c097e0313c,3,1,transfer,"erc20.transfer(msg.sender, _amount)",Unchecked-call positive lacks obvious .call/.send/delegatecall/staticcall signal in function/callee text.
HIGH,unchecked_call_positive_without_low_level_call_signal,train,DAPP::DAppSCAN-source/contracts/Hacken-Ground Zero/code::IDO,DAPP,DAppSCAN-source/contracts/Hacken-Ground Zero/code,IDO,claimTheInvestments,1,Unchecked Call Return (SWC-104),DAppSCAN-source/contracts/Hacken-Ground Zero/code/IDO.sol,L153,1941c5d84f38fdd7,1,1,transfer,"token.transfer(msg.sender, amount)",Unchecked-call positive lacks obvious .call/.send/delegatecall/staticcall signal in function/callee text.
HIGH,unchecked_call_positive_without_low_level_call_signal,train,DAPP::DAppSCAN-source/contracts/Trail_of_Bits-OriginDollar/origin-dollar-81431fd3b2aa4c518ffc389844f9708c00b516f0::Governor,DAPP,DAppSCAN-source/contracts/Trail_of_Bits-OriginDollar/origin-dollar-81431fd3b2aa4c518ffc389844f9708c00b516f0,Governor,_queueOrRevert,1,Unchecked Call Return (SWC-104),DAppSCAN-source/contracts/Trail_of_Bits-OriginDollar/origin-dollar-81431fd3b2aa4c518ffc389844f9708c00b516f0/contracts/contracts/governance/Governor.sol,L158 - L172,3d84aac03d972f34,1,1,queueTransaction,"timelock.queueTransaction(target, value, signature, data, eta)",Unchecked-call positive lacks obvious .call/.send/delegatecall/staticcall signal in function/callee text.
HIGH,unchecked_call_positive_without_low_level_call_signal,train,DAPP::DAppSCAN-source/contracts/Trail_of_Bits-OriginDollar/origin-dollar-81431fd3b2aa4c518ffc389844f9708c00b516f0::Governor,DAPP,DAppSCAN-source/contracts/Trail_of_Bits-OriginDollar/origin-dollar-81431fd3b2aa4c518ffc389844f9708c00b516f0,Governor,execute,1,Unchecked Call Return (SWC-104),DAppSCAN-source/contracts/Trail_of_Bits-OriginDollar/origin-dollar-81431fd3b2aa4c518ffc389844f9708c00b516f0/contracts/contracts/governance/Governor.sol,L175 - L192,22fa57cef464726e,2,1,value,timelock.executeTransaction.value(proposal.values[i]),Unchecked-call positive lacks obvious .call/.send/delegatecall/staticcall signal in function/callee text.
HIGH,unchecked_call_positive_without_low_level_call_signal,train,DAPP::DAppSCAN-source/contracts/Trail_of_Bits-OriginDollar/origin-dollar-81431fd3b2aa4c518ffc389844f9708c00b516f0::Governor,DAPP,DAppSCAN-source/contracts/Trail_of_Bits-OriginDollar/origin-dollar-81431fd3b2aa4c518ffc389844f9708c00b516f0,Governor,__queueSetTimelockPendingAdmin,1,Unchecked Call Return (SWC-104),DAppSCAN-source/contracts/Trail_of_Bits-OriginDollar/origin-dollar-81431fd3b2aa4c518ffc389844f9708c00b516f0/contracts/contracts/governance/Governor.sol,L217 - L232,3cb122666a1e3db7,2,1,queueTransaction,"timelock.queueTransaction(             address(timelock),             0,             ""setPendingAdmin(address)"",",Unchecked-call positive lacks obvious .call/.send/delegatecall/staticcall signal in function/callee text.
HIGH,unchecked_call_positive_without_low_level_call_signal,train,DAPP::DAppSCAN-source/contracts/Trail_of_Bits-OriginDollar/origin-dollar-81431fd3b2aa4c518ffc389844f9708c00b516f0::Governor,DAPP,DAppSCAN-source/contracts/Trail_of_Bits-OriginDollar/origin-dollar-81431fd3b2aa4c518ffc389844f9708c00b516f0,Governor,__executeSetTimelockPendingAdmin,1,Unchecked Call Return (SWC-104),DAppSCAN-source/contracts/Trail_of_Bits-OriginDollar/origin-dollar-81431fd3b2aa4c518ffc389844f9708c00b516f0/contracts/contracts/governance/Governor.sol,L235 - L250,a007e542aa4b1281,2,1,executeTransaction,"timelock.executeTransaction(             address(timelock),             0,             ""setPendingAdmin(address)"",",Unchecked-call positive lacks obvious .call/.send/delegatecall/staticcall signal in function/callee text.
HIGH,unchecked_call_positive_without_low_level_call_signal,train,DAPP::DAppSCAN-source/contracts/Trail_of_Bits-OriginDollar/origin-dollar-81431fd3b2aa4c518ffc389844f9708c00b516f0::CompoundStrategy,DAPP,DAppSCAN-source/contracts/Trail_of_Bits-OriginDollar/origin-dollar-81431fd3b2aa4c518ffc389844f9708c00b516f0,CompoundStrategy,liquidate,1,Unchecked Call Return (SWC-104),DAppSCAN-source/contracts/Trail_of_Bits-OriginDollar/origin-dollar-81431fd3b2aa4c518ffc389844f9708c00b516f0/contracts/contracts/strategies/CompoundStrategy.sol,L79,b16f989a10d3a7fb,2,5,balanceOf|redeem|balanceOf|safeTransfer|balanceOf,cToken.balanceOf(address(this)),Unchecked-call positive lacks obvious .call/.send/delegatecall/staticcall signal in function/callee text.
HIGH,unchecked_call_positive_without_low_level_call_signal,train,DAPP::DAppSCAN-source/contracts/Trail_of_Bits-OriginDollar/origin-dollar-81431fd3b2aa4c518ffc389844f9708c00b516f0::VaultCore,DAPP,DAppSCAN-source/contracts/Trail_of_Bits-OriginDollar/origin-dollar-81431fd3b2aa4c518ffc389844f9708c00b516f0,VaultCore,_redeem,1,Unchecked Call Return (SWC-104),DAppSCAN-source/contracts/Trail_of_Bits-OriginDollar/origin-dollar-81431fd3b2aa4c518ffc389844f9708c00b516f0/contracts/contracts/vault/VaultCore.sol,L142 - L184,a788ad1ea7ec42a6,4,4,balanceOf|safeTransfer|withdraw|burn,asset.balanceOf(address(this)),Unchecked-call positive lacks obvious .call/.send/delegatecall/staticcall signal in function/callee text.
HIGH,unchecked_call_positive_without_low_level_call_signal,train,DAPP::DAppSCAN-source/contracts/Trail_of_Bits-OriginDollar/origin-dollar-81431fd3b2aa4c518ffc389844f9708c00b516f0::VaultCore,DAPP,DAppSCAN-source/contracts/Trail_of_Bits-OriginDollar/origin-dollar-81431fd3b2aa4c518ffc389844f9708c00b516f0,VaultCore,_allocate,1,Unchecked Call Return (SWC-104),DAppSCAN-source/contracts/Trail_of_Bits-OriginDollar/origin-dollar-81431fd3b2aa4c518ffc389844f9708c00b516f0/contracts/contracts/vault/VaultCore.sol,L210 - L293,4f82ff6225953d96,3,8,balanceOf|safeTransfer|deposit|rewardTokenAddress|rewardLiquidationThreshold|harvest|balanceOf|harvest,asset.balanceOf(address(this)),Unchecked-call positive lacks obvious .call/.send/delegatecall/staticcall signal in function/callee text.
HIGH,unchecked_call_positive_without_low_level_call_signal,train,DAPP::DAppSCAN-source/contracts/Trail_of_Bits-OriginDollar/origin-dollar-81431fd3b2aa4c518ffc389844f9708c00b516f0::VaultCore,DAPP,DAppSCAN-source/contracts/Trail_of_Bits-OriginDollar/origin-dollar-81431fd3b2aa4c518ffc389844f9708c00b516f0,VaultCore,rebase,1,Unchecked Call Return (SWC-104),DAppSCAN-source/contracts/Trail_of_Bits-OriginDollar/origin-dollar-81431fd3b2aa4c518ffc389844f9708c00b516f0/contracts/contracts/vault/VaultCore.sol,L308 - L319,5e77edb6cfd8a3f2,2,4,totalSupply|totalSupply|changeSupply|postRebase,oUSD.totalSupply(),Unchecked-call positive lacks obvious .call/.send/delegatecall/staticcall signal in function/callee text.
HIGH,unchecked_call_positive_without_low_level_call_signal,train,DAPP::DAppSCAN-source/contracts/Trail_of_Bits-OriginDollar/origin-dollar-81431fd3b2aa4c518ffc389844f9708c00b516f0::VaultAdmin,DAPP,DAppSCAN-source/contracts/Trail_of_Bits-OriginDollar/origin-dollar-81431fd3b2aa4c518ffc389844f9708c00b516f0,VaultAdmin,_harvest,1,Unchecked Call Return (SWC-104),DAppSCAN-source/contracts/Trail_of_Bits-OriginDollar/origin-dollar-81431fd3b2aa4c518ffc389844f9708c00b516f0/contracts/contracts/vault/VaultAdmin.sol,L266 - L298,86271fed8526a626,2,9,rewardTokenAddress|collectRewardToken|rewardTokenAddress|balanceOf|safeApprove|safeApprove|rewardTokenAddress|WETH|swapExactTokensForTokens,strategy.rewardTokenAddress(),Unchecked-call positive lacks obvious .call/.send/delegatecall/staticcall signal in function/callee text.
HIGH,unchecked_call_positive_without_low_level_call_signal,train,DAPP::DAppSCAN-source/contracts/Hacken-The Next War/Contracts-334fe81ea7282ac4f768de077c37a7932c0302de::Staking,DAPP,DAppSCAN-source/contracts/Hacken-The Next War/Contracts-334fe81ea7282ac4f768de077c37a7932c0302de,Staking,deposit,1,Unchecked Call Return (SWC-104),DAppSCAN-source/contracts/Hacken-The Next War/Contracts-334fe81ea7282ac4f768de077c37a7932c0302de/contracts/Staking.sol,L80,acfc2598f2628f30,8,5,balanceOf|add|add|add|transferFrom,tngToken.balanceOf(msg.sender),Unchecked-call positive lacks obvious .call/.send/delegatecall/staticcall signal in function/callee text.
HIGH,unchecked_call_positive_without_low_level_call_signal,train,DAPP::DAppSCAN-source/contracts/Hacken-The Next War/Contracts-334fe81ea7282ac4f768de077c37a7932c0302de::Staking,DAPP,DAppSCAN-source/contracts/Hacken-The Next War/Contracts-334fe81ea7282ac4f768de077c37a7932c0302de,Staking,payTngReward,1,Unchecked Call Return (SWC-104),DAppSCAN-source/contracts/Hacken-The Next War/Contracts-334fe81ea7282ac4f768de077c37a7932c0302de/contracts/Staking.sol,L177,e2e4a6c6ba7b624d,2,1,transfer,"tngToken.transfer(_to, _pendingTng)",Unchecked-call positive lacks obvious .call/.send/delegatecall/staticcall signal in function/callee text.
HIGH,unchecked_call_positive_without_low_level_call_signal,train,DAPP::DAppSCAN-source/contracts/QuillAudits-Citrus Smart Contract/CitrusTechContract-e50a2a983928c10b76e6bc374ae6267f51af99b6::TimeLock,DAPP,DAppSCAN-source/contracts/QuillAudits-Citrus Smart Contract/CitrusTechContract-e50a2a983928c10b76e6bc374ae6267f51af99b6,TimeLock,release,1,Unchecked Call Return (SWC-104),DAppSCAN-source/contracts/QuillAudits-Citrus Smart Contract/CitrusTechContract-e50a2a983928c10b76e6bc374ae6267f51af99b6/CitrusToken.sol,L132,0a912847b468b6b1,1,1,transfer,"BEP(address(this)).transfer(msg.sender, amount)",Unchecked-call positive lacks obvious .call/.send/delegatecall/staticcall signal in function/callee text.
HIGH,unchecked_call_positive_without_low_level_call_signal,train,DAPP::DAppSCAN-source/contracts/openzeppelin-Optimism/contracts-18e128343731b9bde23812ce932e24d81440b6b7::OVM_L1ERC20Gateway,DAPP,DAppSCAN-source/contracts/openzeppelin-Optimism/contracts-18e128343731b9bde23812ce932e24d81440b6b7,OVM_L1ERC20Gateway,_handleFinalizeWithdrawal,1,Unchecked Call Return (SWC-104),DAppSCAN-source/contracts/openzeppelin-Optimism/contracts-18e128343731b9bde23812ce932e24d81440b6b7/contracts/optimistic-ethereum/OVM/bridge/tokens/OVM_L1ERC20Gateway.sol,L100,5de203dbbd29f2fe,1,1,transfer,"l1ERC20.transfer(_to, _amount)",Unchecked-call positive lacks obvious .call/.send/delegatecall/staticcall signal in function/callee text.
HIGH,unchecked_call_positive_without_low_level_call_signal,train,DAPP::DAppSCAN-source/contracts/openzeppelin-Optimism/contracts-18e128343731b9bde23812ce932e24d81440b6b7::OVM_L1ERC20Gateway,DAPP,DAppSCAN-source/contracts/openzeppelin-Optimism/contracts-18e128343731b9bde23812ce932e24d81440b6b7,OVM_L1ERC20Gateway,_handleInitiateDeposit,1,Unchecked Call Return (SWC-104),DAppSCAN-source/contracts/openzeppelin-Optimism/contracts-18e128343731b9bde23812ce932e24d81440b6b7/contracts/optimistic-ethereum/OVM/bridge/tokens/OVM_L1ERC20Gateway.sol,L76-L81,1d97bc2713e34944,1,1,transferFrom,"l1ERC20.transferFrom(             _from,             address(this),             _amount         )",Unchecked-call positive lacks obvious .call/.send/delegatecall/staticcall signal in function/callee text.
HIGH,unchecked_call_positive_without_low_level_call_signal,train,DAPP::DAppSCAN-source/contracts/SlowMist-Starcrazy Smart Contract Security Audit Report/starcrazy-contracts-e9e11d234ac065726e108a73dfcd5efbad26f2c5::AlianaMinting,DAPP,DAppSCAN-source/contracts/SlowMist-Starcrazy Smart Contract Security Audit Report/starcrazy-contracts-e9e11d234ac065726e108a73dfcd5efbad26f2c5,AlianaMinting,_depositFrom,1,Unchecked Call Return (SWC-104),DAppSCAN-source/contracts/SlowMist-Starcrazy Smart Contract Security Audit Report/starcrazy-contracts-e9e11d234ac065726e108a73dfcd5efbad26f2c5/contract/AlianaMinting.sol,L254,efbaccf33f0299e8,5,10,ownerOf|getAliana|sub|div|mul|transferFrom|add|add|div|mul,aliana.ownerOf(_tokenId),Unchecked-call positive lacks obvious .call/.send/delegatecall/staticcall signal in function/callee text.
HIGH,unchecked_call_positive_without_low_level_call_signal,train,DAPP::DAppSCAN-source/contracts/consensys-MCDEX_Mai_Protocol_V2/mai-protocol-v2-4b198083ec4ae2d6851e101fc44ea333eaa3cd92::AMM,DAPP,DAppSCAN-source/contracts/consensys-MCDEX_Mai_Protocol_V2/mai-protocol-v2-4b198083ec4ae2d6851e101fc44ea333eaa3cd92,AMM,mintShareTokenTo,1,Unchecked Call Return (SWC-104),DAppSCAN-source/contracts/consensys-MCDEX_Mai_Protocol_V2/mai-protocol-v2-4b198083ec4ae2d6851e101fc44ea333eaa3cd92/contracts/liquidity/AMM.sol,L500-502,a7912dd431bb58b5,1,1,mint,"shareToken.mint(guy, amount)",Unchecked-call positive lacks obvious .call/.send/delegatecall/staticcall signal in function/callee text.
HIGH,negative_contains_strong_low_level_call_pattern,train,DAPP::DAppSCAN-source/contracts/Solidified-Aztec Element Bridge/aztec-connect-bridges-ac2e7194b5887ea11a607b4cf8de0547b3d7fdd0::RollupProcessor,DAPP,DAppSCAN-source/contracts/Solidified-Aztec Element Bridge/aztec-connect-bridges-ac2e7194b5887ea11a607b4cf8de0547b3d7fdd0,RollupProcessor,_convert,0,,,,808c27c193704de1,4,1,delegatecall,address(bridgeProxy).delegatecall{gas: gas}(             abi.encodeWithSelector(                 DEFI_BRIDGE_PROXY_CONVE,Negative interaction contains low-level call/delegatecall/send/staticcall signal.
HIGH,unchecked_call_positive_without_low_level_call_signal,train,DAPP::DAppSCAN-source/contracts/Solidified-Aztec Element Bridge/aztec-connect-bridges-ac2e7194b5887ea11a607b4cf8de0547b3d7fdd0::ElementBridge,DAPP,DAppSCAN-source/contracts/Solidified-Aztec Element Bridge/aztec-connect-bridges-ac2e7194b5887ea11a607b4cf8de0547b3d7fdd0,ElementBridge,convert,1,Unchecked Call Return (SWC-104),DAppSCAN-source/contracts/Solidified-Aztec Element Bridge/aztec-connect-bridges-ac2e7194b5887ea11a607b4cf8de0547b3d7fdd0/src/bridges/element/ElementBridge.sol,L463,4028dfd2eed600a0,6,5,unlockTimestamp|approve|swap|SingleSwap|FundManagement,tranche.unlockTimestamp(),Unchecked-call positive lacks obvious .call/.send/delegatecall/staticcall signal in function/callee text.
HIGH,negative_contains_strong_low_level_call_pattern,train,DAPP::DAppSCAN-source/contracts/Trail_of_Bits-FujiProtocol/fuji-protocol-933ea57b11889d87744efa23e95c90b7bf589402::Flasher,DAPP,DAppSCAN-source/contracts/Trail_of_Bits-FujiProtocol/fuji-protocol-933ea57b11889d87744efa23e95c90b7bf589402,Flasher,_initiateDyDxFlashLoan,0,,,,f541fc82b841ed2a,3,1,operate,"solo.operate(accountInfos, operations)",Negative interaction contains low-level call/delegatecall/send/staticcall signal.
HIGH,unchecked_call_positive_without_low_level_call_signal,train,DAPP::DAppSCAN-source/contracts/QuillAudits-Yearn Finance-Yoracle.Link/yoracle.link-faf1309cbe7a05f70b338351315039eb8e5b9c09::Keep3rV1Oracle,DAPP,DAppSCAN-source/contracts/QuillAudits-Yearn Finance-Yoracle.Link/yoracle.link-faf1309cbe7a05f70b338351315039eb8e5b9c09,Keep3rV1Oracle,_swap,1,Unchecked Call Return (SWC-104),DAppSCAN-source/contracts/QuillAudits-Yearn Finance-Yoracle.Link/yoracle.link-faf1309cbe7a05f70b338351315039eb8e5b9c09/contracts/Keep3rV1Oracle.sol,L849,a37cc9bbd9ee92a8,3,3,approve|swapExactTokensForTokens|withdraw,"KP3R.approve(address(UNI), _amount)",Unchecked-call positive lacks obvious .call/.send/delegatecall/staticcall signal in function/callee text.
HIGH,unchecked_call_positive_without_low_level_call_signal,train,DAPP::DAppSCAN-source/contracts/consensys-DeFi_Saver/defisaver-v3-contracts-cb29669a84c2d6fffaf2231c0938eb407c060919::CompHelper,DAPP,DAppSCAN-source/contracts/consensys-DeFi_Saver/defisaver-v3-contracts-cb29669a84c2d6fffaf2231c0938eb407c060919,CompHelper,enterMarket,1,Unchecked Call Return (SWC-104),DAppSCAN-source/contracts/consensys-DeFi_Saver/defisaver-v3-contracts-cb29669a84c2d6fffaf2231c0938eb407c060919/contracts/actions/compound/helpers/CompHelper.sol,L27-138,2f22ec5b34f9917f,1,1,enterMarkets,IComptroller(COMPTROLLER_ADDR).enterMarkets(markets),Unchecked-call positive lacks obvious .call/.send/delegatecall/staticcall signal in function/callee text.
HIGH,unchecked_call_positive_without_low_level_call_signal,train,DAPP::DAppSCAN-source/contracts/QuillAudits-Yearn Finance-Generic Lender/yearnV2-generic-lender-strat-979ef2f0e5da39ca59a5907c37ba2064fcd6be82::Strategy,DAPP,DAppSCAN-source/contracts/QuillAudits-Yearn Finance-Generic Lender/yearnV2-generic-lender-strat-979ef2f0e5da39ca59a5907c37ba2064fcd6be82,Strategy,adjustPosition,1,Unchecked Call Return (SWC-104),DAppSCAN-source/contracts/QuillAudits-Yearn Finance-Generic Lender/yearnV2-generic-lender-strat-979ef2f0e5da39ca59a5907c37ba2064fcd6be82/contracts/Strategy.sol,L400,48040c67ff9d6a48,1,4,withdrawAll|balanceOf|safeTransfer|deposit,lenders[lowest].withdrawAll(),Unchecked-call positive lacks obvious .call/.send/delegatecall/staticcall signal in function/callee text.
HIGH,unchecked_call_positive_without_low_level_call_signal,train,DAPP::DAppSCAN-source/contracts/QuillAudits-Yearn Finance-Generic Lender/yearnV2-generic-lender-strat-979ef2f0e5da39ca59a5907c37ba2064fcd6be82::Strategy,DAPP,DAppSCAN-source/contracts/QuillAudits-Yearn Finance-Generic Lender/yearnV2-generic-lender-strat-979ef2f0e5da39ca59a5907c37ba2064fcd6be82,Strategy,manualAllocation,1,Unchecked Call Return (SWC-104),DAppSCAN-source/contracts/QuillAudits-Yearn Finance-Generic Lender/yearnV2-generic-lender-strat-979ef2f0e5da39ca59a5907c37ba2064fcd6be82/contracts/Strategy.sol,L422,0863cb961e978b61,1,4,withdrawAll|balanceOf|safeTransfer|deposit,lenders[i].withdrawAll(),Unchecked-call positive lacks obvious .call/.send/delegatecall/staticcall signal in function/callee text.
HIGH,unchecked_call_positive_without_low_level_call_signal,train,DAPP::DAppSCAN-source/contracts/QuillAudits-Yearn Finance-Generic Lender/yearnV2-generic-lender-strat-979ef2f0e5da39ca59a5907c37ba2064fcd6be82::GenericLenderBase,DAPP,DAppSCAN-source/contracts/QuillAudits-Yearn Finance-Generic Lender/yearnV2-generic-lender-strat-979ef2f0e5da39ca59a5907c37ba2064fcd6be82,GenericLenderBase,sweep,1,Unchecked Call Return (SWC-104),DAppSCAN-source/contracts/QuillAudits-Yearn Finance-Generic Lender/yearnV2-generic-lender-strat-979ef2f0e5da39ca59a5907c37ba2064fcd6be82/contracts/GenericLender/GenericLenderBase.sol,L56,39045b3fef8e0a34,1,3,transfer|governance|balanceOf,"IERC20(_token).transfer(vault.governance(), IERC20(_token).balanceOf(address(this)))",Unchecked-call positive lacks obvious .call/.send/delegatecall/staticcall signal in function/callee text.
HIGH,unchecked_call_positive_without_low_level_call_signal,train,DAPP::DAppSCAN-source/contracts/QuillAudits-Yearn Finance-Yearn Vaults V3/yearn-vaults-e390c2a6b2ba6e2ecc8f3a72a1ea4adfabd17544::BaseWrapper,DAPP,DAppSCAN-source/contracts/QuillAudits-Yearn Finance-Yearn Vaults V3/yearn-vaults-e390c2a6b2ba6e2ecc8f3a72a1ea4adfabd17544,BaseWrapper,_deposit,1,Unchecked Call Return (SWC-104),DAppSCAN-source/contracts/QuillAudits-Yearn Finance-Yearn Vaults V3/yearn-vaults-e390c2a6b2ba6e2ecc8f3a72a1ea4adfabd17544/contracts/BaseWrapper.sol,L138,5718e27c4f5effa0,3,9,safeTransferFrom|allowance|safeApprove|balanceOf|deposit|deposit|deposit|balanceOf|transfer,"token.safeTransferFrom(depositor, address(this), amount)",Unchecked-call positive lacks obvious .call/.send/delegatecall/staticcall signal in function/callee text.
HIGH,unchecked_call_positive_without_low_level_call_signal,train,DAPP::DAppSCAN-source/contracts/QuillAudits-Yearn Finance-Yearn Vaults V3/yearn-vaults-e390c2a6b2ba6e2ecc8f3a72a1ea4adfabd17544::BaseWrapper,DAPP,DAppSCAN-source/contracts/QuillAudits-Yearn Finance-Yearn Vaults V3/yearn-vaults-e390c2a6b2ba6e2ecc8f3a72a1ea4adfabd17544,BaseWrapper,_withdraw,1,Unchecked Call Return (SWC-104),DAppSCAN-source/contracts/QuillAudits-Yearn Finance-Yearn Vaults V3/yearn-vaults-e390c2a6b2ba6e2ecc8f3a72a1ea4adfabd17544/contracts/BaseWrapper.sol,L174,a97a0082cd28b2ac,3,12,balanceOf|allowance|maxAvailableShares|transferFrom|decimals|pricePerShare|withdraw|withdraw|allowance|safeApprove|deposit|safeTransfer,vaults[id].balanceOf(sender),Unchecked-call positive lacks obvious .call/.send/delegatecall/staticcall signal in function/callee text.
HIGH,unchecked_call_positive_without_low_level_call_signal,train,DAPP::DAppSCAN-source/contracts/openzeppelin-Alpha_Finance_Homora_V2/alpha-homora-v2-contract-5efa332f2ecf8e9705c326cffda5305bc6f752f7::WMasterChef,DAPP,DAppSCAN-source/contracts/openzeppelin-Alpha_Finance_Homora_V2/alpha-homora-v2-contract-5efa332f2ecf8e9705c326cffda5305bc6f752f7,WMasterChef,mint,1,Unchecked Call Return (SWC-104),DAppSCAN-source/contracts/openzeppelin-Alpha_Finance_Homora_V2/alpha-homora-v2-contract-5efa332f2ecf8e9705c326cffda5305bc6f752f7/WMasterChef.sol,L63,45c5aa1d737d0161,1,6,poolInfo|safeTransferFrom|allowance|approve|deposit|poolInfo,chef.poolInfo(pid),Unchecked-call positive lacks obvious .call/.send/delegatecall/staticcall signal in function/callee text.
HIGH,unchecked_call_positive_without_low_level_call_signal,train,DAPP::DAppSCAN-source/contracts/Hacken-Codex on Althash/Codex-Rewards-Platform-d364d0ef9258dd468f8202a352c58724d6b65638::CDEXStakingPool,DAPP,DAppSCAN-source/contracts/Hacken-Codex on Althash/Codex-Rewards-Platform-d364d0ef9258dd468f8202a352c58724d6b65638,CDEXStakingPool,stake,1,Unchecked Call Return (SWC-104),DAppSCAN-source/contracts/Hacken-Codex on Althash/Codex-Rewards-Platform-d364d0ef9258dd468f8202a352c58724d6b65638/contracts/CDEX_rewards.sol,L362 - L391,903cbaf8cb01b7da,5,4,insert|remove|insert|transferFrom,"CDEXRanking.insert(amount, msg.sender)",Unchecked-call positive lacks obvious .call/.send/delegatecall/staticcall signal in function/callee text.
HIGH,unchecked_call_positive_without_low_level_call_signal,train,DAPP::DAppSCAN-source/contracts/Hacken-Codex on Althash/Codex-Rewards-Platform-d364d0ef9258dd468f8202a352c58724d6b65638::CDEXStakingPool,DAPP,DAppSCAN-source/contracts/Hacken-Codex on Althash/Codex-Rewards-Platform-d364d0ef9258dd468f8202a352c58724d6b65638,CDEXStakingPool,withdraw,1,Unchecked Call Return (SWC-104),DAppSCAN-source/contracts/Hacken-Codex on Althash/Codex-Rewards-Platform-d364d0ef9258dd468f8202a352c58724d6b65638/contracts/CDEX_rewards.sol,L395 - L420,4fa4a14e15353c1e,5,3,remove|insert|transfer,"CDEXRanking.remove(_balances[msg.sender], msg.sender)",Unchecked-call positive lacks obvious .call/.send/delegatecall/staticcall signal in function/callee text.
HIGH,unchecked_call_positive_without_low_level_call_signal,train,DAPP::DAppSCAN-source/contracts/Hacken-Codex on Althash/Codex-Rewards-Platform-d364d0ef9258dd468f8202a352c58724d6b65638::CDEXStakingPool,DAPP,DAppSCAN-source/contracts/Hacken-Codex on Althash/Codex-Rewards-Platform-d364d0ef9258dd468f8202a352c58724d6b65638,CDEXStakingPool,getReward,1,Unchecked Call Return (SWC-104),DAppSCAN-source/contracts/Hacken-Codex on Althash/Codex-Rewards-Platform-d364d0ef9258dd468f8202a352c58724d6b65638/contracts/CDEX_rewards.sol,L424 - L456,b081ae7f2567c293,11,1,transfer,"CDEXToken.transfer(msg.sender, reward.add(loyaltyBonus))",Unchecked-call positive lacks obvious .call/.send/delegatecall/staticcall signal in function/callee text.
HIGH,unchecked_call_positive_without_low_level_call_signal,train,DAPP::DAppSCAN-source/contracts/Hacken-Codex on Althash/Codex-Rewards-Platform-d364d0ef9258dd468f8202a352c58724d6b65638::CDEXStakingPool,DAPP,DAppSCAN-source/contracts/Hacken-Codex on Althash/Codex-Rewards-Platform-d364d0ef9258dd468f8202a352c58724d6b65638,CDEXStakingPool,depositTokens,1,Unchecked Call Return (SWC-104),DAppSCAN-source/contracts/Hacken-Codex on Althash/Codex-Rewards-Platform-d364d0ef9258dd468f8202a352c58724d6b65638/contracts/CDEX_rewards.sol,L486 - L498,2fb5ee8da4d4662b,5,1,transferFrom,"CDEXToken.transferFrom(owner, address(this), amount)",Unchecked-call positive lacks obvious .call/.send/delegatecall/staticcall signal in function/callee text.
HIGH,unchecked_call_positive_without_low_level_call_signal,train,DAPP::DAppSCAN-source/contracts/Chainsecurity-Oasis  Multiply Smart Contracts/multiply-proxy-actions-e277ac1471a95138aaa93b39cf2c16c36c769740::MultiplyProxyActions,DAPP,DAppSCAN-source/contracts/Chainsecurity-Oasis  Multiply Smart Contracts/multiply-proxy-actions-e277ac1471a95138aaa93b39cf2c16c36c769740,MultiplyProxyActions,increaseMultipleDepositCollateral,1,Unchecked Call Return (SWC-104),DAppSCAN-source/contracts/Chainsecurity-Oasis  Multiply Smart Contracts/multiply-proxy-actions-e277ac1471a95138aaa93b39cf2c16c36c769740/contracts/multiply/MultiplyProxyActions.sol,L172,cf0c9904af69554d,1,5,gem|deposit|transfer|transferFrom|transferFrom,IJoin(cdpData.gemJoin).gem(),Unchecked-call positive lacks obvious .call/.send/delegatecall/staticcall signal in function/callee text.
HIGH,unchecked_call_positive_without_low_level_call_signal,train,DAPP::DAppSCAN-source/contracts/Coinbae-Pud.Fi Masterchef_Audit/MasterChef0x15Bee180BB39eE5c0166E63313C33984376930Db::MasterChef,DAPP,DAppSCAN-source/contracts/Coinbae-Pud.Fi Masterchef_Audit/MasterChef0x15Bee180BB39eE5c0166E63313C33984376930Db,MasterChef,safePudTransfer,1,Unchecked Call Return (SWC-104),DAppSCAN-source/contracts/Coinbae-Pud.Fi Masterchef_Audit/MasterChef0x15Bee180BB39eE5c0166E63313C33984376930Db/contracts/MasterChef.sol,L333 - L340,3dc83b6f50ffe4c5,1,3,balanceOf|transfer|transfer,pud.balanceOf(address(this)),Unchecked-call positive lacks obvious .call/.send/delegatecall/staticcall signal in function/callee text.
HIGH,unchecked_call_positive_without_low_level_call_signal,train,DAPP::DAppSCAN-source/contracts/Coinbae-Pud.Fi Masterchef_Audit/MasterChef0x15Bee180BB39eE5c0166E63313C33984376930Db::MasterChef,DAPP,DAppSCAN-source/contracts/Coinbae-Pud.Fi Masterchef_Audit/MasterChef0x15Bee180BB39eE5c0166E63313C33984376930Db,MasterChef,setPoolStrategy,1,Unchecked Call Return (SWC-104),DAppSCAN-source/contracts/Coinbae-Pud.Fi Masterchef_Audit/MasterChef0x15Bee180BB39eE5c0166E63313C33984376930Db/contracts/MasterChef.sol,L384 - L389,14b6f04f5ab04586,1,2,harvest|withdrawAll,IStrategy(pool.strategy).harvest(),Unchecked-call positive lacks obvious .call/.send/delegatecall/staticcall signal in function/callee text.
HIGH,unchecked_call_positive_without_low_level_call_signal,train,DAPP::DAppSCAN-source/contracts/Coinbae-Pud.Fi Strategy_Bacdai/StrategyBasisBacDaiLp0x31dfcB1C5dF01A27F8b0b5F9cD1585FE92C7970e::StrategyBasisFarmBase,DAPP,DAppSCAN-source/contracts/Coinbae-Pud.Fi Strategy_Bacdai/StrategyBasisBacDaiLp0x31dfcB1C5dF01A27F8b0b5F9cD1585FE92C7970e,StrategyBasisFarmBase,harvest,1,Unchecked Call Return (SWC-104),DAppSCAN-source/contracts/Coinbae-Pud.Fi Strategy_Bacdai/StrategyBasisBacDaiLp0x31dfcB1C5dF01A27F8b0b5F9cD1585FE92C7970e/contracts/strategies/strategy-basis-farm-base.sol,L78 - L152,408c72da1dfd2485,10,18,claimReward|balanceOf|safeTransfer|treasury|balanceOf|balanceOf|balanceOf|safeApprove|safeApprove|safeApprove|safeApprove|addLiquidity|transfer|treasury|balanceOf|safeTransfer|treasury|balanceOf,IStakingRewards(pool).claimReward(poolId),Unchecked-call positive lacks obvious .call/.send/delegatecall/staticcall signal in function/callee text.
HIGH,unchecked_call_positive_without_low_level_call_signal,train,DAPP::DAppSCAN-source/contracts/Coinbae-Pud.Fi Strategy_Bacdai/StrategyBasisBacDaiLp0x31dfcB1C5dF01A27F8b0b5F9cD1585FE92C7970e::StrategyBase,DAPP,DAppSCAN-source/contracts/Coinbae-Pud.Fi Strategy_Bacdai/StrategyBasisBacDaiLp0x31dfcB1C5dF01A27F8b0b5F9cD1585FE92C7970e,StrategyBase,_swapUniswap,1,Unchecked Call Return (SWC-104),DAppSCAN-source/contracts/Coinbae-Pud.Fi Strategy_Bacdai/StrategyBasisBacDaiLp0x31dfcB1C5dF01A27F8b0b5F9cD1585FE92C7970e/contracts/strategies/strategy-base.sol,L237 - L268,1d826a09fcf79336,2,3,safeApprove|safeApprove|swapExactTokensForTokens,"IERC20(_from).safeApprove(univ2Router2, 0)",Unchecked-call positive lacks obvious .call/.send/delegatecall/staticcall signal in function/callee text.
HIGH,unchecked_call_positive_without_low_level_call_signal,train,DAPP::DAppSCAN-source/contracts/Coinbae-Pud.Fi Strategy_Bacdai/StrategyBasisBacDaiLp0x31dfcB1C5dF01A27F8b0b5F9cD1585FE92C7970e::StrategyBase,DAPP,DAppSCAN-source/contracts/Coinbae-Pud.Fi Strategy_Bacdai/StrategyBasisBacDaiLp0x31dfcB1C5dF01A27F8b0b5F9cD1585FE92C7970e,StrategyBase,_swapUniswapWithPath,1,Unchecked Call Return (SWC-104),DAppSCAN-source/contracts/Coinbae-Pud.Fi Strategy_Bacdai/StrategyBasisBacDaiLp0x31dfcB1C5dF01A27F8b0b5F9cD1585FE92C7970e/contracts/strategies/strategy-base.sol,L271 - L288,babf3433fdf609b1,1,3,safeApprove|safeApprove|swapExactTokensForTokens,"IERC20(path[0]).safeApprove(univ2Router2, 0)",Unchecked-call positive lacks obvious .call/.send/delegatecall/staticcall signal in function/callee text.
HIGH,unchecked_call_positive_without_low_level_call_signal,train,DAPP::DAppSCAN-source/contracts/Coinbae-Pud.Fi Strategy_Bacdai/StrategyBasisBacDaiLp0x31dfcB1C5dF01A27F8b0b5F9cD1585FE92C7970e::StrategyBase,DAPP,DAppSCAN-source/contracts/Coinbae-Pud.Fi Strategy_Bacdai/StrategyBasisBacDaiLp0x31dfcB1C5dF01A27F8b0b5F9cD1585FE92C7970e,StrategyBase,_swapSushiswap,1,Unchecked Call Return (SWC-104),DAppSCAN-source/contracts/Coinbae-Pud.Fi Strategy_Bacdai/StrategyBasisBacDaiLp0x31dfcB1C5dF01A27F8b0b5F9cD1585FE92C7970e/contracts/strategies/strategy-base.sol,L291 - L322,3fb65ec8b8dedc6d,2,3,safeApprove|safeApprove|swapExactTokensForTokens,"IERC20(_from).safeApprove(sushiRouter, 0)",Unchecked-call positive lacks obvious .call/.send/delegatecall/staticcall signal in function/callee text.
HIGH,unchecked_call_positive_without_low_level_call_signal,train,DAPP::DAppSCAN-source/contracts/Coinbae-Pud.Fi Strategy_Bacdai/StrategyBasisBacDaiLp0x31dfcB1C5dF01A27F8b0b5F9cD1585FE92C7970e::StrategyBase,DAPP,DAppSCAN-source/contracts/Coinbae-Pud.Fi Strategy_Bacdai/StrategyBasisBacDaiLp0x31dfcB1C5dF01A27F8b0b5F9cD1585FE92C7970e,StrategyBase,_swapSushiswapWithPath,1,Unchecked Call Return (SWC-104),DAppSCAN-source/contracts/Coinbae-Pud.Fi Strategy_Bacdai/StrategyBasisBacDaiLp0x31dfcB1C5dF01A27F8b0b5F9cD1585FE92C7970e/contracts/strategies/strategy-base.sol,L325 - L342,26178ceeff9591a4,1,3,safeApprove|safeApprove|swapExactTokensForTokens,"IERC20(path[0]).safeApprove(sushiRouter, 0)",Unchecked-call positive lacks obvious .call/.send/delegatecall/staticcall signal in function/callee text.
HIGH,unchecked_call_positive_without_low_level_call_signal,train,DAPP::DAppSCAN-source/contracts/Chainsecurity-Angle Protocol  Borrowing Module/angle-borrow-0363b6a137a44e22ee06b3187ba74f7798c1af08::VaultManager,DAPP,DAppSCAN-source/contracts/Chainsecurity-Angle Protocol  Borrowing Module/angle-borrow-0363b6a137a44e22ee06b3187ba74f7798c1af08,VaultManager,liquidate,1,Unchecked Call Return (SWC-104),DAppSCAN-source/contracts/Chainsecurity-Angle Protocol  Borrowing Module/angle-borrow-0363b6a137a44e22ee06b3187ba74f7798c1af08/contracts/vaultManager/VaultManager.sol,L692,ac5a863526693c62,8,1,read,oracle.read(),Unchecked-call positive lacks obvious .call/.send/delegatecall/staticcall signal in function/callee text.
HIGH,negative_contains_strong_low_level_call_pattern,train,DAPP::DAppSCAN-source/contracts/Trail_of_Bits-FraxFinance/frax-solidity-3f0993a70e3496fd27887db7754d68709c84015e::SigRelayer2,DAPP,DAppSCAN-source/contracts/Trail_of_Bits-FraxFinance/frax-solidity-3f0993a70e3496fd27887db7754d68709c84015e,SigRelayer2,relayBySigsGST,0,,,,a48ee514dc5dce7b,2,2,call|call,"compToken.call(abi.encodeWithSignature(""delegateBySig(address,uint256,uint256,uint8,bytes32,bytes32)"", sig.delegatee, si",Negative interaction contains low-level call/delegatecall/send/staticcall signal.
HIGH,negative_contains_strong_low_level_call_pattern,train,DAPP::DAppSCAN-source/contracts/Trail_of_Bits-FraxFinance/frax-solidity-3f0993a70e3496fd27887db7754d68709c84015e::SigRelayer2,DAPP,DAppSCAN-source/contracts/Trail_of_Bits-FraxFinance/frax-solidity-3f0993a70e3496fd27887db7754d68709c84015e,SigRelayer2,relayBySigs,0,,,,8ffbeabf85fccce2,2,2,call|call,"compToken.call(abi.encodeWithSignature(""delegateBySig(address,uint256,uint256,uint8,bytes32,bytes32)"", sig.delegatee, si",Negative interaction contains low-level call/delegatecall/send/staticcall signal.
HIGH,negative_contains_strong_low_level_call_pattern,train,DAPP::DAppSCAN-source/contracts/Trail_of_Bits-FraxFinance/frax-solidity-3f0993a70e3496fd27887db7754d68709c84015e::UniLPToSushiLPMigrator,DAPP,DAppSCAN-source/contracts/Trail_of_Bits-FraxFinance/frax-solidity-3f0993a70e3496fd27887db7754d68709c84015e,UniLPToSushiLPMigrator,delegatecall_stake,0,,,,1195b5f8957921a6,1,1,delegatecall,"address(SourceStakingContract).delegatecall(abi.encode(bytes4(keccak256(""stake(uint256)"")), 1000000000000000000))",Negative interaction contains low-level call/delegatecall/send/staticcall signal.
HIGH,negative_contains_strong_low_level_call_pattern,train,DAPP::DAppSCAN-source/contracts/Trail_of_Bits-FraxFinance/frax-solidity-3f0993a70e3496fd27887db7754d68709c84015e::UniLPToSushiLPMigrator,DAPP,DAppSCAN-source/contracts/Trail_of_Bits-FraxFinance/frax-solidity-3f0993a70e3496fd27887db7754d68709c84015e,UniLPToSushiLPMigrator,delegatecall_getReward,0,,,,3f64194c426e8d21,1,1,delegatecall,"address(SourceStakingContract).delegatecall(             abi.encodeWithSignature(""getReward()"")         )",Negative interaction contains low-level call/delegatecall/send/staticcall signal.
HIGH,negative_contains_strong_low_level_call_pattern,train,DAPP::DAppSCAN-source/contracts/Trail_of_Bits-FraxFinance/frax-solidity-3f0993a70e3496fd27887db7754d68709c84015e::UniLPToSushiLPMigrator,DAPP,DAppSCAN-source/contracts/Trail_of_Bits-FraxFinance/frax-solidity-3f0993a70e3496fd27887db7754d68709c84015e,UniLPToSushiLPMigrator,migrate_all_locked,0,,,,0a25944001e90bf7,10,16,unlockStakes|lockedStakesOf|delegatecall|delegatecall|delegatecall|token0|token1|delegatecall|token0|delegatecall|token1|delegatecall|token0|token1|delegatecall|unlockStakes,SourceStakingContract.unlockStakes(),Negative interaction contains low-level call/delegatecall/send/staticcall signal.
HIGH,unchecked_call_positive_without_low_level_call_signal,train,DAPP::DAppSCAN-source/contracts/Trail_of_Bits-FraxFinance/frax-solidity-3f0993a70e3496fd27887db7754d68709c84015e::CurveAMO,DAPP,DAppSCAN-source/contracts/Trail_of_Bits-FraxFinance/frax-solidity-3f0993a70e3496fd27887db7754d68709c84015e,CurveAMO,giveCollatBack,1,Unchecked Call Return (SWC-104),DAppSCAN-source/contracts/Trail_of_Bits-FraxFinance/frax-solidity-3f0993a70e3496fd27887db7754d68709c84015e/contracts/Curve/CurveAMO.sol,L371,4b0512fa80e8a534,3,1,transfer,"collateral_token.transfer(address(pool), amount)",Unchecked-call positive lacks obvious .call/.send/delegatecall/staticcall signal in function/callee text.
HIGH,unchecked_call_positive_without_low_level_call_signal,train,DAPP::DAppSCAN-source/contracts/Trail_of_Bits-FraxFinance/frax-solidity-3f0993a70e3496fd27887db7754d68709c84015e::InvestorAMO_V2,DAPP,DAppSCAN-source/contracts/Trail_of_Bits-FraxFinance/frax-solidity-3f0993a70e3496fd27887db7754d68709c84015e,InvestorAMO_V2,giveCollatBack,1,Unchecked Call Return (SWC-104),DAppSCAN-source/contracts/Trail_of_Bits-FraxFinance/frax-solidity-3f0993a70e3496fd27887db7754d68709c84015e/contracts/Misc_AMOs/InvestorAMO_V2.sol,L263,a523cd6a4b17b926,4,1,transfer,"collateral_token.transfer(address(pool), amount)",Unchecked-call positive lacks obvious .call/.send/delegatecall/staticcall signal in function/callee text.
HIGH,unchecked_call_positive_without_low_level_call_signal,train,DAPP::DAppSCAN-source/contracts/Trail_of_Bits-FraxFinance/frax-solidity-3f0993a70e3496fd27887db7754d68709c84015e::FraxPool,DAPP,DAppSCAN-source/contracts/Trail_of_Bits-FraxFinance/frax-solidity-3f0993a70e3496fd27887db7754d68709c84015e,FraxPool,mint1t1FRAX,1,Unchecked Call Return (SWC-104),DAppSCAN-source/contracts/Trail_of_Bits-FraxFinance/frax-solidity-3f0993a70e3496fd27887db7754d68709c84015e/contracts/Frax/Pools/FraxPool.sol,L204,f334b8ef659ad413,7,5,global_collateral_ratio|balanceOf|calcMint1t1FRAX|transferFrom|pool_mint,FRAX.global_collateral_ratio(),Unchecked-call positive lacks obvious .call/.send/delegatecall/staticcall signal in function/callee text.
HIGH,unchecked_call_positive_without_low_level_call_signal,train,DAPP::DAppSCAN-source/contracts/Trail_of_Bits-FraxFinance/frax-solidity-3f0993a70e3496fd27887db7754d68709c84015e::FraxPool,DAPP,DAppSCAN-source/contracts/Trail_of_Bits-FraxFinance/frax-solidity-3f0993a70e3496fd27887db7754d68709c84015e,FraxPool,mintFractionalFRAX,1,Unchecked Call Return (SWC-104),DAppSCAN-source/contracts/Trail_of_Bits-FraxFinance/frax-solidity-3f0993a70e3496fd27887db7754d68709c84015e/contracts/Frax/Pools/FraxPool.sol,L250,2dec12a54b7e510a,8,10,fxs_price|global_collateral_ratio|add|sub|balanceOf|MintFF_Params|calcMintFractionalFRAX|pool_burn_from|transferFrom|pool_mint,FRAX.fxs_price(),Unchecked-call positive lacks obvious .call/.send/delegatecall/staticcall signal in function/callee text.
HIGH,unchecked_call_positive_without_low_level_call_signal,train,DAPP::DAppSCAN-source/contracts/Trail_of_Bits-FraxFinance/frax-solidity-3f0993a70e3496fd27887db7754d68709c84015e::FraxPool,DAPP,DAppSCAN-source/contracts/Trail_of_Bits-FraxFinance/frax-solidity-3f0993a70e3496fd27887db7754d68709c84015e,FraxPool,collectRedemption,1,Unchecked Call Return (SWC-104),DAppSCAN-source/contracts/Trail_of_Bits-FraxFinance/frax-solidity-3f0993a70e3496fd27887db7754d68709c84015e/contracts/Frax/Pools/FraxPool.sol,L366,0fd71d7a4350fac0,8,2,transfer|transfer,"FXS.transfer(msg.sender, FXSAmount)",Unchecked-call positive lacks obvious .call/.send/delegatecall/staticcall signal in function/callee text.
HIGH,unchecked_call_positive_without_low_level_call_signal,train,DAPP::DAppSCAN-source/contracts/Trail_of_Bits-FraxFinance/frax-solidity-3f0993a70e3496fd27887db7754d68709c84015e::FraxPool,DAPP,DAppSCAN-source/contracts/Trail_of_Bits-FraxFinance/frax-solidity-3f0993a70e3496fd27887db7754d68709c84015e,FraxPool,recollateralizeFRAX,1,Unchecked Call Return (SWC-104),DAppSCAN-source/contracts/Trail_of_Bits-FraxFinance/frax-solidity-3f0993a70e3496fd27887db7754d68709c84015e/contracts/Frax/Pools/FraxPool.sol,L401,d20c8af4ef19a334,7,7,fxs_price|totalSupply|global_collateral_ratio|globalCollateralValue|calcRecollateralizeFRAXInner|transferFrom|pool_mint,FRAX.fxs_price(),Unchecked-call positive lacks obvious .call/.send/delegatecall/staticcall signal in function/callee text.
HIGH,unchecked_call_positive_without_low_level_call_signal,train,DAPP::DAppSCAN-source/contracts/Hacken-TrustSwap-V1/code::StakingPool,DAPP,DAppSCAN-source/contracts/Hacken-TrustSwap-V1/code,StakingPool,ownerSetPoolRewards,1,Unchecked Call Return (SWC-104),DAppSCAN-source/contracts/Hacken-TrustSwap-V1/code/StakingPool.sol,L132,2236bd70045477e2,5,1,transferFrom,"rewardToken.transferFrom(msg.sender, this, _rewardAmount)",Unchecked-call positive lacks obvious .call/.send/delegatecall/staticcall signal in function/callee text.
HIGH,unchecked_call_positive_without_low_level_call_signal,train,DAPP::DAppSCAN-source/contracts/Hacken-TrustSwap-V1/code::StakingPool,DAPP,DAppSCAN-source/contracts/Hacken-TrustSwap-V1/code,StakingPool,withdrawStaking,1,Unchecked Call Return (SWC-104),DAppSCAN-source/contracts/Hacken-TrustSwap-V1/code/StakingPool.sol,L262,2e01fb0d815d6326,8,5,sub|sub|add|transfer|transfer,lastStake.amount.sub(sharesLeftToBurn),Unchecked-call positive lacks obvious .call/.send/delegatecall/staticcall signal in function/callee text.
HIGH,unchecked_call_positive_without_low_level_call_signal,train,DAPP::DAppSCAN-source/contracts/ImmuneBytes-SportsIcon-Audit Report/SportsIcon-Vesting-8a26ed5c3a52b7a4d1b22a38b40dd80783ecc6a3::SportsIconPrivateVesting,DAPP,DAppSCAN-source/contracts/ImmuneBytes-SportsIcon-Audit Report/SportsIcon-Vesting-8a26ed5c3a52b7a4d1b22a38b40dd80783ecc6a3,SportsIconPrivateVesting,claim,1,Unchecked Call Return (SWC-104),DAppSCAN-source/contracts/ImmuneBytes-SportsIcon-Audit Report/SportsIcon-Vesting-8a26ed5c3a52b7a4d1b22a38b40dd80783ecc6a3/SportsIconPrivateVesting.sol,L60,790df9bcaefec73e,2,1,transfer,"token.transfer(msg.sender, tokens)",Unchecked-call positive lacks obvious .call/.send/delegatecall/staticcall signal in function/callee text.
HIGH,unchecked_call_positive_without_low_level_call_signal,train,DAPP::DAppSCAN-source/contracts/QuillAudits-LTO Network-Token Sale/lto-erc20-token-02fa2620aef4c854675230b6544461961d47f968::LTOTokenSale,DAPP,DAppSCAN-source/contracts/QuillAudits-LTO Network-Token Sale/lto-erc20-token-02fa2620aef4c854675230b6544461961d47f968,LTOTokenSale,clear,1,Unchecked Call Return (SWC-104),DAppSCAN-source/contracts/QuillAudits-LTO Network-Token Sale/lto-erc20-token-02fa2620aef4c854675230b6544461961d47f968/contracts/LTOTokenSale.sol,L238 - L245,e416a84f9359755d,2,2,transfer|transfer,"token.transfer(receiverAddr, tokenAmount)",Unchecked-call positive lacks obvious .call/.send/delegatecall/staticcall signal in function/callee text.
HIGH,unchecked_call_positive_without_low_level_call_signal,train,DAPP::DAppSCAN-source/contracts/consensys-ENS_Permanent_Registrar/ethregistrar-e52abfc2799ac361364aca6135fc20f9175a29fd::ETHRegistrarController,DAPP,DAppSCAN-source/contracts/consensys-ENS_Permanent_Registrar/ethregistrar-e52abfc2799ac361364aca6135fc20f9175a29fd,ETHRegistrarController,register,1,Unchecked Call Return (SWC-104),DAppSCAN-source/contracts/consensys-ENS_Permanent_Registrar/ethregistrar-e52abfc2799ac361364aca6135fc20f9175a29fd/contracts/ETHRegistrarController.sol,L56-L65,a02280691442a4da,5,3,transfer|register|transfer,msg.sender.transfer(msg.value),Unchecked-call positive lacks obvious .call/.send/delegatecall/staticcall signal in function/callee text.
HIGH,negative_contains_strong_low_level_call_pattern,train,"DAPP::DAppSCAN-source/contracts/Coinfabrik-MintingFactoryV2, BaseUpgradableMarketplace & KODAV3UpgradableGatedMarketplace/known-origin-contracts-v3-d592c5f4fa4e0b6fc65a1fce43e302706aedf607::RoyaltyImplV1R1",DAPP,"DAppSCAN-source/contracts/Coinfabrik-MintingFactoryV2, BaseUpgradableMarketplace & KODAV3UpgradableGatedMarketplace/known-origin-contracts-v3-d592c5f4fa4e0b6fc65a1fce43e302706aedf607",RoyaltyImplV1R1,drain,0,,,,f453bfaf7d63de89,2,1,transfer,payable(recipients[i]).transfer(share),Negative interaction contains low-level call/delegatecall/send/staticcall signal.
HIGH,negative_contains_strong_low_level_call_pattern,train,"DAPP::DAppSCAN-source/contracts/Coinfabrik-MintingFactoryV2, BaseUpgradableMarketplace & KODAV3UpgradableGatedMarketplace/known-origin-contracts-v3-d592c5f4fa4e0b6fc65a1fce43e302706aedf607::RoyaltyImplV1R2",DAPP,"DAppSCAN-source/contracts/Coinfabrik-MintingFactoryV2, BaseUpgradableMarketplace & KODAV3UpgradableGatedMarketplace/known-origin-contracts-v3-d592c5f4fa4e0b6fc65a1fce43e302706aedf607",RoyaltyImplV1R2,drain,0,,,,f453bfaf7d63de89,2,1,transfer,payable(recipients[i]).transfer(share),Negative interaction contains low-level call/delegatecall/send/staticcall signal.
HIGH,negative_contains_strong_low_level_call_pattern,train,"DAPP::DAppSCAN-source/contracts/Coinfabrik-MintingFactoryV2, BaseUpgradableMarketplace & KODAV3UpgradableGatedMarketplace/known-origin-contracts-v3-d592c5f4fa4e0b6fc65a1fce43e302706aedf607::FundsReceiver",DAPP,"DAppSCAN-source/contracts/Coinfabrik-MintingFactoryV2, BaseUpgradableMarketplace & KODAV3UpgradableGatedMarketplace/known-origin-contracts-v3-d592c5f4fa4e0b6fc65a1fce43e302706aedf607",FundsReceiver,drain,0,,,,f453bfaf7d63de89,2,1,transfer,payable(recipients[i]).transfer(share),Negative interaction contains low-level call/delegatecall/send/staticcall signal.
HIGH,unchecked_call_positive_without_low_level_call_signal,train,DAPP::DAppSCAN-source/contracts/consensys-Fei_Protocol/fei-protocol-core-ff892c5d0b9697f249d713bbb2b3bd1da7980ed2::Pool,DAPP,DAppSCAN-source/contracts/consensys-Fei_Protocol/fei-protocol-core-ff892c5d0b9697f249d713bbb2b3bd1da7980ed2,Pool,_deposit,1,Unchecked Call Return (SWC-104),DAppSCAN-source/contracts/consensys-Fei_Protocol/fei-protocol-core-ff892c5d0b9697f249d713bbb2b3bd1da7980ed2/contracts/pool/Pool.sol,L121,dedb5d933fb60b98,3,1,transferFrom,"stakedToken.transferFrom(from, address(this), amount)",Unchecked-call positive lacks obvious .call/.send/delegatecall/staticcall signal in function/callee text.
HIGH,unchecked_call_positive_without_low_level_call_signal,train,DAPP::DAppSCAN-source/contracts/consensys-Fei_Protocol/fei-protocol-core-ff892c5d0b9697f249d713bbb2b3bd1da7980ed2::EthUniswapPCVController,DAPP,DAppSCAN-source/contracts/consensys-Fei_Protocol/fei-protocol-core-ff892c5d0b9697f249d713bbb2b3bd1da7980ed2,EthUniswapPCVController,_swapEth,1,Unchecked Call Return (SWC-104),DAppSCAN-source/contracts/consensys-Fei_Protocol/fei-protocol-core-ff892c5d0b9697f249d713bbb2b3bd1da7980ed2/contracts/pcv/EthUniswapPCVController.sol,L123,7193558ac54a99ce,2,5,WETH|deposit|transfer|token0|swap,router.WETH(),Unchecked-call positive lacks obvious .call/.send/delegatecall/staticcall signal in function/callee text.
HIGH,unchecked_call_positive_without_low_level_call_signal,val,DAPP::DAppSCAN-source/contracts/QuillAudits-SushiSwap-BentoBox/bentobox-c2e150b16b8764ebfe2e1e6e267ae14e10738065::LendingPair,DAPP,DAppSCAN-source/contracts/QuillAudits-SushiSwap-BentoBox/bentobox-c2e150b16b8764ebfe2e1e6e267ae14e10738065,LendingPair,short,1,Unchecked Call Return (SWC-104),DAppSCAN-source/contracts/QuillAudits-SushiSwap-BentoBox/bentobox-c2e150b16b8764ebfe2e1e6e267ae14e10738065/contracts/LendingPair.sol,L429,da48054e84d9f083,5,4,swappers|transferFrom|swap|skim,masterContract.swappers(swapper),Unchecked-call positive lacks obvious .call/.send/delegatecall/staticcall signal in function/callee text.
HIGH,unchecked_call_positive_without_low_level_call_signal,val,DAPP::DAppSCAN-source/contracts/QuillAudits-SushiSwap-BentoBox/bentobox-c2e150b16b8764ebfe2e1e6e267ae14e10738065::LendingPair,DAPP,DAppSCAN-source/contracts/QuillAudits-SushiSwap-BentoBox/bentobox-c2e150b16b8764ebfe2e1e6e267ae14e10738065,LendingPair,liquidate,1,Unchecked Call Return (SWC-104),DAppSCAN-source/contracts/QuillAudits-SushiSwap-BentoBox/bentobox-c2e150b16b8764ebfe2e1e6e267ae14e10738065/contracts/LendingPair.sol,L499,dda56316062fdb08,14,16,sub|sub|swappers|transferFrom|swap|skim|add|add|deposit|withdraw|transferFrom|transfer|transferFrom|swap|skim|add,_totalBorrow.amount.sub(allBorrowAmount.to128()),Unchecked-call positive lacks obvious .call/.send/delegatecall/staticcall signal in function/callee text.
HIGH,unchecked_call_positive_without_low_level_call_signal,val,DAPP::DAppSCAN-source/contracts/openzeppelin-Fuel_Token/FUEL-Contracts-3717b751bb2fa57ae300776a93ee4d7d7beb2c07::FuelCrowdfund,DAPP,DAppSCAN-source/contracts/openzeppelin-Fuel_Token/FUEL-Contracts-3717b751bb2fa57ae300776a93ee4d7d7beb2c07,FuelCrowdfund,closeCrowdfund,1,Unchecked Call Return (SWC-104),DAppSCAN-source/contracts/openzeppelin-Fuel_Token/FUEL-Contracts-3717b751bb2fa57ae300776a93ee4d7d7beb2c07/FuelCrowdfund.sol,L84,18ef64a6ec083f50,3,1,finalizeCrowdfund,token.finalizeCrowdfund(),Unchecked-call positive lacks obvious .call/.send/delegatecall/staticcall signal in function/callee text.
HIGH,unchecked_call_positive_without_low_level_call_signal,val,DAPP::DAppSCAN-source/contracts/QuillAudits-AAVE-ParaSwap Adapter/aave-protocol-v2-14e2ab47d95f42ec5ee486f367067e78a7588878::BaseParaSwapAdapter,DAPP,DAppSCAN-source/contracts/QuillAudits-AAVE-ParaSwap Adapter/aave-protocol-v2-14e2ab47d95f42ec5ee486f367067e78a7588878,BaseParaSwapAdapter,_pullAToken,1,Unchecked Call Return (SWC-104),DAppSCAN-source/contracts/QuillAudits-AAVE-ParaSwap Adapter/aave-protocol-v2-14e2ab47d95f42ec5ee486f367067e78a7588878/contracts/adapters/BaseParaSwapAdapter.sol,L104,afdc2e1b3d51bcf0,1,3,permit|safeTransferFrom|withdraw,"IERC20WithPermit(reserveAToken).permit(         user,         address(this),         permitSignature.amount,         per",Unchecked-call positive lacks obvious .call/.send/delegatecall/staticcall signal in function/callee text.
HIGH,negative_contains_strong_low_level_call_pattern,val,DAPP::DAppSCAN-source/contracts/QuillAudits-AAVE-ParaSwap Adapter/aave-protocol-v2-14e2ab47d95f42ec5ee486f367067e78a7588878::InitializableUpgradeabilityProxy,DAPP,DAppSCAN-source/contracts/QuillAudits-AAVE-ParaSwap Adapter/aave-protocol-v2-14e2ab47d95f42ec5ee486f367067e78a7588878,InitializableUpgradeabilityProxy,initialize,0,,,,49d73fb5d7e3c565,1,1,delegatecall,_logic.delegatecall(_data),Negative interaction contains low-level call/delegatecall/send/staticcall signal.
HIGH,negative_contains_strong_low_level_call_pattern,val,DAPP::DAppSCAN-source/contracts/QuillAudits-AAVE-ParaSwap Adapter/aave-protocol-v2-14e2ab47d95f42ec5ee486f367067e78a7588878::LendingPool,DAPP,DAppSCAN-source/contracts/QuillAudits-AAVE-ParaSwap Adapter/aave-protocol-v2-14e2ab47d95f42ec5ee486f367067e78a7588878,LendingPool,liquidationCall,0,,,,d58f3866a68a87a7,1,2,getLendingPoolCollateralManager|delegatecall,_addressesProvider.getLendingPoolCollateralManager(),Negative interaction contains low-level call/delegatecall/send/staticcall signal.
HIGH,negative_contains_strong_low_level_call_pattern,val,DAPP::DAppSCAN-source/contracts/QuillAudits-AAVE-ParaSwap Adapter/aave-protocol-v2-14e2ab47d95f42ec5ee486f367067e78a7588878::InitializableImmutableAdminUpgradeabilityProxy,DAPP,DAppSCAN-source/contracts/QuillAudits-AAVE-ParaSwap Adapter/aave-protocol-v2-14e2ab47d95f42ec5ee486f367067e78a7588878,InitializableImmutableAdminUpgradeabilityProxy,initialize,0,,,,49d73fb5d7e3c565,1,1,delegatecall,_logic.delegatecall(_data),Negative interaction contains low-level call/delegatecall/send/staticcall signal.
HIGH,negative_contains_strong_low_level_call_pattern,val,DAPP::DAppSCAN-source/contracts/Solidity_Finance-OKLG - Smart Contract/contracts-e167d0d742d21bcc62d7a5b770a1f0ed1cf31eca::OKLG,DAPP,DAppSCAN-source/contracts/Solidity_Finance-OKLG - Smart Contract/contracts-e167d0d742d21bcc62d7a5b770a1f0ed1cf31eca,OKLG,_sendETHToTreasury,0,,,,7c8a06e17e58e663,1,1,call,treasuryWallet.call{ value: amount }(''),Negative interaction contains low-level call/delegatecall/send/staticcall signal.
HIGH,negative_contains_strong_low_level_call_pattern,val,DAPP::DAppSCAN-source/contracts/Solidified-Aztec Lido Bridge/aztec-connect-bridges-d5aca13d4d0a17b21eeddf77f49f4c6613461fb0::RollupProcessor,DAPP,DAppSCAN-source/contracts/Solidified-Aztec Lido Bridge/aztec-connect-bridges-d5aca13d4d0a17b21eeddf77f49f4c6613461fb0,RollupProcessor,_convert,0,,,,6b13851283f0313e,4,1,delegatecall,address(bridgeProxy).delegatecall{gas: gas}(             abi.encodeWithSelector(                 DEFI_BRIDGE_PROXY_CONVE,Negative interaction contains low-level call/delegatecall/send/staticcall signal.
HIGH,unchecked_call_positive_without_low_level_call_signal,val,DAPP::DAppSCAN-source/contracts/Solidified-Aztec Lido Bridge/aztec-connect-bridges-d5aca13d4d0a17b21eeddf77f49f4c6613461fb0::LidoBridge,DAPP,DAppSCAN-source/contracts/Solidified-Aztec Lido Bridge/aztec-connect-bridges-d5aca13d4d0a17b21eeddf77f49f4c6613461fb0,LidoBridge,wrapETH,1,Unchecked Call Return (SWC-104),DAppSCAN-source/contracts/Solidified-Aztec Lido Bridge/aztec-connect-bridges-d5aca13d4d0a17b21eeddf77f49f4c6613461fb0/src/bridges/lido/LidoBridge.sol,L115,f7be8bdb038aa740,7,7,get_dy|exchange|submit|balanceOf|safeIncreaseAllowance|wrap|safeIncreaseAllowance,"curvePool.get_dy(curveETHIndex, curveStETHIndex, inputValue)",Unchecked-call positive lacks obvious .call/.send/delegatecall/staticcall signal in function/callee text.
HIGH,unchecked_call_positive_without_low_level_call_signal,val,DAPP::DAppSCAN-source/contracts/Hacken-Tenderize/tender-core-1fd606141625171fe792045ae9233890262d2d62::Matic,DAPP,DAppSCAN-source/contracts/Hacken-Tenderize/tender-core-1fd606141625171fe792045ae9233890262d2d62,Matic,_stake,1,Unchecked Call Return (SWC-104),DAppSCAN-source/contracts/Hacken-Tenderize/tender-core-1fd606141625171fe792045ae9233890262d2d62/contracts/tenderizer/integrations/matic/Matic.sol,L94,c7a89e622fc15c34,3,2,approve|buyVoucher,"steak.approve(maticStakeManager, amount)",Unchecked-call positive lacks obvious .call/.send/delegatecall/staticcall signal in function/callee text.
HIGH,unchecked_call_positive_without_low_level_call_signal,val,DAPP::DAppSCAN-source/contracts/Hacken-Tenderize/tender-core-1fd606141625171fe792045ae9233890262d2d62::Matic,DAPP,DAppSCAN-source/contracts/Hacken-Tenderize/tender-core-1fd606141625171fe792045ae9233890262d2d62,Matic,_withdraw,1,Unchecked Call Return (SWC-104),DAppSCAN-source/contracts/Hacken-Tenderize/tender-core-1fd606141625171fe792045ae9233890262d2d62/contracts/tenderizer/integrations/matic/Matic.sol,L148,359cc35575444f68,3,5,withdraw|balanceOf|unstakeClaimTokens_new|balanceOf|transfer,"withdrawLocks.withdraw(_account, _withdrawalID)",Unchecked-call positive lacks obvious .call/.send/delegatecall/staticcall signal in function/callee text.
HIGH,unchecked_call_positive_without_low_level_call_signal,val,DAPP::DAppSCAN-source/contracts/Hacken-Tenderize/tender-core-1fd606141625171fe792045ae9233890262d2d62::Livepeer,DAPP,DAppSCAN-source/contracts/Hacken-Tenderize/tender-core-1fd606141625171fe792045ae9233890262d2d62,Livepeer,_withdraw,1,Unchecked Call Return (SWC-104),DAppSCAN-source/contracts/Hacken-Tenderize/tender-core-1fd606141625171fe792045ae9233890262d2d62/contracts/tenderizer/integrations/livepeer/Livepeer.sol,L122,95cd880e968cde87,3,3,withdraw|withdrawStake|transfer,"withdrawLocks.withdraw(_account, _withdrawalID)",Unchecked-call positive lacks obvious .call/.send/delegatecall/staticcall signal in function/callee text.
HIGH,unchecked_call_positive_without_low_level_call_signal,val,DAPP::DAppSCAN-source/contracts/Hacken-Tenderize/tender-core-1fd606141625171fe792045ae9233890262d2d62::Livepeer,DAPP,DAppSCAN-source/contracts/Hacken-Tenderize/tender-core-1fd606141625171fe792045ae9233890262d2d62,Livepeer,_claimSecondaryRewards,1,Unchecked Call Return (SWC-104),DAppSCAN-source/contracts/Hacken-Tenderize/tender-core-1fd606141625171fe792045ae9233890262d2d62/contracts/tenderizer/integrations/livepeer/Livepeer.sol,L162 - L164,e0ede3b313845723,8,6,pendingFees|withdrawFees|deposit|approve|ExactInputSingleParams|exactInputSingle,"livepeer.pendingFees(address(this), MAX_ROUND)",Unchecked-call positive lacks obvious .call/.send/delegatecall/staticcall signal in function/callee text.
HIGH,unchecked_call_positive_without_low_level_call_signal,val,DAPP::DAppSCAN-source/contracts/Hacken-Tenderize/tender-core-1fd606141625171fe792045ae9233890262d2d62::Graph,DAPP,DAppSCAN-source/contracts/Hacken-Tenderize/tender-core-1fd606141625171fe792045ae9233890262d2d62,Graph,_stake,1,Unchecked Call Return (SWC-104),DAppSCAN-source/contracts/Hacken-Tenderize/tender-core-1fd606141625171fe792045ae9233890262d2d62/contracts/tenderizer/integrations/graph/Graph.sol,L82,f7bbd2fd63064c60,3,3,getAmount|approve|delegate,withdrawPool.getAmount(),Unchecked-call positive lacks obvious .call/.send/delegatecall/staticcall signal in function/callee text.
HIGH,unchecked_call_positive_without_low_level_call_signal,val,DAPP::DAppSCAN-source/contracts/Hacken-Tenderize/tender-core-1fd606141625171fe792045ae9233890262d2d62::Graph,DAPP,DAppSCAN-source/contracts/Hacken-Tenderize/tender-core-1fd606141625171fe792045ae9233890262d2d62,Graph,_withdraw,1,Unchecked Call Return (SWC-104),DAppSCAN-source/contracts/Hacken-Tenderize/tender-core-1fd606141625171fe792045ae9233890262d2d62/contracts/tenderizer/integrations/graph/Graph.sol,L136,27c976d98c766c41,2,4,withdraw|transfer|balanceOf|transfer,"withdrawPool.withdraw(_withdrawalID, _account)",Unchecked-call positive lacks obvious .call/.send/delegatecall/staticcall signal in function/callee text.
HIGH,unchecked_call_positive_without_low_level_call_signal,val,DAPP::DAppSCAN-source/contracts/consensys-Amp/amp-token-contracts-6871b6c64c712835b332e515cc553308dcbbc539::Amp,DAPP,DAppSCAN-source/contracts/consensys-Amp/amp-token-contracts-6871b6c64c712835b332e515cc553308dcbbc539,Amp,swap,1,Unchecked Call Return (SWC-104),DAppSCAN-source/contracts/consensys-Amp/amp-token-contracts-6871b6c64c712835b332e515cc553308dcbbc539/contracts/Amp.sol,L619,2799c7244039b556,3,2,allowance|transferFrom,"swapToken.allowance(_from, address(this))",Unchecked-call positive lacks obvious .call/.send/delegatecall/staticcall signal in function/callee text.
HIGH,unchecked_call_positive_without_low_level_call_signal,test,DAPP::DAppSCAN-source/contracts/QuillAudits-Lido-WstETH/lido-dao-ea6fa222004b88e6a24b566a51e5b56b0079272d::WstETH,DAPP,DAppSCAN-source/contracts/QuillAudits-Lido-WstETH/lido-dao-ea6fa222004b88e6a24b566a51e5b56b0079272d,WstETH,wrap,1,Unchecked Call Return (SWC-104),DAppSCAN-source/contracts/QuillAudits-Lido-WstETH/lido-dao-ea6fa222004b88e6a24b566a51e5b56b0079272d/contracts/0.6.12/WstETH.sol,L58,e4b66adcc3905c34,1,2,getSharesByPooledEth|transferFrom,stETH.getSharesByPooledEth(_stETHAmount),Unchecked-call positive lacks obvious .call/.send/delegatecall/staticcall signal in function/callee text.
HIGH,unchecked_call_positive_without_low_level_call_signal,test,DAPP::DAppSCAN-source/contracts/QuillAudits-Lido-WstETH/lido-dao-ea6fa222004b88e6a24b566a51e5b56b0079272d::WstETH,DAPP,DAppSCAN-source/contracts/QuillAudits-Lido-WstETH/lido-dao-ea6fa222004b88e6a24b566a51e5b56b0079272d,WstETH,unwrap,1,Unchecked Call Return (SWC-104),DAppSCAN-source/contracts/QuillAudits-Lido-WstETH/lido-dao-ea6fa222004b88e6a24b566a51e5b56b0079272d/contracts/0.6.12/WstETH.sol,L75,fb3be25ff14ee22b,1,2,getPooledEthByShares|transfer,stETH.getPooledEthByShares(_wstETHAmount),Unchecked-call positive lacks obvious .call/.send/delegatecall/staticcall signal in function/callee text.
HIGH,unchecked_call_positive_without_low_level_call_signal,test,DAPP::DAppSCAN-source/contracts/Hacken-VYNKSAFE/code::BUSDVYNCSTAKE,DAPP,DAppSCAN-source/contracts/Hacken-VYNKSAFE/code,BUSDVYNCSTAKE,stake,1,Unchecked Call Return (SWC-104),DAppSCAN-source/contracts/Hacken-VYNKSAFE/code/main.sol,L154,5fdbbbaff59aacd4,6,3,transferFrom|addLiquidity|transfer,"busd.transferFrom(msg.sender, address(this), amount)",Unchecked-call positive lacks obvious .call/.send/delegatecall/staticcall signal in function/callee text.
HIGH,unchecked_call_positive_without_low_level_call_signal,test,DAPP::DAppSCAN-source/contracts/Hacken-VYNKSAFE/code::BUSDVYNCSTAKE,DAPP,DAppSCAN-source/contracts/Hacken-VYNKSAFE/code,BUSDVYNCSTAKE,unStake,1,Unchecked Call Return (SWC-104),DAppSCAN-source/contracts/Hacken-VYNKSAFE/code/main.sol,L201,fe90d27a9e645af7,6,5,returnData|transfer|transfer|transfer|transfer,data.returnData(),Unchecked-call positive lacks obvious .call/.send/delegatecall/staticcall signal in function/callee text.
HIGH,negative_contains_strong_low_level_call_pattern,test,DAPP::DAppSCAN-source/contracts/consensys-Aave_Protocol_V2/aave-protocol-v2-f756f44a8d6a328cd545335e46e7128939db88c4::LendingPool,DAPP,DAppSCAN-source/contracts/consensys-Aave_Protocol_V2/aave-protocol-v2-f756f44a8d6a328cd545335e46e7128939db88c4,LendingPool,liquidationCall,0,,,,8c0eb2adb2c21fec,1,2,getLendingPoolCollateralManager|delegatecall,_addressesProvider.getLendingPoolCollateralManager(),Negative interaction contains low-level call/delegatecall/send/staticcall signal.
HIGH,negative_contains_strong_low_level_call_pattern,test,DAPP::DAppSCAN-source/contracts/consensys-Aave_Protocol_V2/aave-protocol-v2-f756f44a8d6a328cd545335e46e7128939db88c4::LendingPool,DAPP,DAppSCAN-source/contracts/consensys-Aave_Protocol_V2/aave-protocol-v2-f756f44a8d6a328cd545335e46e7128939db88c4,LendingPool,repayWithCollateral,0,,,,4bd421d340d4a2ac,2,2,getLendingPoolCollateralManager|delegatecall,_addressesProvider.getLendingPoolCollateralManager(),Negative interaction contains low-level call/delegatecall/send/staticcall signal.
HIGH,unchecked_call_positive_without_low_level_call_signal,test,DAPP::DAppSCAN-source/contracts/consensys-Aave_Protocol_V2/aave-protocol-v2-f756f44a8d6a328cd545335e46e7128939db88c4::LendingPool,DAPP,DAppSCAN-source/contracts/consensys-Aave_Protocol_V2/aave-protocol-v2-f756f44a8d6a328cd545335e46e7128939db88c4,LendingPool,flashLoan,1,Unchecked Call Return (SWC-104),DAppSCAN-source/contracts/consensys-Aave_Protocol_V2/aave-protocol-v2-f756f44a8d6a328cd545335e46e7128939db88c4/contracts/lendingpool/LendingPool.sol,L579,49a4337f35a82736,2,9,validateFlashloan|InterestRateMode|transferUnderlyingTo|executeOperation|transferFrom|updateState|cumulateToLiquidityIndex|totalSupply|updateInterestRates,"ValidationLogic.validateFlashloan(mode, vars.premium)",Unchecked-call positive lacks obvious .call/.send/delegatecall/staticcall signal in function/callee text.
HIGH,negative_contains_strong_low_level_call_pattern,test,DAPP::DAppSCAN-source/contracts/consensys-Aave_Protocol_V2/aave-protocol-v2-f756f44a8d6a328cd545335e46e7128939db88c4::LendingPool,DAPP,DAppSCAN-source/contracts/consensys-Aave_Protocol_V2/aave-protocol-v2-f756f44a8d6a328cd545335e46e7128939db88c4,LendingPool,swapLiquidity,0,,,,f6fa3a0af711fb5f,1,2,getLendingPoolCollateralManager|delegatecall,_addressesProvider.getLendingPoolCollateralManager(),Negative interaction contains low-level call/delegatecall/send/staticcall signal.
HIGH,negative_contains_strong_low_level_call_pattern,test,DAPP::DAppSCAN-source/contracts/consensys-Aave_Protocol_V2/aave-protocol-v2-f756f44a8d6a328cd545335e46e7128939db88c4::InitializableUpgradeabilityProxy,DAPP,DAppSCAN-source/contracts/consensys-Aave_Protocol_V2/aave-protocol-v2-f756f44a8d6a328cd545335e46e7128939db88c4,InitializableUpgradeabilityProxy,initialize,0,,,,49d73fb5d7e3c565,1,1,delegatecall,_logic.delegatecall(_data),Negative interaction contains low-level call/delegatecall/send/staticcall signal.
HIGH,unchecked_call_positive_without_low_level_call_signal,test,DAPP::DAppSCAN-source/contracts/Trail_of_Bits-Liquity/dev-f0df3efa5a5f05b205752184cfce107c5bd6e06c::TroveManager,DAPP,DAppSCAN-source/contracts/Trail_of_Bits-Liquity/dev-f0df3efa5a5f05b205752184cfce107c5bd6e06c,TroveManager,redeemCollateral,1,Unchecked Call Return (SWC-104),DAppSCAN-source/contracts/Trail_of_Bits-Liquity/dev-f0df3efa5a5f05b205752184cfce107c5bd6e06c/packages/contracts/contracts/TroveManager.sol,L920,251bc078f143563e,8,12,getLUSDDebt|getLUSDDebt|balanceOf|getPrice|getLast|getPrev|getPrev|add|add|sendETH|increaseF_ETH|sub,activePool.getLUSDDebt(),Unchecked-call positive lacks obvious .call/.send/delegatecall/staticcall signal in function/callee text.
HIGH,exact_duplicate_source_conflicting_label,train,FORGE::vfp_00032::AbstractStakingStrategy,FORGE,vfp_00032,AbstractStakingStrategy,mintShares,0,,,,19c4099dff5fbedb,4,1,safeTransferFrom,"ERC20(asset).safeTransferFrom(t_CurrentLendingRouter, address(this), assetAmount)","Normalized function source hash appears with labels [0, 1]."
HIGH,exact_duplicate_source_conflicting_label,train,FORGE::vfp_00032::RewardManagerMixin,FORGE,vfp_00032,RewardManagerMixin,mintShares,0,,,,19c4099dff5fbedb,4,1,safeTransferFrom,"ERC20(asset).safeTransferFrom(t_CurrentLendingRouter, address(this), assetAmount)","Normalized function source hash appears with labels [0, 1]."
HIGH,exact_duplicate_source_conflicting_label,train,FORGE::vfp_00032::AbstractYieldStrategy,FORGE,vfp_00032,AbstractYieldStrategy,mintShares,1,Reentrancy (SWC-107),AbstractYieldStrategy.sol,AbstractYieldStrategy.sol::mintShares#197; AbstractYieldStrategy.sol::_isWithdrawRequestPending#197,19c4099dff5fbedb,4,1,safeTransferFrom,"ERC20(asset).safeTransferFrom(t_CurrentLendingRouter, address(this), assetAmount)","Normalized function source hash appears with labels [0, 1]."
HIGH,exact_duplicate_source_conflicting_label,train,FORGE::vfp_00032::AbstractSingleSidedLP,FORGE,vfp_00032,AbstractSingleSidedLP,mintShares,0,,,,19c4099dff5fbedb,4,1,safeTransferFrom,"ERC20(asset).safeTransferFrom(t_CurrentLendingRouter, address(this), assetAmount)","Normalized function source hash appears with labels [0, 1]."
HIGH,exact_duplicate_source_conflicting_label,train,FORGE::vfp_00032::CurveConvex2Token,FORGE,vfp_00032,CurveConvex2Token,mintShares,0,,,,19c4099dff5fbedb,4,1,safeTransferFrom,"ERC20(asset).safeTransferFrom(t_CurrentLendingRouter, address(this), assetAmount)","Normalized function source hash appears with labels [0, 1]."
HIGH,exact_duplicate_source_conflicting_label,train,FORGE::vfp_00032::GenericERC4626WithdrawRequestManager,FORGE,vfp_00032,GenericERC4626WithdrawRequestManager,stakeTokens,1,Reentrancy (SWC-107),GenericERC4626.sol,AbstractLendingRouter.sol::deposit#222-245; MorphoLendingRouter.sol::supplyCollateral#150-164; AbstractStakingStrategy.sol::mintYieldToken#77-81; GenericERC4626.sol::stakeTokens#77-81,cb1b285f5f52b184,1,4,balanceOf|safeTransferFrom|balanceOf|safeTransfer,ERC20(YIELD_TOKEN).balanceOf(address(this)),"Normalized function source hash appears with labels [0, 1]."
HIGH,exact_duplicate_source_conflicting_label,train,FORGE::vfp_00032::AbstractWithdrawRequestManager,FORGE,vfp_00032,AbstractWithdrawRequestManager,stakeTokens,0,,,,cb1b285f5f52b184,1,4,balanceOf|safeTransferFrom|balanceOf|safeTransfer,ERC20(YIELD_TOKEN).balanceOf(address(this)),"Normalized function source hash appears with labels [0, 1]."
HIGH,exact_duplicate_source_conflicting_label,val,FORGE::vfp_00156::HyperCoreFlowExecutor,FORGE,vfp_00156,HyperCoreFlowExecutor,_initiateSwapFlow,1,Reentrancy (SWC-107),HyperCoreFlowExecutor.sol,HyperCoreFlowExecutor.sol::_initiateSwapFlow#445; HyperCoreFlowExecutor.sol::_fallbackHyperEVMFlow,370b1da585e99546,6,4,maximumEVMSendAmountToAmounts|isCoreAmountSafeToBridge|safeTransfer|transferFundsToSelfOnCore,"HyperCoreLib.maximumEVMSendAmountToAmounts(             params.amountInEVM,             initialCoreTokenInfo.tokenInfo.e","Normalized function source hash appears with labels [0, 1]."
HIGH,exact_duplicate_source_conflicting_label,val,FORGE::vfp_00156::DstOFTHandler,FORGE,vfp_00156,DstOFTHandler,_initiateSwapFlow,0,,,,370b1da585e99546,7,4,maximumEVMSendAmountToAmounts|isCoreAmountSafeToBridge|safeTransfer|transferFundsToSelfOnCore,"HyperCoreLib.maximumEVMSendAmountToAmounts(             params.amountInEVM,             initialCoreTokenInfo.tokenInfo.e","Normalized function source hash appears with labels [0, 1]."
HIGH,exact_duplicate_source_conflicting_label,val,FORGE::vfp_00156::SponsoredCCTPDstPeriphery,FORGE,vfp_00156,SponsoredCCTPDstPeriphery,_initiateSwapFlow,0,,,,370b1da585e99546,7,4,maximumEVMSendAmountToAmounts|isCoreAmountSafeToBridge|safeTransfer|transferFundsToSelfOnCore,"HyperCoreLib.maximumEVMSendAmountToAmounts(             params.amountInEVM,             initialCoreTokenInfo.tokenInfo.e","Normalized function source hash appears with labels [0, 1]."
HIGH,exact_duplicate_source_conflicting_label,val,FORGE::vfp_00156::HyperCoreFlowExecutor,FORGE,vfp_00156,HyperCoreFlowExecutor,finalizeSwapFlows,1,Reentrancy (SWC-107),HyperCoreFlowExecutor.sol,HyperCoreFlowExecutor.sol::finalizeSwapFlows#558; HyperCoreFlowExecutor.sol::_finalizeSingleSwap#670; HyperCoreLib.transferERC20CoreToCore,c9411e9a936280e0,4,5,spotBalance|minimumCoreReceiveAmountToAmounts|withdraw|safeTransfer|transferFundsToSelfOnCore,"HyperCoreLib.spotBalance(             address(finalTokenInfo.swapHandler),             finalCoreTokenInfo.coreIndex","Normalized function source hash appears with labels [0, 1]."
HIGH,exact_duplicate_source_conflicting_label,val,FORGE::vfp_00156::DstOFTHandler,FORGE,vfp_00156,DstOFTHandler,finalizeSwapFlows,0,,,,c9411e9a936280e0,4,5,spotBalance|minimumCoreReceiveAmountToAmounts|withdraw|safeTransfer|transferFundsToSelfOnCore,"HyperCoreLib.spotBalance(             address(finalTokenInfo.swapHandler),             finalCoreTokenInfo.coreIndex","Normalized function source hash appears with labels [0, 1]."
HIGH,exact_duplicate_source_conflicting_label,val,FORGE::vfp_00156::SponsoredCCTPDstPeriphery,FORGE,vfp_00156,SponsoredCCTPDstPeriphery,finalizeSwapFlows,0,,,,c9411e9a936280e0,4,5,spotBalance|minimumCoreReceiveAmountToAmounts|withdraw|safeTransfer|transferFundsToSelfOnCore,"HyperCoreLib.spotBalance(             address(finalTokenInfo.swapHandler),             finalCoreTokenInfo.coreIndex","Normalized function source hash appears with labels [0, 1]."
HIGH,exact_duplicate_source_conflicting_label,val,FORGE::vfp_00156::HyperCoreFlowExecutor,FORGE,vfp_00156,HyperCoreFlowExecutor,_finalizeSingleSwap,1,Reentrancy (SWC-107),HyperCoreFlowExecutor.sol,HyperCoreFlowExecutor.sol::finalizeSwapFlows#558; HyperCoreFlowExecutor.sol::_finalizeSingleSwap#670; HyperCoreLib.transferERC20CoreToCore,72a29dab7a7d4843,1,2,minimumCoreReceiveAmountToAmounts|transferERC20CoreToCore,"HyperCoreLib.minimumCoreReceiveAmountToAmounts(             additionalToSend,             finalCoreTokenInfo.tokenInfo.e","Normalized function source hash appears with labels [0, 1]."
HIGH,exact_duplicate_source_conflicting_label,val,FORGE::vfp_00156::DstOFTHandler,FORGE,vfp_00156,DstOFTHandler,_finalizeSingleSwap,0,,,,72a29dab7a7d4843,1,2,minimumCoreReceiveAmountToAmounts|transferERC20CoreToCore,"HyperCoreLib.minimumCoreReceiveAmountToAmounts(             additionalToSend,             finalCoreTokenInfo.tokenInfo.e","Normalized function source hash appears with labels [0, 1]."
HIGH,exact_duplicate_source_conflicting_label,val,FORGE::vfp_00156::SponsoredCCTPDstPeriphery,FORGE,vfp_00156,SponsoredCCTPDstPeriphery,_finalizeSingleSwap,0,,,,72a29dab7a7d4843,1,2,minimumCoreReceiveAmountToAmounts|transferERC20CoreToCore,"HyperCoreLib.minimumCoreReceiveAmountToAmounts(             additionalToSend,             finalCoreTokenInfo.tokenInfo.e","Normalized function source hash appears with labels [0, 1]."
HIGH,exact_duplicate_source_conflicting_label,val,FORGE::vfp_00156::HyperCoreFlowExecutor,FORGE,vfp_00156,HyperCoreFlowExecutor,_fallbackHyperEVMFlow,1,Reentrancy (SWC-107),HyperCoreFlowExecutor.sol,HyperCoreFlowExecutor.sol::_initiateSwapFlow#445; HyperCoreFlowExecutor.sol::_fallbackHyperEVMFlow,3f36214bdc0eb76e,2,2,withdraw|safeTransfer,"donationBox.withdraw(IERC20(params.finalToken), sponsorshipFundsToForward)","Normalized function source hash appears with labels [0, 1]."
HIGH,exact_duplicate_source_conflicting_label,val,FORGE::vfp_00156::DstOFTHandler,FORGE,vfp_00156,DstOFTHandler,_fallbackHyperEVMFlow,0,,,,3f36214bdc0eb76e,2,2,withdraw|safeTransfer,"donationBox.withdraw(IERC20(params.finalToken), sponsorshipFundsToForward)","Normalized function source hash appears with labels [0, 1]."
HIGH,exact_duplicate_source_conflicting_label,val,FORGE::vfp_00156::SponsoredCCTPDstPeriphery,FORGE,vfp_00156,SponsoredCCTPDstPeriphery,_fallbackHyperEVMFlow,0,,,,3f36214bdc0eb76e,2,2,withdraw|safeTransfer,"donationBox.withdraw(IERC20(params.finalToken), sponsorshipFundsToForward)","Normalized function source hash appears with labels [0, 1]."
HIGH,exact_duplicate_source_conflicting_label,val,FORGE::vfp_00156::HyperCoreFlowExecutor,FORGE,vfp_00156,HyperCoreFlowExecutor,activateUserAccount,1,Reentrancy (SWC-107),HyperCoreFlowExecutor.sol,HyperCoreFlowExecutor.sol::activateUserAccount,2c51fb9444190dcf,2,4,coreUserExists|isCoreAmountSafeToBridge|withdraw|transferERC20EVMToCore,HyperCoreLib.coreUserExists(finalRecipient),"Normalized function source hash appears with labels [0, 1]."
HIGH,exact_duplicate_source_conflicting_label,val,FORGE::vfp_00156::DstOFTHandler,FORGE,vfp_00156,DstOFTHandler,activateUserAccount,0,,,,2c51fb9444190dcf,2,4,coreUserExists|isCoreAmountSafeToBridge|withdraw|transferERC20EVMToCore,HyperCoreLib.coreUserExists(finalRecipient),"Normalized function source hash appears with labels [0, 1]."
HIGH,exact_duplicate_source_conflicting_label,val,FORGE::vfp_00156::SponsoredCCTPDstPeriphery,FORGE,vfp_00156,SponsoredCCTPDstPeriphery,activateUserAccount,0,,,,2c51fb9444190dcf,2,4,coreUserExists|isCoreAmountSafeToBridge|withdraw|transferERC20EVMToCore,HyperCoreLib.coreUserExists(finalRecipient),"Normalized function source hash appears with labels [0, 1]."
HIGH,exact_duplicate_source_conflicting_label,val,FORGE::vfp_00156::DstOFTHandler,FORGE,vfp_00156,DstOFTHandler,_executeFlow,0,,,,3d3bc858b39d03f1,1,5,balanceOf|balanceOf|safeTransfer|handleV3AcrossMessage|balanceOf,IERC20(params.initialToken).balanceOf(address(this)),"Normalized function source hash appears with labels [0, 1]."
HIGH,exact_duplicate_source_conflicting_label,val,FORGE::vfp_00156::ArbitraryEVMFlowExecutor,FORGE,vfp_00156,ArbitraryEVMFlowExecutor,_executeFlow,1,Reentrancy (SWC-107),ArbitraryEVMFlowExecutor.sol,ArbitraryEVMFlowExecutor.sol::_executeFlow#56-114,3d3bc858b39d03f1,1,5,balanceOf|balanceOf|safeTransfer|handleV3AcrossMessage|balanceOf,IERC20(params.initialToken).balanceOf(address(this)),"Normalized function source hash appears with labels [0, 1]."
HIGH,exact_duplicate_source_conflicting_label,val,FORGE::vfp_00156::SponsoredCCTPDstPeriphery,FORGE,vfp_00156,SponsoredCCTPDstPeriphery,_executeFlow,0,,,,3d3bc858b39d03f1,1,5,balanceOf|balanceOf|safeTransfer|handleV3AcrossMessage|balanceOf,IERC20(params.initialToken).balanceOf(address(this)),"Normalized function source hash appears with labels [0, 1]."
HIGH,exact_duplicate_source_conflicting_label,test,FORGE::vfp_00102::OracleLess,FORGE,vfp_00102,OracleLess,_cancelOrder,1,Reentrancy (SWC-107),OracleLess.sol,OracleLess.sol::pendingOrderIds#L151; OracleLess.sol::_cancelOrder,815f4a5891f872d6,1,2,removeFromArray|safeTransfer,"ArrayMutation.removeFromArray(                     i,                     pendingOrderIds                 )","Normalized function source hash appears with labels [0, 1]."
HIGH,exact_duplicate_source_conflicting_label,test,FORGE::vfp_00102::Bracket,FORGE,vfp_00102,Bracket,_cancelOrder,0,,,,815f4a5891f872d6,1,2,removeFromArray|safeTransfer,"ArrayMutation.removeFromArray(                     i,                     pendingOrderIds                 )","Normalized function source hash appears with labels [0, 1]."
HIGH,exact_duplicate_source_conflicting_label,test,FORGE::vfp_00102::OracleLess,FORGE,vfp_00102,OracleLess,procureTokens,1,Reentrancy (SWC-107),OracleLess.sol,OracleLess.sol::procureTokens#280; StopLimit.sol::createOrder#171; StopLimit.sol::modifyOrder#226-230; Bracket.sol::modifyOrder#250-254,036795e2017568bc,1,3,permit|transferFrom|safeTransferFrom,"permit2.permit(owner, payload.permitSingle, payload.signature)","Normalized function source hash appears with labels [0, 1]."
HIGH,exact_duplicate_source_conflicting_label,test,FORGE::vfp_00102::Bracket,FORGE,vfp_00102,Bracket,procureTokens,0,,,,036795e2017568bc,1,3,permit|transferFrom|safeTransferFrom,"permit2.permit(owner, payload.permitSingle, payload.signature)","Normalized function source hash appears with labels [0, 1]."
MEDIUM,front_running_positive_weak_fit_for_interaction_localization,train,FORGE::vfp_00029::AntiSandwichHook,FORGE,vfp_00029,AntiSandwichHook,_beforeSwap,1,Front-running / Tx Order (SWC-114),AntiSandwichHook.sol,AntiSandwichHook.sol::_beforeSwap#98-105; AntiSandwichHook.sol#L76,4412262142e9e0b0,1,3,toId|getSlot0|tick,key.toId(),"Front-running labels often depend on transaction ordering/economic context, not just state+external-call hyperedge evidence."
MEDIUM,front_running_positive_weak_fit_for_interaction_localization,train,FORGE::vfp_00033::DineroWithdrawRequestManager,FORGE,vfp_00033,DineroWithdrawRequestManager,_initiateWithdrawImpl,1,Front-running / Tx Order (SWC-114),src/withdraws/Dinero.sol,src/withdraws/Dinero.sol::_initiateWithdrawImpl; src/withdraws/Dinero.sol::_finalizeWithdrawImpl; src/withdraws/PirexETH.sol::_initiateRedemption,9c166d7b349952d6,2,1,approve,"pxETH.approve(address(PirexETH), amountToWithdraw)","Front-running labels often depend on transaction ordering/economic context, not just state+external-call hyperedge evidence."
MEDIUM,front_running_positive_weak_fit_for_interaction_localization,train,FORGE::vfp_00262::DIAExternalStaking,FORGE,vfp_00262,DIAExternalStaking,_stake,1,Front-running / Tx Order (SWC-114),DIAExternalStaking.sol,DIAExternalStaking.sol::addRewardToPool; DIAExternalStaking.sol::_stake,f24007f11f53214d,10,1,safeTransferFrom,"STAKING_TOKEN.safeTransferFrom(staker, address(this), amount)","Front-running labels often depend on transaction ordering/economic context, not just state+external-call hyperedge evidence."
MEDIUM,front_running_positive_weak_fit_for_interaction_localization,train,FORGE::vfp_00262::DIAExternalStaking,FORGE,vfp_00262,DIAExternalStaking,addRewardToPool,1,Front-running / Tx Order (SWC-114),DIAExternalStaking.sol,DIAExternalStaking.sol::addRewardToPool; DIAExternalStaking.sol::_stake,6723592925c99369,2,1,safeTransferFrom,"STAKING_TOKEN.safeTransferFrom(msg.sender, address(this), amount)","Front-running labels often depend on transaction ordering/economic context, not just state+external-call hyperedge evidence."
MEDIUM,front_running_positive_weak_fit_for_interaction_localization,train,FORGE::vfp_00058::LikwidPairPosition,FORGE,vfp_00058,LikwidPairPosition,removeLiquidity,1,Front-running / Tx Order (SWC-114),LikwidPairPosition.sol,LikwidPairPosition.sol::increaseLiquidity#91; LikwidPairPosition.sol::removeLiquidity#102,577782dc1bd1bebb,2,2,ModifyLiquidityParams|unlock,"IVault.ModifyLiquidityParams({             amount0: 0,             amount1: 0,             liquidityDelta: -int128(liqui","Front-running labels often depend on transaction ordering/economic context, not just state+external-call hyperedge evidence."
MEDIUM,front_running_positive_weak_fit_for_interaction_localization,train,FORGE::vfp_00179::ZkStack_CustomGasToken_Adapter,FORGE,vfp_00179,ZkStack_CustomGasToken_Adapter,relayTokens,1,Front-running / Tx Order (SWC-114),ZkStack_CustomGasToken_Adapter.sol,ZkStack_CustomGasToken_Adapter.sol::relayTokens#178; ZkStack_CustomGasToken_Adapter.sol#230,8ec4664e57b99c17,9,12,sharedBridge|withdraw|forceApprove|requestL2TransactionTwoBridges|forceApprove|requestL2TransactionDirect|forceApprove|forceApprove|requestL2TransactionTwoBridges|forceApprove|forceApprove|requestL2TransactionTwoBridges,BRIDGE_HUB.sharedBridge(),"Front-running labels often depend on transaction ordering/economic context, not just state+external-call hyperedge evidence."
MEDIUM,front_running_positive_weak_fit_for_interaction_localization,train,FORGE::vfp_00200::CSExitPenalties,FORGE,vfp_00200,CSExitPenalties,processExitDelayReport,1,Front-running / Tx Order (SWC-114),CSExitPenalties.sol,CSExitPenalties.sol::processExitDelayReport; ValidatorExitDelayVerifier.sol::verifyValidatorExitDelay#178-196,c24775f0028341f8,3,3,getBondCurveId|getAllowedExitDelay|getExitDelayPenalty,ACCOUNTING.getBondCurveId(nodeOperatorId),"Front-running labels often depend on transaction ordering/economic context, not just state+external-call hyperedge evidence."
MEDIUM,front_running_positive_weak_fit_for_interaction_localization,train,FORGE::vfp_00200::ValidatorExitDelayVerifier,FORGE,vfp_00200,ValidatorExitDelayVerifier,verifyValidatorExitDelay,1,Front-running / Tx Order (SWC-114),ValidatorExitDelayVerifier.sol,CSExitPenalties.sol::processExitDelayReport; ValidatorExitDelayVerifier.sol::verifyValidatorExitDelay#178-196,8be3ea119e9a18db,1,4,validatorsExitBusOracle|stakingRouter|unpackExitRequest|reportValidatorExitDelay,LOCATOR.validatorsExitBusOracle(),"Front-running labels often depend on transaction ordering/economic context, not just state+external-call hyperedge evidence."
MEDIUM,negative_contains_strong_low_level_call_pattern,train,FORGE::vfp_00200::ValidatorExitDelayVerifier,FORGE,vfp_00200,ValidatorExitDelayVerifier,_verifyBeaconBlockRoot,0,,,,8b02d922052e9efe,2,1,staticcall,BEACON_ROOTS.staticcall(abi.encode(beaconBlock.rootsTimestamp)),Negative interaction contains low-level call/delegatecall/send/staticcall signal.
MEDIUM,front_running_positive_weak_fit_for_interaction_localization,train,FORGE::vfp_00153::PolygonStrategy,FORGE,vfp_00153,PolygonStrategy,unbond,1,Front-running / Tx Order (SWC-114),PolygonStrategy.sol,PolygonStrategy.sol::unbond,17b62b75ba8dcc98,5,6,balanceOf|getTotalDeposits|getPrincipalDeposits|withdrawRewards|unbond|balanceOf,token.balanceOf(address(this)),"Front-running labels often depend on transaction ordering/economic context, not just state+external-call hyperedge evidence."
MEDIUM,negative_contains_strong_low_level_call_pattern,train,FORGE::vfp_00116::L1Mailbox,FORGE,vfp_00116,L1Mailbox,relayMsgWithProof,0,,,,5fca947f094f95df,1,2,getL2MsgRoot|call,IRollup(rollup).getL2MsgRoot(proof_.batchIndex),Negative interaction contains low-level call/delegatecall/send/staticcall signal.
MEDIUM,negative_contains_strong_low_level_call_pattern,train,FORGE::vfp_00116::L1Mailbox,FORGE,vfp_00116,L1Mailbox,withdrawDepositFee,0,,,,39bffaee7f708d3b,1,1,call,"_target.call{value : _amount}("""")",Negative interaction contains low-level call/delegatecall/send/staticcall signal.
MEDIUM,negative_contains_strong_low_level_call_pattern,train,FORGE::vfp_00116::L2Mailbox,FORGE,vfp_00116,L2Mailbox,relayMsg,0,,,,6a2e689fc9e6577b,1,1,call,target_.call{value : value_}(msg_),Negative interaction contains low-level call/delegatecall/send/staticcall signal.
MEDIUM,negative_contains_strong_low_level_call_pattern,train,FORGE::vfp_00116::L1ETHBridge,FORGE,vfp_00116,L1ETHBridge,finalizeWithdraw,0,,,,00514f2eedb7a01f,1,1,call,"to_.call{value: amount_}("""")",Negative interaction contains low-level call/delegatecall/send/staticcall signal.
MEDIUM,negative_contains_strong_low_level_call_pattern,train,FORGE::vfp_00045::PDPVerifier,FORGE,vfp_00045,PDPVerifier,burnFee,0,,,,73efa7a91bb3d269,1,1,call,"BURN_ACTOR.call{value: amount}("""")",Negative interaction contains low-level call/delegatecall/send/staticcall signal.
MEDIUM,negative_contains_strong_low_level_call_pattern,train,FORGE::vfp_00045::PDPVerifier,FORGE,vfp_00045,PDPVerifier,getRandomness,0,,,,88583e25b5ceb2bf,1,1,staticcall,RANDOMNESS_PRECOMPILE.staticcall(abi.encodePacked(epoch)),Negative interaction contains low-level call/delegatecall/send/staticcall signal.
MEDIUM,front_running_positive_weak_fit_for_interaction_localization,train,FORGE::vfp_00186::MerkleDistributor,FORGE,vfp_00186,MerkleDistributor,claim,1,Front-running / Tx Order (SWC-114),MerkleDistributor.sol,MerkleDistributor.sol::claim#61,af7307ef6c63a3bc,1,1,safeTransfer,"IERC20(tokens[i]).safeTransfer(account, amounts[i])","Front-running labels often depend on transaction ordering/economic context, not just state+external-call hyperedge evidence."
MEDIUM,negative_contains_strong_low_level_call_pattern,train,FORGE::vfp_00126::SpokePool,FORGE,vfp_00126,SpokePool,_transferViaOFT,0,,,,c23157302cc9800a,3,3,quoteSend|forceApprove|send,"_messenger.quoteSend(sendParam, false)",Negative interaction contains low-level call/delegatecall/send/staticcall signal.
MEDIUM,front_running_positive_weak_fit_for_interaction_localization,train,FORGE::vfp_00288::DelegationMetaSwapAdapter,FORGE,vfp_00288,DelegationMetaSwapAdapter,swapTokens,1,Front-running / Tx Order (SWC-114),src/helpers/DelegationMetaSwapAdapter.sol,src/helpers/DelegationMetaSwapAdapter.sol::swapTokens#280-317; src/helpers/DelegationMetaSwapAdapter.sol#481-499; metaSwap::swap,1251ed0c0a868470,1,3,allowance|safeIncreaseAllowance|swap,"_tokenFrom.allowance(address(this), address(metaSwap))","Front-running labels often depend on transaction ordering/economic context, not just state+external-call hyperedge evidence."
MEDIUM,front_running_positive_weak_fit_for_interaction_localization,train,FORGE::vfp_00181::BaseCustomAccounting,FORGE,vfp_00181,BaseCustomAccounting,addLiquidity,1,Front-running / Tx Order (SWC-114),BaseCustomAccounting.sol,BaseCustomAccounting.sol::addLiquidity#132; BaseCustomAccounting.sol::removeLiquidity#151-162; BaseCustomAccounting.sol#199,99fe550e1aebc859,1,4,getSlot0|toId|isAddressZero|transfer,poolManager.getSlot0(poolKey.toId()),"Front-running labels often depend on transaction ordering/economic context, not just state+external-call hyperedge evidence."
MEDIUM,front_running_positive_weak_fit_for_interaction_localization,train,FORGE::vfp_00181::BaseCustomAccounting,FORGE,vfp_00181,BaseCustomAccounting,removeLiquidity,1,Front-running / Tx Order (SWC-114),BaseCustomAccounting.sol,BaseCustomAccounting.sol::addLiquidity#132; BaseCustomAccounting.sol::removeLiquidity#151-162; BaseCustomAccounting.sol#199,b2fbeeb906932718,1,4,getSlot0|toId|amount0|amount1,poolManager.getSlot0(poolKey.toId()),"Front-running labels often depend on transaction ordering/economic context, not just state+external-call hyperedge evidence."
MEDIUM,front_running_positive_weak_fit_for_interaction_localization,train,FORGE::vfp_00161::ChainCfg,FORGE,vfp_00161,ChainCfg,set_config,1,Front-running / Tx Order (SWC-114),sys_chaincfg.sol,sys_chaincfg.sol::get_config#40; sys_chaincfg.sol::get_configs#52; sys_chaincfg.sol::set_config#74,d4eeaa7ae6c343e6,1,4,pop|push|push|push,configCps.pop(),"Front-running labels often depend on transaction ordering/economic context, not just state+external-call hyperedge evidence."
MEDIUM,front_running_positive_weak_fit_for_interaction_localization,train,DAPP::DAppSCAN-source/contracts/Trail_of_Bits-UniswapV3Core/v3-core-99223f33fd69a9e024f00bd8eea17b029d3f8f2d::UniswapV3Pool,DAPP,DAppSCAN-source/contracts/Trail_of_Bits-UniswapV3Core/v3-core-99223f33fd69a9e024f00bd8eea17b029d3f8f2d,UniswapV3Pool,initialize,1,Front-running / Tx Order (SWC-114),DAppSCAN-source/contracts/Trail_of_Bits-UniswapV3Core/v3-core-99223f33fd69a9e024f00bd8eea17b029d3f8f2d/contracts/UniswapV3Pool.sol,L195 - L213,cc8aaae7829cb1a8,2,2,getTickAtSqrtRatio|initialize,TickMath.getTickAtSqrtRatio(sqrtPriceX96),"Front-running labels often depend on transaction ordering/economic context, not just state+external-call hyperedge evidence."
MEDIUM,negative_contains_strong_low_level_call_pattern,train,DAPP::DAppSCAN-source/contracts/Runtime_Vеrification-Element_Finance_Governance_Security_Audit_Report/council-3d751c959b42573c78ccd0bccbc80424bf6d9a90::Timelock,DAPP,DAppSCAN-source/contracts/Runtime_Vеrification-Element_Finance_Governance_Security_Audit_Report/council-3d751c959b42573c78ccd0bccbc80424bf6d9a90,Timelock,execute,0,,,,8b3365be69726ebb,2,1,call,targets[i].call(calldatas[i]),Negative interaction contains low-level call/delegatecall/send/staticcall signal.
MEDIUM,negative_contains_strong_low_level_call_pattern,train,DAPP::DAppSCAN-source/contracts/Trail_of_Bits-FraxQ42021/frax-solidity-bd40775e283923aa9e32a107abd426430a99835e::ComboOracle,DAPP,DAppSCAN-source/contracts/Trail_of_Bits-FraxQ42021/frax-solidity-bd40775e283923aa9e32a107abd426430a99835e,ComboOracle,getTokenPrice,0,,,,399fd9ff2ad531aa,3,2,latestRoundData|staticcall,AggregatorV3Interface(thisTokenInfo.agg_addr_for_underlying).latestRoundData(),Negative interaction contains low-level call/delegatecall/send/staticcall signal.
MEDIUM,negative_contains_strong_low_level_call_pattern,train,DAPP::DAppSCAN-source/contracts/Trail_of_Bits-FraxQ42021/frax-solidity-bd40775e283923aa9e32a107abd426430a99835e::Timelock,DAPP,DAppSCAN-source/contracts/Trail_of_Bits-FraxQ42021/frax-solidity-bd40775e283923aa9e32a107abd426430a99835e,Timelock,executeTransaction,0,,,,1854807c87636fd5,3,1,call,target.call{ value: value }(callData),Negative interaction contains low-level call/delegatecall/send/staticcall signal.
MEDIUM,front_running_positive_weak_fit_for_interaction_localization,train,DAPP::DAppSCAN-source/contracts/SlowMist-Booster-Protocol_智能安全审计报告/boosterProtocol-946b15629c410d706856584f3aa04001d6a55bd2::BuybackBooToken,DAPP,DAppSCAN-source/contracts/SlowMist-Booster-Protocol_智能安全审计报告/boosterProtocol-946b15629c410d706856584f3aa04001d6a55bd2,BuybackBooToken,buyback,1,Front-running / Tx Order (SWC-114),DAppSCAN-source/contracts/SlowMist-Booster-Protocol_智能安全审计报告/boosterProtocol-946b15629c410d706856584f3aa04001d6a55bd2/contracts/utils/BuybackBooToken.sol,L66,86a8633409717767,6,8,decimals|getAmountsOut|safeTransferFrom|approve|swapExactTokensForTokens|min|balanceOf|transfer,ERC20(_token).decimals(),"Front-running labels often depend on transaction ordering/economic context, not just state+external-call hyperedge evidence."
MEDIUM,front_running_positive_weak_fit_for_interaction_localization,train,DAPP::DAppSCAN-source/contracts/SlowMist-Booster-Protocol_智能安全审计报告/boosterProtocol-946b15629c410d706856584f3aa04001d6a55bd2::StrategyUtils,DAPP,DAppSCAN-source/contracts/SlowMist-Booster-Protocol_智能安全审计报告/boosterProtocol-946b15629c410d706856584f3aa04001d6a55bd2,StrategyUtils,getAmountOut,1,Front-running / Tx Order (SWC-114),DAppSCAN-source/contracts/SlowMist-Booster-Protocol_智能安全审计报告/boosterProtocol-946b15629c410d706856584f3aa04001d6a55bd2/contracts/strategies/StrategyUtils.sol,L345,8f3650b4a5833422,1,1,getAmountsIn,"router.getAmountsIn(_amountOut, path)","Front-running labels often depend on transaction ordering/economic context, not just state+external-call hyperedge evidence."
MEDIUM,front_running_positive_weak_fit_for_interaction_localization,train,DAPP::DAppSCAN-source/contracts/SlowMist-Booster-Protocol_智能安全审计报告/boosterProtocol-946b15629c410d706856584f3aa04001d6a55bd2::StrategyUtils,DAPP,DAppSCAN-source/contracts/SlowMist-Booster-Protocol_智能安全审计报告/boosterProtocol-946b15629c410d706856584f3aa04001d6a55bd2,StrategyUtils,getTokenInTo,1,Front-running / Tx Order (SWC-114),DAppSCAN-source/contracts/SlowMist-Booster-Protocol_智能安全审计报告/boosterProtocol-946b15629c410d706856584f3aa04001d6a55bd2/contracts/strategies/StrategyUtils.sol,L395,32606e60342aa5e9,1,3,approve|balanceOf|swapExactTokensForTokens,"IERC20(_tokenIn).approve(address(router), uint256(-1))","Front-running labels often depend on transaction ordering/economic context, not just state+external-call hyperedge evidence."
MEDIUM,front_running_positive_weak_fit_for_interaction_localization,train,DAPP::DAppSCAN-source/contracts/SlowMist-Booster-Protocol_智能安全审计报告/boosterProtocol-946b15629c410d706856584f3aa04001d6a55bd2::StrategyMDex,DAPP,DAppSCAN-source/contracts/SlowMist-Booster-Protocol_智能安全审计报告/boosterProtocol-946b15629c410d706856584f3aa04001d6a55bd2,StrategyMDex,updatePool,1,Front-running / Tx Order (SWC-114),DAppSCAN-source/contracts/SlowMist-Booster-Protocol_智能安全审计报告/boosterProtocol-946b15629c410d706856584f3aa04001d6a55bd2/contracts/strategies/StrategyMDex.sol,L241,757935474b9a9867,3,5,onAcionUpdate|getAmountIn|getTokenIn|makeRefundFee|add,actionPool.onAcionUpdate(_pid),"Front-running labels often depend on transaction ordering/economic context, not just state+external-call hyperedge evidence."
MEDIUM,front_running_positive_weak_fit_for_interaction_localization,train,DAPP::DAppSCAN-source/contracts/Runtime_Vеrification-Tracer_Perpetual_Pools_V2/perpetual-pools-contracts-846bbf62652d7c83aee1cf3766275c4d08b00c8a::PoolCommitter,DAPP,DAppSCAN-source/contracts/Runtime_Vеrification-Tracer_Perpetual_Pools_V2/perpetual-pools-contracts-846bbf62652d7c83aee1cf3766275c4d08b00c8a,PoolCommitter,commit,1,Front-running / Tx Order (SWC-114),DAppSCAN-source/contracts/Runtime_Vеrification-Tracer_Perpetual_Pools_V2/perpetual-pools-contracts-846bbf62652d7c83aee1cf3766275c4d08b00c8a/contracts/implementation/PoolCommitter.sol,L139-L181,28a40c7335286a7f,6,5,updateInterval|lastPriceTimestamp|frontRunningInterval|appropriateUpdateIntervalId|quoteTokenTransferFrom,pool.updateInterval(),"Front-running labels often depend on transaction ordering/economic context, not just state+external-call hyperedge evidence."
MEDIUM,front_running_positive_weak_fit_for_interaction_localization,train,DAPP::DAppSCAN-source/contracts/Runtime_Vеrification-Tracer_Perpetual_Pools_V2/perpetual-pools-contracts-846bbf62652d7c83aee1cf3766275c4d08b00c8a::PoolCommitter,DAPP,DAppSCAN-source/contracts/Runtime_Vеrification-Tracer_Perpetual_Pools_V2/perpetual-pools-contracts-846bbf62652d7c83aee1cf3766275c4d08b00c8a,PoolCommitter,claim,1,Front-running / Tx Order (SWC-114),DAppSCAN-source/contracts/Runtime_Vеrification-Tracer_Perpetual_Pools_V2/perpetual-pools-contracts-846bbf62652d7c83aee1cf3766275c4d08b00c8a/contracts/implementation/PoolCommitter.sol,L187-L201,9e2ae59921012ce4,2,3,quoteTokenTransfer|poolTokenTransfer|poolTokenTransfer,"pool.quoteTokenTransfer(user, balance.settlementTokens)","Front-running labels often depend on transaction ordering/economic context, not just state+external-call hyperedge evidence."
MEDIUM,front_running_positive_weak_fit_for_interaction_localization,train,DAPP::DAppSCAN-source/contracts/Inspex-WUSDMaster/WUSD-91c541c2f1c0ac781ddcfb2be6a62555a5e1e8d1::WUSDMaster,DAPP,DAppSCAN-source/contracts/Inspex-WUSDMaster/WUSD-91c541c2f1c0ac781ddcfb2be6a62555a5e1e8d1,WUSDMaster,stake,1,Front-running / Tx Order (SWC-114),DAppSCAN-source/contracts/Inspex-WUSDMaster/WUSD-91c541c2f1c0ac781ddcfb2be6a62555a5e1e8d1/WUSDMaster.sol,L703-728,03855200e555fca2,9,4,safeTransferFrom|safeTransfer|approve|swapExactTokensForTokensSupportingFeeOnTransferTokens,"usdt.safeTransferFrom(msg.sender, address(this), amount)","Front-running labels often depend on transaction ordering/economic context, not just state+external-call hyperedge evidence."
MEDIUM,negative_contains_strong_low_level_call_pattern,train,DAPP::DAppSCAN-source/contracts/Trail_of_Bits-YieldV2/vault-v2-819a713416249da92c44eb629ed26a49425a4656::Router,DAPP,DAppSCAN-source/contracts/Trail_of_Bits-YieldV2/vault-v2-819a713416249da92c44eb629ed26a49425a4656,Router,route,0,,,,9f8d4670a62db8ac,1,1,call,target.call(data),Negative interaction contains low-level call/delegatecall/send/staticcall signal.
MEDIUM,front_running_positive_weak_fit_for_interaction_localization,train,DAPP::DAppSCAN-source/contracts/Inspex-CakeMaxi/bsc-alpaca-contract-20c4c545a0323b71d2969fd79db8316e60bc7d76::CakeMaxiWorker,DAPP,DAppSCAN-source/contracts/Inspex-CakeMaxi/bsc-alpaca-contract-20c4c545a0323b71d2969fd79db8316e60bc7d76,CakeMaxiWorker,reinvest,1,Front-running / Tx Order (SWC-114),DAppSCAN-source/contracts/Inspex-CakeMaxi/bsc-alpaca-contract-20c4c545a0323b71d2969fd79db8316e60bc7d76/CakeMaxiWorker.sol,L150-186,80c8dcb3b89147df,5,5,safeApprove|leaveStaking|safeTransfer|enterStaking|safeApprove,"farmingToken.safeApprove(address(masterChef), uint256(-1))","Front-running labels often depend on transaction ordering/economic context, not just state+external-call hyperedge evidence."
MEDIUM,negative_contains_strong_low_level_call_pattern,train,DAPP::DAppSCAN-source/contracts/Hacken-Powerbomb-V1/powerbomb-lite-0f86ff1eecdd723be733a9b33ff4ffa3bbdadcee::PowerBombAvaxCurve,DAPP,DAppSCAN-source/contracts/Hacken-Powerbomb-V1/powerbomb-lite-0f86ff1eecdd723be733a9b33ff4ffa3bbdadcee,PowerBombAvaxCurve,_harvest,0,,,,7bdf8533145d2d95,13,12,balanceOf|balanceOf|claim_rewards|balanceOf|balanceOf|withdraw|call|getRewardsBalance|claimRewards|safeTransfer|deposit|balanceOf,ibRewardToken.balanceOf(address(this)),Negative interaction contains low-level call/delegatecall/send/staticcall signal.
MEDIUM,negative_contains_strong_low_level_call_pattern,train,DAPP::DAppSCAN-source/contracts/Hacken-Powerbomb-V1/powerbomb-lite-0f86ff1eecdd723be733a9b33ff4ffa3bbdadcee::PowerBombAvaxCurve33,DAPP,DAppSCAN-source/contracts/Hacken-Powerbomb-V1/powerbomb-lite-0f86ff1eecdd723be733a9b33ff4ffa3bbdadcee,PowerBombAvaxCurve33,_harvest,0,,,,03de21b97b932764,8,7,claim_rewards|balanceOf|balanceOf|balanceOf|withdraw|call|safeTransfer,gauge.claim_rewards(),Negative interaction contains low-level call/delegatecall/send/staticcall signal.
MEDIUM,negative_contains_strong_low_level_call_pattern,train,DAPP::DAppSCAN-source/contracts/PeckShield-DarkCrypto/darkcrypto-contracts-fee5be8d36459aebed2b84e6493875b3dc0366fd::Timelock,DAPP,DAppSCAN-source/contracts/PeckShield-DarkCrypto/darkcrypto-contracts-fee5be8d36459aebed2b84e6493875b3dc0366fd,Timelock,executeTransaction,0,,,,9095de4a849ce0fb,3,1,call,target.call{value: value}(callData),Negative interaction contains low-level call/delegatecall/send/staticcall signal.
MEDIUM,negative_contains_strong_low_level_call_pattern,train,DAPP::DAppSCAN-source/contracts/PepperSec-Aira-Robonomic/robonomics_contracts-cc35a91de187072214d215262d8371f0159c2498::LiabilityFactory,DAPP,DAppSCAN-source/contracts/PepperSec-Aira-Robonomic/robonomics_contracts-cc35a91de187072214d215262d8371f0159c2498,LiabilityFactory,createLiability,0,,,,6416217ae3e4523f,4,15,call|askHash|call|bidHash|transferFrom|promisor|lighthouseFee|token|transferFrom|promisee|cost|validator|transferFrom|promisee|validatorFee,"liability.call(abi.encodePacked(bytes4(0x82fbaa25), _ask))",Negative interaction contains low-level call/delegatecall/send/staticcall signal.
MEDIUM,negative_contains_strong_low_level_call_pattern,train,DAPP::DAppSCAN-source/contracts/PeckShield-BabySwap/code::Timelock,DAPP,DAppSCAN-source/contracts/PeckShield-BabySwap/code,Timelock,executeTransaction,0,,,,1854807c87636fd5,3,1,call,target.call{value: value}(callData),Negative interaction contains low-level call/delegatecall/send/staticcall signal.
MEDIUM,negative_contains_strong_low_level_call_pattern,train,DAPP::DAppSCAN-source/contracts/PeckShield-BabySwap/code::BabyPair,DAPP,DAppSCAN-source/contracts/PeckShield-BabySwap/code,BabyPair,_safeTransfer,0,,,,6d3c12de5636fd99,1,1,call,"token.call(abi.encodeWithSelector(SELECTOR, to, value))",Negative interaction contains low-level call/delegatecall/send/staticcall signal.
MEDIUM,negative_contains_strong_low_level_call_pattern,train,DAPP::DAppSCAN-source/contracts/PeckShield-BabySwap/code::MasterChefTimelock,DAPP,DAppSCAN-source/contracts/PeckShield-BabySwap/code,MasterChefTimelock,executeTransaction,0,,,,1854807c87636fd5,3,1,call,target.call{value: value}(callData),Negative interaction contains low-level call/delegatecall/send/staticcall signal.
MEDIUM,front_running_positive_weak_fit_for_interaction_localization,train,DAPP::DAppSCAN-source/contracts/Trail_of_Bits-Primitive/rmm-core-5dcf4306fc32fb9a4e3c154deb86f6b9d513c344::PrimitiveEngine,DAPP,DAppSCAN-source/contracts/Trail_of_Bits-Primitive/rmm-core-5dcf4306fc32fb9a4e3c154deb86f6b9d513c344,PrimitiveEngine,allocate,1,Front-running / Tx Order (SWC-114),DAppSCAN-source/contracts/Trail_of_Bits-Primitive/rmm-core-5dcf4306fc32fb9a4e3c154deb86f6b9d513c344/contracts/PrimitiveEngine.sol,L238 - L270,758fe25d6e9aeb06,4,3,allocate|withdraw|allocateCallback,"reserve.allocate(delRisky, delStable, delLiquidity, timestamp)","Front-running labels often depend on transaction ordering/economic context, not just state+external-call hyperedge evidence."
MEDIUM,front_running_positive_weak_fit_for_interaction_localization,train,DAPP::DAppSCAN-source/contracts/Trail_of_Bits-Primitive/rmm-core-5dcf4306fc32fb9a4e3c154deb86f6b9d513c344::PrimitiveEngine,DAPP,DAppSCAN-source/contracts/Trail_of_Bits-Primitive/rmm-core-5dcf4306fc32fb9a4e3c154deb86f6b9d513c344,PrimitiveEngine,swap,1,Front-running / Tx Order (SWC-114),DAppSCAN-source/contracts/Trail_of_Bits-Primitive/rmm-core-5dcf4306fc32fb9a4e3c154deb86f6b9d513c344/contracts/PrimitiveEngine.sol,L304 - L403,07713327dc9f2cfb,10,10,calcInvariant|swap|deposit|safeTransfer|withdraw|swapCallback|deposit|safeTransfer|withdraw|swapCallback,"ReplicationMath.calcInvariant(                 scaleFactorRisky,                 scaleFactorStable,                 adju","Front-running labels often depend on transaction ordering/economic context, not just state+external-call hyperedge evidence."
MEDIUM,negative_contains_strong_low_level_call_pattern,train,DAPP::DAppSCAN-source/contracts/Trail_of_Bits-Primitive/rmm-core-5dcf4306fc32fb9a4e3c154deb86f6b9d513c344::PrimitiveEngine,DAPP,DAppSCAN-source/contracts/Trail_of_Bits-Primitive/rmm-core-5dcf4306fc32fb9a4e3c154deb86f6b9d513c344,PrimitiveEngine,balanceRisky,0,,,,bad698ac5a2fe212,1,1,staticcall,"risky.staticcall(             abi.encodeWithSelector(IERC20.balanceOf.selector, address(this))         )",Negative interaction contains low-level call/delegatecall/send/staticcall signal.
MEDIUM,negative_contains_strong_low_level_call_pattern,train,DAPP::DAppSCAN-source/contracts/Trail_of_Bits-Primitive/rmm-core-5dcf4306fc32fb9a4e3c154deb86f6b9d513c344::PrimitiveEngine,DAPP,DAppSCAN-source/contracts/Trail_of_Bits-Primitive/rmm-core-5dcf4306fc32fb9a4e3c154deb86f6b9d513c344,PrimitiveEngine,balanceStable,0,,,,0d77a9b64f9789f7,1,1,staticcall,"stable.staticcall(             abi.encodeWithSelector(IERC20.balanceOf.selector, address(this))         )",Negative interaction contains low-level call/delegatecall/send/staticcall signal.
MEDIUM,negative_contains_strong_low_level_call_pattern,train,DAPP::DAppSCAN-source/contracts/SlowMist-CFFv2 Smart Contract Security Audit Report/cff-contract-v2-c86bef3f13c7585f547f9cd0ca900f94664e96b7::TokenBank,DAPP,DAppSCAN-source/contracts/SlowMist-CFFv2 Smart Contract Security Audit Report/cff-contract-v2-c86bef3f13c7585f547f9cd0ca900f94664e96b7,TokenBank,transfer,0,,,,22c286b36b353950,1,2,transfer|call,to.transfer(tokens),Negative interaction contains low-level call/delegatecall/send/staticcall signal.
MEDIUM,negative_contains_strong_low_level_call_pattern,train,DAPP::DAppSCAN-source/contracts/SlowMist-CFFv2 Smart Contract Security Audit Report/cff-contract-v2-c86bef3f13c7585f547f9cd0ca900f94664e96b7::TokenBank,DAPP,DAppSCAN-source/contracts/SlowMist-CFFv2 Smart Contract Security Audit Report/cff-contract-v2-c86bef3f13c7585f547f9cd0ca900f94664e96b7,TokenBank,issue,0,,,,266d623df2bd13b2,1,2,transfer|call,_to.transfer(_amount),Negative interaction contains low-level call/delegatecall/send/staticcall signal.
MEDIUM,negative_contains_strong_low_level_call_pattern,train,DAPP::DAppSCAN-source/contracts/SlowMist-CFFv2 Smart Contract Security Audit Report/cff-contract-v2-c86bef3f13c7585f547f9cd0ca900f94664e96b7::CRVExchangeV2,DAPP,DAppSCAN-source/contracts/SlowMist-CFFv2 Smart Contract Security Audit Report/cff-contract-v2-c86bef3f13c7585f547f9cd0ca900f94664e96b7,CRVExchangeV2,handleExtraToken,0,,,,c8c8e84e8a27a576,3,6,safeTransferFrom|safeApprove|swapExactTokensForETHSupportingFeeOnTransferTokens|swapExactTokensForTokensSupportingFeeOnTransferTokens|balanceOf|safeTransfer,"IERC20(from).safeTransferFrom(msg.sender, address(this), amount)",Negative interaction contains low-level call/delegatecall/send/staticcall signal.
MEDIUM,negative_contains_strong_low_level_call_pattern,train,DAPP::DAppSCAN-source/contracts/PeckShield-MilkySwap/milkyswap-59f163e9959cf8bae4a521a9648219b553312e07::UniswapV2Pair,DAPP,DAppSCAN-source/contracts/PeckShield-MilkySwap/milkyswap-59f163e9959cf8bae4a521a9648219b553312e07,UniswapV2Pair,_safeTransfer,0,,,,2f43ddd274710f3c,1,1,call,"token.call(abi.encodeWithSelector(SELECTOR, to, value))",Negative interaction contains low-level call/delegatecall/send/staticcall signal.
MEDIUM,negative_contains_strong_low_level_call_pattern,train,DAPP::DAppSCAN-source/contracts/consensys-Fei_Protocol_v2_Phase_1/fei-protocol-core-5e3e2ab889f06831f4fe2e8460066ded40ccf0a8::Timelock,DAPP,DAppSCAN-source/contracts/consensys-Fei_Protocol_v2_Phase_1/fei-protocol-core-5e3e2ab889f06831f4fe2e8460066ded40ccf0a8,Timelock,executeTransaction,0,,,,9ff25958780aa26d,3,1,call,target.call{value: value}(callData),Negative interaction contains low-level call/delegatecall/send/staticcall signal.
MEDIUM,front_running_positive_weak_fit_for_interaction_localization,train,DAPP::DAppSCAN-source/contracts/consensys-Fei_Protocol_v2_Phase_1/fei-protocol-core-5e3e2ab889f06831f4fe2e8460066ded40ccf0a8::BalancerLBPSwapper,DAPP,DAppSCAN-source/contracts/consensys-Fei_Protocol_v2_Phase_1/fei-protocol-core-5e3e2ab889f06831f4fe2e8460066ded40ccf0a8,BalancerLBPSwapper,init,1,Front-running / Tx Order (SWC-114),DAppSCAN-source/contracts/consensys-Fei_Protocol_v2_Phase_1/fei-protocol-core-5e3e2ab889f06831f4fe2e8460066ded40ccf0a8/contracts/pcv/balancer/BalancerLBPSwapper.sol,L108-118,8268b2bb2f31e7ad,10,7,getVault|getOwner|getPoolId|getPoolTokens|approve|approve|approve,_pool.getVault(),"Front-running labels often depend on transaction ordering/economic context, not just state+external-call hyperedge evidence."
MEDIUM,front_running_positive_weak_fit_for_interaction_localization,train,DAPP::DAppSCAN-source/contracts/Trail_of_Bits-YieldProtocol/fyDai-4422fda75931f2bfea49f5041ec90dc026e5c03d::Pool,DAPP,DAppSCAN-source/contracts/Trail_of_Bits-YieldProtocol/fyDai-4422fda75931f2bfea49f5041ec90dc026e5c03d,Pool,init,1,Front-running / Tx Order (SWC-114),DAppSCAN-source/contracts/Trail_of_Bits-YieldProtocol/fyDai-4422fda75931f2bfea49f5041ec90dc026e5c03d/contracts/pool/Pool.sol,L87 - L99,415df0d0cede8b4e,2,1,transferFrom,"dai.transferFrom(msg.sender, address(this), daiIn)","Front-running labels often depend on transaction ordering/economic context, not just state+external-call hyperedge evidence."
MEDIUM,negative_contains_strong_low_level_call_pattern,train,DAPP::DAppSCAN-source/contracts/openzeppelin-Optimism/contracts-18e128343731b9bde23812ce932e24d81440b6b7::Helper_PrecompileCaller,DAPP,DAppSCAN-source/contracts/openzeppelin-Optimism/contracts-18e128343731b9bde23812ce932e24d81440b6b7,Helper_PrecompileCaller,callPrecompileAbi,0,,,,a88e3013b60bc6cd,2,2,call|call,_precompile.call(_data),Negative interaction contains low-level call/delegatecall/send/staticcall signal.
MEDIUM,negative_contains_strong_low_level_call_pattern,train,DAPP::DAppSCAN-source/contracts/openzeppelin-Optimism/contracts-18e128343731b9bde23812ce932e24d81440b6b7::OVM_L2CrossDomainMessenger,DAPP,DAppSCAN-source/contracts/openzeppelin-Optimism/contracts-18e128343731b9bde23812ce932e24d81440b6b7,OVM_L2CrossDomainMessenger,relayMessage,0,,,,e45506fa8330be18,4,1,call,_target.call(_message),Negative interaction contains low-level call/delegatecall/send/staticcall signal.
MEDIUM,negative_contains_strong_low_level_call_pattern,train,DAPP::DAppSCAN-source/contracts/openzeppelin-Optimism/contracts-18e128343731b9bde23812ce932e24d81440b6b7::OVM_L1CrossDomainMessenger,DAPP,DAppSCAN-source/contracts/openzeppelin-Optimism/contracts-18e128343731b9bde23812ce932e24d81440b6b7,OVM_L1CrossDomainMessenger,relayMessage,0,,,,8d9d8ce3aae26d6b,4,1,call,_target.call(_message),Negative interaction contains low-level call/delegatecall/send/staticcall signal.
MEDIUM,negative_contains_strong_low_level_call_pattern,train,DAPP::DAppSCAN-source/contracts/openzeppelin-Optimism/contracts-18e128343731b9bde23812ce932e24d81440b6b7::mockOVM_CrossDomainMessenger,DAPP,DAppSCAN-source/contracts/openzeppelin-Optimism/contracts-18e128343731b9bde23812ce932e24d81440b6b7,mockOVM_CrossDomainMessenger,relayNextMessage,0,,,,440837423e4a3921,4,1,call,nextMessage.target.call{gas: nextMessage.gasLimit}(nextMessage.message),Negative interaction contains low-level call/delegatecall/send/staticcall signal.
MEDIUM,negative_contains_strong_low_level_call_pattern,train,DAPP::DAppSCAN-source/contracts/openzeppelin-Optimism/contracts-18e128343731b9bde23812ce932e24d81440b6b7::mockOVM_GenericCrossDomainMessenger,DAPP,DAppSCAN-source/contracts/openzeppelin-Optimism/contracts-18e128343731b9bde23812ce932e24d81440b6b7,mockOVM_GenericCrossDomainMessenger,relayMessage,0,,,,20f93c8fa844cb73,1,1,call,_target.call{gas: _gasLimit}(_message),Negative interaction contains low-level call/delegatecall/send/staticcall signal.
MEDIUM,negative_contains_strong_low_level_call_pattern,train,DAPP::DAppSCAN-source/contracts/BlockSec-blocksec_impossible_finance_swap_v1.2/impossible-swap-core-29aaef89f996acdbee92b67c4d95fb608dc8b876::ImpossiblePair,DAPP,DAppSCAN-source/contracts/BlockSec-blocksec_impossible_finance_swap_v1.2/impossible-swap-core-29aaef89f996acdbee92b67c4d95fb608dc8b876,ImpossiblePair,_safeTransfer,0,,,,4128620c75ae9257,1,1,call,"token.call(abi.encodeWithSelector(SELECTOR, to, value))",Negative interaction contains low-level call/delegatecall/send/staticcall signal.
MEDIUM,front_running_positive_weak_fit_for_interaction_localization,train,DAPP::DAppSCAN-source/contracts/ImmuneBytes-PolyTrade-Audit Report(Lender Portal)/lender-portal-contracts-dev::LenderPool,DAPP,DAppSCAN-source/contracts/ImmuneBytes-PolyTrade-Audit Report(Lender Portal)/lender-portal-contracts-dev,LenderPool,_swapExactTokens,1,Front-running / Tx Order (SWC-114),DAppSCAN-source/contracts/ImmuneBytes-PolyTrade-Audit Report(Lender Portal)/lender-portal-contracts-dev/contracts/LenderPool.sol,L375-L391,18d7bfc5899dbdab,1,1,swapExactTokensForTokens,"router.swapExactTokensForTokens(             amountStable,             amountOutMin,             _getPath(),","Front-running labels often depend on transaction ordering/economic context, not just state+external-call hyperedge evidence."
MEDIUM,front_running_positive_weak_fit_for_interaction_localization,train,DAPP::DAppSCAN-source/contracts/Runtime_Vеrification-Tracer_Perpetual_Pools_V2/vesting-a02cbd5e73e629b5d80c0af0202a3ee6f18d0216::Vesting,DAPP,DAppSCAN-source/contracts/Runtime_Vеrification-Tracer_Perpetual_Pools_V2/vesting-a02cbd5e73e629b5d80c0af0202a3ee6f18d0216,Vesting,rug,1,Front-running / Tx Order (SWC-114),DAppSCAN-source/contracts/Runtime_Vеrification-Tracer_Perpetual_Pools_V2/vesting-a02cbd5e73e629b5d80c0af0202a3ee6f18d0216/contracts/Vesting.sol,L160,5fd1ee88238d02f8,2,1,transfer,"IERC20(schedule.asset).transfer(owner(), outstandingAmount)","Front-running labels often depend on transaction ordering/economic context, not just state+external-call hyperedge evidence."
MEDIUM,front_running_positive_weak_fit_for_interaction_localization,train,DAPP::DAppSCAN-source/contracts/Inspex-AutoCompoundVault/mondayclub-9ec29e0bb41a6bbef5484976502c924f4557ca02::StrategyCommonChefLP,DAPP,DAppSCAN-source/contracts/Inspex-AutoCompoundVault/mondayclub-9ec29e0bb41a6bbef5484976502c924f4557ca02,StrategyCommonChefLP,_harvest,1,Front-running / Tx Order (SWC-114),DAppSCAN-source/contracts/Inspex-AutoCompoundVault/mondayclub-9ec29e0bb41a6bbef5484976502c924f4557ca02/StrategyCommonChefLP.sol,L137-149,7b03788353686fbb,4,2,deposit|balanceOf,"IMasterChef(chef).deposit(poolId, 0)","Front-running labels often depend on transaction ordering/economic context, not just state+external-call hyperedge evidence."
MEDIUM,front_running_positive_weak_fit_for_interaction_localization,train,DAPP::DAppSCAN-source/contracts/Inspex-AutoCompoundVault/mondayclub-9ec29e0bb41a6bbef5484976502c924f4557ca02::StrategyCommonChefLP,DAPP,DAppSCAN-source/contracts/Inspex-AutoCompoundVault/mondayclub-9ec29e0bb41a6bbef5484976502c924f4557ca02,StrategyCommonChefLP,addLiquidity,1,Front-running / Tx Order (SWC-114),DAppSCAN-source/contracts/Inspex-AutoCompoundVault/mondayclub-9ec29e0bb41a6bbef5484976502c924f4557ca02/StrategyCommonChefLP.sol,L169-183,8fd91d18551acba1,5,7,div|balanceOf|swapExactTokensForTokens|swapExactTokensForTokens|balanceOf|balanceOf|addLiquidity,IERC20(output).balanceOf(address(this)).div(2),"Front-running labels often depend on transaction ordering/economic context, not just state+external-call hyperedge evidence."
MEDIUM,front_running_positive_weak_fit_for_interaction_localization,train,DAPP::DAppSCAN-source/contracts/Trail_of_Bits-setprotocol/set-protocol-contracts-b4acf144c10b1d9f3ecde4ee2820931df1cb8e4a::ExchangeExecution,DAPP,DAppSCAN-source/contracts/Trail_of_Bits-setprotocol/set-protocol-contracts-b4acf144c10b1d9f3ecde4ee2820931df1cb8e4a,ExchangeExecution,executeExchangeOrders,1,Front-running / Tx Order (SWC-114),DAppSCAN-source/contracts/Trail_of_Bits-setprotocol/set-protocol-contracts-b4acf144c10b1d9f3ecde4ee2820931df1cb8e4a/contracts/core/modules/lib/ExchangeExecution.sol,L76,d00a45498a386db4,2,8,parseExchangeHeader|exchangeIds|safePower|add|EXCHANGE_HEADER_LENGTH|sliceBodyData|ExchangeData|callExchange,"ExchangeHeaderLibrary.parseExchangeHeader(                 _orderData,                 scannedBytes             )","Front-running labels often depend on transaction ordering/economic context, not just state+external-call hyperedge evidence."
MEDIUM,negative_contains_strong_low_level_call_pattern,train,DAPP::DAppSCAN-source/contracts/PeckShield-Convex_Frax/frax-cvx-platform-2f8573ee796daa022c1050b4a749bf08049c439b::FraxVoterProxy,DAPP,DAppSCAN-source/contracts/PeckShield-Convex_Frax/frax-cvx-platform-2f8573ee796daa022c1050b4a749bf08049c439b,FraxVoterProxy,execute,0,,,,afd6e9cdac6dd9a4,1,1,call,_to.call{value:_value}(_data),Negative interaction contains low-level call/delegatecall/send/staticcall signal.
MEDIUM,negative_contains_strong_low_level_call_pattern,train,DAPP::DAppSCAN-source/contracts/Trail_of_Bits-FujiProtocol/fuji-protocol-933ea57b11889d87744efa23e95c90b7bf589402::FujiVault,DAPP,DAppSCAN-source/contracts/Trail_of_Bits-FujiProtocol/fuji-protocol-933ea57b11889d87744efa23e95c90b7bf589402,FujiVault,harvestRewards,0,,,,5d5dffaa515f4cdb,4,9,getHarvestTransaction|getVaultHarvester|call|univBalanceOf|getSwapTransaction|getSwapper|univApprove|call|univBalanceOf,"IHarvester(       _fujiAdmin.getVaultHarvester()     ).getHarvestTransaction(_farmProtocolNum, _data)",Negative interaction contains low-level call/delegatecall/send/staticcall signal.
MEDIUM,front_running_positive_weak_fit_for_interaction_localization,train,DAPP::DAppSCAN-source/contracts/PeckShield-Duet/duet-collateral-contracts-92452dad092d6b5f76713484e30159b5fa75ea80::DYTokenERC20,DAPP,DAppSCAN-source/contracts/PeckShield-Duet/duet-collateral-contracts-92452dad092d6b5f76713484e30159b5fa75ea80,DYTokenERC20,depositTo,1,Front-running / Tx Order (SWC-114),DAppSCAN-source/contracts/PeckShield-Duet/duet-collateral-contracts-92452dad092d6b5f76713484e30159b5fa75ea80/contracts/DYTokenERC20.sol,L29-L57,c7817fc8efac1487,2,4,balanceOf|safeTransferFrom|balanceOf|syncDeposit,underlyingToken.balanceOf(address(this)),"Front-running labels often depend on transaction ordering/economic context, not just state+external-call hyperedge evidence."
MEDIUM,negative_contains_strong_low_level_call_pattern,train,DAPP::DAppSCAN-source/contracts/consensys-Zer0_zBanc/zBanc-48da0ac1eebbe31a74742f1ae4281b156f03a4bc::BancorNetwork,DAPP,DAppSCAN-source/contracts/consensys-Zer0_zBanc/zBanc-48da0ac1eebbe31a74742f1ae4281b156f03a4bc,BancorNetwork,safeApprove,0,,,,9705b509dfbc6366,1,1,call,"address(_token).call(abi.encodeWithSelector(APPROVE_FUNC_SELECTOR, _spender, _value))",Negative interaction contains low-level call/delegatecall/send/staticcall signal.
MEDIUM,negative_contains_strong_low_level_call_pattern,train,DAPP::DAppSCAN-source/contracts/consensys-Zer0_zBanc/zBanc-48da0ac1eebbe31a74742f1ae4281b156f03a4bc::BancorNetwork,DAPP,DAppSCAN-source/contracts/consensys-Zer0_zBanc/zBanc-48da0ac1eebbe31a74742f1ae4281b156f03a4bc,BancorNetwork,safeTransfer,0,,,,e2ae5c7ef6e595ee,1,1,call,"address(_token).call(abi.encodeWithSelector(TRANSFER_FUNC_SELECTOR, _to, _value))",Negative interaction contains low-level call/delegatecall/send/staticcall signal.
MEDIUM,negative_contains_strong_low_level_call_pattern,train,DAPP::DAppSCAN-source/contracts/consensys-Zer0_zBanc/zBanc-48da0ac1eebbe31a74742f1ae4281b156f03a4bc::BancorNetwork,DAPP,DAppSCAN-source/contracts/consensys-Zer0_zBanc/zBanc-48da0ac1eebbe31a74742f1ae4281b156f03a4bc,BancorNetwork,safeTransferFrom,0,,,,ecd5ac7d0d0eb3ff,1,1,call,"address(_token).call(abi.encodeWithSelector(TRANSFER_FROM_FUNC_SELECTOR, _from, _to, _value))",Negative interaction contains low-level call/delegatecall/send/staticcall signal.
MEDIUM,negative_contains_strong_low_level_call_pattern,train,DAPP::DAppSCAN-source/contracts/consensys-Zer0_zBanc/zBanc-48da0ac1eebbe31a74742f1ae4281b156f03a4bc::BancorNetwork,DAPP,DAppSCAN-source/contracts/consensys-Zer0_zBanc/zBanc-48da0ac1eebbe31a74742f1ae4281b156f03a4bc,BancorNetwork,getReturn,0,,,,91b3bfed45312755,1,1,staticcall,address(_dest).staticcall(data),Negative interaction contains low-level call/delegatecall/send/staticcall signal.
MEDIUM,negative_contains_strong_low_level_call_pattern,train,DAPP::DAppSCAN-source/contracts/consensys-Zer0_zBanc/zBanc-48da0ac1eebbe31a74742f1ae4281b156f03a4bc::BancorNetwork,DAPP,DAppSCAN-source/contracts/consensys-Zer0_zBanc/zBanc-48da0ac1eebbe31a74742f1ae4281b156f03a4bc,BancorNetwork,isV28OrHigherConverter,0,,,,281045fbe8f36615,1,1,staticcall,address(_converter).staticcall{ gas: 4000 }(data),Negative interaction contains low-level call/delegatecall/send/staticcall signal.
MEDIUM,negative_contains_strong_low_level_call_pattern,train,DAPP::DAppSCAN-source/contracts/consensys-Zer0_zBanc/zBanc-48da0ac1eebbe31a74742f1ae4281b156f03a4bc::BancorX,DAPP,DAppSCAN-source/contracts/consensys-Zer0_zBanc/zBanc-48da0ac1eebbe31a74742f1ae4281b156f03a4bc,BancorX,safeApprove,0,,,,9705b509dfbc6366,1,1,call,"address(_token).call(abi.encodeWithSelector(APPROVE_FUNC_SELECTOR, _spender, _value))",Negative interaction contains low-level call/delegatecall/send/staticcall signal.
MEDIUM,negative_contains_strong_low_level_call_pattern,train,DAPP::DAppSCAN-source/contracts/consensys-Zer0_zBanc/zBanc-48da0ac1eebbe31a74742f1ae4281b156f03a4bc::BancorX,DAPP,DAppSCAN-source/contracts/consensys-Zer0_zBanc/zBanc-48da0ac1eebbe31a74742f1ae4281b156f03a4bc,BancorX,safeTransfer,0,,,,e2ae5c7ef6e595ee,1,1,call,"address(_token).call(abi.encodeWithSelector(TRANSFER_FUNC_SELECTOR, _to, _value))",Negative interaction contains low-level call/delegatecall/send/staticcall signal.
MEDIUM,negative_contains_strong_low_level_call_pattern,train,DAPP::DAppSCAN-source/contracts/consensys-Zer0_zBanc/zBanc-48da0ac1eebbe31a74742f1ae4281b156f03a4bc::BancorX,DAPP,DAppSCAN-source/contracts/consensys-Zer0_zBanc/zBanc-48da0ac1eebbe31a74742f1ae4281b156f03a4bc,BancorX,safeTransferFrom,0,,,,ecd5ac7d0d0eb3ff,1,1,call,"address(_token).call(abi.encodeWithSelector(TRANSFER_FROM_FUNC_SELECTOR, _from, _to, _value))",Negative interaction contains low-level call/delegatecall/send/staticcall signal.
MEDIUM,negative_contains_strong_low_level_call_pattern,train,DAPP::DAppSCAN-source/contracts/consensys-Zer0_zBanc/zBanc-48da0ac1eebbe31a74742f1ae4281b156f03a4bc::TestLiquidityPoolV1Converter,DAPP,DAppSCAN-source/contracts/consensys-Zer0_zBanc/zBanc-48da0ac1eebbe31a74742f1ae4281b156f03a4bc,TestLiquidityPoolV1Converter,safeApprove,0,,,,9705b509dfbc6366,1,1,call,"address(_token).call(abi.encodeWithSelector(APPROVE_FUNC_SELECTOR, _spender, _value))",Negative interaction contains low-level call/delegatecall/send/staticcall signal.
MEDIUM,negative_contains_strong_low_level_call_pattern,train,DAPP::DAppSCAN-source/contracts/consensys-Zer0_zBanc/zBanc-48da0ac1eebbe31a74742f1ae4281b156f03a4bc::TestLiquidityPoolV1Converter,DAPP,DAppSCAN-source/contracts/consensys-Zer0_zBanc/zBanc-48da0ac1eebbe31a74742f1ae4281b156f03a4bc,TestLiquidityPoolV1Converter,safeTransfer,0,,,,e2ae5c7ef6e595ee,1,1,call,"address(_token).call(abi.encodeWithSelector(TRANSFER_FUNC_SELECTOR, _to, _value))",Negative interaction contains low-level call/delegatecall/send/staticcall signal.
MEDIUM,negative_contains_strong_low_level_call_pattern,train,DAPP::DAppSCAN-source/contracts/consensys-Zer0_zBanc/zBanc-48da0ac1eebbe31a74742f1ae4281b156f03a4bc::TestLiquidityPoolV1Converter,DAPP,DAppSCAN-source/contracts/consensys-Zer0_zBanc/zBanc-48da0ac1eebbe31a74742f1ae4281b156f03a4bc,TestLiquidityPoolV1Converter,safeTransferFrom,0,,,,ecd5ac7d0d0eb3ff,1,1,call,"address(_token).call(abi.encodeWithSelector(TRANSFER_FROM_FUNC_SELECTOR, _from, _to, _value))",Negative interaction contains low-level call/delegatecall/send/staticcall signal.
MEDIUM,negative_contains_strong_low_level_call_pattern,train,DAPP::DAppSCAN-source/contracts/consensys-Zer0_zBanc/zBanc-48da0ac1eebbe31a74742f1ae4281b156f03a4bc::TestConverterRegistry,DAPP,DAppSCAN-source/contracts/consensys-Zer0_zBanc/zBanc-48da0ac1eebbe31a74742f1ae4281b156f03a4bc,TestConverterRegistry,safeApprove,0,,,,9705b509dfbc6366,1,1,call,"address(_token).call(abi.encodeWithSelector(APPROVE_FUNC_SELECTOR, _spender, _value))",Negative interaction contains low-level call/delegatecall/send/staticcall signal.
MEDIUM,negative_contains_strong_low_level_call_pattern,train,DAPP::DAppSCAN-source/contracts/consensys-Zer0_zBanc/zBanc-48da0ac1eebbe31a74742f1ae4281b156f03a4bc::TestConverterRegistry,DAPP,DAppSCAN-source/contracts/consensys-Zer0_zBanc/zBanc-48da0ac1eebbe31a74742f1ae4281b156f03a4bc,TestConverterRegistry,safeTransfer,0,,,,e2ae5c7ef6e595ee,1,1,call,"address(_token).call(abi.encodeWithSelector(TRANSFER_FUNC_SELECTOR, _to, _value))",Negative interaction contains low-level call/delegatecall/send/staticcall signal.
MEDIUM,negative_contains_strong_low_level_call_pattern,train,DAPP::DAppSCAN-source/contracts/consensys-Zer0_zBanc/zBanc-48da0ac1eebbe31a74742f1ae4281b156f03a4bc::TestConverterRegistry,DAPP,DAppSCAN-source/contracts/consensys-Zer0_zBanc/zBanc-48da0ac1eebbe31a74742f1ae4281b156f03a4bc,TestConverterRegistry,safeTransferFrom,0,,,,ecd5ac7d0d0eb3ff,1,1,call,"address(_token).call(abi.encodeWithSelector(TRANSFER_FROM_FUNC_SELECTOR, _from, _to, _value))",Negative interaction contains low-level call/delegatecall/send/staticcall signal.
MEDIUM,negative_contains_strong_low_level_call_pattern,train,DAPP::DAppSCAN-source/contracts/consensys-Zer0_zBanc/zBanc-48da0ac1eebbe31a74742f1ae4281b156f03a4bc::TestConverterRegistry,DAPP,DAppSCAN-source/contracts/consensys-Zer0_zBanc/zBanc-48da0ac1eebbe31a74742f1ae4281b156f03a4bc,TestConverterRegistry,getConverterType,0,,,,d6e67a5bf3cda8c6,1,1,staticcall,address(_converter).staticcall(abi.encodeWithSelector(CONVERTER_TYPE_FUNC_SELECTOR)),Negative interaction contains low-level call/delegatecall/send/staticcall signal.
MEDIUM,negative_contains_strong_low_level_call_pattern,train,DAPP::DAppSCAN-source/contracts/consensys-Zer0_zBanc/zBanc-48da0ac1eebbe31a74742f1ae4281b156f03a4bc::TestDynamicLiquidTokenConverterFactory,DAPP,DAppSCAN-source/contracts/consensys-Zer0_zBanc/zBanc-48da0ac1eebbe31a74742f1ae4281b156f03a4bc,TestDynamicLiquidTokenConverterFactory,safeApprove,0,,,,9705b509dfbc6366,1,1,call,"address(_token).call(abi.encodeWithSelector(APPROVE_FUNC_SELECTOR, _spender, _value))",Negative interaction contains low-level call/delegatecall/send/staticcall signal.
MEDIUM,negative_contains_strong_low_level_call_pattern,train,DAPP::DAppSCAN-source/contracts/consensys-Zer0_zBanc/zBanc-48da0ac1eebbe31a74742f1ae4281b156f03a4bc::TestDynamicLiquidTokenConverterFactory,DAPP,DAppSCAN-source/contracts/consensys-Zer0_zBanc/zBanc-48da0ac1eebbe31a74742f1ae4281b156f03a4bc,TestDynamicLiquidTokenConverterFactory,safeTransfer,0,,,,e2ae5c7ef6e595ee,1,1,call,"address(_token).call(abi.encodeWithSelector(TRANSFER_FUNC_SELECTOR, _to, _value))",Negative interaction contains low-level call/delegatecall/send/staticcall signal.
MEDIUM,negative_contains_strong_low_level_call_pattern,train,DAPP::DAppSCAN-source/contracts/consensys-Zer0_zBanc/zBanc-48da0ac1eebbe31a74742f1ae4281b156f03a4bc::TestDynamicLiquidTokenConverterFactory,DAPP,DAppSCAN-source/contracts/consensys-Zer0_zBanc/zBanc-48da0ac1eebbe31a74742f1ae4281b156f03a4bc,TestDynamicLiquidTokenConverterFactory,safeTransferFrom,0,,,,ecd5ac7d0d0eb3ff,1,1,call,"address(_token).call(abi.encodeWithSelector(TRANSFER_FROM_FUNC_SELECTOR, _from, _to, _value))",Negative interaction contains low-level call/delegatecall/send/staticcall signal.
MEDIUM,negative_contains_strong_low_level_call_pattern,train,DAPP::DAppSCAN-source/contracts/consensys-Zer0_zBanc/zBanc-48da0ac1eebbe31a74742f1ae4281b156f03a4bc::TestBancorNetwork,DAPP,DAppSCAN-source/contracts/consensys-Zer0_zBanc/zBanc-48da0ac1eebbe31a74742f1ae4281b156f03a4bc,TestBancorNetwork,safeApprove,0,,,,9705b509dfbc6366,1,1,call,"address(_token).call(abi.encodeWithSelector(APPROVE_FUNC_SELECTOR, _spender, _value))",Negative interaction contains low-level call/delegatecall/send/staticcall signal.
MEDIUM,negative_contains_strong_low_level_call_pattern,train,DAPP::DAppSCAN-source/contracts/consensys-Zer0_zBanc/zBanc-48da0ac1eebbe31a74742f1ae4281b156f03a4bc::TestBancorNetwork,DAPP,DAppSCAN-source/contracts/consensys-Zer0_zBanc/zBanc-48da0ac1eebbe31a74742f1ae4281b156f03a4bc,TestBancorNetwork,safeTransfer,0,,,,e2ae5c7ef6e595ee,1,1,call,"address(_token).call(abi.encodeWithSelector(TRANSFER_FUNC_SELECTOR, _to, _value))",Negative interaction contains low-level call/delegatecall/send/staticcall signal.
MEDIUM,negative_contains_strong_low_level_call_pattern,train,DAPP::DAppSCAN-source/contracts/consensys-Zer0_zBanc/zBanc-48da0ac1eebbe31a74742f1ae4281b156f03a4bc::TestBancorNetwork,DAPP,DAppSCAN-source/contracts/consensys-Zer0_zBanc/zBanc-48da0ac1eebbe31a74742f1ae4281b156f03a4bc,TestBancorNetwork,safeTransferFrom,0,,,,ecd5ac7d0d0eb3ff,1,1,call,"address(_token).call(abi.encodeWithSelector(TRANSFER_FROM_FUNC_SELECTOR, _from, _to, _value))",Negative interaction contains low-level call/delegatecall/send/staticcall signal.
MEDIUM,negative_contains_strong_low_level_call_pattern,train,DAPP::DAppSCAN-source/contracts/consensys-Zer0_zBanc/zBanc-48da0ac1eebbe31a74742f1ae4281b156f03a4bc::TestBancorNetwork,DAPP,DAppSCAN-source/contracts/consensys-Zer0_zBanc/zBanc-48da0ac1eebbe31a74742f1ae4281b156f03a4bc,TestBancorNetwork,getReturn,0,,,,91b3bfed45312755,1,1,staticcall,address(_dest).staticcall(data),Negative interaction contains low-level call/delegatecall/send/staticcall signal.
MEDIUM,negative_contains_strong_low_level_call_pattern,train,DAPP::DAppSCAN-source/contracts/consensys-Zer0_zBanc/zBanc-48da0ac1eebbe31a74742f1ae4281b156f03a4bc::TestBancorNetwork,DAPP,DAppSCAN-source/contracts/consensys-Zer0_zBanc/zBanc-48da0ac1eebbe31a74742f1ae4281b156f03a4bc,TestBancorNetwork,isV28OrHigherConverter,0,,,,281045fbe8f36615,1,1,staticcall,address(_converter).staticcall{ gas: 4000 }(data),Negative interaction contains low-level call/delegatecall/send/staticcall signal.
MEDIUM,negative_contains_strong_low_level_call_pattern,train,DAPP::DAppSCAN-source/contracts/consensys-Zer0_zBanc/zBanc-48da0ac1eebbe31a74742f1ae4281b156f03a4bc::TestTokenHandler,DAPP,DAppSCAN-source/contracts/consensys-Zer0_zBanc/zBanc-48da0ac1eebbe31a74742f1ae4281b156f03a4bc,TestTokenHandler,safeApprove,0,,,,9705b509dfbc6366,1,1,call,"address(_token).call(abi.encodeWithSelector(APPROVE_FUNC_SELECTOR, _spender, _value))",Negative interaction contains low-level call/delegatecall/send/staticcall signal.
MEDIUM,negative_contains_strong_low_level_call_pattern,train,DAPP::DAppSCAN-source/contracts/consensys-Zer0_zBanc/zBanc-48da0ac1eebbe31a74742f1ae4281b156f03a4bc::TestTokenHandler,DAPP,DAppSCAN-source/contracts/consensys-Zer0_zBanc/zBanc-48da0ac1eebbe31a74742f1ae4281b156f03a4bc,TestTokenHandler,safeTransfer,0,,,,e2ae5c7ef6e595ee,1,1,call,"address(_token).call(abi.encodeWithSelector(TRANSFER_FUNC_SELECTOR, _to, _value))",Negative interaction contains low-level call/delegatecall/send/staticcall signal.
MEDIUM,negative_contains_strong_low_level_call_pattern,train,DAPP::DAppSCAN-source/contracts/consensys-Zer0_zBanc/zBanc-48da0ac1eebbe31a74742f1ae4281b156f03a4bc::TestTokenHandler,DAPP,DAppSCAN-source/contracts/consensys-Zer0_zBanc/zBanc-48da0ac1eebbe31a74742f1ae4281b156f03a4bc,TestTokenHandler,safeTransferFrom,0,,,,ecd5ac7d0d0eb3ff,1,1,call,"address(_token).call(abi.encodeWithSelector(TRANSFER_FROM_FUNC_SELECTOR, _from, _to, _value))",Negative interaction contains low-level call/delegatecall/send/staticcall signal.
MEDIUM,negative_contains_strong_low_level_call_pattern,train,DAPP::DAppSCAN-source/contracts/consensys-Zer0_zBanc/zBanc-48da0ac1eebbe31a74742f1ae4281b156f03a4bc::TestLiquidityPoolV2Converter,DAPP,DAppSCAN-source/contracts/consensys-Zer0_zBanc/zBanc-48da0ac1eebbe31a74742f1ae4281b156f03a4bc,TestLiquidityPoolV2Converter,safeApprove,0,,,,9705b509dfbc6366,1,1,call,"address(_token).call(abi.encodeWithSelector(APPROVE_FUNC_SELECTOR, _spender, _value))",Negative interaction contains low-level call/delegatecall/send/staticcall signal.
MEDIUM,negative_contains_strong_low_level_call_pattern,train,DAPP::DAppSCAN-source/contracts/consensys-Zer0_zBanc/zBanc-48da0ac1eebbe31a74742f1ae4281b156f03a4bc::TestLiquidityPoolV2Converter,DAPP,DAppSCAN-source/contracts/consensys-Zer0_zBanc/zBanc-48da0ac1eebbe31a74742f1ae4281b156f03a4bc,TestLiquidityPoolV2Converter,safeTransfer,0,,,,e2ae5c7ef6e595ee,1,1,call,"address(_token).call(abi.encodeWithSelector(TRANSFER_FUNC_SELECTOR, _to, _value))",Negative interaction contains low-level call/delegatecall/send/staticcall signal.
MEDIUM,negative_contains_strong_low_level_call_pattern,train,DAPP::DAppSCAN-source/contracts/consensys-Zer0_zBanc/zBanc-48da0ac1eebbe31a74742f1ae4281b156f03a4bc::TestLiquidityPoolV2Converter,DAPP,DAppSCAN-source/contracts/consensys-Zer0_zBanc/zBanc-48da0ac1eebbe31a74742f1ae4281b156f03a4bc,TestLiquidityPoolV2Converter,safeTransferFrom,0,,,,ecd5ac7d0d0eb3ff,1,1,call,"address(_token).call(abi.encodeWithSelector(TRANSFER_FROM_FUNC_SELECTOR, _from, _to, _value))",Negative interaction contains low-level call/delegatecall/send/staticcall signal.
MEDIUM,negative_contains_strong_low_level_call_pattern,train,DAPP::DAppSCAN-source/contracts/consensys-Zer0_zBanc/zBanc-48da0ac1eebbe31a74742f1ae4281b156f03a4bc::ConverterRegistry,DAPP,DAppSCAN-source/contracts/consensys-Zer0_zBanc/zBanc-48da0ac1eebbe31a74742f1ae4281b156f03a4bc,ConverterRegistry,safeApprove,0,,,,9705b509dfbc6366,1,1,call,"address(_token).call(abi.encodeWithSelector(APPROVE_FUNC_SELECTOR, _spender, _value))",Negative interaction contains low-level call/delegatecall/send/staticcall signal.
MEDIUM,negative_contains_strong_low_level_call_pattern,train,DAPP::DAppSCAN-source/contracts/consensys-Zer0_zBanc/zBanc-48da0ac1eebbe31a74742f1ae4281b156f03a4bc::ConverterRegistry,DAPP,DAppSCAN-source/contracts/consensys-Zer0_zBanc/zBanc-48da0ac1eebbe31a74742f1ae4281b156f03a4bc,ConverterRegistry,safeTransfer,0,,,,e2ae5c7ef6e595ee,1,1,call,"address(_token).call(abi.encodeWithSelector(TRANSFER_FUNC_SELECTOR, _to, _value))",Negative interaction contains low-level call/delegatecall/send/staticcall signal.
MEDIUM,negative_contains_strong_low_level_call_pattern,train,DAPP::DAppSCAN-source/contracts/consensys-Zer0_zBanc/zBanc-48da0ac1eebbe31a74742f1ae4281b156f03a4bc::ConverterRegistry,DAPP,DAppSCAN-source/contracts/consensys-Zer0_zBanc/zBanc-48da0ac1eebbe31a74742f1ae4281b156f03a4bc,ConverterRegistry,safeTransferFrom,0,,,,ecd5ac7d0d0eb3ff,1,1,call,"address(_token).call(abi.encodeWithSelector(TRANSFER_FROM_FUNC_SELECTOR, _from, _to, _value))",Negative interaction contains low-level call/delegatecall/send/staticcall signal.
MEDIUM,negative_contains_strong_low_level_call_pattern,train,DAPP::DAppSCAN-source/contracts/consensys-Zer0_zBanc/zBanc-48da0ac1eebbe31a74742f1ae4281b156f03a4bc::ConverterRegistry,DAPP,DAppSCAN-source/contracts/consensys-Zer0_zBanc/zBanc-48da0ac1eebbe31a74742f1ae4281b156f03a4bc,ConverterRegistry,getConverterType,0,,,,d6e67a5bf3cda8c6,1,1,staticcall,address(_converter).staticcall(abi.encodeWithSelector(CONVERTER_TYPE_FUNC_SELECTOR)),Negative interaction contains low-level call/delegatecall/send/staticcall signal.
MEDIUM,negative_contains_strong_low_level_call_pattern,train,DAPP::DAppSCAN-source/contracts/consensys-Zer0_zBanc/zBanc-48da0ac1eebbe31a74742f1ae4281b156f03a4bc::ConverterBase,DAPP,DAppSCAN-source/contracts/consensys-Zer0_zBanc/zBanc-48da0ac1eebbe31a74742f1ae4281b156f03a4bc,ConverterBase,safeApprove,0,,,,9705b509dfbc6366,1,1,call,"address(_token).call(abi.encodeWithSelector(APPROVE_FUNC_SELECTOR, _spender, _value))",Negative interaction contains low-level call/delegatecall/send/staticcall signal.
MEDIUM,negative_contains_strong_low_level_call_pattern,train,DAPP::DAppSCAN-source/contracts/consensys-Zer0_zBanc/zBanc-48da0ac1eebbe31a74742f1ae4281b156f03a4bc::ConverterBase,DAPP,DAppSCAN-source/contracts/consensys-Zer0_zBanc/zBanc-48da0ac1eebbe31a74742f1ae4281b156f03a4bc,ConverterBase,safeTransfer,0,,,,e2ae5c7ef6e595ee,1,1,call,"address(_token).call(abi.encodeWithSelector(TRANSFER_FUNC_SELECTOR, _to, _value))",Negative interaction contains low-level call/delegatecall/send/staticcall signal.
MEDIUM,negative_contains_strong_low_level_call_pattern,train,DAPP::DAppSCAN-source/contracts/consensys-Zer0_zBanc/zBanc-48da0ac1eebbe31a74742f1ae4281b156f03a4bc::ConverterBase,DAPP,DAppSCAN-source/contracts/consensys-Zer0_zBanc/zBanc-48da0ac1eebbe31a74742f1ae4281b156f03a4bc,ConverterBase,safeTransferFrom,0,,,,ecd5ac7d0d0eb3ff,1,1,call,"address(_token).call(abi.encodeWithSelector(TRANSFER_FROM_FUNC_SELECTOR, _from, _to, _value))",Negative interaction contains low-level call/delegatecall/send/staticcall signal.
MEDIUM,negative_contains_strong_low_level_call_pattern,train,DAPP::DAppSCAN-source/contracts/consensys-Zer0_zBanc/zBanc-48da0ac1eebbe31a74742f1ae4281b156f03a4bc::ConverterUpgrader,DAPP,DAppSCAN-source/contracts/consensys-Zer0_zBanc/zBanc-48da0ac1eebbe31a74742f1ae4281b156f03a4bc,ConverterUpgrader,isV28OrHigherConverter,0,,,,281045fbe8f36615,1,1,staticcall,address(_converter).staticcall{ gas: 4000 }(data),Negative interaction contains low-level call/delegatecall/send/staticcall signal.
MEDIUM,negative_contains_strong_low_level_call_pattern,train,DAPP::DAppSCAN-source/contracts/consensys-Zer0_zBanc/zBanc-48da0ac1eebbe31a74742f1ae4281b156f03a4bc::LiquidityPoolConverter,DAPP,DAppSCAN-source/contracts/consensys-Zer0_zBanc/zBanc-48da0ac1eebbe31a74742f1ae4281b156f03a4bc,LiquidityPoolConverter,safeApprove,0,,,,9705b509dfbc6366,1,1,call,"address(_token).call(abi.encodeWithSelector(APPROVE_FUNC_SELECTOR, _spender, _value))",Negative interaction contains low-level call/delegatecall/send/staticcall signal.
MEDIUM,negative_contains_strong_low_level_call_pattern,train,DAPP::DAppSCAN-source/contracts/consensys-Zer0_zBanc/zBanc-48da0ac1eebbe31a74742f1ae4281b156f03a4bc::LiquidityPoolConverter,DAPP,DAppSCAN-source/contracts/consensys-Zer0_zBanc/zBanc-48da0ac1eebbe31a74742f1ae4281b156f03a4bc,LiquidityPoolConverter,safeTransfer,0,,,,e2ae5c7ef6e595ee,1,1,call,"address(_token).call(abi.encodeWithSelector(TRANSFER_FUNC_SELECTOR, _to, _value))",Negative interaction contains low-level call/delegatecall/send/staticcall signal.
MEDIUM,negative_contains_strong_low_level_call_pattern,train,DAPP::DAppSCAN-source/contracts/consensys-Zer0_zBanc/zBanc-48da0ac1eebbe31a74742f1ae4281b156f03a4bc::LiquidityPoolConverter,DAPP,DAppSCAN-source/contracts/consensys-Zer0_zBanc/zBanc-48da0ac1eebbe31a74742f1ae4281b156f03a4bc,LiquidityPoolConverter,safeTransferFrom,0,,,,ecd5ac7d0d0eb3ff,1,1,call,"address(_token).call(abi.encodeWithSelector(TRANSFER_FROM_FUNC_SELECTOR, _from, _to, _value))",Negative interaction contains low-level call/delegatecall/send/staticcall signal.
MEDIUM,negative_contains_strong_low_level_call_pattern,train,DAPP::DAppSCAN-source/contracts/consensys-Zer0_zBanc/zBanc-48da0ac1eebbe31a74742f1ae4281b156f03a4bc::TokenHandler,DAPP,DAppSCAN-source/contracts/consensys-Zer0_zBanc/zBanc-48da0ac1eebbe31a74742f1ae4281b156f03a4bc,TokenHandler,safeApprove,0,,,,9705b509dfbc6366,1,1,call,"address(_token).call(abi.encodeWithSelector(APPROVE_FUNC_SELECTOR, _spender, _value))",Negative interaction contains low-level call/delegatecall/send/staticcall signal.
MEDIUM,negative_contains_strong_low_level_call_pattern,train,DAPP::DAppSCAN-source/contracts/consensys-Zer0_zBanc/zBanc-48da0ac1eebbe31a74742f1ae4281b156f03a4bc::TokenHandler,DAPP,DAppSCAN-source/contracts/consensys-Zer0_zBanc/zBanc-48da0ac1eebbe31a74742f1ae4281b156f03a4bc,TokenHandler,safeTransfer,0,,,,e2ae5c7ef6e595ee,1,1,call,"address(_token).call(abi.encodeWithSelector(TRANSFER_FUNC_SELECTOR, _to, _value))",Negative interaction contains low-level call/delegatecall/send/staticcall signal.
MEDIUM,negative_contains_strong_low_level_call_pattern,train,DAPP::DAppSCAN-source/contracts/consensys-Zer0_zBanc/zBanc-48da0ac1eebbe31a74742f1ae4281b156f03a4bc::TokenHandler,DAPP,DAppSCAN-source/contracts/consensys-Zer0_zBanc/zBanc-48da0ac1eebbe31a74742f1ae4281b156f03a4bc,TokenHandler,safeTransferFrom,0,,,,ecd5ac7d0d0eb3ff,1,1,call,"address(_token).call(abi.encodeWithSelector(TRANSFER_FROM_FUNC_SELECTOR, _from, _to, _value))",Negative interaction contains low-level call/delegatecall/send/staticcall signal.
MEDIUM,negative_contains_strong_low_level_call_pattern,train,DAPP::DAppSCAN-source/contracts/consensys-Zer0_zBanc/zBanc-48da0ac1eebbe31a74742f1ae4281b156f03a4bc::TokenHolder,DAPP,DAppSCAN-source/contracts/consensys-Zer0_zBanc/zBanc-48da0ac1eebbe31a74742f1ae4281b156f03a4bc,TokenHolder,safeApprove,0,,,,9705b509dfbc6366,1,1,call,"address(_token).call(abi.encodeWithSelector(APPROVE_FUNC_SELECTOR, _spender, _value))",Negative interaction contains low-level call/delegatecall/send/staticcall signal.
MEDIUM,negative_contains_strong_low_level_call_pattern,train,DAPP::DAppSCAN-source/contracts/consensys-Zer0_zBanc/zBanc-48da0ac1eebbe31a74742f1ae4281b156f03a4bc::TokenHolder,DAPP,DAppSCAN-source/contracts/consensys-Zer0_zBanc/zBanc-48da0ac1eebbe31a74742f1ae4281b156f03a4bc,TokenHolder,safeTransfer,0,,,,e2ae5c7ef6e595ee,1,1,call,"address(_token).call(abi.encodeWithSelector(TRANSFER_FUNC_SELECTOR, _to, _value))",Negative interaction contains low-level call/delegatecall/send/staticcall signal.
MEDIUM,negative_contains_strong_low_level_call_pattern,train,DAPP::DAppSCAN-source/contracts/consensys-Zer0_zBanc/zBanc-48da0ac1eebbe31a74742f1ae4281b156f03a4bc::TokenHolder,DAPP,DAppSCAN-source/contracts/consensys-Zer0_zBanc/zBanc-48da0ac1eebbe31a74742f1ae4281b156f03a4bc,TokenHolder,safeTransferFrom,0,,,,ecd5ac7d0d0eb3ff,1,1,call,"address(_token).call(abi.encodeWithSelector(TRANSFER_FROM_FUNC_SELECTOR, _from, _to, _value))",Negative interaction contains low-level call/delegatecall/send/staticcall signal.
MEDIUM,negative_contains_strong_low_level_call_pattern,train,DAPP::DAppSCAN-source/contracts/consensys-Zer0_zBanc/zBanc-48da0ac1eebbe31a74742f1ae4281b156f03a4bc::LiquidityPoolV1Converter,DAPP,DAppSCAN-source/contracts/consensys-Zer0_zBanc/zBanc-48da0ac1eebbe31a74742f1ae4281b156f03a4bc,LiquidityPoolV1Converter,safeApprove,0,,,,9705b509dfbc6366,1,1,call,"address(_token).call(abi.encodeWithSelector(APPROVE_FUNC_SELECTOR, _spender, _value))",Negative interaction contains low-level call/delegatecall/send/staticcall signal.
MEDIUM,negative_contains_strong_low_level_call_pattern,train,DAPP::DAppSCAN-source/contracts/consensys-Zer0_zBanc/zBanc-48da0ac1eebbe31a74742f1ae4281b156f03a4bc::LiquidityPoolV1Converter,DAPP,DAppSCAN-source/contracts/consensys-Zer0_zBanc/zBanc-48da0ac1eebbe31a74742f1ae4281b156f03a4bc,LiquidityPoolV1Converter,safeTransfer,0,,,,e2ae5c7ef6e595ee,1,1,call,"address(_token).call(abi.encodeWithSelector(TRANSFER_FUNC_SELECTOR, _to, _value))",Negative interaction contains low-level call/delegatecall/send/staticcall signal.
MEDIUM,negative_contains_strong_low_level_call_pattern,train,DAPP::DAppSCAN-source/contracts/consensys-Zer0_zBanc/zBanc-48da0ac1eebbe31a74742f1ae4281b156f03a4bc::LiquidityPoolV1Converter,DAPP,DAppSCAN-source/contracts/consensys-Zer0_zBanc/zBanc-48da0ac1eebbe31a74742f1ae4281b156f03a4bc,LiquidityPoolV1Converter,safeTransferFrom,0,,,,ecd5ac7d0d0eb3ff,1,1,call,"address(_token).call(abi.encodeWithSelector(TRANSFER_FROM_FUNC_SELECTOR, _from, _to, _value))",Negative interaction contains low-level call/delegatecall/send/staticcall signal.
MEDIUM,negative_contains_strong_low_level_call_pattern,train,DAPP::DAppSCAN-source/contracts/consensys-Zer0_zBanc/zBanc-48da0ac1eebbe31a74742f1ae4281b156f03a4bc::DynamicLiquidTokenConverterFactory,DAPP,DAppSCAN-source/contracts/consensys-Zer0_zBanc/zBanc-48da0ac1eebbe31a74742f1ae4281b156f03a4bc,DynamicLiquidTokenConverterFactory,safeApprove,0,,,,9705b509dfbc6366,1,1,call,"address(_token).call(abi.encodeWithSelector(APPROVE_FUNC_SELECTOR, _spender, _value))",Negative interaction contains low-level call/delegatecall/send/staticcall signal.
MEDIUM,negative_contains_strong_low_level_call_pattern,train,DAPP::DAppSCAN-source/contracts/consensys-Zer0_zBanc/zBanc-48da0ac1eebbe31a74742f1ae4281b156f03a4bc::DynamicLiquidTokenConverterFactory,DAPP,DAppSCAN-source/contracts/consensys-Zer0_zBanc/zBanc-48da0ac1eebbe31a74742f1ae4281b156f03a4bc,DynamicLiquidTokenConverterFactory,safeTransfer,0,,,,e2ae5c7ef6e595ee,1,1,call,"address(_token).call(abi.encodeWithSelector(TRANSFER_FUNC_SELECTOR, _to, _value))",Negative interaction contains low-level call/delegatecall/send/staticcall signal.
MEDIUM,negative_contains_strong_low_level_call_pattern,train,DAPP::DAppSCAN-source/contracts/consensys-Zer0_zBanc/zBanc-48da0ac1eebbe31a74742f1ae4281b156f03a4bc::DynamicLiquidTokenConverterFactory,DAPP,DAppSCAN-source/contracts/consensys-Zer0_zBanc/zBanc-48da0ac1eebbe31a74742f1ae4281b156f03a4bc,DynamicLiquidTokenConverterFactory,safeTransferFrom,0,,,,ecd5ac7d0d0eb3ff,1,1,call,"address(_token).call(abi.encodeWithSelector(TRANSFER_FROM_FUNC_SELECTOR, _from, _to, _value))",Negative interaction contains low-level call/delegatecall/send/staticcall signal.
MEDIUM,negative_contains_strong_low_level_call_pattern,train,DAPP::DAppSCAN-source/contracts/consensys-Zer0_zBanc/zBanc-48da0ac1eebbe31a74742f1ae4281b156f03a4bc::DynamicLiquidTokenConverter,DAPP,DAppSCAN-source/contracts/consensys-Zer0_zBanc/zBanc-48da0ac1eebbe31a74742f1ae4281b156f03a4bc,DynamicLiquidTokenConverter,safeApprove,0,,,,9705b509dfbc6366,1,1,call,"address(_token).call(abi.encodeWithSelector(APPROVE_FUNC_SELECTOR, _spender, _value))",Negative interaction contains low-level call/delegatecall/send/staticcall signal.
MEDIUM,negative_contains_strong_low_level_call_pattern,train,DAPP::DAppSCAN-source/contracts/consensys-Zer0_zBanc/zBanc-48da0ac1eebbe31a74742f1ae4281b156f03a4bc::DynamicLiquidTokenConverter,DAPP,DAppSCAN-source/contracts/consensys-Zer0_zBanc/zBanc-48da0ac1eebbe31a74742f1ae4281b156f03a4bc,DynamicLiquidTokenConverter,safeTransfer,0,,,,e2ae5c7ef6e595ee,1,1,call,"address(_token).call(abi.encodeWithSelector(TRANSFER_FUNC_SELECTOR, _to, _value))",Negative interaction contains low-level call/delegatecall/send/staticcall signal.
MEDIUM,negative_contains_strong_low_level_call_pattern,train,DAPP::DAppSCAN-source/contracts/consensys-Zer0_zBanc/zBanc-48da0ac1eebbe31a74742f1ae4281b156f03a4bc::DynamicLiquidTokenConverter,DAPP,DAppSCAN-source/contracts/consensys-Zer0_zBanc/zBanc-48da0ac1eebbe31a74742f1ae4281b156f03a4bc,DynamicLiquidTokenConverter,safeTransferFrom,0,,,,ecd5ac7d0d0eb3ff,1,1,call,"address(_token).call(abi.encodeWithSelector(TRANSFER_FROM_FUNC_SELECTOR, _from, _to, _value))",Negative interaction contains low-level call/delegatecall/send/staticcall signal.
MEDIUM,front_running_positive_weak_fit_for_interaction_localization,train,DAPP::DAppSCAN-source/contracts/consensys-Zer0_zBanc/zBanc-48da0ac1eebbe31a74742f1ae4281b156f03a4bc::DynamicLiquidTokenConverter,DAPP,DAppSCAN-source/contracts/consensys-Zer0_zBanc/zBanc-48da0ac1eebbe31a74742f1ae4281b156f03a4bc,DynamicLiquidTokenConverter,reduceWeight,1,Front-running / Tx Order (SWC-114),DAppSCAN-source/contracts/consensys-Zer0_zBanc/zBanc-48da0ac1eebbe31a74742f1ae4281b156f03a4bc/solidity/contracts/converter/types/liquid-token/DynamicLiquidTokenConverter.sol,L124-L132,4394570fdfbb7667,8,1,transfer,msg.sender.transfer(balance),"Front-running labels often depend on transaction ordering/economic context, not just state+external-call hyperedge evidence."
MEDIUM,negative_contains_strong_low_level_call_pattern,train,DAPP::DAppSCAN-source/contracts/consensys-Zer0_zBanc/zBanc-48da0ac1eebbe31a74742f1ae4281b156f03a4bc::LiquidTokenConverter,DAPP,DAppSCAN-source/contracts/consensys-Zer0_zBanc/zBanc-48da0ac1eebbe31a74742f1ae4281b156f03a4bc,LiquidTokenConverter,safeApprove,0,,,,9705b509dfbc6366,1,1,call,"address(_token).call(abi.encodeWithSelector(APPROVE_FUNC_SELECTOR, _spender, _value))",Negative interaction contains low-level call/delegatecall/send/staticcall signal.
MEDIUM,negative_contains_strong_low_level_call_pattern,train,DAPP::DAppSCAN-source/contracts/consensys-Zer0_zBanc/zBanc-48da0ac1eebbe31a74742f1ae4281b156f03a4bc::LiquidTokenConverter,DAPP,DAppSCAN-source/contracts/consensys-Zer0_zBanc/zBanc-48da0ac1eebbe31a74742f1ae4281b156f03a4bc,LiquidTokenConverter,safeTransfer,0,,,,e2ae5c7ef6e595ee,1,1,call,"address(_token).call(abi.encodeWithSelector(TRANSFER_FUNC_SELECTOR, _to, _value))",Negative interaction contains low-level call/delegatecall/send/staticcall signal.
MEDIUM,negative_contains_strong_low_level_call_pattern,train,DAPP::DAppSCAN-source/contracts/consensys-Zer0_zBanc/zBanc-48da0ac1eebbe31a74742f1ae4281b156f03a4bc::LiquidTokenConverter,DAPP,DAppSCAN-source/contracts/consensys-Zer0_zBanc/zBanc-48da0ac1eebbe31a74742f1ae4281b156f03a4bc,LiquidTokenConverter,safeTransferFrom,0,,,,ecd5ac7d0d0eb3ff,1,1,call,"address(_token).call(abi.encodeWithSelector(TRANSFER_FROM_FUNC_SELECTOR, _from, _to, _value))",Negative interaction contains low-level call/delegatecall/send/staticcall signal.
MEDIUM,negative_contains_strong_low_level_call_pattern,train,DAPP::DAppSCAN-source/contracts/consensys-Zer0_zBanc/zBanc-48da0ac1eebbe31a74742f1ae4281b156f03a4bc::LiquidityPoolV2Converter,DAPP,DAppSCAN-source/contracts/consensys-Zer0_zBanc/zBanc-48da0ac1eebbe31a74742f1ae4281b156f03a4bc,LiquidityPoolV2Converter,safeApprove,0,,,,9705b509dfbc6366,1,1,call,"address(_token).call(abi.encodeWithSelector(APPROVE_FUNC_SELECTOR, _spender, _value))",Negative interaction contains low-level call/delegatecall/send/staticcall signal.
MEDIUM,negative_contains_strong_low_level_call_pattern,train,DAPP::DAppSCAN-source/contracts/consensys-Zer0_zBanc/zBanc-48da0ac1eebbe31a74742f1ae4281b156f03a4bc::LiquidityPoolV2Converter,DAPP,DAppSCAN-source/contracts/consensys-Zer0_zBanc/zBanc-48da0ac1eebbe31a74742f1ae4281b156f03a4bc,LiquidityPoolV2Converter,safeTransfer,0,,,,e2ae5c7ef6e595ee,1,1,call,"address(_token).call(abi.encodeWithSelector(TRANSFER_FUNC_SELECTOR, _to, _value))",Negative interaction contains low-level call/delegatecall/send/staticcall signal.
MEDIUM,negative_contains_strong_low_level_call_pattern,train,DAPP::DAppSCAN-source/contracts/consensys-Zer0_zBanc/zBanc-48da0ac1eebbe31a74742f1ae4281b156f03a4bc::LiquidityPoolV2Converter,DAPP,DAppSCAN-source/contracts/consensys-Zer0_zBanc/zBanc-48da0ac1eebbe31a74742f1ae4281b156f03a4bc,LiquidityPoolV2Converter,safeTransferFrom,0,,,,ecd5ac7d0d0eb3ff,1,1,call,"address(_token).call(abi.encodeWithSelector(TRANSFER_FROM_FUNC_SELECTOR, _from, _to, _value))",Negative interaction contains low-level call/delegatecall/send/staticcall signal.
MEDIUM,negative_contains_strong_low_level_call_pattern,train,"DAPP::DAppSCAN-source/contracts/Inspex-FairLaunch, Token, Vault & Workers/Meow-Finance-4a4f13efaf5e5fbed74c0ed23b665751e655d715::Timelock",DAPP,"DAppSCAN-source/contracts/Inspex-FairLaunch, Token, Vault & Workers/Meow-Finance-4a4f13efaf5e5fbed74c0ed23b665751e655d715",Timelock,executeTransaction,0,,,,6ba2bd9c88651a36,3,1,call,target.call{ value: value }(callData),Negative interaction contains low-level call/delegatecall/send/staticcall signal.
MEDIUM,negative_contains_strong_low_level_call_pattern,train,"DAPP::DAppSCAN-source/contracts/Inspex-FairLaunch, Token, Vault & Workers/Meow-Finance-4a4f13efaf5e5fbed74c0ed23b665751e655d715::FeeDistribute",DAPP,"DAppSCAN-source/contracts/Inspex-FairLaunch, Token, Vault & Workers/Meow-Finance-4a4f13efaf5e5fbed74c0ed23b665751e655d715",FeeDistribute,_harvest,0,,,,7dfad621ac7ca53a,5,8,sub|div|mul|sub|safeTransfer|withdraw|call|safeTransfer,user.amount.mul(pool.rewardPerShare).div(PRECISION).sub(user.rewardDebt),Negative interaction contains low-level call/delegatecall/send/staticcall signal.
MEDIUM,negative_contains_strong_low_level_call_pattern,train,"DAPP::DAppSCAN-source/contracts/Inspex-FairLaunch, Token, Vault & Workers/Meow-Finance-4a4f13efaf5e5fbed74c0ed23b665751e655d715::WNativeRelayer",DAPP,"DAppSCAN-source/contracts/Inspex-FairLaunch, Token, Vault & Workers/Meow-Finance-4a4f13efaf5e5fbed74c0ed23b665751e655d715",WNativeRelayer,withdraw,0,,,,96add10fa2f34e74,1,2,withdraw|call,IWETH(wnative).withdraw(_amount),Negative interaction contains low-level call/delegatecall/send/staticcall signal.
MEDIUM,negative_contains_strong_low_level_call_pattern,train,"DAPP::DAppSCAN-source/contracts/Inspex-FairLaunch, Token, Vault & Workers/Meow-Finance-4a4f13efaf5e5fbed74c0ed23b665751e655d715::Vault",DAPP,"DAppSCAN-source/contracts/Inspex-FairLaunch, Token, Vault & Workers/Meow-Finance-4a4f13efaf5e5fbed74c0ed23b665751e655d715",Vault,_meowMiningWithdraw,0,,,,a1e33fe9fc8ec85a,4,3,call|getMeowMiningAddr|burn,"config.getMeowMiningAddr().call(         abi.encodeWithSelector(0xb5c5f672, positions[id].owner, meowMiningPoolId, posit",Negative interaction contains low-level call/delegatecall/send/staticcall signal.
MEDIUM,front_running_positive_weak_fit_for_interaction_localization,train,"DAPP::DAppSCAN-source/contracts/Inspex-FairLaunch, Token, Vault & Workers/Meow-Finance-4a4f13efaf5e5fbed74c0ed23b665751e655d715::SpookyswapWorker",DAPP,"DAppSCAN-source/contracts/Inspex-FairLaunch, Token, Vault & Workers/Meow-Finance-4a4f13efaf5e5fbed74c0ed23b665751e655d715",SpookyswapWorker,reinvest,1,Front-running / Tx Order (SWC-114),"DAppSCAN-source/contracts/Inspex-FairLaunch, Token, Vault & Workers/Meow-Finance-4a4f13efaf5e5fbed74c0ed23b665751e655d715/contracts/protocol/workers/SpookyswapWorker.sol",L139,1a89885c770ff8e6,9,12,safeApprove|safeApprove|withdraw|balanceOf|safeTransfer|swapExactTokensForTokens|safeTransfer|execute|deposit|balanceOf|safeApprove|safeApprove,"boo.safeApprove(address(router), uint256(-1))","Front-running labels often depend on transaction ordering/economic context, not just state+external-call hyperedge evidence."
MEDIUM,negative_contains_strong_low_level_call_pattern,train,DAPP::DAppSCAN-source/contracts/consensys-DeFi_Saver/defisaver-v3-contracts-cb29669a84c2d6fffaf2231c0938eb407c060919::ScpWrapper,DAPP,DAppSCAN-source/contracts/consensys-DeFi_Saver/defisaver-v3-contracts-cb29669a84c2d6fffaf2231c0938eb407c060919,ScpWrapper,takeOrder,0,,,,a590eaae911d8a23,3,6,getBalance|getBalance|safeApprove|getBalance|call|getBalance,_exData.srcAddr.getBalance(address(this)),Negative interaction contains low-level call/delegatecall/send/staticcall signal.
MEDIUM,negative_contains_strong_low_level_call_pattern,train,DAPP::DAppSCAN-source/contracts/QuillAudits-Yearn Finance-Generic Lender/yearnV2-generic-lender-strat-979ef2f0e5da39ca59a5907c37ba2064fcd6be82::FlashLoanReceiverBase,DAPP,DAppSCAN-source/contracts/QuillAudits-Yearn Finance-Generic Lender/yearnV2-generic-lender-strat-979ef2f0e5da39ca59a5907c37ba2064fcd6be82,FlashLoanReceiverBase,transferInternal,0,,,,3d11329264404db2,1,2,call|safeTransfer,"_destination.call{value: _amount}("""")",Negative interaction contains low-level call/delegatecall/send/staticcall signal.
MEDIUM,front_running_positive_weak_fit_for_interaction_localization,train,DAPP::DAppSCAN-source/contracts/QuillAudits-1inch-token/1inch-token-99fd056f91005ca521a02a005f7bcd8f77e06afc::ERC20Permit,DAPP,DAppSCAN-source/contracts/QuillAudits-1inch-token/1inch-token-99fd056f91005ca521a02a005f7bcd8f77e06afc,ERC20Permit,permit,1,Front-running / Tx Order (SWC-114),DAppSCAN-source/contracts/QuillAudits-1inch-token/1inch-token-99fd056f91005ca521a02a005f7bcd8f77e06afc/contracts/ERC20Permit.sol,L53,2699d658e283fc53,2,3,current|recover|increment,_nonces[owner].current(),"Front-running labels often depend on transaction ordering/economic context, not just state+external-call hyperedge evidence."
MEDIUM,negative_contains_strong_low_level_call_pattern,train,DAPP::DAppSCAN-source/contracts/Coinspect-Incognito Audit/bridge-eth-4879219669a38d601265582f815596b6775855b6::UniswapV2Trade,DAPP,DAppSCAN-source/contracts/Coinspect-Incognito Audit/bridge-eth-4879219669a38d601265582f815596b6775855b6,UniswapV2Trade,transfer,0,,,,486d957165f63803,1,2,call|transfer,"msg.sender.call{value: amount}("""")",Negative interaction contains low-level call/delegatecall/send/staticcall signal.
MEDIUM,negative_contains_strong_low_level_call_pattern,train,DAPP::DAppSCAN-source/contracts/Coinspect-Incognito Audit/bridge-eth-4879219669a38d601265582f815596b6775855b6::TradeUtils,DAPP,DAppSCAN-source/contracts/Coinspect-Incognito Audit/bridge-eth-4879219669a38d601265582f815596b6775855b6,TradeUtils,transfer,0,,,,486d957165f63803,1,2,call|transfer,"msg.sender.call{value: amount}("""")",Negative interaction contains low-level call/delegatecall/send/staticcall signal.
MEDIUM,negative_contains_strong_low_level_call_pattern,train,DAPP::DAppSCAN-source/contracts/Coinspect-Incognito Audit/bridge-eth-4879219669a38d601265582f815596b6775855b6::Vault,DAPP,DAppSCAN-source/contracts/Coinspect-Incognito Audit/bridge-eth-4879219669a38d601265582f815596b6775855b6,Vault,withdraw,0,,,,e55c4e5359912dd5,3,3,balanceOf|call|transfer,IERC20(data.token).balanceOf(address(this)),Negative interaction contains low-level call/delegatecall/send/staticcall signal.
MEDIUM,front_running_positive_weak_fit_for_interaction_localization,train,DAPP::DAppSCAN-source/contracts/Coinspect-Incognito Audit/bridge-eth-4879219669a38d601265582f815596b6775855b6::Vault,DAPP,DAppSCAN-source/contracts/Coinspect-Incognito Audit/bridge-eth-4879219669a38d601265582f815596b6775855b6,Vault,execute,1,Front-running / Tx Order (SWC-114),DAppSCAN-source/contracts/Coinspect-Incognito Audit/bridge-eth-4879219669a38d601265582f815596b6775855b6/bridge/contracts/vault.sol,L513 - L548,e474b7bc656bc4f6,3,2,balanceOf|transfer,IERC20(token).balanceOf(address(this)),"Front-running labels often depend on transaction ordering/economic context, not just state+external-call hyperedge evidence."
MEDIUM,negative_contains_strong_low_level_call_pattern,train,DAPP::DAppSCAN-source/contracts/Coinspect-Incognito Audit/bridge-eth-4879219669a38d601265582f815596b6775855b6::Vault,DAPP,DAppSCAN-source/contracts/Coinspect-Incognito Audit/bridge-eth-4879219669a38d601265582f815596b6775855b6,Vault,callExtFunc,0,,,,615d76bdecc53847,1,1,call,exchangeAddress.call{value: ethAmount}(callData),Negative interaction contains low-level call/delegatecall/send/staticcall signal.
MEDIUM,negative_contains_strong_low_level_call_pattern,train,DAPP::DAppSCAN-source/contracts/Coinspect-Incognito Audit/bridge-eth-4879219669a38d601265582f815596b6775855b6::KBNTrade,DAPP,DAppSCAN-source/contracts/Coinspect-Incognito Audit/bridge-eth-4879219669a38d601265582f815596b6775855b6,KBNTrade,transfer,0,,,,486d957165f63803,1,2,call|transfer,"msg.sender.call{value: amount}("""")",Negative interaction contains low-level call/delegatecall/send/staticcall signal.
MEDIUM,negative_contains_strong_low_level_call_pattern,train,DAPP::DAppSCAN-source/contracts/Inspex-Optimized Worker/bsc-alpaca-contract-1aee2ceec77e3fd3162b74858c846cdc5692928d::Timelock,DAPP,DAppSCAN-source/contracts/Inspex-Optimized Worker/bsc-alpaca-contract-1aee2ceec77e3fd3162b74858c846cdc5692928d,Timelock,executeTransaction,0,,,,ec8c8bd379ef948e,3,1,call,target.call{value: value}(callData),Negative interaction contains low-level call/delegatecall/send/staticcall signal.
MEDIUM,negative_contains_strong_low_level_call_pattern,train,DAPP::DAppSCAN-source/contracts/Inspex-Optimized Worker/bsc-alpaca-contract-1aee2ceec77e3fd3162b74858c846cdc5692928d::WaultSwapPair,DAPP,DAppSCAN-source/contracts/Inspex-Optimized Worker/bsc-alpaca-contract-1aee2ceec77e3fd3162b74858c846cdc5692928d,WaultSwapPair,_safeTransfer,0,,,,72cc265281ae608d,1,1,call,"token.call(abi.encodeWithSelector(SELECTOR, to, value))",Negative interaction contains low-level call/delegatecall/send/staticcall signal.
MEDIUM,negative_contains_strong_low_level_call_pattern,train,DAPP::DAppSCAN-source/contracts/Inspex-Optimized Worker/bsc-alpaca-contract-1aee2ceec77e3fd3162b74858c846cdc5692928d::WNativeRelayer,DAPP,DAppSCAN-source/contracts/Inspex-Optimized Worker/bsc-alpaca-contract-1aee2ceec77e3fd3162b74858c846cdc5692928d,WNativeRelayer,withdraw,0,,,,96add10fa2f34e74,1,2,withdraw|call,IWETH(wnative).withdraw(_amount),Negative interaction contains low-level call/delegatecall/send/staticcall signal.
MEDIUM,negative_contains_strong_low_level_call_pattern,train,DAPP::DAppSCAN-source/contracts/Inspex-Optimized Worker/bsc-alpaca-contract-1aee2ceec77e3fd3162b74858c846cdc5692928d::Vault,DAPP,DAppSCAN-source/contracts/Inspex-Optimized Worker/bsc-alpaca-contract-1aee2ceec77e3fd3162b74858c846cdc5692928d,Vault,_fairLaunchWithdraw,0,,,,504a53f48afda821,4,3,call|getFairLaunchAddr|burn,"config.getFairLaunchAddr().call(           abi.encodeWithSelector(0xb5c5f672, positions[id].owner, fairLaunchPoolId, pos",Negative interaction contains low-level call/delegatecall/send/staticcall signal.
MEDIUM,front_running_positive_weak_fit_for_interaction_localization,train,DAPP::DAppSCAN-source/contracts/Inspex-Optimized Worker/bsc-alpaca-contract-1aee2ceec77e3fd3162b74858c846cdc5692928d::PancakeswapV2Worker02,DAPP,DAppSCAN-source/contracts/Inspex-Optimized Worker/bsc-alpaca-contract-1aee2ceec77e3fd3162b74858c846cdc5692928d,PancakeswapV2Worker02,work,1,Front-running / Tx Order (SWC-114),DAppSCAN-source/contracts/Inspex-Optimized Worker/bsc-alpaca-contract-1aee2ceec77e3fd3162b74858c846cdc5692928d/contracts/6/protocol/workers/pcs/PancakeswapV2Worker02.sol,L218,1a8b7e75990ceaf4,6,5,transfer|balanceOf|safeTransfer|execute|safeTransfer,"lpToken.transfer(strat, lpToken.balanceOf(address(this)))","Front-running labels often depend on transaction ordering/economic context, not just state+external-call hyperedge evidence."
MEDIUM,front_running_positive_weak_fit_for_interaction_localization,train,DAPP::DAppSCAN-source/contracts/Iosiro-Synthetix Phase 2 Smart Contract Audit/synthetix-fdd4782ebebd7b4892c8a68000f76708d5d1aa7b::Synthetix,DAPP,DAppSCAN-source/contracts/Iosiro-Synthetix Phase 2 Smart Contract Audit/synthetix-fdd4782ebebd7b4892c8a68000f76708d5d1aa7b,Synthetix,exchange,1,Front-running / Tx Order (SWC-114),DAppSCAN-source/contracts/Iosiro-Synthetix Phase 2 Smart Contract Audit/synthetix-fdd4782ebebd7b4892c8a68000f76708d5d1aa7b/Synthetix.sol,L434-440,9452f1a8a970af25,2,1,validateGasPrice,gasPriceLimit.validateGasPrice(tx.gasprice),"Front-running labels often depend on transaction ordering/economic context, not just state+external-call hyperedge evidence."
MEDIUM,negative_contains_strong_low_level_call_pattern,train,DAPP::DAppSCAN-source/contracts/QuillAudits-Bond Appetit-Bond Appetit/bondappetit-protocol-355180f0aca0b29d60d808f761052956b7a3a159::Timelock,DAPP,DAppSCAN-source/contracts/QuillAudits-Bond Appetit-Bond Appetit/bondappetit-protocol-355180f0aca0b29d60d808f761052956b7a3a159,Timelock,executeTransaction,0,,,,9095de4a849ce0fb,3,1,call,target.call{value: value}(callData),Negative interaction contains low-level call/delegatecall/send/staticcall signal.
MEDIUM,negative_contains_strong_low_level_call_pattern,train,DAPP::DAppSCAN-source/contracts/PeckShield-ShibaNova/Contracts-b6b1ce1fcaff83d360df8944309f49958842b7b8::ShibaPair,DAPP,DAppSCAN-source/contracts/PeckShield-ShibaNova/Contracts-b6b1ce1fcaff83d360df8944309f49958842b7b8,ShibaPair,_safeTransfer,0,,,,1c91870645e316c6,1,1,call,"token.call(abi.encodeWithSelector(SELECTOR, to, value))",Negative interaction contains low-level call/delegatecall/send/staticcall signal.
MEDIUM,negative_contains_strong_low_level_call_pattern,train,DAPP::DAppSCAN-source/contracts/Chainsecurity-Compound  cToken unredacted/compound-protocol-4a54ec5c55b66ea67d44b76f3056f0ed7229db8c::Timelock,DAPP,DAppSCAN-source/contracts/Chainsecurity-Compound  cToken unredacted/compound-protocol-4a54ec5c55b66ea67d44b76f3056f0ed7229db8c,Timelock,executeTransaction,0,,,,1854807c87636fd5,3,1,call,target.call{value: value}(callData),Negative interaction contains low-level call/delegatecall/send/staticcall signal.
MEDIUM,negative_contains_strong_low_level_call_pattern,train,DAPP::DAppSCAN-source/contracts/Chainsecurity-Compound  cToken unredacted/compound-protocol-4a54ec5c55b66ea67d44b76f3056f0ed7229db8c::TimelockCertora,DAPP,DAppSCAN-source/contracts/Chainsecurity-Compound  cToken unredacted/compound-protocol-4a54ec5c55b66ea67d44b76f3056f0ed7229db8c,TimelockCertora,executeTransaction,0,,,,1854807c87636fd5,3,1,call,target.call{value: value}(callData),Negative interaction contains low-level call/delegatecall/send/staticcall signal.
MEDIUM,negative_contains_strong_low_level_call_pattern,train,DAPP::DAppSCAN-source/contracts/Chainsecurity-Angle Protocol/angle-core-46e6d32837cbe97a4af0adb693e63afa0d01fc3e::Timelock,DAPP,DAppSCAN-source/contracts/Chainsecurity-Angle Protocol/angle-core-46e6d32837cbe97a4af0adb693e63afa0d01fc3e,Timelock,executeTransaction,0,,,,4a64be79a0c38e57,3,1,call,target.call{ value: value }(callData),Negative interaction contains low-level call/delegatecall/send/staticcall signal.
MEDIUM,front_running_positive_weak_fit_for_interaction_localization,train,DAPP::DAppSCAN-source/contracts/Chainsecurity-Angle Protocol/angle-core-46e6d32837cbe97a4af0adb693e63afa0d01fc3e::GenericAave,DAPP,DAppSCAN-source/contracts/Chainsecurity-Angle Protocol/angle-core-46e6d32837cbe97a4af0adb693e63afa0d01fc3e,GenericAave,harvest,1,Front-running / Tx Order (SWC-114),DAppSCAN-source/contracts/Chainsecurity-Angle Protocol/angle-core-46e6d32837cbe97a4af0adb693e63afa0d01fc3e/contracts/genericLender/GenericAave.sol,L104-134,13b587f2f91b3cb3,4,6,balanceOf|redeem|balanceOf|balanceOf|balanceOf|cooldown,IERC20(address(stkAave)).balanceOf(address(this)),"Front-running labels often depend on transaction ordering/economic context, not just state+external-call hyperedge evidence."
MEDIUM,negative_contains_strong_low_level_call_pattern,train,DAPP::DAppSCAN-source/contracts/PeckShield-DSG/core-6f607f77698936e132e4e9b5cb4d75580636d919::SwapRouter,DAPP,DAppSCAN-source/contracts/PeckShield-DSG/core-6f607f77698936e132e4e9b5cb4d75580636d919,SwapRouter,externalSwap,0,,,,12504cd2a7388f18,1,9,universalBalanceOf|safeTransferFrom|universalApproveMax|call|isETH|universalTransfer|universalBalanceOf|sub|universalBalanceOf,"TransferHelper.universalBalanceOf(toToken, msg.sender)",Negative interaction contains low-level call/delegatecall/send/staticcall signal.
MEDIUM,negative_contains_strong_low_level_call_pattern,train,DAPP::DAppSCAN-source/contracts/PeckShield-DSG/core-6f607f77698936e132e4e9b5cb4d75580636d919::SwapPair,DAPP,DAppSCAN-source/contracts/PeckShield-DSG/core-6f607f77698936e132e4e9b5cb4d75580636d919,SwapPair,_safeTransfer,0,,,,e0710fd46c494956,1,1,call,"token.call(abi.encodeWithSelector(SELECTOR, to, value))",Negative interaction contains low-level call/delegatecall/send/staticcall signal.
MEDIUM,negative_contains_strong_low_level_call_pattern,train,DAPP::DAppSCAN-source/contracts/PeckShield-DSG/core-6f607f77698936e132e4e9b5cb4d75580636d919::Timelock,DAPP,DAppSCAN-source/contracts/PeckShield-DSG/core-6f607f77698936e132e4e9b5cb4d75580636d919,Timelock,executeTransaction,0,,,,9095de4a849ce0fb,3,1,call,target.call{value: value}(callData),Negative interaction contains low-level call/delegatecall/send/staticcall signal.
MEDIUM,negative_contains_strong_low_level_call_pattern,train,DAPP::DAppSCAN-source/contracts/PeckShield-Buffer/code::BufferBNBOptions,DAPP,DAppSCAN-source/contracts/PeckShield-Buffer/code,BufferBNBOptions,payProfit,0,,,,3844f8747adb5838,3,2,latestRoundData|send,priceProvider.latestRoundData(),Negative interaction contains low-level call/delegatecall/send/staticcall signal.
MEDIUM,negative_contains_strong_low_level_call_pattern,train,DAPP::DAppSCAN-source/contracts/Chainsecurity-Angle Protocol  Borrowing Module/angle-borrow-0363b6a137a44e22ee06b3187ba74f7798c1af08::Swapper,DAPP,DAppSCAN-source/contracts/Chainsecurity-Angle Protocol  Borrowing Module/angle-borrow-0363b6a137a44e22ee06b3187ba74f7798c1af08,Swapper,_swapOn1Inch,0,,,,1faa8856de7f8713,2,1,call,oneInch.call(payload),Negative interaction contains low-level call/delegatecall/send/staticcall signal.
MEDIUM,negative_contains_strong_low_level_call_pattern,train,DAPP::DAppSCAN-source/contracts/Chainsecurity-Angle Protocol  Borrowing Module/angle-borrow-0363b6a137a44e22ee06b3187ba74f7798c1af08::KeeperMulticall,DAPP,DAppSCAN-source/contracts/Chainsecurity-Angle Protocol  Borrowing Module/angle-borrow-0363b6a137a44e22ee06b3187ba74f7798c1af08,KeeperMulticall,swapToken,0,,,,dff41ed89e3dea12,2,1,call,_oneInch.call(payload),Negative interaction contains low-level call/delegatecall/send/staticcall signal.
MEDIUM,front_running_positive_weak_fit_for_interaction_localization,train,DAPP::DAppSCAN-source/contracts/Runtime_Vеrification-Stakefish_BatchDeposit/eth2-batch-deposit-a4912b2d839305da8447b7cec6b2f09238b90e37::BatchDeposit,DAPP,DAppSCAN-source/contracts/Runtime_Vеrification-Stakefish_BatchDeposit/eth2-batch-deposit-a4912b2d839305da8447b7cec6b2f09238b90e37,BatchDeposit,batchDeposit,1,Front-running / Tx Order (SWC-114),DAppSCAN-source/contracts/Runtime_Vеrification-Stakefish_BatchDeposit/eth2-batch-deposit-a4912b2d839305da8447b7cec6b2f09238b90e37/contracts/BatchDeposits.sol,L86 - L122,e53300796921bd91,7,1,deposit,"IDepositContract(depositContract).deposit{value: DEPOSIT_AMOUNT}(                 pubkey,                 withdrawal_cre","Front-running labels often depend on transaction ordering/economic context, not just state+external-call hyperedge evidence."
MEDIUM,negative_contains_strong_low_level_call_pattern,train,DAPP::DAppSCAN-source/contracts/Trail_of_Bits-FraxFinance/frax-solidity-3f0993a70e3496fd27887db7754d68709c84015e::UniswapV2Pair,DAPP,DAppSCAN-source/contracts/Trail_of_Bits-FraxFinance/frax-solidity-3f0993a70e3496fd27887db7754d68709c84015e,UniswapV2Pair,_safeTransfer,0,,,,2f43ddd274710f3c,1,1,call,"token.call(abi.encodeWithSelector(SELECTOR, to, value))",Negative interaction contains low-level call/delegatecall/send/staticcall signal.
MEDIUM,negative_contains_strong_low_level_call_pattern,train,DAPP::DAppSCAN-source/contracts/Trail_of_Bits-FraxFinance/frax-solidity-3f0993a70e3496fd27887db7754d68709c84015e::Timelock,DAPP,DAppSCAN-source/contracts/Trail_of_Bits-FraxFinance/frax-solidity-3f0993a70e3496fd27887db7754d68709c84015e,Timelock,executeTransaction,0,,,,1854807c87636fd5,3,1,call,target.call{ value: value }(callData),Negative interaction contains low-level call/delegatecall/send/staticcall signal.
MEDIUM,front_running_positive_weak_fit_for_interaction_localization,train,DAPP::DAppSCAN-source/contracts/PeckShield-Donut/crossroad-550a8c3c010dc8c1a46ea9191d3841462bd58d82::DjinnAutoBuyer,DAPP,DAppSCAN-source/contracts/PeckShield-Donut/crossroad-550a8c3c010dc8c1a46ea9191d3841462bd58d82,DjinnAutoBuyer,buyTokenFromBnb,1,Front-running / Tx Order (SWC-114),DAppSCAN-source/contracts/PeckShield-Donut/crossroad-550a8c3c010dc8c1a46ea9191d3841462bd58d82/contracts/DjiinAutoBuyer.sol,L154-L169,39c298de292644bd,5,4,deposit|transfer|swap|swap,IWETH(wbnbToken).deposit{value: msg.value}(),"Front-running labels often depend on transaction ordering/economic context, not just state+external-call hyperedge evidence."
MEDIUM,negative_contains_strong_low_level_call_pattern,train,DAPP::DAppSCAN-source/contracts/Inspex-SpookySwap Integration & Fantom Expansion/bsc-alpaca-contract-4553a34a6dcfcfbf7aebc693bb5c5c6074c73129::Timelock,DAPP,DAppSCAN-source/contracts/Inspex-SpookySwap Integration & Fantom Expansion/bsc-alpaca-contract-4553a34a6dcfcfbf7aebc693bb5c5c6074c73129,Timelock,executeTransaction,0,,,,6ba2bd9c88651a36,3,1,call,target.call{ value: value }(callData),Negative interaction contains low-level call/delegatecall/send/staticcall signal.
MEDIUM,negative_contains_strong_low_level_call_pattern,train,DAPP::DAppSCAN-source/contracts/Inspex-SpookySwap Integration & Fantom Expansion/bsc-alpaca-contract-4553a34a6dcfcfbf7aebc693bb5c5c6074c73129::WaultSwapPair,DAPP,DAppSCAN-source/contracts/Inspex-SpookySwap Integration & Fantom Expansion/bsc-alpaca-contract-4553a34a6dcfcfbf7aebc693bb5c5c6074c73129,WaultSwapPair,_safeTransfer,0,,,,72cc265281ae608d,1,1,call,"token.call(abi.encodeWithSelector(SELECTOR, to, value))",Negative interaction contains low-level call/delegatecall/send/staticcall signal.
MEDIUM,negative_contains_strong_low_level_call_pattern,train,DAPP::DAppSCAN-source/contracts/Inspex-SpookySwap Integration & Fantom Expansion/bsc-alpaca-contract-4553a34a6dcfcfbf7aebc693bb5c5c6074c73129::MdexPair,DAPP,DAppSCAN-source/contracts/Inspex-SpookySwap Integration & Fantom Expansion/bsc-alpaca-contract-4553a34a6dcfcfbf7aebc693bb5c5c6074c73129,MdexPair,_safeTransfer,0,,,,ded278676fe3c06e,1,1,call,"token.call(abi.encodeWithSelector(SELECTOR, to, value))",Negative interaction contains low-level call/delegatecall/send/staticcall signal.
MEDIUM,negative_contains_strong_low_level_call_pattern,train,DAPP::DAppSCAN-source/contracts/Inspex-SpookySwap Integration & Fantom Expansion/bsc-alpaca-contract-4553a34a6dcfcfbf7aebc693bb5c5c6074c73129::WNativeRelayer,DAPP,DAppSCAN-source/contracts/Inspex-SpookySwap Integration & Fantom Expansion/bsc-alpaca-contract-4553a34a6dcfcfbf7aebc693bb5c5c6074c73129,WNativeRelayer,withdraw,0,,,,96add10fa2f34e74,1,2,withdraw|call,IWETH(wnative).withdraw(_amount),Negative interaction contains low-level call/delegatecall/send/staticcall signal.
MEDIUM,negative_contains_strong_low_level_call_pattern,train,DAPP::DAppSCAN-source/contracts/Inspex-SpookySwap Integration & Fantom Expansion/bsc-alpaca-contract-4553a34a6dcfcfbf7aebc693bb5c5c6074c73129::Vault,DAPP,DAppSCAN-source/contracts/Inspex-SpookySwap Integration & Fantom Expansion/bsc-alpaca-contract-4553a34a6dcfcfbf7aebc693bb5c5c6074c73129,Vault,_fairLaunchWithdraw,0,,,,504a53f48afda821,4,3,call|getFairLaunchAddr|burn,"config.getFairLaunchAddr().call(         abi.encodeWithSelector(0xb5c5f672, positions[id].owner, fairLaunchPoolId, posit",Negative interaction contains low-level call/delegatecall/send/staticcall signal.
MEDIUM,negative_contains_strong_low_level_call_pattern,train,DAPP::DAppSCAN-source/contracts/Inspex-SpookySwap Integration & Fantom Expansion/bsc-alpaca-contract-4553a34a6dcfcfbf7aebc693bb5c5c6074c73129::Actions,DAPP,DAppSCAN-source/contracts/Inspex-SpookySwap Integration & Fantom Expansion/bsc-alpaca-contract-4553a34a6dcfcfbf7aebc693bb5c5c6074c73129,Actions,_doWork,0,,,,a150af61269ad4b2,3,2,nextPositionID|work,Vault(_vault).nextPositionID(),Negative interaction contains low-level call/delegatecall/send/staticcall signal.
MEDIUM,front_running_positive_weak_fit_for_interaction_localization,train,DAPP::DAppSCAN-source/contracts/Inspex-SpookySwap Integration & Fantom Expansion/bsc-alpaca-contract-4553a34a6dcfcfbf7aebc693bb5c5c6074c73129::SpookyWorker03,DAPP,DAppSCAN-source/contracts/Inspex-SpookySwap Integration & Fantom Expansion/bsc-alpaca-contract-4553a34a6dcfcfbf7aebc693bb5c5c6074c73129,SpookyWorker03,_reinvest,1,Front-running / Tx Order (SWC-114),DAppSCAN-source/contracts/Inspex-SpookySwap Integration & Fantom Expansion/bsc-alpaca-contract-4553a34a6dcfcfbf7aebc693bb5c5c6074c73129/contracts/6/protocol/workers/spookyswap/SpookyWorker03.sol,L208-L246,2b6463820e467c32,8,12,withdraw|balanceOf|safeApprove|safeApprove|safeTransfer|swapExactTokensForTokens|safeTransfer|execute|deposit|balanceOf|safeApprove|safeApprove,"spookyMasterChef.withdraw(pid, 0)","Front-running labels often depend on transaction ordering/economic context, not just state+external-call hyperedge evidence."
MEDIUM,front_running_positive_weak_fit_for_interaction_localization,train,DAPP::DAppSCAN-source/contracts/Inspex-SpookySwap Integration & Fantom Expansion/bsc-alpaca-contract-4553a34a6dcfcfbf7aebc693bb5c5c6074c73129::SpookySwapStrategyAddBaseTokenOnly,DAPP,DAppSCAN-source/contracts/Inspex-SpookySwap Integration & Fantom Expansion/bsc-alpaca-contract-4553a34a6dcfcfbf7aebc693bb5c5c6074c73129,SpookySwapStrategyAddBaseTokenOnly,execute,1,Front-running / Tx Order (SWC-114),DAppSCAN-source/contracts/Inspex-SpookySwap Integration & Fantom Expansion/bsc-alpaca-contract-4553a34a6dcfcfbf7aebc693bb5c5c6074c73129/contracts/6/protocol/strategies/spookyswap/SpookySwapStrategyAddBaseTokenOnly.sol,L59-L105,03c799d0fb83f6cd,1,15,baseToken|farmingToken|lpToken|safeApprove|safeApprove|getReserves|token0|sub|sqrt|swapExactTokensForTokens|addLiquidity|safeTransfer|balanceOf|safeApprove|safeApprove,worker.baseToken(),"Front-running labels often depend on transaction ordering/economic context, not just state+external-call hyperedge evidence."
MEDIUM,front_running_positive_weak_fit_for_interaction_localization,train,DAPP::DAppSCAN-source/contracts/Inspex-AutoCompound/auto-compound-v2-92626a1dcfc55a28afdf4f996d600fe8bbfd6efd::PancakeByalanLP,DAPP,DAppSCAN-source/contracts/Inspex-AutoCompound/auto-compound-v2-92626a1dcfc55a28afdf4f996d600fe8bbfd6efd,PancakeByalanLP,harvest,1,Front-running / Tx Order (SWC-114),DAppSCAN-source/contracts/Inspex-AutoCompound/auto-compound-v2-92626a1dcfc55a28afdf4f996d600fe8bbfd6efd/PancakeByalanLP.sol,L1342,43a78a56564b03c8,2,1,deposit,"IMasterChef(MASTERCHEF).deposit(pid, 0)","Front-running labels often depend on transaction ordering/economic context, not just state+external-call hyperedge evidence."
MEDIUM,negative_contains_strong_low_level_call_pattern,train,"DAPP::DAppSCAN-source/contracts/Coinfabrik-MintingFactoryV2, BaseUpgradableMarketplace & KODAV3UpgradableGatedMarketplace/known-origin-contracts-v3-d592c5f4fa4e0b6fc65a1fce43e302706aedf607::KODAV3SecondaryMarketplace",DAPP,"DAppSCAN-source/contracts/Coinfabrik-MintingFactoryV2, BaseUpgradableMarketplace & KODAV3UpgradableGatedMarketplace/known-origin-contracts-v3-d592c5f4fa4e0b6fc65a1fce43e302706aedf607",KODAV3SecondaryMarketplace,handleSecondarySaleFunds,0,,,,dbbdd130de76cd60,3,3,call|call|call,"_royaltyRecipient.call{value : _creatorRoyalties}("""")",Negative interaction contains low-level call/delegatecall/send/staticcall signal.
MEDIUM,negative_contains_strong_low_level_call_pattern,train,"DAPP::DAppSCAN-source/contracts/Coinfabrik-MintingFactoryV2, BaseUpgradableMarketplace & KODAV3UpgradableGatedMarketplace/known-origin-contracts-v3-d592c5f4fa4e0b6fc65a1fce43e302706aedf607::KODAV3PrimaryMarketplace",DAPP,"DAppSCAN-source/contracts/Coinfabrik-MintingFactoryV2, BaseUpgradableMarketplace & KODAV3UpgradableGatedMarketplace/known-origin-contracts-v3-d592c5f4fa4e0b6fc65a1fce43e302706aedf607",KODAV3PrimaryMarketplace,_buyNextStep,0,,,,4925c0e1175b67e0,1,1,call,"_msgSender().call{value : msg.value - expectedPrice}("""")",Negative interaction contains low-level call/delegatecall/send/staticcall signal.
MEDIUM,negative_contains_strong_low_level_call_pattern,train,"DAPP::DAppSCAN-source/contracts/Coinfabrik-MintingFactoryV2, BaseUpgradableMarketplace & KODAV3UpgradableGatedMarketplace/known-origin-contracts-v3-d592c5f4fa4e0b6fc65a1fce43e302706aedf607::KODAV3PrimaryMarketplace",DAPP,"DAppSCAN-source/contracts/Coinfabrik-MintingFactoryV2, BaseUpgradableMarketplace & KODAV3UpgradableGatedMarketplace/known-origin-contracts-v3-d592c5f4fa4e0b6fc65a1fce43e302706aedf607",KODAV3PrimaryMarketplace,_handleEditionSaleFunds,0,,,,6662b2586c1e2e42,5,2,call|call,"platformAccount.call{value : koCommission}("""")",Negative interaction contains low-level call/delegatecall/send/staticcall signal.
MEDIUM,negative_contains_strong_low_level_call_pattern,train,"DAPP::DAppSCAN-source/contracts/Coinfabrik-MintingFactoryV2, BaseUpgradableMarketplace & KODAV3UpgradableGatedMarketplace/known-origin-contracts-v3-d592c5f4fa4e0b6fc65a1fce43e302706aedf607::ClaimableFundsReceiverV1",DAPP,"DAppSCAN-source/contracts/Coinfabrik-MintingFactoryV2, BaseUpgradableMarketplace & KODAV3UpgradableGatedMarketplace/known-origin-contracts-v3-d592c5f4fa4e0b6fc65a1fce43e302706aedf607",ClaimableFundsReceiverV1,drain,0,,,,d588a544faec3acf,3,2,call|call,"payable(recipients[i]).call{value : shares[i]}("""")",Negative interaction contains low-level call/delegatecall/send/staticcall signal.
MEDIUM,negative_contains_strong_low_level_call_pattern,train,"DAPP::DAppSCAN-source/contracts/Coinfabrik-MintingFactoryV2, BaseUpgradableMarketplace & KODAV3UpgradableGatedMarketplace/known-origin-contracts-v3-d592c5f4fa4e0b6fc65a1fce43e302706aedf607::KODAV3UpgradableGatedMarketplace",DAPP,"DAppSCAN-source/contracts/Coinfabrik-MintingFactoryV2, BaseUpgradableMarketplace & KODAV3UpgradableGatedMarketplace/known-origin-contracts-v3-d592c5f4fa4e0b6fc65a1fce43e302706aedf607",KODAV3UpgradableGatedMarketplace,_handleSaleFunds,0,,,,ddf4489c1c2674b5,2,2,call|call,"platformAccount.call{value : koCommission}("""")",Negative interaction contains low-level call/delegatecall/send/staticcall signal.
MEDIUM,negative_contains_strong_low_level_call_pattern,train,"DAPP::DAppSCAN-source/contracts/Coinfabrik-MintingFactoryV2, BaseUpgradableMarketplace & KODAV3UpgradableGatedMarketplace/known-origin-contracts-v3-d592c5f4fa4e0b6fc65a1fce43e302706aedf607::ClaimableFundsSplitterV1",DAPP,"DAppSCAN-source/contracts/Coinfabrik-MintingFactoryV2, BaseUpgradableMarketplace & KODAV3UpgradableGatedMarketplace/known-origin-contracts-v3-d592c5f4fa4e0b6fc65a1fce43e302706aedf607",ClaimableFundsSplitterV1,drain,0,,,,d588a544faec3acf,3,2,call|call,"payable(recipients[i]).call{value : shares[i]}("""")",Negative interaction contains low-level call/delegatecall/send/staticcall signal.
MEDIUM,negative_contains_strong_low_level_call_pattern,train,"DAPP::DAppSCAN-source/contracts/Coinfabrik-MintingFactoryV2, BaseUpgradableMarketplace & KODAV3UpgradableGatedMarketplace/known-origin-contracts-v3-d592c5f4fa4e0b6fc65a1fce43e302706aedf607::KODAV3UpgradableCollectorOnlyMarketplace",DAPP,"DAppSCAN-source/contracts/Coinfabrik-MintingFactoryV2, BaseUpgradableMarketplace & KODAV3UpgradableGatedMarketplace/known-origin-contracts-v3-d592c5f4fa4e0b6fc65a1fce43e302706aedf607",KODAV3UpgradableCollectorOnlyMarketplace,_handleSaleFunds,0,,,,ddf4489c1c2674b5,2,2,call|call,"platformAccount.call{value : koCommission}("""")",Negative interaction contains low-level call/delegatecall/send/staticcall signal.
MEDIUM,negative_contains_strong_low_level_call_pattern,train,"DAPP::DAppSCAN-source/contracts/Coinfabrik-MintingFactoryV2, BaseUpgradableMarketplace & KODAV3UpgradableGatedMarketplace/known-origin-contracts-v3-d592c5f4fa4e0b6fc65a1fce43e302706aedf607::KODAV3UpgradableCollectorOnlyMarketplace",DAPP,"DAppSCAN-source/contracts/Coinfabrik-MintingFactoryV2, BaseUpgradableMarketplace & KODAV3UpgradableGatedMarketplace/known-origin-contracts-v3-d592c5f4fa4e0b6fc65a1fce43e302706aedf607",KODAV3UpgradableCollectorOnlyMarketplace,_handleEditionSaleFunds,0,,,,1338ad07e1bb3bc4,3,2,call|call,"platformAccount.call{value : koCommission}("""")",Negative interaction contains low-level call/delegatecall/send/staticcall signal.
MEDIUM,negative_contains_strong_low_level_call_pattern,train,"DAPP::DAppSCAN-source/contracts/Coinfabrik-MintingFactoryV2, BaseUpgradableMarketplace & KODAV3UpgradableGatedMarketplace/known-origin-contracts-v3-d592c5f4fa4e0b6fc65a1fce43e302706aedf607::KODAV3SignatureMarketplace",DAPP,"DAppSCAN-source/contracts/Coinfabrik-MintingFactoryV2, BaseUpgradableMarketplace & KODAV3UpgradableGatedMarketplace/known-origin-contracts-v3-d592c5f4fa4e0b6fc65a1fce43e302706aedf607",KODAV3SignatureMarketplace,handleEditionSaleFunds,0,,,,b49a49ebfff7bf4f,3,4,call|call|transferFrom|transferFrom,"platformAccount.call{value : koCommission}("""")",Negative interaction contains low-level call/delegatecall/send/staticcall signal.
MEDIUM,negative_contains_strong_low_level_call_pattern,train,"DAPP::DAppSCAN-source/contracts/Coinfabrik-MintingFactoryV2, BaseUpgradableMarketplace & KODAV3UpgradableGatedMarketplace/known-origin-contracts-v3-d592c5f4fa4e0b6fc65a1fce43e302706aedf607::KODAV3GatedMerkleMarketplace",DAPP,"DAppSCAN-source/contracts/Coinfabrik-MintingFactoryV2, BaseUpgradableMarketplace & KODAV3UpgradableGatedMarketplace/known-origin-contracts-v3-d592c5f4fa4e0b6fc65a1fce43e302706aedf607",KODAV3GatedMerkleMarketplace,_handleSaleFunds,0,,,,ddf4489c1c2674b5,2,2,call|call,"platformAccount.call{value : koCommission}("""")",Negative interaction contains low-level call/delegatecall/send/staticcall signal.
MEDIUM,negative_contains_strong_low_level_call_pattern,train,"DAPP::DAppSCAN-source/contracts/Coinfabrik-MintingFactoryV2, BaseUpgradableMarketplace & KODAV3UpgradableGatedMarketplace/known-origin-contracts-v3-d592c5f4fa4e0b6fc65a1fce43e302706aedf607::CollabFundsReceiver",DAPP,"DAppSCAN-source/contracts/Coinfabrik-MintingFactoryV2, BaseUpgradableMarketplace & KODAV3UpgradableGatedMarketplace/known-origin-contracts-v3-d592c5f4fa4e0b6fc65a1fce43e302706aedf607",CollabFundsReceiver,drain,0,,,,8f5990807c79ae72,6,2,call|call,"payable(recipient).call{value : amountOwedToCollaborator}("""")",Negative interaction contains low-level call/delegatecall/send/staticcall signal.
MEDIUM,negative_contains_strong_low_level_call_pattern,train,"DAPP::DAppSCAN-source/contracts/Coinfabrik-MintingFactoryV2, BaseUpgradableMarketplace & KODAV3UpgradableGatedMarketplace/known-origin-contracts-v3-d592c5f4fa4e0b6fc65a1fce43e302706aedf607::CollabFundsReceiver",DAPP,"DAppSCAN-source/contracts/Coinfabrik-MintingFactoryV2, BaseUpgradableMarketplace & KODAV3UpgradableGatedMarketplace/known-origin-contracts-v3-d592c5f4fa4e0b6fc65a1fce43e302706aedf607",CollabFundsReceiver,drainShare,0,,,,b83bb95a528c887d,5,1,call,"payable(recipient).call{value : amountOwed}("""")",Negative interaction contains low-level call/delegatecall/send/staticcall signal.
MEDIUM,negative_contains_strong_low_level_call_pattern,train,DAPP::DAppSCAN-source/contracts/consensys-Fei_Protocol/fei-protocol-core-ff892c5d0b9697f249d713bbb2b3bd1da7980ed2::Timelock,DAPP,DAppSCAN-source/contracts/consensys-Fei_Protocol/fei-protocol-core-ff892c5d0b9697f249d713bbb2b3bd1da7980ed2,Timelock,executeTransaction,0,,,,1854807c87636fd5,3,1,call,target.call{value: value}(callData),Negative interaction contains low-level call/delegatecall/send/staticcall signal.
MEDIUM,front_running_positive_weak_fit_for_interaction_localization,train,"DAPP::DAppSCAN-source/contracts/Inspex-StakingPool, Vault, Strategy & VotingEscrow/scientix-contract-main::StratAlpaca",DAPP,"DAppSCAN-source/contracts/Inspex-StakingPool, Vault, Strategy & VotingEscrow/scientix-contract-main",StratAlpaca,deposit,1,Front-running / Tx Order (SWC-114),"DAppSCAN-source/contracts/Inspex-StakingPool, Vault, Strategy & VotingEscrow/scientix-contract-main/contracts/vaults/StratAlpaca.sol",L191-L205,f3a8b68a3401cf29,4,4,safeTransferFrom|deposit|deposit|balanceOf,"IERC20(wantToken).safeTransferFrom(             address(msg.sender),             address(this),             _wantAmt","Front-running labels often depend on transaction ordering/economic context, not just state+external-call hyperedge evidence."
MEDIUM,front_running_positive_weak_fit_for_interaction_localization,train,DAPP::DAppSCAN-source/contracts/Inspex-Vault/aleswap-vault-efd3f777b2e9aaa2c635d3d0f463f1884e998112::StrategyWardenLP,DAPP,DAppSCAN-source/contracts/Inspex-Vault/aleswap-vault-efd3f777b2e9aaa2c635d3d0f463f1884e998112,StrategyWardenLP,harvest,1,Front-running / Tx Order (SWC-114),DAppSCAN-source/contracts/Inspex-Vault/aleswap-vault-efd3f777b2e9aaa2c635d3d0f463f1884e998112/contracts/strategies/Warden/StrategyWardenLP.sol,L129-L136,bfd55e13844d2d8f,2,1,deposit,"IMasterChef(masterchef).deposit(poolId, 0)","Front-running labels often depend on transaction ordering/economic context, not just state+external-call hyperedge evidence."
MEDIUM,front_running_positive_weak_fit_for_interaction_localization,val,FORGE::vfp_00019::OPSuccinctDisputeGame,FORGE,vfp_00019,OPSuccinctDisputeGame,initialize,1,Front-running / Tx Order (SWC-114),OPSuccinctDisputeGame.sol,OPSuccinctDisputeGame.sol::initialize; OPSuccinctL2OutputOracle.sol::proposeL2Output,209aafbaf7dc9e5b,4,1,proposeL2Output,"oracle.proposeL2Output(             configName(), rootClaim().raw(), l2BlockNumber(), l1BlockNumber(), proof(), proverAd","Front-running labels often depend on transaction ordering/economic context, not just state+external-call hyperedge evidence."
MEDIUM,front_running_positive_weak_fit_for_interaction_localization,val,FORGE::vfp_00122::BorrowerOperations,FORGE,vfp_00122,BorrowerOperations,_adjustTrove,1,Front-running / Tx Order (SWC-114),BorrowerOperations.sol,BorrowerOperations.sol::_adjustTrove; Zapper contracts::adjust; Zapper contracts::repay,a7f3692c7fb7cc5f,3,6,getLatestTroveData|getLatestBatchData|getNewApproxAvgInterestRateFromTroveChange|onAdjustTroveInsideBatch|onAdjustTrove|mintAggInterestAndAccountForTroveChange,_troveManager.getLatestTroveData(_troveId),"Front-running labels often depend on transaction ordering/economic context, not just state+external-call hyperedge evidence."
MEDIUM,negative_contains_strong_low_level_call_pattern,val,FORGE::vfp_00156::HyperCoreLib,FORGE,vfp_00156,HyperCoreLib,spotBalance,0,,,,9d501fffcfa2b08b,1,1,staticcall,"SPOT_BALANCE_PRECOMPILE_ADDRESS.staticcall(abi.encode(account, token))",Negative interaction contains low-level call/delegatecall/send/staticcall signal.
MEDIUM,negative_contains_strong_low_level_call_pattern,val,FORGE::vfp_00156::HyperCoreLib,FORGE,vfp_00156,HyperCoreLib,coreUserExists,0,,,,b329042b8af214a5,1,1,staticcall,CORE_USER_EXISTS_PRECOMPILE_ADDRESS.staticcall(abi.encode(user)),Negative interaction contains low-level call/delegatecall/send/staticcall signal.
MEDIUM,negative_contains_strong_low_level_call_pattern,val,FORGE::vfp_00156::HyperCoreLib,FORGE,vfp_00156,HyperCoreLib,spotPx,0,,,,114644936aef075e,1,1,staticcall,SPOT_PX_PRECOMPILE_ADDRESS.staticcall(abi.encode(index)),Negative interaction contains low-level call/delegatecall/send/staticcall signal.
MEDIUM,negative_contains_strong_low_level_call_pattern,val,FORGE::vfp_00156::HyperCoreLib,FORGE,vfp_00156,HyperCoreLib,tokenInfo,0,,,,463d732c25458e3c,1,1,staticcall,TOKEN_INFO_PRECOMPILE_ADDRESS.staticcall(abi.encode(erc20CoreIndex)),Negative interaction contains low-level call/delegatecall/send/staticcall signal.
MEDIUM,negative_contains_strong_low_level_call_pattern,val,DAPP::DAppSCAN-source/contracts/PeckShield-Holdefi/Holdefi-5a1e6e0d582120142e8a531f6806eba6665ef2f4::Holdefi,DAPP,DAppSCAN-source/contracts/PeckShield-Holdefi/Holdefi-5a1e6e0d582120142e8a531f6806eba6665ef2f4,Holdefi,transferFromHoldefi,0,,,,1c54613fa0192752,1,2,call|transfer,"receiver.call{value:amount}("""")",Negative interaction contains low-level call/delegatecall/send/staticcall signal.
MEDIUM,negative_contains_strong_low_level_call_pattern,val,DAPP::DAppSCAN-source/contracts/PeckShield-Holdefi/Holdefi-5a1e6e0d582120142e8a531f6806eba6665ef2f4::HoldefiCollaterals,DAPP,DAppSCAN-source/contracts/PeckShield-Holdefi/Holdefi-5a1e6e0d582120142e8a531f6806eba6665ef2f4,HoldefiCollaterals,withdraw,0,,,,6ebd2559a00598c4,1,2,call|transfer,"recipient.call{value:amount}("""")",Negative interaction contains low-level call/delegatecall/send/staticcall signal.
MEDIUM,negative_contains_strong_low_level_call_pattern,val,DAPP::DAppSCAN-source/contracts/QuillAudits-SushiSwap-BentoBox/bentobox-c2e150b16b8764ebfe2e1e6e267ae14e10738065::BentoBox,DAPP,DAppSCAN-source/contracts/QuillAudits-SushiSwap-BentoBox/bentobox-c2e150b16b8764ebfe2e1e6e267ae14e10738065,BentoBox,_deposit,0,,,,3d32c03e7ae81a6d,3,3,deposit|totalSupply|call,IWETH(address(WETH)).deposit{value: amount}(),Negative interaction contains low-level call/delegatecall/send/staticcall signal.
MEDIUM,negative_contains_strong_low_level_call_pattern,val,DAPP::DAppSCAN-source/contracts/QuillAudits-SushiSwap-BentoBox/bentobox-c2e150b16b8764ebfe2e1e6e267ae14e10738065::BentoBox,DAPP,DAppSCAN-source/contracts/QuillAudits-SushiSwap-BentoBox/bentobox-c2e150b16b8764ebfe2e1e6e267ae14e10738065,BentoBox,_withdraw,0,,,,39faa4cfc4761a71,3,3,withdraw|call|call,IWETH(address(WETH)).withdraw(amount),Negative interaction contains low-level call/delegatecall/send/staticcall signal.
MEDIUM,negative_contains_strong_low_level_call_pattern,val,DAPP::DAppSCAN-source/contracts/QuillAudits-SushiSwap-BentoBox/bentobox-c2e150b16b8764ebfe2e1e6e267ae14e10738065::LendingPair,DAPP,DAppSCAN-source/contracts/QuillAudits-SushiSwap-BentoBox/bentobox-c2e150b16b8764ebfe2e1e6e267ae14e10738065,LendingPair,symbol,0,,,,1caa53ef390c1c9d,4,3,staticcall|staticcall|symbol,address(asset).staticcall(abi.encodeWithSelector(0x95d89b41)),Negative interaction contains low-level call/delegatecall/send/staticcall signal.
MEDIUM,negative_contains_strong_low_level_call_pattern,val,DAPP::DAppSCAN-source/contracts/QuillAudits-SushiSwap-BentoBox/bentobox-c2e150b16b8764ebfe2e1e6e267ae14e10738065::LendingPair,DAPP,DAppSCAN-source/contracts/QuillAudits-SushiSwap-BentoBox/bentobox-c2e150b16b8764ebfe2e1e6e267ae14e10738065,LendingPair,name,0,,,,b73714e6ad90f3ce,4,3,staticcall|staticcall|symbol,address(asset).staticcall(abi.encodeWithSelector(0x06fdde03)),Negative interaction contains low-level call/delegatecall/send/staticcall signal.
MEDIUM,negative_contains_strong_low_level_call_pattern,val,DAPP::DAppSCAN-source/contracts/QuillAudits-SushiSwap-BentoBox/bentobox-c2e150b16b8764ebfe2e1e6e267ae14e10738065::LendingPair,DAPP,DAppSCAN-source/contracts/QuillAudits-SushiSwap-BentoBox/bentobox-c2e150b16b8764ebfe2e1e6e267ae14e10738065,LendingPair,decimals,0,,,,4092a203b0f56de9,1,1,staticcall,address(asset).staticcall(abi.encodeWithSelector(0x313ce567)),Negative interaction contains low-level call/delegatecall/send/staticcall signal.
MEDIUM,negative_contains_strong_low_level_call_pattern,val,DAPP::DAppSCAN-source/contracts/QuillAudits-SushiSwap-BentoBox/bentobox-c2e150b16b8764ebfe2e1e6e267ae14e10738065::LendingPair,DAPP,DAppSCAN-source/contracts/QuillAudits-SushiSwap-BentoBox/bentobox-c2e150b16b8764ebfe2e1e6e267ae14e10738065,LendingPair,swipe,0,,,,07665f270145969d,8,6,call|balanceOf|call|sub|balanceOf|transfer,msg.sender.call{value: balanceETH}(new bytes(0)),Negative interaction contains low-level call/delegatecall/send/staticcall signal.
MEDIUM,front_running_positive_weak_fit_for_interaction_localization,val,DAPP::DAppSCAN-source/contracts/Trail_of_Bits-CompliFi/complifi-protocol-v1-912e93014aa16a9b6987556d971ed2b599b8cba7::Vault,DAPP,DAppSCAN-source/contracts/Trail_of_Bits-CompliFi/complifi-protocol-v1-912e93014aa16a9b6987556d971ed2b599b8cba7,Vault,initialize,1,Front-running / Tx Order (SWC-114),DAppSCAN-source/contracts/Trail_of_Bits-CompliFi/complifi-protocol-v1-912e93014aa16a9b6987556d971ed2b599b8cba7/contracts/Vault.sol,L175 - L189,3398c66be4939a85,8,1,buildTokens,"tokenBuilder.buildTokens(             derivativeSpecification,             settleTime,             address(collateralTok","Front-running labels often depend on transaction ordering/economic context, not just state+external-call hyperedge evidence."
MEDIUM,negative_contains_strong_low_level_call_pattern,val,DAPP::DAppSCAN-source/contracts/QuillAudits-AAVE-ParaSwap Adapter/aave-protocol-v2-14e2ab47d95f42ec5ee486f367067e78a7588878::ParaSwapLiquiditySwapAdapter,DAPP,DAppSCAN-source/contracts/QuillAudits-AAVE-ParaSwap Adapter/aave-protocol-v2-14e2ab47d95f42ec5ee486f367067e78a7588878,ParaSwapLiquiditySwapAdapter,_sellOnParaSwap,0,,,,6bde2e7582ec1257,1,9,balanceOf|balanceOf|getTokenTransferProxy|safeApprove|safeApprove|call|balanceOf|sub|balanceOf,IERC20(assetToSwapFrom).balanceOf(address(this)),Negative interaction contains low-level call/delegatecall/send/staticcall signal.
MEDIUM,negative_contains_strong_low_level_call_pattern,val,DAPP::DAppSCAN-source/contracts/Solidity_Finance-OKLG - Smart Contract/contracts-e167d0d742d21bcc62d7a5b770a1f0ed1cf31eca::OKLGRewards,DAPP,DAppSCAN-source/contracts/Solidity_Finance-OKLG - Smart Contract/contracts-e167d0d742d21bcc62d7a5b770a1f0ed1cf31eca,OKLGRewards,claimETHRewards,0,,,,35b82fe0328551ec,2,2,balanceOf|call,_oklg.balanceOf(_msgSender()),Negative interaction contains low-level call/delegatecall/send/staticcall signal.
MEDIUM,negative_contains_strong_low_level_call_pattern,val,DAPP::DAppSCAN-source/contracts/Solidity_Finance-OKLG - Smart Contract/contracts-e167d0d742d21bcc62d7a5b770a1f0ed1cf31eca::OKLGAtomicSwapInstance,DAPP,DAppSCAN-source/contracts/Solidity_Finance-OKLG - Smart Contract/contracts-e167d0d742d21bcc62d7a5b770a1f0ed1cf31eca,OKLGAtomicSwapInstance,receiveTokensFromSource,0,,,,754827e1c10ca6e2,7,2,call|transferFrom,oracleAddress.call{ value: minimumGasForOperation }(''),Negative interaction contains low-level call/delegatecall/send/staticcall signal.
MEDIUM,negative_contains_strong_low_level_call_pattern,val,DAPP::DAppSCAN-source/contracts/Solidity_Finance-OKLG - Smart Contract/contracts-e167d0d742d21bcc62d7a5b770a1f0ed1cf31eca::OKLGAtomicSwapInstance,DAPP,DAppSCAN-source/contracts/Solidity_Finance-OKLG - Smart Contract/contracts-e167d0d742d21bcc62d7a5b770a1f0ed1cf31eca,OKLGAtomicSwapInstance,fundSendToDestinationGas,0,,,,eaaaf7be1d728095,3,1,call,oracleAddress.call{ value: minimumGasForOperation }(''),Negative interaction contains low-level call/delegatecall/send/staticcall signal.
MEDIUM,negative_contains_strong_low_level_call_pattern,val,DAPP::DAppSCAN-source/contracts/Solidity_Finance-OKLG - Smart Contract/contracts-e167d0d742d21bcc62d7a5b770a1f0ed1cf31eca::OKLGSpend,DAPP,DAppSCAN-source/contracts/Solidity_Finance-OKLG - Smart Contract/contracts-e167d0d742d21bcc62d7a5b770a1f0ed1cf31eca,OKLGSpend,spendOnProduct,0,,,,bbcf5bd1cd9c2c82,6,1,call,_paymentWallet.call{ value: _productCostWei }(''),Negative interaction contains low-level call/delegatecall/send/staticcall signal.
MEDIUM,negative_contains_strong_low_level_call_pattern,val,DAPP::DAppSCAN-source/contracts/Solidity_Finance-OKLG - Smart Contract/contracts-e167d0d742d21bcc62d7a5b770a1f0ed1cf31eca::OKLGAffiliate,DAPP,DAppSCAN-source/contracts/Solidity_Finance-OKLG - Smart Contract/contracts-e167d0d742d21bcc62d7a5b770a1f0ed1cf31eca,OKLGAffiliate,pay,0,,,,ece927c2f13e00ae,3,2,call|call,payable(_referrer).call{ value: referrerFee }(''),Negative interaction contains low-level call/delegatecall/send/staticcall signal.
MEDIUM,negative_contains_strong_low_level_call_pattern,val,DAPP::DAppSCAN-source/contracts/Solidity_Finance-OKLG - Smart Contract/contracts-e167d0d742d21bcc62d7a5b770a1f0ed1cf31eca::OKLG,DAPP,DAppSCAN-source/contracts/Solidity_Finance-OKLG - Smart Contract/contracts-e167d0d742d21bcc62d7a5b770a1f0ed1cf31eca,OKLG,claimETHRewards,0,,,,6344d499ab475864,2,1,call,_msgSender().call{ value: rewardsSent }(''),Negative interaction contains low-level call/delegatecall/send/staticcall signal.
MEDIUM,negative_contains_strong_low_level_call_pattern,val,DAPP::DAppSCAN-source/contracts/Solidity_Finance-OKLG - Smart Contract/contracts-e167d0d742d21bcc62d7a5b770a1f0ed1cf31eca::OKLGDividendDistributor,DAPP,DAppSCAN-source/contracts/Solidity_Finance-OKLG - Smart Contract/contracts-e167d0d742d21bcc62d7a5b770a1f0ed1cf31eca,OKLGDividendDistributor,depositDividends,0,,,,a7e83e2d5f312792,8,10,call|balanceOf|transferFrom|sub|balanceOf|balanceOf|swapExactETHForTokensSupportingFeeOnTransferTokens|sub|balanceOf|div,payable(address(this)).call{ value: msg.value }(''),Negative interaction contains low-level call/delegatecall/send/staticcall signal.
MEDIUM,negative_contains_strong_low_level_call_pattern,val,DAPP::DAppSCAN-source/contracts/Solidity_Finance-OKLG - Smart Contract/contracts-e167d0d742d21bcc62d7a5b770a1f0ed1cf31eca::OKLGDividendDistributor,DAPP,DAppSCAN-source/contracts/Solidity_Finance-OKLG - Smart Contract/contracts-e167d0d742d21bcc62d7a5b770a1f0ed1cf31eca,OKLGDividendDistributor,distributeDividend,0,,,,2e7c3553fdf7d139,7,7,balanceOf|swapExactETHForTokensSupportingFeeOnTransferTokens|sub|balanceOf|call|transfer|add,shareToken.balanceOf(address(this)),Negative interaction contains low-level call/delegatecall/send/staticcall signal.
MEDIUM,negative_contains_strong_low_level_call_pattern,val,DAPP::DAppSCAN-source/contracts/Solidity_Finance-OKLG - Smart Contract/contracts-e167d0d742d21bcc62d7a5b770a1f0ed1cf31eca::OKLGAtomicSwap,DAPP,DAppSCAN-source/contracts/Solidity_Finance-OKLG - Smart Contract/contracts-e167d0d742d21bcc62d7a5b770a1f0ed1cf31eca,OKLGAtomicSwap,createNewAtomicSwapContract,0,,,,ad84912516c2bf88,5,4,call|transferFrom|transferOwnership|push,oracleAddress.call{ value: swapCreationGasLoadAmount }(''),Negative interaction contains low-level call/delegatecall/send/staticcall signal.
MEDIUM,negative_contains_strong_low_level_call_pattern,val,DAPP::DAppSCAN-source/contracts/Solidity_Finance-OKLG - Smart Contract/contracts-e167d0d742d21bcc62d7a5b770a1f0ed1cf31eca::KetherNFTLoaner,DAPP,DAppSCAN-source/contracts/Solidity_Finance-OKLG - Smart Contract/contracts-e167d0d742d21bcc62d7a5b770a1f0ed1cf31eca,KetherNFTLoaner,addPlot,0,,,,f34d566529ac73dc,3,2,call|transferFrom,payable(owner()).call{ value: msg.value }(''),Negative interaction contains low-level call/delegatecall/send/staticcall signal.
MEDIUM,negative_contains_strong_low_level_call_pattern,val,DAPP::DAppSCAN-source/contracts/Solidity_Finance-OKLG - Smart Contract/contracts-e167d0d742d21bcc62d7a5b770a1f0ed1cf31eca::KetherNFTLoaner,DAPP,DAppSCAN-source/contracts/Solidity_Finance-OKLG - Smart Contract/contracts-e167d0d742d21bcc62d7a5b770a1f0ed1cf31eca,KetherNFTLoaner,removePlot,0,,,,5b2e4c37102706e9,3,2,call|transferFrom,payable(_loan.loaner).call{ value: _loanFee }(''),Negative interaction contains low-level call/delegatecall/send/staticcall signal.
MEDIUM,negative_contains_strong_low_level_call_pattern,val,DAPP::DAppSCAN-source/contracts/Solidity_Finance-OKLG - Smart Contract/contracts-e167d0d742d21bcc62d7a5b770a1f0ed1cf31eca::KetherNFTLoaner,DAPP,DAppSCAN-source/contracts/Solidity_Finance-OKLG - Smart Contract/contracts-e167d0d742d21bcc62d7a5b770a1f0ed1cf31eca,KetherNFTLoaner,loanPlot,0,,,,c1dfa668ed2c2d1f,3,2,call|call,payable(owner()).call{ value: _serviceCharge }(''),Negative interaction contains low-level call/delegatecall/send/staticcall signal.
MEDIUM,negative_contains_strong_low_level_call_pattern,val,DAPP::DAppSCAN-source/contracts/Solidity_Finance-OKLG - Smart Contract/contracts-e167d0d742d21bcc62d7a5b770a1f0ed1cf31eca::OKLGBuybot,DAPP,DAppSCAN-source/contracts/Solidity_Finance-OKLG - Smart Contract/contracts-e167d0d742d21bcc62d7a5b770a1f0ed1cf31eca,OKLGBuybot,pay,0,,,,ece927c2f13e00ae,3,2,call|call,payable(_referrer).call{ value: referrerFee }(''),Negative interaction contains low-level call/delegatecall/send/staticcall signal.
MEDIUM,negative_contains_strong_low_level_call_pattern,val,DAPP::DAppSCAN-source/contracts/PeckShield-KaoyaSwap/contracts-8273073f1d6914f372790399378f177573c52e37::UniswapV2Pair,DAPP,DAppSCAN-source/contracts/PeckShield-KaoyaSwap/contracts-8273073f1d6914f372790399378f177573c52e37,UniswapV2Pair,_safeTransfer,0,,,,2f43ddd274710f3c,1,1,call,"token.call(abi.encodeWithSelector(SELECTOR, to, value))",Negative interaction contains low-level call/delegatecall/send/staticcall signal.
MEDIUM,front_running_positive_weak_fit_for_interaction_localization,val,DAPP::DAppSCAN-source/contracts/Inspex-MDEX Integration/bsc-alpaca-contract-a3a14d27a4803afebdcf783c9ce8764b65f5587d::MdexWorker02,DAPP,DAppSCAN-source/contracts/Inspex-MDEX Integration/bsc-alpaca-contract-a3a14d27a4803afebdcf783c9ce8764b65f5587d,MdexWorker02,_reinvest,1,Front-running / Tx Order (SWC-114),DAppSCAN-source/contracts/Inspex-MDEX Integration/bsc-alpaca-contract-a3a14d27a4803afebdcf783c9ce8764b65f5587d/MdexWorker02.sol,L234,a5b07d55350acc3c,8,12,withdraw|balanceOf|safeApprove|safeApprove|safeTransfer|swapExactTokensForTokens|safeTransfer|execute|deposit|balanceOf|safeApprove|safeApprove,"bscPool.withdraw(pid, 0)","Front-running labels often depend on transaction ordering/economic context, not just state+external-call hyperedge evidence."
MEDIUM,front_running_positive_weak_fit_for_interaction_localization,val,DAPP::DAppSCAN-source/contracts/Inspex-MDEX Integration/bsc-alpaca-contract-a3a14d27a4803afebdcf783c9ce8764b65f5587d::MdexWorker02,DAPP,DAppSCAN-source/contracts/Inspex-MDEX Integration/bsc-alpaca-contract-a3a14d27a4803afebdcf783c9ce8764b65f5587d,MdexWorker02,_rewardToBeneficialVault,1,Front-running / Tx Order (SWC-114),DAppSCAN-source/contracts/Inspex-MDEX Integration/bsc-alpaca-contract-a3a14d27a4803afebdcf783c9ce8764b65f5587d/MdexWorker02.sol,L345-346、352,2ecdfce0aa8b0b90,5,3,token|swapExactTokensForTokens|safeTransfer,beneficialVault.token(),"Front-running labels often depend on transaction ordering/economic context, not just state+external-call hyperedge evidence."
MEDIUM,negative_contains_strong_low_level_call_pattern,val,DAPP::DAppSCAN-source/contracts/PeckShield-SushiSwap/sushiswap-180bc9b642bba79c1ee4a63f71a3a0d36e64aa63::UniswapV2Pair,DAPP,DAppSCAN-source/contracts/PeckShield-SushiSwap/sushiswap-180bc9b642bba79c1ee4a63f71a3a0d36e64aa63,UniswapV2Pair,_safeTransfer,0,,,,2f43ddd274710f3c,1,1,call,"token.call(abi.encodeWithSelector(SELECTOR, to, value))",Negative interaction contains low-level call/delegatecall/send/staticcall signal.
MEDIUM,front_running_positive_weak_fit_for_interaction_localization,test,FORGE::vfp_00220::AntiSandwichHook,FORGE,vfp_00220,AntiSandwichHook,_beforeSwap,1,Front-running / Tx Order (SWC-114),AntiSandwichHook.sol,AntiSandwichHook.sol::_beforeSwap#88; AntiSandwichHook.sol::_afterSwap#106; AntiSandwichHook.sol#131; AntiSandwichHook.sol#119,a70ff67da53833a6,1,1,toId,key.toId(),"Front-running labels often depend on transaction ordering/economic context, not just state+external-call hyperedge evidence."
MEDIUM,front_running_positive_weak_fit_for_interaction_localization,test,FORGE::vfp_00220::AntiSandwichHook,FORGE,vfp_00220,AntiSandwichHook,_afterSwap,1,Front-running / Tx Order (SWC-114),AntiSandwichHook.sol,AntiSandwichHook.sol::_beforeSwap#88; AntiSandwichHook.sol::_afterSwap#106; AntiSandwichHook.sol#131; AntiSandwichHook.sol#119,bd2f63de964f1a7a,1,4,toId|getSlot0|tick|amount1,key.toId(),"Front-running labels often depend on transaction ordering/economic context, not just state+external-call hyperedge evidence."
MEDIUM,front_running_positive_weak_fit_for_interaction_localization,test,FORGE::vfp_00220::AntiSandwichHook,FORGE,vfp_00220,AntiSandwichHook,_getTargetOutput,1,Front-running / Tx Order (SWC-114),AntiSandwichHook.sol,AntiSandwichHook.sol::_getTargetOutput#196,0bfb3151facadb8d,1,3,toId|swap|amount1,key.toId(),"Front-running labels often depend on transaction ordering/economic context, not just state+external-call hyperedge evidence."
MEDIUM,negative_contains_strong_low_level_call_pattern,test,FORGE::vfp_00189::Box,FORGE,vfp_00189,Box,skim,0,,,,2ff3b6d601e3fdcb,2,3,balanceOf|safeTransfer|call,token.balanceOf(address(this)),Negative interaction contains low-level call/delegatecall/send/staticcall signal.
MEDIUM,negative_contains_strong_low_level_call_pattern,test,FORGE::vfp_00189::Box,FORGE,vfp_00189,Box,addFunding,0,,,,1f9146c70131dc8e,2,5,staticcall|facilitiesLength|collateralTokensLength|debtTokensLength|push,"address(fundingModule).staticcall(abi.encodeWithSignature(""owner()""))",Negative interaction contains low-level call/delegatecall/send/staticcall signal.
MEDIUM,front_running_positive_weak_fit_for_interaction_localization,test,FORGE::vfp_00001::AgentImageService,FORGE,vfp_00001,AgentImageService,requestImage,1,Front-running / Tx Order (SWC-114),AgentImageService.sol,AgentImageService.sol::requestImage#L191,fa4cdd625f9753f0,3,1,safeTransferFrom,"token.safeTransferFrom(msg.sender, address(this), config.pricePerImage)","Front-running labels often depend on transaction ordering/economic context, not just state+external-call hyperedge evidence."
MEDIUM,negative_contains_strong_low_level_call_pattern,test,FORGE::vfp_00001::AutonomousAgentDeployer,FORGE,vfp_00001,AutonomousAgentDeployer,initializeAgent,0,,,,05d0dc018888bdb0,9,8,setAgentCreator|transfer|approve|addDistribution|approve|deposit|call|depositETH,"distributor.setAgentCreator(_agentToken, msg.sender)",Negative interaction contains low-level call/delegatecall/send/staticcall signal.
MEDIUM,front_running_positive_weak_fit_for_interaction_localization,test,FORGE::vfp_00215::ScrollChainValidium,FORGE,vfp_00215,ScrollChainValidium,registerNewEncryptionKey,1,Front-running / Tx Order (SWC-114),ScrollChainValidium.sol,ScrollChainValidium.sol::registerNewEncryptionKey; ScrollChainValidium.sol::_finalizeBundle; ScrollChainValidium.sol::_getEncryptionKey,ddad18173d401ada,3,2,nextCrossDomainMessageIndex|push,IL1MessageQueueV2(messageQueueV2).nextCrossDomainMessageIndex(),"Front-running labels often depend on transaction ordering/economic context, not just state+external-call hyperedge evidence."
MEDIUM,front_running_positive_weak_fit_for_interaction_localization,test,FORGE::vfp_00215::ScrollChainValidium,FORGE,vfp_00215,ScrollChainValidium,_finalizeBundle,1,Front-running / Tx Order (SWC-114),ScrollChainValidium.sol,ScrollChainValidium.sol::registerNewEncryptionKey; ScrollChainValidium.sol::_finalizeBundle; ScrollChainValidium.sol::_getEncryptionKey,88ad805d4aba4a67,6,1,verifyBundleProof,"IRollupVerifier(verifier).verifyBundleProof(version, batchIndex, aggrProof, publicInputs)","Front-running labels often depend on transaction ordering/economic context, not just state+external-call hyperedge evidence."
MEDIUM,front_running_positive_weak_fit_for_interaction_localization,test,FORGE::vfp_00123::BalancerFlashLoan,FORGE,vfp_00123,BalancerFlashLoan,makeFlashLoan,1,Front-running / Tx Order (SWC-114),BalancerFlashLoan.sol,BalancerFlashLoan.sol::makeFlashLoan; BalancerFlashLoan.sol::receiveFlashLoan,0739a9ed3b40cb04,1,1,flashLoan,"vault.flashLoan(this, tokens, amounts, userData)","Front-running labels often depend on transaction ordering/economic context, not just state+external-call hyperedge evidence."
MEDIUM,front_running_positive_weak_fit_for_interaction_localization,test,FORGE::vfp_00123::BalancerFlashLoan,FORGE,vfp_00123,BalancerFlashLoan,receiveFlashLoan,1,Front-running / Tx Order (SWC-114),BalancerFlashLoan.sol,BalancerFlashLoan.sol::makeFlashLoan; BalancerFlashLoan.sol::receiveFlashLoan,3455acd6b6f8b09d,1,7,safeTransfer|receiveFlashLoanOnOpenLeveragedTrove|safeTransfer|receiveFlashLoanOnLeverUpTrove|safeTransfer|receiveFlashLoanOnLeverDownTrove|safeTransfer,"tokens[0].safeTransfer(address(receiver), effectiveFlashLoanAmount)","Front-running labels often depend on transaction ordering/economic context, not just state+external-call hyperedge evidence."
MEDIUM,negative_contains_strong_low_level_call_pattern,test,FORGE::vfp_00102::Bracket,FORGE,vfp_00102,Bracket,execute,0,,,,da6cc98526c1d8eb,1,6,balanceOf|balanceOf|safeApprove|call|balanceOf|balanceOf,tokenIn.balanceOf(address(this)),Negative interaction contains low-level call/delegatecall/send/staticcall signal.
MEDIUM,front_running_positive_weak_fit_for_interaction_localization,test,DAPP::DAppSCAN-source/contracts/consensys-The_LAO/moloch-4bc443f4dad60279b47978fc6987bb978d3dfc58::Moloch,DAPP,DAppSCAN-source/contracts/consensys-The_LAO/moloch-4bc443f4dad60279b47978fc6987bb978d3dfc58,Moloch,sponsorProposal,1,Front-running / Tx Order (SWC-114),DAppSCAN-source/contracts/consensys-The_LAO/moloch-4bc443f4dad60279b47978fc6987bb978d3dfc58/contracts/Moloch.sol,L266-305,faa3b83d6810a505,10,1,transferFrom,"depositToken.transferFrom(msg.sender, address(this), proposalDeposit)","Front-running labels often depend on transaction ordering/economic context, not just state+external-call hyperedge evidence."
MEDIUM,negative_contains_strong_low_level_call_pattern,test,DAPP::DAppSCAN-source/contracts/consensys-The_LAO/moloch-4bc443f4dad60279b47978fc6987bb978d3dfc58::SocialRecoveryModule,DAPP,DAppSCAN-source/contracts/consensys-The_LAO/moloch-4bc443f4dad60279b47978fc6987bb978d3dfc58,SocialRecoveryModule,recoverAccess,0,,,,377a2d60451a52f4,2,1,execTransactionFromModule,"manager.execTransactionFromModule(address(manager), 0, data, Enum.Operation.Call)",Negative interaction contains low-level call/delegatecall/send/staticcall signal.
MEDIUM,negative_contains_strong_low_level_call_pattern,test,DAPP::DAppSCAN-source/contracts/consensys-The_LAO/moloch-4bc443f4dad60279b47978fc6987bb978d3dfc58::DailyLimitModule,DAPP,DAppSCAN-source/contracts/consensys-The_LAO/moloch-4bc443f4dad60279b47978fc6987bb978d3dfc58,DailyLimitModule,executeDailyLimit,0,,,,93ec5f83034bf2a7,2,3,isOwner|execTransactionFromModule|execTransactionFromModule,OwnerManager(address(manager)).isOwner(msg.sender),Negative interaction contains low-level call/delegatecall/send/staticcall signal.
MEDIUM,negative_contains_strong_low_level_call_pattern,test,DAPP::DAppSCAN-source/contracts/consensys-The_LAO/moloch-4bc443f4dad60279b47978fc6987bb978d3dfc58::WhitelistModule,DAPP,DAppSCAN-source/contracts/consensys-The_LAO/moloch-4bc443f4dad60279b47978fc6987bb978d3dfc58,WhitelistModule,executeWhitelisted,0,,,,a0144788e5ffc67f,2,2,isOwner|execTransactionFromModule,OwnerManager(address(manager)).isOwner(msg.sender),Negative interaction contains low-level call/delegatecall/send/staticcall signal.
MEDIUM,negative_contains_strong_low_level_call_pattern,test,DAPP::DAppSCAN-source/contracts/Hacken-VYNKSAFE/code::BUSDVYNCSTAKE,DAPP,DAppSCAN-source/contracts/Hacken-VYNKSAFE/code,BUSDVYNCSTAKE,claim,0,,,,2ebe6fc72dd66d65,2,1,send,"treasury.send(msg.sender,reward)",Negative interaction contains low-level call/delegatecall/send/staticcall signal.
MEDIUM,negative_contains_strong_low_level_call_pattern,test,"DAPP::DAppSCAN-source/contracts/Inspex-Tokens, Farm & Shop/-SpeedStar-Audit-3e39d7acf9c1aa9f3a5511c161c2035ba7d6bc1f::Timelock",DAPP,"DAppSCAN-source/contracts/Inspex-Tokens, Farm & Shop/-SpeedStar-Audit-3e39d7acf9c1aa9f3a5511c161c2035ba7d6bc1f",Timelock,executeTransaction,0,,,,6ba2bd9c88651a36,3,1,call,target.call{value: value}(             callData         ),Negative interaction contains low-level call/delegatecall/send/staticcall signal.
MEDIUM,front_running_positive_weak_fit_for_interaction_localization,test,DAPP::DAppSCAN-source/contracts/QuillAudits-1inch-Fee Collector/fee-collector-3c2626763fd829500496f15476d5e98fbdf4f574::FeeCollector,DAPP,DAppSCAN-source/contracts/QuillAudits-1inch-Fee Collector/fee-collector-3c2626763fd829500496f15476d5e98fbdf4f574,FeeCollector,trade,1,Front-running / Tx Order (SWC-114),DAppSCAN-source/contracts/QuillAudits-1inch-Fee Collector/fee-collector-3c2626763fd829500496f15476d5e98fbdf4f574/contracts/FeeCollector.sol,L361,5377f8ec516dc92e,2,2,safeTransferFrom|safeTransfer,"token.safeTransferFrom(msg.sender, address(this), amount)","Front-running labels often depend on transaction ordering/economic context, not just state+external-call hyperedge evidence."
MEDIUM,negative_contains_strong_low_level_call_pattern,test,DAPP::DAppSCAN-source/contracts/PeckShield-TranchessV1.1/contract-core-68a86350313c1cb9e5467e791d3e9efaf228a0df::Timelock,DAPP,DAppSCAN-source/contracts/PeckShield-TranchessV1.1/contract-core-68a86350313c1cb9e5467e791d3e9efaf228a0df,Timelock,executeTransaction,0,,,,9095de4a849ce0fb,3,1,call,target.call{value: value}(callData),Negative interaction contains low-level call/delegatecall/send/staticcall signal.
MEDIUM,front_running_positive_weak_fit_for_interaction_localization,test,DAPP::DAppSCAN-source/contracts/PeckShield-BNPL/BNPL-0ee587a081668dcab166a3a275b8a6c4794ead4d::BankingNode,DAPP,DAppSCAN-source/contracts/PeckShield-BNPL/BNPL-0ee587a081668dcab166a3a275b8a6c4794ead4d,BankingNode,collectFees,1,Front-running / Tx Order (SWC-114),DAppSCAN-source/contracts/PeckShield-BNPL/BNPL-0ee587a081668dcab166a3a275b8a6c4794ead4d/contracts/BankingNode.sol,L453-L470,f172de7ce0bd6f40,3,3,balanceOf|safeTransfer|balanceOf,IERC20(_baseToken).balanceOf(address(this)),"Front-running labels often depend on transaction ordering/economic context, not just state+external-call hyperedge evidence."
MEDIUM,negative_contains_strong_low_level_call_pattern,test,DAPP::DAppSCAN-source/contracts/Trail_of_Bits-Liquity/dev-f0df3efa5a5f05b205752184cfce107c5bd6e06c::ActivePool,DAPP,DAppSCAN-source/contracts/Trail_of_Bits-Liquity/dev-f0df3efa5a5f05b205752184cfce107c5bd6e06c,ActivePool,sendETH,0,,,,010833c2ca7588cf,1,1,call,"_account.call{ value: _amount }("""")",Negative interaction contains low-level call/delegatecall/send/staticcall signal.
MEDIUM,negative_contains_strong_low_level_call_pattern,test,DAPP::DAppSCAN-source/contracts/Trail_of_Bits-Liquity/dev-f0df3efa5a5f05b205752184cfce107c5bd6e06c::CollSurplusPool,DAPP,DAppSCAN-source/contracts/Trail_of_Bits-Liquity/dev-f0df3efa5a5f05b205752184cfce107c5bd6e06c,CollSurplusPool,claimColl,0,,,,2cd620371bd8a64a,2,1,call,"_account.call{ value: claimableColl }("""")",Negative interaction contains low-level call/delegatecall/send/staticcall signal.
MEDIUM,negative_contains_strong_low_level_call_pattern,test,DAPP::DAppSCAN-source/contracts/Trail_of_Bits-Liquity/dev-f0df3efa5a5f05b205752184cfce107c5bd6e06c::BorrowerOperations,DAPP,DAppSCAN-source/contracts/Trail_of_Bits-Liquity/dev-f0df3efa5a5f05b205752184cfce107c5bd6e06c,BorrowerOperations,_activePoolAddColl,0,,,,d95f4ba3393a49da,1,1,call,"address(activePool).call{value: _amount}("""")",Negative interaction contains low-level call/delegatecall/send/staticcall signal.
MEDIUM,negative_contains_strong_low_level_call_pattern,test,DAPP::DAppSCAN-source/contracts/Trail_of_Bits-Liquity/dev-f0df3efa5a5f05b205752184cfce107c5bd6e06c::DefaultPool,DAPP,DAppSCAN-source/contracts/Trail_of_Bits-Liquity/dev-f0df3efa5a5f05b205752184cfce107c5bd6e06c,DefaultPool,sendETH,0,,,,685956eff315877e,1,1,call,"_account.call{ value: _amount }("""")",Negative interaction contains low-level call/delegatecall/send/staticcall signal.
MEDIUM,negative_contains_strong_low_level_call_pattern,test,DAPP::DAppSCAN-source/contracts/Trail_of_Bits-Liquity/dev-f0df3efa5a5f05b205752184cfce107c5bd6e06c::StabilityPool,DAPP,DAppSCAN-source/contracts/Trail_of_Bits-Liquity/dev-f0df3efa5a5f05b205752184cfce107c5bd6e06c,StabilityPool,_sendETHGainToDepositor,0,,,,0d8f499445d19117,1,1,call,"msg.sender.call{ value: _amount }("""")",Negative interaction contains low-level call/delegatecall/send/staticcall signal.
MEDIUM,front_running_positive_weak_fit_for_interaction_localization,test,DAPP::DAppSCAN-source/contracts/QuillAudits-Pickle Finance-Strategy-Curve-scrv-v4_1/protocol-master::StrategyCurveSCRVv4_1,DAPP,DAppSCAN-source/contracts/QuillAudits-Pickle Finance-Strategy-Curve-scrv-v4_1/protocol-master,StrategyCurveSCRVv4_1,harvest,1,Front-running / Tx Order (SWC-114),DAppSCAN-source/contracts/QuillAudits-Pickle Finance-Strategy-Curve-scrv-v4_1/protocol-master/strategy-curve-scrv-v4_1.sol,L153-197,7df60661607b89a0,8,9,harvest|balanceOf|safeTransfer|claimRewards|balanceOf|balanceOf|safeApprove|safeApprove|add_liquidity,SCRVVoter(scrvVoter).harvest(gauge),"Front-running labels often depend on transaction ordering/economic context, not just state+external-call hyperedge evidence."
MEDIUM,negative_contract_many_risky_interactions,train,FORGE::vfp_00126::HubPool,FORGE,vfp_00126,HubPool,,0,,,,,,,,,All-negative contract has 8 token-transfer/low-level risky interactions; 1 strong low-level/delegatecall signals.
MEDIUM,negative_contract_many_risky_interactions,train,DAPP::DAppSCAN-source/contracts/Trail_of_Bits-FraxQ42021/frax-solidity-bd40775e283923aa9e32a107abd426430a99835e::CrossChainBridgeBacker,DAPP,DAppSCAN-source/contracts/Trail_of_Bits-FraxQ42021/frax-solidity-bd40775e283923aa9e32a107abd426430a99835e,CrossChainBridgeBacker,,0,,,,,,,,,All-negative contract has 5 token-transfer/low-level risky interactions; 0 strong low-level/delegatecall signals.
MEDIUM,negative_contract_many_risky_interactions,train,DAPP::DAppSCAN-source/contracts/Trail_of_Bits-FraxQ42021/frax-solidity-bd40775e283923aa9e32a107abd426430a99835e::FRAX3CRV_Curve_FXS_Distributor,DAPP,DAppSCAN-source/contracts/Trail_of_Bits-FraxQ42021/frax-solidity-bd40775e283923aa9e32a107abd426430a99835e,FRAX3CRV_Curve_FXS_Distributor,,0,,,,,,,,,All-negative contract has 5 token-transfer/low-level risky interactions; 0 strong low-level/delegatecall signals.
MEDIUM,negative_contract_many_risky_interactions,train,DAPP::DAppSCAN-source/contracts/Trail_of_Bits-FraxQ42021/frax-solidity-bd40775e283923aa9e32a107abd426430a99835e::FraxUnifiedFarm_ERC20,DAPP,DAppSCAN-source/contracts/Trail_of_Bits-FraxQ42021/frax-solidity-bd40775e283923aa9e32a107abd426430a99835e,FraxUnifiedFarm_ERC20,,0,,,,,,,,,All-negative contract has 5 token-transfer/low-level risky interactions; 0 strong low-level/delegatecall signals.
MEDIUM,negative_contract_many_risky_interactions,train,DAPP::DAppSCAN-source/contracts/Trail_of_Bits-FraxQ42021/frax-solidity-bd40775e283923aa9e32a107abd426430a99835e::FraxUnifiedFarm_UniV3,DAPP,DAppSCAN-source/contracts/Trail_of_Bits-FraxQ42021/frax-solidity-bd40775e283923aa9e32a107abd426430a99835e,FraxUnifiedFarm_UniV3,,0,,,,,,,,,All-negative contract has 5 token-transfer/low-level risky interactions; 0 strong low-level/delegatecall signals.
MEDIUM,negative_contract_many_risky_interactions,train,DAPP::DAppSCAN-source/contracts/Trail_of_Bits-FraxQ42021/frax-solidity-bd40775e283923aa9e32a107abd426430a99835e::FraxUniV3Farm_Stable,DAPP,DAppSCAN-source/contracts/Trail_of_Bits-FraxQ42021/frax-solidity-bd40775e283923aa9e32a107abd426430a99835e,FraxUniV3Farm_Stable,,0,,,,,,,,,All-negative contract has 5 token-transfer/low-level risky interactions; 0 strong low-level/delegatecall signals.
MEDIUM,negative_contract_many_risky_interactions,train,DAPP::DAppSCAN-source/contracts/Trail_of_Bits-FraxQ42021/frax-solidity-bd40775e283923aa9e32a107abd426430a99835e::TWAMMSwap,DAPP,DAppSCAN-source/contracts/Trail_of_Bits-FraxQ42021/frax-solidity-bd40775e283923aa9e32a107abd426430a99835e,TWAMMSwap,,0,,,,,,,,,All-negative contract has 6 token-transfer/low-level risky interactions; 0 strong low-level/delegatecall signals.
MEDIUM,negative_contract_many_risky_interactions,train,DAPP::DAppSCAN-source/contracts/Trail_of_Bits-FraxQ42021/frax-solidity-bd40775e283923aa9e32a107abd426430a99835e::MigratableFarmBSC,DAPP,DAppSCAN-source/contracts/Trail_of_Bits-FraxQ42021/frax-solidity-bd40775e283923aa9e32a107abd426430a99835e,MigratableFarmBSC,,0,,,,,,,,,All-negative contract has 6 token-transfer/low-level risky interactions; 0 strong low-level/delegatecall signals.
MEDIUM,negative_contract_many_risky_interactions,train,DAPP::DAppSCAN-source/contracts/Trail_of_Bits-FraxQ42021/frax-solidity-bd40775e283923aa9e32a107abd426430a99835e::MigratableFarmBSC_FRAX_FXS,DAPP,DAppSCAN-source/contracts/Trail_of_Bits-FraxQ42021/frax-solidity-bd40775e283923aa9e32a107abd426430a99835e,MigratableFarmBSC_FRAX_FXS,,0,,,,,,,,,All-negative contract has 6 token-transfer/low-level risky interactions; 0 strong low-level/delegatecall signals.
MEDIUM,negative_contract_many_risky_interactions,train,DAPP::DAppSCAN-source/contracts/Trail_of_Bits-FraxQ42021/frax-solidity-bd40775e283923aa9e32a107abd426430a99835e::CrossChainBridgeBacker_HARM_Horizon,DAPP,DAppSCAN-source/contracts/Trail_of_Bits-FraxQ42021/frax-solidity-bd40775e283923aa9e32a107abd426430a99835e,CrossChainBridgeBacker_HARM_Horizon,,0,,,,,,,,,All-negative contract has 5 token-transfer/low-level risky interactions; 0 strong low-level/delegatecall signals.
MEDIUM,negative_contract_many_risky_interactions,train,DAPP::DAppSCAN-source/contracts/Trail_of_Bits-FraxQ42021/frax-solidity-bd40775e283923aa9e32a107abd426430a99835e::CrossChainBridgeBacker_BSC_AnySwap,DAPP,DAppSCAN-source/contracts/Trail_of_Bits-FraxQ42021/frax-solidity-bd40775e283923aa9e32a107abd426430a99835e,CrossChainBridgeBacker_BSC_AnySwap,,0,,,,,,,,,All-negative contract has 5 token-transfer/low-level risky interactions; 0 strong low-level/delegatecall signals.
MEDIUM,negative_contract_many_risky_interactions,train,DAPP::DAppSCAN-source/contracts/Trail_of_Bits-FraxQ42021/frax-solidity-bd40775e283923aa9e32a107abd426430a99835e::CrossChainBridgeBacker_MOON_AnySwap,DAPP,DAppSCAN-source/contracts/Trail_of_Bits-FraxQ42021/frax-solidity-bd40775e283923aa9e32a107abd426430a99835e,CrossChainBridgeBacker_MOON_AnySwap,,0,,,,,,,,,All-negative contract has 5 token-transfer/low-level risky interactions; 0 strong low-level/delegatecall signals.
MEDIUM,negative_contract_many_risky_interactions,train,DAPP::DAppSCAN-source/contracts/Trail_of_Bits-FraxQ42021/frax-solidity-bd40775e283923aa9e32a107abd426430a99835e::CrossChainBridgeBacker_AVAX_AnySwap,DAPP,DAppSCAN-source/contracts/Trail_of_Bits-FraxQ42021/frax-solidity-bd40775e283923aa9e32a107abd426430a99835e,CrossChainBridgeBacker_AVAX_AnySwap,,0,,,,,,,,,All-negative contract has 5 token-transfer/low-level risky interactions; 0 strong low-level/delegatecall signals.
MEDIUM,negative_contract_many_risky_interactions,train,DAPP::DAppSCAN-source/contracts/Trail_of_Bits-FraxQ42021/frax-solidity-bd40775e283923aa9e32a107abd426430a99835e::CrossChainBridgeBacker_FTM_AnySwap,DAPP,DAppSCAN-source/contracts/Trail_of_Bits-FraxQ42021/frax-solidity-bd40775e283923aa9e32a107abd426430a99835e,CrossChainBridgeBacker_FTM_AnySwap,,0,,,,,,,,,All-negative contract has 5 token-transfer/low-level risky interactions; 0 strong low-level/delegatecall signals.
MEDIUM,negative_contract_many_risky_interactions,train,DAPP::DAppSCAN-source/contracts/Trail_of_Bits-FraxQ42021/frax-solidity-bd40775e283923aa9e32a107abd426430a99835e::CrossChainBridgeBacker_POLY_MaticBridge,DAPP,DAppSCAN-source/contracts/Trail_of_Bits-FraxQ42021/frax-solidity-bd40775e283923aa9e32a107abd426430a99835e,CrossChainBridgeBacker_POLY_MaticBridge,,0,,,,,,,,,All-negative contract has 5 token-transfer/low-level risky interactions; 0 strong low-level/delegatecall signals.
MEDIUM,negative_contract_many_risky_interactions,train,DAPP::DAppSCAN-source/contracts/Trail_of_Bits-FraxQ42021/frax-solidity-bd40775e283923aa9e32a107abd426430a99835e::CrossChainBridgeBacker_ARBI_AnySwap,DAPP,DAppSCAN-source/contracts/Trail_of_Bits-FraxQ42021/frax-solidity-bd40775e283923aa9e32a107abd426430a99835e,CrossChainBridgeBacker_ARBI_AnySwap,,0,,,,,,,,,All-negative contract has 5 token-transfer/low-level risky interactions; 0 strong low-level/delegatecall signals.
MEDIUM,negative_contract_many_risky_interactions,train,DAPP::DAppSCAN-source/contracts/Trail_of_Bits-FraxQ42021/frax-solidity-bd40775e283923aa9e32a107abd426430a99835e::CrossChainBridgeBacker_BOBA_BobaGateway,DAPP,DAppSCAN-source/contracts/Trail_of_Bits-FraxQ42021/frax-solidity-bd40775e283923aa9e32a107abd426430a99835e,CrossChainBridgeBacker_BOBA_BobaGateway,,0,,,,,,,,,All-negative contract has 5 token-transfer/low-level risky interactions; 0 strong low-level/delegatecall signals.
MEDIUM,negative_contract_many_risky_interactions,train,DAPP::DAppSCAN-source/contracts/Trail_of_Bits-FraxQ42021/frax-solidity-bd40775e283923aa9e32a107abd426430a99835e::FraxUniV3Farm_Stable_FRAX_DAI,DAPP,DAppSCAN-source/contracts/Trail_of_Bits-FraxQ42021/frax-solidity-bd40775e283923aa9e32a107abd426430a99835e,FraxUniV3Farm_Stable_FRAX_DAI,,0,,,,,,,,,All-negative contract has 5 token-transfer/low-level risky interactions; 0 strong low-level/delegatecall signals.
MEDIUM,negative_contract_many_risky_interactions,train,DAPP::DAppSCAN-source/contracts/Trail_of_Bits-FraxQ42021/frax-solidity-bd40775e283923aa9e32a107abd426430a99835e::FraxUniV3Farm_Stable_FRAX_USDC,DAPP,DAppSCAN-source/contracts/Trail_of_Bits-FraxQ42021/frax-solidity-bd40775e283923aa9e32a107abd426430a99835e,FraxUniV3Farm_Stable_FRAX_USDC,,0,,,,,,,,,All-negative contract has 5 token-transfer/low-level risky interactions; 0 strong low-level/delegatecall signals.
MEDIUM,negative_contract_many_risky_interactions,train,DAPP::DAppSCAN-source/contracts/Trail_of_Bits-FraxQ42021/frax-solidity-bd40775e283923aa9e32a107abd426430a99835e::StakingRewardsMultiGauge_Gelato_FRAX_DAI,DAPP,DAppSCAN-source/contracts/Trail_of_Bits-FraxQ42021/frax-solidity-bd40775e283923aa9e32a107abd426430a99835e,StakingRewardsMultiGauge_Gelato_FRAX_DAI,,0,,,,,,,,,All-negative contract has 5 token-transfer/low-level risky interactions; 0 strong low-level/delegatecall signals.
MEDIUM,negative_contract_many_risky_interactions,train,DAPP::DAppSCAN-source/contracts/Trail_of_Bits-FraxQ42021/frax-solidity-bd40775e283923aa9e32a107abd426430a99835e::FraxUniV3Farm_Stable_FRAX_agEUR,DAPP,DAppSCAN-source/contracts/Trail_of_Bits-FraxQ42021/frax-solidity-bd40775e283923aa9e32a107abd426430a99835e,FraxUniV3Farm_Stable_FRAX_agEUR,,0,,,,,,,,,All-negative contract has 5 token-transfer/low-level risky interactions; 0 strong low-level/delegatecall signals.
MEDIUM,negative_contract_many_risky_interactions,train,DAPP::DAppSCAN-source/contracts/Trail_of_Bits-FraxQ42021/frax-solidity-bd40775e283923aa9e32a107abd426430a99835e::FraxPoolvAMM,DAPP,DAppSCAN-source/contracts/Trail_of_Bits-FraxQ42021/frax-solidity-bd40775e283923aa9e32a107abd426430a99835e,FraxPoolvAMM,,0,,,,,,,,,All-negative contract has 6 token-transfer/low-level risky interactions; 0 strong low-level/delegatecall signals.
MEDIUM,negative_contract_many_risky_interactions,train,DAPP::DAppSCAN-source/contracts/Trail_of_Bits-FraxQ42021/frax-solidity-bd40775e283923aa9e32a107abd426430a99835e::Pool_USDC,DAPP,DAppSCAN-source/contracts/Trail_of_Bits-FraxQ42021/frax-solidity-bd40775e283923aa9e32a107abd426430a99835e,Pool_USDC,,0,,,,,,,,,All-negative contract has 5 token-transfer/low-level risky interactions; 0 strong low-level/delegatecall signals.
MEDIUM,negative_contract_many_risky_interactions,train,DAPP::DAppSCAN-source/contracts/Trail_of_Bits-FraxQ42021/frax-solidity-bd40775e283923aa9e32a107abd426430a99835e::PoolvAMM_USDC,DAPP,DAppSCAN-source/contracts/Trail_of_Bits-FraxQ42021/frax-solidity-bd40775e283923aa9e32a107abd426430a99835e,PoolvAMM_USDC,,0,,,,,,,,,All-negative contract has 6 token-transfer/low-level risky interactions; 0 strong low-level/delegatecall signals.
MEDIUM,negative_contract_many_risky_interactions,train,DAPP::DAppSCAN-source/contracts/Trail_of_Bits-FraxQ42021/frax-solidity-bd40775e283923aa9e32a107abd426430a99835e::FraxPoolV3,DAPP,DAppSCAN-source/contracts/Trail_of_Bits-FraxQ42021/frax-solidity-bd40775e283923aa9e32a107abd426430a99835e,FraxPoolV3,,0,,,,,,,,,All-negative contract has 5 token-transfer/low-level risky interactions; 0 strong low-level/delegatecall signals.
MEDIUM,negative_contract_many_risky_interactions,train,DAPP::DAppSCAN-source/contracts/Trail_of_Bits-FraxQ42021/frax-solidity-bd40775e283923aa9e32a107abd426430a99835e::FraxPool,DAPP,DAppSCAN-source/contracts/Trail_of_Bits-FraxQ42021/frax-solidity-bd40775e283923aa9e32a107abd426430a99835e,FraxPool,,0,,,,,,,,,All-negative contract has 5 token-transfer/low-level risky interactions; 0 strong low-level/delegatecall signals.
MEDIUM,negative_contract_many_risky_interactions,train,DAPP::DAppSCAN-source/contracts/Trail_of_Bits-FraxQ42021/frax-solidity-bd40775e283923aa9e32a107abd426430a99835e::StakingRewardsDual,DAPP,DAppSCAN-source/contracts/Trail_of_Bits-FraxQ42021/frax-solidity-bd40775e283923aa9e32a107abd426430a99835e,StakingRewardsDual,,0,,,,,,,,,All-negative contract has 6 token-transfer/low-level risky interactions; 0 strong low-level/delegatecall signals.
MEDIUM,negative_contract_many_risky_interactions,train,DAPP::DAppSCAN-source/contracts/Trail_of_Bits-FraxQ42021/frax-solidity-bd40775e283923aa9e32a107abd426430a99835e::StakingRewardsDualV2,DAPP,DAppSCAN-source/contracts/Trail_of_Bits-FraxQ42021/frax-solidity-bd40775e283923aa9e32a107abd426430a99835e,StakingRewardsDualV2,,0,,,,,,,,,All-negative contract has 6 token-transfer/low-level risky interactions; 0 strong low-level/delegatecall signals.
MEDIUM,negative_contract_many_risky_interactions,train,DAPP::DAppSCAN-source/contracts/Trail_of_Bits-FraxQ42021/frax-solidity-bd40775e283923aa9e32a107abd426430a99835e::StakingRewards,DAPP,DAppSCAN-source/contracts/Trail_of_Bits-FraxQ42021/frax-solidity-bd40775e283923aa9e32a107abd426430a99835e,StakingRewards,,0,,,,,,,,,All-negative contract has 6 token-transfer/low-level risky interactions; 0 strong low-level/delegatecall signals.
MEDIUM,negative_contract_many_risky_interactions,train,DAPP::DAppSCAN-source/contracts/Trail_of_Bits-FraxQ42021/frax-solidity-bd40775e283923aa9e32a107abd426430a99835e::Stake_FRAX_WETH,DAPP,DAppSCAN-source/contracts/Trail_of_Bits-FraxQ42021/frax-solidity-bd40775e283923aa9e32a107abd426430a99835e,Stake_FRAX_WETH,,0,,,,,,,,,All-negative contract has 6 token-transfer/low-level risky interactions; 0 strong low-level/delegatecall signals.
MEDIUM,negative_contract_many_risky_interactions,train,DAPP::DAppSCAN-source/contracts/Trail_of_Bits-FraxQ42021/frax-solidity-bd40775e283923aa9e32a107abd426430a99835e::Stake_FXS_WETH,DAPP,DAppSCAN-source/contracts/Trail_of_Bits-FraxQ42021/frax-solidity-bd40775e283923aa9e32a107abd426430a99835e,Stake_FXS_WETH,,0,,,,,,,,,All-negative contract has 6 token-transfer/low-level risky interactions; 0 strong low-level/delegatecall signals.
MEDIUM,negative_contract_many_risky_interactions,train,DAPP::DAppSCAN-source/contracts/Trail_of_Bits-FraxQ42021/frax-solidity-bd40775e283923aa9e32a107abd426430a99835e::Stake_FRAX_USDC,DAPP,DAppSCAN-source/contracts/Trail_of_Bits-FraxQ42021/frax-solidity-bd40775e283923aa9e32a107abd426430a99835e,Stake_FRAX_USDC,,0,,,,,,,,,All-negative contract has 6 token-transfer/low-level risky interactions; 0 strong low-level/delegatecall signals.
MEDIUM,negative_contract_many_risky_interactions,train,DAPP::DAppSCAN-source/contracts/Trail_of_Bits-FraxQ42021/frax-solidity-bd40775e283923aa9e32a107abd426430a99835e::StakingRewardsDual_FXS_WETH_Sushi,DAPP,DAppSCAN-source/contracts/Trail_of_Bits-FraxQ42021/frax-solidity-bd40775e283923aa9e32a107abd426430a99835e,StakingRewardsDual_FXS_WETH_Sushi,,0,,,,,,,,,All-negative contract has 6 token-transfer/low-level risky interactions; 0 strong low-level/delegatecall signals.
MEDIUM,negative_contract_many_risky_interactions,train,DAPP::DAppSCAN-source/contracts/Trail_of_Bits-FraxQ42021/frax-solidity-bd40775e283923aa9e32a107abd426430a99835e::StakingRewardsDualV2_FRAX3CRV_V2,DAPP,DAppSCAN-source/contracts/Trail_of_Bits-FraxQ42021/frax-solidity-bd40775e283923aa9e32a107abd426430a99835e,StakingRewardsDualV2_FRAX3CRV_V2,,0,,,,,,,,,All-negative contract has 6 token-transfer/low-level risky interactions; 0 strong low-level/delegatecall signals.
MEDIUM,negative_contract_many_risky_interactions,train,DAPP::DAppSCAN-source/contracts/Trail_of_Bits-FraxQ42021/frax-solidity-bd40775e283923aa9e32a107abd426430a99835e::StakingRewardsDual_FRAX3CRV,DAPP,DAppSCAN-source/contracts/Trail_of_Bits-FraxQ42021/frax-solidity-bd40775e283923aa9e32a107abd426430a99835e,StakingRewardsDual_FRAX3CRV,,0,,,,,,,,,All-negative contract has 6 token-transfer/low-level risky interactions; 0 strong low-level/delegatecall signals.
MEDIUM,negative_contract_many_risky_interactions,train,DAPP::DAppSCAN-source/contracts/Trail_of_Bits-FraxQ42021/frax-solidity-bd40775e283923aa9e32a107abd426430a99835e::StakingRewardsDual_FRAX_FXS_Sushi,DAPP,DAppSCAN-source/contracts/Trail_of_Bits-FraxQ42021/frax-solidity-bd40775e283923aa9e32a107abd426430a99835e,StakingRewardsDual_FRAX_FXS_Sushi,,0,,,,,,,,,All-negative contract has 6 token-transfer/low-level risky interactions; 0 strong low-level/delegatecall signals.
MEDIUM,negative_contract_many_risky_interactions,train,DAPP::DAppSCAN-source/contracts/Trail_of_Bits-FraxQ42021/frax-solidity-bd40775e283923aa9e32a107abd426430a99835e::Stake_FRAX_FXS,DAPP,DAppSCAN-source/contracts/Trail_of_Bits-FraxQ42021/frax-solidity-bd40775e283923aa9e32a107abd426430a99835e,Stake_FRAX_FXS,,0,,,,,,,,,All-negative contract has 6 token-transfer/low-level risky interactions; 0 strong low-level/delegatecall signals.
MEDIUM,negative_contract_many_risky_interactions,train,DAPP::DAppSCAN-source/contracts/SlowMist-Booster-Protocol_智能安全审计报告/boosterProtocol-946b15629c410d706856584f3aa04001d6a55bd2::SafeBoxFilDa,DAPP,DAppSCAN-source/contracts/SlowMist-Booster-Protocol_智能安全审计报告/boosterProtocol-946b15629c410d706856584f3aa04001d6a55bd2,SafeBoxFilDa,,0,,,,,,,,,All-negative contract has 5 token-transfer/low-level risky interactions; 0 strong low-level/delegatecall signals.
MEDIUM,negative_contract_many_risky_interactions,train,DAPP::DAppSCAN-source/contracts/SlowMist-Booster-Protocol_智能安全审计报告/boosterProtocol-946b15629c410d706856584f3aa04001d6a55bd2::SafeBoxFilDaETH,DAPP,DAppSCAN-source/contracts/SlowMist-Booster-Protocol_智能安全审计报告/boosterProtocol-946b15629c410d706856584f3aa04001d6a55bd2,SafeBoxFilDaETH,,0,,,,,,,,,All-negative contract has 5 token-transfer/low-level risky interactions; 0 strong low-level/delegatecall signals.
MEDIUM,negative_contract_many_risky_interactions,train,DAPP::DAppSCAN-source/contracts/Trail_of_Bits-88mph/88mph-contracts-76cd9d1fc45e65f5d0f686621fe6af85c40aa140::DInterest,DAPP,DAppSCAN-source/contracts/Trail_of_Bits-88mph/88mph-contracts-76cd9d1fc45e65f5d0f686621fe6af85c40aa140,DInterest,,0,,,,,,,,,All-negative contract has 5 token-transfer/low-level risky interactions; 0 strong low-level/delegatecall signals.
MEDIUM,negative_contract_many_risky_interactions,train,DAPP::DAppSCAN-source/contracts/Trail_of_Bits-88mph/88mph-contracts-76cd9d1fc45e65f5d0f686621fe6af85c40aa140::DInterestWithDepositFee,DAPP,DAppSCAN-source/contracts/Trail_of_Bits-88mph/88mph-contracts-76cd9d1fc45e65f5d0f686621fe6af85c40aa140,DInterestWithDepositFee,,0,,,,,,,,,All-negative contract has 5 token-transfer/low-level risky interactions; 0 strong low-level/delegatecall signals.
MEDIUM,negative_contract_many_risky_interactions,train,DAPP::DAppSCAN-source/contracts/Runtime_Vеrification-Tracer_Perpetual_Pools_V2/perpetual-pools-contracts-846bbf62652d7c83aee1cf3766275c4d08b00c8a::ExposedLeveragedPool,DAPP,DAppSCAN-source/contracts/Runtime_Vеrification-Tracer_Perpetual_Pools_V2/perpetual-pools-contracts-846bbf62652d7c83aee1cf3766275c4d08b00c8a,ExposedLeveragedPool,,0,,,,,,,,,All-negative contract has 6 token-transfer/low-level risky interactions; 0 strong low-level/delegatecall signals.
MEDIUM,negative_contract_many_risky_interactions,train,DAPP::DAppSCAN-source/contracts/Runtime_Vеrification-Tracer_Perpetual_Pools_V2/perpetual-pools-contracts-846bbf62652d7c83aee1cf3766275c4d08b00c8a::LeveragedPool,DAPP,DAppSCAN-source/contracts/Runtime_Vеrification-Tracer_Perpetual_Pools_V2/perpetual-pools-contracts-846bbf62652d7c83aee1cf3766275c4d08b00c8a,LeveragedPool,,0,,,,,,,,,All-negative contract has 6 token-transfer/low-level risky interactions; 0 strong low-level/delegatecall signals.
MEDIUM,negative_contract_many_risky_interactions,train,DAPP::DAppSCAN-source/contracts/PeckShield-StackerVC/StackerVC_VentureFund001-3cfb98b21f4731dfd62993feb7c7d1540837f59b::GaugeD1,DAPP,DAppSCAN-source/contracts/PeckShield-StackerVC/StackerVC_VentureFund001-3cfb98b21f4731dfd62993feb7c7d1540837f59b,GaugeD1,,0,,,,,,,,,All-negative contract has 5 token-transfer/low-level risky interactions; 0 strong low-level/delegatecall signals.
MEDIUM,negative_contract_many_risky_interactions,train,DAPP::DAppSCAN-source/contracts/QuillAudits-Yearn Finance-Yearn Protocol V1/yearn-protocol-9ff0dc0ea73642c529383d0675930a41bf033295::yDelegatedVault,DAPP,DAppSCAN-source/contracts/QuillAudits-Yearn Finance-Yearn Protocol V1/yearn-protocol-9ff0dc0ea73642c529383d0675930a41bf033295,yDelegatedVault,,0,,,,,,,,,All-negative contract has 5 token-transfer/low-level risky interactions; 0 strong low-level/delegatecall signals.
MEDIUM,negative_contract_many_risky_interactions,train,DAPP::DAppSCAN-source/contracts/Hacken-Powerbomb-V1/powerbomb-lite-0f86ff1eecdd723be733a9b33ff4ffa3bbdadcee::PowerBombAvaxCurve33,DAPP,DAppSCAN-source/contracts/Hacken-Powerbomb-V1/powerbomb-lite-0f86ff1eecdd723be733a9b33ff4ffa3bbdadcee,PowerBombAvaxCurve33,,0,,,,,,,,,All-negative contract has 4 token-transfer/low-level risky interactions; 1 strong low-level/delegatecall signals.
MEDIUM,negative_contract_many_risky_interactions,train,DAPP::DAppSCAN-source/contracts/PeckShield-DarkCrypto/darkcrypto-contracts-fee5be8d36459aebed2b84e6493875b3dc0366fd::Boardroom,DAPP,DAppSCAN-source/contracts/PeckShield-DarkCrypto/darkcrypto-contracts-fee5be8d36459aebed2b84e6493875b3dc0366fd,Boardroom,,0,,,,,,,,,All-negative contract has 5 token-transfer/low-level risky interactions; 0 strong low-level/delegatecall signals.
MEDIUM,negative_contract_many_risky_interactions,train,DAPP::DAppSCAN-source/contracts/PeckShield-DarkCrypto/darkcrypto-contracts-fee5be8d36459aebed2b84e6493875b3dc0366fd::DarkRewardPool,DAPP,DAppSCAN-source/contracts/PeckShield-DarkCrypto/darkcrypto-contracts-fee5be8d36459aebed2b84e6493875b3dc0366fd,DarkRewardPool,,0,,,,,,,,,All-negative contract has 5 token-transfer/low-level risky interactions; 0 strong low-level/delegatecall signals.
MEDIUM,negative_contract_many_risky_interactions,train,DAPP::DAppSCAN-source/contracts/PeckShield-BabySwap/code::IDO,DAPP,DAppSCAN-source/contracts/PeckShield-BabySwap/code,IDO,,0,,,,,,,,,All-negative contract has 5 token-transfer/low-level risky interactions; 0 strong low-level/delegatecall signals.
MEDIUM,negative_contract_many_risky_interactions,train,DAPP::DAppSCAN-source/contracts/PeckShield-BabySwap/code::SmartChefInitializable,DAPP,DAppSCAN-source/contracts/PeckShield-BabySwap/code,SmartChefInitializable,,0,,,,,,,,,All-negative contract has 5 token-transfer/low-level risky interactions; 0 strong low-level/delegatecall signals.
MEDIUM,negative_contract_many_risky_interactions,train,DAPP::DAppSCAN-source/contracts/PeckShield-BabySwap/code::BabyRouter01,DAPP,DAppSCAN-source/contracts/PeckShield-BabySwap/code,BabyRouter01,,0,,,,,,,,,All-negative contract has 10 token-transfer/low-level risky interactions; 0 strong low-level/delegatecall signals.
MEDIUM,negative_contract_many_risky_interactions,train,DAPP::DAppSCAN-source/contracts/PeckShield-BabySwap/code::BabyRouter,DAPP,DAppSCAN-source/contracts/PeckShield-BabySwap/code,BabyRouter,,0,,,,,,,,,All-negative contract has 14 token-transfer/low-level risky interactions; 0 strong low-level/delegatecall signals.
MEDIUM,negative_contract_many_risky_interactions,train,DAPP::DAppSCAN-source/contracts/PeckShield-MilkySwap/milkyswap-59f163e9959cf8bae4a521a9648219b553312e07::UniswapV2Router02,DAPP,DAppSCAN-source/contracts/PeckShield-MilkySwap/milkyswap-59f163e9959cf8bae4a521a9648219b553312e07,UniswapV2Router02,,0,,,,,,,,,All-negative contract has 14 token-transfer/low-level risky interactions; 0 strong low-level/delegatecall signals.
MEDIUM,negative_contract_many_risky_interactions,train,DAPP::DAppSCAN-source/contracts/consensys-Fei_Protocol_v2_Phase_1/fei-protocol-core-5e3e2ab889f06831f4fe2e8460066ded40ccf0a8::TribalChief,DAPP,DAppSCAN-source/contracts/consensys-Fei_Protocol_v2_Phase_1/fei-protocol-core-5e3e2ab889f06831f4fe2e8460066ded40ccf0a8,TribalChief,,0,,,,,,,,,All-negative contract has 6 token-transfer/low-level risky interactions; 0 strong low-level/delegatecall signals.
MEDIUM,negative_contract_many_risky_interactions,train,DAPP::DAppSCAN-source/contracts/Trail_of_Bits-YieldProtocol/fyDai-4422fda75931f2bfea49f5041ec90dc026e5c03d::Treasury,DAPP,DAppSCAN-source/contracts/Trail_of_Bits-YieldProtocol/fyDai-4422fda75931f2bfea49f5041ec90dc026e5c03d,Treasury,,0,,,,,,,,,All-negative contract has 5 token-transfer/low-level risky interactions; 0 strong low-level/delegatecall signals.
MEDIUM,negative_contract_many_risky_interactions,train,DAPP::DAppSCAN-source/contracts/BlockSec-blocksec_impossible_finance_swap_v1.2/impossible-swap-core-29aaef89f996acdbee92b67c4d95fb608dc8b876::ImpossibleRouter02,DAPP,DAppSCAN-source/contracts/BlockSec-blocksec_impossible_finance_swap_v1.2/impossible-swap-core-29aaef89f996acdbee92b67c4d95fb608dc8b876,ImpossibleRouter02,,0,,,,,,,,,All-negative contract has 7 token-transfer/low-level risky interactions; 0 strong low-level/delegatecall signals.
MEDIUM,negative_contract_many_risky_interactions,train,DAPP::DAppSCAN-source/contracts/SlowMist-Starcrazy Smart Contract Security Audit Report/starcrazy-contracts-e9e11d234ac065726e108a73dfcd5efbad26f2c5::AlianaSale,DAPP,DAppSCAN-source/contracts/SlowMist-Starcrazy Smart Contract Security Audit Report/starcrazy-contracts-e9e11d234ac065726e108a73dfcd5efbad26f2c5,AlianaSale,,0,,,,,,,,,All-negative contract has 5 token-transfer/low-level risky interactions; 0 strong low-level/delegatecall signals.
MEDIUM,negative_contract_many_risky_interactions,train,DAPP::DAppSCAN-source/contracts/QuillAudits-BCUBE Smart Contract/b-cube-ico-13f9f8a991a65f3e0ca60a2078121fdd5a921fb0::Treasury,DAPP,DAppSCAN-source/contracts/QuillAudits-BCUBE Smart Contract/b-cube-ico-13f9f8a991a65f3e0ca60a2078121fdd5a921fb0,Treasury,,0,,,,,,,,,All-negative contract has 6 token-transfer/low-level risky interactions; 0 strong low-level/delegatecall signals.
MEDIUM,negative_contract_many_risky_interactions,train,DAPP::DAppSCAN-source/contracts/PeckShield-Convex_Frax/frax-cvx-platform-2f8573ee796daa022c1050b4a749bf08049c439b::FraxUnifiedFarm_UniV3,DAPP,DAppSCAN-source/contracts/PeckShield-Convex_Frax/frax-cvx-platform-2f8573ee796daa022c1050b4a749bf08049c439b,FraxUnifiedFarm_UniV3,,0,,,,,,,,,All-negative contract has 6 token-transfer/low-level risky interactions; 0 strong low-level/delegatecall signals.
MEDIUM,negative_contract_many_risky_interactions,train,DAPP::DAppSCAN-source/contracts/PeckShield-Convex_Frax/frax-cvx-platform-2f8573ee796daa022c1050b4a749bf08049c439b::FraxUnifiedFarm_ERC20,DAPP,DAppSCAN-source/contracts/PeckShield-Convex_Frax/frax-cvx-platform-2f8573ee796daa022c1050b4a749bf08049c439b,FraxUnifiedFarm_ERC20,,0,,,,,,,,,All-negative contract has 5 token-transfer/low-level risky interactions; 0 strong low-level/delegatecall signals.
MEDIUM,negative_contract_many_risky_interactions,train,DAPP::DAppSCAN-source/contracts/PeckShield-Convex_Frax/frax-cvx-platform-2f8573ee796daa022c1050b4a749bf08049c439b::FraxUnifiedFarm_ERC20_Vesper_Orbit_FRAX,DAPP,DAppSCAN-source/contracts/PeckShield-Convex_Frax/frax-cvx-platform-2f8573ee796daa022c1050b4a749bf08049c439b,FraxUnifiedFarm_ERC20_Vesper_Orbit_FRAX,,0,,,,,,,,,All-negative contract has 5 token-transfer/low-level risky interactions; 0 strong low-level/delegatecall signals.
MEDIUM,negative_contract_many_risky_interactions,train,DAPP::DAppSCAN-source/contracts/consensys-Zer0_zBanc/zBanc-48da0ac1eebbe31a74742f1ae4281b156f03a4bc::BancorNetwork,DAPP,DAppSCAN-source/contracts/consensys-Zer0_zBanc/zBanc-48da0ac1eebbe31a74742f1ae4281b156f03a4bc,BancorNetwork,,0,,,,,,,,,All-negative contract has 6 token-transfer/low-level risky interactions; 5 strong low-level/delegatecall signals.
MEDIUM,negative_contract_many_risky_interactions,train,DAPP::DAppSCAN-source/contracts/consensys-Zer0_zBanc/zBanc-48da0ac1eebbe31a74742f1ae4281b156f03a4bc::TestLiquidityPoolV1Converter,DAPP,DAppSCAN-source/contracts/consensys-Zer0_zBanc/zBanc-48da0ac1eebbe31a74742f1ae4281b156f03a4bc,TestLiquidityPoolV1Converter,,0,,,,,,,,,All-negative contract has 8 token-transfer/low-level risky interactions; 3 strong low-level/delegatecall signals.
MEDIUM,negative_contract_many_risky_interactions,train,DAPP::DAppSCAN-source/contracts/consensys-Zer0_zBanc/zBanc-48da0ac1eebbe31a74742f1ae4281b156f03a4bc::TestConverterRegistry,DAPP,DAppSCAN-source/contracts/consensys-Zer0_zBanc/zBanc-48da0ac1eebbe31a74742f1ae4281b156f03a4bc,TestConverterRegistry,,0,,,,,,,,,All-negative contract has 4 token-transfer/low-level risky interactions; 4 strong low-level/delegatecall signals.
MEDIUM,negative_contract_many_risky_interactions,train,DAPP::DAppSCAN-source/contracts/consensys-Zer0_zBanc/zBanc-48da0ac1eebbe31a74742f1ae4281b156f03a4bc::TestBancorNetwork,DAPP,DAppSCAN-source/contracts/consensys-Zer0_zBanc/zBanc-48da0ac1eebbe31a74742f1ae4281b156f03a4bc,TestBancorNetwork,,0,,,,,,,,,All-negative contract has 6 token-transfer/low-level risky interactions; 5 strong low-level/delegatecall signals.
MEDIUM,negative_contract_many_risky_interactions,train,DAPP::DAppSCAN-source/contracts/consensys-Zer0_zBanc/zBanc-48da0ac1eebbe31a74742f1ae4281b156f03a4bc::TestLiquidityPoolV2Converter,DAPP,DAppSCAN-source/contracts/consensys-Zer0_zBanc/zBanc-48da0ac1eebbe31a74742f1ae4281b156f03a4bc,TestLiquidityPoolV2Converter,,0,,,,,,,,,All-negative contract has 6 token-transfer/low-level risky interactions; 3 strong low-level/delegatecall signals.
MEDIUM,negative_contract_many_risky_interactions,train,DAPP::DAppSCAN-source/contracts/consensys-Zer0_zBanc/zBanc-48da0ac1eebbe31a74742f1ae4281b156f03a4bc::ConverterRegistry,DAPP,DAppSCAN-source/contracts/consensys-Zer0_zBanc/zBanc-48da0ac1eebbe31a74742f1ae4281b156f03a4bc,ConverterRegistry,,0,,,,,,,,,All-negative contract has 4 token-transfer/low-level risky interactions; 4 strong low-level/delegatecall signals.
MEDIUM,negative_contract_many_risky_interactions,train,DAPP::DAppSCAN-source/contracts/consensys-Zer0_zBanc/zBanc-48da0ac1eebbe31a74742f1ae4281b156f03a4bc::ConverterBase,DAPP,DAppSCAN-source/contracts/consensys-Zer0_zBanc/zBanc-48da0ac1eebbe31a74742f1ae4281b156f03a4bc,ConverterBase,,0,,,,,,,,,All-negative contract has 4 token-transfer/low-level risky interactions; 3 strong low-level/delegatecall signals.
MEDIUM,negative_contract_many_risky_interactions,train,DAPP::DAppSCAN-source/contracts/consensys-Zer0_zBanc/zBanc-48da0ac1eebbe31a74742f1ae4281b156f03a4bc::LiquidityPoolConverter,DAPP,DAppSCAN-source/contracts/consensys-Zer0_zBanc/zBanc-48da0ac1eebbe31a74742f1ae4281b156f03a4bc,LiquidityPoolConverter,,0,,,,,,,,,All-negative contract has 4 token-transfer/low-level risky interactions; 3 strong low-level/delegatecall signals.
MEDIUM,negative_contract_many_risky_interactions,train,DAPP::DAppSCAN-source/contracts/consensys-Zer0_zBanc/zBanc-48da0ac1eebbe31a74742f1ae4281b156f03a4bc::LiquidityPoolV1Converter,DAPP,DAppSCAN-source/contracts/consensys-Zer0_zBanc/zBanc-48da0ac1eebbe31a74742f1ae4281b156f03a4bc,LiquidityPoolV1Converter,,0,,,,,,,,,All-negative contract has 8 token-transfer/low-level risky interactions; 3 strong low-level/delegatecall signals.
MEDIUM,negative_contract_many_risky_interactions,train,DAPP::DAppSCAN-source/contracts/consensys-Zer0_zBanc/zBanc-48da0ac1eebbe31a74742f1ae4281b156f03a4bc::LiquidTokenConverter,DAPP,DAppSCAN-source/contracts/consensys-Zer0_zBanc/zBanc-48da0ac1eebbe31a74742f1ae4281b156f03a4bc,LiquidTokenConverter,,0,,,,,,,,,All-negative contract has 5 token-transfer/low-level risky interactions; 3 strong low-level/delegatecall signals.
MEDIUM,negative_contract_many_risky_interactions,train,DAPP::DAppSCAN-source/contracts/consensys-Zer0_zBanc/zBanc-48da0ac1eebbe31a74742f1ae4281b156f03a4bc::LiquidityPoolV2Converter,DAPP,DAppSCAN-source/contracts/consensys-Zer0_zBanc/zBanc-48da0ac1eebbe31a74742f1ae4281b156f03a4bc,LiquidityPoolV2Converter,,0,,,,,,,,,All-negative contract has 6 token-transfer/low-level risky interactions; 3 strong low-level/delegatecall signals.
MEDIUM,negative_contract_many_risky_interactions,train,"DAPP::DAppSCAN-source/contracts/Inspex-FairLaunch, Token, Vault & Workers/Meow-Finance-4a4f13efaf5e5fbed74c0ed23b665751e655d715::FeeDistribute",DAPP,"DAppSCAN-source/contracts/Inspex-FairLaunch, Token, Vault & Workers/Meow-Finance-4a4f13efaf5e5fbed74c0ed23b665751e655d715",FeeDistribute,,0,,,,,,,,,All-negative contract has 4 token-transfer/low-level risky interactions; 1 strong low-level/delegatecall signals.
MEDIUM,negative_contract_many_risky_interactions,train,"DAPP::DAppSCAN-source/contracts/Inspex-FairLaunch, Token, Vault & Workers/Meow-Finance-4a4f13efaf5e5fbed74c0ed23b665751e655d715::Vault",DAPP,"DAppSCAN-source/contracts/Inspex-FairLaunch, Token, Vault & Workers/Meow-Finance-4a4f13efaf5e5fbed74c0ed23b665751e655d715",Vault,,0,,,,,,,,,All-negative contract has 6 token-transfer/low-level risky interactions; 1 strong low-level/delegatecall signals.
MEDIUM,negative_contract_many_risky_interactions,train,DAPP::DAppSCAN-source/contracts/Inspex-Optimized Worker/bsc-alpaca-contract-1aee2ceec77e3fd3162b74858c846cdc5692928d::GrazingRange,DAPP,DAppSCAN-source/contracts/Inspex-Optimized Worker/bsc-alpaca-contract-1aee2ceec77e3fd3162b74858c846cdc5692928d,GrazingRange,,0,,,,,,,,,All-negative contract has 5 token-transfer/low-level risky interactions; 0 strong low-level/delegatecall signals.
MEDIUM,negative_contract_many_risky_interactions,train,DAPP::DAppSCAN-source/contracts/Inspex-Optimized Worker/bsc-alpaca-contract-1aee2ceec77e3fd3162b74858c846cdc5692928d::FairLaunchV2,DAPP,DAppSCAN-source/contracts/Inspex-Optimized Worker/bsc-alpaca-contract-1aee2ceec77e3fd3162b74858c846cdc5692928d,FairLaunchV2,,0,,,,,,,,,All-negative contract has 5 token-transfer/low-level risky interactions; 0 strong low-level/delegatecall signals.
MEDIUM,negative_contract_many_risky_interactions,train,DAPP::DAppSCAN-source/contracts/Inspex-Optimized Worker/bsc-alpaca-contract-1aee2ceec77e3fd3162b74858c846cdc5692928d::Vault,DAPP,DAppSCAN-source/contracts/Inspex-Optimized Worker/bsc-alpaca-contract-1aee2ceec77e3fd3162b74858c846cdc5692928d,Vault,,0,,,,,,,,,All-negative contract has 6 token-transfer/low-level risky interactions; 1 strong low-level/delegatecall signals.
MEDIUM,negative_contract_many_risky_interactions,train,DAPP::DAppSCAN-source/contracts/Inspex-Optimized Worker/bsc-alpaca-contract-1aee2ceec77e3fd3162b74858c846cdc5692928d::CakeMaxiWorker02,DAPP,DAppSCAN-source/contracts/Inspex-Optimized Worker/bsc-alpaca-contract-1aee2ceec77e3fd3162b74858c846cdc5692928d,CakeMaxiWorker02,,0,,,,,,,,,All-negative contract has 5 token-transfer/low-level risky interactions; 0 strong low-level/delegatecall signals.
MEDIUM,negative_contract_many_risky_interactions,train,DAPP::DAppSCAN-source/contracts/Inspex-Optimized Worker/bsc-alpaca-contract-1aee2ceec77e3fd3162b74858c846cdc5692928d::WaultSwapRouter,DAPP,DAppSCAN-source/contracts/Inspex-Optimized Worker/bsc-alpaca-contract-1aee2ceec77e3fd3162b74858c846cdc5692928d,WaultSwapRouter,,0,,,,,,,,,All-negative contract has 14 token-transfer/low-level risky interactions; 0 strong low-level/delegatecall signals.
MEDIUM,negative_contract_many_risky_interactions,train,DAPP::DAppSCAN-source/contracts/Inspex-Optimized Worker/bsc-alpaca-contract-1aee2ceec77e3fd3162b74858c846cdc5692928d::PancakeRouterV2,DAPP,DAppSCAN-source/contracts/Inspex-Optimized Worker/bsc-alpaca-contract-1aee2ceec77e3fd3162b74858c846cdc5692928d,PancakeRouterV2,,0,,,,,,,,,All-negative contract has 14 token-transfer/low-level risky interactions; 0 strong low-level/delegatecall signals.
MEDIUM,negative_contract_many_risky_interactions,train,DAPP::DAppSCAN-source/contracts/Inspex-Optimized Worker/bsc-alpaca-contract-1aee2ceec77e3fd3162b74858c846cdc5692928d::PancakeRouter,DAPP,DAppSCAN-source/contracts/Inspex-Optimized Worker/bsc-alpaca-contract-1aee2ceec77e3fd3162b74858c846cdc5692928d,PancakeRouter,,0,,,,,,,,,All-negative contract has 14 token-transfer/low-level risky interactions; 0 strong low-level/delegatecall signals.
MEDIUM,negative_contract_many_risky_interactions,train,DAPP::DAppSCAN-source/contracts/PeckShield-ShibaNova/Contracts-b6b1ce1fcaff83d360df8944309f49958842b7b8::ShibaRouter,DAPP,DAppSCAN-source/contracts/PeckShield-ShibaNova/Contracts-b6b1ce1fcaff83d360df8944309f49958842b7b8,ShibaRouter,,0,,,,,,,,,All-negative contract has 14 token-transfer/low-level risky interactions; 0 strong low-level/delegatecall signals.
MEDIUM,negative_contract_many_risky_interactions,train,DAPP::DAppSCAN-source/contracts/Chainsecurity-Angle Protocol/angle-core-46e6d32837cbe97a4af0adb693e63afa0d01fc3e::CollateralSettlerERC20,DAPP,DAppSCAN-source/contracts/Chainsecurity-Angle Protocol/angle-core-46e6d32837cbe97a4af0adb693e63afa0d01fc3e,CollateralSettlerERC20,,0,,,,,,,,,All-negative contract has 5 token-transfer/low-level risky interactions; 0 strong low-level/delegatecall signals.
MEDIUM,negative_contract_many_risky_interactions,train,DAPP::DAppSCAN-source/contracts/Chainsecurity-Angle Protocol/angle-core-46e6d32837cbe97a4af0adb693e63afa0d01fc3e::PerpetualManagerFront,DAPP,DAppSCAN-source/contracts/Chainsecurity-Angle Protocol/angle-core-46e6d32837cbe97a4af0adb693e63afa0d01fc3e,PerpetualManagerFront,,0,,,,,,,,,All-negative contract has 5 token-transfer/low-level risky interactions; 0 strong low-level/delegatecall signals.
MEDIUM,negative_contract_many_risky_interactions,train,DAPP::DAppSCAN-source/contracts/Chainsecurity-Angle Protocol/angle-core-46e6d32837cbe97a4af0adb693e63afa0d01fc3e::StableMasterFront,DAPP,DAppSCAN-source/contracts/Chainsecurity-Angle Protocol/angle-core-46e6d32837cbe97a4af0adb693e63afa0d01fc3e,StableMasterFront,,0,,,,,,,,,All-negative contract has 5 token-transfer/low-level risky interactions; 0 strong low-level/delegatecall signals.
MEDIUM,negative_contract_many_risky_interactions,train,DAPP::DAppSCAN-source/contracts/Chainsecurity-Angle Protocol/angle-core-46e6d32837cbe97a4af0adb693e63afa0d01fc3e::Strategy,DAPP,DAppSCAN-source/contracts/Chainsecurity-Angle Protocol/angle-core-46e6d32837cbe97a4af0adb693e63afa0d01fc3e,Strategy,,0,,,,,,,,,All-negative contract has 5 token-transfer/low-level risky interactions; 0 strong low-level/delegatecall signals.
MEDIUM,negative_contract_many_risky_interactions,train,DAPP::DAppSCAN-source/contracts/PeckShield-DSG/core-6f607f77698936e132e4e9b5cb4d75580636d919::SwapRouter,DAPP,DAppSCAN-source/contracts/PeckShield-DSG/core-6f607f77698936e132e4e9b5cb4d75580636d919,SwapRouter,,0,,,,,,,,,All-negative contract has 18 token-transfer/low-level risky interactions; 1 strong low-level/delegatecall signals.
MEDIUM,negative_contract_many_risky_interactions,train,DAPP::DAppSCAN-source/contracts/PeckShield-DSG/core-6f607f77698936e132e4e9b5cb4d75580636d919::LiquidityPool,DAPP,DAppSCAN-source/contracts/PeckShield-DSG/core-6f607f77698936e132e4e9b5cb4d75580636d919,LiquidityPool,,0,,,,,,,,,All-negative contract has 7 token-transfer/low-level risky interactions; 0 strong low-level/delegatecall signals.
MEDIUM,negative_contract_many_risky_interactions,train,DAPP::DAppSCAN-source/contracts/PeckShield-DSG/core-6f607f77698936e132e4e9b5cb4d75580636d919::NftEarnErc20Pool,DAPP,DAppSCAN-source/contracts/PeckShield-DSG/core-6f607f77698936e132e4e9b5cb4d75580636d919,NftEarnErc20Pool,,0,,,,,,,,,All-negative contract has 9 token-transfer/low-level risky interactions; 0 strong low-level/delegatecall signals.
MEDIUM,negative_contract_many_risky_interactions,train,DAPP::DAppSCAN-source/contracts/PeckShield-DSG/core-6f607f77698936e132e4e9b5cb4d75580636d919::Treasury,DAPP,DAppSCAN-source/contracts/PeckShield-DSG/core-6f607f77698936e132e4e9b5cb4d75580636d919,Treasury,,0,,,,,,,,,All-negative contract has 5 token-transfer/low-level risky interactions; 0 strong low-level/delegatecall signals.
MEDIUM,negative_contract_many_risky_interactions,train,DAPP::DAppSCAN-source/contracts/PeckShield-Hegic(v8888)/Hegic-v8888-2dcd44dc1ae07881e94d52fa618f9704bfd4ffda::HegicStaking,DAPP,DAppSCAN-source/contracts/PeckShield-Hegic(v8888)/Hegic-v8888-2dcd44dc1ae07881e94d52fa618f9704bfd4ffda,HegicStaking,,0,,,,,,,,,All-negative contract has 6 token-transfer/low-level risky interactions; 0 strong low-level/delegatecall signals.
MEDIUM,negative_contract_many_risky_interactions,train,DAPP::DAppSCAN-source/contracts/Chainsecurity-Angle Protocol  Borrowing Module/angle-borrow-0363b6a137a44e22ee06b3187ba74f7798c1af08::BaseReactor,DAPP,DAppSCAN-source/contracts/Chainsecurity-Angle Protocol  Borrowing Module/angle-borrow-0363b6a137a44e22ee06b3187ba74f7798c1af08,BaseReactor,,0,,,,,,,,,All-negative contract has 5 token-transfer/low-level risky interactions; 0 strong low-level/delegatecall signals.
MEDIUM,negative_contract_many_risky_interactions,train,DAPP::DAppSCAN-source/contracts/Chainsecurity-Angle Protocol  Borrowing Module/angle-borrow-0363b6a137a44e22ee06b3187ba74f7798c1af08::Reactor,DAPP,DAppSCAN-source/contracts/Chainsecurity-Angle Protocol  Borrowing Module/angle-borrow-0363b6a137a44e22ee06b3187ba74f7798c1af08,Reactor,,0,,,,,,,,,All-negative contract has 5 token-transfer/low-level risky interactions; 0 strong low-level/delegatecall signals.
MEDIUM,negative_contract_many_risky_interactions,train,DAPP::DAppSCAN-source/contracts/Chainsecurity-Angle Protocol  Borrowing Module/angle-borrow-0363b6a137a44e22ee06b3187ba74f7798c1af08::EulerReactor,DAPP,DAppSCAN-source/contracts/Chainsecurity-Angle Protocol  Borrowing Module/angle-borrow-0363b6a137a44e22ee06b3187ba74f7798c1af08,EulerReactor,,0,,,,,,,,,All-negative contract has 5 token-transfer/low-level risky interactions; 0 strong low-level/delegatecall signals.
MEDIUM,negative_contract_many_risky_interactions,train,DAPP::DAppSCAN-source/contracts/SlowMist-ForTube2.0 Smart Contract Security Audit Report/bond-854527d0ea7ad2ddd3504b4d4ae3fcb57cb6445d::BondData,DAPP,DAppSCAN-source/contracts/SlowMist-ForTube2.0 Smart Contract Security Audit Report/bond-854527d0ea7ad2ddd3504b4d4ae3fcb57cb6445d,BondData,,0,,,,,,,,,All-negative contract has 6 token-transfer/low-level risky interactions; 0 strong low-level/delegatecall signals.
MEDIUM,negative_contract_many_risky_interactions,train,DAPP::DAppSCAN-source/contracts/Trail_of_Bits-FraxFinance/frax-solidity-3f0993a70e3496fd27887db7754d68709c84015e::UniswapV2Router02_Modified,DAPP,DAppSCAN-source/contracts/Trail_of_Bits-FraxFinance/frax-solidity-3f0993a70e3496fd27887db7754d68709c84015e,UniswapV2Router02_Modified,,0,,,,,,,,,All-negative contract has 11 token-transfer/low-level risky interactions; 0 strong low-level/delegatecall signals.
MEDIUM,negative_contract_many_risky_interactions,train,DAPP::DAppSCAN-source/contracts/Trail_of_Bits-FraxFinance/frax-solidity-3f0993a70e3496fd27887db7754d68709c84015e::UniswapV2Router02,DAPP,DAppSCAN-source/contracts/Trail_of_Bits-FraxFinance/frax-solidity-3f0993a70e3496fd27887db7754d68709c84015e,UniswapV2Router02,,0,,,,,,,,,All-negative contract has 14 token-transfer/low-level risky interactions; 0 strong low-level/delegatecall signals.
MEDIUM,negative_contract_many_risky_interactions,train,DAPP::DAppSCAN-source/contracts/Trail_of_Bits-FraxFinance/frax-solidity-3f0993a70e3496fd27887db7754d68709c84015e::StakingRewardsDual,DAPP,DAppSCAN-source/contracts/Trail_of_Bits-FraxFinance/frax-solidity-3f0993a70e3496fd27887db7754d68709c84015e,StakingRewardsDual,,0,,,,,,,,,All-negative contract has 6 token-transfer/low-level risky interactions; 0 strong low-level/delegatecall signals.
MEDIUM,negative_contract_many_risky_interactions,train,DAPP::DAppSCAN-source/contracts/Trail_of_Bits-FraxFinance/frax-solidity-3f0993a70e3496fd27887db7754d68709c84015e::StakingRewardsDualV2,DAPP,DAppSCAN-source/contracts/Trail_of_Bits-FraxFinance/frax-solidity-3f0993a70e3496fd27887db7754d68709c84015e,StakingRewardsDualV2,,0,,,,,,,,,All-negative contract has 6 token-transfer/low-level risky interactions; 0 strong low-level/delegatecall signals.
MEDIUM,negative_contract_many_risky_interactions,train,DAPP::DAppSCAN-source/contracts/Trail_of_Bits-FraxFinance/frax-solidity-3f0993a70e3496fd27887db7754d68709c84015e::StakingRewards,DAPP,DAppSCAN-source/contracts/Trail_of_Bits-FraxFinance/frax-solidity-3f0993a70e3496fd27887db7754d68709c84015e,StakingRewards,,0,,,,,,,,,All-negative contract has 6 token-transfer/low-level risky interactions; 0 strong low-level/delegatecall signals.
MEDIUM,negative_contract_many_risky_interactions,train,DAPP::DAppSCAN-source/contracts/Trail_of_Bits-FraxFinance/frax-solidity-3f0993a70e3496fd27887db7754d68709c84015e::MigratableFarmBSC,DAPP,DAppSCAN-source/contracts/Trail_of_Bits-FraxFinance/frax-solidity-3f0993a70e3496fd27887db7754d68709c84015e,MigratableFarmBSC,,0,,,,,,,,,All-negative contract has 6 token-transfer/low-level risky interactions; 0 strong low-level/delegatecall signals.
MEDIUM,negative_contract_many_risky_interactions,train,DAPP::DAppSCAN-source/contracts/Trail_of_Bits-FraxFinance/frax-solidity-3f0993a70e3496fd27887db7754d68709c84015e::MigratableFarmBSC_FRAX_FXS,DAPP,DAppSCAN-source/contracts/Trail_of_Bits-FraxFinance/frax-solidity-3f0993a70e3496fd27887db7754d68709c84015e,MigratableFarmBSC_FRAX_FXS,,0,,,,,,,,,All-negative contract has 6 token-transfer/low-level risky interactions; 0 strong low-level/delegatecall signals.
MEDIUM,negative_contract_many_risky_interactions,train,DAPP::DAppSCAN-source/contracts/Trail_of_Bits-FraxFinance/frax-solidity-3f0993a70e3496fd27887db7754d68709c84015e::Stake_FRAX_WETH,DAPP,DAppSCAN-source/contracts/Trail_of_Bits-FraxFinance/frax-solidity-3f0993a70e3496fd27887db7754d68709c84015e,Stake_FRAX_WETH,,0,,,,,,,,,All-negative contract has 6 token-transfer/low-level risky interactions; 0 strong low-level/delegatecall signals.
MEDIUM,negative_contract_many_risky_interactions,train,DAPP::DAppSCAN-source/contracts/Trail_of_Bits-FraxFinance/frax-solidity-3f0993a70e3496fd27887db7754d68709c84015e::Stake_FXS_WETH,DAPP,DAppSCAN-source/contracts/Trail_of_Bits-FraxFinance/frax-solidity-3f0993a70e3496fd27887db7754d68709c84015e,Stake_FXS_WETH,,0,,,,,,,,,All-negative contract has 6 token-transfer/low-level risky interactions; 0 strong low-level/delegatecall signals.
MEDIUM,negative_contract_many_risky_interactions,train,DAPP::DAppSCAN-source/contracts/Trail_of_Bits-FraxFinance/frax-solidity-3f0993a70e3496fd27887db7754d68709c84015e::Stake_FRAX_USDC,DAPP,DAppSCAN-source/contracts/Trail_of_Bits-FraxFinance/frax-solidity-3f0993a70e3496fd27887db7754d68709c84015e,Stake_FRAX_USDC,,0,,,,,,,,,All-negative contract has 6 token-transfer/low-level risky interactions; 0 strong low-level/delegatecall signals.
MEDIUM,negative_contract_many_risky_interactions,train,DAPP::DAppSCAN-source/contracts/Trail_of_Bits-FraxFinance/frax-solidity-3f0993a70e3496fd27887db7754d68709c84015e::StakingRewardsDual_FXS_WETH_Sushi,DAPP,DAppSCAN-source/contracts/Trail_of_Bits-FraxFinance/frax-solidity-3f0993a70e3496fd27887db7754d68709c84015e,StakingRewardsDual_FXS_WETH_Sushi,,0,,,,,,,,,All-negative contract has 6 token-transfer/low-level risky interactions; 0 strong low-level/delegatecall signals.
MEDIUM,negative_contract_many_risky_interactions,train,DAPP::DAppSCAN-source/contracts/Trail_of_Bits-FraxFinance/frax-solidity-3f0993a70e3496fd27887db7754d68709c84015e::StakingRewardsDualV2_FRAX3CRV_V2,DAPP,DAppSCAN-source/contracts/Trail_of_Bits-FraxFinance/frax-solidity-3f0993a70e3496fd27887db7754d68709c84015e,StakingRewardsDualV2_FRAX3CRV_V2,,0,,,,,,,,,All-negative contract has 6 token-transfer/low-level risky interactions; 0 strong low-level/delegatecall signals.
MEDIUM,negative_contract_many_risky_interactions,train,DAPP::DAppSCAN-source/contracts/Trail_of_Bits-FraxFinance/frax-solidity-3f0993a70e3496fd27887db7754d68709c84015e::StakingRewardsDual_FRAX3CRV,DAPP,DAppSCAN-source/contracts/Trail_of_Bits-FraxFinance/frax-solidity-3f0993a70e3496fd27887db7754d68709c84015e,StakingRewardsDual_FRAX3CRV,,0,,,,,,,,,All-negative contract has 6 token-transfer/low-level risky interactions; 0 strong low-level/delegatecall signals.
MEDIUM,negative_contract_many_risky_interactions,train,DAPP::DAppSCAN-source/contracts/Trail_of_Bits-FraxFinance/frax-solidity-3f0993a70e3496fd27887db7754d68709c84015e::StakingRewardsDual_FRAX_FXS_Sushi,DAPP,DAppSCAN-source/contracts/Trail_of_Bits-FraxFinance/frax-solidity-3f0993a70e3496fd27887db7754d68709c84015e,StakingRewardsDual_FRAX_FXS_Sushi,,0,,,,,,,,,All-negative contract has 6 token-transfer/low-level risky interactions; 0 strong low-level/delegatecall signals.
MEDIUM,negative_contract_many_risky_interactions,train,DAPP::DAppSCAN-source/contracts/Trail_of_Bits-FraxFinance/frax-solidity-3f0993a70e3496fd27887db7754d68709c84015e::Stake_FRAX_FXS,DAPP,DAppSCAN-source/contracts/Trail_of_Bits-FraxFinance/frax-solidity-3f0993a70e3496fd27887db7754d68709c84015e,Stake_FRAX_FXS,,0,,,,,,,,,All-negative contract has 6 token-transfer/low-level risky interactions; 0 strong low-level/delegatecall signals.
MEDIUM,negative_contract_many_risky_interactions,train,DAPP::DAppSCAN-source/contracts/Trail_of_Bits-FraxFinance/frax-solidity-3f0993a70e3496fd27887db7754d68709c84015e::FraxPoolvAMM,DAPP,DAppSCAN-source/contracts/Trail_of_Bits-FraxFinance/frax-solidity-3f0993a70e3496fd27887db7754d68709c84015e,FraxPoolvAMM,,0,,,,,,,,,All-negative contract has 6 token-transfer/low-level risky interactions; 0 strong low-level/delegatecall signals.
MEDIUM,negative_contract_many_risky_interactions,train,DAPP::DAppSCAN-source/contracts/Trail_of_Bits-FraxFinance/frax-solidity-3f0993a70e3496fd27887db7754d68709c84015e::PoolvAMM_USDC,DAPP,DAppSCAN-source/contracts/Trail_of_Bits-FraxFinance/frax-solidity-3f0993a70e3496fd27887db7754d68709c84015e,PoolvAMM_USDC,,0,,,,,,,,,All-negative contract has 6 token-transfer/low-level risky interactions; 0 strong low-level/delegatecall signals.
MEDIUM,negative_contract_many_risky_interactions,train,DAPP::DAppSCAN-source/contracts/PeckShield-Donut/crossroad-550a8c3c010dc8c1a46ea9191d3841462bd58d82::Crossroad,DAPP,DAppSCAN-source/contracts/PeckShield-Donut/crossroad-550a8c3c010dc8c1a46ea9191d3841462bd58d82,Crossroad,,0,,,,,,,,,All-negative contract has 6 token-transfer/low-level risky interactions; 0 strong low-level/delegatecall signals.
MEDIUM,negative_contract_many_risky_interactions,train,DAPP::DAppSCAN-source/contracts/Inspex-SpookySwap Integration & Fantom Expansion/bsc-alpaca-contract-4553a34a6dcfcfbf7aebc693bb5c5c6074c73129::GrazingRange,DAPP,DAppSCAN-source/contracts/Inspex-SpookySwap Integration & Fantom Expansion/bsc-alpaca-contract-4553a34a6dcfcfbf7aebc693bb5c5c6074c73129,GrazingRange,,0,,,,,,,,,All-negative contract has 5 token-transfer/low-level risky interactions; 0 strong low-level/delegatecall signals.
MEDIUM,negative_contract_many_risky_interactions,train,DAPP::DAppSCAN-source/contracts/Inspex-SpookySwap Integration & Fantom Expansion/bsc-alpaca-contract-4553a34a6dcfcfbf7aebc693bb5c5c6074c73129::FairLaunchV2,DAPP,DAppSCAN-source/contracts/Inspex-SpookySwap Integration & Fantom Expansion/bsc-alpaca-contract-4553a34a6dcfcfbf7aebc693bb5c5c6074c73129,FairLaunchV2,,0,,,,,,,,,All-negative contract has 5 token-transfer/low-level risky interactions; 0 strong low-level/delegatecall signals.
MEDIUM,negative_contract_many_risky_interactions,train,DAPP::DAppSCAN-source/contracts/Inspex-SpookySwap Integration & Fantom Expansion/bsc-alpaca-contract-4553a34a6dcfcfbf7aebc693bb5c5c6074c73129::Vault2,DAPP,DAppSCAN-source/contracts/Inspex-SpookySwap Integration & Fantom Expansion/bsc-alpaca-contract-4553a34a6dcfcfbf7aebc693bb5c5c6074c73129,Vault2,,0,,,,,,,,,All-negative contract has 5 token-transfer/low-level risky interactions; 0 strong low-level/delegatecall signals.
MEDIUM,negative_contract_many_risky_interactions,train,DAPP::DAppSCAN-source/contracts/Inspex-SpookySwap Integration & Fantom Expansion/bsc-alpaca-contract-4553a34a6dcfcfbf7aebc693bb5c5c6074c73129::Vault,DAPP,DAppSCAN-source/contracts/Inspex-SpookySwap Integration & Fantom Expansion/bsc-alpaca-contract-4553a34a6dcfcfbf7aebc693bb5c5c6074c73129,Vault,,0,,,,,,,,,All-negative contract has 6 token-transfer/low-level risky interactions; 1 strong low-level/delegatecall signals.
MEDIUM,negative_contract_many_risky_interactions,train,DAPP::DAppSCAN-source/contracts/Inspex-SpookySwap Integration & Fantom Expansion/bsc-alpaca-contract-4553a34a6dcfcfbf7aebc693bb5c5c6074c73129::CakeMaxiWorker02,DAPP,DAppSCAN-source/contracts/Inspex-SpookySwap Integration & Fantom Expansion/bsc-alpaca-contract-4553a34a6dcfcfbf7aebc693bb5c5c6074c73129,CakeMaxiWorker02,,0,,,,,,,,,All-negative contract has 5 token-transfer/low-level risky interactions; 0 strong low-level/delegatecall signals.
MEDIUM,negative_contract_many_risky_interactions,train,DAPP::DAppSCAN-source/contracts/Inspex-SpookySwap Integration & Fantom Expansion/bsc-alpaca-contract-4553a34a6dcfcfbf7aebc693bb5c5c6074c73129::WaultSwapRouter,DAPP,DAppSCAN-source/contracts/Inspex-SpookySwap Integration & Fantom Expansion/bsc-alpaca-contract-4553a34a6dcfcfbf7aebc693bb5c5c6074c73129,WaultSwapRouter,,0,,,,,,,,,All-negative contract has 14 token-transfer/low-level risky interactions; 0 strong low-level/delegatecall signals.
MEDIUM,negative_contract_many_risky_interactions,train,DAPP::DAppSCAN-source/contracts/Inspex-SpookySwap Integration & Fantom Expansion/bsc-alpaca-contract-4553a34a6dcfcfbf7aebc693bb5c5c6074c73129::PancakeRouterV2,DAPP,DAppSCAN-source/contracts/Inspex-SpookySwap Integration & Fantom Expansion/bsc-alpaca-contract-4553a34a6dcfcfbf7aebc693bb5c5c6074c73129,PancakeRouterV2,,0,,,,,,,,,All-negative contract has 14 token-transfer/low-level risky interactions; 0 strong low-level/delegatecall signals.
MEDIUM,negative_contract_many_risky_interactions,train,DAPP::DAppSCAN-source/contracts/Inspex-SpookySwap Integration & Fantom Expansion/bsc-alpaca-contract-4553a34a6dcfcfbf7aebc693bb5c5c6074c73129::MdexRouter,DAPP,DAppSCAN-source/contracts/Inspex-SpookySwap Integration & Fantom Expansion/bsc-alpaca-contract-4553a34a6dcfcfbf7aebc693bb5c5c6074c73129,MdexRouter,,0,,,,,,,,,All-negative contract has 12 token-transfer/low-level risky interactions; 0 strong low-level/delegatecall signals.
MEDIUM,negative_contract_many_risky_interactions,train,DAPP::DAppSCAN-source/contracts/Inspex-SpookySwap Integration & Fantom Expansion/bsc-alpaca-contract-4553a34a6dcfcfbf7aebc693bb5c5c6074c73129::BSCPool,DAPP,DAppSCAN-source/contracts/Inspex-SpookySwap Integration & Fantom Expansion/bsc-alpaca-contract-4553a34a6dcfcfbf7aebc693bb5c5c6074c73129,BSCPool,,0,,,,,,,,,All-negative contract has 7 token-transfer/low-level risky interactions; 0 strong low-level/delegatecall signals.
MEDIUM,negative_contract_many_risky_interactions,train,DAPP::DAppSCAN-source/contracts/Inspex-SpookySwap Integration & Fantom Expansion/bsc-alpaca-contract-4553a34a6dcfcfbf7aebc693bb5c5c6074c73129::PancakeRouter,DAPP,DAppSCAN-source/contracts/Inspex-SpookySwap Integration & Fantom Expansion/bsc-alpaca-contract-4553a34a6dcfcfbf7aebc693bb5c5c6074c73129,PancakeRouter,,0,,,,,,,,,All-negative contract has 14 token-transfer/low-level risky interactions; 0 strong low-level/delegatecall signals.
MEDIUM,negative_contract_many_risky_interactions,train,DAPP::DAppSCAN-source/contracts/Chainsulting-Furucombo-project2/trevi-b3f7fd332873321152db48c9d43fc23a60a29f1a::JoinPermit,DAPP,DAppSCAN-source/contracts/Chainsulting-Furucombo-project2/trevi-b3f7fd332873321152db48c9d43fc23a60a29f1a,JoinPermit,,0,,,,,,,,,All-negative contract has 5 token-transfer/low-level risky interactions; 0 strong low-level/delegatecall signals.
MEDIUM,negative_contract_many_risky_interactions,train,DAPP::DAppSCAN-source/contracts/Chainsulting-Furucombo-project2/trevi-b3f7fd332873321152db48c9d43fc23a60a29f1a::AngelBase,DAPP,DAppSCAN-source/contracts/Chainsulting-Furucombo-project2/trevi-b3f7fd332873321152db48c9d43fc23a60a29f1a,AngelBase,,0,,,,,,,,,All-negative contract has 5 token-transfer/low-level risky interactions; 0 strong low-level/delegatecall signals.
MEDIUM,negative_contract_many_risky_interactions,train,DAPP::DAppSCAN-source/contracts/Chainsulting-Furucombo-project2/trevi-b3f7fd332873321152db48c9d43fc23a60a29f1a::Angel,DAPP,DAppSCAN-source/contracts/Chainsulting-Furucombo-project2/trevi-b3f7fd332873321152db48c9d43fc23a60a29f1a,Angel,,0,,,,,,,,,All-negative contract has 6 token-transfer/low-level risky interactions; 0 strong low-level/delegatecall signals.
MEDIUM,negative_contract_many_risky_interactions,train,DAPP::DAppSCAN-source/contracts/Chainsulting-Furucombo-project2/trevi-b3f7fd332873321152db48c9d43fc23a60a29f1a::Fountain,DAPP,DAppSCAN-source/contracts/Chainsulting-Furucombo-project2/trevi-b3f7fd332873321152db48c9d43fc23a60a29f1a,Fountain,,0,,,,,,,,,All-negative contract has 7 token-transfer/low-level risky interactions; 0 strong low-level/delegatecall signals.
MEDIUM,negative_contract_many_risky_interactions,train,DAPP::DAppSCAN-source/contracts/Chainsulting-Furucombo-project2/trevi-b3f7fd332873321152db48c9d43fc23a60a29f1a::HarvestPermit,DAPP,DAppSCAN-source/contracts/Chainsulting-Furucombo-project2/trevi-b3f7fd332873321152db48c9d43fc23a60a29f1a,HarvestPermit,,0,,,,,,,,,All-negative contract has 5 token-transfer/low-level risky interactions; 0 strong low-level/delegatecall signals.
MEDIUM,negative_contract_many_risky_interactions,train,DAPP::DAppSCAN-source/contracts/Inspex-AutoCompound/auto-compound-v2-92626a1dcfc55a28afdf4f996d600fe8bbfd6efd::PronteraV2,DAPP,DAppSCAN-source/contracts/Inspex-AutoCompound/auto-compound-v2-92626a1dcfc55a28afdf4f996d600fe8bbfd6efd,PronteraV2,,0,,,,,,,,,All-negative contract has 9 token-transfer/low-level risky interactions; 0 strong low-level/delegatecall signals.
MEDIUM,negative_contract_many_risky_interactions,train,"DAPP::DAppSCAN-source/contracts/Coinfabrik-MintingFactoryV2, BaseUpgradableMarketplace & KODAV3UpgradableGatedMarketplace/known-origin-contracts-v3-d592c5f4fa4e0b6fc65a1fce43e302706aedf607::KODAV3SecondaryMarketplace",DAPP,"DAppSCAN-source/contracts/Coinfabrik-MintingFactoryV2, BaseUpgradableMarketplace & KODAV3UpgradableGatedMarketplace/known-origin-contracts-v3-d592c5f4fa4e0b6fc65a1fce43e302706aedf607",KODAV3SecondaryMarketplace,,0,,,,,,,,,All-negative contract has 2 token-transfer/low-level risky interactions; 1 strong low-level/delegatecall signals.
MEDIUM,negative_contract_many_risky_interactions,train,"DAPP::DAppSCAN-source/contracts/Coinfabrik-MintingFactoryV2, BaseUpgradableMarketplace & KODAV3UpgradableGatedMarketplace/known-origin-contracts-v3-d592c5f4fa4e0b6fc65a1fce43e302706aedf607::KODAV3PrimaryMarketplace",DAPP,"DAppSCAN-source/contracts/Coinfabrik-MintingFactoryV2, BaseUpgradableMarketplace & KODAV3UpgradableGatedMarketplace/known-origin-contracts-v3-d592c5f4fa4e0b6fc65a1fce43e302706aedf607",KODAV3PrimaryMarketplace,,0,,,,,,,,,All-negative contract has 3 token-transfer/low-level risky interactions; 2 strong low-level/delegatecall signals.
MEDIUM,negative_contract_many_risky_interactions,train,"DAPP::DAppSCAN-source/contracts/Coinfabrik-MintingFactoryV2, BaseUpgradableMarketplace & KODAV3UpgradableGatedMarketplace/known-origin-contracts-v3-d592c5f4fa4e0b6fc65a1fce43e302706aedf607::KODAV3UpgradableGatedMarketplace",DAPP,"DAppSCAN-source/contracts/Coinfabrik-MintingFactoryV2, BaseUpgradableMarketplace & KODAV3UpgradableGatedMarketplace/known-origin-contracts-v3-d592c5f4fa4e0b6fc65a1fce43e302706aedf607",KODAV3UpgradableGatedMarketplace,,0,,,,,,,,,All-negative contract has 2 token-transfer/low-level risky interactions; 1 strong low-level/delegatecall signals.
MEDIUM,negative_contract_many_risky_interactions,train,"DAPP::DAppSCAN-source/contracts/Coinfabrik-MintingFactoryV2, BaseUpgradableMarketplace & KODAV3UpgradableGatedMarketplace/known-origin-contracts-v3-d592c5f4fa4e0b6fc65a1fce43e302706aedf607::KODAV3UpgradableCollectorOnlyMarketplace",DAPP,"DAppSCAN-source/contracts/Coinfabrik-MintingFactoryV2, BaseUpgradableMarketplace & KODAV3UpgradableGatedMarketplace/known-origin-contracts-v3-d592c5f4fa4e0b6fc65a1fce43e302706aedf607",KODAV3UpgradableCollectorOnlyMarketplace,,0,,,,,,,,,All-negative contract has 3 token-transfer/low-level risky interactions; 2 strong low-level/delegatecall signals.
MEDIUM,negative_contract_many_risky_interactions,train,"DAPP::DAppSCAN-source/contracts/Coinfabrik-MintingFactoryV2, BaseUpgradableMarketplace & KODAV3UpgradableGatedMarketplace/known-origin-contracts-v3-d592c5f4fa4e0b6fc65a1fce43e302706aedf607::KODAV3GatedMerkleMarketplace",DAPP,"DAppSCAN-source/contracts/Coinfabrik-MintingFactoryV2, BaseUpgradableMarketplace & KODAV3UpgradableGatedMarketplace/known-origin-contracts-v3-d592c5f4fa4e0b6fc65a1fce43e302706aedf607",KODAV3GatedMerkleMarketplace,,0,,,,,,,,,All-negative contract has 2 token-transfer/low-level risky interactions; 1 strong low-level/delegatecall signals.
MEDIUM,negative_contract_many_risky_interactions,train,"DAPP::DAppSCAN-source/contracts/Inspex-StakingPool, Vault, Strategy & VotingEscrow/scientix-contract-main::TransmuterB",DAPP,"DAppSCAN-source/contracts/Inspex-StakingPool, Vault, Strategy & VotingEscrow/scientix-contract-main",TransmuterB,,0,,,,,,,,,All-negative contract has 5 token-transfer/low-level risky interactions; 0 strong low-level/delegatecall signals.
MEDIUM,negative_contract_many_risky_interactions,train,"DAPP::DAppSCAN-source/contracts/Inspex-StakingPool, Vault, Strategy & VotingEscrow/scientix-contract-main::UniswapV2Router02",DAPP,"DAppSCAN-source/contracts/Inspex-StakingPool, Vault, Strategy & VotingEscrow/scientix-contract-main",UniswapV2Router02,,0,,,,,,,,,All-negative contract has 14 token-transfer/low-level risky interactions; 0 strong low-level/delegatecall signals.
MEDIUM,negative_contract_many_risky_interactions,val,FORGE::vfp_00156::DstOFTHandler,FORGE,vfp_00156,DstOFTHandler,,0,,,,,,,,,All-negative contract has 7 token-transfer/low-level risky interactions; 0 strong low-level/delegatecall signals.
MEDIUM,negative_contract_many_risky_interactions,val,FORGE::vfp_00156::SponsoredCCTPDstPeriphery,FORGE,vfp_00156,SponsoredCCTPDstPeriphery,,0,,,,,,,,,All-negative contract has 7 token-transfer/low-level risky interactions; 0 strong low-level/delegatecall signals.
MEDIUM,negative_contract_many_risky_interactions,val,DAPP::DAppSCAN-source/contracts/QuillAudits-AAVE-ParaSwap Adapter/aave-protocol-v2-14e2ab47d95f42ec5ee486f367067e78a7588878::LendingPool,DAPP,DAppSCAN-source/contracts/QuillAudits-AAVE-ParaSwap Adapter/aave-protocol-v2-14e2ab47d95f42ec5ee486f367067e78a7588878,LendingPool,,0,,,,,,,,,All-negative contract has 4 token-transfer/low-level risky interactions; 1 strong low-level/delegatecall signals.
MEDIUM,negative_contract_many_risky_interactions,val,DAPP::DAppSCAN-source/contracts/Solidity_Finance-OKLG - Smart Contract/contracts-e167d0d742d21bcc62d7a5b770a1f0ed1cf31eca::OKLGAtomicSwapInstance,DAPP,DAppSCAN-source/contracts/Solidity_Finance-OKLG - Smart Contract/contracts-e167d0d742d21bcc62d7a5b770a1f0ed1cf31eca,OKLGAtomicSwapInstance,,0,,,,,,,,,All-negative contract has 5 token-transfer/low-level risky interactions; 2 strong low-level/delegatecall signals.
MEDIUM,negative_contract_many_risky_interactions,val,DAPP::DAppSCAN-source/contracts/Solidity_Finance-OKLG - Smart Contract/contracts-e167d0d742d21bcc62d7a5b770a1f0ed1cf31eca::OKLGFaaSToken,DAPP,DAppSCAN-source/contracts/Solidity_Finance-OKLG - Smart Contract/contracts-e167d0d742d21bcc62d7a5b770a1f0ed1cf31eca,OKLGFaaSToken,,0,,,,,,,,,All-negative contract has 5 token-transfer/low-level risky interactions; 0 strong low-level/delegatecall signals.
MEDIUM,negative_contract_many_risky_interactions,val,DAPP::DAppSCAN-source/contracts/consensys-Idle_Finance/idle-tranches-d94ee7194e8cb17db13b16c338f3e780b62f5435::IdleCDOTrancheRewards,DAPP,DAppSCAN-source/contracts/consensys-Idle_Finance/idle-tranches-d94ee7194e8cb17db13b16c338f3e780b62f5435,IdleCDOTrancheRewards,,0,,,,,,,,,All-negative contract has 5 token-transfer/low-level risky interactions; 0 strong low-level/delegatecall signals.
MEDIUM,negative_contract_many_risky_interactions,val,DAPP::DAppSCAN-source/contracts/PeckShield-KaoyaSwap/contracts-8273073f1d6914f372790399378f177573c52e37::Staking,DAPP,DAppSCAN-source/contracts/PeckShield-KaoyaSwap/contracts-8273073f1d6914f372790399378f177573c52e37,Staking,,0,,,,,,,,,All-negative contract has 5 token-transfer/low-level risky interactions; 0 strong low-level/delegatecall signals.
MEDIUM,negative_contract_many_risky_interactions,val,DAPP::DAppSCAN-source/contracts/PeckShield-KaoyaSwap/contracts-8273073f1d6914f372790399378f177573c52e37::UniswapV2Router02,DAPP,DAppSCAN-source/contracts/PeckShield-KaoyaSwap/contracts-8273073f1d6914f372790399378f177573c52e37,UniswapV2Router02,,0,,,,,,,,,All-negative contract has 7 token-transfer/low-level risky interactions; 0 strong low-level/delegatecall signals.
MEDIUM,negative_contract_many_risky_interactions,test,FORGE::vfp_00001::AutonomousAgentDeployer,FORGE,vfp_00001,AutonomousAgentDeployer,,0,,,,,,,,,All-negative contract has 7 token-transfer/low-level risky interactions; 1 strong low-level/delegatecall signals.
MEDIUM,negative_contract_many_risky_interactions,test,DAPP::DAppSCAN-source/contracts/PeckShield-BNPL/BNPL-0ee587a081668dcab166a3a275b8a6c4794ead4d::BNPLRewardsController,DAPP,DAppSCAN-source/contracts/PeckShield-BNPL/BNPL-0ee587a081668dcab166a3a275b8a6c4794ead4d,BNPLRewardsController,,0,,,,,,,,,All-negative contract has 5 token-transfer/low-level risky interactions; 0 strong low-level/delegatecall signals.
MEDIUM,negative_contract_many_risky_interactions,test,DAPP::DAppSCAN-source/contracts/Trail_of_Bits-Liquity/dev-f0df3efa5a5f05b205752184cfce107c5bd6e06c::StabilityPool,DAPP,DAppSCAN-source/contracts/Trail_of_Bits-Liquity/dev-f0df3efa5a5f05b205752184cfce107c5bd6e06c,StabilityPool,,0,,,,,,,,,All-negative contract has 1 token-transfer/low-level risky interactions; 1 strong low-level/delegatecall signals.
