review_priority,contract_id,source_path,function_name,source_span,predicted_score,current_label,vulnerability_type,risk_evidence,safety_protection_evidence,detected_safety_features,external_call_line,state_update_line,modifier_guard_evidence,code_snippet,interaction_id,suggested_category,category,evidence,safety_feature_count
top50_highest_score|top50_weak_or_no_safety,DAPP::DAppSCAN-source/contracts/Hacken-The Next War/Contracts-334fe81ea7282ac4f768de077c37a7932c0302de::Distribution,DAppSCAN-source/contracts/Hacken-The Next War/Contracts-334fe81ea7282ac4f768de077c37a7932c0302de/contracts/Distribution.sol,claim,DAppSCAN-source/contracts/Hacken-The Next War/Contracts-334fe81ea7282ac4f768de077c37a7932c0302de/contracts/Distribution.sol#L109-L147,0.986448525385967,0,,external call plus guard/modifier/state-update signal,require_assert_guard_before_call|callee_user_controlled|contract_inheritance_modifier_summary,require_assert_guard_before_call|callee_user_controlled|contract_inheritance_modifier_summary,"L36: tngToken.transfer(_msgSender(), tokenQuantity);",L2: Account storage userAccount = accounts[_msgSender()];,"L4: require(tokenAllocation > 0, ""Nothing to claim"");","31: \n32:         //For tracking\n33:         totalPendingVestingToken = totalPendingVestingToken.sub(tokenQuantity);\n34: \n35:         //Release token\n36:         tngToken.transfer(_msgSender(), tokenQuantity);\n37: \n38:         emit Claimed(_msgSender(), tokenQuantity);\n39:     }",i:claim,ambiguous,protected reentrancy-like pattern,external call plus guard/modifier/state-update signal,3
top50_highest_score,DAPP::DAppSCAN-source/contracts/PeckShield-BabySwap/code::HoldStake,DAppSCAN-source/contracts/PeckShield-BabySwap/code/baby-swap-contract-cac289bf978d969c95721c2adb9f199cee72ffa6/contracts/farm/HoldStake.sol,addPool,DAppSCAN-source/contracts/PeckShield-BabySwap/code/baby-swap-contract-cac289bf978d969c95721c2adb9f199cee72ffa6/contracts/farm/HoldStake.sol#L83-L99,0.9826690809161039,0,,external call plus guard/modifier/state-update signal,state_update_after_external_call|require_assert_guard_before_call|only_owner_or_access_control|callee_user_controlled|contract_modifier_access_summary|contract_inheritance_modifier_summary|access_control_signal,state_update_after_external_call|require_assert_guard_before_call|only_owner_or_access_control|callee_user_controlled|contract_modifier_access_summary|contract_inheritance_modifier_summary,,L9: pid++;,"L7: require(address(token) != address(0), ""Hold: Token address is zero""); | function addPool(
        IERC20 token,
        uint256 hardcap,
        uint256 preUserHardcap,
        uint256 apy
    ) external onlyOwner","1: function addPool(\n2:         IERC20 token,\n3:         uint256 hardcap,\n4:         uint256 preUserHardcap,\n5:         uint256 apy\n6:     ) external onlyOwner {\n7:         require(address(token) != address(0), ""Hold: Token address is zero"");\n8:         token.balanceOf(address(this)); //Check ERC20\n9:         pid++;\n10:         HoldPool storage holdPool = holdPools[pid];\n11:         holdPool.apy = apy;\n12:         holdPool.token = token;\n13:         holdPool.hardcap = hardcap;\n14:         holdPool.preUserHardcap = preUserHardcap;",i:addPool,ambiguous,protected reentrancy-like pattern,external call plus guard/modifier/state-update signal,6
top50_highest_score,DAPP::DAppSCAN-source/contracts/openzeppelin-Solo_Margin_Protocol/solo-17df84db351d5438e1b7437572722b4f52c8b2b4::PayableProxyForSoloMargin,DAppSCAN-source/contracts/openzeppelin-Solo_Margin_Protocol/solo-17df84db351d5438e1b7437572722b4f52c8b2b4/contracts/external/proxies/PayableProxyForSoloMargin.sol,operate,DAppSCAN-source/contracts/openzeppelin-Solo_Margin_Protocol/solo-17df84db351d5438e1b7437572722b4f52c8b2b4/contracts/external/proxies/PayableProxyForSoloMargin.sol#L77-L124,0.9826424245645164,0,,external call plus guard/modifier/state-update signal,nonreentrant_modifier|callee_user_controlled|trusted_or_fixed_callee|contract_modifier_access_summary,nonreentrant_modifier|callee_user_controlled|trusted_or_fixed_callee|contract_modifier_access_summary,L46: msg.sender.transfer(remainingWeth);,L15: for (uint256 i = 0; i < args.length; i++) {,nonReentrant/modifier,41: \n42:         // return all remaining WETH to the msg.sender as ETH\n43:         uint256 remainingWeth = WETH.balanceOf(address(this));\n44:         if (remainingWeth != 0) {\n45:             WETH.withdraw(remainingWeth);\n46:             msg.sender.transfer(remainingWeth);\n47:         }\n48:     },i:operate,protected_negative,protected reentrancy-like pattern,external call plus guard/modifier/state-update signal,4
top50_highest_score,DAPP::DAppSCAN-source/contracts/PeckShield-StackerVC/StackerVC_VentureFund001-3cfb98b21f4731dfd62993feb7c7d1540837f59b::GaugeD1,DAppSCAN-source/contracts/PeckShield-StackerVC/StackerVC_VentureFund001-3cfb98b21f4731dfd62993feb7c7d1540837f59b/contracts/Token/GaugeD1.sol,deposit,DAppSCAN-source/contracts/PeckShield-StackerVC/StackerVC_VentureFund001-3cfb98b21f4731dfd62993feb7c7d1540837f59b/contracts/Token/GaugeD1.sol#L99-L127,0.9823820231697554,0,,external call plus guard/modifier/state-update signal,require_assert_guard_before_call|nonreentrant_modifier|trusted_or_fixed_callee|safe_erc20_wrapper|contract_modifier_access_summary|contract_inheritance_modifier_summary,require_assert_guard_before_call|nonreentrant_modifier|trusted_or_fixed_callee|safe_erc20_wrapper|contract_modifier_access_summary|contract_inheritance_modifier_summary,"L24: IERC20(acceptToken).transfer(vcHolding, _amountCommitHard);",L9: uint256 _acceptTokenAmount = _amountCommitSoft.add(_amountCommitHard);,"nonReentrant/modifier | L2: require(block.number <= endBlock, ""GAUGE: distribution 1 over"");","6:     	_claimSTACK(_creditTo); // new deposit doesn't get tokens right away\n7: \n8:     	// transfer tokens from sender to account\n9:     	uint256 _acceptTokenAmount = _amountCommitSoft.add(_amountCommitHard);\n10:     	if (_acceptTokenAmount > 0){\n11:     		IERC20(acceptToken).safeTransferFrom(msg.sender, address(this), _acceptTokenAmount);\n12:     	}\n13: \n14:     	CommitState memory _state = balances[_creditTo];\n15:     	// no need to update _state.tokensAccrued because that's already done in _claimSTACK\n16:     	if (_amountCommitSoft > 0){\n17:     		_state.balanceCommitSoft = _state.balanceCommitSoft.add(_amountCommitSoft);\n18: 			depositedCommitSoft = depositedCommitSoft.add(_amountCommitSoft);\n19:     	}",i:deposit,protected_negative,protected reentrancy-like pattern,external call plus guard/modifier/state-update signal,6
top50_highest_score|top50_weak_or_no_safety,DAPP::DAppSCAN-source/contracts/Coinspect-Incognito Audit/bridge-eth-4879219669a38d601265582f815596b6775855b6::IncognitoProxy,DAppSCAN-source/contracts/Coinspect-Incognito Audit/bridge-eth-4879219669a38d601265582f815596b6775855b6/bridge/contracts/incognito_proxy.sol,swapBridgeCommittee,DAppSCAN-source/contracts/Coinspect-Incognito Audit/bridge-eth-4879219669a38d601265582f815596b6775855b6/bridge/contracts/incognito_proxy.sol#L87-L145,0.980475517489832,0,,external call plus guard/modifier/state-update signal,require_assert_guard_before_call,require_assert_guard_before_call,,L12: bytes32 instHash = keccak256(inst);,L15: require(instructionApproved(,"1: function swapBridgeCommittee(\n2:         bytes memory inst,\n3:         bytes32[][2] memory instPaths,\n4:         bool[][2] memory instPathIsLefts,\n5:         bytes32[2] memory instRoots,\n6:         bytes32[2] memory blkData,\n7:         uint[][2] memory sigIdxs,\n8:         uint8[][2] memory sigVs,\n9:         bytes32[][2] memory sigRs,\n10:         bytes32[][2] memory sigSs\n11:     ) public isNotPaused {\n12:         bytes32 instHash = keccak256(inst);\n13: \n14:         // Verify instruction on beacon",i:swapBridgeCommittee,ambiguous,protected reentrancy-like pattern,external call plus guard/modifier/state-update signal,1
top50_highest_score,DAPP::DAppSCAN-source/contracts/Inspex-AutoCompound/auto-compound-v2-92626a1dcfc55a28afdf4f996d600fe8bbfd6efd::Emperium,DAppSCAN-source/contracts/Inspex-AutoCompound/auto-compound-v2-92626a1dcfc55a28afdf4f996d600fe8bbfd6efd/Emperium.sol,add,DAppSCAN-source/contracts/Inspex-AutoCompound/auto-compound-v2-92626a1dcfc55a28afdf4f996d600fe8bbfd6efd/Emperium.sol#L686-L696,0.9798872694101567,0,,external call plus guard/modifier/state-update signal,state_update_before_external_call|require_assert_guard_before_call|only_owner_or_access_control|contract_modifier_access_summary|access_control_signal,state_update_before_external_call|require_assert_guard_before_call|only_owner_or_access_control|contract_modifier_access_summary,,L5: isTokenInPool[token] = true;,"L2: require(!isTokenInPool[token], ""duplicated""); | function add(IERC20 token, uint64 allocPoint) external onlyOwner","1: function add(IERC20 token, uint64 allocPoint) external onlyOwner {\n2:         require(!isTokenInPool[token], ""duplicated"");\n3:         massUpdatePools();\n4: \n5:         isTokenInPool[token] = true;\n6:         totalAllocPoint += allocPoint;\n7:         poolInfo.push(\n8:             PoolInfo({token: token, allocPoint: allocPoint, lastRewardTime: uint64(block.timestamp), accKSWPerShare: 0})\n9:         );\n10:         emit AddPool(poolInfo.length - 1, token, allocPoint);\n11:     }",i:add,ambiguous,protected reentrancy-like pattern,external call plus guard/modifier/state-update signal,4
top50_highest_score,DAPP::DAppSCAN-source/contracts/Runtime_Vеrification-stakefish_ethereum_staking_audit_report/eth2-validation-services-contract-d91928f3a270f6115831fe3a21a69eb98bf57b26::StakefishServicesContract,DAppSCAN-source/contracts/Runtime_Vеrification-stakefish_ethereum_staking_audit_report/eth2-validation-services-contract-d91928f3a270f6115831fe3a21a69eb98bf57b26/contracts/StakefishServicesContract.sol,createValidator,DAppSCAN-source/contracts/Runtime_Vеrification-stakefish_ethereum_staking_audit_report/eth2-validation-services-contract-d91928f3a270f6115831fe3a21a69eb98bf57b26/contracts/StakefishServicesContract.sol#L106-L142,0.9734371169176306,0,,external call plus guard/modifier/state-update signal,state_update_before_external_call|require_assert_guard_before_call|only_owner_or_access_control|contract_modifier_access_summary|contract_inheritance_modifier_summary|access_control_signal,state_update_before_external_call|require_assert_guard_before_call|only_owner_or_access_control|contract_modifier_access_summary|contract_inheritance_modifier_summary,,L13: _state = State.PostDeposit;,"L12: require(_state == State.PreDeposit, ""Validator has been created""); | function createValidator(
        bytes calldata validatorPubKey, // 48 bytes
        bytes calldata depositSignature, // 96 bytes
        bytes32 depositDataRoot,
        uint64 exitDate
    )
        external
        override
        onlyOperator","1: function createValidator(\n2:         bytes calldata validatorPubKey, // 48 bytes\n3:         bytes calldata depositSignature, // 96 bytes\n4:         bytes32 depositDataRoot,\n5:         uint64 exitDate\n6:     )\n7:         external\n8:         override\n9:         onlyOperator\n10:     {\n11: \n12:         require(_state == State.PreDeposit, ""Validator has been created"");\n13:         _state = State.PostDeposit;\n14: ",i:createValidator,ambiguous,protected reentrancy-like pattern,external call plus guard/modifier/state-update signal,5
top50_highest_score,DAPP::DAppSCAN-source/contracts/PeckShield-Buffer/code::BufferBNBPool,DAppSCAN-source/contracts/PeckShield-Buffer/code/Buffer-Protocol-1c648bb35feca23bc801ce76aba63ca66af5917e/contracts/Pool/BufferBNBPool.sol,send,DAppSCAN-source/contracts/PeckShield-Buffer/code/Buffer-Protocol-1c648bb35feca23bc801ce76aba63ca66af5917e/contracts/Pool/BufferBNBPool.sol#L173-L196,0.9729928102876043,0,,external call plus guard/modifier/state-update signal,state_update_before_external_call|require_assert_guard_before_call|only_owner_or_access_control|callee_user_controlled|contract_modifier_access_summary|contract_inheritance_modifier_summary|access_control_signal,state_update_before_external_call|require_assert_guard_before_call|only_owner_or_access_control|callee_user_controlled|contract_modifier_access_summary|contract_inheritance_modifier_summary,L19: to.transfer(transferAmount);,L10: LockedLiquidity storage ll = lockedLiquidity[msg.sender][id];,"L6: require( | function send(
        uint256 id,
        address payable to,
        uint256 amount
    ) external override","14:         ll.locked = false;\n15:         lockedPremium = lockedPremium - ll.premium;\n16:         lockedAmount = lockedAmount - ll.amount;\n17: \n18:         uint256 transferAmount = amount > ll.amount ? ll.amount : amount;\n19:         to.transfer(transferAmount);\n20: \n21:         if (transferAmount <= ll.premium)\n22:             emit Profit(id, ll.premium - transferAmount);\n23:         else emit Loss(id, transferAmount - ll.premium);\n24:     }",i:send,ambiguous,protected reentrancy-like pattern,external call plus guard/modifier/state-update signal,6
top50_highest_score,DAPP::DAppSCAN-source/contracts/PeckShield-StackerVC/StackerVC_VentureFund001-3cfb98b21f4731dfd62993feb7c7d1540837f59b::VCTreasuryV1,DAppSCAN-source/contracts/PeckShield-StackerVC/StackerVC_VentureFund001-3cfb98b21f4731dfd62993feb7c7d1540837f59b/contracts/Treasury/VCTreasuryV1.sol,investExecute,DAppSCAN-source/contracts/PeckShield-StackerVC/StackerVC_VentureFund001-3cfb98b21f4731dfd62993feb7c7d1540837f59b/contracts/Treasury/VCTreasuryV1.sol#L225-L249,0.9728160250018606,0,,external call plus guard/modifier/state-update signal,state_update_before_external_call|require_assert_guard_before_call|nonreentrant_modifier|trusted_or_fixed_callee|safe_erc20_wrapper|contract_modifier_access_summary|contract_inheritance_modifier_summary,state_update_before_external_call|require_assert_guard_before_call|nonreentrant_modifier|trusted_or_fixed_callee|safe_erc20_wrapper|contract_modifier_access_summary|contract_inheritance_modifier_summary,L24: msg.sender.transfer(_buy.ethOut); // send the ETH out,L5: BuyProposal memory _buy = currentBuyProposal;,"nonReentrant/modifier | L3: require(currentState == FundStates.active, ""TREASURYV1: !FundStates.active"");","11: \n12: 		BuyProposal memory _reset;\n13: 		currentBuyProposal = _reset; // set investment proposal to a blank proposal, re-entrancy guard\n14: \n15: 		uint256 _before = IERC20(_buy.tokenAccept).balanceOf(address(this));\n16: 		IERC20(_buy.tokenAccept).safeTransferFrom(msg.sender, address(this), _amount);\n17: 		uint256 _after = IERC20(_buy.tokenAccept).balanceOf(address(this));\n18: 		require(_after.sub(_before) >= _buy.amountInMin, ""TREASURYV1: received < amountInMin""); // check again to verify received amount was correct\n19: \n20: 		boughtTokens[_buy.tokenAccept] = true;\n21: \n22: 		InvestmentExecuted(_buy.buyId, _buy.tokenAccept, _amount, _buy.ethOut, msg.sender, block.timestamp);\n23: \n24: 		msg.sender.transfer(_buy.ethOut); // send the ETH out",i:investExecute,protected_negative,protected reentrancy-like pattern,external call plus guard/modifier/state-update signal,7
top50_highest_score,FORGE::vfp_00122::TroveManager,TroveManager.sol,_updateSystemSnapshots_excludeCollRemainder,TroveManager.sol#L1062-L1068,0.9723386897386972,0,,external call plus guard/modifier/state-update signal,state_update_before_external_call|state_update_after_external_call|callee_user_controlled|contract_many_risky_interactions|contract_inheritance_modifier_summary,state_update_before_external_call|state_update_after_external_call|callee_user_controlled|contract_many_risky_interactions|contract_inheritance_modifier_summary,,L2: totalStakesSnapshot = totalStakes;,,"1: function _updateSystemSnapshots_excludeCollRemainder(IActivePool _activePool, uint256 _collRemainder) internal {\n2:         totalStakesSnapshot = totalStakes;\n3: \n4:         uint256 activeColl = _activePool.getCollBalance();\n5:         uint256 liquidatedColl = defaultPool.getCollBalance();\n6:         totalCollateralSnapshot = activeColl - _collRemainder + liquidatedColl;\n7:     }",i:_updateSystemSnapshots_excludeCollRemainder,ambiguous,protected reentrancy-like pattern,external call plus guard/modifier/state-update signal,5
top50_highest_score,DAPP::DAppSCAN-source/contracts/PeckShield-BabySwap/code::IDO,DAppSCAN-source/contracts/PeckShield-BabySwap/code/baby-swap-contract-cac289bf978d969c95721c2adb9f199cee72ffa6/contracts/ido/IDO.sol,createIDO,DAppSCAN-source/contracts/PeckShield-BabySwap/code/baby-swap-contract-cac289bf978d969c95721c2adb9f199cee72ffa6/contracts/ido/IDO.sol#L181-L226,0.9721695135807521,0,,external call plus guard/modifier/state-update signal,state_update_before_external_call|require_assert_guard_before_call|only_owner_or_access_control|callee_user_controlled|safe_erc20_wrapper|contract_modifier_access_summary|contract_inheritance_modifier_summary|access_control_signal,state_update_before_external_call|require_assert_guard_before_call|only_owner_or_access_control|callee_user_controlled|safe_erc20_wrapper|contract_modifier_access_summary|contract_inheritance_modifier_summary,"L35: idoToken.safeTransferFrom(msg.sender, address(this), idoTotal);",L24: IDOIssue = IDOIssue.add(1);,"L10: require( | function createIDO(
        IBEP20 idoToken,
        IBEP20 receiveToken,
        uint256 price,
        uint256 idoTotal,
        uint256 maxLimit,
        uint256 startTime,
        uint256 duration
    ) external onlyOwner","30:         ido.maxLimit = maxLimit;\n31:         ido.idoTotal = idoTotal;\n32:         ido.startTime = startTime;\n33:         ido.duration = duration;\n34: \n35:         idoToken.safeTransferFrom(msg.sender, address(this), idoTotal);\n36:         emit IDOCreate(\n37:             IDOIssue,\n38:             address(idoToken),\n39:             address(receiveToken),\n40:             price,\n41:             maxLimit,\n42:             idoTotal,\n43:             startTime,",i:createIDO,protected_negative,protected reentrancy-like pattern,external call plus guard/modifier/state-update signal,7
top50_highest_score|top50_weak_or_no_safety,DAPP::DAppSCAN-source/contracts/Trail_of_Bits-88mph/88mph-contracts-76cd9d1fc45e65f5d0f686621fe6af85c40aa140::ERC1155DividendToken,DAppSCAN-source/contracts/Trail_of_Bits-88mph/88mph-contracts-76cd9d1fc45e65f5d0f686621fe6af85c40aa140/contracts/libs/ERC1155DividendToken.sol,_distributeDividends,DAppSCAN-source/contracts/Trail_of_Bits-88mph/88mph-contracts-76cd9d1fc45e65f5d0f686621fe6af85c40aa140/contracts/libs/ERC1155DividendToken.sol#L192-L220,0.9718086695576891,0,,external call plus guard/modifier/state-update signal,require_assert_guard_before_call|trusted_or_fixed_callee|safe_erc20_wrapper,require_assert_guard_before_call|trusted_or_fixed_callee|safe_erc20_wrapper,L22: IERC20(dividendToken).safeTransferFrom(,L6: uint256 tokenTotalSupply = totalSupply(tokenID);,L7: require(tokenTotalSupply > 0);,"17: \n18:         data.magnifiedDividendPerShare[tokenID] +=\n19:             (amount * magnitude) /\n20:             tokenTotalSupply;\n21: \n22:         IERC20(dividendToken).safeTransferFrom(\n23:             msg.sender,\n24:             address(this),\n25:             amount\n26:         );\n27: \n28:         emit DividendsDistributed(tokenID, msg.sender, dividendToken, amount);\n29:     }",i:_distributeDividends,protected_negative,protected reentrancy-like pattern,external call plus guard/modifier/state-update signal,3
top50_highest_score,DAPP::DAppSCAN-source/contracts/PeckShield-DSG/core-6f607f77698936e132e4e9b5cb4d75580636d919::DepositPool,DAppSCAN-source/contracts/PeckShield-DSG/core-6f607f77698936e132e4e9b5cb4d75580636d919/contracts/pools/DepositPool.sol,withdraw,DAppSCAN-source/contracts/PeckShield-DSG/core-6f607f77698936e132e4e9b5cb4d75580636d919/contracts/pools/DepositPool.sol#L242-L260,0.9705888365967381,0,,external call plus guard/modifier/state-update signal,require_assert_guard_before_call|callee_user_controlled|trusted_or_fixed_callee|safe_erc20_wrapper|contract_many_risky_interactions|contract_modifier_access_summary|contract_inheritance_modifier_summary,require_assert_guard_before_call|callee_user_controlled|trusted_or_fixed_callee|safe_erc20_wrapper|contract_many_risky_interactions|contract_modifier_access_summary|contract_inheritance_modifier_summary,"L15: ERC20(pool.token).safeTransfer(tx.origin, _amount);",L2: PoolInfo storage pool = poolInfo[_pid];,"L4: require(user.amount >= _amount, ""DepositPool: withdraw: not good"");","10:             pool.allocRewardAmount = pool.allocRewardAmount.sub(pendingAmount);\n11:         }\n12:         if (_amount > 0) {\n13:             user.amount = user.amount.sub(_amount);\n14:             pool.totalAmount = pool.totalAmount.sub(_amount);\n15:             ERC20(pool.token).safeTransfer(tx.origin, _amount);\n16:         }\n17:         user.rewardDebt = user.amount.mul(pool.accRewardPerShare).div(1e12);\n18:         emit Withdraw(tx.origin, _pid, _amount);\n19:     }",i:withdraw,protected_negative,protected reentrancy-like pattern,external call plus guard/modifier/state-update signal,7
top50_highest_score,DAPP::DAppSCAN-source/contracts/QuillAudits-BCUBE Smart Contract/b-cube-ico-13f9f8a991a65f3e0ca60a2078121fdd5a921fb0::NewSaleTreasury,DAppSCAN-source/contracts/QuillAudits-BCUBE Smart Contract/b-cube-ico-13f9f8a991a65f3e0ca60a2078121fdd5a921fb0/contracts/NewSaleTreasury.sol,shareWithdraw,DAppSCAN-source/contracts/QuillAudits-BCUBE Smart Contract/b-cube-ico-13f9f8a991a65f3e0ca60a2078121fdd5a921fb0/contracts/NewSaleTreasury.sol#L120-L146,0.9704820067673641,0,,external call plus guard/modifier/state-update signal,require_assert_guard_before_call|nonreentrant_modifier|callee_user_controlled|safe_erc20_wrapper|contract_modifier_access_summary,require_assert_guard_before_call|nonreentrant_modifier|callee_user_controlled|safe_erc20_wrapper|contract_modifier_access_summary,"L25: token.safeTransfer(_msgSender(), bcubeAmount);","L11: uint256 allowance = calcAllowance(_msgSender(), now);",nonReentrant/modifier | L6: require(,"20:             finalWithdrawn <=\n21:                 bcubeAllocationRegistry[_msgSender()].currentAllowance,\n22:             ""Insufficient allowance""\n23:         );\n24:         bcubeAllocationRegistry[_msgSender()].shareWithdrawn = finalWithdrawn;\n25:         token.safeTransfer(_msgSender(), bcubeAmount);\n26:         emit LogPublicSaleShareWithdrawn(_msgSender(), bcubeAmount);\n27:     }",i:shareWithdraw,protected_negative,protected reentrancy-like pattern,external call plus guard/modifier/state-update signal,5
top50_highest_score,DAPP::DAppSCAN-source/contracts/Inspex-SpookySwap Integration & Fantom Expansion/bsc-alpaca-contract-4553a34a6dcfcfbf7aebc693bb5c5c6074c73129::SwapMining,DAppSCAN-source/contracts/Inspex-SpookySwap Integration & Fantom Expansion/bsc-alpaca-contract-4553a34a6dcfcfbf7aebc693bb5c5c6074c73129/contracts/6/protocol/apis/mdex/SwapMining.sol,addPair,DAppSCAN-source/contracts/Inspex-SpookySwap Integration & Fantom Expansion/bsc-alpaca-contract-4553a34a6dcfcfbf7aebc693bb5c5c6074c73129/contracts/6/protocol/apis/mdex/SwapMining.sol#L76-L98,0.9696182582280936,0,,external call plus guard/modifier/state-update signal,state_update_before_external_call|require_assert_guard_before_call|only_owner_or_access_control|contract_modifier_access_summary|contract_inheritance_modifier_summary|access_control_signal,state_update_before_external_call|require_assert_guard_before_call|only_owner_or_access_control|contract_modifier_access_summary|contract_inheritance_modifier_summary,,L10: uint256 lastRewardBlock = block.number > startBlock ? block.number : startBlock;,"L6: require(_pair != address(0), ""_pair is the zero address""); | function addPair(
    uint256 _allocPoint,
    address _pair,
    bool _withUpdate
  ) public onlyOwner","1: function addPair(\n2:     uint256 _allocPoint,\n3:     address _pair,\n4:     bool _withUpdate\n5:   ) public onlyOwner {\n6:     require(_pair != address(0), ""_pair is the zero address"");\n7:     if (_withUpdate) {\n8:       massMintPools();\n9:     }\n10:     uint256 lastRewardBlock = block.number > startBlock ? block.number : startBlock;\n11:     totalAllocPoint = totalAllocPoint.add(_allocPoint);\n12:     poolInfo.push(\n13:       PoolInfo({\n14:         pair: _pair,",i:addPair,ambiguous,protected reentrancy-like pattern,external call plus guard/modifier/state-update signal,5
top50_highest_score,DAPP::DAppSCAN-source/contracts/Chainsecurity-Angle Protocol  Borrowing Module/angle-borrow-0363b6a137a44e22ee06b3187ba74f7798c1af08::BaseReactor,DAppSCAN-source/contracts/Chainsecurity-Angle Protocol  Borrowing Module/angle-borrow-0363b6a137a44e22ee06b3187ba74f7798c1af08/contracts/reactor/BaseReactor.sol,recoverERC20,DAppSCAN-source/contracts/Chainsecurity-Angle Protocol  Borrowing Module/angle-borrow-0363b6a137a44e22ee06b3187ba74f7798c1af08/contracts/reactor/BaseReactor.sol#L579-L587,0.9677991085253339,0,,external call plus guard/modifier/state-update signal,require_assert_guard_before_call|only_owner_or_access_control|trusted_or_fixed_callee|safe_erc20_wrapper|contract_modifier_access_summary|contract_inheritance_modifier_summary|access_control_signal,require_assert_guard_before_call|only_owner_or_access_control|trusted_or_fixed_callee|safe_erc20_wrapper|contract_modifier_access_summary|contract_inheritance_modifier_summary,"L7: IERC20(tokenAddress).safeTransfer(to, amountToRecover);",,"L6: if (tokenAddress == address(stablecoin)) revert InvalidToken(); | function recoverERC20(
        address tokenAddress,
        address to,
        uint256 amountToRecover
    ) external onlyGovernor","2:         address tokenAddress,\n3:         address to,\n4:         uint256 amountToRecover\n5:     ) external onlyGovernor {\n6:         if (tokenAddress == address(stablecoin)) revert InvalidToken();\n7:         IERC20(tokenAddress).safeTransfer(to, amountToRecover);\n8:         emit Recovered(tokenAddress, to, amountToRecover);\n9:     }",i:recoverERC20,protected_negative,protected reentrancy-like pattern,external call plus guard/modifier/state-update signal,6
top50_highest_score,DAPP::DAppSCAN-source/contracts/Chainsecurity-Angle Protocol  Borrowing Module/angle-borrow-0363b6a137a44e22ee06b3187ba74f7798c1af08::Reactor,DAppSCAN-source/contracts/Chainsecurity-Angle Protocol  Borrowing Module/angle-borrow-0363b6a137a44e22ee06b3187ba74f7798c1af08/contracts/reactor/BaseReactor.sol,recoverERC20,DAppSCAN-source/contracts/Chainsecurity-Angle Protocol  Borrowing Module/angle-borrow-0363b6a137a44e22ee06b3187ba74f7798c1af08/contracts/reactor/BaseReactor.sol#L579-L587,0.9677985512650337,0,,external call plus guard/modifier/state-update signal,require_assert_guard_before_call|only_owner_or_access_control|trusted_or_fixed_callee|safe_erc20_wrapper|contract_modifier_access_summary|contract_inheritance_modifier_summary|access_control_signal,require_assert_guard_before_call|only_owner_or_access_control|trusted_or_fixed_callee|safe_erc20_wrapper|contract_modifier_access_summary|contract_inheritance_modifier_summary,"L7: IERC20(tokenAddress).safeTransfer(to, amountToRecover);",,"L6: if (tokenAddress == address(stablecoin)) revert InvalidToken(); | function recoverERC20(
        address tokenAddress,
        address to,
        uint256 amountToRecover
    ) external onlyGovernor","2:         address tokenAddress,\n3:         address to,\n4:         uint256 amountToRecover\n5:     ) external onlyGovernor {\n6:         if (tokenAddress == address(stablecoin)) revert InvalidToken();\n7:         IERC20(tokenAddress).safeTransfer(to, amountToRecover);\n8:         emit Recovered(tokenAddress, to, amountToRecover);\n9:     }",i:recoverERC20,protected_negative,protected reentrancy-like pattern,external call plus guard/modifier/state-update signal,6
top50_highest_score,DAPP::DAppSCAN-source/contracts/PeckShield-DSG/core-6f607f77698936e132e4e9b5cb4d75580636d919::LiquidityPool,DAppSCAN-source/contracts/PeckShield-DSG/core-6f607f77698936e132e4e9b5cb4d75580636d919/contracts/pools/LiquidityPoolOther.sol,additionalNft,DAppSCAN-source/contracts/PeckShield-DSG/core-6f607f77698936e132e4e9b5cb4d75580636d919/contracts/pools/LiquidityPoolOther.sol#L280-L309,0.9677361981879732,0,,external call plus guard/modifier/state-update signal,require_assert_guard_before_call|callee_user_controlled|trusted_or_fixed_callee|safe_erc20_wrapper|contract_many_risky_interactions|contract_modifier_access_summary|contract_inheritance_modifier_summary,require_assert_guard_before_call|callee_user_controlled|trusted_or_fixed_callee|safe_erc20_wrapper|contract_many_risky_interactions|contract_modifier_access_summary|contract_inheritance_modifier_summary,"L11: IERC20(rewardToken).safeTransferFrom(msg.sender, feeWallet, nftSlotFee);",L2: PoolInfo storage pool = poolInfo[_pid];,"L4: require(user.additionalNftId == 0, ""nft already set"");","6: \n7:         uint256 level = IDsgNft(pool.additionalNft).getLevel(nftId);\n8:         require(level > 0, ""no level"");\n9: \n10:         if(nftSlotFee > 0) {\n11:             IERC20(rewardToken).safeTransferFrom(msg.sender, feeWallet, nftSlotFee);\n12:         }\n13: \n14:         IDsgNft(pool.additionalNft).safeTransferFrom(msg.sender, address(this), nftId);\n15:         IDsgNft(pool.additionalNft).burn(nftId);\n16: \n17:         if (user.amount > 0) {\n18:             uint256 pending = user.amount.mul(pool.accRewardPerShare).div(1e12).sub(user.rewardDebt);\n19:             user.rewardPending = user.rewardPending.add(pending);",i:additionalNft,protected_negative,protected reentrancy-like pattern,external call plus guard/modifier/state-update signal,7
top50_highest_score,DAPP::DAppSCAN-source/contracts/Trail_of_Bits-FraxQ42021/frax-solidity-bd40775e283923aa9e32a107abd426430a99835e::LeveragePool,DAppSCAN-source/contracts/Trail_of_Bits-FraxQ42021/frax-solidity-bd40775e283923aa9e32a107abd426430a99835e/src/hardhat/contracts/LeveragePool/LeveragePool.sol,withdrawAdminFees,DAppSCAN-source/contracts/Trail_of_Bits-FraxQ42021/frax-solidity-bd40775e283923aa9e32a107abd426430a99835e/src/hardhat/contracts/LeveragePool/LeveragePool.sol#L178-L183,0.9671897545726628,0,,external call plus guard/modifier/state-update signal,state_update_before_external_call|require_assert_guard_before_call|only_owner_or_access_control|callee_user_controlled|contract_modifier_access_summary|access_control_signal,state_update_before_external_call|require_assert_guard_before_call|only_owner_or_access_control|callee_user_controlled|contract_modifier_access_summary,"L5: if (address(collateralToken)!=address(0x0)) require(collateralToken.transfer(msg.sender,uint256(amount)),""Transfer failed"");",L4: adminFees-=amount;,"L2: require (msg.sender==admin,""Only admin""); | function withdrawAdminFees(int256 amount) external","1: function withdrawAdminFees(int256 amount) external {\n2:         require (msg.sender==admin,""Only admin"");\n3:         require (amount<=adminFees,""Not enough funds"");\n4:         adminFees-=amount;\n5:         if (address(collateralToken)!=address(0x0)) require(collateralToken.transfer(msg.sender,uint256(amount)),""Transfer failed"");\n6:     }",i:withdrawAdminFees,ambiguous,protected reentrancy-like pattern,external call plus guard/modifier/state-update signal,5
top50_highest_score,DAPP::DAppSCAN-source/contracts/PeckShield-BabySwap/code::SwapMining,DAppSCAN-source/contracts/PeckShield-BabySwap/code/baby-swap-contract-cac289bf978d969c95721c2adb9f199cee72ffa6/contracts/farm/SwapMining.sol,addPair,DAppSCAN-source/contracts/PeckShield-BabySwap/code/baby-swap-contract-cac289bf978d969c95721c2adb9f199cee72ffa6/contracts/farm/SwapMining.sol#L91-L107,0.9671502375425632,0,,external call plus guard/modifier/state-update signal,state_update_before_external_call|require_assert_guard_before_call|only_owner_or_access_control|contract_modifier_access_summary|contract_inheritance_modifier_summary|access_control_signal,state_update_before_external_call|require_assert_guard_before_call|only_owner_or_access_control|contract_modifier_access_summary|contract_inheritance_modifier_summary,,L6: uint256 lastRewardBlock = block.number > startBlock ? block.number : startBlock;,"L2: require(_pair != address(0), ""_pair is the zero address""); | function addPair(uint256 _allocPoint, address _pair, bool _withUpdate) public onlyOwner","1: function addPair(uint256 _allocPoint, address _pair, bool _withUpdate) public onlyOwner {\n2:         require(_pair != address(0), ""_pair is the zero address"");\n3:         if (_withUpdate) {\n4:             massMintPools();\n5:         }\n6:         uint256 lastRewardBlock = block.number > startBlock ? block.number : startBlock;\n7:         totalAllocPoint = totalAllocPoint.add(_allocPoint);\n8:         poolInfo.push(PoolInfo({\n9:         pair : _pair,\n10:         quantity : 0,\n11:         totalQuantity : 0,\n12:         allocPoint : _allocPoint,\n13:         allocMdxAmount : 0,\n14:         lastRewardBlock : lastRewardBlock",i:addPair,ambiguous,protected reentrancy-like pattern,external call plus guard/modifier/state-update signal,5
top50_highest_score,DAPP::DAppSCAN-source/contracts/PeckShield-BabySwap/code::ILO,DAppSCAN-source/contracts/PeckShield-BabySwap/code/baby-swap-contract-cac289bf978d969c95721c2adb9f199cee72ffa6/contracts/farm/ILO.sol,deposit,DAppSCAN-source/contracts/PeckShield-BabySwap/code/baby-swap-contract-cac289bf978d969c95721c2adb9f199cee72ffa6/contracts/farm/ILO.sol#L90-L106,0.9650959340812876,0,,external call plus guard/modifier/state-update signal,require_assert_guard_before_call|callee_user_controlled|safe_erc20_wrapper|contract_modifier_access_summary,require_assert_guard_before_call|callee_user_controlled|safe_erc20_wrapper|contract_modifier_access_summary,"L13: pool.lpToken.safeTransferFrom(address(msg.sender), address(this), _amount);",L3: PoolInfo storage pool = poolInfo[_pid];,"L5: require(block.number >= startBlock, ""ILO not begin"");","8: \n9:         //if (_amount > 0) {\n10:             user.amount = user.amount.add(_amount);\n11:             user.lastTime = block.timestamp;\n12:             pool.totalAmount = pool.totalAmount.add(_amount);\n13:             pool.lpToken.safeTransferFrom(address(msg.sender), address(this), _amount);\n14:         //}\n15: \n16:         emit Deposit(msg.sender, _pid, _amount);\n17:     }",i:deposit,protected_negative,protected reentrancy-like pattern,external call plus guard/modifier/state-update signal,4
top50_highest_score|top50_weak_or_no_safety,DAPP::DAppSCAN-source/contracts/PeckShield-BNPL/BNPL-0ee587a081668dcab166a3a275b8a6c4794ead4d::BNPLRewardsController,DAppSCAN-source/contracts/PeckShield-BNPL/BNPL-0ee587a081668dcab166a3a275b8a6c4794ead4d/contracts/BNPLRewardsController.sol,withdraw,DAppSCAN-source/contracts/PeckShield-BNPL/BNPL-0ee587a081668dcab166a3a275b8a6c4794ead4d/contracts/BNPLRewardsController.sol#L191-L213,0.9641992293720776,0,,external call plus guard/modifier/state-update signal,require_assert_guard_before_call|safe_erc20_wrapper,require_assert_guard_before_call|safe_erc20_wrapper,"L20: TransferHelper.safeTransfer(address(pool.lpToken), msg.sender, _amount);",L2: PoolInfo storage pool = poolInfo[_pid];,L6: revert InsufficientUserBalance(user.amount);,"15:         user.rewardDebt = (user.amount * pool.accBnplPerShare) / 1e12;\n16: \n17:         if (pending > 0) {\n18:             safeBnplTransfer(msg.sender, pending);\n19:         }\n20:         TransferHelper.safeTransfer(address(pool.lpToken), msg.sender, _amount);\n21: \n22:         emit Withdraw(msg.sender, _pid, _amount);\n23:     }",i:withdraw,protected_negative,protected reentrancy-like pattern,external call plus guard/modifier/state-update signal,2
top50_highest_score,DAPP::DAppSCAN-source/contracts/Chainsecurity-Angle Protocol/angle-core-46e6d32837cbe97a4af0adb693e63afa0d01fc3e::StableMasterFront,DAppSCAN-source/contracts/Chainsecurity-Angle Protocol/angle-core-46e6d32837cbe97a4af0adb693e63afa0d01fc3e/contracts/stableMaster/StableMasterFront.sol,revokeCollateral,DAppSCAN-source/contracts/Chainsecurity-Angle Protocol/angle-core-46e6d32837cbe97a4af0adb693e63afa0d01fc3e/contracts/stableMaster/StableMasterFront.sol#L353-L395,0.9622940683625312,0,,external call plus guard/modifier/state-update signal,require_assert_guard_before_call|only_owner_or_access_control|callee_user_controlled|safe_erc20_wrapper|contract_many_risky_interactions|contract_modifier_access_summary|contract_inheritance_modifier_summary|access_control_signal,require_assert_guard_before_call|only_owner_or_access_control|callee_user_controlled|safe_erc20_wrapper|contract_many_risky_interactions|contract_modifier_access_summary|contract_inheritance_modifier_summary,"L35: col.token.safeTransferFrom(address(poolManager), address(settlementContract), balance);",L8: uint256 managerListLength = _managerList.length;,"L9: require(managerListLength >= 1, ""10""); | function revokeCollateral(IPoolManager poolManager, ICollateralSettler settlementContract)
        external
        onlyRole(GOVERNOR_ROLE)","30:         // No need to pause `SLP` and `STABLE_HOLDERS` as deleting the entry associated to the `poolManager`\n31:         // in the `collateralMap` will make everything revert\n32: \n33:         // Transferring the whole balance to global settlement\n34:         uint256 balance = col.token.balanceOf(address(poolManager));\n35:         col.token.safeTransferFrom(address(poolManager), address(settlementContract), balance);\n36: \n37:         // Settlement works with a fixed oracle value for HAs, it needs to be computed here\n38:         uint256 oracleValue = col.oracle.readLower();\n39:         // Notifying the global settlement contract with the properties of the contract to settle\n40:         // In case of global shutdown, there would be one settlement contract per collateral type\n41:         // Not using the `lockedInterests` to update the value of the sanRate\n42:         settlementContract.triggerSettlement(oracleValue, col.sanRate, col.stocksUsers);\n43:     }",i:revokeCollateral,protected_negative,protected reentrancy-like pattern,external call plus guard/modifier/state-update signal,7
top50_highest_score,DAPP::DAppSCAN-source/contracts/Inspex-Optimized Worker/bsc-alpaca-contract-1aee2ceec77e3fd3162b74858c846cdc5692928d::WexMaster,DAppSCAN-source/contracts/Inspex-Optimized Worker/bsc-alpaca-contract-1aee2ceec77e3fd3162b74858c846cdc5692928d/contracts/6.12/protocol/apis/wault/WexMaster.sol,withdraw,DAppSCAN-source/contracts/Inspex-Optimized Worker/bsc-alpaca-contract-1aee2ceec77e3fd3162b74858c846cdc5692928d/contracts/6.12/protocol/apis/wault/WexMaster.sol#L150-L175,0.9599553634838434,0,,external call plus guard/modifier/state-update signal,require_assert_guard_before_call|callee_user_controlled|safe_erc20_wrapper|contract_modifier_access_summary,require_assert_guard_before_call|callee_user_controlled|safe_erc20_wrapper|contract_modifier_access_summary,"L22: pool.lpToken.safeTransfer(address(msg.sender), _amount);",L6: PoolInfo storage pool = poolInfo[_pid];,"L8: require(user.amount >= _amount, ""withdraw: not good"");","17:         user.pendingRewards = 0;\n18:       }\n19:     }\n20:     if (_amount > 0) {\n21:       user.amount = user.amount.sub(_amount);\n22:       pool.lpToken.safeTransfer(address(msg.sender), _amount);\n23:     }\n24:     user.rewardDebt = user.amount.mul(pool.accWexPerShare).div(1e12);\n25:     emit Withdraw(msg.sender, _pid, _amount);\n26:   }",i:withdraw,protected_negative,protected reentrancy-like pattern,external call plus guard/modifier/state-update signal,4
top50_highest_score,DAPP::DAppSCAN-source/contracts/Inspex-SpookySwap Integration & Fantom Expansion/bsc-alpaca-contract-4553a34a6dcfcfbf7aebc693bb5c5c6074c73129::WexMaster,DAppSCAN-source/contracts/Inspex-SpookySwap Integration & Fantom Expansion/bsc-alpaca-contract-4553a34a6dcfcfbf7aebc693bb5c5c6074c73129/contracts/6.12/protocol/apis/wault/WexMaster.sol,withdraw,DAppSCAN-source/contracts/Inspex-SpookySwap Integration & Fantom Expansion/bsc-alpaca-contract-4553a34a6dcfcfbf7aebc693bb5c5c6074c73129/contracts/6.12/protocol/apis/wault/WexMaster.sol#L150-L175,0.9599535670927349,0,,external call plus guard/modifier/state-update signal,require_assert_guard_before_call|callee_user_controlled|safe_erc20_wrapper|contract_modifier_access_summary,require_assert_guard_before_call|callee_user_controlled|safe_erc20_wrapper|contract_modifier_access_summary,"L22: pool.lpToken.safeTransfer(address(msg.sender), _amount);",L6: PoolInfo storage pool = poolInfo[_pid];,"L8: require(user.amount >= _amount, ""withdraw: not good"");","17:         user.pendingRewards = 0;\n18:       }\n19:     }\n20:     if (_amount > 0) {\n21:       user.amount = user.amount.sub(_amount);\n22:       pool.lpToken.safeTransfer(address(msg.sender), _amount);\n23:     }\n24:     user.rewardDebt = user.amount.mul(pool.accWexPerShare).div(1e12);\n25:     emit Withdraw(msg.sender, _pid, _amount);\n26:   }",i:withdraw,protected_negative,protected reentrancy-like pattern,external call plus guard/modifier/state-update signal,4
top50_highest_score,DAPP::DAppSCAN-source/contracts/QuillAudits-BCUBE Smart Contract/b-cube-ico-13f9f8a991a65f3e0ca60a2078121fdd5a921fb0::PublicSaleTreasury,DAppSCAN-source/contracts/QuillAudits-BCUBE Smart Contract/b-cube-ico-13f9f8a991a65f3e0ca60a2078121fdd5a921fb0/contracts/PublicSaleTreasury.sol,shareWithdraw,DAppSCAN-source/contracts/QuillAudits-BCUBE Smart Contract/b-cube-ico-13f9f8a991a65f3e0ca60a2078121fdd5a921fb0/contracts/PublicSaleTreasury.sol#L136-L163,0.9595132099874032,0,,external call plus guard/modifier/state-update signal,require_assert_guard_before_call|nonreentrant_modifier|callee_user_controlled|safe_erc20_wrapper|contract_modifier_access_summary,require_assert_guard_before_call|nonreentrant_modifier|callee_user_controlled|safe_erc20_wrapper|contract_modifier_access_summary,"L26: token.safeTransfer(_msgSender(), bcubeAmount);","L13: uint256 allowance = calcAllowance(_msgSender(), now);",nonReentrant/modifier | L6: require(,"21:             finalWithdrawn <=\n22:                 bcubeAllocationRegistry[_msgSender()].currentAllowance,\n23:             ""Insufficient allowance""\n24:         );\n25:         bcubeAllocationRegistry[_msgSender()].shareWithdrawn = finalWithdrawn;\n26:         token.safeTransfer(_msgSender(), bcubeAmount);\n27:         emit LogPublicSaleShareWithdrawn(_msgSender(), bcubeAmount);\n28:     }",i:shareWithdraw,protected_negative,protected reentrancy-like pattern,external call plus guard/modifier/state-update signal,5
top50_highest_score,DAPP::DAppSCAN-source/contracts/Inspex-Optimized Worker/bsc-alpaca-contract-1aee2ceec77e3fd3162b74858c846cdc5692928d::FairLaunch,DAppSCAN-source/contracts/Inspex-Optimized Worker/bsc-alpaca-contract-1aee2ceec77e3fd3162b74858c846cdc5692928d/contracts/6/token/FairLaunch.sol,deposit,DAppSCAN-source/contracts/Inspex-Optimized Worker/bsc-alpaca-contract-1aee2ceec77e3fd3162b74858c846cdc5692928d/contracts/6/token/FairLaunch.sol#L256-L269,0.9581983193610619,0,,external call plus guard/modifier/state-update signal,require_assert_guard_before_call|nonreentrant_modifier|callee_user_controlled|trusted_or_fixed_callee|safe_erc20_wrapper|contract_many_risky_interactions|contract_modifier_access_summary|contract_inheritance_modifier_summary,require_assert_guard_before_call|nonreentrant_modifier|callee_user_controlled|trusted_or_fixed_callee|safe_erc20_wrapper|contract_many_risky_interactions|contract_modifier_access_summary|contract_inheritance_modifier_summary,"L9: IERC20(pool.stakeToken).safeTransferFrom(address(msg.sender), address(this), _amount);",L2: PoolInfo storage pool = poolInfo[_pid];,"nonReentrant/modifier | L4: if (user.fundedBy != address(0)) require(user.fundedBy == msg.sender, ""bad sof"");","4:     if (user.fundedBy != address(0)) require(user.fundedBy == msg.sender, ""bad sof"");\n5:     require(pool.stakeToken != address(0), ""deposit: not accept deposit"");\n6:     updatePool(_pid);\n7:     if (user.amount > 0) _harvest(_for, _pid);\n8:     if (user.fundedBy == address(0)) user.fundedBy = msg.sender;\n9:     IERC20(pool.stakeToken).safeTransferFrom(address(msg.sender), address(this), _amount);\n10:     user.amount = user.amount.add(_amount);\n11:     user.rewardDebt = user.amount.mul(pool.accAlpacaPerShare).div(1e12);\n12:     user.bonusDebt = user.amount.mul(pool.accAlpacaPerShareTilBonusEnd).div(1e12);\n13:     emit Deposit(msg.sender, _pid, _amount);\n14:   }",i:deposit,protected_negative,protected reentrancy-like pattern,external call plus guard/modifier/state-update signal,8
top50_highest_score,DAPP::DAppSCAN-source/contracts/Inspex-SpookySwap Integration & Fantom Expansion/bsc-alpaca-contract-4553a34a6dcfcfbf7aebc693bb5c5c6074c73129::FairLaunch,DAppSCAN-source/contracts/Inspex-SpookySwap Integration & Fantom Expansion/bsc-alpaca-contract-4553a34a6dcfcfbf7aebc693bb5c5c6074c73129/contracts/6/token/FairLaunch.sol,deposit,DAppSCAN-source/contracts/Inspex-SpookySwap Integration & Fantom Expansion/bsc-alpaca-contract-4553a34a6dcfcfbf7aebc693bb5c5c6074c73129/contracts/6/token/FairLaunch.sol#L256-L269,0.9581970969837358,0,,external call plus guard/modifier/state-update signal,require_assert_guard_before_call|nonreentrant_modifier|callee_user_controlled|trusted_or_fixed_callee|safe_erc20_wrapper|contract_many_risky_interactions|contract_modifier_access_summary|contract_inheritance_modifier_summary,require_assert_guard_before_call|nonreentrant_modifier|callee_user_controlled|trusted_or_fixed_callee|safe_erc20_wrapper|contract_many_risky_interactions|contract_modifier_access_summary|contract_inheritance_modifier_summary,"L9: IERC20(pool.stakeToken).safeTransferFrom(address(msg.sender), address(this), _amount);",L2: PoolInfo storage pool = poolInfo[_pid];,"nonReentrant/modifier | L4: if (user.fundedBy != address(0)) require(user.fundedBy == msg.sender, ""bad sof"");","4:     if (user.fundedBy != address(0)) require(user.fundedBy == msg.sender, ""bad sof"");\n5:     require(pool.stakeToken != address(0), ""deposit: not accept deposit"");\n6:     updatePool(_pid);\n7:     if (user.amount > 0) _harvest(_for, _pid);\n8:     if (user.fundedBy == address(0)) user.fundedBy = msg.sender;\n9:     IERC20(pool.stakeToken).safeTransferFrom(address(msg.sender), address(this), _amount);\n10:     user.amount = user.amount.add(_amount);\n11:     user.rewardDebt = user.amount.mul(pool.accAlpacaPerShare).div(1e12);\n12:     user.bonusDebt = user.amount.mul(pool.accAlpacaPerShareTilBonusEnd).div(1e12);\n13:     emit Deposit(msg.sender, _pid, _amount);\n14:   }",i:deposit,protected_negative,protected reentrancy-like pattern,external call plus guard/modifier/state-update signal,8
top50_highest_score,"DAPP::DAppSCAN-source/contracts/Inspex-FairLaunch, Token, Vault & Workers/Meow-Finance-4a4f13efaf5e5fbed74c0ed23b665751e655d715::FeeDistribute","DAppSCAN-source/contracts/Inspex-FairLaunch, Token, Vault & Workers/Meow-Finance-4a4f13efaf5e5fbed74c0ed23b665751e655d715/contracts/token/FeeDistribute.sol",deposit,"DAppSCAN-source/contracts/Inspex-FairLaunch, Token, Vault & Workers/Meow-Finance-4a4f13efaf5e5fbed74c0ed23b665751e655d715/contracts/token/FeeDistribute.sol#L130-L143",0.9571723424919258,0,,external call plus guard/modifier/state-update signal,require_assert_guard_before_call|nonreentrant_modifier|callee_user_controlled|trusted_or_fixed_callee|safe_erc20_wrapper|contract_many_risky_interactions|contract_modifier_access_summary,require_assert_guard_before_call|nonreentrant_modifier|callee_user_controlled|trusted_or_fixed_callee|safe_erc20_wrapper|contract_many_risky_interactions|contract_modifier_access_summary,"L8: IERC20(pool.stakeToken).safeTransferFrom(address(msg.sender), address(this), _amount);",L2: PoolInfo storage pool = poolInfo[_pid];,"nonReentrant/modifier | L4: require(pool.stakeToken != address(0), ""FeeDistribute::deposit:: not accept deposit."");","3:     UserInfo storage user = userInfo[_pid][msg.sender];\n4:     require(pool.stakeToken != address(0), ""FeeDistribute::deposit:: not accept deposit."");\n5:     updatePool(_pid);\n6:     if (user.amount > 0) _harvest(_pid);\n7:     if (_amount > 0) {\n8:       IERC20(pool.stakeToken).safeTransferFrom(address(msg.sender), address(this), _amount);\n9:       user.amount = user.amount.add(_amount);\n10:       pool.depositedAmount = pool.depositedAmount.add(_amount);\n11:     }\n12:     user.rewardDebt = user.amount.mul(pool.rewardPerShare).div(PRECISION);\n13:     emit Deposit(msg.sender, _pid, _amount);\n14:   }",i:deposit,protected_negative,protected reentrancy-like pattern,external call plus guard/modifier/state-update signal,7
top50_highest_score,DAPP::DAppSCAN-source/contracts/PeckShield-KaoyaSwap/contracts-8273073f1d6914f372790399378f177573c52e37::Staking,DAppSCAN-source/contracts/PeckShield-KaoyaSwap/contracts-8273073f1d6914f372790399378f177573c52e37/staking.sol,rewardWithdraw,DAppSCAN-source/contracts/PeckShield-KaoyaSwap/contracts-8273073f1d6914f372790399378f177573c52e37/staking.sol#L394-L399,0.9565679238433863,0,,external call plus guard/modifier/state-update signal,require_assert_guard_before_call|only_owner_or_access_control|callee_user_controlled|safe_erc20_wrapper|contract_many_risky_interactions|contract_modifier_access_summary|access_control_signal,require_assert_guard_before_call|only_owner_or_access_control|callee_user_controlled|safe_erc20_wrapper|contract_many_risky_interactions|contract_modifier_access_summary,"L4: rewardToken.safeTransfer(divPoolAddress, balance);",L3: uint256 balance = rewardToken.balanceOf(address(this));,"L2: require(endBlock <= block.number + 288000, ""It too early to withdraw reward tokens""); //10 days | function rewardWithdraw() public onlyOwner","1: function rewardWithdraw() public onlyOwner {\n2:         require(endBlock <= block.number + 288000, ""It too early to withdraw reward tokens""); //10 days\n3:         uint256 balance = rewardToken.balanceOf(address(this));\n4:         rewardToken.safeTransfer(divPoolAddress, balance);\n5:         emit RewardWithdraw(msg.sender, balance);\n6:     }",i:rewardWithdraw,protected_negative,protected reentrancy-like pattern,external call plus guard/modifier/state-update signal,6
top50_highest_score,DAPP::DAppSCAN-source/contracts/Chainsecurity-Angle Protocol  Borrowing Module/angle-borrow-0363b6a137a44e22ee06b3187ba74f7798c1af08::EulerReactor,DAppSCAN-source/contracts/Chainsecurity-Angle Protocol  Borrowing Module/angle-borrow-0363b6a137a44e22ee06b3187ba74f7798c1af08/contracts/reactor/EulerReactor.sol,recoverERC20,DAppSCAN-source/contracts/Chainsecurity-Angle Protocol  Borrowing Module/angle-borrow-0363b6a137a44e22ee06b3187ba74f7798c1af08/contracts/reactor/EulerReactor.sol#L579-L587,0.9561258878973242,0,,external call plus guard/modifier/state-update signal,require_assert_guard_before_call|only_owner_or_access_control|trusted_or_fixed_callee|safe_erc20_wrapper|contract_many_risky_interactions|contract_modifier_access_summary|contract_inheritance_modifier_summary|access_control_signal,require_assert_guard_before_call|only_owner_or_access_control|trusted_or_fixed_callee|safe_erc20_wrapper|contract_many_risky_interactions|contract_modifier_access_summary|contract_inheritance_modifier_summary,"L7: IERC20(tokenAddress).safeTransfer(to, amountToRecover);",,"L6: if (tokenAddress == address(stablecoin)) revert InvalidToken(); | function recoverERC20(
        address tokenAddress,
        address to,
        uint256 amountToRecover
    ) external onlyGovernor","2:         address tokenAddress,\n3:         address to,\n4:         uint256 amountToRecover\n5:     ) external onlyGovernor {\n6:         if (tokenAddress == address(stablecoin)) revert InvalidToken();\n7:         IERC20(tokenAddress).safeTransfer(to, amountToRecover);\n8:         emit Recovered(tokenAddress, to, amountToRecover);\n9:     }",i:recoverERC20,protected_negative,protected reentrancy-like pattern,external call plus guard/modifier/state-update signal,7
top50_highest_score,DAPP::DAppSCAN-source/contracts/PeckShield-DSG/core-6f607f77698936e132e4e9b5cb4d75580636d919::NFTMarket,DAppSCAN-source/contracts/PeckShield-DSG/core-6f607f77698936e132e4e9b5cb4d75580636d919/contracts/nft/NftMarket.sol,startSales,DAppSCAN-source/contracts/PeckShield-DSG/core-6f607f77698936e132e4e9b5cb4d75580636d919/contracts/nft/NftMarket.sol#L272-L319,0.9543605740560404,0,,external call plus guard/modifier/state-update signal,require_assert_guard_before_call|nonreentrant_modifier|trusted_or_fixed_callee|safe_erc20_wrapper|contract_modifier_access_summary|contract_inheritance_modifier_summary,require_assert_guard_before_call|nonreentrant_modifier|trusted_or_fixed_callee|safe_erc20_wrapper|contract_modifier_access_summary|contract_inheritance_modifier_summary,"L20: IERC721(nft).safeTransferFrom(msg.sender, address(this), tokenId);",L22: _salesAmount++;,"nonReentrant/modifier | L13: require(tokenId != 0, ""invalid token"");","15:         require(durationTime >= _minDurationTime, ""invalid duration"");\n16:         require(maxPrice >= minPrice, ""invalid price"");\n17:         require(_isStartUserSales || _seller[msg.sender] == true || _supportNft[nft] == true, ""cannot sales"");\n18:         require(_supportCurrency[currency] == true, ""not support currency"");\n19: \n20:         IERC721(nft).safeTransferFrom(msg.sender, address(this), tokenId);\n21: \n22:         _salesAmount++;\n23:         SalesObject memory obj;\n24: \n25:         obj.id = _salesAmount;\n26:         obj.tokenId = tokenId;\n27:         obj.seller = payable(msg.sender);\n28:         obj.nft = IERC721(nft);",i:startSales,protected_negative,protected reentrancy-like pattern,external call plus guard/modifier/state-update signal,6
top50_highest_score,DAPP::DAppSCAN-source/contracts/PeckShield-DSG/core-6f607f77698936e132e4e9b5cb4d75580636d919::TradingPool,DAppSCAN-source/contracts/PeckShield-DSG/core-6f607f77698936e132e4e9b5cb4d75580636d919/contracts/pools/TradingPool.sol,add,DAppSCAN-source/contracts/PeckShield-DSG/core-6f607f77698936e132e4e9b5cb4d75580636d919/contracts/pools/TradingPool.sol#L152-L181,0.9534170001639816,0,,external call plus guard/modifier/state-update signal,state_update_before_external_call|require_assert_guard_before_call|only_owner_or_access_control|contract_many_risky_interactions|contract_modifier_access_summary|contract_inheritance_modifier_summary|access_control_signal,state_update_before_external_call|require_assert_guard_before_call|only_owner_or_access_control|contract_many_risky_interactions|contract_modifier_access_summary|contract_inheritance_modifier_summary,,L15: uint256 lastRewardBlock = block.number > startBlock ? block.number : startBlock;,"L6: require(_pair != address(0), ""TradingPool: _pair is the zero address""); | function add(
        uint256 _allocPoint,
        address _pair,
        bool _withUpdate
    ) public onlyOwner","1: function add(\n2:         uint256 _allocPoint,\n3:         address _pair,\n4:         bool _withUpdate\n5:     ) public onlyOwner {\n6:         require(_pair != address(0), ""TradingPool: _pair is the zero address"");\n7: \n8:         require(!EnumerableSet.contains(_pairs, _pair), ""TradingPool: _pair is already added to the pool"");\n9:         // return EnumerableSet.add(_pairs, _pair);\n10:         EnumerableSet.add(_pairs, _pair);\n11: \n12:         if (_withUpdate) {\n13:             massUpdatePools();\n14:         }",i:add,ambiguous,protected reentrancy-like pattern,external call plus guard/modifier/state-update signal,6
top50_weak_or_no_safety,DAPP::DAppSCAN-source/contracts/openzeppelin-Endaoment/endaoment-contracts-f60aa253d3d869ad6460877f23e6092acb313add::Org,DAppSCAN-source/contracts/openzeppelin-Endaoment/endaoment-contracts-f60aa253d3d869ad6460877f23e6092acb313add/Org.sol,claimRequest,DAppSCAN-source/contracts/openzeppelin-Endaoment/endaoment-contracts-f60aa253d3d869ad6460877f23e6092acb313add/Org.sol#L58-L71,0.9530477148687192,0,,external call plus guard/modifier/state-update signal,require_assert_guard_before_call|only_owner_or_access_control|contract_modifier_access_summary|access_control_signal,require_assert_guard_before_call|only_owner_or_access_control|contract_modifier_access_summary,,L5: Claim memory newClaim = Claim({,"L2: require (fSub == true); | function claimRequest(string memory fName, string memory lName, bool fSub, string memory eMail, address orgAdminAddress) public","1: function claimRequest(string memory fName, string memory lName, bool fSub, string memory eMail, address orgAdminAddress) public {\n2:         require (fSub == true);\n3:         require (msg.sender == orgAdminAddress);\n4: \n5:         Claim memory newClaim = Claim({\n6:             firstName: fName,\n7:             lastName: lName,\n8:             eMail: eMail,\n9:             desiredWallet: msg.sender,\n10:             filesSubmitted: true\n11:         });\n12: \n13:         claims.push(newClaim);\n14:     }",i:claimRequest,ambiguous,protected reentrancy-like pattern,external call plus guard/modifier/state-update signal,3
,DAPP::DAppSCAN-source/contracts/Inspex-Optimized Worker/bsc-alpaca-contract-1aee2ceec77e3fd3162b74858c846cdc5692928d::GrazingRange,DAppSCAN-source/contracts/Inspex-Optimized Worker/bsc-alpaca-contract-1aee2ceec77e3fd3162b74858c846cdc5692928d/contracts/6.12/GrazingRange.sol,emergencyRewardWithdraw,DAppSCAN-source/contracts/Inspex-Optimized Worker/bsc-alpaca-contract-1aee2ceec77e3fd3162b74858c846cdc5692928d/contracts/6.12/GrazingRange.sol#L318-L324,0.9483883293314287,0,,external call plus guard/modifier/state-update signal,require_assert_guard_before_call|nonreentrant_modifier|only_owner_or_access_control|callee_user_controlled|safe_erc20_wrapper|contract_many_risky_interactions|contract_modifier_access_summary|contract_inheritance_modifier_summary|access_control_signal,require_assert_guard_before_call|nonreentrant_modifier|only_owner_or_access_control|callee_user_controlled|safe_erc20_wrapper|contract_many_risky_interactions|contract_modifier_access_summary|contract_inheritance_modifier_summary,"L6: campaign.rewardToken.safeTransfer(_beneficiary, _amount);",L2: CampaignInfo storage campaign = campaignInfo[_campaignID];,"nonReentrant/modifier | L4: require(currentStakingPendingReward.add(_amount) <= campaign.totalRewards, ""GrazingRange::emergencyRewardWithdraw::not enough reward token""); | function emergencyRewardWithdraw(uint256 _campaignID, uint256 _amount, address _beneficiary) external onlyOwner nonReentrant","1: function emergencyRewardWithdraw(uint256 _campaignID, uint256 _amount, address _beneficiary) external onlyOwner nonReentrant {\n2:         CampaignInfo storage campaign = campaignInfo[_campaignID];\n3:         uint256 currentStakingPendingReward = _pendingReward(_campaignID, campaign.totalStaked, 0);\n4:         require(currentStakingPendingReward.add(_amount) <= campaign.totalRewards, ""GrazingRange::emergencyRewardWithdraw::not enough reward token"");\n5:         campaign.totalRewards = campaign.totalRewards.sub(_amount);\n6:         campaign.rewardToken.safeTransfer(_beneficiary, _amount);\n7:     }",i:emergencyRewardWithdraw,protected_negative,protected reentrancy-like pattern,external call plus guard/modifier/state-update signal,8
,DAPP::DAppSCAN-source/contracts/QuillAudits-Alium Finance Smart Contract/alium-farm-e37d6af39af68049c2684085f025385407b4bd55::BnbStaking,DAppSCAN-source/contracts/QuillAudits-Alium Finance Smart Contract/alium-farm-e37d6af39af68049c2684085f025385407b4bd55/contracts/BnbStaking.sol,deposit,DAppSCAN-source/contracts/QuillAudits-Alium Finance Smart Contract/alium-farm-e37d6af39af68049c2684085f025385407b4bd55/contracts/BnbStaking.sol#L145-L167,0.9448246194631,0,,external call plus guard/modifier/state-update signal,require_assert_guard_before_call|callee_user_controlled|trusted_or_fixed_callee|safe_erc20_wrapper|contract_modifier_access_summary,require_assert_guard_before_call|callee_user_controlled|trusted_or_fixed_callee|safe_erc20_wrapper|contract_modifier_access_summary,"L17: assert(IWBNB(WBNB).transfer(address(this), msg.value));",L2: PoolInfo storage pool = poolInfo[0];,"L5: require (user.amount.add(msg.value) <= limitAmount, ""exceed the top"");","7: \n8:         updatePool(0);\n9:         if (user.amount > 0) {\n10:             uint256 pending = user.amount.mul(pool.accCakePerShare).div(1e12).sub(user.rewardDebt);\n11:             if(pending > 0) {\n12:                 rewardToken.safeTransfer(address(msg.sender), pending);\n13:             }\n14:         }\n15:         if(msg.value > 0) {\n16:             IWBNB(WBNB).deposit{value: msg.value}();\n17:             assert(IWBNB(WBNB).transfer(address(this), msg.value));\n18:             user.amount = user.amount.add(msg.value);\n19:         }\n20:         user.rewardDebt = user.amount.mul(pool.accCakePerShare).div(1e12);",i:deposit,protected_negative,protected reentrancy-like pattern,external call plus guard/modifier/state-update signal,5
,DAPP::DAppSCAN-source/contracts/PeckShield-BabySwap/code::BnbStaking,DAppSCAN-source/contracts/PeckShield-BabySwap/code/baby-swap-contract-cac289bf978d969c95721c2adb9f199cee72ffa6/contracts/farm/BnbStaking.sol,deposit,DAppSCAN-source/contracts/PeckShield-BabySwap/code/baby-swap-contract-cac289bf978d969c95721c2adb9f199cee72ffa6/contracts/farm/BnbStaking.sol#L174-L196,0.9445747374204572,0,,external call plus guard/modifier/state-update signal,require_assert_guard_before_call|callee_user_controlled|trusted_or_fixed_callee|safe_erc20_wrapper|contract_modifier_access_summary,require_assert_guard_before_call|callee_user_controlled|trusted_or_fixed_callee|safe_erc20_wrapper|contract_modifier_access_summary,"L17: assert(IWBNB(WBNB).transfer(address(this), msg.value));",L2: PoolInfo storage pool = poolInfo[0];,"L5: require (user.amount.add(msg.value) <= limitAmount, 'exceed the top');","7: \n8:         updatePool(0);\n9:         if (user.amount > 0) {\n10:             uint256 pending = user.amount.mul(pool.accCakePerShare).div(1e12).sub(user.rewardDebt);\n11:             if(pending > 0) {\n12:                 rewardToken.safeTransfer(address(msg.sender), pending);\n13:             }\n14:         }\n15:         if(msg.value > 0) {\n16:             IWBNB(WBNB).deposit{value: msg.value}();\n17:             assert(IWBNB(WBNB).transfer(address(this), msg.value));\n18:             user.amount = user.amount.add(msg.value);\n19:         }\n20:         user.rewardDebt = user.amount.mul(pool.accCakePerShare).div(1e12);",i:deposit,protected_negative,protected reentrancy-like pattern,external call plus guard/modifier/state-update signal,5
,DAPP::DAppSCAN-source/contracts/Inspex-SpookySwap Integration & Fantom Expansion/bsc-alpaca-contract-4553a34a6dcfcfbf7aebc693bb5c5c6074c73129::GrazingRange,DAppSCAN-source/contracts/Inspex-SpookySwap Integration & Fantom Expansion/bsc-alpaca-contract-4553a34a6dcfcfbf7aebc693bb5c5c6074c73129/contracts/6.12/GrazingRange.sol,emergencyRewardWithdraw,DAppSCAN-source/contracts/Inspex-SpookySwap Integration & Fantom Expansion/bsc-alpaca-contract-4553a34a6dcfcfbf7aebc693bb5c5c6074c73129/contracts/6.12/GrazingRange.sol#L350-L363,0.9439201662177242,0,,external call plus guard/modifier/state-update signal,require_assert_guard_before_call|nonreentrant_modifier|only_owner_or_access_control|callee_user_controlled|safe_erc20_wrapper|contract_many_risky_interactions|contract_modifier_access_summary|contract_inheritance_modifier_summary|access_control_signal,require_assert_guard_before_call|nonreentrant_modifier|only_owner_or_access_control|callee_user_controlled|safe_erc20_wrapper|contract_many_risky_interactions|contract_modifier_access_summary|contract_inheritance_modifier_summary,"L13: campaign.rewardToken.safeTransfer(_beneficiary, _amount);",L6: CampaignInfo storage campaign = campaignInfo[_campaignID];,"nonReentrant/modifier | L8: require( | function emergencyRewardWithdraw(
    uint256 _campaignID,
    uint256 _amount,
    address _beneficiary
  ) external onlyOwner nonReentrant","8:     require(\n9:       currentStakingPendingReward.add(_amount) <= campaign.totalRewards,\n10:       ""GrazingRange::emergencyRewardWithdraw::not enough reward token""\n11:     );\n12:     campaign.totalRewards = campaign.totalRewards.sub(_amount);\n13:     campaign.rewardToken.safeTransfer(_beneficiary, _amount);\n14:   }",i:emergencyRewardWithdraw,protected_negative,protected reentrancy-like pattern,external call plus guard/modifier/state-update signal,8
,"DAPP::DAppSCAN-source/contracts/Inspex-FairLaunch, Token, Vault & Workers/Meow-Finance-4a4f13efaf5e5fbed74c0ed23b665751e655d715::MeowMining","DAppSCAN-source/contracts/Inspex-FairLaunch, Token, Vault & Workers/Meow-Finance-4a4f13efaf5e5fbed74c0ed23b665751e655d715/contracts/token/MeowMining.sol",deposit,"DAppSCAN-source/contracts/Inspex-FairLaunch, Token, Vault & Workers/Meow-Finance-4a4f13efaf5e5fbed74c0ed23b665751e655d715/contracts/token/MeowMining.sol#L189-L205",0.9428064767001731,0,,external call plus guard/modifier/state-update signal,require_assert_guard_before_call|nonreentrant_modifier|callee_user_controlled|trusted_or_fixed_callee|safe_erc20_wrapper|contract_many_risky_interactions|contract_modifier_access_summary,require_assert_guard_before_call|nonreentrant_modifier|callee_user_controlled|trusted_or_fixed_callee|safe_erc20_wrapper|contract_many_risky_interactions|contract_modifier_access_summary,"L13: IERC20(pool.stakeToken).safeTransferFrom(address(msg.sender), address(this), _amount);",L6: PoolInfo storage pool = poolInfo[_pid];,"nonReentrant/modifier | L8: if (user.fundedBy != address(0)) require(user.fundedBy == msg.sender, ""MeowMining::deposit:: bad sof."");","8:     if (user.fundedBy != address(0)) require(user.fundedBy == msg.sender, ""MeowMining::deposit:: bad sof."");\n9:     require(pool.stakeToken != address(0), ""MeowMining::deposit:: not accept deposit."");\n10:     updatePool(_pid);\n11:     if (user.amount > 0) _harvest(_for, _pid);\n12:     if (user.fundedBy == address(0)) user.fundedBy = msg.sender;\n13:     IERC20(pool.stakeToken).safeTransferFrom(address(msg.sender), address(this), _amount);\n14:     user.amount = user.amount.add(_amount);\n15:     user.rewardDebt = user.amount.mul(pool.accMeowPerShare).div(ACC_MEOW_PRECISION);\n16:     emit Deposit(msg.sender, _pid, _amount);\n17:   }",i:deposit,protected_negative,protected reentrancy-like pattern,external call plus guard/modifier/state-update signal,7
,DAPP::DAppSCAN-source/contracts/Chainsecurity-Angle Protocol  Borrowing Module/angle-borrow-0363b6a137a44e22ee06b3187ba74f7798c1af08::Settlement,DAppSCAN-source/contracts/Chainsecurity-Angle Protocol  Borrowing Module/angle-borrow-0363b6a137a44e22ee06b3187ba74f7798c1af08/contracts/settlement/Settlement.sol,recoverERC20,DAppSCAN-source/contracts/Chainsecurity-Angle Protocol  Borrowing Module/angle-borrow-0363b6a137a44e22ee06b3187ba74f7798c1af08/contracts/settlement/Settlement.sol#L243-L256,0.9427035924425126,0,,external call plus guard/modifier/state-update signal,state_update_before_external_call|require_assert_guard_before_call|only_owner_or_access_control|trusted_or_fixed_callee|safe_erc20_wrapper|contract_modifier_access_summary|contract_inheritance_modifier_summary|access_control_signal,state_update_before_external_call|require_assert_guard_before_call|only_owner_or_access_control|trusted_or_fixed_callee|safe_erc20_wrapper|contract_modifier_access_summary|contract_inheritance_modifier_summary,"L9: collateral.safeTransfer(to, amountToRecover);",L8: leftOverCollateral -= amountToRecover;,"L7: if (!exchangeRateComputed) revert GlobalClaimPeriodNotStarted(); | function recoverERC20(
        address tokenAddress,
        address to,
        uint256 amountToRecover
    ) external onlyGovernor","4:         uint256 amountToRecover\n5:     ) external onlyGovernor {\n6:         if (tokenAddress == address(collateral)) {\n7:             if (!exchangeRateComputed) revert GlobalClaimPeriodNotStarted();\n8:             leftOverCollateral -= amountToRecover;\n9:             collateral.safeTransfer(to, amountToRecover);\n10:         } else {\n11:             IERC20(tokenAddress).safeTransfer(to, amountToRecover);\n12:         }\n13:         emit Recovered(tokenAddress, to, amountToRecover);\n14:     }",i:recoverERC20,protected_negative,protected reentrancy-like pattern,external call plus guard/modifier/state-update signal,7
top50_weak_or_no_safety,DAPP::DAppSCAN-source/contracts/PeckShield-AirSwap/airswap-protocols-b87d292aaf6e28ede564b7ea28ece39219994607::Indexer,DAppSCAN-source/contracts/PeckShield-AirSwap/airswap-protocols-b87d292aaf6e28ede564b7ea28ece39219994607/source/indexer/contracts/Indexer.sol,setIntent,DAppSCAN-source/contracts/PeckShield-AirSwap/airswap-protocols-b87d292aaf6e28ede564b7ea28ece39219994607/source/indexer/contracts/Indexer.sol#L151-L189,0.9422066723979963,0,,external call plus guard/modifier/state-update signal,require_assert_guard_before_call|callee_user_controlled|contract_inheritance_modifier_summary,require_assert_guard_before_call|callee_user_controlled|contract_inheritance_modifier_summary,,L35: uint256 oldStake = indexes[signerToken][senderToken].getScore(msg.sender);,"L10: require(ILocatorWhitelist(locatorWhitelist).has(locator),","1: function setIntent(\n2:     address signerToken,\n3:     address senderToken,\n4:     uint256 stakingAmount,\n5:     bytes32 locator\n6:   ) external notPaused indexExists(signerToken, senderToken) {\n7: \n8:     // If whitelist set, ensure the locator is valid.\n9:     if (locatorWhitelist != address(0)) {\n10:       require(ILocatorWhitelist(locatorWhitelist).has(locator),\n11:       ""LOCATOR_NOT_WHITELISTED"");\n12:     }\n13: \n14:     // Ensure neither of the tokens are blacklisted.",i:setIntent,ambiguous,protected reentrancy-like pattern,external call plus guard/modifier/state-update signal,3
,DAPP::DAppSCAN-source/contracts/PeckShield-Hegic(v8888)/Hegic-v8888-2dcd44dc1ae07881e94d52fa618f9704bfd4ffda::HegicPUT,DAppSCAN-source/contracts/PeckShield-Hegic(v8888)/Hegic-v8888-2dcd44dc1ae07881e94d52fa618f9704bfd4ffda/contracts/Pool/HegicPut.sol,sellOption,DAppSCAN-source/contracts/PeckShield-Hegic(v8888)/Hegic-v8888-2dcd44dc1ae07881e94d52fa618f9704bfd4ffda/contracts/Pool/HegicPut.sol#L227-L274,0.9421252562347245,0,,external call plus guard/modifier/state-update signal,state_update_before_external_call|require_assert_guard_before_call|callee_user_controlled|safe_erc20_wrapper|contract_many_risky_interactions|contract_inheritance_modifier_summary,state_update_before_external_call|require_assert_guard_before_call|callee_user_controlled|safe_erc20_wrapper|contract_many_risky_interactions|contract_inheritance_modifier_summary,L39: token.safeTransferFrom(,L8: uint256 balance = totalBalance();,"L11: require(period >= 1 days, ""Pool Error: The period is too short"");","34:             block.timestamp + period,\n35:             hedgePremium,\n36:             unhedgePremium\n37:         );\n38: \n39:         token.safeTransferFrom(\n40:             _msgSender(),\n41:             address(this),\n42:             premium + settlementFee\n43:         );\n44: \n45:         settlementFeeRecipient.sendProfits(settlementFee);\n46:         if (hedgeFee > 0) token.safeTransfer(hedgePool, hedgeFee);\n47:         emit Acquired(id, settlementFee, premium);",i:sellOption,protected_negative,protected reentrancy-like pattern,external call plus guard/modifier/state-update signal,6
,DAPP::DAppSCAN-source/contracts/PeckShield-Hegic(v8888)/Hegic-v8888-2dcd44dc1ae07881e94d52fa618f9704bfd4ffda::HegicCALL,DAppSCAN-source/contracts/PeckShield-Hegic(v8888)/Hegic-v8888-2dcd44dc1ae07881e94d52fa618f9704bfd4ffda/contracts/Pool/HegicCall.sol,sellOption,DAppSCAN-source/contracts/PeckShield-Hegic(v8888)/Hegic-v8888-2dcd44dc1ae07881e94d52fa618f9704bfd4ffda/contracts/Pool/HegicCall.sol#L227-L274,0.9421246322395119,0,,external call plus guard/modifier/state-update signal,state_update_before_external_call|require_assert_guard_before_call|callee_user_controlled|safe_erc20_wrapper|contract_many_risky_interactions|contract_inheritance_modifier_summary,state_update_before_external_call|require_assert_guard_before_call|callee_user_controlled|safe_erc20_wrapper|contract_many_risky_interactions|contract_inheritance_modifier_summary,L39: token.safeTransferFrom(,L8: uint256 balance = totalBalance();,"L11: require(period >= 1 days, ""Pool Error: The period is too short"");","34:             block.timestamp + period,\n35:             hedgePremium,\n36:             unhedgePremium\n37:         );\n38: \n39:         token.safeTransferFrom(\n40:             _msgSender(),\n41:             address(this),\n42:             premium + settlementFee\n43:         );\n44: \n45:         settlementFeeRecipient.sendProfits(settlementFee);\n46:         if (hedgeFee > 0) token.safeTransfer(hedgePool, hedgeFee);\n47:         emit Acquired(id, settlementFee, premium);",i:sellOption,protected_negative,protected reentrancy-like pattern,external call plus guard/modifier/state-update signal,6
,"DAPP::DAppSCAN-source/contracts/Inspex-StakingPool, Vault, Strategy & VotingEscrow/scientix-contract-main::Scientist","DAppSCAN-source/contracts/Inspex-StakingPool, Vault, Strategy & VotingEscrow/scientix-contract-main/contracts/Scientist.sol",deposit,"DAppSCAN-source/contracts/Inspex-StakingPool, Vault, Strategy & VotingEscrow/scientix-contract-main/contracts/Scientist.sol#L462-L479",0.941945545185581,0,,external call plus guard/modifier/state-update signal,require_assert_guard_before_call|nonreentrant_modifier|callee_user_controlled|safe_erc20_wrapper|contract_many_risky_interactions|contract_modifier_access_summary|contract_inheritance_modifier_summary,require_assert_guard_before_call|nonreentrant_modifier|callee_user_controlled|safe_erc20_wrapper|contract_many_risky_interactions|contract_modifier_access_summary|contract_inheritance_modifier_summary,"L8: token.safeTransferFrom(msg.sender, address(this), _amount);",L5: CDP.Data storage _cdp = _cdps[msg.sender];,"nonReentrant/modifier | L3: require(!emergencyExit, ""emergency pause enabled"");","3:     require(!emergencyExit, ""emergency pause enabled"");\n4: \n5:     CDP.Data storage _cdp = _cdps[msg.sender];\n6:     _cdp.update(_ctx);\n7: \n8:     token.safeTransferFrom(msg.sender, address(this), _amount);\n9:     if(_amount >= flushActivator) {\n10:       flushActiveVault();\n11:     }\n12:     totalDeposited = totalDeposited.add(_amount);\n13: \n14:     _cdp.totalDeposited = _cdp.totalDeposited.add(_amount);\n15:     _cdp.lastDeposit = block.number;\n16: ",i:deposit,protected_negative,protected reentrancy-like pattern,external call plus guard/modifier/state-update signal,7
,DAPP::DAppSCAN-source/contracts/Inspex-SpookySwap Integration & Fantom Expansion/bsc-alpaca-contract-4553a34a6dcfcfbf7aebc693bb5c5c6074c73129::BSCPool,DAppSCAN-source/contracts/Inspex-SpookySwap Integration & Fantom Expansion/bsc-alpaca-contract-4553a34a6dcfcfbf7aebc693bb5c5c6074c73129/contracts/6/protocol/apis/mdex/BSCPool.sol,withdrawMdxAndToken,DAppSCAN-source/contracts/Inspex-SpookySwap Integration & Fantom Expansion/bsc-alpaca-contract-4553a34a6dcfcfbf7aebc693bb5c5c6074c73129/contracts/6/protocol/apis/mdex/BSCPool.sol#L412-L441,0.9412849178521223,0,,external call plus guard/modifier/state-update signal,require_assert_guard_before_call|callee_user_controlled|trusted_or_fixed_callee|safe_erc20_wrapper|contract_many_risky_interactions|contract_modifier_access_summary|contract_inheritance_modifier_summary,require_assert_guard_before_call|callee_user_controlled|trusted_or_fixed_callee|safe_erc20_wrapper|contract_many_risky_interactions|contract_modifier_access_summary|contract_inheritance_modifier_summary,"L21: IERC20(multLpToken).safeTransfer(_user, tokenPending);",L6: PoolInfo storage pool = poolInfo[_pid];,"L8: require(user.amount >= _amount, ""withdrawMdxAndToken: not good"");","16:       IMasterChefBSC(multLpChef).withdraw(poolCorrespond[_pid], _amount);\n17:       uint256 afterToken = IERC20(multLpToken).balanceOf(address(this));\n18:       pool.accMultLpPerShare = pool.accMultLpPerShare.add(afterToken.sub(beforeToken).mul(1e12).div(pool.totalAmount));\n19:       uint256 tokenPending = user.amount.mul(pool.accMultLpPerShare).div(1e12).sub(user.multLpRewardDebt);\n20:       if (tokenPending > 0) {\n21:         IERC20(multLpToken).safeTransfer(_user, tokenPending);\n22:       }\n23:       user.amount = user.amount.sub(_amount);\n24:       pool.totalAmount = pool.totalAmount.sub(_amount);\n25:       pool.lpToken.safeTransfer(_user, _amount);\n26:     }\n27:     user.rewardDebt = user.amount.mul(pool.accMdxPerShare).div(1e12);\n28:     user.multLpRewardDebt = user.amount.mul(pool.accMultLpPerShare).div(1e12);\n29:     emit Withdraw(_user, _pid, _amount);",i:withdrawMdxAndToken,protected_negative,protected reentrancy-like pattern,external call plus guard/modifier/state-update signal,7
,DAPP::DAppSCAN-source/contracts/PeckShield-Hegic(v8888)/Hegic-v8888-2dcd44dc1ae07881e94d52fa618f9704bfd4ffda::HegicStaking,DAppSCAN-source/contracts/PeckShield-Hegic(v8888)/Hegic-v8888-2dcd44dc1ae07881e94d52fa618f9704bfd4ffda/contracts/Staking/HegicStaking.sol,buyMicroLot,DAppSCAN-source/contracts/PeckShield-Hegic(v8888)/Hegic-v8888-2dcd44dc1ae07881e94d52fa618f9704bfd4ffda/contracts/Staking/HegicStaking.sol#L102-L110,0.940805259519743,0,,external call plus guard/modifier/state-update signal,state_update_before_external_call|require_assert_guard_before_call|trusted_or_fixed_callee|safe_erc20_wrapper|contract_inheritance_modifier_summary,state_update_before_external_call|require_assert_guard_before_call|trusted_or_fixed_callee|safe_erc20_wrapper|contract_inheritance_modifier_summary,"L7: HEGIC.safeTransferFrom(msg.sender, address(this), amount);",L4: lastBoughtTimestamp[msg.sender] = block.timestamp;,"L2: require(amount > 0, ""Amount is zero"");","2:         require(amount > 0, ""Amount is zero"");\n3:         saveProfits(msg.sender);\n4:         lastBoughtTimestamp[msg.sender] = block.timestamp;\n5:         microLotsTotal += amount;\n6:         microBalance[msg.sender] += amount;\n7:         HEGIC.safeTransferFrom(msg.sender, address(this), amount);\n8:         emit MicroLotsAcquired(msg.sender, amount);\n9:     }",i:buyMicroLot,protected_negative,protected reentrancy-like pattern,external call plus guard/modifier/state-update signal,5
,DAPP::DAppSCAN-source/contracts/Chainsecurity-Angle Protocol/angle-core-46e6d32837cbe97a4af0adb693e63afa0d01fc3e::CollateralSettlerERC20,DAppSCAN-source/contracts/Chainsecurity-Angle Protocol/angle-core-46e6d32837cbe97a4af0adb693e63afa0d01fc3e/contracts/collateralSettler/CollateralSettlerERC20.sol,recoverERC20,DAppSCAN-source/contracts/Chainsecurity-Angle Protocol/angle-core-46e6d32837cbe97a4af0adb693e63afa0d01fc3e/contracts/collateralSettler/CollateralSettlerERC20.sol#L445-L458,0.9406413996977702,0,,external call plus guard/modifier/state-update signal,state_update_before_external_call|require_assert_guard_before_call|only_owner_or_access_control|callee_user_controlled|trusted_or_fixed_callee|safe_erc20_wrapper|contract_many_risky_interactions|contract_modifier_access_summary|contract_inheritance_modifier_summary|access_control_signal,state_update_before_external_call|require_assert_guard_before_call|only_owner_or_access_control|callee_user_controlled|trusted_or_fixed_callee|safe_erc20_wrapper|contract_many_risky_interactions|contract_modifier_access_summary|contract_inheritance_modifier_summary,"L9: underlyingToken.safeTransfer(to, amountToRecover);",L8: amountToRedistribute -= amountToRecover;,"L7: require(amountToRedistribute >= amountToRecover, ""66""); | function recoverERC20(
        address tokenAddress,
        address to,
        uint256 amountToRecover
    ) external onlyRole(GOVERNOR_ROLE) onlyBaseAmountsComputed","4:         uint256 amountToRecover\n5:     ) external onlyRole(GOVERNOR_ROLE) onlyBaseAmountsComputed {\n6:         if (tokenAddress == address(underlyingToken)) {\n7:             require(amountToRedistribute >= amountToRecover, ""66"");\n8:             amountToRedistribute -= amountToRecover;\n9:             underlyingToken.safeTransfer(to, amountToRecover);\n10:         } else {\n11:             IERC20(tokenAddress).safeTransfer(to, amountToRecover);\n12:         }\n13:         emit Recovered(tokenAddress, to, amountToRecover);\n14:     }",i:recoverERC20,protected_negative,protected reentrancy-like pattern,external call plus guard/modifier/state-update signal,9
,DAPP::DAppSCAN-source/contracts/openzeppelin-Optimism/contracts-18e128343731b9bde23812ce932e24d81440b6b7::OVM_BondManager,DAppSCAN-source/contracts/openzeppelin-Optimism/contracts-18e128343731b9bde23812ce932e24d81440b6b7/contracts/optimistic-ethereum/OVM/verification/OVM_BondManager.sol,deposit,DAppSCAN-source/contracts/openzeppelin-Optimism/contracts-18e128343731b9bde23812ce932e24d81440b6b7/contracts/optimistic-ethereum/OVM/verification/OVM_BondManager.sol#L132-L140,0.9386733816600221,0,,external call plus guard/modifier/state-update signal,require_assert_guard_before_call|callee_user_controlled|contract_inheritance_modifier_summary,require_assert_guard_before_call|callee_user_controlled|contract_inheritance_modifier_summary,,L8: bonds[msg.sender].state = State.COLLATERALIZED;,L2: require(,"1: function deposit() override public {\n2:         require(\n3:             token.transferFrom(msg.sender, address(this), requiredCollateral),\n4:             Errors.ERC20_ERR\n5:         );\n6: \n7:         // This cannot overflow\n8:         bonds[msg.sender].state = State.COLLATERALIZED;\n9:     }",i:deposit,ambiguous,protected reentrancy-like pattern,external call plus guard/modifier/state-update signal,3
,DAPP::DAppSCAN-source/contracts/PeckShield-BabySwap/code::SousChef,DAppSCAN-source/contracts/PeckShield-BabySwap/code/baby-swap-contract-cac289bf978d969c95721c2adb9f199cee72ffa6/contracts/farm/SousChef.sol,deposit,DAppSCAN-source/contracts/PeckShield-BabySwap/code/baby-swap-contract-cac289bf978d969c95721c2adb9f199cee72ffa6/contracts/farm/SousChef.sol#L129-L143,0.9383174436958364,0,,external call plus guard/modifier/state-update signal,require_assert_guard_before_call|callee_user_controlled|safe_erc20_wrapper,require_assert_guard_before_call|callee_user_controlled|safe_erc20_wrapper,"L5: syrup.safeTransferFrom(address(msg.sender), address(this), _amount);",L3: UserInfo storage user = userInfo[msg.sender];,"L2: require (_amount > 0, 'amount 0');","1: function deposit(uint256 _amount) public {\n2:         require (_amount > 0, 'amount 0');\n3:         UserInfo storage user = userInfo[msg.sender];\n4:         updatePool();\n5:         syrup.safeTransferFrom(address(msg.sender), address(this), _amount);\n6:         // The deposit behavior before farming will result in duplicate addresses, and thus we will manually remove them when airdropping.\n7:         if (user.amount == 0 && user.rewardPending == 0 && user.rewardDebt == 0) {\n8:             addressList.push(address(msg.sender));\n9:         }\n10:         user.rewardPending = user.amount.mul(poolInfo.accRewardPerShare).div(1e12).sub(user.rewardDebt).add(user.rewardPending);\n11:         user.amount = user.amount.add(_amount);\n12:         user.rewardDebt = user.amount.mul(poolInfo.accRewardPerShare).div(1e12);\n13: \n14:         emit Deposit(msg.sender, _amount);",i:deposit,protected_negative,protected reentrancy-like pattern,external call plus guard/modifier/state-update signal,3
,DAPP::DAppSCAN-source/contracts/Trail_of_Bits-88mph/88mph-contracts-76cd9d1fc45e65f5d0f686621fe6af85c40aa140::ZeroCouponBond,DAppSCAN-source/contracts/Trail_of_Bits-88mph/88mph-contracts-76cd9d1fc45e65f5d0f686621fe6af85c40aa140/contracts/zero-coupon-bond/ZeroCouponBond.sol,initialize,DAppSCAN-source/contracts/Trail_of_Bits-88mph/88mph-contracts-76cd9d1fc45e65f5d0f686621fe6af85c40aa140/contracts/zero-coupon-bond/ZeroCouponBond.sol#L39-L78,0.9373055684266527,0,,external call plus guard/modifier/state-update signal,state_update_before_external_call|nonreentrant_modifier|callee_user_controlled|safe_erc20_wrapper|contract_modifier_access_summary,state_update_before_external_call|nonreentrant_modifier|callee_user_controlled|safe_erc20_wrapper|contract_modifier_access_summary,L23: stablecoin.safeTransferFrom(,L13: pool = DInterest(_pool);,nonReentrant/modifier,"18: \n19:         // set decimals to be the same as the underlying stablecoin\n20:         _decimals = pool.stablecoin().decimals();\n21: \n22:         // create deposit\n23:         stablecoin.safeTransferFrom(\n24:             _creator,\n25:             address(this),\n26:             _initialDepositAmount\n27:         );\n28:         stablecoin.safeApprove(address(pool), type(uint256).max);\n29:         uint256 interestAmount;\n30:         (depositID, interestAmount) = pool.deposit(\n31:             _initialDepositAmount,",i:initialize,protected_negative,protected reentrancy-like pattern,external call plus guard/modifier/state-update signal,5
,DAPP::DAppSCAN-source/contracts/consensys-Skyweaver/Skyweaver-contracts-bde0c184db6168bf86656a48b12d5747950b54d9::SilverCardsFactory,DAppSCAN-source/contracts/consensys-Skyweaver/Skyweaver-contracts-bde0c184db6168bf86656a48b12d5747950b54d9/contracts/shop/SilverCardsFactory.sol,withdraw,DAppSCAN-source/contracts/consensys-Skyweaver/Skyweaver-contracts-bde0c184db6168bf86656a48b12d5747950b54d9/contracts/shop/SilverCardsFactory.sol#L129-L133,0.9360056382861929,0,,external call plus guard/modifier/state-update signal,require_assert_guard_before_call|only_owner_or_access_control|safe_erc20_wrapper|contract_modifier_access_summary|access_control_signal,require_assert_guard_before_call|only_owner_or_access_control|safe_erc20_wrapper|contract_modifier_access_summary,"L4: arcadeumCoin.safeTransferFrom(address(this), _recipient, arcadeumCoinID, thisBalance, """");","L3: uint256 thisBalance = arcadeumCoin.balanceOf(address(this), arcadeumCoinID);","L2: require(_recipient != address(0x0), ""SilverCardsFactory#withdraw: INVALID_RECIPIENT""); | function withdraw(address _recipient) external onlyOwner()","1: function withdraw(address _recipient) external onlyOwner() {\n2:     require(_recipient != address(0x0), ""SilverCardsFactory#withdraw: INVALID_RECIPIENT"");\n3:     uint256 thisBalance = arcadeumCoin.balanceOf(address(this), arcadeumCoinID);\n4:     arcadeumCoin.safeTransferFrom(address(this), _recipient, arcadeumCoinID, thisBalance, """");\n5:   }",i:withdraw,protected_negative,protected reentrancy-like pattern,external call plus guard/modifier/state-update signal,4
,DAPP::DAppSCAN-source/contracts/consensys-Gamma/hypervisor-41fd4abf79864478523e87924d4e80d80df04879::HypervisorFactory,DAppSCAN-source/contracts/consensys-Gamma/hypervisor-41fd4abf79864478523e87924d4e80d80df04879/contracts/HypervisorFactory.sol,createHypervisor,DAppSCAN-source/contracts/consensys-Gamma/hypervisor-41fd4abf79864478523e87924d4e80d80df04879/contracts/HypervisorFactory.sol#L25-L51,0.9357564113673196,0,,external call plus guard/modifier/state-update signal,require_assert_guard_before_call|only_owner_or_access_control|callee_user_controlled|contract_modifier_access_summary|access_control_signal,require_assert_guard_before_call|only_owner_or_access_control|callee_user_controlled|contract_modifier_access_summary,,L13: int24 tickSpacing = uniswapV3Factory.feeAmountTickSpacing(fee);,"L9: require(tokenA != tokenB, 'SF: IDENTICAL_ADDRESSES'); // TODO: using PoolAddress library (uniswap-v3-periphery) | function createHypervisor(
        address tokenA,
        address tokenB,
        uint24 fee,
        string memory name,
        string memory symbol

    ) external onlyOwner returns (address hypervisor)","1: function createHypervisor(\n2:         address tokenA,\n3:         address tokenB,\n4:         uint24 fee,\n5:         string memory name,\n6:         string memory symbol\n7: \n8:     ) external onlyOwner returns (address hypervisor) {\n9:         require(tokenA != tokenB, 'SF: IDENTICAL_ADDRESSES'); // TODO: using PoolAddress library (uniswap-v3-periphery)\n10:         (address token0, address token1) = tokenA < tokenB ? (tokenA, tokenB) : (tokenB, tokenA);\n11:         require(token0 != address(0), 'SF: ZERO_ADDRESS');\n12:         require(getHypervisor[token0][token1][fee] == address(0), 'SF: HYPERVISOR_EXISTS');\n13:         int24 tickSpacing = uniswapV3Factory.feeAmountTickSpacing(fee);\n14:         require(tickSpacing != 0, 'SF: INCORRECT_FEE');",i:createHypervisor,ambiguous,protected reentrancy-like pattern,external call plus guard/modifier/state-update signal,4
,DAPP::DAppSCAN-source/contracts/openzeppelin-Optimism/contracts-18e128343731b9bde23812ce932e24d81440b6b7::OVM_StateTransitioner,DAppSCAN-source/contracts/openzeppelin-Optimism/contracts-18e128343731b9bde23812ce932e24d81440b6b7/contracts/optimistic-ethereum/OVM/verification/OVM_StateTransitioner.sol,applyTransaction,DAppSCAN-source/contracts/openzeppelin-Optimism/contracts-18e128343731b9bde23812ce932e24d81440b6b7/contracts/optimistic-ethereum/OVM/verification/OVM_StateTransitioner.sol#L323-L358,0.9340414227948417,0,,external call plus guard/modifier/state-update signal,state_update_after_external_call|require_assert_guard_before_call|callee_user_controlled|contract_inheritance_modifier_summary,state_update_after_external_call|require_assert_guard_before_call|callee_user_controlled|contract_inheritance_modifier_summary,,L16: // This includes 1/64 of the gas getting lost because of EIP-150 (lost twice--first,L9: require(,"1: function applyTransaction(\n2:         Lib_OVMCodec.Transaction memory _transaction\n3:     )\n4:         override\n5:         public\n6:         onlyDuringPhase(TransitionPhase.PRE_EXECUTION)\n7:         contributesToFraudProof(preStateRoot, transactionHash)\n8:     {\n9:         require(\n10:             Lib_OVMCodec.hashTransaction(_transaction) == transactionHash,\n11:             ""Invalid transaction provided.""\n12:         );\n13: \n14:         // We require gas to complete the logic here in run() before/after execution,",i:applyTransaction,ambiguous,protected reentrancy-like pattern,external call plus guard/modifier/state-update signal,4
,DAPP::DAppSCAN-source/contracts/Inspex-SpookySwap Integration & Fantom Expansion/bsc-alpaca-contract-4553a34a6dcfcfbf7aebc693bb5c5c6074c73129::Vault,DAppSCAN-source/contracts/Inspex-SpookySwap Integration & Fantom Expansion/bsc-alpaca-contract-4553a34a6dcfcfbf7aebc693bb5c5c6074c73129/contracts/6/protocol/Vault.sol,work,DAppSCAN-source/contracts/Inspex-SpookySwap Integration & Fantom Expansion/bsc-alpaca-contract-4553a34a6dcfcfbf7aebc693bb5c5c6074c73129/contracts/6/protocol/Vault.sol#L335-L394,0.9339819094232309,0,,external call plus guard/modifier/state-update signal,state_update_before_external_call|state_update_after_external_call|require_assert_guard_before_call|nonreentrant_modifier|only_owner_or_access_control|callee_user_controlled|safe_erc20_wrapper|contract_many_risky_interactions|contract_modifier_access_summary|contract_inheritance_modifier_summary|access_control_signal,state_update_before_external_call|state_update_after_external_call|require_assert_guard_before_call|nonreentrant_modifier|only_owner_or_access_control|callee_user_controlled|safe_erc20_wrapper|contract_many_risky_interactions|contract_modifier_access_summary|contract_inheritance_modifier_summary,"L38: SafeToken.safeTransfer(token, worker, sendBEP20);",L13: id = nextPositionID++;,"nonReentrant/modifier | L9: require(fairLaunchPoolId != uint256(-1), ""poolId not set""); | function work(
    uint256 id,
    address worker,
    uint256 principalAmount,
    uint256 borrowAmount,
    uint256 maxReturn,
    bytes calldata data
  ) external payable onlyEOAorWhitelisted transferTokenToVault(principalAmount) accrue(principalAmount) nonReentrant","33:     uint256 back;\n34:     {\n35:       uint256 sendBEP20 = principalAmount.add(borrowAmount);\n36:       require(sendBEP20 <= SafeToken.myBalance(token), ""insufficient funds in the vault"");\n37:       uint256 beforeBEP20 = SafeToken.myBalance(token).sub(sendBEP20);\n38:       SafeToken.safeTransfer(token, worker, sendBEP20);\n39:       IWorker(worker).work(id, msg.sender, debt, data);\n40:       back = SafeToken.myBalance(token).sub(beforeBEP20);\n41:     }\n42:     // 4. Check and update position debt.\n43:     uint256 lessDebt = Math.min(debt, Math.min(back, maxReturn));\n44:     debt = debt.sub(lessDebt);\n45:     if (debt > 0) {\n46:       require(debt >= config.minDebtSize(), ""too small debt size"");",i:work,protected_negative,protected reentrancy-like pattern,external call plus guard/modifier/state-update signal,10
,DAPP::DAppSCAN-source/contracts/Trail_of_Bits-88mph/88mph-contracts-76cd9d1fc45e65f5d0f686621fe6af85c40aa140::DInterestWithDepositFee,DAppSCAN-source/contracts/Trail_of_Bits-88mph/88mph-contracts-76cd9d1fc45e65f5d0f686621fe6af85c40aa140/contracts/DInterestWithDepositFee.sol,setInterestOracle,DAppSCAN-source/contracts/Trail_of_Bits-88mph/88mph-contracts-76cd9d1fc45e65f5d0f686621fe6af85c40aa140/contracts/DInterestWithDepositFee.sol#L1483-L1488,0.9335063266495799,0,,external call plus guard/modifier/state-update signal,state_update_before_external_call|require_assert_guard_before_call|only_owner_or_access_control|callee_user_controlled|contract_many_risky_interactions|contract_modifier_access_summary|contract_inheritance_modifier_summary|access_control_signal,state_update_before_external_call|require_assert_guard_before_call|only_owner_or_access_control|callee_user_controlled|contract_many_risky_interactions|contract_modifier_access_summary|contract_inheritance_modifier_summary,,L3: interestOracle = IInterestOracle(newValue);,"L2: require(newValue.isContract(), ""NOT_CONTRACT""); | function setInterestOracle(address newValue) external onlyOwner","1: function setInterestOracle(address newValue) external onlyOwner {\n2:         require(newValue.isContract(), ""NOT_CONTRACT"");\n3:         interestOracle = IInterestOracle(newValue);\n4:         require(interestOracle.moneyMarket() == moneyMarket, ""BAD_ORACLE"");\n5:         emit ESetParamAddress(msg.sender, ""interestOracle"", newValue);\n6:     }",i:setInterestOracle,ambiguous,protected reentrancy-like pattern,external call plus guard/modifier/state-update signal,7
,DAPP::DAppSCAN-source/contracts/Trail_of_Bits-88mph/88mph-contracts-76cd9d1fc45e65f5d0f686621fe6af85c40aa140::DInterest,DAppSCAN-source/contracts/Trail_of_Bits-88mph/88mph-contracts-76cd9d1fc45e65f5d0f686621fe6af85c40aa140/contracts/DInterest.sol,setInterestOracle,DAppSCAN-source/contracts/Trail_of_Bits-88mph/88mph-contracts-76cd9d1fc45e65f5d0f686621fe6af85c40aa140/contracts/DInterest.sol#L1483-L1488,0.9335063266495799,0,,external call plus guard/modifier/state-update signal,state_update_before_external_call|require_assert_guard_before_call|only_owner_or_access_control|callee_user_controlled|contract_many_risky_interactions|contract_modifier_access_summary|contract_inheritance_modifier_summary|access_control_signal,state_update_before_external_call|require_assert_guard_before_call|only_owner_or_access_control|callee_user_controlled|contract_many_risky_interactions|contract_modifier_access_summary|contract_inheritance_modifier_summary,,L3: interestOracle = IInterestOracle(newValue);,"L2: require(newValue.isContract(), ""NOT_CONTRACT""); | function setInterestOracle(address newValue) external onlyOwner","1: function setInterestOracle(address newValue) external onlyOwner {\n2:         require(newValue.isContract(), ""NOT_CONTRACT"");\n3:         interestOracle = IInterestOracle(newValue);\n4:         require(interestOracle.moneyMarket() == moneyMarket, ""BAD_ORACLE"");\n5:         emit ESetParamAddress(msg.sender, ""interestOracle"", newValue);\n6:     }",i:setInterestOracle,ambiguous,protected reentrancy-like pattern,external call plus guard/modifier/state-update signal,7
,"DAPP::DAppSCAN-source/contracts/Inspex-Tokens, Farm & Shop/-SpeedStar-Audit-3e39d7acf9c1aa9f3a5511c161c2035ba7d6bc1f::SwapHorse","DAppSCAN-source/contracts/Inspex-Tokens, Farm & Shop/-SpeedStar-Audit-3e39d7acf9c1aa9f3a5511c161c2035ba7d6bc1f/contracts/SwapHorse.sol",swapHorses,"DAppSCAN-source/contracts/Inspex-Tokens, Farm & Shop/-SpeedStar-Audit-3e39d7acf9c1aa9f3a5511c161c2035ba7d6bc1f/contracts/SwapHorse.sol#L49-L73",0.933470666544321,0,,external call plus guard/modifier/state-update signal,require_assert_guard_before_call|only_owner_or_access_control|contract_modifier_access_summary|contract_inheritance_modifier_summary|access_control_signal,require_assert_guard_before_call|only_owner_or_access_control|contract_modifier_access_summary|contract_inheritance_modifier_summary,,L3: for (uint256 index = 0; index < _tokenIds.length; index++) {,L4: require( | function swapHorses(uint256[] memory _tokenIds) external,"1: function swapHorses(uint256[] memory _tokenIds) external {\n2:         // check owner\n3:         for (uint256 index = 0; index < _tokenIds.length; index++) {\n4:             require(\n5:                 oldHorse.ownerOf(_tokenIds[index]) == msg.sender,\n6:                 ""User is not owner.""\n7:             );\n8:         }\n9: \n10:         require(\n11:             oldHorse.isApprovedForAll(msg.sender, address(this)),\n12:             ""Require approve contract.""\n13:         );\n14: ",i:swapHorses,ambiguous,protected reentrancy-like pattern,external call plus guard/modifier/state-update signal,4
,DAPP::DAppSCAN-source/contracts/QuillAudits-AAVE-ParaSwap Adapter/aave-protocol-v2-14e2ab47d95f42ec5ee486f367067e78a7588878::UniswapLiquiditySwapAdapter,DAppSCAN-source/contracts/QuillAudits-AAVE-ParaSwap Adapter/aave-protocol-v2-14e2ab47d95f42ec5ee486f367067e78a7588878/contracts/adapters/UniswapLiquiditySwapAdapter.sol,swapAndDeposit,DAppSCAN-source/contracts/QuillAudits-AAVE-ParaSwap Adapter/aave-protocol-v2-14e2ab47d95f42ec5ee486f367067e78a7588878/contracts/adapters/UniswapLiquiditySwapAdapter.sol#L130-L177,0.9315945044511336,0,,external call plus guard/modifier/state-update signal,require_assert_guard_before_call|trusted_or_fixed_callee|safe_erc20_wrapper,require_assert_guard_before_call|trusted_or_fixed_callee|safe_erc20_wrapper,,L19: for (vars.i = 0; vars.i < assetToSwapFromList.length; vars.i++) {,L9: require(,"1: function swapAndDeposit(\n2:     address[] calldata assetToSwapFromList,\n3:     address[] calldata assetToSwapToList,\n4:     uint256[] calldata amountToSwapList,\n5:     uint256[] calldata minAmountsToReceive,\n6:     PermitSignature[] calldata permitParams,\n7:     bool[] calldata useEthPath\n8:   ) external {\n9:     require(\n10:       assetToSwapFromList.length == assetToSwapToList.length &&\n11:         assetToSwapFromList.length == amountToSwapList.length &&\n12:         assetToSwapFromList.length == minAmountsToReceive.length &&\n13:         assetToSwapFromList.length == permitParams.length,\n14:       'INCONSISTENT_PARAMS'",i:swapAndDeposit,protected_negative,protected reentrancy-like pattern,external call plus guard/modifier/state-update signal,3
,DAPP::DAppSCAN-source/contracts/QuillAudits-BCUBE Smart Contract/b-cube-ico-13f9f8a991a65f3e0ca60a2078121fdd5a921fb0::Treasury,DAppSCAN-source/contracts/QuillAudits-BCUBE Smart Contract/b-cube-ico-13f9f8a991a65f3e0ca60a2078121fdd5a921fb0/contracts/Treasury.sol,devFundShareWithdraw,DAppSCAN-source/contracts/QuillAudits-BCUBE Smart Contract/b-cube-ico-13f9f8a991a65f3e0ca60a2078121fdd5a921fb0/contracts/Treasury.sol#L187-L207,0.9311685921060757,0,,external call plus guard/modifier/state-update signal,state_update_before_external_call|require_assert_guard_before_call|callee_user_controlled|safe_erc20_wrapper|contract_many_risky_interactions,state_update_before_external_call|require_assert_guard_before_call|callee_user_controlled|safe_erc20_wrapper|contract_many_risky_interactions,"L19: token().safeTransfer(wallet(), bcubeAmount);",L7: if (now >= listingTime + 104 weeks) allowance = 1_875_000e18 * 4;,L14: require(,"14:         require(\n15:             finalDevFundShareWithdrawn <= devFundAllowance,\n16:             ""Out of dev fund share""\n17:         );\n18:         devFundShareWithdrawn = finalDevFundShareWithdrawn;\n19:         token().safeTransfer(wallet(), bcubeAmount);\n20:         emit LogDevFundShareWithdrawn(bcubeAmount);\n21:     }",i:devFundShareWithdraw,protected_negative,protected reentrancy-like pattern,external call plus guard/modifier/state-update signal,5
,DAPP::DAppSCAN-source/contracts/PeckShield-AirSwap/airswap-protocols-b87d292aaf6e28ede564b7ea28ece39219994607::Delegate,DAppSCAN-source/contracts/PeckShield-AirSwap/airswap-protocols-b87d292aaf6e28ede564b7ea28ece39219994607/source/delegate/contracts/Delegate.sol,setRuleAndIntent,DAppSCAN-source/contracts/PeckShield-AirSwap/airswap-protocols-b87d292aaf6e28ede564b7ea28ece39219994607/source/delegate/contracts/Delegate.sol#L142-L170,0.9284123659822094,0,,external call plus guard/modifier/state-update signal,require_assert_guard_before_call|only_owner_or_access_control|trusted_or_fixed_callee|contract_modifier_access_summary|contract_inheritance_modifier_summary|access_control_signal,require_assert_guard_before_call|only_owner_or_access_control|trusted_or_fixed_callee|contract_modifier_access_summary|contract_inheritance_modifier_summary,,,"L17: require( | function setRuleAndIntent(
    address senderToken,
    address signerToken,
    Rule calldata rule,
    uint256 amountToStake
  ) external onlyOwner","1: function setRuleAndIntent(\n2:     address senderToken,\n3:     address signerToken,\n4:     Rule calldata rule,\n5:     uint256 amountToStake\n6:   ) external onlyOwner {\n7:     _setRule(\n8:       senderToken,\n9:       signerToken,\n10:       rule.maxSenderAmount,\n11:       rule.priceCoef,\n12:       rule.priceExp\n13:     );\n14: ",i:setRuleAndIntent,ambiguous,protected reentrancy-like pattern,external call plus guard/modifier/state-update signal,5
,DAPP::DAppSCAN-source/contracts/PeckShield-DSG/core-6f607f77698936e132e4e9b5cb4d75580636d919::SwapRouter,DAppSCAN-source/contracts/PeckShield-DSG/core-6f607f77698936e132e4e9b5cb4d75580636d919/contracts/swap/SwapRouter.sol,externalSwap,DAppSCAN-source/contracts/PeckShield-DSG/core-6f607f77698936e132e4e9b5cb4d75580636d919/contracts/swap/SwapRouter.sol#L500-L538,0.9275690585347921,0,,external call plus guard/modifier/state-update signal,return_value_checked|require_assert_guard_before_call|callee_user_controlled|safe_erc20_wrapper|contract_inheritance_modifier_summary,return_value_checked|require_assert_guard_before_call|callee_user_controlled|safe_erc20_wrapper|contract_inheritance_modifier_summary,"L21: TransferHelper.safeTransferFrom(fromToken, msg.sender, address(this), fromTokenAmount);","L19: uint256 toTokenOriginBalance = TransferHelper.universalBalanceOf(toToken, msg.sender);","L17: require(minReturnAmount > 0, ""SwapRouter: RETURN_AMOUNT_ZERO"");","16:     {\n17:         require(minReturnAmount > 0, ""SwapRouter: RETURN_AMOUNT_ZERO"");\n18: \n19:         uint256 toTokenOriginBalance = TransferHelper.universalBalanceOf(toToken, msg.sender);\n20:         if (!TransferHelper.isETH(fromToken)) {\n21:             TransferHelper.safeTransferFrom(fromToken, msg.sender, address(this), fromTokenAmount);\n22: \n23:             TransferHelper.universalApproveMax(fromToken, approveTarget, fromTokenAmount);\n24:         }\n25: \n26:         require(isWhiteListed[swapTarget], ""SwapRouter: Not Whitelist Contract"");\n27:         (bool success, ) = swapTarget.call{value: TransferHelper.isETH(fromToken) ? msg.value : 0}(callDataConcat);\n28: \n29:         require(success, ""SwapRouter: External Swap execution Failed"");",i:externalSwap,protected_negative,protected reentrancy-like pattern,external call plus guard/modifier/state-update signal,5
,DAPP::DAppSCAN-source/contracts/openzeppelin-Optimism/contracts-18e128343731b9bde23812ce932e24d81440b6b7::mockOVM_CrossDomainMessenger,DAppSCAN-source/contracts/openzeppelin-Optimism/contracts-18e128343731b9bde23812ce932e24d81440b6b7/contracts/optimistic-ethereum/mockOVM/bridge/mockOVM_CrossDomainMessenger.sol,relayNextMessage,DAppSCAN-source/contracts/openzeppelin-Optimism/contracts-18e128343731b9bde23812ce932e24d81440b6b7/contracts/optimistic-ethereum/mockOVM/bridge/mockOVM_CrossDomainMessenger.sol#L133-L144,0.9273997896162911,0,,external call plus guard/modifier/state-update signal,state_update_before_external_call|state_update_after_external_call|return_value_checked|require_assert_guard_before_call|contract_inheritance_modifier_summary,state_update_before_external_call|state_update_after_external_call|return_value_checked|require_assert_guard_before_call|contract_inheritance_modifier_summary,,L5: ReceivedMessage memory nextMessage = fullReceivedMessages[lastRelayedMessage];,"L4: require(hasNextMessage(), ""No pending messages to relay"");","1: function relayNextMessage()\n2:         public\n3:     {\n4:         require(hasNextMessage(), ""No pending messages to relay"");\n5:         ReceivedMessage memory nextMessage = fullReceivedMessages[lastRelayedMessage];\n6:         require(nextMessage.timestamp + delay < block.timestamp, ""Message is not ready to be relayed. The delay period is not up yet!"");\n7: \n8:         xDomainMessageSender = nextMessage.sender;\n9:         (bool success,) = nextMessage.target.call{gas: nextMessage.gasLimit}(nextMessage.message);\n10:         require(success, ""Cross-domain message call reverted. Did you set your gas limit high enough?"");\n11:         lastRelayedMessage += 1;\n12:     }",i:relayNextMessage,ambiguous,protected reentrancy-like pattern,external call plus guard/modifier/state-update signal,5
,DAPP::DAppSCAN-source/contracts/consensys-Fei_Protocol_v2_Phase_1/fei-protocol-core-5e3e2ab889f06831f4fe2e8460066ded40ccf0a8::Core,DAppSCAN-source/contracts/consensys-Fei_Protocol_v2_Phase_1/fei-protocol-core-5e3e2ab889f06831f4fe2e8460066ded40ccf0a8/contracts/core/Core.sol,allocateTribe,DAppSCAN-source/contracts/consensys-Fei_Protocol_v2_Phase_1/fei-protocol-core-5e3e2ab889f06831f4fe2e8460066ded40ccf0a8/contracts/core/Core.sol#L46-L60,0.9266103449266271,0,,external call plus guard/modifier/state-update signal,require_assert_guard_before_call|only_owner_or_access_control|contract_modifier_access_summary|contract_inheritance_modifier_summary|access_control_signal,require_assert_guard_before_call|only_owner_or_access_control|contract_modifier_access_summary|contract_inheritance_modifier_summary,"L12: _tribe.transfer(to, amount);",L6: IERC20 _tribe = tribe;,"L7: require( | function allocateTribe(address to, uint256 amount)
        external
        override
        onlyGovernor","7:         require(\n8:             _tribe.balanceOf(address(this)) >= amount,\n9:             ""Core: Not enough Tribe""\n10:         );\n11: \n12:         _tribe.transfer(to, amount);\n13: \n14:         emit TribeAllocation(to, amount);\n15:     }",i:allocateTribe,ambiguous,protected reentrancy-like pattern,external call plus guard/modifier/state-update signal,4
,DAPP::DAppSCAN-source/contracts/Trail_of_Bits-FraxQ42021/frax-solidity-bd40775e283923aa9e32a107abd426430a99835e::CommunalFarm,DAppSCAN-source/contracts/Trail_of_Bits-FraxQ42021/frax-solidity-bd40775e283923aa9e32a107abd426430a99835e/src/hardhat/contracts/Staking/CommunalFarm.sol,_stakeLocked,DAppSCAN-source/contracts/Trail_of_Bits-FraxQ42021/frax-solidity-bd40775e283923aa9e32a107abd426430a99835e/src/hardhat/contracts/Staking/CommunalFarm.sol#L377-L414,0.9257640581674426,0,,external call plus guard/modifier/state-update signal,state_update_after_external_call|require_assert_guard_before_call|safe_erc20_wrapper|contract_inheritance_modifier_summary,state_update_after_external_call|require_assert_guard_before_call|safe_erc20_wrapper|contract_inheritance_modifier_summary,"L25: TransferHelper.safeTransferFrom(address(stakingToken), source_address, address(this), liquidity);",L14: uint256 lock_multiplier = lockMultiplier(secs);,"L8: require(!stakingPaused, ""Staking paused"");","20:             start_timestamp.add(secs),\n21:             lock_multiplier\n22:         ));\n23: \n24:         // Pull the tokens from the source_address\n25:         TransferHelper.safeTransferFrom(address(stakingToken), source_address, address(this), liquidity);\n26: \n27:         // Update liquidities\n28:         _total_liquidity_locked = _total_liquidity_locked.add(liquidity);\n29:         _locked_liquidity[staker_address] = _locked_liquidity[staker_address].add(liquidity);\n30: \n31:         // Need to call to update the combined weights\n32:         _updateRewardAndBalance(staker_address, false);\n33: ",i:_stakeLocked,protected_negative,protected reentrancy-like pattern,external call plus guard/modifier/state-update signal,4
,DAPP::DAppSCAN-source/contracts/Trail_of_Bits-FraxQ42021/frax-solidity-bd40775e283923aa9e32a107abd426430a99835e::CommunalFarm_SaddleD4,DAppSCAN-source/contracts/Trail_of_Bits-FraxQ42021/frax-solidity-bd40775e283923aa9e32a107abd426430a99835e/src/hardhat/contracts/Staking/Variants/CommunalFarm_SaddleD4.sol,_stakeLocked,DAppSCAN-source/contracts/Trail_of_Bits-FraxQ42021/frax-solidity-bd40775e283923aa9e32a107abd426430a99835e/src/hardhat/contracts/Staking/Variants/CommunalFarm_SaddleD4.sol#L377-L414,0.9257640581674426,0,,external call plus guard/modifier/state-update signal,state_update_after_external_call|require_assert_guard_before_call|safe_erc20_wrapper|contract_inheritance_modifier_summary,state_update_after_external_call|require_assert_guard_before_call|safe_erc20_wrapper|contract_inheritance_modifier_summary,"L25: TransferHelper.safeTransferFrom(address(stakingToken), source_address, address(this), liquidity);",L14: uint256 lock_multiplier = lockMultiplier(secs);,"L8: require(!stakingPaused, ""Staking paused"");","20:             start_timestamp.add(secs),\n21:             lock_multiplier\n22:         ));\n23: \n24:         // Pull the tokens from the source_address\n25:         TransferHelper.safeTransferFrom(address(stakingToken), source_address, address(this), liquidity);\n26: \n27:         // Update liquidities\n28:         _total_liquidity_locked = _total_liquidity_locked.add(liquidity);\n29:         _locked_liquidity[staker_address] = _locked_liquidity[staker_address].add(liquidity);\n30: \n31:         // Need to call to update the combined weights\n32:         _updateRewardAndBalance(staker_address, false);\n33: ",i:_stakeLocked,protected_negative,protected reentrancy-like pattern,external call plus guard/modifier/state-update signal,4
,DAPP::DAppSCAN-source/contracts/Inspex-Optimized Worker/bsc-alpaca-contract-1aee2ceec77e3fd3162b74858c846cdc5692928d::MasterChef,DAppSCAN-source/contracts/Inspex-Optimized Worker/bsc-alpaca-contract-1aee2ceec77e3fd3162b74858c846cdc5692928d/contracts/6/protocol/apis/sushi/MasterChef.sol,migrate,DAppSCAN-source/contracts/Inspex-Optimized Worker/bsc-alpaca-contract-1aee2ceec77e3fd3162b74858c846cdc5692928d/contracts/6/protocol/apis/sushi/MasterChef.sol#L1537-L1546,0.9250295599511811,0,,external call plus guard/modifier/state-update signal,require_assert_guard_before_call|callee_user_controlled|safe_erc20_wrapper|contract_modifier_access_summary,require_assert_guard_before_call|callee_user_controlled|safe_erc20_wrapper|contract_modifier_access_summary,,L3: PoolInfo storage pool = poolInfo[_pid];,"L2: require(address(migrator) != address(0), ""migrate: no migrator"");","1: function migrate(uint256 _pid) public {\n2:         require(address(migrator) != address(0), ""migrate: no migrator"");\n3:         PoolInfo storage pool = poolInfo[_pid];\n4:         IERC20 lpToken = pool.lpToken;\n5:         uint256 bal = lpToken.balanceOf(address(this));\n6:         lpToken.safeApprove(address(migrator), bal);\n7:         IERC20 newLpToken = migrator.migrate(lpToken);\n8:         require(bal == newLpToken.balanceOf(address(this)), ""migrate: bad"");\n9:         pool.lpToken = newLpToken;\n10:     }",i:migrate,protected_negative,protected reentrancy-like pattern,external call plus guard/modifier/state-update signal,4
,DAPP::DAppSCAN-source/contracts/Inspex-SpookySwap Integration & Fantom Expansion/bsc-alpaca-contract-4553a34a6dcfcfbf7aebc693bb5c5c6074c73129::MasterChef,DAppSCAN-source/contracts/Inspex-SpookySwap Integration & Fantom Expansion/bsc-alpaca-contract-4553a34a6dcfcfbf7aebc693bb5c5c6074c73129/contracts/6/protocol/apis/sushi/MasterChef.sol,migrate,DAppSCAN-source/contracts/Inspex-SpookySwap Integration & Fantom Expansion/bsc-alpaca-contract-4553a34a6dcfcfbf7aebc693bb5c5c6074c73129/contracts/6/protocol/apis/sushi/MasterChef.sol#L1537-L1546,0.9250294607453313,0,,external call plus guard/modifier/state-update signal,require_assert_guard_before_call|callee_user_controlled|safe_erc20_wrapper|contract_modifier_access_summary,require_assert_guard_before_call|callee_user_controlled|safe_erc20_wrapper|contract_modifier_access_summary,,L3: PoolInfo storage pool = poolInfo[_pid];,"L2: require(address(migrator) != address(0), ""migrate: no migrator"");","1: function migrate(uint256 _pid) public {\n2:         require(address(migrator) != address(0), ""migrate: no migrator"");\n3:         PoolInfo storage pool = poolInfo[_pid];\n4:         IERC20 lpToken = pool.lpToken;\n5:         uint256 bal = lpToken.balanceOf(address(this));\n6:         lpToken.safeApprove(address(migrator), bal);\n7:         IERC20 newLpToken = migrator.migrate(lpToken);\n8:         require(bal == newLpToken.balanceOf(address(this)), ""migrate: bad"");\n9:         pool.lpToken = newLpToken;\n10:     }",i:migrate,protected_negative,protected reentrancy-like pattern,external call plus guard/modifier/state-update signal,4
top50_weak_or_no_safety,DAPP::DAppSCAN-source/contracts/Iosiro-Synthetix Phase 2 Smart Contract Audit/synthetix-fdd4782ebebd7b4892c8a68000f76708d5d1aa7b::FeePool,DAppSCAN-source/contracts/Iosiro-Synthetix Phase 2 Smart Contract Audit/synthetix-fdd4782ebebd7b4892c8a68000f76708d5d1aa7b/FeePool.sol,closeCurrentFeePeriod,DAppSCAN-source/contracts/Iosiro-Synthetix Phase 2 Smart Contract Audit/synthetix-fdd4782ebebd7b4892c8a68000f76708d5d1aa7b/FeePool.sol#L294-L341,0.9250064417274092,0,,external call plus guard/modifier/state-update signal,require_assert_guard_before_call|contract_inheritance_modifier_summary,require_assert_guard_before_call|contract_inheritance_modifier_summary,,L7: FeePeriod memory secondLastFeePeriod = recentFeePeriods[FEE_PERIOD_LENGTH - 2];,"L5: require(recentFeePeriods[0].startTime <= (now - feePeriodDuration), ""It is too early to close the current fee period"");","1: function closeCurrentFeePeriod()\n2:         external\n3:         optionalProxy_onlyFeeAuthority\n4:     {\n5:         require(recentFeePeriods[0].startTime <= (now - feePeriodDuration), ""It is too early to close the current fee period"");\n6: \n7:         FeePeriod memory secondLastFeePeriod = recentFeePeriods[FEE_PERIOD_LENGTH - 2];\n8:         FeePeriod memory lastFeePeriod = recentFeePeriods[FEE_PERIOD_LENGTH - 1];\n9: \n10:         // Any unclaimed fees from the last period in the array roll back one period.\n11:         // Because of the subtraction here, they're effectively proportionally redistributed to those who\n12:         // have already claimed from the old period, available in the new period.\n13:         // The subtraction is important so we don't create a ticking time bomb of an ever growing\n14:         // number of fees that can never decrease and will eventually overflow at the end of the fee pool.",i:closeCurrentFeePeriod,ambiguous,protected reentrancy-like pattern,external call plus guard/modifier/state-update signal,2
,DAPP::DAppSCAN-source/contracts/Runtime_Vеrification-Element_Finance_Governance_Security_Audit_Report/council-3d751c959b42573c78ccd0bccbc80424bf6d9a90::TestVestingVault,DAppSCAN-source/contracts/Runtime_Vеrification-Element_Finance_Governance_Security_Audit_Report/council-3d751c959b42573c78ccd0bccbc80424bf6d9a90/contracts/test/TestVestingVault.sol,withdraw,DAppSCAN-source/contracts/Runtime_Vеrification-Element_Finance_Governance_Security_Audit_Report/council-3d751c959b42573c78ccd0bccbc80424bf6d9a90/contracts/test/TestVestingVault.sol#L275-L281,0.9247318970265701,0,,external call plus guard/modifier/state-update signal,require_assert_guard_before_call|callee_user_controlled|contract_inheritance_modifier_summary,require_assert_guard_before_call|callee_user_controlled|contract_inheritance_modifier_summary,"L6: token.transfer(_recipient, _amount);",L2: Storage.Uint256 storage unassigned = _unassigned();,"L3: require(unassigned.data >= _amount, ""Insufficient balance"");","1: function withdraw(uint256 _amount, address _recipient) public onlyManager {\n2:         Storage.Uint256 storage unassigned = _unassigned();\n3:         require(unassigned.data >= _amount, ""Insufficient balance"");\n4:         // update unassigned value\n5:         unassigned.data -= _amount;\n6:         token.transfer(_recipient, _amount);\n7:     }",i:withdraw,ambiguous,protected reentrancy-like pattern,external call plus guard/modifier/state-update signal,3
,DAPP::DAppSCAN-source/contracts/Runtime_Vеrification-Element_Finance_Governance_Security_Audit_Report/council-3d751c959b42573c78ccd0bccbc80424bf6d9a90::VestingVault,DAppSCAN-source/contracts/Runtime_Vеrification-Element_Finance_Governance_Security_Audit_Report/council-3d751c959b42573c78ccd0bccbc80424bf6d9a90/contracts/vaults/VestingVault.sol,withdraw,DAppSCAN-source/contracts/Runtime_Vеrification-Element_Finance_Governance_Security_Audit_Report/council-3d751c959b42573c78ccd0bccbc80424bf6d9a90/contracts/vaults/VestingVault.sol#L275-L281,0.9247318638373545,0,,external call plus guard/modifier/state-update signal,require_assert_guard_before_call|callee_user_controlled|contract_inheritance_modifier_summary,require_assert_guard_before_call|callee_user_controlled|contract_inheritance_modifier_summary,"L6: token.transfer(_recipient, _amount);",L2: Storage.Uint256 storage unassigned = _unassigned();,"L3: require(unassigned.data >= _amount, ""Insufficient balance"");","1: function withdraw(uint256 _amount, address _recipient) public onlyManager {\n2:         Storage.Uint256 storage unassigned = _unassigned();\n3:         require(unassigned.data >= _amount, ""Insufficient balance"");\n4:         // update unassigned value\n5:         unassigned.data -= _amount;\n6:         token.transfer(_recipient, _amount);\n7:     }",i:withdraw,ambiguous,protected reentrancy-like pattern,external call plus guard/modifier/state-update signal,3
,DAPP::DAppSCAN-source/contracts/Inspex-SpookySwap Integration & Fantom Expansion/bsc-alpaca-contract-4553a34a6dcfcfbf7aebc693bb5c5c6074c73129::SpookyMasterChef,DAppSCAN-source/contracts/Inspex-SpookySwap Integration & Fantom Expansion/bsc-alpaca-contract-4553a34a6dcfcfbf7aebc693bb5c5c6074c73129/contracts/6/protocol/apis/spooky/SpookyMasterChef.sol,add,DAppSCAN-source/contracts/Inspex-SpookySwap Integration & Fantom Expansion/bsc-alpaca-contract-4553a34a6dcfcfbf7aebc693bb5c5c6074c73129/contracts/6/protocol/apis/spooky/SpookyMasterChef.sol#L113-L125,0.9242479026235347,0,,external call plus guard/modifier/state-update signal,state_update_before_external_call|require_assert_guard_before_call|only_owner_or_access_control|contract_modifier_access_summary|access_control_signal,state_update_before_external_call|require_assert_guard_before_call|only_owner_or_access_control|contract_modifier_access_summary,,L8: uint256 lastRewardTime = block.timestamp > startTime ? block.timestamp : startTime;,"L2: require(_allocPoint <= MaxAllocPoint, ""add: too many alloc points!!""); | function add(uint256 _allocPoint, IERC20 _lpToken) external onlyOwner","1: function add(uint256 _allocPoint, IERC20 _lpToken) external onlyOwner {\n2:     require(_allocPoint <= MaxAllocPoint, ""add: too many alloc points!!"");\n3: \n4:     checkForDuplicate(_lpToken); // ensure you cant add duplicate pools\n5: \n6:     massUpdatePools();\n7: \n8:     uint256 lastRewardTime = block.timestamp > startTime ? block.timestamp : startTime;\n9:     totalAllocPoint = totalAllocPoint.add(_allocPoint);\n10:     poolInfo.push(\n11:       PoolInfo({ lpToken: _lpToken, allocPoint: _allocPoint, lastRewardTime: lastRewardTime, accBOOPerShare: 0 })\n12:     );\n13:   }",i:add,ambiguous,protected reentrancy-like pattern,external call plus guard/modifier/state-update signal,4
top50_weak_or_no_safety,DAPP::DAppSCAN-source/contracts/Runtime_Vеrification-stakefish_ethereum_staking_audit_report/eth2-validation-services-contract-d91928f3a270f6115831fe3a21a69eb98bf57b26::StakefishServicesContractFactory,DAppSCAN-source/contracts/Runtime_Vеrification-stakefish_ethereum_staking_audit_report/eth2-validation-services-contract-d91928f3a270f6115831fe3a21a69eb98bf57b26/contracts/StakefishServicesContractFactory.sol,createContract,DAppSCAN-source/contracts/Runtime_Vеrification-stakefish_ethereum_staking_audit_report/eth2-validation-services-contract-d91928f3a270f6115831fe3a21a69eb98bf57b26/contracts/StakefishServicesContractFactory.sol#L87-L114,0.9240460600184269,0,,external call plus guard/modifier/state-update signal,require_assert_guard_before_call|contract_inheritance_modifier_summary,require_assert_guard_before_call|contract_inheritance_modifier_summary,,L12: bytes memory initData =,L10: require (msg.value <= 32 ether);,"1: function createContract(\n2:         bytes32 saltValue,\n3:         bytes32 operatorDataCommitment\n4:     )\n5:         external\n6:         payable\n7:         override\n8:         returns (address)\n9:     {\n10:         require (msg.value <= 32 ether);\n11: \n12:         bytes memory initData =\n13:             abi.encodeWithSignature(\n14:                 ""initialize(uint24,address,bytes32)"",",i:createContract,ambiguous,protected reentrancy-like pattern,external call plus guard/modifier/state-update signal,2
,DAPP::DAppSCAN-source/contracts/Chainsecurity-Angle Protocol/angle-core-46e6d32837cbe97a4af0adb693e63afa0d01fc3e::Strategy,DAppSCAN-source/contracts/Chainsecurity-Angle Protocol/angle-core-46e6d32837cbe97a4af0adb693e63afa0d01fc3e/contracts/strategies/Strategy.sol,sweep,DAppSCAN-source/contracts/Chainsecurity-Angle Protocol/angle-core-46e6d32837cbe97a4af0adb693e63afa0d01fc3e/contracts/strategies/Strategy.sol#L422-L432,0.9238609325590427,0,,external call plus guard/modifier/state-update signal,require_assert_guard_before_call|only_owner_or_access_control|trusted_or_fixed_callee|safe_erc20_wrapper|contract_modifier_access_summary|contract_inheritance_modifier_summary|access_control_signal,require_assert_guard_before_call|only_owner_or_access_control|trusted_or_fixed_callee|safe_erc20_wrapper|contract_modifier_access_summary|contract_inheritance_modifier_summary,"L10: IERC20(_token).safeTransfer(to, IERC20(_token).balanceOf(address(this)));",L4: address[] memory __protectedTokens = _protectedTokens();,"L2: require(_token != address(want), ""93""); | function sweep(address _token, address to) external onlyRole(GUARDIAN_ROLE)","5:         for (uint256 i = 0; i < __protectedTokens.length; i++)\n6:             // In the strategy we use so far, the only protectedToken is the want token\n7:             // and this has been checked above\n8:             require(_token != __protectedTokens[i], ""93"");\n9: \n10:         IERC20(_token).safeTransfer(to, IERC20(_token).balanceOf(address(this)));\n11:     }",i:sweep,protected_negative,protected reentrancy-like pattern,external call plus guard/modifier/state-update signal,6
,DAPP::DAppSCAN-source/contracts/Inspex-SpookySwap Integration & Fantom Expansion/bsc-alpaca-contract-4553a34a6dcfcfbf7aebc693bb5c5c6074c73129::Actions,DAppSCAN-source/contracts/Inspex-SpookySwap Integration & Fantom Expansion/bsc-alpaca-contract-4553a34a6dcfcfbf7aebc693bb5c5c6074c73129/contracts/6/protocol/actions/Actions.sol,_doWork,DAppSCAN-source/contracts/Inspex-SpookySwap Integration & Fantom Expansion/bsc-alpaca-contract-4553a34a6dcfcfbf7aebc693bb5c5c6074c73129/contracts/6/protocol/actions/Actions.sol#L38-L64,0.9226940994184194,0,,external call plus guard/modifier/state-update signal,require_assert_guard_before_call|only_owner_or_access_control|contract_modifier_access_summary|contract_inheritance_modifier_summary|access_control_signal,require_assert_guard_before_call|only_owner_or_access_control|contract_modifier_access_summary|contract_inheritance_modifier_summary,,L21: uint256 _nextPositionID = Vault(_vault).nextPositionID();,"L20: require(_surrogateID != 0, ""bad surrogate""); | function _doWork(
    bytes memory _data,
    uint256 _msgValue,
    uint256 _surrogateID
  ) internal","1: function _doWork(\n2:     bytes memory _data,\n3:     uint256 _msgValue,\n4:     uint256 _surrogateID\n5:   ) internal {\n6:     // 1. Decode data\n7:     (\n8:       address payable _vault,\n9:       uint256 _posId,\n10:       address _worker,\n11:       uint256 _principalAmount,\n12:       uint256 _borrowAmount,\n13:       uint256 _maxReturn,\n14:       bytes memory _workData",i:_doWork,ambiguous,protected reentrancy-like pattern,external call plus guard/modifier/state-update signal,4
,DAPP::DAppSCAN-source/contracts/Trail_of_Bits-FraxQ42021/frax-solidity-bd40775e283923aa9e32a107abd426430a99835e::veFXSYieldDistributorV4,DAppSCAN-source/contracts/Trail_of_Bits-FraxQ42021/frax-solidity-bd40775e283923aa9e32a107abd426430a99835e/src/hardhat/contracts/Staking/veFXSYieldDistributorV4.sol,notifyRewardAmount,DAppSCAN-source/contracts/Trail_of_Bits-FraxQ42021/frax-solidity-bd40775e283923aa9e32a107abd426430a99835e/src/hardhat/contracts/Staking/veFXSYieldDistributorV4.sol#L297-L322,0.9226517940853814,0,,external call plus guard/modifier/state-update signal,state_update_after_external_call|require_assert_guard_before_call|callee_user_controlled|safe_erc20_wrapper|contract_modifier_access_summary|contract_inheritance_modifier_summary,state_update_after_external_call|require_assert_guard_before_call|callee_user_controlled|safe_erc20_wrapper|contract_modifier_access_summary|contract_inheritance_modifier_summary,"L7: emittedToken.safeTransferFrom(msg.sender, address(this), amount);",L14: yieldRate = amount.div(yieldDuration);,"L3: require(reward_notifiers[msg.sender], ""Sender not whitelisted"");","2:         // Only whitelisted addresses can notify rewards\n3:         require(reward_notifiers[msg.sender], ""Sender not whitelisted"");\n4: \n5:         // Handle the transfer of emission tokens via `transferFrom` to reduce the number\n6:         // of transactions required and ensure correctness of the smission amount\n7:         emittedToken.safeTransferFrom(msg.sender, address(this), amount);\n8: \n9:         // Update some values beforehand\n10:         sync();\n11: \n12:         // Update the new yieldRate\n13:         if (block.timestamp >= periodFinish) {\n14:             yieldRate = amount.div(yieldDuration);\n15:         } else {",i:notifyRewardAmount,protected_negative,protected reentrancy-like pattern,external call plus guard/modifier/state-update signal,6
,DAPP::DAppSCAN-source/contracts/Chainsecurity-Angle Protocol  Borrowing Module/angle-borrow-0363b6a137a44e22ee06b3187ba74f7798c1af08::Treasury,DAppSCAN-source/contracts/Chainsecurity-Angle Protocol  Borrowing Module/angle-borrow-0363b6a137a44e22ee06b3187ba74f7798c1af08/contracts/treasury/Treasury.sol,removeVaultManager,DAppSCAN-source/contracts/Chainsecurity-Angle Protocol  Borrowing Module/angle-borrow-0363b6a137a44e22ee06b3187ba74f7798c1af08/contracts/treasury/Treasury.sol#L272-L288,0.9225529821103674,0,,external call plus guard/modifier/state-update signal,state_update_before_external_call|require_assert_guard_before_call|only_owner_or_access_control|contract_modifier_access_summary|contract_inheritance_modifier_summary|access_control_signal,state_update_before_external_call|require_assert_guard_before_call|only_owner_or_access_control|contract_modifier_access_summary|contract_inheritance_modifier_summary,,L3: delete vaultManagerMap[vaultManager];,L2: if (vaultManagerMap[vaultManager] != 1) revert NotVaultManager(); | function removeVaultManager(address vaultManager) external onlyGovernor,1: function removeVaultManager(address vaultManager) external onlyGovernor {\n2:         if (vaultManagerMap[vaultManager] != 1) revert NotVaultManager();\n3:         delete vaultManagerMap[vaultManager];\n4:         // deletion from `vaultManagerList` loop\n5:         uint256 vaultManagerListLength = vaultManagerList.length;\n6:         for (uint256 i = 0; i < vaultManagerListLength - 1; i++) {\n7:             if (vaultManagerList[i] == vaultManager) {\n8:                 // replace the `VaultManager` to remove with the last of the list\n9:                 vaultManagerList[i] = vaultManagerList[vaultManagerListLength - 1];\n10:                 break;\n11:             }\n12:         }\n13:         // remove last element in array\n14:         vaultManagerList.pop();,i:removeVaultManager,ambiguous,protected reentrancy-like pattern,external call plus guard/modifier/state-update signal,5
,DAPP::DAppSCAN-source/contracts/Chainsecurity-Angle Protocol  Borrowing Module/angle-borrow-0363b6a137a44e22ee06b3187ba74f7798c1af08::AgTokenSideChainMultiBridge,DAppSCAN-source/contracts/Chainsecurity-Angle Protocol  Borrowing Module/angle-borrow-0363b6a137a44e22ee06b3187ba74f7798c1af08/contracts/agToken/AgTokenSideChainMultiBridge.sol,swapIn,DAppSCAN-source/contracts/Chainsecurity-Angle Protocol  Borrowing Module/angle-borrow-0363b6a137a44e22ee06b3187ba74f7798c1af08/contracts/agToken/AgTokenSideChainMultiBridge.sol#L107-L122,0.9213816453664276,0,,external call plus guard/modifier/state-update signal,require_assert_guard_before_call|trusted_or_fixed_callee|safe_erc20_wrapper|contract_modifier_access_summary,require_assert_guard_before_call|trusted_or_fixed_callee|safe_erc20_wrapper|contract_modifier_access_summary,"L9: IERC20(bridgeToken).safeTransferFrom(msg.sender, address(this), amount);",L6: BridgeDetails memory bridgeDetails = bridges[bridgeToken];,L7: if (!bridgeDetails.allowed || bridgeDetails.paused) revert InvalidToken();,"4:         address to\n5:     ) external {\n6:         BridgeDetails memory bridgeDetails = bridges[bridgeToken];\n7:         if (!bridgeDetails.allowed || bridgeDetails.paused) revert InvalidToken();\n8:         if (IERC20(bridgeToken).balanceOf(address(this)) + amount > bridgeDetails.limit) revert TooBigAmount();\n9:         IERC20(bridgeToken).safeTransferFrom(msg.sender, address(this), amount);\n10:         uint256 canonicalOut = amount;\n11:         // Computing fees\n12:         if (!isFeeExempt[msg.sender]) {\n13:             canonicalOut -= (canonicalOut * bridgeDetails.fee) / BASE_PARAMS;\n14:         }\n15:         _mint(to, canonicalOut);\n16:     }",i:swapIn,protected_negative,protected reentrancy-like pattern,external call plus guard/modifier/state-update signal,4
,DAPP::DAppSCAN-source/contracts/Trail_of_Bits-88mph/88mph-contracts-76cd9d1fc45e65f5d0f686621fe6af85c40aa140::Vesting02,DAppSCAN-source/contracts/Trail_of_Bits-88mph/88mph-contracts-76cd9d1fc45e65f5d0f686621fe6af85c40aa140/contracts/rewards/Vesting02.sol,updateVestForDeposit,DAppSCAN-source/contracts/Trail_of_Bits-88mph/88mph-contracts-76cd9d1fc45e65f5d0f686621fe6af85c40aa140/contracts/rewards/Vesting02.sol#L127-L169,0.9213520732736409,0,,external call plus guard/modifier/state-update signal,require_assert_guard_before_call|callee_user_controlled|contract_modifier_access_summary,require_assert_guard_before_call|callee_user_controlled|contract_modifier_access_summary,,L13: uint64 vestID = depositIDToVestID[poolAddress][depositID];,L8: require(,"1: function updateVestForDeposit(\n2:         address poolAddress,\n3:         uint64 depositID,\n4:         uint256 currentDepositAmount,\n5:         uint256 depositAmount,\n6:         uint256 vestAmountPerStablecoinPerSecond\n7:     ) external {\n8:         require(\n9:             address(msg.sender) == address(mphMinter),\n10:             ""Vesting02: not minter""\n11:         );\n12: \n13:         uint64 vestID = depositIDToVestID[poolAddress][depositID];\n14:         Vest storage vestEntry = _getVest(vestID);",i:updateVestForDeposit,ambiguous,protected reentrancy-like pattern,external call plus guard/modifier/state-update signal,3
,DAPP::DAppSCAN-source/contracts/Chainsecurity-Angle Protocol  Borrowing Module/angle-borrow-0363b6a137a44e22ee06b3187ba74f7798c1af08::TokenPolygonUpgradeable,DAppSCAN-source/contracts/Chainsecurity-Angle Protocol  Borrowing Module/angle-borrow-0363b6a137a44e22ee06b3187ba74f7798c1af08/contracts/agToken/polygon/TokenPolygonUpgradeable.sol,setUpTreasury,DAppSCAN-source/contracts/Chainsecurity-Angle Protocol  Borrowing Module/angle-borrow-0363b6a137a44e22ee06b3187ba74f7798c1af08/contracts/agToken/polygon/TokenPolygonUpgradeable.sol#L159-L167,0.920918382827758,0,,external call plus guard/modifier/state-update signal,state_update_after_external_call|require_assert_guard_before_call|trusted_or_fixed_callee|contract_modifier_access_summary,state_update_after_external_call|require_assert_guard_before_call|trusted_or_fixed_callee|contract_modifier_access_summary,,L6: treasury = _treasury;,L3: if (msg.sender != 0xdA2D2f638D6fcbE306236583845e5822554c02EA) revert NotGovernor();,1: function setUpTreasury(address _treasury) external {\n2:         // Only governor on Polygon\n3:         if (msg.sender != 0xdA2D2f638D6fcbE306236583845e5822554c02EA) revert NotGovernor();\n4:         if (address(ITreasury(_treasury).stablecoin()) != address(this)) revert InvalidTreasury();\n5:         if (treasuryInitialized) revert TreasuryAlreadyInitialized();\n6:         treasury = _treasury;\n7:         treasuryInitialized = true;\n8:         emit TreasuryUpdated(_treasury);\n9:     },i:setUpTreasury,ambiguous,protected reentrancy-like pattern,external call plus guard/modifier/state-update signal,4
,DAPP::DAppSCAN-source/contracts/Trail_of_Bits-88mph/88mph-contracts-76cd9d1fc45e65f5d0f686621fe6af85c40aa140::FundingMultitoken,DAppSCAN-source/contracts/Trail_of_Bits-88mph/88mph-contracts-76cd9d1fc45e65f5d0f686621fe6af85c40aa140/contracts/tokens/FundingMultitoken.sol,_distributeDividends,DAppSCAN-source/contracts/Trail_of_Bits-88mph/88mph-contracts-76cd9d1fc45e65f5d0f686621fe6af85c40aa140/contracts/tokens/FundingMultitoken.sol#L192-L220,0.9206253130038203,0,,external call plus guard/modifier/state-update signal,require_assert_guard_before_call|trusted_or_fixed_callee|safe_erc20_wrapper,require_assert_guard_before_call|trusted_or_fixed_callee|safe_erc20_wrapper,L22: IERC20(dividendToken).safeTransferFrom(,L6: uint256 tokenTotalSupply = totalSupply(tokenID);,L7: require(tokenTotalSupply > 0);,"17: \n18:         data.magnifiedDividendPerShare[tokenID] +=\n19:             (amount * magnitude) /\n20:             tokenTotalSupply;\n21: \n22:         IERC20(dividendToken).safeTransferFrom(\n23:             msg.sender,\n24:             address(this),\n25:             amount\n26:         );\n27: \n28:         emit DividendsDistributed(tokenID, msg.sender, dividendToken, amount);\n29:     }",i:_distributeDividends,protected_negative,protected reentrancy-like pattern,external call plus guard/modifier/state-update signal,3
,DAPP::DAppSCAN-source/contracts/Inspex-SpookySwap Integration & Fantom Expansion/bsc-alpaca-contract-4553a34a6dcfcfbf7aebc693bb5c5c6074c73129::Vault2,DAppSCAN-source/contracts/Inspex-SpookySwap Integration & Fantom Expansion/bsc-alpaca-contract-4553a34a6dcfcfbf7aebc693bb5c5c6074c73129/contracts/6/protocol/Vault2.sol,work,DAppSCAN-source/contracts/Inspex-SpookySwap Integration & Fantom Expansion/bsc-alpaca-contract-4553a34a6dcfcfbf7aebc693bb5c5c6074c73129/contracts/6/protocol/Vault2.sol#L300-L356,0.9204580201866551,0,,external call plus guard/modifier/state-update signal,state_update_before_external_call|state_update_after_external_call|require_assert_guard_before_call|nonreentrant_modifier|only_owner_or_access_control|callee_user_controlled|safe_erc20_wrapper|contract_many_risky_interactions|contract_modifier_access_summary|contract_inheritance_modifier_summary|access_control_signal,state_update_before_external_call|state_update_after_external_call|require_assert_guard_before_call|nonreentrant_modifier|only_owner_or_access_control|callee_user_controlled|safe_erc20_wrapper|contract_many_risky_interactions|contract_modifier_access_summary|contract_inheritance_modifier_summary,"L36: SafeToken.safeTransfer(token, worker, sendBEP20);",L12: id = nextPositionID++;,"nonReentrant/modifier | L18: require(id < nextPositionID, ""bad position id""); | function work(
    uint256 id,
    address worker,
    uint256 principalAmount,
    uint256 borrowAmount,
    uint256 maxReturn,
    bytes calldata data
  ) external payable onlyEOAorWhitelisted transferTokenToVault(principalAmount) accrue(principalAmount) nonReentrant","31:     uint256 back;\n32:     {\n33:       uint256 sendBEP20 = principalAmount.add(borrowAmount);\n34:       require(sendBEP20 <= SafeToken.myBalance(token), ""insufficient funds in the vault"");\n35:       uint256 beforeBEP20 = SafeToken.myBalance(token).sub(sendBEP20);\n36:       SafeToken.safeTransfer(token, worker, sendBEP20);\n37:       IWorker(worker).work(id, msg.sender, debt, data);\n38:       back = SafeToken.myBalance(token).sub(beforeBEP20);\n39:     }\n40:     // 4. Check and update position debt.\n41:     uint256 lessDebt = Math.min(debt, Math.min(back, maxReturn));\n42:     debt = debt.sub(lessDebt);\n43:     if (debt > 0) {\n44:       require(debt >= config.minDebtSize(), ""too small debt size"");",i:work,protected_negative,protected reentrancy-like pattern,external call plus guard/modifier/state-update signal,10
,DAPP::DAppSCAN-source/contracts/consensys-Fei_Protocol_v2_Phase_1/fei-protocol-core-5e3e2ab889f06831f4fe2e8460066ded40ccf0a8::TribalChief,DAppSCAN-source/contracts/consensys-Fei_Protocol_v2_Phase_1/fei-protocol-core-5e3e2ab889f06831f4fe2e8460066ded40ccf0a8/contracts/staking/TribalChief.sol,emergencyWithdraw,DAppSCAN-source/contracts/consensys-Fei_Protocol_v2_Phase_1/fei-protocol-core-5e3e2ab889f06831f4fe2e8460066ded40ccf0a8/contracts/staking/TribalChief.sol#L583-L619,0.9198606149578916,0,,external call plus guard/modifier/state-update signal,state_update_before_external_call|require_assert_guard_before_call|nonreentrant_modifier|callee_user_controlled|safe_erc20_wrapper|contract_many_risky_interactions|contract_modifier_access_summary|contract_inheritance_modifier_summary,state_update_before_external_call|require_assert_guard_before_call|nonreentrant_modifier|callee_user_controlled|safe_erc20_wrapper|contract_many_risky_interactions|contract_modifier_access_summary|contract_inheritance_modifier_summary,"L35: stakedToken[pid].safeTransfer(to, totalUnlocked);",L3: PoolInfo storage pool = poolInfo[pid];,"nonReentrant/modifier | L13: require(poolDeposit.unlockBlock <= block.number || pool.unlocked == true, ""tokens locked"");","30:         if (address(_rewarder) != address(0)) {\n31:             _rewarder.onSushiReward(pid, msg.sender, to, 0, 0);\n32:         }\n33: \n34:         // Note: transfer can fail or succeed if `amount` is zero.\n35:         stakedToken[pid].safeTransfer(to, totalUnlocked);\n36:         emit EmergencyWithdraw(msg.sender, pid, totalUnlocked, to);\n37:     }",i:emergencyWithdraw,protected_negative,protected reentrancy-like pattern,external call plus guard/modifier/state-update signal,8
,DAPP::DAppSCAN-source/contracts/Trail_of_Bits-FraxFinance/frax-solidity-3f0993a70e3496fd27887db7754d68709c84015e::FraxPoolvAMM,DAppSCAN-source/contracts/Trail_of_Bits-FraxFinance/frax-solidity-3f0993a70e3496fd27887db7754d68709c84015e/contracts/Frax/Pools/FraxPoolvAMM.sol,collectRedemption,DAppSCAN-source/contracts/Trail_of_Bits-FraxFinance/frax-solidity-3f0993a70e3496fd27887db7754d68709c84015e/contracts/Frax/Pools/FraxPoolvAMM.sol#L455-L487,0.9191688570059385,0,,external call plus guard/modifier/state-update signal,state_update_before_external_call|require_assert_guard_before_call|callee_user_controlled|trusted_or_fixed_callee|contract_many_risky_interactions|contract_modifier_access_summary|contract_inheritance_modifier_summary,state_update_before_external_call|require_assert_guard_before_call|callee_user_controlled|trusted_or_fixed_callee|contract_many_risky_interactions|contract_modifier_access_summary|contract_inheritance_modifier_summary,"L26: FXS.transfer(msg.sender, FXSAmount);",L3: bool sendFXS = false;,"L2: require((lastRedeemed[msg.sender].add(redemption_delay)) <= block.number, ""Must wait for redemption_delay blocks before collecting redemption"");","21: \n22:             sendCollateral = true;\n23:         }\n24: \n25:         if(sendFXS == true){\n26:             FXS.transfer(msg.sender, FXSAmount);\n27:         }\n28:         if(sendCollateral == true){\n29:             collateral_token.transfer(msg.sender, CollateralAmount);\n30:         }\n31: \n32:         return (CollateralAmount, FXSAmount);\n33:     }",i:collectRedemption,ambiguous,protected reentrancy-like pattern,external call plus guard/modifier/state-update signal,7
,DAPP::DAppSCAN-source/contracts/Trail_of_Bits-FraxQ42021/frax-solidity-bd40775e283923aa9e32a107abd426430a99835e::FraxPoolvAMM,DAppSCAN-source/contracts/Trail_of_Bits-FraxQ42021/frax-solidity-bd40775e283923aa9e32a107abd426430a99835e/src/hardhat/contracts/Frax/Pools/FraxPoolvAMM.sol,collectRedemption,DAppSCAN-source/contracts/Trail_of_Bits-FraxQ42021/frax-solidity-bd40775e283923aa9e32a107abd426430a99835e/src/hardhat/contracts/Frax/Pools/FraxPoolvAMM.sol#L454-L486,0.9191624974887316,0,,external call plus guard/modifier/state-update signal,state_update_before_external_call|require_assert_guard_before_call|callee_user_controlled|trusted_or_fixed_callee|contract_many_risky_interactions|contract_modifier_access_summary|contract_inheritance_modifier_summary,state_update_before_external_call|require_assert_guard_before_call|callee_user_controlled|trusted_or_fixed_callee|contract_many_risky_interactions|contract_modifier_access_summary|contract_inheritance_modifier_summary,"L26: FXS.transfer(msg.sender, FXSAmount);",L3: bool sendFXS = false;,"L2: require((lastRedeemed[msg.sender].add(redemption_delay)) <= block.number, ""Must wait for redemption_delay blocks before collecting redemption"");","21: \n22:             sendCollateral = true;\n23:         }\n24: \n25:         if(sendFXS == true){\n26:             FXS.transfer(msg.sender, FXSAmount);\n27:         }\n28:         if(sendCollateral == true){\n29:             collateral_token.transfer(msg.sender, CollateralAmount);\n30:         }\n31: \n32:         return (CollateralAmount, FXSAmount);\n33:     }",i:collectRedemption,ambiguous,protected reentrancy-like pattern,external call plus guard/modifier/state-update signal,7
,DAPP::DAppSCAN-source/contracts/Trail_of_Bits-FraxFinance/frax-solidity-3f0993a70e3496fd27887db7754d68709c84015e::PoolvAMM_USDC,DAppSCAN-source/contracts/Trail_of_Bits-FraxFinance/frax-solidity-3f0993a70e3496fd27887db7754d68709c84015e/contracts/Frax/Pools/PoolvAMM_USDC.sol,collectRedemption,DAppSCAN-source/contracts/Trail_of_Bits-FraxFinance/frax-solidity-3f0993a70e3496fd27887db7754d68709c84015e/contracts/Frax/Pools/PoolvAMM_USDC.sol#L455-L487,0.9191621254694194,0,,external call plus guard/modifier/state-update signal,state_update_before_external_call|require_assert_guard_before_call|callee_user_controlled|trusted_or_fixed_callee|contract_many_risky_interactions|contract_modifier_access_summary|contract_inheritance_modifier_summary,state_update_before_external_call|require_assert_guard_before_call|callee_user_controlled|trusted_or_fixed_callee|contract_many_risky_interactions|contract_modifier_access_summary|contract_inheritance_modifier_summary,"L26: FXS.transfer(msg.sender, FXSAmount);",L3: bool sendFXS = false;,"L2: require((lastRedeemed[msg.sender].add(redemption_delay)) <= block.number, ""Must wait for redemption_delay blocks before collecting redemption"");","21: \n22:             sendCollateral = true;\n23:         }\n24: \n25:         if(sendFXS == true){\n26:             FXS.transfer(msg.sender, FXSAmount);\n27:         }\n28:         if(sendCollateral == true){\n29:             collateral_token.transfer(msg.sender, CollateralAmount);\n30:         }\n31: \n32:         return (CollateralAmount, FXSAmount);\n33:     }",i:collectRedemption,ambiguous,protected reentrancy-like pattern,external call plus guard/modifier/state-update signal,7
,DAPP::DAppSCAN-source/contracts/Trail_of_Bits-FraxQ42021/frax-solidity-bd40775e283923aa9e32a107abd426430a99835e::PoolvAMM_USDC,DAppSCAN-source/contracts/Trail_of_Bits-FraxQ42021/frax-solidity-bd40775e283923aa9e32a107abd426430a99835e/src/hardhat/contracts/Frax/Pools/PoolvAMM_USDC.sol,collectRedemption,DAppSCAN-source/contracts/Trail_of_Bits-FraxQ42021/frax-solidity-bd40775e283923aa9e32a107abd426430a99835e/src/hardhat/contracts/Frax/Pools/PoolvAMM_USDC.sol#L454-L486,0.9191621254694194,0,,external call plus guard/modifier/state-update signal,state_update_before_external_call|require_assert_guard_before_call|callee_user_controlled|trusted_or_fixed_callee|contract_many_risky_interactions|contract_modifier_access_summary|contract_inheritance_modifier_summary,state_update_before_external_call|require_assert_guard_before_call|callee_user_controlled|trusted_or_fixed_callee|contract_many_risky_interactions|contract_modifier_access_summary|contract_inheritance_modifier_summary,"L26: FXS.transfer(msg.sender, FXSAmount);",L3: bool sendFXS = false;,"L2: require((lastRedeemed[msg.sender].add(redemption_delay)) <= block.number, ""Must wait for redemption_delay blocks before collecting redemption"");","21: \n22:             sendCollateral = true;\n23:         }\n24: \n25:         if(sendFXS == true){\n26:             FXS.transfer(msg.sender, FXSAmount);\n27:         }\n28:         if(sendCollateral == true){\n29:             collateral_token.transfer(msg.sender, CollateralAmount);\n30:         }\n31: \n32:         return (CollateralAmount, FXSAmount);\n33:     }",i:collectRedemption,ambiguous,protected reentrancy-like pattern,external call plus guard/modifier/state-update signal,7
,DAPP::DAppSCAN-source/contracts/Chainsecurity-Angle Protocol/angle-core-46e6d32837cbe97a4af0adb693e63afa0d01fc3e::StableMaster,DAppSCAN-source/contracts/Chainsecurity-Angle Protocol/angle-core-46e6d32837cbe97a4af0adb693e63afa0d01fc3e/contracts/stableMaster/StableMaster.sol,revokeCollateral,DAppSCAN-source/contracts/Chainsecurity-Angle Protocol/angle-core-46e6d32837cbe97a4af0adb693e63afa0d01fc3e/contracts/stableMaster/StableMaster.sol#L353-L395,0.9190003973882763,0,,external call plus guard/modifier/state-update signal,require_assert_guard_before_call|only_owner_or_access_control|callee_user_controlled|safe_erc20_wrapper|contract_many_risky_interactions|contract_modifier_access_summary|contract_inheritance_modifier_summary|access_control_signal,require_assert_guard_before_call|only_owner_or_access_control|callee_user_controlled|safe_erc20_wrapper|contract_many_risky_interactions|contract_modifier_access_summary|contract_inheritance_modifier_summary,"L35: col.token.safeTransferFrom(address(poolManager), address(settlementContract), balance);",L8: uint256 managerListLength = _managerList.length;,"L9: require(managerListLength >= 1, ""10""); | function revokeCollateral(IPoolManager poolManager, ICollateralSettler settlementContract)
        external
        onlyRole(GOVERNOR_ROLE)","30:         // No need to pause `SLP` and `STABLE_HOLDERS` as deleting the entry associated to the `poolManager`\n31:         // in the `collateralMap` will make everything revert\n32: \n33:         // Transferring the whole balance to global settlement\n34:         uint256 balance = col.token.balanceOf(address(poolManager));\n35:         col.token.safeTransferFrom(address(poolManager), address(settlementContract), balance);\n36: \n37:         // Settlement works with a fixed oracle value for HAs, it needs to be computed here\n38:         uint256 oracleValue = col.oracle.readLower();\n39:         // Notifying the global settlement contract with the properties of the contract to settle\n40:         // In case of global shutdown, there would be one settlement contract per collateral type\n41:         // Not using the `lockedInterests` to update the value of the sanRate\n42:         settlementContract.triggerSettlement(oracleValue, col.sanRate, col.stocksUsers);\n43:     }",i:revokeCollateral,protected_negative,protected reentrancy-like pattern,external call plus guard/modifier/state-update signal,7
,DAPP::DAppSCAN-source/contracts/Trail_of_Bits-FraxQ42021/frax-solidity-bd40775e283923aa9e32a107abd426430a99835e::FraxPoolV3,DAppSCAN-source/contracts/Trail_of_Bits-FraxQ42021/frax-solidity-bd40775e283923aa9e32a107abd426430a99835e/src/hardhat/contracts/Frax/Pools/FraxPoolV3.sol,mintFrax,DAppSCAN-source/contracts/Trail_of_Bits-FraxQ42021/frax-solidity-bd40775e283923aa9e32a107abd426430a99835e/src/hardhat/contracts/Frax/Pools/FraxPoolV3.sol#L346-L392,0.9180570246128062,0,,external call plus guard/modifier/state-update signal,require_assert_guard_before_call|callee_user_controlled|trusted_or_fixed_callee|safe_erc20_wrapper|contract_inheritance_modifier_summary,require_assert_guard_before_call|callee_user_controlled|trusted_or_fixed_callee|safe_erc20_wrapper|contract_inheritance_modifier_summary,"L43: TransferHelper.safeTransferFrom(collateral_addresses[col_idx], msg.sender, address(this), collat_needed);",L16: uint256 global_collateral_ratio = FRAX.global_collateral_ratio();,"L11: require(mintPaused[col_idx] == false, ""Minting is paused"");","38:         require((frax_out_min <= total_frax_mint), ""FRAX slippage"");\n39:         require(freeCollatBalance(col_idx).add(collat_needed) <= pool_ceilings[col_idx], ""Pool ceiling"");\n40: \n41:         // Take the FXS and collateral first\n42:         FXS.pool_burn_from(msg.sender, fxs_needed);\n43:         TransferHelper.safeTransferFrom(collateral_addresses[col_idx], msg.sender, address(this), collat_needed);\n44: \n45:         // Mint the FRAX\n46:         FRAX.pool_mint(msg.sender, total_frax_mint);\n47:     }",i:mintFrax,protected_negative,protected reentrancy-like pattern,external call plus guard/modifier/state-update signal,5
,DAPP::DAppSCAN-source/contracts/QuillAudits-AAVE-ParaSwap Adapter/aave-protocol-v2-14e2ab47d95f42ec5ee486f367067e78a7588878::ParaSwapLiquiditySwapAdapter,DAppSCAN-source/contracts/QuillAudits-AAVE-ParaSwap Adapter/aave-protocol-v2-14e2ab47d95f42ec5ee486f367067e78a7588878/contracts/adapters/ParaSwapLiquiditySwapAdapter.sol,_sellOnParaSwap,DAppSCAN-source/contracts/QuillAudits-AAVE-ParaSwap Adapter/aave-protocol-v2-14e2ab47d95f42ec5ee486f367067e78a7588878/contracts/adapters/ParaSwapLiquiditySwapAdapter.sol#L36-L91,0.9162286920749594,0,,external call plus guard/modifier/state-update signal,return_value_checked|require_assert_guard_before_call|callee_user_controlled|trusted_or_fixed_callee|safe_erc20_wrapper,return_value_checked|require_assert_guard_before_call|callee_user_controlled|trusted_or_fixed_callee|safe_erc20_wrapper,"L43: (bool success,) = augustus.call(swapCalldata);",L11: uint256 fromAssetDecimals = _getDecimals(assetToSwapFrom);,"L24: require(expectedMinAmountOut <= minAmountToReceive, 'MIN_AMOUNT_EXCEEDS_MAX_SLIPPAGE');","38:         'FROM_AMOUNT_OFFSET_OUT_OF_RANGE');\n39:       assembly {\n40:         mstore(add(swapCalldata, add(fromAmountOffset, 32)), amountToSwap)\n41:       }\n42:     }\n43:     (bool success,) = augustus.call(swapCalldata);\n44:     if (!success) {\n45:       // Copy revert reason from call\n46:       assembly {\n47:         returndatacopy(0, 0, returndatasize())\n48:         revert(0, returndatasize())\n49:       }\n50:     }\n51:     require(IERC20(assetToSwapFrom).balanceOf(address(this)) == balanceBeforeAssetFrom - amountToSwap, 'WRONG_BALANCE_AFTER_SWAP');",i:_sellOnParaSwap,protected_negative,protected reentrancy-like pattern,external call plus guard/modifier/state-update signal,5
,"DAPP::DAppSCAN-source/contracts/Inspex-FairLaunch, Token, Vault & Workers/Meow-Finance-4a4f13efaf5e5fbed74c0ed23b665751e655d715::MasterChef","DAppSCAN-source/contracts/Inspex-FairLaunch, Token, Vault & Workers/Meow-Finance-4a4f13efaf5e5fbed74c0ed23b665751e655d715/contracts/protocol/apis/sushi/MasterChef.sol",migrate,"DAppSCAN-source/contracts/Inspex-FairLaunch, Token, Vault & Workers/Meow-Finance-4a4f13efaf5e5fbed74c0ed23b665751e655d715/contracts/protocol/apis/sushi/MasterChef.sol#L1529-L1538",0.9134209104949274,0,,external call plus guard/modifier/state-update signal,require_assert_guard_before_call|callee_user_controlled|safe_erc20_wrapper|contract_modifier_access_summary,require_assert_guard_before_call|callee_user_controlled|safe_erc20_wrapper|contract_modifier_access_summary,,L3: PoolInfo storage pool = poolInfo[_pid];,"L2: require(address(migrator) != address(0), ""migrate: no migrator"");","1: function migrate(uint256 _pid) public {\n2:     require(address(migrator) != address(0), ""migrate: no migrator"");\n3:     PoolInfo storage pool = poolInfo[_pid];\n4:     IERC20 lpToken = pool.lpToken;\n5:     uint256 bal = lpToken.balanceOf(address(this));\n6:     lpToken.safeApprove(address(migrator), bal);\n7:     IERC20 newLpToken = migrator.migrate(lpToken);\n8:     require(bal == newLpToken.balanceOf(address(this)), ""migrate: bad"");\n9:     pool.lpToken = newLpToken;\n10:   }",i:migrate,protected_negative,protected reentrancy-like pattern,external call plus guard/modifier/state-update signal,4
,DAPP::DAppSCAN-source/contracts/PeckShield-BabySwap/code::AutoBabyPool,DAppSCAN-source/contracts/PeckShield-BabySwap/code/baby-swap-contract-cac289bf978d969c95721c2adb9f199cee72ffa6/contracts/farm/AutoBabyPool.sol,deposit,DAppSCAN-source/contracts/PeckShield-BabySwap/code/baby-swap-contract-cac289bf978d969c95721c2adb9f199cee72ffa6/contracts/farm/AutoBabyPool.sol#L143-L174,0.9123494687640653,0,,external call plus guard/modifier/state-update signal,require_assert_guard_before_call|nonreentrant_modifier|callee_user_controlled|safe_erc20_wrapper|contract_many_risky_interactions|contract_modifier_access_summary,require_assert_guard_before_call|nonreentrant_modifier|callee_user_controlled|safe_erc20_wrapper|contract_many_risky_interactions|contract_modifier_access_summary,"L10: token.safeTransferFrom(msg.sender, address(this), _amount);",L9: uint256 pool = balanceOf();,"nonReentrant/modifier | L7: require(_amount > 0, ""Nothing to deposit"");","5:         nonReentrant(""deposit"")\n6:     {\n7:         require(_amount > 0, ""Nothing to deposit"");\n8: \n9:         uint256 pool = balanceOf();\n10:         token.safeTransferFrom(msg.sender, address(this), _amount);\n11:         uint256 currentShares = 0;\n12:         if (totalShares != 0) {\n13:             currentShares = (_amount.mul(totalShares)).div(pool);\n14:         } else {\n15:             currentShares = _amount;\n16:         }\n17:         UserInfo storage user = userInfo[msg.sender];\n18: ",i:deposit,protected_negative,protected reentrancy-like pattern,external call plus guard/modifier/state-update signal,6
,DAPP::DAppSCAN-source/contracts/PeckShield-DSG/core-6f607f77698936e132e4e9b5cb4d75580636d919::Erc20EarnNftPool,DAppSCAN-source/contracts/PeckShield-DSG/core-6f607f77698936e132e4e9b5cb4d75580636d919/contracts/pools/Erc20EarnNftPool.sol,stake,DAppSCAN-source/contracts/PeckShield-DSG/core-6f607f77698936e132e4e9b5cb4d75580636d919/contracts/pools/Erc20EarnNftPool.sol#L182-L198,0.911946152773806,0,,external call plus guard/modifier/state-update signal,require_assert_guard_before_call|only_owner_or_access_control|callee_user_controlled|contract_modifier_access_summary|contract_inheritance_modifier_summary|access_control_signal,require_assert_guard_before_call|only_owner_or_access_control|callee_user_controlled|contract_modifier_access_summary|contract_inheritance_modifier_summary,,L4: IERC20 token = IERC20(pool[_pid].tokenAddress);,"L2: require(pool[_pid].nftLeft > 0, ""no NFT to earn""); | function stake(uint256 _pid) external validatePoolByPid(_pid)","1: function stake(uint256 _pid) external validatePoolByPid(_pid) {\n2:         require(pool[_pid].nftLeft > 0, ""no NFT to earn"");\n3: \n4:         IERC20 token = IERC20(pool[_pid].tokenAddress);\n5:         require(token.balanceOf(msg.sender) >= pool[_pid].stakeAmount, ""out of balance"");\n6:         require(token.allowance(msg.sender, address(this)) >= pool[_pid].stakeAmount, ""not enough permission to stake token"");\n7: \n8:         pool[_pid].nftLeft--;\n9:         user[_pid][msg.sender].push(block.timestamp);\n10: \n11:         uint256 oldBal = token.balanceOf(address(this));\n12:         require(token.transferFrom(msg.sender, address(this), pool[_pid].stakeAmount), ""transfer from staking token's owner error"");\n13:         uint256 realAmount = token.balanceOf(address(this)).sub(oldBal);\n14:         require(realAmount >= pool[_pid].stakeAmount, ""transfer amount not match"");",i:stake,ambiguous,protected reentrancy-like pattern,external call plus guard/modifier/state-update signal,5
,DAPP::DAppSCAN-source/contracts/Trail_of_Bits-FraxQ42021/frax-solidity-bd40775e283923aa9e32a107abd426430a99835e::StakingRewardsMultiGauge,DAppSCAN-source/contracts/Trail_of_Bits-FraxQ42021/frax-solidity-bd40775e283923aa9e32a107abd426430a99835e/src/hardhat/contracts/Staking/StakingRewardsMultiGauge.sol,_stakeLocked,DAppSCAN-source/contracts/Trail_of_Bits-FraxQ42021/frax-solidity-bd40775e283923aa9e32a107abd426430a99835e/src/hardhat/contracts/Staking/StakingRewardsMultiGauge.sol#L598-L635,0.9117089632239999,0,,external call plus guard/modifier/state-update signal,state_update_after_external_call|require_assert_guard_before_call|safe_erc20_wrapper|contract_inheritance_modifier_summary,state_update_after_external_call|require_assert_guard_before_call|safe_erc20_wrapper|contract_inheritance_modifier_summary,"L25: TransferHelper.safeTransferFrom(address(stakingToken), source_address, address(this), liquidity);",L14: uint256 lock_multiplier = lockMultiplier(secs);,"L8: require(!stakingPaused, ""Staking paused"");","20:             start_timestamp.add(secs),\n21:             lock_multiplier\n22:         ));\n23: \n24:         // Pull the tokens from the source_address\n25:         TransferHelper.safeTransferFrom(address(stakingToken), source_address, address(this), liquidity);\n26: \n27:         // Update liquidities\n28:         _total_liquidity_locked = _total_liquidity_locked.add(liquidity);\n29:         _locked_liquidity[staker_address] = _locked_liquidity[staker_address].add(liquidity);\n30: \n31:         // Need to call to update the combined weights\n32:         _updateRewardAndBalance(staker_address, false);\n33: ",i:_stakeLocked,protected_negative,protected reentrancy-like pattern,external call plus guard/modifier/state-update signal,4
,DAPP::DAppSCAN-source/contracts/Trail_of_Bits-FraxQ42021/frax-solidity-bd40775e283923aa9e32a107abd426430a99835e::StakingRewardsMultiGauge_FXS_WETH,DAppSCAN-source/contracts/Trail_of_Bits-FraxQ42021/frax-solidity-bd40775e283923aa9e32a107abd426430a99835e/src/hardhat/contracts/Staking/Variants/StakingRewardsMultiGauge_FXS_WETH.sol,_stakeLocked,DAppSCAN-source/contracts/Trail_of_Bits-FraxQ42021/frax-solidity-bd40775e283923aa9e32a107abd426430a99835e/src/hardhat/contracts/Staking/Variants/StakingRewardsMultiGauge_FXS_WETH.sol#L598-L635,0.9117088288821652,0,,external call plus guard/modifier/state-update signal,state_update_after_external_call|require_assert_guard_before_call|safe_erc20_wrapper|contract_inheritance_modifier_summary,state_update_after_external_call|require_assert_guard_before_call|safe_erc20_wrapper|contract_inheritance_modifier_summary,"L25: TransferHelper.safeTransferFrom(address(stakingToken), source_address, address(this), liquidity);",L14: uint256 lock_multiplier = lockMultiplier(secs);,"L8: require(!stakingPaused, ""Staking paused"");","20:             start_timestamp.add(secs),\n21:             lock_multiplier\n22:         ));\n23: \n24:         // Pull the tokens from the source_address\n25:         TransferHelper.safeTransferFrom(address(stakingToken), source_address, address(this), liquidity);\n26: \n27:         // Update liquidities\n28:         _total_liquidity_locked = _total_liquidity_locked.add(liquidity);\n29:         _locked_liquidity[staker_address] = _locked_liquidity[staker_address].add(liquidity);\n30: \n31:         // Need to call to update the combined weights\n32:         _updateRewardAndBalance(staker_address, false);\n33: ",i:_stakeLocked,protected_negative,protected reentrancy-like pattern,external call plus guard/modifier/state-update signal,4
,DAPP::DAppSCAN-source/contracts/Trail_of_Bits-FraxQ42021/frax-solidity-bd40775e283923aa9e32a107abd426430a99835e::StakingRewardsMultiGauge_FRAX_SUSHI,DAppSCAN-source/contracts/Trail_of_Bits-FraxQ42021/frax-solidity-bd40775e283923aa9e32a107abd426430a99835e/src/hardhat/contracts/Staking/Variants/StakingRewardsMultiGauge_FRAX_SUSHI.sol,_stakeLocked,DAppSCAN-source/contracts/Trail_of_Bits-FraxQ42021/frax-solidity-bd40775e283923aa9e32a107abd426430a99835e/src/hardhat/contracts/Staking/Variants/StakingRewardsMultiGauge_FRAX_SUSHI.sol#L598-L635,0.9117086753484138,0,,external call plus guard/modifier/state-update signal,state_update_after_external_call|require_assert_guard_before_call|safe_erc20_wrapper|contract_inheritance_modifier_summary,state_update_after_external_call|require_assert_guard_before_call|safe_erc20_wrapper|contract_inheritance_modifier_summary,"L25: TransferHelper.safeTransferFrom(address(stakingToken), source_address, address(this), liquidity);",L14: uint256 lock_multiplier = lockMultiplier(secs);,"L8: require(!stakingPaused, ""Staking paused"");","20:             start_timestamp.add(secs),\n21:             lock_multiplier\n22:         ));\n23: \n24:         // Pull the tokens from the source_address\n25:         TransferHelper.safeTransferFrom(address(stakingToken), source_address, address(this), liquidity);\n26: \n27:         // Update liquidities\n28:         _total_liquidity_locked = _total_liquidity_locked.add(liquidity);\n29:         _locked_liquidity[staker_address] = _locked_liquidity[staker_address].add(liquidity);\n30: \n31:         // Need to call to update the combined weights\n32:         _updateRewardAndBalance(staker_address, false);\n33: ",i:_stakeLocked,protected_negative,protected reentrancy-like pattern,external call plus guard/modifier/state-update signal,4
,DAPP::DAppSCAN-source/contracts/Trail_of_Bits-FraxQ42021/frax-solidity-bd40775e283923aa9e32a107abd426430a99835e::StakingRewardsMultiGauge_StakeDAO,DAppSCAN-source/contracts/Trail_of_Bits-FraxQ42021/frax-solidity-bd40775e283923aa9e32a107abd426430a99835e/src/hardhat/contracts/Staking/Variants/StakingRewardsMultiGauge_StakeDAO.sol,_stakeLocked,DAppSCAN-source/contracts/Trail_of_Bits-FraxQ42021/frax-solidity-bd40775e283923aa9e32a107abd426430a99835e/src/hardhat/contracts/Staking/Variants/StakingRewardsMultiGauge_StakeDAO.sol#L598-L635,0.9117086753484138,0,,external call plus guard/modifier/state-update signal,state_update_after_external_call|require_assert_guard_before_call|safe_erc20_wrapper|contract_inheritance_modifier_summary,state_update_after_external_call|require_assert_guard_before_call|safe_erc20_wrapper|contract_inheritance_modifier_summary,"L25: TransferHelper.safeTransferFrom(address(stakingToken), source_address, address(this), liquidity);",L14: uint256 lock_multiplier = lockMultiplier(secs);,"L8: require(!stakingPaused, ""Staking paused"");","20:             start_timestamp.add(secs),\n21:             lock_multiplier\n22:         ));\n23: \n24:         // Pull the tokens from the source_address\n25:         TransferHelper.safeTransferFrom(address(stakingToken), source_address, address(this), liquidity);\n26: \n27:         // Update liquidities\n28:         _total_liquidity_locked = _total_liquidity_locked.add(liquidity);\n29:         _locked_liquidity[staker_address] = _locked_liquidity[staker_address].add(liquidity);\n30: \n31:         // Need to call to update the combined weights\n32:         _updateRewardAndBalance(staker_address, false);\n33: ",i:_stakeLocked,protected_negative,protected reentrancy-like pattern,external call plus guard/modifier/state-update signal,4
,DAPP::DAppSCAN-source/contracts/Trail_of_Bits-FraxQ42021/frax-solidity-bd40775e283923aa9e32a107abd426430a99835e::StakingRewardsMultiGauge_StakeDAO_FRAX_Put,DAppSCAN-source/contracts/Trail_of_Bits-FraxQ42021/frax-solidity-bd40775e283923aa9e32a107abd426430a99835e/src/hardhat/contracts/Staking/Variants/StakingRewardsMultiGauge_StakeDAO_FRAX_Put.sol,_stakeLocked,DAppSCAN-source/contracts/Trail_of_Bits-FraxQ42021/frax-solidity-bd40775e283923aa9e32a107abd426430a99835e/src/hardhat/contracts/Staking/Variants/StakingRewardsMultiGauge_StakeDAO_FRAX_Put.sol#L598-L635,0.9117086177731949,0,,external call plus guard/modifier/state-update signal,state_update_after_external_call|require_assert_guard_before_call|safe_erc20_wrapper|contract_inheritance_modifier_summary,state_update_after_external_call|require_assert_guard_before_call|safe_erc20_wrapper|contract_inheritance_modifier_summary,"L25: TransferHelper.safeTransferFrom(address(stakingToken), source_address, address(this), liquidity);",L14: uint256 lock_multiplier = lockMultiplier(secs);,"L8: require(!stakingPaused, ""Staking paused"");","20:             start_timestamp.add(secs),\n21:             lock_multiplier\n22:         ));\n23: \n24:         // Pull the tokens from the source_address\n25:         TransferHelper.safeTransferFrom(address(stakingToken), source_address, address(this), liquidity);\n26: \n27:         // Update liquidities\n28:         _total_liquidity_locked = _total_liquidity_locked.add(liquidity);\n29:         _locked_liquidity[staker_address] = _locked_liquidity[staker_address].add(liquidity);\n30: \n31:         // Need to call to update the combined weights\n32:         _updateRewardAndBalance(staker_address, false);\n33: ",i:_stakeLocked,protected_negative,protected reentrancy-like pattern,external call plus guard/modifier/state-update signal,4
,"DAPP::DAppSCAN-source/contracts/Inspex-StakingPool, Vault, Strategy & VotingEscrow/scientix-contract-main::TransmuterB","DAppSCAN-source/contracts/Inspex-StakingPool, Vault, Strategy & VotingEscrow/scientix-contract-main/contracts/TransmuterB.sol",unstake,"DAppSCAN-source/contracts/Inspex-StakingPool, Vault, Strategy & VotingEscrow/scientix-contract-main/contracts/TransmuterB.sol#L365-L377",0.9109881098724358,0,,external call plus guard/modifier/state-update signal,state_update_before_external_call|require_assert_guard_before_call|safe_erc20_wrapper|contract_many_risky_interactions,state_update_before_external_call|require_assert_guard_before_call|safe_erc20_wrapper|contract_many_risky_interactions,"L11: IERC20Burnable(ScToken).safeTransfer(sender, amount);",L7: address sender = msg.sender;,"L8: require(depositedScTokens[sender] >= amount,""Transmuter: unstake amount exceeds deposited amount"");","6:         // by calling this function before transmuting you forfeit your gained allocation\n7:         address sender = msg.sender;\n8:         require(depositedScTokens[sender] >= amount,""Transmuter: unstake amount exceeds deposited amount"");\n9:         depositedScTokens[sender] = depositedScTokens[sender].sub(amount);\n10:         totalSupplyScTokens = totalSupplyScTokens.sub(amount);\n11:         IERC20Burnable(ScToken).safeTransfer(sender, amount);\n12:         emit ScUsdUnstaked(sender, amount);\n13:     }",i:unstake,protected_negative,protected reentrancy-like pattern,external call plus guard/modifier/state-update signal,4
,DAPP::DAppSCAN-source/contracts/Inspex-AutoCompound/auto-compound-v2-92626a1dcfc55a28afdf4f996d600fe8bbfd6efd::PronteraV2,DAppSCAN-source/contracts/Inspex-AutoCompound/auto-compound-v2-92626a1dcfc55a28afdf4f996d600fe8bbfd6efd/PronteraV2.sol,depositToken,DAppSCAN-source/contracts/Inspex-AutoCompound/auto-compound-v2-92626a1dcfc55a28afdf4f996d600fe8bbfd6efd/PronteraV2.sol#L1044-L1069,0.9094649285982394,0,,external call plus guard/modifier/state-update signal,require_assert_guard_before_call|nonreentrant_modifier|callee_user_controlled|safe_erc20_wrapper|contract_many_risky_interactions|contract_modifier_access_summary,require_assert_guard_before_call|nonreentrant_modifier|callee_user_controlled|safe_erc20_wrapper|contract_many_risky_interactions|contract_modifier_access_summary,"L17: tokens[i].safeTransfer(juno, tokenAmounts[i]);",L10: PoolInfo storage pool = poolInfo[izlude];,"nonReentrant/modifier | L9: require(tokens.length == tokenAmounts.length, ""length mismatch"");","12:         uint256 beforeBal = want.balanceOf(address(this));\n13: \n14:         for (uint256 i = 0; i < tokens.length; i++) {\n15:             require(_safeERC20TransferIn(tokens[i], tokenAmounts[i]) == tokenAmounts[i], ""!amount"");\n16:             if (tokens[i] != want) {\n17:                 tokens[i].safeTransfer(juno, tokenAmounts[i]);\n18:             }\n19:         }\n20:         juno.functionCall(data, ""juno: failed"");\n21: \n22:         uint256 amount = want.balanceOf(address(this)) - beforeBal;\n23:         require(amount >= amountOutMin, ""insufficient output amount"");\n24:         _deposit(msg.sender, izlude, want, amount);\n25:         emit DepositToken(msg.sender, izlude, tokenAmounts, amount);",i:depositToken,protected_negative,protected reentrancy-like pattern,external call plus guard/modifier/state-update signal,6
,DAPP::DAppSCAN-source/contracts/Trail_of_Bits-Primitive/rmm-core-5dcf4306fc32fb9a4e3c154deb86f6b9d513c344::TestAllocateCallback,DAppSCAN-source/contracts/Trail_of_Bits-Primitive/rmm-core-5dcf4306fc32fb9a4e3c154deb86f6b9d513c344/contracts/test/callbacks/TestAllocateCallback.sol,allocateCallback,DAppSCAN-source/contracts/Trail_of_Bits-Primitive/rmm-core-5dcf4306fc32fb9a4e3c154deb86f6b9d513c344/contracts/test/callbacks/TestAllocateCallback.sol#L9-L33,0.9093824248472437,0,,external call plus guard/modifier/state-update signal,state_update_before_external_call|state_update_after_external_call|trusted_or_fixed_callee,state_update_before_external_call|state_update_after_external_call|trusted_or_fixed_callee,,L9: address token0 = risky();,,"1: function allocateCallback(\n2:         uint256 delRisky,\n3:         uint256 delStable,\n4:         bytes calldata data\n5:     ) public {\n6:         data;\n7: \n8:         if (scenario == Scenario.FAIL) return;\n9:         address token0 = risky();\n10:         address token1 = stable();\n11:         address from = getCaller();\n12: \n13:         if (scenario == Scenario.SUCCESS) {\n14:             IERC20(token0).transferFrom(from, msg.sender, delRisky);",i:allocateCallback,ambiguous,protected reentrancy-like pattern,external call plus guard/modifier/state-update signal,3
,DAPP::DAppSCAN-source/contracts/consensys-Fei_Protocol_v2_Phase_1/fei-protocol-core-5e3e2ab889f06831f4fe2e8460066ded40ccf0a8::UniswapPCVDeposit,DAppSCAN-source/contracts/consensys-Fei_Protocol_v2_Phase_1/fei-protocol-core-5e3e2ab889f06831f4fe2e8460066ded40ccf0a8/contracts/pcv/uniswap/UniswapPCVDeposit.sol,withdraw,DAppSCAN-source/contracts/consensys-Fei_Protocol_v2_Phase_1/fei-protocol-core-5e3e2ab889f06831f4fe2e8460066ded40ccf0a8/contracts/pcv/uniswap/UniswapPCVDeposit.sol#L72-L101,0.9067939703457306,0,,external call plus guard/modifier/state-update signal,require_assert_guard_before_call|callee_user_controlled|safe_erc20_wrapper|contract_modifier_access_summary|contract_inheritance_modifier_summary,require_assert_guard_before_call|callee_user_controlled|safe_erc20_wrapper|contract_modifier_access_summary|contract_inheritance_modifier_summary,"L25: SafeERC20.safeTransfer(IERC20(token), to, amountWithdrawn);",L7: uint256 totalUnderlying = balance();,L8: require(,"20:         uint256 liquidityToWithdraw =\n21:             ratioToWithdraw.mul(totalLiquidity).asUint256();\n22: \n23:         // Withdraw liquidity from the pair and send to target\n24:         uint256 amountWithdrawn = _removeLiquidity(liquidityToWithdraw);\n25:         SafeERC20.safeTransfer(IERC20(token), to, amountWithdrawn);\n26: \n27:         _burnFeiHeld(); // burn remaining FEI\n28: \n29:         emit Withdrawal(msg.sender, to, amountWithdrawn);\n30:     }",i:withdraw,protected_negative,protected reentrancy-like pattern,external call plus guard/modifier/state-update signal,5
,FORGE::vfp_00116::L2Mailbox,L2Mailbox.sol,relayMsg,L2Mailbox.sol#L85-L108,0.9066038348032383,0,,external call plus guard/modifier/state-update signal,return_value_checked|require_assert_guard_before_call|nonreentrant_modifier|callee_user_controlled|contract_modifier_access_summary|contract_inheritance_modifier_summary,return_value_checked|require_assert_guard_before_call|nonreentrant_modifier|callee_user_controlled|contract_modifier_access_summary|contract_inheritance_modifier_summary,,"L11: bytes32 hash_ = keccak256(_encodeCall(sender_, target_, value_, nonce_, msg_));","nonReentrant/modifier | L9: require(_msgSender() == l1MailBox, ""Caller is not L1Mailbox"");","1: function relayMsg(\n2:         address sender_,\n3:         address target_,\n4:         uint256 value_,\n5:         uint256 nonce_,\n6:         bytes calldata msg_\n7:     ) external override whenNotPaused nonReentrant {\n8:         // here l1MailBox will be set as L2Relayer 0x5100000000000000000000000000000000000000\n9:         require(_msgSender() == l1MailBox, ""Caller is not L1Mailbox"");\n10: \n11:         bytes32 hash_ = keccak256(_encodeCall(sender_, target_, value_, nonce_, msg_));\n12:         bytes32 rollinghash = _getRollingHash(hash_);\n13:         emit RollingHash(rollinghash);\n14:         _receiveMsgCheck(hash_);",i:relayMsg,protected_negative,protected reentrancy-like pattern,external call plus guard/modifier/state-update signal,6
,DAPP::DAppSCAN-source/contracts/consensys-Fei_Protocol_v2_Phase_1/fei-protocol-core-5e3e2ab889f06831f4fe2e8460066ded40ccf0a8::OtcEscrow,DAppSCAN-source/contracts/consensys-Fei_Protocol_v2_Phase_1/fei-protocol-core-5e3e2ab889f06831f4fe2e8460066ded40ccf0a8/contracts/utils/OtcEscrow.sol,revoke,DAppSCAN-source/contracts/consensys-Fei_Protocol_v2_Phase_1/fei-protocol-core-5e3e2ab889f06831f4fe2e8460066ded40ccf0a8/contracts/utils/OtcEscrow.sol#L58-L62,0.9053552559690505,0,,external call plus guard/modifier/state-update signal,require_assert_guard_before_call|trusted_or_fixed_callee|safe_erc20_wrapper,require_assert_guard_before_call|trusted_or_fixed_callee|safe_erc20_wrapper,"L4: IERC20(sentToken).safeTransfer(recipient, sentTokenBalance);",L3: uint256 sentTokenBalance = IERC20(sentToken).balanceOf(address(this));,"L2: require(msg.sender == recipient, ""onlyRecipient"");","1: function revoke() external {\n2:         require(msg.sender == recipient, ""onlyRecipient"");\n3:         uint256 sentTokenBalance = IERC20(sentToken).balanceOf(address(this));\n4:         IERC20(sentToken).safeTransfer(recipient, sentTokenBalance);\n5:     }",i:revoke,protected_negative,protected reentrancy-like pattern,external call plus guard/modifier/state-update signal,3
,DAPP::DAppSCAN-source/contracts/Inspex-Optimized Worker/bsc-alpaca-contract-1aee2ceec77e3fd3162b74858c846cdc5692928d::Vault,DAppSCAN-source/contracts/Inspex-Optimized Worker/bsc-alpaca-contract-1aee2ceec77e3fd3162b74858c846cdc5692928d/contracts/6/protocol/Vault.sol,work,DAppSCAN-source/contracts/Inspex-Optimized Worker/bsc-alpaca-contract-1aee2ceec77e3fd3162b74858c846cdc5692928d/contracts/6/protocol/Vault.sol#L266-L331,0.9029832968057404,0,,external call plus guard/modifier/state-update signal,state_update_before_external_call|require_assert_guard_before_call|nonreentrant_modifier|only_owner_or_access_control|callee_user_controlled|safe_erc20_wrapper|contract_many_risky_interactions|contract_modifier_access_summary|contract_inheritance_modifier_summary|access_control_signal,state_update_before_external_call|require_assert_guard_before_call|nonreentrant_modifier|only_owner_or_access_control|callee_user_controlled|safe_erc20_wrapper|contract_many_risky_interactions|contract_modifier_access_summary|contract_inheritance_modifier_summary,"L38: SafeToken.safeTransfer(token, worker, sendBEP20);",L13: id = nextPositionID++;,"nonReentrant/modifier | L9: require(fairLaunchPoolId != uint256(-1), ""Vault::work:: poolId not set""); | function work(
    uint256 id,
    address worker,
    uint256 principalAmount,
    uint256 loan,
    uint256 maxReturn,
    bytes calldata data
  ) external payable onlyEOAorWhitelisted transferTokenToVault(principalAmount) accrue(principalAmount) nonReentrant","33:     uint256 back;\n34:     {\n35:       uint256 sendBEP20 = principalAmount.add(loan);\n36:       require(sendBEP20 <= SafeToken.myBalance(token), ""Vault::work:: insufficient funds in the vault"");\n37:       uint256 beforeBEP20 = SafeToken.myBalance(token).sub(sendBEP20);\n38:       SafeToken.safeTransfer(token, worker, sendBEP20);\n39:       IWorker(worker).work(id, msg.sender, debt, data);\n40:       back = SafeToken.myBalance(token).sub(beforeBEP20);\n41:     }\n42:     // 4. Check and update position debt.\n43:     uint256 lessDebt = Math.min(debt, Math.min(back, maxReturn));\n44:     debt = debt.sub(lessDebt);\n45:     if (debt > 0) {\n46:       require(debt >= config.minDebtSize(), ""Vault::work:: too small debt size"");",i:work,protected_negative,protected reentrancy-like pattern,external call plus guard/modifier/state-update signal,9
top50_weak_or_no_safety,DAPP::DAppSCAN-source/contracts/QuillAudits-BCUBE Smart Contract/b-cube-ico-13f9f8a991a65f3e0ca60a2078121fdd5a921fb0::B3NewSale,DAppSCAN-source/contracts/QuillAudits-BCUBE Smart Contract/b-cube-ico-13f9f8a991a65f3e0ca60a2078121fdd5a921fb0/contracts/B3NewSale.sol,buyBcubeUsingETH,DAppSCAN-source/contracts/QuillAudits-BCUBE Smart Contract/b-cube-ico-13f9f8a991a65f3e0ca60a2078121fdd5a921fb0/contracts/B3NewSale.sol#L222-L236,0.9006188501812321,0,,external call plus guard/modifier/state-update signal,nonreentrant_modifier|contract_modifier_access_summary,nonreentrant_modifier|contract_modifier_access_summary,L13: wallet.transfer(msg.value);,L10: uint256 ethPrice = uint256(fetchETHPrice());,nonReentrant/modifier,"8:     {\n9:         uint256 allocation;\n10:         uint256 ethPrice = uint256(fetchETHPrice());\n11:         uint256 dollarUnits = ethPrice.mul(msg.value).div(1e18);\n12:         allocation = executeAllocation(dollarUnits);\n13:         wallet.transfer(msg.value);\n14:         emit LogBcubeBuyUsingEth(_msgSender(), msg.value, allocation);\n15:     }",i:buyBcubeUsingETH,protected_negative,protected reentrancy-like pattern,external call plus guard/modifier/state-update signal,2
,DAPP::DAppSCAN-source/contracts/Trail_of_Bits-FraxFinance/frax-solidity-3f0993a70e3496fd27887db7754d68709c84015e::veFXS_Solidity,DAppSCAN-source/contracts/Trail_of_Bits-FraxFinance/frax-solidity-3f0993a70e3496fd27887db7754d68709c84015e/contracts/FXS/veFXS_Solidity.sol,withdraw,DAppSCAN-source/contracts/Trail_of_Bits-FraxFinance/frax-solidity-3f0993a70e3496fd27887db7754d68709c84015e/contracts/FXS/veFXS_Solidity.sol#L722-L743,0.8986519901189919,0,,external call plus guard/modifier/state-update signal,state_update_before_external_call|require_assert_guard_before_call|nonreentrant_modifier|trusted_or_fixed_callee|contract_modifier_access_summary|contract_inheritance_modifier_summary,state_update_before_external_call|require_assert_guard_before_call|nonreentrant_modifier|trusted_or_fixed_callee|contract_modifier_access_summary|contract_inheritance_modifier_summary,"L18: require(ERC20(token).transfer(msg.sender, value));",L2: LockedBalance memory _locked = locked[msg.sender];,"nonReentrant/modifier | L3: require(block.timestamp >= _locked.end, ""The lock didn't expire"");","13:         // old_locked can have either expired <= timestamp or zero end\n14:         // _locked has only 0 end\n15:         // Both can have >= 0 amount\n16:         _checkpoint(msg.sender, old_locked, _locked);\n17: \n18:         require(ERC20(token).transfer(msg.sender, value));\n19: \n20:         emit Withdraw(msg.sender, value, block.timestamp);\n21:         emit Supply(supply_before, supply_before - value);\n22:     }",i:withdraw,protected_negative,protected reentrancy-like pattern,external call plus guard/modifier/state-update signal,6
,DAPP::DAppSCAN-source/contracts/Trail_of_Bits-FraxQ42021/frax-solidity-bd40775e283923aa9e32a107abd426430a99835e::StakingRewardsMultiGauge_Gelato_FRAX_DAI,DAppSCAN-source/contracts/Trail_of_Bits-FraxQ42021/frax-solidity-bd40775e283923aa9e32a107abd426430a99835e/src/hardhat/contracts/Staking/Variants/StakingRewardsMultiGauge_Gelato_FRAX_DAI.sol,_stakeLocked,DAppSCAN-source/contracts/Trail_of_Bits-FraxQ42021/frax-solidity-bd40775e283923aa9e32a107abd426430a99835e/src/hardhat/contracts/Staking/Variants/StakingRewardsMultiGauge_Gelato_FRAX_DAI.sol#L342-L379,0.8961228094030186,0,,external call plus guard/modifier/state-update signal,state_update_before_external_call|state_update_after_external_call|require_assert_guard_before_call|safe_erc20_wrapper|contract_inheritance_modifier_summary,state_update_before_external_call|state_update_after_external_call|require_assert_guard_before_call|safe_erc20_wrapper|contract_inheritance_modifier_summary,"L15: TransferHelper.safeTransferFrom(address(stakingToken), source_address, address(this), liquidity);",L18: uint256 lock_multiplier = lockMultiplier(secs);,"L8: require(stakingPaused == false || valid_migrators[msg.sender] == true, ""Staking paused or in migration"");","10:         require(secs >= lock_time_min, ""Minimum stake time not met"");\n11:         require(secs <= lock_time_for_max_multiplier,""Trying to lock for too long"");\n12: \n13:         // Pull in the required token(s)\n14:         // Varies per farm\n15:         TransferHelper.safeTransferFrom(address(stakingToken), source_address, address(this), liquidity);\n16: \n17:         // Get the lock multiplier and kek_id\n18:         uint256 lock_multiplier = lockMultiplier(secs);\n19:         bytes32 kek_id = keccak256(abi.encodePacked(staker_address, start_timestamp, liquidity, _locked_liquidity[staker_address]));\n20: \n21:         // Create the locked stake\n22:         lockedStakes[staker_address].push(LockedStake(\n23:             kek_id,",i:_stakeLocked,protected_negative,protected reentrancy-like pattern,external call plus guard/modifier/state-update signal,5
,DAPP::DAppSCAN-source/contracts/Trail_of_Bits-FraxQ42021/frax-solidity-bd40775e283923aa9e32a107abd426430a99835e::FraxUnifiedFarm_ERC20,DAppSCAN-source/contracts/Trail_of_Bits-FraxQ42021/frax-solidity-bd40775e283923aa9e32a107abd426430a99835e/src/hardhat/contracts/Staking/FraxUnifiedFarm_ERC20.sol,_stakeLocked,DAppSCAN-source/contracts/Trail_of_Bits-FraxQ42021/frax-solidity-bd40775e283923aa9e32a107abd426430a99835e/src/hardhat/contracts/Staking/FraxUnifiedFarm_ERC20.sol#L342-L379,0.896122787209413,0,,external call plus guard/modifier/state-update signal,state_update_before_external_call|state_update_after_external_call|require_assert_guard_before_call|safe_erc20_wrapper|contract_inheritance_modifier_summary,state_update_before_external_call|state_update_after_external_call|require_assert_guard_before_call|safe_erc20_wrapper|contract_inheritance_modifier_summary,"L15: TransferHelper.safeTransferFrom(address(stakingToken), source_address, address(this), liquidity);",L18: uint256 lock_multiplier = lockMultiplier(secs);,"L8: require(stakingPaused == false || valid_migrators[msg.sender] == true, ""Staking paused or in migration"");","10:         require(secs >= lock_time_min, ""Minimum stake time not met"");\n11:         require(secs <= lock_time_for_max_multiplier,""Trying to lock for too long"");\n12: \n13:         // Pull in the required token(s)\n14:         // Varies per farm\n15:         TransferHelper.safeTransferFrom(address(stakingToken), source_address, address(this), liquidity);\n16: \n17:         // Get the lock multiplier and kek_id\n18:         uint256 lock_multiplier = lockMultiplier(secs);\n19:         bytes32 kek_id = keccak256(abi.encodePacked(staker_address, start_timestamp, liquidity, _locked_liquidity[staker_address]));\n20: \n21:         // Create the locked stake\n22:         lockedStakes[staker_address].push(LockedStake(\n23:             kek_id,",i:_stakeLocked,protected_negative,protected reentrancy-like pattern,external call plus guard/modifier/state-update signal,5
,DAPP::DAppSCAN-source/contracts/Trail_of_Bits-FraxQ42021/frax-solidity-bd40775e283923aa9e32a107abd426430a99835e::Pool_USDC,DAppSCAN-source/contracts/Trail_of_Bits-FraxQ42021/frax-solidity-bd40775e283923aa9e32a107abd426430a99835e/src/hardhat/contracts/Frax/Pools/Pool_USDC.sol,recollateralizeFRAX,DAppSCAN-source/contracts/Trail_of_Bits-FraxQ42021/frax-solidity-bd40775e283923aa9e32a107abd426430a99835e/src/hardhat/contracts/Frax/Pools/Pool_USDC.sol#L382-L406,0.8950457565204482,0,,external call plus guard/modifier/state-update signal,state_update_before_external_call|require_assert_guard_before_call|callee_user_controlled|trusted_or_fixed_callee|safe_erc20_wrapper|contract_many_risky_interactions|contract_modifier_access_summary|contract_inheritance_modifier_summary,state_update_before_external_call|require_assert_guard_before_call|callee_user_controlled|trusted_or_fixed_callee|safe_erc20_wrapper|contract_many_risky_interactions|contract_modifier_access_summary|contract_inheritance_modifier_summary,"L22: TransferHelper.safeTransferFrom(address(collateral_token), msg.sender, address(this), collateral_units_precision);",L3: uint256 collateral_amount_d18 = collateral_amount * (10 ** missing_decimals);,"L2: require(recollateralizePaused == false, ""Recollateralize is paused"");","17:         uint256 collateral_units_precision = collateral_units.div(10 ** missing_decimals);\n18: \n19:         uint256 fxs_paid_back = amount_to_recollat.mul(uint(1e6).add(bonus_rate).sub(recollat_fee)).div(fxs_price);\n20: \n21:         require(FXS_out_min <= fxs_paid_back, ""Slippage limit reached"");\n22:         TransferHelper.safeTransferFrom(address(collateral_token), msg.sender, address(this), collateral_units_precision);\n23:         FXS.pool_mint(msg.sender, fxs_paid_back);\n24: \n25:     }",i:recollateralizeFRAX,protected_negative,protected reentrancy-like pattern,external call plus guard/modifier/state-update signal,8
,DAPP::DAppSCAN-source/contracts/Trail_of_Bits-FraxQ42021/frax-solidity-bd40775e283923aa9e32a107abd426430a99835e::FraxPool,DAppSCAN-source/contracts/Trail_of_Bits-FraxQ42021/frax-solidity-bd40775e283923aa9e32a107abd426430a99835e/src/hardhat/contracts/Frax/Pools/FraxPool.sol,recollateralizeFRAX,DAppSCAN-source/contracts/Trail_of_Bits-FraxQ42021/frax-solidity-bd40775e283923aa9e32a107abd426430a99835e/src/hardhat/contracts/Frax/Pools/FraxPool.sol#L382-L406,0.8950452637905487,0,,external call plus guard/modifier/state-update signal,state_update_before_external_call|require_assert_guard_before_call|callee_user_controlled|trusted_or_fixed_callee|safe_erc20_wrapper|contract_many_risky_interactions|contract_modifier_access_summary|contract_inheritance_modifier_summary,state_update_before_external_call|require_assert_guard_before_call|callee_user_controlled|trusted_or_fixed_callee|safe_erc20_wrapper|contract_many_risky_interactions|contract_modifier_access_summary|contract_inheritance_modifier_summary,"L22: TransferHelper.safeTransferFrom(address(collateral_token), msg.sender, address(this), collateral_units_precision);",L3: uint256 collateral_amount_d18 = collateral_amount * (10 ** missing_decimals);,"L2: require(recollateralizePaused == false, ""Recollateralize is paused"");","17:         uint256 collateral_units_precision = collateral_units.div(10 ** missing_decimals);\n18: \n19:         uint256 fxs_paid_back = amount_to_recollat.mul(uint(1e6).add(bonus_rate).sub(recollat_fee)).div(fxs_price);\n20: \n21:         require(FXS_out_min <= fxs_paid_back, ""Slippage limit reached"");\n22:         TransferHelper.safeTransferFrom(address(collateral_token), msg.sender, address(this), collateral_units_precision);\n23:         FXS.pool_mint(msg.sender, fxs_paid_back);\n24: \n25:     }",i:recollateralizeFRAX,protected_negative,protected reentrancy-like pattern,external call plus guard/modifier/state-update signal,8
,DAPP::DAppSCAN-source/contracts/PeckShield-DSG/core-6f607f77698936e132e4e9b5cb4d75580636d919::Treasury,DAppSCAN-source/contracts/PeckShield-DSG/core-6f607f77698936e132e4e9b5cb4d75580636d919/contracts/governance/Treasury.sol,distribute,DAppSCAN-source/contracts/PeckShield-DSG/core-6f607f77698936e132e4e9b5cb4d75580636d919/contracts/governance/Treasury.sol#L264-L300,0.8948823495184001,0,,external call plus guard/modifier/state-update signal,state_update_after_external_call|require_assert_guard_before_call|trusted_or_fixed_callee|safe_erc20_wrapper|contract_modifier_access_summary|contract_inheritance_modifier_summary,state_update_after_external_call|require_assert_guard_before_call|trusted_or_fixed_callee|safe_erc20_wrapper|contract_modifier_access_summary|contract_inheritance_modifier_summary,"L28: IERC20(USDT).safeTransfer(team, _teamAmount);",L2: uint256 remaining = getRemaining();,"L6: require(_amount <= remaining, ""Treasury: amount exceeds remaining of contract"");","23:         curAmount = curAmount.sub(_teamAmount);\n24: \n25:         uint256 _repurchasedAmount = curAmount;\n26:         uint256 _burnedAmount = repurchase(_repurchasedAmount);\n27: \n28:         IERC20(USDT).safeTransfer(team, _teamAmount);\n29: \n30:         lpBonusAmount = lpBonusAmount.add(_lpBonusAmount);\n31:         nftBonusAmount = nftBonusAmount.add(_nftBonusAmount);\n32:         dsgLpBonusAmount = dsgLpBonusAmount.add(_dsgLpBonusAmount);\n33:         vDsgBonusAmount = vDsgBonusAmount.add(_vDsgBonusAmount);\n34:         totalDistributedFee = totalDistributedFee.add(_amount);\n35: \n36:         emit Distribute(_amount, _repurchasedAmount, _teamAmount, _nftBonusAmount, _burnedAmount);",i:distribute,protected_negative,protected reentrancy-like pattern,external call plus guard/modifier/state-update signal,6
,DAPP::DAppSCAN-source/contracts/Chainsecurity-Angle Protocol/angle-core-46e6d32837cbe97a4af0adb693e63afa0d01fc3e::BaseStrategy,DAppSCAN-source/contracts/Chainsecurity-Angle Protocol/angle-core-46e6d32837cbe97a4af0adb693e63afa0d01fc3e/contracts/strategies/BaseStrategy.sol,sweep,DAppSCAN-source/contracts/Chainsecurity-Angle Protocol/angle-core-46e6d32837cbe97a4af0adb693e63afa0d01fc3e/contracts/strategies/BaseStrategy.sol#L422-L432,0.8937747656069625,0,,external call plus guard/modifier/state-update signal,require_assert_guard_before_call|only_owner_or_access_control|trusted_or_fixed_callee|safe_erc20_wrapper|contract_modifier_access_summary|contract_inheritance_modifier_summary|access_control_signal,require_assert_guard_before_call|only_owner_or_access_control|trusted_or_fixed_callee|safe_erc20_wrapper|contract_modifier_access_summary|contract_inheritance_modifier_summary,"L10: IERC20(_token).safeTransfer(to, IERC20(_token).balanceOf(address(this)));",L4: address[] memory __protectedTokens = _protectedTokens();,"L2: require(_token != address(want), ""93""); | function sweep(address _token, address to) external onlyRole(GUARDIAN_ROLE)","5:         for (uint256 i = 0; i < __protectedTokens.length; i++)\n6:             // In the strategy we use so far, the only protectedToken is the want token\n7:             // and this has been checked above\n8:             require(_token != __protectedTokens[i], ""93"");\n9: \n10:         IERC20(_token).safeTransfer(to, IERC20(_token).balanceOf(address(this)));\n11:     }",i:sweep,protected_negative,protected reentrancy-like pattern,external call plus guard/modifier/state-update signal,6
,DAPP::DAppSCAN-source/contracts/Trail_of_Bits-YieldProtocol/fyDai-4422fda75931f2bfea49f5041ec90dc026e5c03d::Splitter,DAppSCAN-source/contracts/Trail_of_Bits-YieldProtocol/fyDai-4422fda75931f2bfea49f5041ec90dc026e5c03d/contracts/peripheral/Splitter.sol,yieldToMaker,DAppSCAN-source/contracts/Trail_of_Bits-YieldProtocol/fyDai-4422fda75931f2bfea49f5041ec90dc026e5c03d/contracts/peripheral/Splitter.sol#L116-L132,0.8927355883995332,0,,external call plus guard/modifier/state-update signal,require_assert_guard_before_call|callee_user_controlled|trusted_or_fixed_callee|contract_inheritance_modifier_summary,require_assert_guard_before_call|callee_user_controlled|trusted_or_fixed_callee|contract_inheritance_modifier_summary,,,L3: require(,"1: function yieldToMaker(address user, uint256 yDaiAmount, uint256 wethAmount) public {\n2:         // The user specifies the yDai he wants to move, and the weth to be passed on as collateral\n3:         require(\n4:             yDaiAmount <= controller.debtYDai(WETH, yDai.maturity(), user),\n5:             ""Splitter: Not enough debt in Yield""\n6:         );\n7:         require(\n8:             wethAmount <= controller.posted(WETH, user),\n9:             ""Splitter: Not enough collateral in Yield""\n10:         );\n11:         // Flash mint the yDai\n12:         yDai.flashMint(\n13:             address(this),\n14:             yDaiAmount,",i:yieldToMaker,ambiguous,protected reentrancy-like pattern,external call plus guard/modifier/state-update signal,4
,DAPP::DAppSCAN-source/contracts/Trail_of_Bits-FraxQ42021/frax-solidity-bd40775e283923aa9e32a107abd426430a99835e::FraxUnifiedFarm_UniV3,DAppSCAN-source/contracts/Trail_of_Bits-FraxQ42021/frax-solidity-bd40775e283923aa9e32a107abd426430a99835e/src/hardhat/contracts/Staking/FraxUnifiedFarm_UniV3.sol,_stakeLocked,DAppSCAN-source/contracts/Trail_of_Bits-FraxQ42021/frax-solidity-bd40775e283923aa9e32a107abd426430a99835e/src/hardhat/contracts/Staking/FraxUnifiedFarm_UniV3.sol#L335-L374,0.892617862342756,0,,external call plus guard/modifier/state-update signal,state_update_before_external_call|state_update_after_external_call|require_assert_guard_before_call|callee_user_controlled|safe_erc20_wrapper|contract_inheritance_modifier_summary,state_update_before_external_call|state_update_after_external_call|require_assert_guard_before_call|callee_user_controlled|safe_erc20_wrapper|contract_inheritance_modifier_summary,"L30: stakingTokenNFT.safeTransferFrom(source_address, address(this), token_id);",L15: uint256 lock_multiplier = lockMultiplier(secs);,"L8: require(stakingPaused == false || valid_migrators[msg.sender] == true, ""Staking paused or in migration"");","25:                 )\n26:             );\n27:         }\n28: \n29:         // Pull the tokens from the source_address\n30:         stakingTokenNFT.safeTransferFrom(source_address, address(this), token_id);\n31: \n32:         // Update liquidities\n33:         _total_liquidity_locked = _total_liquidity_locked + liquidity;\n34:         _locked_liquidity[staker_address] = _locked_liquidity[staker_address] + liquidity;\n35: \n36:         // Need to call again to make sure everything is correct\n37:         _updateRewardAndBalance(staker_address, false);\n38: ",i:_stakeLocked,protected_negative,protected reentrancy-like pattern,external call plus guard/modifier/state-update signal,6
,DAPP::DAppSCAN-source/contracts/Inspex-SpookySwap Integration & Fantom Expansion/bsc-alpaca-contract-4553a34a6dcfcfbf7aebc693bb5c5c6074c73129::PancakeMasterChef,DAppSCAN-source/contracts/Inspex-SpookySwap Integration & Fantom Expansion/bsc-alpaca-contract-4553a34a6dcfcfbf7aebc693bb5c5c6074c73129/contracts/6/protocol/apis/pancake/PancakeMasterChef.sol,migrate,DAppSCAN-source/contracts/Inspex-SpookySwap Integration & Fantom Expansion/bsc-alpaca-contract-4553a34a6dcfcfbf7aebc693bb5c5c6074c73129/contracts/6/protocol/apis/pancake/PancakeMasterChef.sol#L1615-L1624,0.8895269717916177,0,,external call plus guard/modifier/state-update signal,require_assert_guard_before_call|callee_user_controlled|safe_erc20_wrapper|contract_many_risky_interactions|contract_modifier_access_summary,require_assert_guard_before_call|callee_user_controlled|safe_erc20_wrapper|contract_many_risky_interactions|contract_modifier_access_summary,,L3: PoolInfo storage pool = poolInfo[_pid];,"L2: require(address(migrator) != address(0), ""migrate: no migrator"");","1: function migrate(uint256 _pid) public {\n2:         require(address(migrator) != address(0), ""migrate: no migrator"");\n3:         PoolInfo storage pool = poolInfo[_pid];\n4:         IBEP20 lpToken = pool.lpToken;\n5:         uint256 bal = lpToken.balanceOf(address(this));\n6:         lpToken.safeApprove(address(migrator), bal);\n7:         IBEP20 newLpToken = migrator.migrate(lpToken);\n8:         require(bal == newLpToken.balanceOf(address(this)), ""migrate: bad"");\n9:         pool.lpToken = newLpToken;\n10:     }",i:migrate,protected_negative,protected reentrancy-like pattern,external call plus guard/modifier/state-update signal,5
,DAPP::DAppSCAN-source/contracts/Inspex-Optimized Worker/bsc-alpaca-contract-1aee2ceec77e3fd3162b74858c846cdc5692928d::PancakeMasterChef,DAppSCAN-source/contracts/Inspex-Optimized Worker/bsc-alpaca-contract-1aee2ceec77e3fd3162b74858c846cdc5692928d/contracts/6/protocol/apis/pancake/PancakeMasterChef.sol,migrate,DAppSCAN-source/contracts/Inspex-Optimized Worker/bsc-alpaca-contract-1aee2ceec77e3fd3162b74858c846cdc5692928d/contracts/6/protocol/apis/pancake/PancakeMasterChef.sol#L1615-L1624,0.8895261517706992,0,,external call plus guard/modifier/state-update signal,require_assert_guard_before_call|callee_user_controlled|safe_erc20_wrapper|contract_many_risky_interactions|contract_modifier_access_summary,require_assert_guard_before_call|callee_user_controlled|safe_erc20_wrapper|contract_many_risky_interactions|contract_modifier_access_summary,,L3: PoolInfo storage pool = poolInfo[_pid];,"L2: require(address(migrator) != address(0), ""migrate: no migrator"");","1: function migrate(uint256 _pid) public {\n2:         require(address(migrator) != address(0), ""migrate: no migrator"");\n3:         PoolInfo storage pool = poolInfo[_pid];\n4:         IBEP20 lpToken = pool.lpToken;\n5:         uint256 bal = lpToken.balanceOf(address(this));\n6:         lpToken.safeApprove(address(migrator), bal);\n7:         IBEP20 newLpToken = migrator.migrate(lpToken);\n8:         require(bal == newLpToken.balanceOf(address(this)), ""migrate: bad"");\n9:         pool.lpToken = newLpToken;\n10:     }",i:migrate,protected_negative,protected reentrancy-like pattern,external call plus guard/modifier/state-update signal,5
,DAPP::DAppSCAN-source/contracts/Trail_of_Bits-YieldProtocol/fyDai-4422fda75931f2bfea49f5041ec90dc026e5c03d::Treasury,DAppSCAN-source/contracts/Trail_of_Bits-YieldProtocol/fyDai-4422fda75931f2bfea49f5041ec90dc026e5c03d/contracts/Treasury.sol,registerUnwind,DAppSCAN-source/contracts/Trail_of_Bits-YieldProtocol/fyDai-4422fda75931f2bfea49f5041ec90dc026e5c03d/contracts/Treasury.sol#L303-L314,0.8893884532893096,0,,external call plus guard/modifier/state-update signal,state_update_before_external_call|require_assert_guard_before_call|only_owner_or_access_control|contract_modifier_access_summary|contract_inheritance_modifier_summary|access_control_signal,state_update_before_external_call|require_assert_guard_before_call|only_owner_or_access_control|contract_modifier_access_summary|contract_inheritance_modifier_summary,,L9: _unwind = unwind_;,"L5: require( | function registerUnwind(address unwind_)
        public
        onlyOwner","1: function registerUnwind(address unwind_)\n2:         public\n3:         onlyOwner\n4:     {\n5:         require(\n6:             _unwind == address(0),\n7:             ""Treasury: Unwind already set""\n8:         );\n9:         _unwind = unwind_;\n10:         _chai.approve(address(_unwind), uint256(-1)); // Unwind will never cheat on us\n11:         _vat.hope(address(_unwind));                  // Unwind will never cheat on us\n12:     }",i:registerUnwind,ambiguous,protected reentrancy-like pattern,external call plus guard/modifier/state-update signal,5
,DAPP::DAppSCAN-source/contracts/Chainsecurity-Angle Protocol/angle-core-46e6d32837cbe97a4af0adb693e63afa0d01fc3e::Governor,DAppSCAN-source/contracts/Chainsecurity-Angle Protocol/angle-core-46e6d32837cbe97a4af0adb693e63afa0d01fc3e/contracts/dao/Governor.sol,initialize,DAppSCAN-source/contracts/Chainsecurity-Angle Protocol/angle-core-46e6d32837cbe97a4af0adb693e63afa0d01fc3e/contracts/dao/Governor.sol#L55-L80,0.8865777541727784,0,,external call plus guard/modifier/state-update signal,state_update_before_external_call|require_assert_guard_before_call|callee_user_controlled|contract_inheritance_modifier_summary,state_update_before_external_call|require_assert_guard_before_call|callee_user_controlled|contract_inheritance_modifier_summary,,L18: adminAddress = admin_;,"L9: require(timelock_ != address(0), ""invalid timelock address"");","1: function initialize(\n2:         address admin_,\n3:         address timelock_,\n4:         address angle_,\n5:         uint256 votingPeriod_,\n6:         uint256 votingDelay_,\n7:         uint256 proposalThreshold_\n8:     ) public initializer {\n9:         require(timelock_ != address(0), ""invalid timelock address"");\n10:         require(angle_ != address(0), ""invalid ANGLE address"");\n11:         require(votingPeriod_ >= MIN_VOTING_PERIOD && votingPeriod_ <= MAX_VOTING_PERIOD, ""invalid voting period"");\n12:         require(votingDelay_ >= MIN_VOTING_DELAY && votingDelay_ <= MAX_VOTING_DELAY, ""invalid voting delay"");\n13:         require(\n14:             proposalThreshold_ >= MIN_PROPOSAL_THRESHOLD && proposalThreshold_ <= MAX_PROPOSAL_THRESHOLD,",i:initialize,ambiguous,protected reentrancy-like pattern,external call plus guard/modifier/state-update signal,4
,DAPP::DAppSCAN-source/contracts/PeckShield-DSG/core-6f607f77698936e132e4e9b5cb4d75580636d919::NftEarnErc20Pool,DAppSCAN-source/contracts/PeckShield-DSG/core-6f607f77698936e132e4e9b5cb4d75580636d919/contracts/pools/NftEarnErc20Pool.sol,slotStake,DAppSCAN-source/contracts/PeckShield-DSG/core-6f607f77698936e132e4e9b5cb4d75580636d919/contracts/pools/NftEarnErc20Pool.sol#L455-L483,0.8839830306911015,0,,external call plus guard/modifier/state-update signal,state_update_after_external_call|require_assert_guard_before_call|callee_user_controlled|safe_erc20_wrapper|contract_many_risky_interactions,state_update_after_external_call|require_assert_guard_before_call|callee_user_controlled|safe_erc20_wrapper|contract_many_risky_interactions,"L17: dsgNft.safeTransferFrom(msg.sender, address(this), tokenId);",L4: UserInfo storage user = userInfo[msg.sender];,"L2: require(tokenIds.length == MAX_LEVEL, ""token count not match"");","12:             uint256 tokenId = tokenIds[i];\n13:             LibPart.NftInfo memory info = dsgNft.getNft(tokenId);\n14:             require(info.level == i+1, ""nft level not match"");\n15: \n16:             totalPower = totalPower.add(info.power);\n17:             dsgNft.safeTransferFrom(msg.sender, address(this), tokenId);\n18:         }\n19:         user.slotNfts[slot] = tokenIds;\n20: \n21:         if (user.share > 0) {\n22:             harvest();\n23:         }\n24:         totalPower = totalPower.add(totalPower.mul(slotAdditionRate).div(10000));\n25:         user.share = user.share.add(totalPower);",i:slotStake,protected_negative,protected reentrancy-like pattern,external call plus guard/modifier/state-update signal,5
,DAPP::DAppSCAN-source/contracts/consensys-Fei_Protocol/fei-protocol-core-ff892c5d0b9697f249d713bbb2b3bd1da7980ed2::GenesisGroup,DAppSCAN-source/contracts/consensys-Fei_Protocol/fei-protocol-core-ff892c5d0b9697f249d713bbb2b3bd1da7980ed2/contracts/genesis/GenesisGroup.sol,redeem,DAppSCAN-source/contracts/consensys-Fei_Protocol/fei-protocol-core-ff892c5d0b9697f249d713bbb2b3bd1da7980ed2/contracts/genesis/GenesisGroup.sol#L96-L120,0.8828803415196109,0,,external call plus guard/modifier/state-update signal,state_update_before_external_call|require_assert_guard_before_call|contract_inheritance_modifier_summary,state_update_before_external_call|require_assert_guard_before_call|contract_inheritance_modifier_summary,"L19: fei().transfer(to, feiAmount);",L4: uint tribeAmount = genesisTribe + idoTribe;,"L6: require(tribeAmount != 0, ""GenesisGroup: No redeemable TRIBE"");","14: \n15: 		totalCommittedTribe -= idoTribe;\n16: \n17: \n18: 		if (feiAmount != 0) {\n19: 			fei().transfer(to, feiAmount);\n20: 		}\n21: \n22: 		tribe().transfer(to, tribeAmount);\n23: \n24: 		emit Redeem(to, amountIn, feiAmount, tribeAmount);\n25: 	}",i:redeem,ambiguous,protected reentrancy-like pattern,external call plus guard/modifier/state-update signal,3
,DAPP::DAppSCAN-source/contracts/QuillAudits-Bond Appetit-Bond Appetit/bondappetit-protocol-355180f0aca0b29d60d808f761052956b7a3a159::Vesting,DAppSCAN-source/contracts/QuillAudits-Bond Appetit-Bond Appetit/bondappetit-protocol-355180f0aca0b29d60d808f761052956b7a3a159/contracts/Vesting.sol,lock,DAppSCAN-source/contracts/QuillAudits-Bond Appetit-Bond Appetit/bondappetit-protocol-355180f0aca0b29d60d808f761052956b7a3a159/contracts/Vesting.sol#L84-L101,0.8823215603778299,0,,external call plus guard/modifier/state-update signal,require_assert_guard_before_call|only_owner_or_access_control|callee_user_controlled|safe_erc20_wrapper|contract_modifier_access_summary|contract_inheritance_modifier_summary|access_control_signal,require_assert_guard_before_call|only_owner_or_access_control|callee_user_controlled|safe_erc20_wrapper|contract_modifier_access_summary|contract_inheritance_modifier_summary,"L9: token.safeTransferFrom(_msgSender(), address(this), amount);",L11: currentPeriod += 1;,"L7: require(periodsIndex[recipient].length <= maxPeriodsPerRecipient(), ""Vesting::lock: too many periods""); | function lock(
        address recipient,
        uint256 amount,
        string memory description,
        uint256 date
    ) external onlyOwner returns (uint256)","4:         string memory description,\n5:         uint256 date\n6:     ) external onlyOwner returns (uint256) {\n7:         require(periodsIndex[recipient].length <= maxPeriodsPerRecipient(), ""Vesting::lock: too many periods"");\n8: \n9:         token.safeTransferFrom(_msgSender(), address(this), amount);\n10: \n11:         currentPeriod += 1;\n12:         participants.add(recipient);\n13:         periods[recipient][currentPeriod] = Period(currentPeriod, amount, date, description, false);\n14:         periodsIndex[recipient].push(currentPeriod);\n15:         emit Locked(currentPeriod);\n16: \n17:         return currentPeriod;",i:lock,protected_negative,protected reentrancy-like pattern,external call plus guard/modifier/state-update signal,6
,"DAPP::DAppSCAN-source/contracts/Inspex-StakingPool, Vault, Strategy & VotingEscrow/scientix-contract-main::VotingEscrow","DAppSCAN-source/contracts/Inspex-StakingPool, Vault, Strategy & VotingEscrow/scientix-contract-main/contracts/VotingEscrow.sol",_collectReward,"DAppSCAN-source/contracts/Inspex-StakingPool, Vault, Strategy & VotingEscrow/scientix-contract-main/contracts/VotingEscrow.sol#L298-L320",0.8810204613218434,0,,external call plus guard/modifier/state-update signal,state_update_before_external_call|state_update_after_external_call|trusted_or_fixed_callee|safe_erc20_wrapper|contract_modifier_access_summary,state_update_before_external_call|state_update_after_external_call|trusted_or_fixed_callee|safe_erc20_wrapper|contract_modifier_access_summary,"L9: _busd.safeTransferFrom(_collector, address(this), newReward);",L5: uint256 balanceBefore = IERC20(_scix).balanceOf(address(this));,,"4: \n5:         uint256 balanceBefore = IERC20(_scix).balanceOf(address(this));\n6: \n7:         uint256 newReward = _busd.balanceOf(_collector);\n8:         if (buyback && newReward > 0) {\n9:             _busd.safeTransferFrom(_collector, address(this), newReward);\n10:             IPancakeRouter02(_pancakeRouterAddress).swapExactTokensForTokens(\n11:                 newReward,\n12:                 newReward.mul(priceMin).div(1e18),\n13:                 _busdToSCIXPath,\n14:                 address(this),\n15:                 now.add(600)\n16:             );\n17:         }",i:_collectReward,protected_negative,protected reentrancy-like pattern,external call plus guard/modifier/state-update signal,5
,DAPP::DAppSCAN-source/contracts/PeckShield-BabySwap/code::SmartChefInitializable,DAppSCAN-source/contracts/PeckShield-BabySwap/code/baby-swap-contract-cac289bf978d969c95721c2adb9f199cee72ffa6/contracts/farm/PoolFactory.sol,initialize,DAppSCAN-source/contracts/PeckShield-BabySwap/code/baby-swap-contract-cac289bf978d969c95721c2adb9f199cee72ffa6/contracts/farm/PoolFactory.sol#L879-L915,0.8795244935622106,0,,external call plus guard/modifier/state-update signal,state_update_before_external_call|state_update_after_external_call|require_assert_guard_before_call|callee_user_controlled|contract_many_risky_interactions|contract_modifier_access_summary,state_update_before_external_call|state_update_after_external_call|require_assert_guard_before_call|callee_user_controlled|contract_many_risky_interactions|contract_modifier_access_summary,,L14: isInitialized = true;,"L10: require(!isInitialized, ""Already initialized"");","1: function initialize(\n2:         IBEP20 _stakedToken,\n3:         IBEP20 _rewardToken,\n4:         uint256 _rewardPerBlock,\n5:         uint256 _startBlock,\n6:         uint256 _bonusEndBlock,\n7:         uint256 _poolLimitPerUser,\n8:         address _admin\n9:     ) external {\n10:         require(!isInitialized, ""Already initialized"");\n11:         require(msg.sender == SMART_CHEF_FACTORY, ""Not factory"");\n12: \n13:         // Make this contract initialized\n14:         isInitialized = true;",i:initialize,ambiguous,protected reentrancy-like pattern,external call plus guard/modifier/state-update signal,6
,DAPP::DAppSCAN-source/contracts/Trail_of_Bits-FraxQ42021/frax-solidity-bd40775e283923aa9e32a107abd426430a99835e::StakingRewardsDualV4_FRAX_OHM,DAppSCAN-source/contracts/Trail_of_Bits-FraxQ42021/frax-solidity-bd40775e283923aa9e32a107abd426430a99835e/src/hardhat/old_contracts/Staking/Variants/StakingRewardsDualV4_FRAX_OHM.sol,_stakeLocked,DAppSCAN-source/contracts/Trail_of_Bits-FraxQ42021/frax-solidity-bd40775e283923aa9e32a107abd426430a99835e/src/hardhat/old_contracts/Staking/Variants/StakingRewardsDualV4_FRAX_OHM.sol#L400-L428,0.875343596888746,0,,external call plus guard/modifier/state-update signal,state_update_before_external_call|state_update_after_external_call|require_assert_guard_before_call|nonreentrant_modifier|safe_erc20_wrapper|contract_many_risky_interactions|contract_modifier_access_summary|contract_inheritance_modifier_summary,state_update_before_external_call|state_update_after_external_call|require_assert_guard_before_call|nonreentrant_modifier|safe_erc20_wrapper|contract_many_risky_interactions|contract_modifier_access_summary|contract_inheritance_modifier_summary,"L19: TransferHelper.safeTransferFrom(address(stakingToken), source_address, address(this), liquidity);",L8: uint256 lock_multiplier = lockMultiplier(secs);,"nonReentrant/modifier | L2: require((!stakingPaused && migrationsOn == false) || valid_migrators[msg.sender] == true, ""Staking paused or in migration"");","14:             block.timestamp.add(secs),\n15:             lock_multiplier\n16:         ));\n17: \n18:         // Pull the tokens from the source_address\n19:         TransferHelper.safeTransferFrom(address(stakingToken), source_address, address(this), liquidity);\n20: \n21:         // Update liquidities\n22:         _total_liquidity_locked = _total_liquidity_locked.add(liquidity);\n23:         _locked_liquidity[staker_address] = _locked_liquidity[staker_address].add(liquidity);\n24: \n25:         // Need to call to update the combined weights\n26:         _updateRewardAndBalance(staker_address, false);\n27: ",i:_stakeLocked,protected_negative,protected reentrancy-like pattern,external call plus guard/modifier/state-update signal,8
,DAPP::DAppSCAN-source/contracts/Trail_of_Bits-FraxQ42021/frax-solidity-bd40775e283923aa9e32a107abd426430a99835e::StakingRewardsDualV4,DAppSCAN-source/contracts/Trail_of_Bits-FraxQ42021/frax-solidity-bd40775e283923aa9e32a107abd426430a99835e/src/hardhat/old_contracts/Staking/StakingRewardsDualV4.sol,_stakeLocked,DAppSCAN-source/contracts/Trail_of_Bits-FraxQ42021/frax-solidity-bd40775e283923aa9e32a107abd426430a99835e/src/hardhat/old_contracts/Staking/StakingRewardsDualV4.sol#L400-L428,0.8753435708731796,0,,external call plus guard/modifier/state-update signal,state_update_before_external_call|state_update_after_external_call|require_assert_guard_before_call|nonreentrant_modifier|safe_erc20_wrapper|contract_many_risky_interactions|contract_modifier_access_summary|contract_inheritance_modifier_summary,state_update_before_external_call|state_update_after_external_call|require_assert_guard_before_call|nonreentrant_modifier|safe_erc20_wrapper|contract_many_risky_interactions|contract_modifier_access_summary|contract_inheritance_modifier_summary,"L19: TransferHelper.safeTransferFrom(address(stakingToken), source_address, address(this), liquidity);",L8: uint256 lock_multiplier = lockMultiplier(secs);,"nonReentrant/modifier | L2: require((!stakingPaused && migrationsOn == false) || valid_migrators[msg.sender] == true, ""Staking paused or in migration"");","14:             block.timestamp.add(secs),\n15:             lock_multiplier\n16:         ));\n17: \n18:         // Pull the tokens from the source_address\n19:         TransferHelper.safeTransferFrom(address(stakingToken), source_address, address(this), liquidity);\n20: \n21:         // Update liquidities\n22:         _total_liquidity_locked = _total_liquidity_locked.add(liquidity);\n23:         _locked_liquidity[staker_address] = _locked_liquidity[staker_address].add(liquidity);\n24: \n25:         // Need to call to update the combined weights\n26:         _updateRewardAndBalance(staker_address, false);\n27: ",i:_stakeLocked,protected_negative,protected reentrancy-like pattern,external call plus guard/modifier/state-update signal,8
,DAPP::DAppSCAN-source/contracts/Trail_of_Bits-FraxQ42021/frax-solidity-bd40775e283923aa9e32a107abd426430a99835e::TWAMMSwap,DAppSCAN-source/contracts/Trail_of_Bits-FraxQ42021/frax-solidity-bd40775e283923aa9e32a107abd426430a99835e/src/hardhat/contracts/FPI/TWAMMSwap.sol,swapExactTokensForTokens,DAppSCAN-source/contracts/Trail_of_Bits-FraxQ42021/frax-solidity-bd40775e283923aa9e32a107abd426430a99835e/src/hardhat/contracts/FPI/TWAMMSwap.sol#L124-L141,0.8753326699411694,0,,external call plus guard/modifier/state-update signal,require_assert_guard_before_call|callee_user_controlled|trusted_or_fixed_callee|safe_erc20_wrapper|contract_modifier_access_summary,require_assert_guard_before_call|callee_user_controlled|trusted_or_fixed_callee|safe_erc20_wrapper|contract_modifier_access_summary,"L10: SafeERC20.safeTransferFrom(token0, msg.sender, address(this), amountIn);",L4: uint balance0 = IERC20(token0).balanceOf(address(this)).add(sold0).sub(bought0);,"L2: require(deadline==0 || block.timestamp<=deadline,'TWAPP: EXPIRED');","5:         uint balance1 = IERC20(token1).balanceOf(address(this)).add(sold1).sub(bought1);\n6: \n7:         if (tokenFrom==token0  && tokenTo==token1) {\n8:             amount = getAmountOut(amountIn, balance0, balance1);\n9:             require(amount>=amountOutMin,'TWAPP: INSUFFICIENT_OUTPUT_AMOUNT');\n10:             SafeERC20.safeTransferFrom(token0, msg.sender, address(this), amountIn);\n11:             swap(0, amount, to);\n12:         } else if (tokenFrom==token1  && tokenTo==token0) {\n13:             amount = getAmountOut(amountIn, balance1, balance0);\n14:             require(amount>=amountOutMin,'TWAPP: INSUFFICIENT_OUTPUT_AMOUNT');\n15:             SafeERC20.safeTransferFrom(token1, msg.sender, address(this), amountIn);\n16:             swap(amount, 0, to);\n17:         }\n18:     }",i:swapExactTokensForTokens,protected_negative,protected reentrancy-like pattern,external call plus guard/modifier/state-update signal,5
,"DAPP::DAppSCAN-source/contracts/Inspex-FairLaunch, Token, Vault & Workers/Meow-Finance-4a4f13efaf5e5fbed74c0ed23b665751e655d715::Vault","DAppSCAN-source/contracts/Inspex-FairLaunch, Token, Vault & Workers/Meow-Finance-4a4f13efaf5e5fbed74c0ed23b665751e655d715/contracts/protocol/Vault.sol",work,"DAppSCAN-source/contracts/Inspex-FairLaunch, Token, Vault & Workers/Meow-Finance-4a4f13efaf5e5fbed74c0ed23b665751e655d715/contracts/protocol/Vault.sol#L289-L372",0.8721619430466887,0,,external call plus guard/modifier/state-update signal,state_update_before_external_call|require_assert_guard_before_call|nonreentrant_modifier|only_owner_or_access_control|callee_user_controlled|safe_erc20_wrapper|contract_many_risky_interactions|contract_modifier_access_summary|contract_inheritance_modifier_summary|access_control_signal,state_update_before_external_call|require_assert_guard_before_call|nonreentrant_modifier|only_owner_or_access_control|callee_user_controlled|safe_erc20_wrapper|contract_many_risky_interactions|contract_modifier_access_summary|contract_inheritance_modifier_summary,"L51: SafeToken.safeTransfer(token, worker, sendERC20);",L17: id = nextPositionID++;,"nonReentrant/modifier | L9: require(meowMiningPoolId != uint256(-1), ""Vault::work:: poolId not set""); | function work(
    uint256 id,
    address worker,
    uint256 principalAmount,
    uint256 loan,
    uint256 maxReturn,
    bytes calldata data
  ) external payable onlyEOAorWhitelisted transferTokenToVault(principalAmount) accrue(principalAmount) nonReentrant","46:       require(\n47:         sendERC20 <= SafeToken.myBalance(token).sub(reservePool),\n48:         ""Vault::work:: insufficient funds in the vault""\n49:       );\n50:       uint256 beforeERC20 = SafeToken.myBalance(token).sub(sendERC20);\n51:       SafeToken.safeTransfer(token, worker, sendERC20);\n52:       IWorker(worker).work(id, msg.sender, debt, data);\n53:       back = SafeToken.myBalance(token).sub(beforeERC20);\n54:     }\n55:     // 4. Check and update position debt.\n56:     uint256 lessDebt = Math.min(debt, Math.min(back, maxReturn));\n57:     debt = debt.sub(lessDebt);\n58:     if (debt > 0) {\n59:       require(debt >= config.minDebtSize(), ""Vault::work:: too small debt size"");",i:work,protected_negative,protected reentrancy-like pattern,external call plus guard/modifier/state-update signal,9
,"DAPP::DAppSCAN-source/contracts/Inspex-StakingPool, Vault, Strategy & VotingEscrow/scientix-contract-main::StakingPools","DAppSCAN-source/contracts/Inspex-StakingPool, Vault, Strategy & VotingEscrow/scientix-contract-main/contracts/StakingPools.sol",deposit,"DAppSCAN-source/contracts/Inspex-StakingPool, Vault, Strategy & VotingEscrow/scientix-contract-main/contracts/StakingPools.sol#L230-L238",0.8716671169441662,0,,external call plus guard/modifier/state-update signal,nonreentrant_modifier|callee_user_controlled|contract_many_risky_interactions|contract_modifier_access_summary,nonreentrant_modifier|callee_user_controlled|contract_many_risky_interactions|contract_modifier_access_summary,,L2: Pool.Data storage _pool = _pools.get(_poolId);,nonReentrant/modifier,"1: function deposit(uint256 _poolId, uint256 _depositAmount) external nonReentrantAndUnpaused {\n2:     Pool.Data storage _pool = _pools.get(_poolId);\n3:     _pool.update(_ctx);\n4: \n5:     Stake.Data storage _stake = _stakes[msg.sender][_poolId];\n6:     _stake.update(_pool, _ctx);\n7: \n8:     _deposit(_poolId, _depositAmount);\n9:   }",i:deposit,protected_negative,protected reentrancy-like pattern,external call plus guard/modifier/state-update signal,4
,DAPP::DAppSCAN-source/contracts/PeckShield-Convex_Frax/frax-cvx-platform-2f8573ee796daa022c1050b4a749bf08049c439b::PoolRegistry,DAppSCAN-source/contracts/PeckShield-Convex_Frax/frax-cvx-platform-2f8573ee796daa022c1050b4a749bf08049c439b/contracts/contracts/PoolRegistry.sol,addPool,DAppSCAN-source/contracts/PeckShield-Convex_Frax/frax-cvx-platform-2f8573ee796daa022c1050b4a749bf08049c439b/contracts/contracts/PoolRegistry.sol#L69-L90,0.8713255094731673,0,,external call plus guard/modifier/state-update signal,require_assert_guard_before_call|only_owner_or_access_control|callee_user_controlled|contract_modifier_access_summary|access_control_signal,require_assert_guard_before_call|only_owner_or_access_control|callee_user_controlled|contract_modifier_access_summary,,L8: rewards = IProxyFactory(proxyFactory).clone(rewardImplementation);,"L2: require(_implementation != address(0), ""!imp""); | function addPool(address _implementation, address _stakingAddress, address _stakingToken) external onlyOperator","1: function addPool(address _implementation, address _stakingAddress, address _stakingToken) external onlyOperator{\n2:         require(_implementation != address(0), ""!imp"");\n3:         require(_stakingAddress != address(0), ""!stkAdd"");\n4:         require(_stakingToken != address(0), ""!stkTok"");\n5: \n6:         address rewards;\n7:         if(rewardImplementation != address(0)){\n8:            rewards = IProxyFactory(proxyFactory).clone(rewardImplementation);\n9:            IRewards(rewards).initialize(poolInfo.length, rewardsStartActive);\n10:         }\n11: \n12:         poolInfo.push(\n13:             PoolInfo({\n14:                 implementation: _implementation,",i:addPool,ambiguous,protected reentrancy-like pattern,external call plus guard/modifier/state-update signal,4
,DAPP::DAppSCAN-source/contracts/Runtime_Vеrification-Element_Finance_Governance_Security_Audit_Report/council-3d751c959b42573c78ccd0bccbc80424bf6d9a90::Airdrop,DAppSCAN-source/contracts/Runtime_Vеrification-Element_Finance_Governance_Security_Audit_Report/council-3d751c959b42573c78ccd0bccbc80424bf6d9a90/contracts/features/Airdrop.sol,reclaim,DAppSCAN-source/contracts/Runtime_Vеrification-Element_Finance_Governance_Security_Audit_Report/council-3d751c959b42573c78ccd0bccbc80424bf6d9a90/contracts/features/Airdrop.sol#L35-L39,0.8702636414150577,0,,external call plus guard/modifier/state-update signal,require_assert_guard_before_call|only_owner_or_access_control|callee_user_controlled|contract_modifier_access_summary|access_control_signal,require_assert_guard_before_call|only_owner_or_access_control|callee_user_controlled|contract_modifier_access_summary,"L4: token.transfer(destination, unclaimed);",L3: uint256 unclaimed = token.balanceOf(address(this));,"L2: require(block.timestamp > expiration, ""Not expired""); | function reclaim(address destination) external onlyOwner","1: function reclaim(address destination) external onlyOwner {\n2:         require(block.timestamp > expiration, ""Not expired"");\n3:         uint256 unclaimed = token.balanceOf(address(this));\n4:         token.transfer(destination, unclaimed);\n5:     }",i:reclaim,ambiguous,protected reentrancy-like pattern,external call plus guard/modifier/state-update signal,4
,FORGE::vfp_00116::L1ETHBridge,L1ETHBridge.sol,finalizeWithdraw,L1ETHBridge.sol#L29-L42,0.8685217982603103,0,,external call plus guard/modifier/state-update signal,state_update_before_external_call|return_value_checked|require_assert_guard_before_call|nonreentrant_modifier|callee_user_controlled|contract_modifier_access_summary|contract_inheritance_modifier_summary,state_update_before_external_call|return_value_checked|require_assert_guard_before_call|nonreentrant_modifier|callee_user_controlled|contract_modifier_access_summary|contract_inheritance_modifier_summary,,L7: balance -= amount_;,"nonReentrant/modifier | L2: require(msg.value == amount_, ""msg.value mismatch"");","1: function finalizeWithdraw(address sender_, address to_, uint256 amount_, bytes memory msg_) external payable override nonReentrant onlyMailBox whenNotPaused {\n2:         require(msg.value == amount_, ""msg.value mismatch"");\n3:         require(balance >= amount_, ""balance too low"");\n4: \n5:         // @note can possible trigger reentrant call to messenger,\n6:         // but it seems not a big problem.\n7:         balance -= amount_;\n8:         (bool success_, ) = to_.call{value: amount_}("""");\n9:         require(success_, ""ETH transfer failed"");\n10: // TODO : add call msg with withdraw\n11: //        _doCallback(to_, msg_);\n12: \n13:         emit FinalizeWithdrawETH(sender_, to_, amount_, msg_);\n14:     }",i:finalizeWithdraw,protected_negative,protected reentrancy-like pattern,external call plus guard/modifier/state-update signal,7
,DAPP::DAppSCAN-source/contracts/PeckShield-Buffer/code::BufferStakingIBFR,DAppSCAN-source/contracts/PeckShield-Buffer/code/Buffer-Protocol-1c648bb35feca23bc801ce76aba63ca66af5917e/contracts/Staking/BufferStakingIBFR.sol,buy,DAppSCAN-source/contracts/PeckShield-Buffer/code/Buffer-Protocol-1c648bb35feca23bc801ce76aba63ca66af5917e/contracts/Staking/BufferStakingIBFR.sol#L58-L64,0.867193189507169,0,,external call plus guard/modifier/state-update signal,require_assert_guard_before_call|trusted_or_fixed_callee|contract_inheritance_modifier_summary,require_assert_guard_before_call|trusted_or_fixed_callee|contract_inheritance_modifier_summary,,L2: lastBoughtTimestamp[msg.sender] = block.timestamp;,"L3: require(amountOfTokens > 0, ""Amount is zero"");","1: function buy(uint256 amountOfTokens) external override {\n2:         lastBoughtTimestamp[msg.sender] = block.timestamp;\n3:         require(amountOfTokens > 0, ""Amount is zero"");\n4:         require(totalSupply() + amountOfTokens <= maxSupply());\n5:         _mint(msg.sender, amountOfTokens);\n6:         BUFFER.transferFrom(msg.sender, address(this), amountOfTokens * lotPrice());\n7:     }",i:buy,ambiguous,protected reentrancy-like pattern,external call plus guard/modifier/state-update signal,3
,DAPP::DAppSCAN-source/contracts/Chainsecurity-Angle Protocol/angle-core-46e6d32837cbe97a4af0adb693e63afa0d01fc3e::StakingRewards,DAppSCAN-source/contracts/Chainsecurity-Angle Protocol/angle-core-46e6d32837cbe97a4af0adb693e63afa0d01fc3e/contracts/staking/StakingRewards.sol,withdraw,DAppSCAN-source/contracts/Chainsecurity-Angle Protocol/angle-core-46e6d32837cbe97a4af0adb693e63afa0d01fc3e/contracts/staking/StakingRewards.sol#L170-L176,0.86568353432549,0,,external call plus guard/modifier/state-update signal,state_update_before_external_call|require_assert_guard_before_call|nonreentrant_modifier|callee_user_controlled|safe_erc20_wrapper|contract_modifier_access_summary|contract_inheritance_modifier_summary,state_update_before_external_call|require_assert_guard_before_call|nonreentrant_modifier|callee_user_controlled|safe_erc20_wrapper|contract_modifier_access_summary|contract_inheritance_modifier_summary,"L5: stakingToken.safeTransfer(msg.sender, amount);",L3: _totalSupply = _totalSupply - amount;,"nonReentrant/modifier | L2: require(amount > 0, ""89"");","1: function withdraw(uint256 amount) public nonReentrant updateReward(msg.sender) {\n2:         require(amount > 0, ""89"");\n3:         _totalSupply = _totalSupply - amount;\n4:         _balances[msg.sender] = _balances[msg.sender] - amount;\n5:         stakingToken.safeTransfer(msg.sender, amount);\n6:         emit Withdrawn(msg.sender, amount);\n7:     }",i:withdraw,protected_negative,protected reentrancy-like pattern,external call plus guard/modifier/state-update signal,7
,DAPP::DAppSCAN-source/contracts/Chainsecurity-Angle Protocol/angle-core-46e6d32837cbe97a4af0adb693e63afa0d01fc3e::PerpetualManagerFront,DAppSCAN-source/contracts/Chainsecurity-Angle Protocol/angle-core-46e6d32837cbe97a4af0adb693e63afa0d01fc3e/contracts/perpetualManager/PerpetualManagerFront.sol,openPerpetual,DAppSCAN-source/contracts/Chainsecurity-Angle Protocol/angle-core-46e6d32837cbe97a4af0adb693e63afa0d01fc3e/contracts/perpetualManager/PerpetualManagerFront.sol#L75-L122,0.8643827315541897,0,,external call plus guard/modifier/state-update signal,state_update_after_external_call|require_assert_guard_before_call|callee_user_controlled|safe_erc20_wrapper|contract_many_risky_interactions|contract_modifier_access_summary|contract_inheritance_modifier_summary,state_update_after_external_call|require_assert_guard_before_call|callee_user_controlled|safe_erc20_wrapper|contract_many_risky_interactions|contract_modifier_access_summary|contract_inheritance_modifier_summary,"L14: _token.safeTransferFrom(msg.sender, address(poolManager), margin);",L24: uint256 totalHedgeAmountUpdate = (committedAmount * rateUp) / _collatBase;,L8: // Transaction will revert anyway if `margin` is zero,"9:         require(committedAmount > 0, ""27"");\n10: \n11:         // There could be a reentrancy attack as a call to an external contract is done before state variables\n12:         // updates. Yet in this case, the call involves a transfer from the `msg.sender` to the contract which\n13:         // eliminates the risk\n14:         _token.safeTransferFrom(msg.sender, address(poolManager), margin);\n15: \n16:         // Computing the oracle value\n17:         // Only the highest oracle value (between Chainlink and Uniswap) we get is stored in the perpetual\n18:         (, uint256 rateUp) = _getOraclePrice();\n19:         // Checking if the oracle rate is not too big: a too big oracle rate could mean for a HA that the price\n20:         // has become too high to make it interesting to open a perpetual\n21:         require(rateUp <= maxOracleRate, ""28"");\n22: ",i:openPerpetual,protected_negative,protected reentrancy-like pattern,external call plus guard/modifier/state-update signal,7
,DAPP::DAppSCAN-source/contracts/PeckShield-Convex_Frax/frax-cvx-platform-2f8573ee796daa022c1050b4a749bf08049c439b::MultiRewards,DAppSCAN-source/contracts/PeckShield-Convex_Frax/frax-cvx-platform-2f8573ee796daa022c1050b4a749bf08049c439b/contracts/contracts/MultiRewards.sol,recoverERC20,DAppSCAN-source/contracts/PeckShield-Convex_Frax/frax-cvx-platform-2f8573ee796daa022c1050b4a749bf08049c439b/contracts/contracts/MultiRewards.sol#L249-L253,0.8628357841916259,0,,external call plus guard/modifier/state-update signal,require_assert_guard_before_call|only_owner_or_access_control|trusted_or_fixed_callee|safe_erc20_wrapper|contract_modifier_access_summary|access_control_signal,require_assert_guard_before_call|only_owner_or_access_control|trusted_or_fixed_callee|safe_erc20_wrapper|contract_modifier_access_summary,"L3: IERC20(_tokenAddress).safeTransfer(IBooster(convexBooster).rewardManager(), _tokenAmount);",,"L2: require(rewardData[_tokenAddress].lastUpdateTime == 0, ""Cannot withdraw reward token""); | function recoverERC20(address _tokenAddress, uint256 _tokenAmount) external onlyOwner","1: function recoverERC20(address _tokenAddress, uint256 _tokenAmount) external onlyOwner {\n2:         require(rewardData[_tokenAddress].lastUpdateTime == 0, ""Cannot withdraw reward token"");\n3:         IERC20(_tokenAddress).safeTransfer(IBooster(convexBooster).rewardManager(), _tokenAmount);\n4:         emit Recovered(_tokenAddress, _tokenAmount);\n5:     }",i:recoverERC20,protected_negative,protected reentrancy-like pattern,external call plus guard/modifier/state-update signal,5
,DAPP::DAppSCAN-source/contracts/SlowMist-CFFv2 Smart Contract Security Audit Report/cff-contract-v2-c86bef3f13c7585f547f9cd0ca900f94664e96b7::CFControllerV2,DAppSCAN-source/contracts/SlowMist-CFFv2 Smart Contract Security Audit Report/cff-contract-v2-c86bef3f13c7585f547f9cd0ca900f94664e96b7/contracts/core/CFController.sol,earnReward,DAppSCAN-source/contracts/SlowMist-CFFv2 Smart Contract Security Audit Report/cff-contract-v2-c86bef3f13c7585f547f9cd0ca900f94664e96b7/contracts/core/CFController.sol#L150-L173,0.8614110861780291,0,,external call plus guard/modifier/state-update signal,state_update_before_external_call|require_assert_guard_before_call|only_owner_or_access_control|callee_user_controlled|trusted_or_fixed_callee|contract_modifier_access_summary|access_control_signal,state_update_before_external_call|require_assert_guard_before_call|only_owner_or_access_control|callee_user_controlled|trusted_or_fixed_callee|contract_modifier_access_summary,,L3: last_earn_block = block.number;,"L2: require(block.number.safeSub(last_earn_block) >= earn_gap, ""not long enough""); | function earnReward(uint min_amount) public onlyOwner","1: function earnReward(uint min_amount) public onlyOwner{\n2:     require(block.number.safeSub(last_earn_block) >= earn_gap, ""not long enough"");\n3:     last_earn_block = block.number;\n4: \n5:     uint256 index = get_pid(ICurvePool(current_pool).get_lp_token_addr());\n6:     (,,,address crvRewards,,) = convex_booster.poolInfo(index);\n7:     ConvexRewardInterface(crvRewards).getReward(address(this), true);\n8: \n9:     for(uint i = 0; i < extra_yield_tokens.length; i++){\n10:       uint256 amount = IERC20(extra_yield_tokens[i]).balanceOf(address(this));\n11:       if(amount > 0){\n12:         require(yield_handler != YieldHandlerInterface(0x0), ""invalid yield handler"");\n13:         IERC20(extra_yield_tokens[i]).approve(address(yield_handler), amount);\n14:         if(target_token == address(0x0)){",i:earnReward,ambiguous,protected reentrancy-like pattern,external call plus guard/modifier/state-update signal,6
,DAPP::DAppSCAN-source/contracts/consensys-Fei_Protocol_v2_Phase_1/fei-protocol-core-5e3e2ab889f06831f4fe2e8460066ded40ccf0a8::BondingCurve,DAppSCAN-source/contracts/consensys-Fei_Protocol_v2_Phase_1/fei-protocol-core-5e3e2ab889f06831f4fe2e8460066ded40ccf0a8/contracts/bondingcurve/BondingCurve.sol,purchase,DAppSCAN-source/contracts/consensys-Fei_Protocol_v2_Phase_1/fei-protocol-core-5e3e2ab889f06831f4fe2e8460066ded40ccf0a8/contracts/bondingcurve/BondingCurve.sol#L90-L101,0.8609671528435267,0,,external call plus guard/modifier/state-update signal,require_assert_guard_before_call|safe_erc20_wrapper|contract_modifier_access_summary|contract_inheritance_modifier_summary,require_assert_guard_before_call|safe_erc20_wrapper|contract_modifier_access_summary|contract_inheritance_modifier_summary,"L10: SafeERC20.safeTransferFrom(token, msg.sender, address(this), amountIn);",,"L9: require(msg.value == 0, ""BondingCurve: unexpected ETH input"");","5:         override\n6:         whenNotPaused\n7:         returns (uint256 amountOut)\n8:     {\n9:         require(msg.value == 0, ""BondingCurve: unexpected ETH input"");\n10:         SafeERC20.safeTransferFrom(token, msg.sender, address(this), amountIn);\n11:         return _purchase(amountIn, to);\n12:     }",i:purchase,protected_negative,protected reentrancy-like pattern,external call plus guard/modifier/state-update signal,4
,DAPP::DAppSCAN-source/contracts/Inspex-SpookySwap Integration & Fantom Expansion/bsc-alpaca-contract-4553a34a6dcfcfbf7aebc693bb5c5c6074c73129::WaultSwapWorker02,DAppSCAN-source/contracts/Inspex-SpookySwap Integration & Fantom Expansion/bsc-alpaca-contract-4553a34a6dcfcfbf7aebc693bb5c5c6074c73129/contracts/6/protocol/workers/waultswap/WaultSwapWorker02.sol,work,DAppSCAN-source/contracts/Inspex-SpookySwap Integration & Fantom Expansion/bsc-alpaca-contract-4553a34a6dcfcfbf7aebc693bb5c5c6074c73129/contracts/6/protocol/workers/waultswap/WaultSwapWorker02.sol#L261-L285,0.8602590689264223,0,,external call plus guard/modifier/state-update signal,require_assert_guard_before_call|nonreentrant_modifier|only_owner_or_access_control|callee_user_controlled|safe_erc20_wrapper|contract_many_risky_interactions|contract_modifier_access_summary|contract_inheritance_modifier_summary|access_control_signal,require_assert_guard_before_call|nonreentrant_modifier|only_owner_or_access_control|callee_user_controlled|safe_erc20_wrapper|contract_many_risky_interactions|contract_modifier_access_summary|contract_inheritance_modifier_summary,"L16: lpToken.transfer(strat, lpToken.balanceOf(address(this))),",,"nonReentrant/modifier | L14: require(okStrats[strat], ""WaultSwapWorker02::work:: unapproved work strategy""); | function work(
    uint256 id,
    address user,
    uint256 debt,
    bytes calldata data
  ) external override onlyOperator nonReentrant","11:     _removeShare(id);\n12:     // 3. Perform the worker strategy; sending LP tokens + BaseToken; expecting LP tokens + BaseToken.\n13:     (address strat, bytes memory ext) = abi.decode(data, (address, bytes));\n14:     require(okStrats[strat], ""WaultSwapWorker02::work:: unapproved work strategy"");\n15:     require(\n16:       lpToken.transfer(strat, lpToken.balanceOf(address(this))),\n17:       ""WaultSwapWorker02::work:: unable to transfer lp to strat""\n18:     );\n19:     baseToken.safeTransfer(strat, actualBaseTokenBalance());\n20:     IStrategy(strat).execute(user, debt, ext);\n21:     // 4. Add LP tokens back to the farming pool.\n22:     _addShare(id);\n23:     // 5. Return any remaining BaseToken back to the operator.\n24:     baseToken.safeTransfer(msg.sender, actualBaseTokenBalance());",i:work,protected_negative,protected reentrancy-like pattern,external call plus guard/modifier/state-update signal,8
,DAPP::DAppSCAN-source/contracts/consensys-Fei_Protocol/fei-protocol-core-ff892c5d0b9697f249d713bbb2b3bd1da7980ed2::Core,DAppSCAN-source/contracts/consensys-Fei_Protocol/fei-protocol-core-ff892c5d0b9697f249d713bbb2b3bd1da7980ed2/contracts/core/Core.sol,allocateTribe,DAppSCAN-source/contracts/consensys-Fei_Protocol/fei-protocol-core-ff892c5d0b9697f249d713bbb2b3bd1da7980ed2/contracts/core/Core.sol#L39-L46,0.8600447469493333,0,,external call plus guard/modifier/state-update signal,require_assert_guard_before_call|only_owner_or_access_control|contract_modifier_access_summary|contract_inheritance_modifier_summary|access_control_signal,require_assert_guard_before_call|only_owner_or_access_control|contract_modifier_access_summary|contract_inheritance_modifier_summary,"L5: _tribe.transfer(to, amount);",L2: IERC20 _tribe = tribe;,"L3: require(_tribe.balanceOf(address(this)) > amount, ""Core: Not enough Tribe""); | function allocateTribe(address to, uint amount) external override onlyGovernor","1: function allocateTribe(address to, uint amount) external override onlyGovernor {\n2: 		IERC20 _tribe = tribe;\n3: 		require(_tribe.balanceOf(address(this)) > amount, ""Core: Not enough Tribe"");\n4: \n5: 		_tribe.transfer(to, amount);\n6: \n7: 		emit TribeAllocation(to, amount);\n8: 	}",i:allocateTribe,ambiguous,protected reentrancy-like pattern,external call plus guard/modifier/state-update signal,4
,DAPP::DAppSCAN-source/contracts/PeckShield-Buffer/code::BufferStaking,DAppSCAN-source/contracts/PeckShield-Buffer/code/Buffer-Protocol-1c648bb35feca23bc801ce76aba63ca66af5917e/contracts/Staking/BufferStaking.sol,buy,DAppSCAN-source/contracts/PeckShield-Buffer/code/Buffer-Protocol-1c648bb35feca23bc801ce76aba63ca66af5917e/contracts/Staking/BufferStaking.sol#L58-L64,0.8592086168039006,0,,external call plus guard/modifier/state-update signal,require_assert_guard_before_call|trusted_or_fixed_callee|contract_inheritance_modifier_summary,require_assert_guard_before_call|trusted_or_fixed_callee|contract_inheritance_modifier_summary,,L2: lastBoughtTimestamp[msg.sender] = block.timestamp;,"L3: require(amountOfTokens > 0, ""Amount is zero"");","1: function buy(uint256 amountOfTokens) external override {\n2:         lastBoughtTimestamp[msg.sender] = block.timestamp;\n3:         require(amountOfTokens > 0, ""Amount is zero"");\n4:         require(totalSupply() + amountOfTokens <= maxSupply());\n5:         _mint(msg.sender, amountOfTokens);\n6:         BUFFER.transferFrom(msg.sender, address(this), amountOfTokens * lotPrice());\n7:     }",i:buy,ambiguous,protected reentrancy-like pattern,external call plus guard/modifier/state-update signal,3
,DAPP::DAppSCAN-source/contracts/Inspex-SpookySwap Integration & Fantom Expansion/bsc-alpaca-contract-4553a34a6dcfcfbf7aebc693bb5c5c6074c73129::PancakeswapV2Worker02,DAppSCAN-source/contracts/Inspex-SpookySwap Integration & Fantom Expansion/bsc-alpaca-contract-4553a34a6dcfcfbf7aebc693bb5c5c6074c73129/contracts/6/protocol/workers/pcs/PancakeswapV2Worker02.sol,work,DAppSCAN-source/contracts/Inspex-SpookySwap Integration & Fantom Expansion/bsc-alpaca-contract-4553a34a6dcfcfbf7aebc693bb5c5c6074c73129/contracts/6/protocol/workers/pcs/PancakeswapV2Worker02.sol#L262-L286,0.8591835951194067,0,,external call plus guard/modifier/state-update signal,require_assert_guard_before_call|nonreentrant_modifier|only_owner_or_access_control|callee_user_controlled|safe_erc20_wrapper|contract_many_risky_interactions|contract_modifier_access_summary|contract_inheritance_modifier_summary|access_control_signal,require_assert_guard_before_call|nonreentrant_modifier|only_owner_or_access_control|callee_user_controlled|safe_erc20_wrapper|contract_many_risky_interactions|contract_modifier_access_summary|contract_inheritance_modifier_summary,"L16: lpToken.transfer(strat, lpToken.balanceOf(address(this))),",,"nonReentrant/modifier | L14: require(okStrats[strat], ""PancakeswapV2Worker02::work:: unapproved work strategy""); | function work(
    uint256 id,
    address user,
    uint256 debt,
    bytes calldata data
  ) external override onlyOperator nonReentrant","11:     _removeShare(id);\n12:     // 3. Perform the worker strategy; sending LP tokens + BaseToken; expecting LP tokens + BaseToken.\n13:     (address strat, bytes memory ext) = abi.decode(data, (address, bytes));\n14:     require(okStrats[strat], ""PancakeswapV2Worker02::work:: unapproved work strategy"");\n15:     require(\n16:       lpToken.transfer(strat, lpToken.balanceOf(address(this))),\n17:       ""PancakeswapV2Worker02::work:: unable to transfer lp to strat""\n18:     );\n19:     baseToken.safeTransfer(strat, actualBaseTokenBalance());\n20:     IStrategy(strat).execute(user, debt, ext);\n21:     // 4. Add LP tokens back to the farming pool.\n22:     _addShare(id);\n23:     // 5. Return any remaining BaseToken back to the operator.\n24:     baseToken.safeTransfer(msg.sender, actualBaseTokenBalance());",i:work,protected_negative,protected reentrancy-like pattern,external call plus guard/modifier/state-update signal,8
,DAPP::DAppSCAN-source/contracts/Chainsulting-Furucombo-project2/trevi-b3f7fd332873321152db48c9d43fc23a60a29f1a::Fountain,DAppSCAN-source/contracts/Chainsulting-Furucombo-project2/trevi-b3f7fd332873321152db48c9d43fc23a60a29f1a/contracts/Fountain.sol,permit,DAppSCAN-source/contracts/Chainsulting-Furucombo-project2/trevi-b3f7fd332873321152db48c9d43fc23a60a29f1a/contracts/Fountain.sol#L42-L73,0.8579153406732402,0,,external call plus guard/modifier/state-update signal,require_assert_guard_before_call|trusted_or_fixed_callee|contract_many_risky_interactions|contract_modifier_access_summary|contract_inheritance_modifier_summary,require_assert_guard_before_call|trusted_or_fixed_callee|contract_many_risky_interactions|contract_modifier_access_summary|contract_inheritance_modifier_summary,,L13: bytes32 structHash =,"L11: require(block.timestamp <= deadline, ""ERC20Permit: expired deadline"");","1: function permit(\n2:         address owner,\n3:         address spender,\n4:         uint256 value,\n5:         uint256 deadline,\n6:         uint8 v,\n7:         bytes32 r,\n8:         bytes32 s\n9:     ) public virtual override {\n10:         // solhint-disable-next-line not-rely-on-time\n11:         require(block.timestamp <= deadline, ""ERC20Permit: expired deadline"");\n12: \n13:         bytes32 structHash =\n14:             keccak256(",i:permit,ambiguous,protected reentrancy-like pattern,external call plus guard/modifier/state-update signal,5
,DAPP::DAppSCAN-source/contracts/Trail_of_Bits-YieldProtocol/fyDai-4422fda75931f2bfea49f5041ec90dc026e5c03d::Unwind,DAppSCAN-source/contracts/Trail_of_Bits-YieldProtocol/fyDai-4422fda75931f2bfea49f5041ec90dc026e5c03d/contracts/Unwind.sol,settleTreasury,DAppSCAN-source/contracts/Trail_of_Bits-YieldProtocol/fyDai-4422fda75931f2bfea49f5041ec90dc026e5c03d/contracts/Unwind.sol#L128-L147,0.8551816527072221,0,,external call plus guard/modifier/state-update signal,state_update_before_external_call|state_update_after_external_call|require_assert_guard_before_call|trusted_or_fixed_callee|contract_inheritance_modifier_summary,state_update_before_external_call|state_update_after_external_call|require_assert_guard_before_call|trusted_or_fixed_callee|contract_inheritance_modifier_summary,,L7: _treasuryWeth = ink;                            // We will need this to skim profits,L2: require(,"1: function settleTreasury() public {\n2:         require(\n3:             live == false,\n4:             ""Unwind: Unwind first""\n5:         );\n6:         (uint256 ink, uint256 art) = _vat.urns(WETH, address(_treasury));\n7:         _treasuryWeth = ink;                            // We will need this to skim profits\n8:         _vat.fork(                                      // Take the treasury vault\n9:             WETH,\n10:             address(_treasury),\n11:             address(this),\n12:             toInt(ink),\n13:             toInt(art)\n14:         );",i:settleTreasury,ambiguous,protected reentrancy-like pattern,external call plus guard/modifier/state-update signal,5
,DAPP::DAppSCAN-source/contracts/Trail_of_Bits-FraxQ42021/frax-solidity-bd40775e283923aa9e32a107abd426430a99835e::FraxFarmBSC_Dual_V5,DAppSCAN-source/contracts/Trail_of_Bits-FraxQ42021/frax-solidity-bd40775e283923aa9e32a107abd426430a99835e/src/hardhat/contracts/__BSC/Staking/FraxFarmBSC_Dual_V5.sol,_stakeLocked,DAppSCAN-source/contracts/Trail_of_Bits-FraxQ42021/frax-solidity-bd40775e283923aa9e32a107abd426430a99835e/src/hardhat/contracts/__BSC/Staking/FraxFarmBSC_Dual_V5.sol#L329-L363,0.8535743247978298,0,,external call plus guard/modifier/state-update signal,state_update_before_external_call|state_update_after_external_call|require_assert_guard_before_call|safe_erc20_wrapper|contract_inheritance_modifier_summary,state_update_before_external_call|state_update_after_external_call|require_assert_guard_before_call|safe_erc20_wrapper|contract_inheritance_modifier_summary,"L25: TransferHelper.safeTransferFrom(address(stakingToken), source_address, address(this), liquidity);",L14: uint256 lock_multiplier = lockMultiplier(secs);,"L8: require((!stakingPaused && migrationsOn == false) || valid_migrators[msg.sender] == true, ""Staking paused or in migration"");","20:             start_timestamp.add(secs),\n21:             lock_multiplier\n22:         ));\n23: \n24:         // Pull the tokens from the source_address\n25:         TransferHelper.safeTransferFrom(address(stakingToken), source_address, address(this), liquidity);\n26: \n27:         // Update liquidities\n28:         _total_liquidity_locked = _total_liquidity_locked.add(liquidity);\n29:         _locked_liquidity[staker_address] = _locked_liquidity[staker_address].add(liquidity);\n30: \n31:         // Need to call to update the combined weights\n32:         _updateRewardAndBalance(staker_address, false);\n33: ",i:_stakeLocked,protected_negative,protected reentrancy-like pattern,external call plus guard/modifier/state-update signal,5
,DAPP::DAppSCAN-source/contracts/Trail_of_Bits-FraxQ42021/frax-solidity-bd40775e283923aa9e32a107abd426430a99835e::FraxFarmBSC_Dual_FRAX_IF,DAppSCAN-source/contracts/Trail_of_Bits-FraxQ42021/frax-solidity-bd40775e283923aa9e32a107abd426430a99835e/src/hardhat/contracts/__BSC/Staking/Variants/FraxFarmBSC_Dual_FRAX_IF.sol,_stakeLocked,DAppSCAN-source/contracts/Trail_of_Bits-FraxQ42021/frax-solidity-bd40775e283923aa9e32a107abd426430a99835e/src/hardhat/contracts/__BSC/Staking/Variants/FraxFarmBSC_Dual_FRAX_IF.sol#L329-L363,0.8535742800996347,0,,external call plus guard/modifier/state-update signal,state_update_before_external_call|state_update_after_external_call|require_assert_guard_before_call|safe_erc20_wrapper|contract_inheritance_modifier_summary,state_update_before_external_call|state_update_after_external_call|require_assert_guard_before_call|safe_erc20_wrapper|contract_inheritance_modifier_summary,"L25: TransferHelper.safeTransferFrom(address(stakingToken), source_address, address(this), liquidity);",L14: uint256 lock_multiplier = lockMultiplier(secs);,"L8: require((!stakingPaused && migrationsOn == false) || valid_migrators[msg.sender] == true, ""Staking paused or in migration"");","20:             start_timestamp.add(secs),\n21:             lock_multiplier\n22:         ));\n23: \n24:         // Pull the tokens from the source_address\n25:         TransferHelper.safeTransferFrom(address(stakingToken), source_address, address(this), liquidity);\n26: \n27:         // Update liquidities\n28:         _total_liquidity_locked = _total_liquidity_locked.add(liquidity);\n29:         _locked_liquidity[staker_address] = _locked_liquidity[staker_address].add(liquidity);\n30: \n31:         // Need to call to update the combined weights\n32:         _updateRewardAndBalance(staker_address, false);\n33: ",i:_stakeLocked,protected_negative,protected reentrancy-like pattern,external call plus guard/modifier/state-update signal,5
,DAPP::DAppSCAN-source/contracts/Trail_of_Bits-FraxQ42021/frax-solidity-bd40775e283923aa9e32a107abd426430a99835e::FraxFarmBSC_Dual_FXS_IF,DAppSCAN-source/contracts/Trail_of_Bits-FraxQ42021/frax-solidity-bd40775e283923aa9e32a107abd426430a99835e/src/hardhat/contracts/__BSC/Staking/Variants/FraxFarmBSC_Dual_FXS_IF.sol,_stakeLocked,DAppSCAN-source/contracts/Trail_of_Bits-FraxQ42021/frax-solidity-bd40775e283923aa9e32a107abd426430a99835e/src/hardhat/contracts/__BSC/Staking/Variants/FraxFarmBSC_Dual_FXS_IF.sol#L329-L363,0.8535742800996347,0,,external call plus guard/modifier/state-update signal,state_update_before_external_call|state_update_after_external_call|require_assert_guard_before_call|safe_erc20_wrapper|contract_inheritance_modifier_summary,state_update_before_external_call|state_update_after_external_call|require_assert_guard_before_call|safe_erc20_wrapper|contract_inheritance_modifier_summary,"L25: TransferHelper.safeTransferFrom(address(stakingToken), source_address, address(this), liquidity);",L14: uint256 lock_multiplier = lockMultiplier(secs);,"L8: require((!stakingPaused && migrationsOn == false) || valid_migrators[msg.sender] == true, ""Staking paused or in migration"");","20:             start_timestamp.add(secs),\n21:             lock_multiplier\n22:         ));\n23: \n24:         // Pull the tokens from the source_address\n25:         TransferHelper.safeTransferFrom(address(stakingToken), source_address, address(this), liquidity);\n26: \n27:         // Update liquidities\n28:         _total_liquidity_locked = _total_liquidity_locked.add(liquidity);\n29:         _locked_liquidity[staker_address] = _locked_liquidity[staker_address].add(liquidity);\n30: \n31:         // Need to call to update the combined weights\n32:         _updateRewardAndBalance(staker_address, false);\n33: ",i:_stakeLocked,protected_negative,protected reentrancy-like pattern,external call plus guard/modifier/state-update signal,5
,DAPP::DAppSCAN-source/contracts/Trail_of_Bits-MapleFinance/liquidations-35c628e5ab45fbffaab7aef43a030a98b712a94a::SushiswapStrategy,DAppSCAN-source/contracts/Trail_of_Bits-MapleFinance/liquidations-35c628e5ab45fbffaab7aef43a030a98b712a94a/contracts/SushiswapStrategy.sol,swap,DAppSCAN-source/contracts/Trail_of_Bits-MapleFinance/liquidations-35c628e5ab45fbffaab7aef43a030a98b712a94a/contracts/SushiswapStrategy.sol#L41-L73,0.8535177129264213,0,,external call plus guard/modifier/state-update signal,require_assert_guard_before_call|trusted_or_fixed_callee|contract_inheritance_modifier_summary,require_assert_guard_before_call|trusted_or_fixed_callee|contract_inheritance_modifier_summary,"L32: require(ERC20Helper.transfer(fundsAsset_, profitDestination_, IERC20Like(fundsAsset_).balanceOf(address(this)) - minReturnAmount_), ""SushiswapStrategy:PROFIT_TRANSFER"");",L15: bool hasMiddleAsset = middleAsset_ != fundsAsset_ && middleAsset_ != address(0);,"L11: require(IERC20Like(collateralAsset_).balanceOf(address(this)) == swapAmount_, ""SushiswapStrategy:WRONG_COLLATERAL_AMT"");","27:             path,\n28:             address(this),\n29:             block.timestamp\n30:         );\n31: \n32:         require(ERC20Helper.transfer(fundsAsset_, profitDestination_, IERC20Like(fundsAsset_).balanceOf(address(this)) - minReturnAmount_), ""SushiswapStrategy:PROFIT_TRANSFER"");\n33:     }",i:swap,ambiguous,protected reentrancy-like pattern,external call plus guard/modifier/state-update signal,3
,DAPP::DAppSCAN-source/contracts/QuillAudits-Bond Appetit-Bond Appetit/bondappetit-protocol-355180f0aca0b29d60d808f761052956b7a3a159::DepositorCollateral,DAppSCAN-source/contracts/QuillAudits-Bond Appetit-Bond Appetit/bondappetit-protocol-355180f0aca0b29d60d808f761052956b7a3a159/contracts/depositary/DepositorCollateral.sol,lock,DAppSCAN-source/contracts/QuillAudits-Bond Appetit-Bond Appetit/bondappetit-protocol-355180f0aca0b29d60d808f761052956b7a3a159/contracts/depositary/DepositorCollateral.sol#L77-L90,0.8527312061836677,0,,external call plus guard/modifier/state-update signal,require_assert_guard_before_call|only_owner_or_access_control|callee_user_controlled|trusted_or_fixed_callee|safe_erc20_wrapper|contract_modifier_access_summary|access_control_signal,require_assert_guard_before_call|only_owner_or_access_control|callee_user_controlled|trusted_or_fixed_callee|safe_erc20_wrapper|contract_modifier_access_summary,"L10: ERC20(token).safeTransferFrom(depositor, address(this), amount);",L11: _balances[token][depositor] = _balances[token][depositor].add(amount);,"L6: require(amount > 0, ""DepositorCollateral::lock: empty amount""); | function lock(
        address token,
        address depositor,
        uint256 amount
    ) external onlyOwner","5:     ) external onlyOwner {\n6:         require(amount > 0, ""DepositorCollateral::lock: empty amount"");\n7:         _depositors[token].add(depositor);\n8:         require(_depositors[token].length() <= maxSize, ""DepositorCollateral::lock: too many depositors"");\n9: \n10:         ERC20(token).safeTransferFrom(depositor, address(this), amount);\n11:         _balances[token][depositor] = _balances[token][depositor].add(amount);\n12:         totalSupply[token] = totalSupply[token].add(amount);\n13:         emit Lock(token, depositor, amount);\n14:     }",i:lock,protected_negative,protected reentrancy-like pattern,external call plus guard/modifier/state-update signal,6
,DAPP::DAppSCAN-source/contracts/consensys-Skyweaver/Skyweaver-contracts-bde0c184db6168bf86656a48b12d5747950b54d9::GoldCardsFactory,DAppSCAN-source/contracts/consensys-Skyweaver/Skyweaver-contracts-bde0c184db6168bf86656a48b12d5747950b54d9/contracts/shop/GoldCardsFactory.sol,mineGolds,DAppSCAN-source/contracts/consensys-Skyweaver/Skyweaver-contracts-bde0c184db6168bf86656a48b12d5747950b54d9/contracts/shop/GoldCardsFactory.sol#L342-L388,0.8523903490071545,0,,external call plus guard/modifier/state-update signal,require_assert_guard_before_call|callee_user_controlled|safe_erc20_wrapper|contract_inheritance_modifier_summary,require_assert_guard_before_call|callee_user_controlled|safe_erc20_wrapper|contract_inheritance_modifier_summary,"L42: weaveContract.safeTransferFrom(address(this), fee_recipient, weaveID, fee_amount, """");",L11: bytes32 order_hash = keccak256(abi.encode(_order));,"L5: require(_order.cardAmount == _indexes.length, ""GoldCardsFactory#mineGolds: INVALID_INDEXES_ARRAY_LENGTH"");","37:     // Pay fee to operator\n38:     uint256 fee_amount = _order.feeAmount;\n39:     if (fee_amount > 0) {\n40:       // If send to `feeRecipient` if specified, else free for all\n41:       address fee_recipient = _order.feeRecipient == address(0x0) ? msg.sender : _order.feeRecipient;\n42:       weaveContract.safeTransferFrom(address(this), fee_recipient, weaveID, fee_amount, """");\n43:     }\n44: \n45:     // Emit event\n46:     emit OrderFulfilled(order_hash);\n47:   }",i:mineGolds,protected_negative,protected reentrancy-like pattern,external call plus guard/modifier/state-update signal,4
,DAPP::DAppSCAN-source/contracts/Trail_of_Bits-YieldProtocol/fyDai-4422fda75931f2bfea49f5041ec90dc026e5c03d::Controller,DAppSCAN-source/contracts/Trail_of_Bits-YieldProtocol/fyDai-4422fda75931f2bfea49f5041ec90dc026e5c03d/contracts/Controller.sol,shutdown,DAppSCAN-source/contracts/Trail_of_Bits-YieldProtocol/fyDai-4422fda75931f2bfea49f5041ec90dc026e5c03d/contracts/Controller.sol#L96-L102,0.851806067941061,0,,external call plus guard/modifier/state-update signal,state_update_after_external_call|require_assert_guard_before_call|trusted_or_fixed_callee|contract_modifier_access_summary|contract_inheritance_modifier_summary,state_update_after_external_call|require_assert_guard_before_call|trusted_or_fixed_callee|contract_modifier_access_summary|contract_inheritance_modifier_summary,,L6: live = false;,L2: require(,"1: function shutdown() public override {\n2:         require(\n3:             _treasury.live() == false,\n4:             ""Controller: Treasury is live""\n5:         );\n6:         live = false;\n7:     }",i:shutdown,ambiguous,protected reentrancy-like pattern,external call plus guard/modifier/state-update signal,5
,DAPP::DAppSCAN-source/contracts/Coinbae-Pud.Fi Strategy_Bacdai/StrategyBasisBacDaiLp0x31dfcB1C5dF01A27F8b0b5F9cD1585FE92C7970e::StrategyBasisBacDaiLp,DAppSCAN-source/contracts/Coinbae-Pud.Fi Strategy_Bacdai/StrategyBasisBacDaiLp0x31dfcB1C5dF01A27F8b0b5F9cD1585FE92C7970e/contracts/strategies/basis/strategy-basis-bac-dai-lp.sol,withdraw,DAppSCAN-source/contracts/Coinbae-Pud.Fi Strategy_Bacdai/StrategyBasisBacDaiLp0x31dfcB1C5dF01A27F8b0b5F9cD1585FE92C7970e/contracts/strategies/basis/strategy-basis-bac-dai-lp.sol#L153-L175,0.8508396467928158,0,,external call plus guard/modifier/state-update signal,require_assert_guard_before_call|trusted_or_fixed_callee|safe_erc20_wrapper|contract_inheritance_modifier_summary,require_assert_guard_before_call|trusted_or_fixed_callee|safe_erc20_wrapper|contract_inheritance_modifier_summary,"L12: IERC20(lp).safeTransfer(IController(controller).devaddr(), _feeDev);",L3: uint256 _balance = IERC20(lp).balanceOf(address(this));,"L2: require(msg.sender == controller, ""!controller"");","7:         }\n8: \n9:         uint256 _feeDev = _amount.mul(withdrawalDevFundFee).div(\n10:             withdrawalDevFundMax\n11:         );\n12:         IERC20(lp).safeTransfer(IController(controller).devaddr(), _feeDev);\n13: \n14:         uint256 _feeTreasury = _amount.mul(withdrawalTreasuryFee).div(\n15:             withdrawalTreasuryMax\n16:         );\n17:         IERC20(lp).safeTransfer(\n18:             IController(controller).treasury(),\n19:             _feeTreasury\n20:         );",i:withdraw,protected_negative,protected reentrancy-like pattern,external call plus guard/modifier/state-update signal,4
,DAPP::DAppSCAN-source/contracts/Inspex-Optimized Worker/bsc-alpaca-contract-1aee2ceec77e3fd3162b74858c846cdc5692928d::WaultSwapWorker02,DAppSCAN-source/contracts/Inspex-Optimized Worker/bsc-alpaca-contract-1aee2ceec77e3fd3162b74858c846cdc5692928d/contracts/6/protocol/workers/waultswap/WaultSwapWorker02.sol,work,DAppSCAN-source/contracts/Inspex-Optimized Worker/bsc-alpaca-contract-1aee2ceec77e3fd3162b74858c846cdc5692928d/contracts/6/protocol/workers/waultswap/WaultSwapWorker02.sol#L203-L229,0.8508262117109711,0,,external call plus guard/modifier/state-update signal,state_update_before_external_call|require_assert_guard_before_call|nonreentrant_modifier|only_owner_or_access_control|callee_user_controlled|safe_erc20_wrapper|contract_many_risky_interactions|contract_modifier_access_summary|contract_inheritance_modifier_summary|access_control_signal,state_update_before_external_call|require_assert_guard_before_call|nonreentrant_modifier|only_owner_or_access_control|callee_user_controlled|safe_erc20_wrapper|contract_many_risky_interactions|contract_modifier_access_summary|contract_inheritance_modifier_summary,"L18: lpToken.transfer(strat, lpToken.balanceOf(address(this))),",,"nonReentrant/modifier | L16: require(okStrats[strat], ""WaultSwapWorker::work:: unapproved work strategy""); | function work(
    uint256 id,
    address user,
    uint256 debt,
    bytes calldata data
  ) external override onlyOperator nonReentrant","13:     _removeShare(id);\n14:     // 4. Perform the worker strategy; sending LP tokens + BaseToken; expecting LP tokens + BaseToken.\n15:     (address strat, bytes memory ext) = abi.decode(data, (address, bytes));\n16:     require(okStrats[strat], ""WaultSwapWorker::work:: unapproved work strategy"");\n17:     require(\n18:       lpToken.transfer(strat, lpToken.balanceOf(address(this))),\n19:       ""WaultSwapWorker::work:: unable to transfer lp to strat""\n20:     );\n21:     baseToken.safeTransfer(strat, baseToken.myBalance());\n22:     IStrategy(strat).execute(user, debt, ext);\n23:     // 5. Add LP tokens back to the farming pool.\n24:     _addShare(id);\n25:     // 6. Return any remaining BaseToken back to the operator.\n26:     baseToken.safeTransfer(msg.sender, baseToken.myBalance());",i:work,protected_negative,protected reentrancy-like pattern,external call plus guard/modifier/state-update signal,9
,DAPP::DAppSCAN-source/contracts/PeckShield-ShibaNova/Contracts-b6b1ce1fcaff83d360df8944309f49958842b7b8::ShibaRouter,DAppSCAN-source/contracts/PeckShield-ShibaNova/Contracts-b6b1ce1fcaff83d360df8944309f49958842b7b8/shibanova/contracts/ShibaRouter.sol,swapTokensForExactETH,DAppSCAN-source/contracts/PeckShield-ShibaNova/Contracts-b6b1ce1fcaff83d360df8944309f49958842b7b8/shibanova/contracts/ShibaRouter.sol#L269-L285,0.8505703615677879,0,,external call plus guard/modifier/state-update signal,require_assert_guard_before_call|trusted_or_fixed_callee|safe_erc20_wrapper|contract_inheritance_modifier_summary,require_assert_guard_before_call|trusted_or_fixed_callee|safe_erc20_wrapper|contract_inheritance_modifier_summary,L11: TransferHelper.safeTransferFrom(,"L9: amounts = ShibaLibrary.getAmountsIn(factory, amountOut, path);","L8: require(path[path.length - 1] == WETH, 'ShibaRouter: INVALID_PATH');","6:         returns (uint[] memory amounts)\n7:     {\n8:         require(path[path.length - 1] == WETH, 'ShibaRouter: INVALID_PATH');\n9:         amounts = ShibaLibrary.getAmountsIn(factory, amountOut, path);\n10:         require(amounts[0] <= amountInMax, 'ShibaRouter: EXCESSIVE_INPUT_AMOUNT');\n11:         TransferHelper.safeTransferFrom(\n12:             path[0], msg.sender, ShibaLibrary.pairFor(factory, path[0], path[1]), amounts[0]\n13:         );\n14:         _swap(amounts, path, address(this));\n15:         IWETH(WETH).withdraw(amounts[amounts.length - 1]);\n16:         TransferHelper.safeTransferETH(to, amounts[amounts.length - 1]);\n17:     }",i:swapTokensForExactETH,protected_negative,protected reentrancy-like pattern,external call plus guard/modifier/state-update signal,4
,DAPP::DAppSCAN-source/contracts/Runtime_Vеrification-Element_Finance_Governance_Security_Audit_Report/council-3d751c959b42573c78ccd0bccbc80424bf6d9a90::Spender,DAppSCAN-source/contracts/Runtime_Vеrification-Element_Finance_Governance_Security_Audit_Report/council-3d751c959b42573c78ccd0bccbc80424bf6d9a90/contracts/features/Spender.sol,_spend,DAppSCAN-source/contracts/Runtime_Vеrification-Element_Finance_Governance_Security_Audit_Report/council-3d751c959b42573c78ccd0bccbc80424bf6d9a90/contracts/features/Spender.sol#L85-L97,0.8503829613133945,0,,external call plus guard/modifier/state-update signal,require_assert_guard_before_call|callee_user_controlled|contract_modifier_access_summary|contract_inheritance_modifier_summary,require_assert_guard_before_call|callee_user_controlled|contract_modifier_access_summary|contract_inheritance_modifier_summary,"L12: token.transfer(destination, amount);",L7: uint256 spentThisBlock = blockExpenditure[block.number];,"L8: require(amount + spentThisBlock <= limit, ""Spend Limit Exceeded"");","7:         uint256 spentThisBlock = blockExpenditure[block.number];\n8:         require(amount + spentThisBlock <= limit, ""Spend Limit Exceeded"");\n9:         // Reentrancy is very unlikely in this context, but we still change state first\n10:         blockExpenditure[block.number] = amount + spentThisBlock;\n11:         // Transfer tokens\n12:         token.transfer(destination, amount);\n13:     }",i:_spend,ambiguous,protected reentrancy-like pattern,external call plus guard/modifier/state-update signal,4
,DAPP::DAppSCAN-source/contracts/Trail_of_Bits-Primitive/rmm-core-5dcf4306fc32fb9a4e3c154deb86f6b9d513c344::TestBase,DAppSCAN-source/contracts/Trail_of_Bits-Primitive/rmm-core-5dcf4306fc32fb9a4e3c154deb86f6b9d513c344/contracts/test/TestBase.sol,allocateCallback,DAppSCAN-source/contracts/Trail_of_Bits-Primitive/rmm-core-5dcf4306fc32fb9a4e3c154deb86f6b9d513c344/contracts/test/TestBase.sol#L9-L33,0.8483328402492359,0,,external call plus guard/modifier/state-update signal,state_update_before_external_call|state_update_after_external_call|trusted_or_fixed_callee|contract_inheritance_modifier_summary,state_update_before_external_call|state_update_after_external_call|trusted_or_fixed_callee|contract_inheritance_modifier_summary,,L9: address token0 = risky();,,"1: function allocateCallback(\n2:         uint256 delRisky,\n3:         uint256 delStable,\n4:         bytes calldata data\n5:     ) public {\n6:         data;\n7: \n8:         if (scenario == Scenario.FAIL) return;\n9:         address token0 = risky();\n10:         address token1 = stable();\n11:         address from = getCaller();\n12: \n13:         if (scenario == Scenario.SUCCESS) {\n14:             IERC20(token0).transferFrom(from, msg.sender, delRisky);",i:allocateCallback,ambiguous,protected reentrancy-like pattern,external call plus guard/modifier/state-update signal,4
,DAPP::DAppSCAN-source/contracts/Trail_of_Bits-MapleFinance/liquidations-35c628e5ab45fbffaab7aef43a030a98b712a94a::UniswapV2Strategy,DAppSCAN-source/contracts/Trail_of_Bits-MapleFinance/liquidations-35c628e5ab45fbffaab7aef43a030a98b712a94a/contracts/UniswapV2Strategy.sol,swap,DAppSCAN-source/contracts/Trail_of_Bits-MapleFinance/liquidations-35c628e5ab45fbffaab7aef43a030a98b712a94a/contracts/UniswapV2Strategy.sol#L41-L73,0.8482202098726349,0,,external call plus guard/modifier/state-update signal,require_assert_guard_before_call|trusted_or_fixed_callee|contract_inheritance_modifier_summary,require_assert_guard_before_call|trusted_or_fixed_callee|contract_inheritance_modifier_summary,"L32: require(ERC20Helper.transfer(fundsAsset_, profitDestination_, IERC20Like(fundsAsset_).balanceOf(address(this)) - minReturnAmount_), ""UniswapV2Strategy:PROFIT_TRANSFER"");",L15: bool hasMiddleAsset = middleAsset_ != fundsAsset_ && middleAsset_ != address(0);,"L11: require(IERC20Like(collateralAsset_).balanceOf(address(this)) == swapAmount_, ""UniswapV2Strategy:WRONG_COLLATERAL_AMT"");","27:             path,\n28:             address(this),\n29:             block.timestamp\n30:         );\n31: \n32:         require(ERC20Helper.transfer(fundsAsset_, profitDestination_, IERC20Like(fundsAsset_).balanceOf(address(this)) - minReturnAmount_), ""UniswapV2Strategy:PROFIT_TRANSFER"");\n33:     }",i:swap,ambiguous,protected reentrancy-like pattern,external call plus guard/modifier/state-update signal,3
,DAPP::DAppSCAN-source/contracts/PeckShield-PikaPerpV2/PikaPerpV2-4a0965ff90ed099b7e2d3e8dda47cd589ee8e3a2::PikaStaking,DAppSCAN-source/contracts/PeckShield-PikaPerpV2/PikaPerpV2-4a0965ff90ed099b7e2d3e8dda47cd589ee8e3a2/contracts/staking/PikaStaking.sol,stake,DAppSCAN-source/contracts/PeckShield-PikaPerpV2/PikaPerpV2-4a0965ff90ed099b7e2d3e8dda47cd589ee8e3a2/contracts/staking/PikaStaking.sol#L67-L74,0.8434108817569425,0,,external call plus guard/modifier/state-update signal,state_update_before_external_call|require_assert_guard_before_call|nonreentrant_modifier|trusted_or_fixed_callee|safe_erc20_wrapper|contract_modifier_access_summary,state_update_before_external_call|require_assert_guard_before_call|nonreentrant_modifier|trusted_or_fixed_callee|safe_erc20_wrapper|contract_modifier_access_summary,"L6: IERC20(stakingToken).safeTransferFrom(msg.sender, address(this), amount);",L4: _totalSupply += amount;,"nonReentrant/modifier | L2: require(amount > 0, ""Cannot stake 0"");","1: function stake(uint256 amount) external nonReentrant whenNotPaused {\n2:         require(amount > 0, ""Cannot stake 0"");\n3:         updateReward(msg.sender);\n4:         _totalSupply += amount;\n5:         _balances[msg.sender] += amount;\n6:         IERC20(stakingToken).safeTransferFrom(msg.sender, address(this), amount);\n7:         emit Staked(msg.sender, amount);\n8:     }",i:stake,protected_negative,protected reentrancy-like pattern,external call plus guard/modifier/state-update signal,6
,DAPP::DAppSCAN-source/contracts/Runtime_Vеrification-stakefish_ethereum_staking_audit_report/eth2-validation-services-contract-d91928f3a270f6115831fe3a21a69eb98bf57b26::StakefishERC20Wrapper,DAppSCAN-source/contracts/Runtime_Vеrification-stakefish_ethereum_staking_audit_report/eth2-validation-services-contract-d91928f3a270f6115831fe3a21a69eb98bf57b26/contracts/StakefishERC20Wrapper.sol,mintTo,DAppSCAN-source/contracts/Runtime_Vеrification-stakefish_ethereum_staking_audit_report/eth2-validation-services-contract-d91928f3a270f6115831fe3a21a69eb98bf57b26/contracts/StakefishERC20Wrapper.sol#L50-L63,0.8427831130348654,0,,external call plus guard/modifier/state-update signal,require_assert_guard_before_call|nonreentrant_modifier|contract_modifier_access_summary,require_assert_guard_before_call|nonreentrant_modifier|contract_modifier_access_summary,,L6: bool success = IStakefishServicesContract(_serviceContract).transferDepositFrom(,"nonReentrant/modifier | L2: require(amount > 0, ""Amount can't be 0"");","1: function mintTo(address to, uint256 amount) public nonReentrant {\n2:         require(amount > 0, ""Amount can't be 0"");\n3: \n4:         _mint(to, amount);\n5: \n6:         bool success = IStakefishServicesContract(_serviceContract).transferDepositFrom(\n7:             msg.sender,\n8:             address(this),\n9:             amount\n10:         );\n11:         require(success, ""Transfer deposit failed"");\n12: \n13:         emit Mint(msg.sender, to, amount);\n14:     }",i:mintTo,protected_negative,protected reentrancy-like pattern,external call plus guard/modifier/state-update signal,3
,DAPP::DAppSCAN-source/contracts/consensys-Idle_Finance/idle-tranches-d94ee7194e8cb17db13b16c338f3e780b62f5435::IdleCDOTrancheRewards,DAppSCAN-source/contracts/consensys-Idle_Finance/idle-tranches-d94ee7194e8cb17db13b16c338f3e780b62f5435/contracts/IdleCDOTrancheRewards.sol,unstake,DAppSCAN-source/contracts/consensys-Idle_Finance/idle-tranches-d94ee7194e8cb17db13b16c338f3e780b62f5435/contracts/IdleCDOTrancheRewards.sol#L59-L79,0.8418427897043239,0,,external call plus guard/modifier/state-update signal,state_update_after_external_call|require_assert_guard_before_call|nonreentrant_modifier|safe_erc20_wrapper|contract_modifier_access_summary|contract_inheritance_modifier_summary,state_update_after_external_call|require_assert_guard_before_call|nonreentrant_modifier|safe_erc20_wrapper|contract_modifier_access_summary|contract_inheritance_modifier_summary,"L19: IERC20Detailed(tranche).safeTransfer(msg.sender, _amount);",L8: for (uint256 i = 0; i < rewards.length; i++) {,"nonReentrant/modifier | L2: require(usersStakeBlock[msg.sender] + coolingPeriod < block.number, ""COOLING_PERIOD"");","14:       _claim();\n15:     }\n16: \n17:     // if _amount is greater than usersStakes[msg.sender], the next line fails\n18:     usersStakes[msg.sender] -= _amount;\n19:     IERC20Detailed(tranche).safeTransfer(msg.sender, _amount);\n20:     totalStaked -= _amount;\n21:   }",i:unstake,protected_negative,protected reentrancy-like pattern,external call plus guard/modifier/state-update signal,6
,DAPP::DAppSCAN-source/contracts/PeckShield-BabySwap/code::BabyRouter,DAppSCAN-source/contracts/PeckShield-BabySwap/code/baby-swap-contract-cac289bf978d969c95721c2adb9f199cee72ffa6/contracts/router/BabyRouter.sol,swapTokensForExactETH,DAppSCAN-source/contracts/PeckShield-BabySwap/code/baby-swap-contract-cac289bf978d969c95721c2adb9f199cee72ffa6/contracts/router/BabyRouter.sol#L285-L301,0.8416881197291348,0,,external call plus guard/modifier/state-update signal,require_assert_guard_before_call|trusted_or_fixed_callee|safe_erc20_wrapper|contract_inheritance_modifier_summary,require_assert_guard_before_call|trusted_or_fixed_callee|safe_erc20_wrapper|contract_inheritance_modifier_summary,L11: TransferHelper.safeTransferFrom(,"L9: amounts = BabyLibrary.getAmountsIn(factory, amountOut, path);","L8: require(path[path.length - 1] == WETH, 'BabyRouter: INVALID_PATH');","6:         returns (uint[] memory amounts)\n7:     {\n8:         require(path[path.length - 1] == WETH, 'BabyRouter: INVALID_PATH');\n9:         amounts = BabyLibrary.getAmountsIn(factory, amountOut, path);\n10:         require(amounts[0] <= amountInMax, 'BabyRouter: EXCESSIVE_INPUT_AMOUNT');\n11:         TransferHelper.safeTransferFrom(\n12:             path[0], msg.sender, BabyLibrary.pairFor(factory, path[0], path[1]), amounts[0]\n13:         );\n14:         _swap(amounts, path, address(this));\n15:         IWETH(WETH).withdraw(amounts[amounts.length - 1]);\n16:         TransferHelper.safeTransferETH(to, amounts[amounts.length - 1]);\n17:     }",i:swapTokensForExactETH,protected_negative,protected reentrancy-like pattern,external call plus guard/modifier/state-update signal,4
,DAPP::DAppSCAN-source/contracts/Trail_of_Bits-FraxQ42021/frax-solidity-bd40775e283923aa9e32a107abd426430a99835e::StakingRewardsDualV3_FRAX_IQ,DAppSCAN-source/contracts/Trail_of_Bits-FraxQ42021/frax-solidity-bd40775e283923aa9e32a107abd426430a99835e/src/hardhat/old_contracts/Staking/Variants/StakingRewardsDualV3_FRAX_IQ.sol,_stakeLocked,DAppSCAN-source/contracts/Trail_of_Bits-FraxQ42021/frax-solidity-bd40775e283923aa9e32a107abd426430a99835e/src/hardhat/old_contracts/Staking/Variants/StakingRewardsDualV3_FRAX_IQ.sol#L410-L438,0.8414009701210893,0,,external call plus guard/modifier/state-update signal,state_update_before_external_call|state_update_after_external_call|require_assert_guard_before_call|nonreentrant_modifier|safe_erc20_wrapper|contract_many_risky_interactions|contract_modifier_access_summary|contract_inheritance_modifier_summary,state_update_before_external_call|state_update_after_external_call|require_assert_guard_before_call|nonreentrant_modifier|safe_erc20_wrapper|contract_many_risky_interactions|contract_modifier_access_summary|contract_inheritance_modifier_summary,"L19: TransferHelper.safeTransferFrom(address(stakingToken), source_address, address(this), liquidity);",L8: uint256 lock_multiplier = lockMultiplier(secs);,"nonReentrant/modifier | L2: require((!stakingPaused && migrationsOn == false) || valid_migrators[msg.sender] == true, ""Staking paused or in migration"");","14:             block.timestamp.add(secs),\n15:             lock_multiplier\n16:         ));\n17: \n18:         // Pull the tokens from the source_address\n19:         TransferHelper.safeTransferFrom(address(stakingToken), source_address, address(this), liquidity);\n20: \n21:         // Update liquidities\n22:         _total_liquidity_locked = _total_liquidity_locked.add(liquidity);\n23:         _locked_liquidity[staker_address] = _locked_liquidity[staker_address].add(liquidity);\n24: \n25:         // Need to call to update the combined weights\n26:         _updateRewardAndBalance(staker_address, false);\n27: ",i:_stakeLocked,protected_negative,protected reentrancy-like pattern,external call plus guard/modifier/state-update signal,8
,DAPP::DAppSCAN-source/contracts/Trail_of_Bits-FraxQ42021/frax-solidity-bd40775e283923aa9e32a107abd426430a99835e::StakingRewardsDualV3,DAppSCAN-source/contracts/Trail_of_Bits-FraxQ42021/frax-solidity-bd40775e283923aa9e32a107abd426430a99835e/src/hardhat/old_contracts/Staking/StakingRewardsDualV3.sol,_stakeLocked,DAppSCAN-source/contracts/Trail_of_Bits-FraxQ42021/frax-solidity-bd40775e283923aa9e32a107abd426430a99835e/src/hardhat/old_contracts/Staking/StakingRewardsDualV3.sol#L410-L438,0.8413971521809198,0,,external call plus guard/modifier/state-update signal,state_update_before_external_call|state_update_after_external_call|require_assert_guard_before_call|nonreentrant_modifier|safe_erc20_wrapper|contract_many_risky_interactions|contract_modifier_access_summary|contract_inheritance_modifier_summary,state_update_before_external_call|state_update_after_external_call|require_assert_guard_before_call|nonreentrant_modifier|safe_erc20_wrapper|contract_many_risky_interactions|contract_modifier_access_summary|contract_inheritance_modifier_summary,"L19: TransferHelper.safeTransferFrom(address(stakingToken), source_address, address(this), liquidity);",L8: uint256 lock_multiplier = lockMultiplier(secs);,"nonReentrant/modifier | L2: require((!stakingPaused && migrationsOn == false) || valid_migrators[msg.sender] == true, ""Staking paused or in migration"");","14:             block.timestamp.add(secs),\n15:             lock_multiplier\n16:         ));\n17: \n18:         // Pull the tokens from the source_address\n19:         TransferHelper.safeTransferFrom(address(stakingToken), source_address, address(this), liquidity);\n20: \n21:         // Update liquidities\n22:         _total_liquidity_locked = _total_liquidity_locked.add(liquidity);\n23:         _locked_liquidity[staker_address] = _locked_liquidity[staker_address].add(liquidity);\n24: \n25:         // Need to call to update the combined weights\n26:         _updateRewardAndBalance(staker_address, false);\n27: ",i:_stakeLocked,protected_negative,protected reentrancy-like pattern,external call plus guard/modifier/state-update signal,8
,DAPP::DAppSCAN-source/contracts/Trail_of_Bits-FraxFinance/frax-solidity-3f0993a70e3496fd27887db7754d68709c84015e::UniswapV2Router02,DAppSCAN-source/contracts/Trail_of_Bits-FraxFinance/frax-solidity-3f0993a70e3496fd27887db7754d68709c84015e/contracts/Uniswap/UniswapV2Router02.sol,swapTokensForExactETH,DAppSCAN-source/contracts/Trail_of_Bits-FraxFinance/frax-solidity-3f0993a70e3496fd27887db7754d68709c84015e/contracts/Uniswap/UniswapV2Router02.sol#L268-L284,0.8409850291251402,0,,external call plus guard/modifier/state-update signal,require_assert_guard_before_call|trusted_or_fixed_callee|safe_erc20_wrapper|contract_inheritance_modifier_summary,require_assert_guard_before_call|trusted_or_fixed_callee|safe_erc20_wrapper|contract_inheritance_modifier_summary,L11: TransferHelper.safeTransferFrom(,"L9: amounts = UniswapV2Library.getAmountsIn(factory, amountOut, path);","L8: require(path[path.length - 1] == WETH, 'UniswapV2Router: INVALID_PATH');","6:         returns (uint[] memory amounts)\n7:     {\n8:         require(path[path.length - 1] == WETH, 'UniswapV2Router: INVALID_PATH');\n9:         amounts = UniswapV2Library.getAmountsIn(factory, amountOut, path);\n10:         require(amounts[0] <= amountInMax, 'UniswapV2Router: EXCESSIVE_INPUT_AMOUNT');\n11:         TransferHelper.safeTransferFrom(\n12:             path[0], msg.sender, UniswapV2Library.pairFor(factory, path[0], path[1]), amounts[0]\n13:         );\n14:         _swap(amounts, path, address(this));\n15:         IWETH(WETH).withdraw(amounts[amounts.length - 1]);\n16:         TransferHelper.safeTransferETH(to, amounts[amounts.length - 1]);\n17:     }",i:swapTokensForExactETH,protected_negative,protected reentrancy-like pattern,external call plus guard/modifier/state-update signal,4
,"DAPP::DAppSCAN-source/contracts/Inspex-FairLaunch, Token, Vault & Workers/Meow-Finance-4a4f13efaf5e5fbed74c0ed23b665751e655d715::SushiswapWorker","DAppSCAN-source/contracts/Inspex-FairLaunch, Token, Vault & Workers/Meow-Finance-4a4f13efaf5e5fbed74c0ed23b665751e655d715/contracts/protocol/workers/SushiswapWorker.sol",work,"DAppSCAN-source/contracts/Inspex-FairLaunch, Token, Vault & Workers/Meow-Finance-4a4f13efaf5e5fbed74c0ed23b665751e655d715/contracts/protocol/workers/SushiswapWorker.sol#L216-L249",0.8400185633572728,0,,external call plus guard/modifier/state-update signal,require_assert_guard_before_call|nonreentrant_modifier|only_owner_or_access_control|callee_user_controlled|safe_erc20_wrapper|contract_many_risky_interactions|contract_modifier_access_summary|contract_inheritance_modifier_summary|access_control_signal,require_assert_guard_before_call|nonreentrant_modifier|only_owner_or_access_control|callee_user_controlled|safe_erc20_wrapper|contract_many_risky_interactions|contract_modifier_access_summary|contract_inheritance_modifier_summary,"L17: lpToken.transfer(strat, lpToken.balanceOf(address(this))),",,"nonReentrant/modifier | L15: require(okStrats[strat], ""SushiswapWorker::work:: unapproved work strategy""); | function work(
    uint256 id,
    address user,
    uint256 debt,
    bytes calldata data
  ) external override onlyOperator nonReentrant","12:       data,\n13:       (uint256, uint256, uint256, uint256, uint256, address, bytes)\n14:     );\n15:     require(okStrats[strat], ""SushiswapWorker::work:: unapproved work strategy"");\n16:     require(\n17:       lpToken.transfer(strat, lpToken.balanceOf(address(this))),\n18:       ""SushiswapWorker::work:: unable to transfer lp to strat""\n19:     );\n20:     if (rewardToken == baseToken) {\n21:       baseToken.safeTransfer(strat, baseToken.myBalance().sub(rewardAmount));\n22:     } else {\n23:       baseToken.safeTransfer(strat, baseToken.myBalance());\n24:     }\n25:     IStrategy(strat).execute(user, debt, ext);",i:work,protected_negative,protected reentrancy-like pattern,external call plus guard/modifier/state-update signal,8
,DAPP::DAppSCAN-source/contracts/PeckShield-Holdefi/Holdefi-5a1e6e0d582120142e8a531f6806eba6665ef2f4::HoldefiSettings,DAppSCAN-source/contracts/PeckShield-Holdefi/Holdefi-5a1e6e0d582120142e8a531f6806eba6665ef2f4/contracts/HoldefiSettings.sol,setHoldefiContract,DAppSCAN-source/contracts/PeckShield-Holdefi/Holdefi-5a1e6e0d582120142e8a531f6806eba6665ef2f4/contracts/HoldefiSettings.sol#L196-L202,0.8392397325650528,0,,external call plus guard/modifier/state-update signal,state_update_after_external_call|require_assert_guard_before_call|only_owner_or_access_control|callee_user_controlled|contract_modifier_access_summary|contract_inheritance_modifier_summary|access_control_signal,state_update_after_external_call|require_assert_guard_before_call|only_owner_or_access_control|callee_user_controlled|contract_modifier_access_summary|contract_inheritance_modifier_summary,,L6: holdefiContract = holdefiContractAddress;,"L2: require (holdefiContractAddress.holdefiSettings() == address(this), | function setHoldefiContract(HoldefiInterface holdefiContractAddress) external onlyOwner","1: function setHoldefiContract(HoldefiInterface holdefiContractAddress) external onlyOwner {\n2: 		require (holdefiContractAddress.holdefiSettings() == address(this),\n3: 			""Conflict with Holdefi contract address""\n4: 		);\n5: 		require (address(holdefiContract) == address(0), ""Should be set once"");\n6: 		holdefiContract = holdefiContractAddress;\n7: 	}",i:setHoldefiContract,ambiguous,protected reentrancy-like pattern,external call plus guard/modifier/state-update signal,6
top50_weak_or_no_safety,DAPP::DAppSCAN-source/contracts/PeckShield-AirSwap/airswap-protocols-b87d292aaf6e28ede564b7ea28ece39219994607::KittyOwnership,DAppSCAN-source/contracts/PeckShield-AirSwap/airswap-protocols-b87d292aaf6e28ede564b7ea28ece39219994607/source/tokens/contracts/KittyCore.sol,_createKitty,DAppSCAN-source/contracts/PeckShield-AirSwap/airswap-protocols-b87d292aaf6e28ede564b7ea28ece39219994607/source/tokens/contracts/KittyCore.sol#L380-L434,0.8386939548611827,0,,external call plus guard/modifier/state-update signal,require_assert_guard_before_call|contract_inheritance_modifier_summary,require_assert_guard_before_call|contract_inheritance_modifier_summary,,L20: uint16 cooldownIndex = uint16(_generation / 2);,"L11: // These requires are not strictly necessary, our calling code should make","1: function _createKitty(\n2:         uint256 _matronId,\n3:         uint256 _sireId,\n4:         uint256 _generation,\n5:         uint256 _genes,\n6:         address _owner\n7:     )\n8:         internal\n9:         returns (uint)\n10:     {\n11:         // These requires are not strictly necessary, our calling code should make\n12:         // sure that these conditions are never broken. However! _createKitty() is already\n13:         // an expensive call (for storage), and it doesn't hurt to be especially careful\n14:         // to ensure our data structures are always valid.",i:_createKitty,ambiguous,protected reentrancy-like pattern,external call plus guard/modifier/state-update signal,2
top50_weak_or_no_safety,DAPP::DAppSCAN-source/contracts/PeckShield-AirSwap/airswap-protocols-b87d292aaf6e28ede564b7ea28ece39219994607::KittyBase,DAppSCAN-source/contracts/PeckShield-AirSwap/airswap-protocols-b87d292aaf6e28ede564b7ea28ece39219994607/source/tokens/contracts/KittyCore.sol,_createKitty,DAppSCAN-source/contracts/PeckShield-AirSwap/airswap-protocols-b87d292aaf6e28ede564b7ea28ece39219994607/source/tokens/contracts/KittyCore.sol#L380-L434,0.8386937774597454,0,,external call plus guard/modifier/state-update signal,require_assert_guard_before_call|contract_inheritance_modifier_summary,require_assert_guard_before_call|contract_inheritance_modifier_summary,,L20: uint16 cooldownIndex = uint16(_generation / 2);,"L11: // These requires are not strictly necessary, our calling code should make","1: function _createKitty(\n2:         uint256 _matronId,\n3:         uint256 _sireId,\n4:         uint256 _generation,\n5:         uint256 _genes,\n6:         address _owner\n7:     )\n8:         internal\n9:         returns (uint)\n10:     {\n11:         // These requires are not strictly necessary, our calling code should make\n12:         // sure that these conditions are never broken. However! _createKitty() is already\n13:         // an expensive call (for storage), and it doesn't hurt to be especially careful\n14:         // to ensure our data structures are always valid.",i:_createKitty,ambiguous,protected reentrancy-like pattern,external call plus guard/modifier/state-update signal,2
,DAPP::DAppSCAN-source/contracts/PeckShield-ShibaNova/Contracts-b6b1ce1fcaff83d360df8944309f49958842b7b8::ShibaMoneyPot,DAppSCAN-source/contracts/PeckShield-ShibaNova/Contracts-b6b1ce1fcaff83d360df8944309f49958842b7b8/shibanova/contracts/ShibaMoneyPot.sol,depositRewards,DAppSCAN-source/contracts/PeckShield-ShibaNova/Contracts-b6b1ce1fcaff83d360df8944309f49958842b7b8/shibanova/contracts/ShibaMoneyPot.sol#L276-L288,0.8373941382031759,0,,external call plus guard/modifier/state-update signal,require_assert_guard_before_call|trusted_or_fixed_callee|safe_erc20_wrapper|contract_modifier_access_summary|contract_inheritance_modifier_summary,require_assert_guard_before_call|trusted_or_fixed_callee|safe_erc20_wrapper|contract_modifier_access_summary|contract_inheritance_modifier_summary,"L5: IBEP20(_token).safeTransferFrom(msg.sender, address(this), _amount);",L8: reserveTokenAmount[_token] = reserveTokenAmount[_token].add(_amount);,L2: require(msg.sender == feeManager);,"1: function depositRewards(address _token, uint256 _amount) external virtual override{\n2:         require(msg.sender == feeManager);\n3:         massUpdateMoneyPot();\n4: \n5:         IBEP20(_token).safeTransferFrom(msg.sender, address(this), _amount);\n6: \n7:         if(block.number < startBlock){\n8:             reserveTokenAmount[_token] = reserveTokenAmount[_token].add(_amount);\n9:         }\n10:         else {\n11:             pendingTokenAmount[_token] = pendingTokenAmount[_token].add(_amount);\n12:         }\n13:     }",i:depositRewards,protected_negative,protected reentrancy-like pattern,external call plus guard/modifier/state-update signal,5
,DAPP::DAppSCAN-source/contracts/QuillAudits-Yearn Finance-Yearn Protocol V1/yearn-protocol-9ff0dc0ea73642c529383d0675930a41bf033295::yDelegatedVault,DAppSCAN-source/contracts/QuillAudits-Yearn Finance-Yearn Protocol V1/yearn-protocol-9ff0dc0ea73642c529383d0675930a41bf033295/contracts/vaults/yDelegatedVault.sol,claimInsurance,DAppSCAN-source/contracts/QuillAudits-Yearn Finance-Yearn Protocol V1/yearn-protocol-9ff0dc0ea73642c529383d0675930a41bf033295/contracts/vaults/yDelegatedVault.sol#L168-L172,0.8359612527452165,0,,external call plus guard/modifier/state-update signal,state_update_after_external_call|require_assert_guard_before_call|callee_user_controlled|safe_erc20_wrapper|contract_many_risky_interactions|contract_inheritance_modifier_summary,state_update_after_external_call|require_assert_guard_before_call|callee_user_controlled|safe_erc20_wrapper|contract_many_risky_interactions|contract_inheritance_modifier_summary,"L3: token.safeTransfer(controller, insurance);",L4: insurance = 0;,"L2: require(msg.sender == controller, ""!controller"");","1: function claimInsurance() external {\n2:         require(msg.sender == controller, ""!controller"");\n3:         token.safeTransfer(controller, insurance);\n4:         insurance = 0;\n5:     }",i:claimInsurance,protected_negative,protected reentrancy-like pattern,external call plus guard/modifier/state-update signal,6
,DAPP::DAppSCAN-source/contracts/PeckShield-MilkySwap/milkyswap-59f163e9959cf8bae4a521a9648219b553312e07::UniswapV2Router02,DAppSCAN-source/contracts/PeckShield-MilkySwap/milkyswap-59f163e9959cf8bae4a521a9648219b553312e07/contracts/uniswapv2/UniswapV2Router02.sol,swapTokensForExactETH,DAppSCAN-source/contracts/PeckShield-MilkySwap/milkyswap-59f163e9959cf8bae4a521a9648219b553312e07/contracts/uniswapv2/UniswapV2Router02.sol#L268-L284,0.8356066692188823,0,,external call plus guard/modifier/state-update signal,require_assert_guard_before_call|trusted_or_fixed_callee|safe_erc20_wrapper|contract_inheritance_modifier_summary,require_assert_guard_before_call|trusted_or_fixed_callee|safe_erc20_wrapper|contract_inheritance_modifier_summary,L11: TransferHelper.safeTransferFrom(,"L9: amounts = UniswapV2Library.getAmountsIn(factory, amountOut, path);","L8: require(path[path.length - 1] == WETH, 'UniswapV2Router: INVALID_PATH');","6:         returns (uint[] memory amounts)\n7:     {\n8:         require(path[path.length - 1] == WETH, 'UniswapV2Router: INVALID_PATH');\n9:         amounts = UniswapV2Library.getAmountsIn(factory, amountOut, path);\n10:         require(amounts[0] <= amountInMax, 'UniswapV2Router: EXCESSIVE_INPUT_AMOUNT');\n11:         TransferHelper.safeTransferFrom(\n12:             path[0], msg.sender, UniswapV2Library.pairFor(factory, path[0], path[1]), amounts[0]\n13:         );\n14:         _swap(amounts, path, address(this));\n15:         IWETH(WETH).withdraw(amounts[amounts.length - 1]);\n16:         TransferHelper.safeTransferETH(to, amounts[amounts.length - 1]);\n17:     }",i:swapTokensForExactETH,protected_negative,protected reentrancy-like pattern,external call plus guard/modifier/state-update signal,4
,"DAPP::DAppSCAN-source/contracts/Inspex-StakingPool, Vault, Strategy & VotingEscrow/scientix-contract-main::UniswapV2Router02","DAppSCAN-source/contracts/Inspex-StakingPool, Vault, Strategy & VotingEscrow/scientix-contract-main/contracts/libraries/sushi/UniswapV2Router02.sol",swapTokensForExactETH,"DAppSCAN-source/contracts/Inspex-StakingPool, Vault, Strategy & VotingEscrow/scientix-contract-main/contracts/libraries/sushi/UniswapV2Router02.sol#L657-L673",0.8356056048046372,0,,external call plus guard/modifier/state-update signal,require_assert_guard_before_call|trusted_or_fixed_callee|safe_erc20_wrapper|contract_inheritance_modifier_summary,require_assert_guard_before_call|trusted_or_fixed_callee|safe_erc20_wrapper|contract_inheritance_modifier_summary,L11: TransferHelper.safeTransferFrom(,"L9: amounts = UniswapV2Library.getAmountsIn(factory, amountOut, path);","L8: require(path[path.length - 1] == WETH, 'UniswapV2Router: INVALID_PATH');","6:         returns (uint[] memory amounts)\n7:     {\n8:         require(path[path.length - 1] == WETH, 'UniswapV2Router: INVALID_PATH');\n9:         amounts = UniswapV2Library.getAmountsIn(factory, amountOut, path);\n10:         require(amounts[0] <= amountInMax, 'UniswapV2Router: EXCESSIVE_INPUT_AMOUNT');\n11:         TransferHelper.safeTransferFrom(\n12:             path[0], msg.sender, UniswapV2Library.pairFor(factory, path[0], path[1]), amounts[0]\n13:         );\n14:         _swap(amounts, path, address(this));\n15:         IWETH(WETH).withdraw(amounts[amounts.length - 1]);\n16:         TransferHelper.safeTransferETH(to, amounts[amounts.length - 1]);\n17:     }",i:swapTokensForExactETH,protected_negative,protected reentrancy-like pattern,external call plus guard/modifier/state-update signal,4
,DAPP::DAppSCAN-source/contracts/Chainsecurity-Angle Protocol/angle-core-46e6d32837cbe97a4af0adb693e63afa0d01fc3e::PerpetualManager,DAppSCAN-source/contracts/Chainsecurity-Angle Protocol/angle-core-46e6d32837cbe97a4af0adb693e63afa0d01fc3e/contracts/perpetualManager/PerpetualManager.sol,setTargetAndLimitHAHedge,DAppSCAN-source/contracts/Chainsecurity-Angle Protocol/angle-core-46e6d32837cbe97a4af0adb693e63afa0d01fc3e/contracts/perpetualManager/PerpetualManager.sol#L247-L260,0.8346378342869496,0,,external call plus guard/modifier/state-update signal,state_update_before_external_call|require_assert_guard_before_call|only_owner_or_access_control|contract_modifier_access_summary|contract_inheritance_modifier_summary|access_control_signal,state_update_before_external_call|require_assert_guard_before_call|only_owner_or_access_control|contract_modifier_access_summary|contract_inheritance_modifier_summary,,L9: limitHAHedge = _limitHAHedge;,"L8: require(_targetHAHedge <= _limitHAHedge, ""8""); | function setTargetAndLimitHAHedge(uint64 _targetHAHedge, uint64 _limitHAHedge)
        external
        override
        onlyRole(GUARDIAN_ROLE)
        onlyCompatibleFees(_targetHAHedge)
        onlyCompatibleFees(_limitHAHedge)","1: function setTargetAndLimitHAHedge(uint64 _targetHAHedge, uint64 _limitHAHedge)\n2:         external\n3:         override\n4:         onlyRole(GUARDIAN_ROLE)\n5:         onlyCompatibleFees(_targetHAHedge)\n6:         onlyCompatibleFees(_limitHAHedge)\n7:     {\n8:         require(_targetHAHedge <= _limitHAHedge, ""8"");\n9:         limitHAHedge = _limitHAHedge;\n10:         targetHAHedge = _targetHAHedge;\n11:         // Updating the value in the `stableMaster` contract\n12:         _stableMaster.setTargetHAHedge(_targetHAHedge);\n13:         emit TargetAndLimitHAHedgeUpdated(_targetHAHedge, _limitHAHedge);\n14:     }",i:setTargetAndLimitHAHedge,ambiguous,protected reentrancy-like pattern,external call plus guard/modifier/state-update signal,5
,DAPP::DAppSCAN-source/contracts/Trail_of_Bits-FraxQ42021/frax-solidity-bd40775e283923aa9e32a107abd426430a99835e::UniV3LiquidityAMO_V2,DAppSCAN-source/contracts/Trail_of_Bits-FraxQ42021/frax-solidity-bd40775e283923aa9e32a107abd426430a99835e/src/hardhat/contracts/Misc_AMOs/UniV3LiquidityAMO_V2.sol,swap,DAppSCAN-source/contracts/Trail_of_Bits-FraxQ42021/frax-solidity-bd40775e283923aa9e32a107abd426430a99835e/src/hardhat/contracts/Misc_AMOs/UniV3LiquidityAMO_V2.sol#L350-L371,0.83001206748366,0,,external call plus guard/modifier/state-update signal,require_assert_guard_before_call|trusted_or_fixed_callee|safe_erc20_wrapper|contract_inheritance_modifier_summary,require_assert_guard_before_call|trusted_or_fixed_callee|safe_erc20_wrapper|contract_inheritance_modifier_summary,,L6: ISwapRouter.ExactInputSingleParams memory swap_params = ISwapRouter.ExactInputSingleParams(,"L3: require(allowed_collaterals[_tokenA] || _tokenA == address(FRAX), ""TokenA not allowed"");","1: function swap(address _tokenA, address _tokenB, uint24 _fee_tier, uint256 _amountAtoB, uint256 _amountOutMinimum, uint160 _sqrtPriceLimitX96) public onlyByOwnGov returns (uint256) {\n2:         // Make sure the collateral is allowed\n3:         require(allowed_collaterals[_tokenA] || _tokenA == address(FRAX), ""TokenA not allowed"");\n4:         require(allowed_collaterals[_tokenB] || _tokenB == address(FRAX), ""TokenB not allowed"");\n5: \n6:         ISwapRouter.ExactInputSingleParams memory swap_params = ISwapRouter.ExactInputSingleParams(\n7:             _tokenA,\n8:             _tokenB,\n9:             _fee_tier,\n10:             address(this),\n11:             2105300114, // Expiration: a long time from now\n12:             _amountAtoB,\n13:             _amountOutMinimum,\n14:             _sqrtPriceLimitX96",i:swap,protected_negative,protected reentrancy-like pattern,external call plus guard/modifier/state-update signal,4
,DAPP::DAppSCAN-source/contracts/Trail_of_Bits-FraxQ42021/frax-solidity-bd40775e283923aa9e32a107abd426430a99835e::FRAX3CRV_Curve_FXS_Distributor,DAppSCAN-source/contracts/Trail_of_Bits-FraxQ42021/frax-solidity-bd40775e283923aa9e32a107abd426430a99835e/src/hardhat/contracts/Staking/FRAX3CRV_Curve_FXS_Distributor.sol,stake,DAppSCAN-source/contracts/Trail_of_Bits-FraxQ42021/frax-solidity-bd40775e283923aa9e32a107abd426430a99835e/src/hardhat/contracts/Staking/FRAX3CRV_Curve_FXS_Distributor.sol#L520-L526,0.8297946829923638,0,,external call plus guard/modifier/state-update signal,state_update_before_external_call|require_assert_guard_before_call|nonreentrant_modifier|callee_user_controlled|safe_erc20_wrapper|contract_modifier_access_summary,state_update_before_external_call|require_assert_guard_before_call|nonreentrant_modifier|callee_user_controlled|safe_erc20_wrapper|contract_modifier_access_summary,"L5: stakingToken.safeTransferFrom(msg.sender, address(this), amount);",L3: _totalSupply = _totalSupply.add(amount);,"nonReentrant/modifier | L2: require(amount > 0, ""Cannot stake 0"");","1: function stake(uint256 amount) external nonReentrant notPaused updateReward(msg.sender) {\n2:         require(amount > 0, ""Cannot stake 0"");\n3:         _totalSupply = _totalSupply.add(amount);\n4:         _balances[msg.sender] = _balances[msg.sender].add(amount);\n5:         stakingToken.safeTransferFrom(msg.sender, address(this), amount);\n6:         emit Staked(msg.sender, amount);\n7:     }",i:stake,protected_negative,protected reentrancy-like pattern,external call plus guard/modifier/state-update signal,6
,DAPP::DAppSCAN-source/contracts/Inspex-SpookySwap Integration & Fantom Expansion/bsc-alpaca-contract-4553a34a6dcfcfbf7aebc693bb5c5c6074c73129::WaultSwapWorker,DAppSCAN-source/contracts/Inspex-SpookySwap Integration & Fantom Expansion/bsc-alpaca-contract-4553a34a6dcfcfbf7aebc693bb5c5c6074c73129/contracts/6/protocol/workers/waultswap/WaultSwapWorker.sol,work,DAppSCAN-source/contracts/Inspex-SpookySwap Integration & Fantom Expansion/bsc-alpaca-contract-4553a34a6dcfcfbf7aebc693bb5c5c6074c73129/contracts/6/protocol/workers/waultswap/WaultSwapWorker.sol#L186-L207,0.8293637725072239,0,,external call plus guard/modifier/state-update signal,require_assert_guard_before_call|nonreentrant_modifier|only_owner_or_access_control|callee_user_controlled|safe_erc20_wrapper|contract_many_risky_interactions|contract_modifier_access_summary|contract_inheritance_modifier_summary|access_control_signal,require_assert_guard_before_call|nonreentrant_modifier|only_owner_or_access_control|callee_user_controlled|safe_erc20_wrapper|contract_many_risky_interactions|contract_modifier_access_summary|contract_inheritance_modifier_summary,"L13: lpToken.transfer(strat, lpToken.balanceOf(address(this))),",,"nonReentrant/modifier | L11: require(okStrats[strat], ""WaultSwapWorker::work:: unapproved work strategy""); | function work(
    uint256 id,
    address user,
    uint256 debt,
    bytes calldata data
  ) external override onlyOperator nonReentrant","8:     _removeShare(id);\n9:     // 2. Perform the worker strategy; sending LP tokens + BaseToken; expecting LP tokens + BaseToken.\n10:     (address strat, bytes memory ext) = abi.decode(data, (address, bytes));\n11:     require(okStrats[strat], ""WaultSwapWorker::work:: unapproved work strategy"");\n12:     require(\n13:       lpToken.transfer(strat, lpToken.balanceOf(address(this))),\n14:       ""WaultSwapWorker::work:: unable to transfer lp to strat""\n15:     );\n16:     baseToken.safeTransfer(strat, baseToken.myBalance());\n17:     IStrategy(strat).execute(user, debt, ext);\n18:     // 3. Add LP tokens back to the farming pool.\n19:     _addShare(id);\n20:     // 4. Return any remaining BaseToken back to the operator.\n21:     baseToken.safeTransfer(msg.sender, baseToken.myBalance());",i:work,protected_negative,protected reentrancy-like pattern,external call plus guard/modifier/state-update signal,8
,DAPP::DAppSCAN-source/contracts/Inspex-Optimized Worker/bsc-alpaca-contract-1aee2ceec77e3fd3162b74858c846cdc5692928d::WaultSwapWorker,DAppSCAN-source/contracts/Inspex-Optimized Worker/bsc-alpaca-contract-1aee2ceec77e3fd3162b74858c846cdc5692928d/contracts/6/protocol/workers/waultswap/WaultSwapWorker.sol,work,DAppSCAN-source/contracts/Inspex-Optimized Worker/bsc-alpaca-contract-1aee2ceec77e3fd3162b74858c846cdc5692928d/contracts/6/protocol/workers/waultswap/WaultSwapWorker.sol#L186-L207,0.8293637725072239,0,,external call plus guard/modifier/state-update signal,require_assert_guard_before_call|nonreentrant_modifier|only_owner_or_access_control|callee_user_controlled|safe_erc20_wrapper|contract_many_risky_interactions|contract_modifier_access_summary|contract_inheritance_modifier_summary|access_control_signal,require_assert_guard_before_call|nonreentrant_modifier|only_owner_or_access_control|callee_user_controlled|safe_erc20_wrapper|contract_many_risky_interactions|contract_modifier_access_summary|contract_inheritance_modifier_summary,"L13: lpToken.transfer(strat, lpToken.balanceOf(address(this))),",,"nonReentrant/modifier | L11: require(okStrats[strat], ""WaultSwapWorker::work:: unapproved work strategy""); | function work(
    uint256 id,
    address user,
    uint256 debt,
    bytes calldata data
  ) external override onlyOperator nonReentrant","8:     _removeShare(id);\n9:     // 2. Perform the worker strategy; sending LP tokens + BaseToken; expecting LP tokens + BaseToken.\n10:     (address strat, bytes memory ext) = abi.decode(data, (address, bytes));\n11:     require(okStrats[strat], ""WaultSwapWorker::work:: unapproved work strategy"");\n12:     require(\n13:       lpToken.transfer(strat, lpToken.balanceOf(address(this))),\n14:       ""WaultSwapWorker::work:: unable to transfer lp to strat""\n15:     );\n16:     baseToken.safeTransfer(strat, baseToken.myBalance());\n17:     IStrategy(strat).execute(user, debt, ext);\n18:     // 3. Add LP tokens back to the farming pool.\n19:     _addShare(id);\n20:     // 4. Return any remaining BaseToken back to the operator.\n21:     baseToken.safeTransfer(msg.sender, baseToken.myBalance());",i:work,protected_negative,protected reentrancy-like pattern,external call plus guard/modifier/state-update signal,8
top50_weak_or_no_safety,DAPP::DAppSCAN-source/contracts/Runtime_Vеrification-Element_Finance_Governance_Security_Audit_Report/council-3d751c959b42573c78ccd0bccbc80424bf6d9a90::TestCoreVoting,DAppSCAN-source/contracts/Runtime_Vеrification-Element_Finance_Governance_Security_Audit_Report/council-3d751c959b42573c78ccd0bccbc80424bf6d9a90/contracts/mocks/TestCoreVoting.sol,vote,DAppSCAN-source/contracts/Runtime_Vеrification-Element_Finance_Governance_Security_Audit_Report/council-3d751c959b42573c78ccd0bccbc80424bf6d9a90/contracts/mocks/TestCoreVoting.sol#L193-L230,0.8289883476330776,0,,external call plus guard/modifier/state-update signal,require_assert_guard_before_call|contract_inheritance_modifier_summary,require_assert_guard_before_call|contract_inheritance_modifier_summary,,L12: for (uint256 i = 0; i < votingVaults.length; i++) {,"L8: require(block.number <= proposals[proposalId].expiration, ""Expired"");","1: function vote(\n2:         address[] memory votingVaults,\n3:         bytes[] memory extraVaultData,\n4:         uint256 proposalId,\n5:         Ballot ballot\n6:     ) public returns (uint256) {\n7:         // No votes after the vote period is over\n8:         require(block.number <= proposals[proposalId].expiration, ""Expired"");\n9: \n10:         uint128 votingPower;\n11: \n12:         for (uint256 i = 0; i < votingVaults.length; i++) {\n13:             // ensure there are no voting vault duplicates\n14:             for (uint256 j = i + 1; j < votingVaults.length; j++) {",i:vote,ambiguous,protected reentrancy-like pattern,external call plus guard/modifier/state-update signal,2
,DAPP::DAppSCAN-source/contracts/PeckShield-AirSwap/airswap-protocols-b87d292aaf6e28ede564b7ea28ece39219994607::KittyCore,DAppSCAN-source/contracts/PeckShield-AirSwap/airswap-protocols-b87d292aaf6e28ede564b7ea28ece39219994607/source/tokens/contracts/KittyCore.sol,setGeneScienceAddress,DAppSCAN-source/contracts/PeckShield-AirSwap/airswap-protocols-b87d292aaf6e28ede564b7ea28ece39219994607/source/tokens/contracts/KittyCore.sol#L745-L753,0.828509024342485,0,,external call plus guard/modifier/state-update signal,state_update_after_external_call|require_assert_guard_before_call|contract_inheritance_modifier_summary,state_update_after_external_call|require_assert_guard_before_call|contract_inheritance_modifier_summary,,L2: GeneScienceInterface candidateContract = GeneScienceInterface(_address);,L5: require(candidateContract.isGeneScience());,1: function setGeneScienceAddress(address _address) external onlyCEO {\n2:         GeneScienceInterface candidateContract = GeneScienceInterface(_address);\n3: \n4:         // NOTE: verify that a contract is what we expect - https://github.com/Lunyr/crowdsale-contracts/blob/cfadd15986c30521d8ba7d5b6f57b4fefcc7ac38/contracts/LunyrToken.sol#L117\n5:         require(candidateContract.isGeneScience());\n6: \n7:         // Set the new contract address\n8:         geneScience = candidateContract;\n9:     },i:setGeneScienceAddress,ambiguous,protected reentrancy-like pattern,external call plus guard/modifier/state-update signal,3
,DAPP::DAppSCAN-source/contracts/PeckShield-AirSwap/airswap-protocols-b87d292aaf6e28ede564b7ea28ece39219994607::KittyAuction,DAppSCAN-source/contracts/PeckShield-AirSwap/airswap-protocols-b87d292aaf6e28ede564b7ea28ece39219994607/source/tokens/contracts/KittyCore.sol,setGeneScienceAddress,DAppSCAN-source/contracts/PeckShield-AirSwap/airswap-protocols-b87d292aaf6e28ede564b7ea28ece39219994607/source/tokens/contracts/KittyCore.sol#L745-L753,0.8285089396551037,0,,external call plus guard/modifier/state-update signal,state_update_after_external_call|require_assert_guard_before_call|contract_inheritance_modifier_summary,state_update_after_external_call|require_assert_guard_before_call|contract_inheritance_modifier_summary,,L2: GeneScienceInterface candidateContract = GeneScienceInterface(_address);,L5: require(candidateContract.isGeneScience());,1: function setGeneScienceAddress(address _address) external onlyCEO {\n2:         GeneScienceInterface candidateContract = GeneScienceInterface(_address);\n3: \n4:         // NOTE: verify that a contract is what we expect - https://github.com/Lunyr/crowdsale-contracts/blob/cfadd15986c30521d8ba7d5b6f57b4fefcc7ac38/contracts/LunyrToken.sol#L117\n5:         require(candidateContract.isGeneScience());\n6: \n7:         // Set the new contract address\n8:         geneScience = candidateContract;\n9:     },i:setGeneScienceAddress,ambiguous,protected reentrancy-like pattern,external call plus guard/modifier/state-update signal,3
,DAPP::DAppSCAN-source/contracts/PeckShield-AirSwap/airswap-protocols-b87d292aaf6e28ede564b7ea28ece39219994607::KittyMinting,DAppSCAN-source/contracts/PeckShield-AirSwap/airswap-protocols-b87d292aaf6e28ede564b7ea28ece39219994607/source/tokens/contracts/KittyCore.sol,setGeneScienceAddress,DAppSCAN-source/contracts/PeckShield-AirSwap/airswap-protocols-b87d292aaf6e28ede564b7ea28ece39219994607/source/tokens/contracts/KittyCore.sol#L745-L753,0.8285089396551037,0,,external call plus guard/modifier/state-update signal,state_update_after_external_call|require_assert_guard_before_call|contract_inheritance_modifier_summary,state_update_after_external_call|require_assert_guard_before_call|contract_inheritance_modifier_summary,,L2: GeneScienceInterface candidateContract = GeneScienceInterface(_address);,L5: require(candidateContract.isGeneScience());,1: function setGeneScienceAddress(address _address) external onlyCEO {\n2:         GeneScienceInterface candidateContract = GeneScienceInterface(_address);\n3: \n4:         // NOTE: verify that a contract is what we expect - https://github.com/Lunyr/crowdsale-contracts/blob/cfadd15986c30521d8ba7d5b6f57b4fefcc7ac38/contracts/LunyrToken.sol#L117\n5:         require(candidateContract.isGeneScience());\n6: \n7:         // Set the new contract address\n8:         geneScience = candidateContract;\n9:     },i:setGeneScienceAddress,ambiguous,protected reentrancy-like pattern,external call plus guard/modifier/state-update signal,3
,DAPP::DAppSCAN-source/contracts/Trail_of_Bits-FraxQ42021/frax-solidity-bd40775e283923aa9e32a107abd426430a99835e::UniV3LiquidityAMO_V2_old,DAppSCAN-source/contracts/Trail_of_Bits-FraxQ42021/frax-solidity-bd40775e283923aa9e32a107abd426430a99835e/src/hardhat/contracts/Misc_AMOs/UniV3LiquidityAMO_V2_old.sol,swap,DAppSCAN-source/contracts/Trail_of_Bits-FraxQ42021/frax-solidity-bd40775e283923aa9e32a107abd426430a99835e/src/hardhat/contracts/Misc_AMOs/UniV3LiquidityAMO_V2_old.sol#L387-L408,0.8273006654102449,0,,external call plus guard/modifier/state-update signal,require_assert_guard_before_call|trusted_or_fixed_callee|safe_erc20_wrapper|contract_inheritance_modifier_summary,require_assert_guard_before_call|trusted_or_fixed_callee|safe_erc20_wrapper|contract_inheritance_modifier_summary,,L6: ISwapRouter.ExactInputSingleParams memory swap_params = ISwapRouter.ExactInputSingleParams(,"L3: require(allowed_collaterals[_tokenA] || _tokenA == address(FRAX), ""TokenA not allowed"");","1: function swap(address _tokenA, address _tokenB, uint24 _fee_tier, uint256 _amountAtoB, uint256 _amountOutMinimum, uint160 _sqrtPriceLimitX96) public onlyByOwnGov returns (uint256) {\n2:         // Make sure the collateral is allowed\n3:         require(allowed_collaterals[_tokenA] || _tokenA == address(FRAX), ""TokenA not allowed"");\n4:         require(allowed_collaterals[_tokenB] || _tokenB == address(FRAX), ""TokenB not allowed"");\n5: \n6:         ISwapRouter.ExactInputSingleParams memory swap_params = ISwapRouter.ExactInputSingleParams(\n7:             _tokenA,\n8:             _tokenB,\n9:             _fee_tier,\n10:             address(this),\n11:             2105300114, // Expiration: a long time from now\n12:             _amountAtoB,\n13:             _amountOutMinimum,\n14:             _sqrtPriceLimitX96",i:swap,protected_negative,protected reentrancy-like pattern,external call plus guard/modifier/state-update signal,4
,DAPP::DAppSCAN-source/contracts/consensys-Fei_Protocol_v2_Phase_1/fei-protocol-core-5e3e2ab889f06831f4fe2e8460066ded40ccf0a8::StableSwapOperatorV1,DAppSCAN-source/contracts/consensys-Fei_Protocol_v2_Phase_1/fei-protocol-core-5e3e2ab889f06831f4fe2e8460066ded40ccf0a8/contracts/pcv/curve/StableSwapOperatorV1.sol,withdraw,DAppSCAN-source/contracts/consensys-Fei_Protocol_v2_Phase_1/fei-protocol-core-5e3e2ab889f06831f4fe2e8460066ded40ccf0a8/contracts/pcv/curve/StableSwapOperatorV1.sol#L225-L296,0.8272769556610516,0,,external call plus guard/modifier/state-update signal,require_assert_guard_before_call|trusted_or_fixed_callee|safe_erc20_wrapper|contract_modifier_access_summary|contract_inheritance_modifier_summary,require_assert_guard_before_call|trusted_or_fixed_callee|safe_erc20_wrapper|contract_modifier_access_summary|contract_inheritance_modifier_summary,"L67: SafeERC20.safeTransfer(IERC20(_dai), to, _amount);",L10: uint256 _3crvVirtualPrice = IStableSwap3(_3pool).get_virtual_price();,"L7: require(amountUnderlying != 0, ""StableSwapOperatorV1: Cannot withdraw 0"");","62:             _amount = _daiBalanceAfter;\n63:         }\n64: \n65:         // if not withdrawing to self, transfer DAI\n66:         if (to != address(this)) {\n67:             SafeERC20.safeTransfer(IERC20(_dai), to, _amount);\n68:         }\n69: \n70:         // emit event\n71:         emit Withdrawal(msg.sender, to, _amount);\n72:     }",i:withdraw,protected_negative,protected reentrancy-like pattern,external call plus guard/modifier/state-update signal,5
top50_weak_or_no_safety,DAPP::DAppSCAN-source/contracts/Runtime_Vеrification-Element_Finance_Governance_Security_Audit_Report/council-3d751c959b42573c78ccd0bccbc80424bf6d9a90::GSCVault,DAppSCAN-source/contracts/Runtime_Vеrification-Element_Finance_Governance_Security_Audit_Report/council-3d751c959b42573c78ccd0bccbc80424bf6d9a90/contracts/vaults/GSCVault.sol,proveMembership,DAppSCAN-source/contracts/Runtime_Vеrification-Element_Finance_Governance_Security_Audit_Report/council-3d751c959b42573c78ccd0bccbc80424bf6d9a90/contracts/vaults/GSCVault.sol#L56-L101,0.8271103357101378,0,,external call plus guard/modifier/state-update signal,require_assert_guard_before_call|contract_inheritance_modifier_summary,require_assert_guard_before_call|contract_inheritance_modifier_summary,,L9: for (uint256 i = 0; i < votingVaults.length; i++) {,L6: assert(votingVaults.length > 0);,"1: function proveMembership(\n2:         address[] calldata votingVaults,\n3:         bytes[] calldata extraData\n4:     ) external {\n5:         // Check for call validity\n6:         assert(votingVaults.length > 0);\n7:         // We loop through the voting vaults to check they are authorized\n8:         // We check all up front to prevent any reentrancy or weird side effects\n9:         for (uint256 i = 0; i < votingVaults.length; i++) {\n10:             // Call the mapping the core voting contract to check that\n11:             // the provided address is in fact approved.\n12:             // Note - Post Berlin hardfork this repeated access is quite cheap.\n13:             bool vaultStatus = coreVoting.approvedVaults(votingVaults[i]);\n14:             require(vaultStatus, ""Voting vault not approved"");",i:proveMembership,ambiguous,protected reentrancy-like pattern,external call plus guard/modifier/state-update signal,2
,DAPP::DAppSCAN-source/contracts/PeckShield-Convex_Frax/frax-cvx-platform-2f8573ee796daa022c1050b4a749bf08049c439b::StakingProxyERC20,DAppSCAN-source/contracts/PeckShield-Convex_Frax/frax-cvx-platform-2f8573ee796daa022c1050b4a749bf08049c439b/contracts/contracts/StakingProxyERC20.sol,initialize,DAppSCAN-source/contracts/PeckShield-Convex_Frax/frax-cvx-platform-2f8573ee796daa022c1050b4a749bf08049c439b/contracts/contracts/StakingProxyERC20.sol#L39-L53,0.8269878713837414,0,,external call plus guard/modifier/state-update signal,state_update_before_external_call|require_assert_guard_before_call|trusted_or_fixed_callee|contract_modifier_access_summary|contract_inheritance_modifier_summary,state_update_before_external_call|require_assert_guard_before_call|trusted_or_fixed_callee|contract_modifier_access_summary|contract_inheritance_modifier_summary,,L5: owner = _owner;,"L2: require(owner == address(0),""already init"");","1: function initialize(address _owner, address _stakingAddress, address _stakingToken, address _rewardsAddress) external{\n2:         require(owner == address(0),""already init"");\n3: \n4:         //set variables\n5:         owner = _owner;\n6:         stakingAddress = _stakingAddress;\n7:         stakingToken = _stakingToken;\n8:         rewards = _rewardsAddress;\n9: \n10:         //set proxy address on staking contract\n11:         IFraxFarmERC20(_stakingAddress).stakerSetVeFXSProxy(vefxsProxy);\n12: \n13:         //set infinite approval\n14:         IERC20(stakingToken).approve(_stakingAddress, type(uint256).max);",i:initialize,ambiguous,protected reentrancy-like pattern,external call plus guard/modifier/state-update signal,5
,DAPP::DAppSCAN-source/contracts/Trail_of_Bits-YieldProtocol/fyDai-4422fda75931f2bfea49f5041ec90dc026e5c03d::Liquidations,DAppSCAN-source/contracts/Trail_of_Bits-YieldProtocol/fyDai-4422fda75931f2bfea49f5041ec90dc026e5c03d/contracts/Liquidations.sol,shutdown,DAppSCAN-source/contracts/Trail_of_Bits-YieldProtocol/fyDai-4422fda75931f2bfea49f5041ec90dc026e5c03d/contracts/Liquidations.sol#L91-L97,0.8267938036493313,0,,external call plus guard/modifier/state-update signal,state_update_after_external_call|require_assert_guard_before_call|trusted_or_fixed_callee|contract_inheritance_modifier_summary,state_update_after_external_call|require_assert_guard_before_call|trusted_or_fixed_callee|contract_inheritance_modifier_summary,,L6: live = false;,L2: require(,"1: function shutdown() public override {\n2:         require(\n3:             _treasury.live() == false,\n4:             ""Liquidations: Treasury is live""\n5:         );\n6:         live = false;\n7:     }",i:shutdown,ambiguous,protected reentrancy-like pattern,external call plus guard/modifier/state-update signal,4
,DAPP::DAppSCAN-source/contracts/Inspex-Optimized Worker/bsc-alpaca-contract-1aee2ceec77e3fd3162b74858c846cdc5692928d::PancakeswapV2Worker,DAppSCAN-source/contracts/Inspex-Optimized Worker/bsc-alpaca-contract-1aee2ceec77e3fd3162b74858c846cdc5692928d/contracts/6/protocol/workers/pcs/PancakeswapV2Worker.sol,work,DAppSCAN-source/contracts/Inspex-Optimized Worker/bsc-alpaca-contract-1aee2ceec77e3fd3162b74858c846cdc5692928d/contracts/6/protocol/workers/pcs/PancakeswapV2Worker.sol#L191-L212,0.8263646855949393,0,,external call plus guard/modifier/state-update signal,require_assert_guard_before_call|nonreentrant_modifier|only_owner_or_access_control|callee_user_controlled|safe_erc20_wrapper|contract_many_risky_interactions|contract_modifier_access_summary|contract_inheritance_modifier_summary|access_control_signal,require_assert_guard_before_call|nonreentrant_modifier|only_owner_or_access_control|callee_user_controlled|safe_erc20_wrapper|contract_many_risky_interactions|contract_modifier_access_summary|contract_inheritance_modifier_summary,"L13: lpToken.transfer(strat, lpToken.balanceOf(address(this))),",,"nonReentrant/modifier | L11: require(okStrats[strat], ""PancakeswapWorker::work:: unapproved work strategy""); | function work(
    uint256 id,
    address user,
    uint256 debt,
    bytes calldata data
  ) external override onlyOperator nonReentrant","8:     _removeShare(id);\n9:     // 2. Perform the worker strategy; sending LP tokens + BaseToken; expecting LP tokens + BaseToken.\n10:     (address strat, bytes memory ext) = abi.decode(data, (address, bytes));\n11:     require(okStrats[strat], ""PancakeswapWorker::work:: unapproved work strategy"");\n12:     require(\n13:       lpToken.transfer(strat, lpToken.balanceOf(address(this))),\n14:       ""PancakeswapWorker::work:: unable to transfer lp to strat""\n15:     );\n16:     baseToken.safeTransfer(strat, baseToken.myBalance());\n17:     IStrategy(strat).execute(user, debt, ext);\n18:     // 3. Add LP tokens back to the farming pool.\n19:     _addShare(id);\n20:     // 4. Return any remaining BaseToken back to the operator.\n21:     baseToken.safeTransfer(msg.sender, baseToken.myBalance());",i:work,protected_negative,protected reentrancy-like pattern,external call plus guard/modifier/state-update signal,8
,DAPP::DAppSCAN-source/contracts/Inspex-SpookySwap Integration & Fantom Expansion/bsc-alpaca-contract-4553a34a6dcfcfbf7aebc693bb5c5c6074c73129::PancakeswapV2Worker,DAppSCAN-source/contracts/Inspex-SpookySwap Integration & Fantom Expansion/bsc-alpaca-contract-4553a34a6dcfcfbf7aebc693bb5c5c6074c73129/contracts/6/protocol/workers/pcs/PancakeswapV2Worker.sol,work,DAppSCAN-source/contracts/Inspex-SpookySwap Integration & Fantom Expansion/bsc-alpaca-contract-4553a34a6dcfcfbf7aebc693bb5c5c6074c73129/contracts/6/protocol/workers/pcs/PancakeswapV2Worker.sol#L191-L212,0.8263025519097605,0,,external call plus guard/modifier/state-update signal,require_assert_guard_before_call|nonreentrant_modifier|only_owner_or_access_control|callee_user_controlled|safe_erc20_wrapper|contract_many_risky_interactions|contract_modifier_access_summary|contract_inheritance_modifier_summary|access_control_signal,require_assert_guard_before_call|nonreentrant_modifier|only_owner_or_access_control|callee_user_controlled|safe_erc20_wrapper|contract_many_risky_interactions|contract_modifier_access_summary|contract_inheritance_modifier_summary,"L13: lpToken.transfer(strat, lpToken.balanceOf(address(this))),",,"nonReentrant/modifier | L11: require(okStrats[strat], ""PancakeswapWorker::work:: unapproved work strategy""); | function work(
    uint256 id,
    address user,
    uint256 debt,
    bytes calldata data
  ) external override onlyOperator nonReentrant","8:     _removeShare(id);\n9:     // 2. Perform the worker strategy; sending LP tokens + BaseToken; expecting LP tokens + BaseToken.\n10:     (address strat, bytes memory ext) = abi.decode(data, (address, bytes));\n11:     require(okStrats[strat], ""PancakeswapWorker::work:: unapproved work strategy"");\n12:     require(\n13:       lpToken.transfer(strat, lpToken.balanceOf(address(this))),\n14:       ""PancakeswapWorker::work:: unable to transfer lp to strat""\n15:     );\n16:     baseToken.safeTransfer(strat, baseToken.myBalance());\n17:     IStrategy(strat).execute(user, debt, ext);\n18:     // 3. Add LP tokens back to the farming pool.\n19:     _addShare(id);\n20:     // 4. Return any remaining BaseToken back to the operator.\n21:     baseToken.safeTransfer(msg.sender, baseToken.myBalance());",i:work,protected_negative,protected reentrancy-like pattern,external call plus guard/modifier/state-update signal,8
,DAPP::DAppSCAN-source/contracts/Coinbae-Barnbridge_Vault/CommunityVault0xA3C299eEE1998F45c20010276684921EBE6423D9::Staking,DAppSCAN-source/contracts/Coinbae-Barnbridge_Vault/CommunityVault0xA3C299eEE1998F45c20010276684921EBE6423D9/contracts/Staking.sol,deposit,DAppSCAN-source/contracts/Coinbae-Barnbridge_Vault/CommunityVault0xA3C299eEE1998F45c20010276684921EBE6423D9/contracts/Staking.sol#L57-L143,0.8250754935615968,0,,external call plus guard/modifier/state-update signal,require_assert_guard_before_call|nonreentrant_modifier|callee_user_controlled|contract_modifier_access_summary|contract_inheritance_modifier_summary,require_assert_guard_before_call|nonreentrant_modifier|callee_user_controlled|contract_modifier_access_summary|contract_inheritance_modifier_summary,,L4: IERC20 token = IERC20(tokenAddress);,"nonReentrant/modifier | L2: require(amount > 0, ""Staking: Amount must be > 0"");","1: function deposit(address tokenAddress, uint256 amount) public nonReentrant {\n2:         require(amount > 0, ""Staking: Amount must be > 0"");\n3: \n4:         IERC20 token = IERC20(tokenAddress);\n5:         uint256 allowance = token.allowance(msg.sender, address(this));\n6:         require(allowance >= amount, ""Staking: Token allowance too small"");\n7: \n8:         balances[msg.sender][tokenAddress] = balances[msg.sender][tokenAddress].add(amount);\n9: \n10:         token.transferFrom(msg.sender, address(this), amount);\n11: \n12:         // epoch logic\n13:         uint128 currentEpoch = getCurrentEpoch();\n14:         uint128 currentMultiplier = currentEpochMultiplier();",i:deposit,protected_negative,protected reentrancy-like pattern,external call plus guard/modifier/state-update signal,5
,DAPP::DAppSCAN-source/contracts/PeckShield-DSG/core-6f607f77698936e132e4e9b5cb4d75580636d919::GovernorV1,DAppSCAN-source/contracts/PeckShield-DSG/core-6f607f77698936e132e4e9b5cb4d75580636d919/contracts/governance/GovernorV1.sol,propose,DAppSCAN-source/contracts/PeckShield-DSG/core-6f607f77698936e132e4e9b5cb4d75580636d919/contracts/governance/GovernorV1.sol#L123-L192,0.8244230876180815,0,,external call plus guard/modifier/state-update signal,state_update_after_external_call|require_assert_guard_before_call|callee_user_controlled|contract_modifier_access_summary|contract_inheritance_modifier_summary,state_update_after_external_call|require_assert_guard_before_call|callee_user_controlled|contract_modifier_access_summary|contract_inheritance_modifier_summary,,L21: uint256 latestProposalId = latestProposalIds[msg.sender];,L8: require(,"1: function propose(\n2:         address[] memory targets,\n3:         uint256[] memory values,\n4:         string[] memory signatures,\n5:         bytes[] memory calldatas,\n6:         string memory description\n7:     ) public returns (uint256) {\n8:         require(\n9:             token.getPriorVotes(msg.sender, sub256(block.number, 1)) > proposalThreshold(),\n10:             ""GovernorV1::propose: proposer votes below proposal threshold""\n11:         );\n12:         require(\n13:             targets.length == values.length &&\n14:             targets.length == signatures.length &&",i:propose,ambiguous,protected reentrancy-like pattern,external call plus guard/modifier/state-update signal,5
,DAPP::DAppSCAN-source/contracts/Inspex-SpookySwap Integration & Fantom Expansion/bsc-alpaca-contract-4553a34a6dcfcfbf7aebc693bb5c5c6074c73129::PancakeswapWorker,DAppSCAN-source/contracts/Inspex-SpookySwap Integration & Fantom Expansion/bsc-alpaca-contract-4553a34a6dcfcfbf7aebc693bb5c5c6074c73129/contracts/6/protocol/workers/pcs/PancakeswapWorker.sol,work,DAppSCAN-source/contracts/Inspex-SpookySwap Integration & Fantom Expansion/bsc-alpaca-contract-4553a34a6dcfcfbf7aebc693bb5c5c6074c73129/contracts/6/protocol/workers/pcs/PancakeswapWorker.sol#L180-L201,0.8241224324276422,0,,external call plus guard/modifier/state-update signal,require_assert_guard_before_call|nonreentrant_modifier|only_owner_or_access_control|callee_user_controlled|safe_erc20_wrapper|contract_many_risky_interactions|contract_modifier_access_summary|contract_inheritance_modifier_summary|access_control_signal,require_assert_guard_before_call|nonreentrant_modifier|only_owner_or_access_control|callee_user_controlled|safe_erc20_wrapper|contract_many_risky_interactions|contract_modifier_access_summary|contract_inheritance_modifier_summary,"L13: lpToken.transfer(strat, lpToken.balanceOf(address(this))),",,"nonReentrant/modifier | L11: require(okStrats[strat], ""PancakeswapWorker::work:: unapproved work strategy""); | function work(
    uint256 id,
    address user,
    uint256 debt,
    bytes calldata data
  ) external override onlyOperator nonReentrant","8:     _removeShare(id);\n9:     // 2. Perform the worker strategy; sending LP tokens + BaseToken; expecting LP tokens + BaseToken.\n10:     (address strat, bytes memory ext) = abi.decode(data, (address, bytes));\n11:     require(okStrats[strat], ""PancakeswapWorker::work:: unapproved work strategy"");\n12:     require(\n13:       lpToken.transfer(strat, lpToken.balanceOf(address(this))),\n14:       ""PancakeswapWorker::work:: unable to transfer lp to strat""\n15:     );\n16:     baseToken.safeTransfer(strat, baseToken.myBalance());\n17:     IStrategy(strat).execute(user, debt, ext);\n18:     // 3. Add LP tokens back to the farming pool.\n19:     _addShare(id);\n20:     // 4. Return any remaining BaseToken back to the operator.\n21:     baseToken.safeTransfer(msg.sender, baseToken.myBalance());",i:work,protected_negative,protected reentrancy-like pattern,external call plus guard/modifier/state-update signal,8
,DAPP::DAppSCAN-source/contracts/Inspex-Optimized Worker/bsc-alpaca-contract-1aee2ceec77e3fd3162b74858c846cdc5692928d::PancakeswapV2WorkerMigrate,DAppSCAN-source/contracts/Inspex-Optimized Worker/bsc-alpaca-contract-1aee2ceec77e3fd3162b74858c846cdc5692928d/contracts/6/protocol/workers/pcs/PancakeswapV2WorkerMigrate.sol,work,DAppSCAN-source/contracts/Inspex-Optimized Worker/bsc-alpaca-contract-1aee2ceec77e3fd3162b74858c846cdc5692928d/contracts/6/protocol/workers/pcs/PancakeswapV2WorkerMigrate.sol#L184-L205,0.8240734245268456,0,,external call plus guard/modifier/state-update signal,require_assert_guard_before_call|nonreentrant_modifier|only_owner_or_access_control|callee_user_controlled|safe_erc20_wrapper|contract_many_risky_interactions|contract_modifier_access_summary|contract_inheritance_modifier_summary|access_control_signal,require_assert_guard_before_call|nonreentrant_modifier|only_owner_or_access_control|callee_user_controlled|safe_erc20_wrapper|contract_many_risky_interactions|contract_modifier_access_summary|contract_inheritance_modifier_summary,"L13: lpToken.transfer(strat, lpToken.balanceOf(address(this))),",,"nonReentrant/modifier | L11: require(okStrats[strat], ""PancakeswapWorker::work:: unapproved work strategy""); | function work(
    uint256 id,
    address user,
    uint256 debt,
    bytes calldata data
  ) external override onlyOperator nonReentrant","8:     _removeShare(id);\n9:     // 2. Perform the worker strategy; sending LP tokens + BaseToken; expecting LP tokens + BaseToken.\n10:     (address strat, bytes memory ext) = abi.decode(data, (address, bytes));\n11:     require(okStrats[strat], ""PancakeswapWorker::work:: unapproved work strategy"");\n12:     require(\n13:       lpToken.transfer(strat, lpToken.balanceOf(address(this))),\n14:       ""PancakeswapWorker::work:: unable to transfer lp to strat""\n15:     );\n16:     baseToken.safeTransfer(strat, baseToken.myBalance());\n17:     IStrategy(strat).execute(user, debt, ext);\n18:     // 3. Add LP tokens back to the farming pool.\n19:     _addShare(id);\n20:     // 4. Return any remaining BaseToken back to the operator.\n21:     baseToken.safeTransfer(msg.sender, baseToken.myBalance());",i:work,protected_negative,protected reentrancy-like pattern,external call plus guard/modifier/state-update signal,8
,DAPP::DAppSCAN-source/contracts/Inspex-SpookySwap Integration & Fantom Expansion/bsc-alpaca-contract-4553a34a6dcfcfbf7aebc693bb5c5c6074c73129::PancakeswapV2WorkerMigrate,DAppSCAN-source/contracts/Inspex-SpookySwap Integration & Fantom Expansion/bsc-alpaca-contract-4553a34a6dcfcfbf7aebc693bb5c5c6074c73129/contracts/6/protocol/workers/pcs/PancakeswapV2WorkerMigrate.sol,work,DAppSCAN-source/contracts/Inspex-SpookySwap Integration & Fantom Expansion/bsc-alpaca-contract-4553a34a6dcfcfbf7aebc693bb5c5c6074c73129/contracts/6/protocol/workers/pcs/PancakeswapV2WorkerMigrate.sol#L184-L205,0.8240647139593568,0,,external call plus guard/modifier/state-update signal,require_assert_guard_before_call|nonreentrant_modifier|only_owner_or_access_control|callee_user_controlled|safe_erc20_wrapper|contract_many_risky_interactions|contract_modifier_access_summary|contract_inheritance_modifier_summary|access_control_signal,require_assert_guard_before_call|nonreentrant_modifier|only_owner_or_access_control|callee_user_controlled|safe_erc20_wrapper|contract_many_risky_interactions|contract_modifier_access_summary|contract_inheritance_modifier_summary,"L13: lpToken.transfer(strat, lpToken.balanceOf(address(this))),",,"nonReentrant/modifier | L11: require(okStrats[strat], ""PancakeswapWorker::work:: unapproved work strategy""); | function work(
    uint256 id,
    address user,
    uint256 debt,
    bytes calldata data
  ) external override onlyOperator nonReentrant","8:     _removeShare(id);\n9:     // 2. Perform the worker strategy; sending LP tokens + BaseToken; expecting LP tokens + BaseToken.\n10:     (address strat, bytes memory ext) = abi.decode(data, (address, bytes));\n11:     require(okStrats[strat], ""PancakeswapWorker::work:: unapproved work strategy"");\n12:     require(\n13:       lpToken.transfer(strat, lpToken.balanceOf(address(this))),\n14:       ""PancakeswapWorker::work:: unable to transfer lp to strat""\n15:     );\n16:     baseToken.safeTransfer(strat, baseToken.myBalance());\n17:     IStrategy(strat).execute(user, debt, ext);\n18:     // 3. Add LP tokens back to the farming pool.\n19:     _addShare(id);\n20:     // 4. Return any remaining BaseToken back to the operator.\n21:     baseToken.safeTransfer(msg.sender, baseToken.myBalance());",i:work,protected_negative,protected reentrancy-like pattern,external call plus guard/modifier/state-update signal,8
,DAPP::DAppSCAN-source/contracts/Inspex-Optimized Worker/bsc-alpaca-contract-1aee2ceec77e3fd3162b74858c846cdc5692928d::PancakeswapWorker,DAppSCAN-source/contracts/Inspex-Optimized Worker/bsc-alpaca-contract-1aee2ceec77e3fd3162b74858c846cdc5692928d/contracts/6/protocol/workers/pcs/PancakeswapWorker.sol,work,DAppSCAN-source/contracts/Inspex-Optimized Worker/bsc-alpaca-contract-1aee2ceec77e3fd3162b74858c846cdc5692928d/contracts/6/protocol/workers/pcs/PancakeswapWorker.sol#L180-L201,0.8240489338334293,0,,external call plus guard/modifier/state-update signal,require_assert_guard_before_call|nonreentrant_modifier|only_owner_or_access_control|callee_user_controlled|safe_erc20_wrapper|contract_many_risky_interactions|contract_modifier_access_summary|contract_inheritance_modifier_summary|access_control_signal,require_assert_guard_before_call|nonreentrant_modifier|only_owner_or_access_control|callee_user_controlled|safe_erc20_wrapper|contract_many_risky_interactions|contract_modifier_access_summary|contract_inheritance_modifier_summary,"L13: lpToken.transfer(strat, lpToken.balanceOf(address(this))),",,"nonReentrant/modifier | L11: require(okStrats[strat], ""PancakeswapWorker::work:: unapproved work strategy""); | function work(
    uint256 id,
    address user,
    uint256 debt,
    bytes calldata data
  ) external override onlyOperator nonReentrant","8:     _removeShare(id);\n9:     // 2. Perform the worker strategy; sending LP tokens + BaseToken; expecting LP tokens + BaseToken.\n10:     (address strat, bytes memory ext) = abi.decode(data, (address, bytes));\n11:     require(okStrats[strat], ""PancakeswapWorker::work:: unapproved work strategy"");\n12:     require(\n13:       lpToken.transfer(strat, lpToken.balanceOf(address(this))),\n14:       ""PancakeswapWorker::work:: unable to transfer lp to strat""\n15:     );\n16:     baseToken.safeTransfer(strat, baseToken.myBalance());\n17:     IStrategy(strat).execute(user, debt, ext);\n18:     // 3. Add LP tokens back to the farming pool.\n19:     _addShare(id);\n20:     // 4. Return any remaining BaseToken back to the operator.\n21:     baseToken.safeTransfer(msg.sender, baseToken.myBalance());",i:work,protected_negative,protected reentrancy-like pattern,external call plus guard/modifier/state-update signal,8
,DAPP::DAppSCAN-source/contracts/Trail_of_Bits-Primitive/rmm-core-5dcf4306fc32fb9a4e3c154deb86f6b9d513c344::TestRouter,DAppSCAN-source/contracts/Trail_of_Bits-Primitive/rmm-core-5dcf4306fc32fb9a4e3c154deb86f6b9d513c344/contracts/test/TestRouter.sol,allocateCallback,DAppSCAN-source/contracts/Trail_of_Bits-Primitive/rmm-core-5dcf4306fc32fb9a4e3c154deb86f6b9d513c344/contracts/test/TestRouter.sol#L9-L33,0.8235320347868385,0,,external call plus guard/modifier/state-update signal,state_update_before_external_call|state_update_after_external_call|trusted_or_fixed_callee|contract_many_risky_interactions|contract_inheritance_modifier_summary,state_update_before_external_call|state_update_after_external_call|trusted_or_fixed_callee|contract_many_risky_interactions|contract_inheritance_modifier_summary,,L9: address token0 = risky();,,"1: function allocateCallback(\n2:         uint256 delRisky,\n3:         uint256 delStable,\n4:         bytes calldata data\n5:     ) public {\n6:         data;\n7: \n8:         if (scenario == Scenario.FAIL) return;\n9:         address token0 = risky();\n10:         address token1 = stable();\n11:         address from = getCaller();\n12: \n13:         if (scenario == Scenario.SUCCESS) {\n14:             IERC20(token0).transferFrom(from, msg.sender, delRisky);",i:allocateCallback,ambiguous,protected reentrancy-like pattern,external call plus guard/modifier/state-update signal,5
,"DAPP::DAppSCAN-source/contracts/Inspex-FairLaunch, Token, Vault & Workers/Meow-Finance-4a4f13efaf5e5fbed74c0ed23b665751e655d715::QuickswapWorker","DAppSCAN-source/contracts/Inspex-FairLaunch, Token, Vault & Workers/Meow-Finance-4a4f13efaf5e5fbed74c0ed23b665751e655d715/contracts/protocol/workers/QuickswapWorker.sol",work,"DAppSCAN-source/contracts/Inspex-FairLaunch, Token, Vault & Workers/Meow-Finance-4a4f13efaf5e5fbed74c0ed23b665751e655d715/contracts/protocol/workers/QuickswapWorker.sol#L183-L207",0.8226182297703936,0,,external call plus guard/modifier/state-update signal,require_assert_guard_before_call|nonreentrant_modifier|only_owner_or_access_control|callee_user_controlled|safe_erc20_wrapper|contract_many_risky_interactions|contract_modifier_access_summary|contract_inheritance_modifier_summary|access_control_signal,require_assert_guard_before_call|nonreentrant_modifier|only_owner_or_access_control|callee_user_controlled|safe_erc20_wrapper|contract_many_risky_interactions|contract_modifier_access_summary|contract_inheritance_modifier_summary,"L16: lpToken.transfer(strat, lpToken.balanceOf(address(this))),",,"nonReentrant/modifier | L14: require(okStrats[strat], ""QuickswapWorker::work:: unapproved work strategy""); | function work(
    uint256 id,
    address user,
    uint256 debt,
    bytes calldata data
  ) external override onlyOperator nonReentrant","11:       data,\n12:       (uint256, uint256, uint256, uint256, uint256, address, bytes)\n13:     );\n14:     require(okStrats[strat], ""QuickswapWorker::work:: unapproved work strategy"");\n15:     require(\n16:       lpToken.transfer(strat, lpToken.balanceOf(address(this))),\n17:       ""QuickswapWorker::work:: unable to transfer lp to strat""\n18:     );\n19:     baseToken.safeTransfer(strat, baseToken.myBalance());\n20:     IStrategy(strat).execute(user, debt, ext);\n21:     // 3. Add LP tokens back to the farming pool.\n22:     _addShare(id);\n23:     // 4. Return any remaining BaseToken back to the operator.\n24:     baseToken.safeTransfer(msg.sender, baseToken.myBalance());",i:work,protected_negative,protected reentrancy-like pattern,external call plus guard/modifier/state-update signal,8
,DAPP::DAppSCAN-source/contracts/Chainsulting-Furucombo-project2/trevi-b3f7fd332873321152db48c9d43fc23a60a29f1a::HarvestPermit,DAppSCAN-source/contracts/Chainsulting-Furucombo-project2/trevi-b3f7fd332873321152db48c9d43fc23a60a29f1a/contracts/HarvestPermit.sol,permit,DAppSCAN-source/contracts/Chainsulting-Furucombo-project2/trevi-b3f7fd332873321152db48c9d43fc23a60a29f1a/contracts/HarvestPermit.sol#L42-L73,0.8220405455873668,0,,external call plus guard/modifier/state-update signal,require_assert_guard_before_call|trusted_or_fixed_callee|contract_many_risky_interactions|contract_modifier_access_summary|contract_inheritance_modifier_summary,require_assert_guard_before_call|trusted_or_fixed_callee|contract_many_risky_interactions|contract_modifier_access_summary|contract_inheritance_modifier_summary,,L13: bytes32 structHash =,"L11: require(block.timestamp <= deadline, ""ERC20Permit: expired deadline"");","1: function permit(\n2:         address owner,\n3:         address spender,\n4:         uint256 value,\n5:         uint256 deadline,\n6:         uint8 v,\n7:         bytes32 r,\n8:         bytes32 s\n9:     ) public virtual override {\n10:         // solhint-disable-next-line not-rely-on-time\n11:         require(block.timestamp <= deadline, ""ERC20Permit: expired deadline"");\n12: \n13:         bytes32 structHash =\n14:             keccak256(",i:permit,ambiguous,protected reentrancy-like pattern,external call plus guard/modifier/state-update signal,5
,DAPP::DAppSCAN-source/contracts/PeckShield-DSG/core-6f607f77698936e132e4e9b5cb4d75580636d919::vDSGToken,DAppSCAN-source/contracts/PeckShield-DSG/core-6f607f77698936e132e4e9b5cb4d75580636d919/contracts/token/vDSGToken.sol,_updateAlpha,DAppSCAN-source/contracts/PeckShield-DSG/core-6f607f77698936e132e4e9b5cb4d75580636d919/contracts/token/vDSGToken.sol#L381-L396,0.8202493543272381,0,,external call plus guard/modifier/state-update signal,state_update_before_external_call|state_update_after_external_call|require_assert_guard_before_call|callee_user_controlled|contract_modifier_access_summary,state_update_before_external_call|state_update_after_external_call|require_assert_guard_before_call|callee_user_controlled|contract_modifier_access_summary,,L3: uint256 newTotalDistribution = curDistribution.add(_totalBlockDistribution);,"L4: require(newAlpha <= uint112(-1) && newTotalDistribution <= uint112(-1), ""OVERFLOW"");","1: function _updateAlpha() internal {\n2:         (uint256 newAlpha, uint256 curDistribution) = getLatestAlpha();\n3:         uint256 newTotalDistribution = curDistribution.add(_totalBlockDistribution);\n4:         require(newAlpha <= uint112(-1) && newTotalDistribution <= uint112(-1), ""OVERFLOW"");\n5:         alpha = uint112(newAlpha);\n6:         _totalBlockDistribution = uint112(newTotalDistribution);\n7:         _lastRewardBlock = uint32(block.number);\n8: \n9:         if( curDistribution > 0) {\n10:             IDsgToken(_dsgToken).mint(address(this), curDistribution);\n11: \n12:             _totalBlockReward = _totalBlockReward.add(curDistribution);\n13:             emit PreDeposit(curDistribution);\n14:         }",i:_updateAlpha,ambiguous,protected reentrancy-like pattern,external call plus guard/modifier/state-update signal,5
,DAPP::DAppSCAN-source/contracts/PeckShield-Convex_Frax/frax-cvx-platform-2f8573ee796daa022c1050b4a749bf08049c439b::FraxUnifiedFarm_UniV3,DAppSCAN-source/contracts/PeckShield-Convex_Frax/frax-cvx-platform-2f8573ee796daa022c1050b4a749bf08049c439b/contracts/references/FraxPool_UniV3.sol,_stakeLocked,DAppSCAN-source/contracts/PeckShield-Convex_Frax/frax-cvx-platform-2f8573ee796daa022c1050b4a749bf08049c439b/contracts/references/FraxPool_UniV3.sol#L361-L403,0.8172633577297398,0,,external call plus guard/modifier/state-update signal,state_update_before_external_call|state_update_after_external_call|require_assert_guard_before_call|callee_user_controlled|safe_erc20_wrapper|contract_many_risky_interactions|contract_inheritance_modifier_summary,state_update_before_external_call|state_update_after_external_call|require_assert_guard_before_call|callee_user_controlled|safe_erc20_wrapper|contract_many_risky_interactions|contract_inheritance_modifier_summary,"L29: stakingTokenNFT.safeTransferFrom(source_address, address(this), token_id);",L14: uint256 lock_multiplier = lockMultiplier(secs);,"L8: require(stakingPaused == false || valid_migrators[msg.sender] == true, ""Staking paused or in migration"");","24:                 )\n25:             );\n26:         }\n27: \n28:         // Pull the tokens from the source_address\n29:         stakingTokenNFT.safeTransferFrom(source_address, address(this), token_id);\n30: \n31:         // Update liquidities\n32:         _total_liquidity_locked += liquidity;\n33:         _locked_liquidity[staker_address] += liquidity;\n34:         {\n35:             address the_proxy = getProxyFor(staker_address);\n36:             if (the_proxy != address(0)) proxy_lp_balances[the_proxy] += liquidity;\n37:         }",i:_stakeLocked,protected_negative,protected reentrancy-like pattern,external call plus guard/modifier/state-update signal,7
,DAPP::DAppSCAN-source/contracts/PeckShield-Convex_Frax/frax-cvx-platform-2f8573ee796daa022c1050b4a749bf08049c439b::FraxUnifiedFarm_ERC20_Vesper_Orbit_FRAX,DAppSCAN-source/contracts/PeckShield-Convex_Frax/frax-cvx-platform-2f8573ee796daa022c1050b4a749bf08049c439b/contracts/references/FraxPool_ERC20.sol,_stakeLocked,DAppSCAN-source/contracts/PeckShield-Convex_Frax/frax-cvx-platform-2f8573ee796daa022c1050b4a749bf08049c439b/contracts/references/FraxPool_ERC20.sol#L1257-L1297,0.8161410152846675,0,,external call plus guard/modifier/state-update signal,state_update_before_external_call|state_update_after_external_call|require_assert_guard_before_call|safe_erc20_wrapper|contract_many_risky_interactions|contract_inheritance_modifier_summary,state_update_before_external_call|state_update_after_external_call|require_assert_guard_before_call|safe_erc20_wrapper|contract_many_risky_interactions|contract_inheritance_modifier_summary,"L14: TransferHelper.safeTransferFrom(address(stakingToken), source_address, address(this), liquidity);",L17: uint256 lock_multiplier = lockMultiplier(secs);,"L8: require(stakingPaused == false || valid_migrators[msg.sender] == true, ""Staking paused or in migration"");","9:         require(secs >= lock_time_min, ""Minimum stake time not met"");\n10:         require(secs <= lock_time_for_max_multiplier,""Trying to lock for too long"");\n11: \n12:         // Pull in the required token(s)\n13:         // Varies per farm\n14:         TransferHelper.safeTransferFrom(address(stakingToken), source_address, address(this), liquidity);\n15: \n16:         // Get the lock multiplier and kek_id\n17:         uint256 lock_multiplier = lockMultiplier(secs);\n18:         bytes32 kek_id = keccak256(abi.encodePacked(staker_address, start_timestamp, liquidity, _locked_liquidity[staker_address]));\n19: \n20:         // Create the locked stake\n21:         lockedStakes[staker_address].push(LockedStake(\n22:             kek_id,",i:_stakeLocked,protected_negative,protected reentrancy-like pattern,external call plus guard/modifier/state-update signal,6
,DAPP::DAppSCAN-source/contracts/PeckShield-Convex_Frax/frax-cvx-platform-2f8573ee796daa022c1050b4a749bf08049c439b::FraxUnifiedFarm_ERC20,DAppSCAN-source/contracts/PeckShield-Convex_Frax/frax-cvx-platform-2f8573ee796daa022c1050b4a749bf08049c439b/contracts/references/FraxPool_ERC20.sol,_stakeLocked,DAppSCAN-source/contracts/PeckShield-Convex_Frax/frax-cvx-platform-2f8573ee796daa022c1050b4a749bf08049c439b/contracts/references/FraxPool_ERC20.sol#L1257-L1297,0.8161401387743286,0,,external call plus guard/modifier/state-update signal,state_update_before_external_call|state_update_after_external_call|require_assert_guard_before_call|safe_erc20_wrapper|contract_many_risky_interactions|contract_inheritance_modifier_summary,state_update_before_external_call|state_update_after_external_call|require_assert_guard_before_call|safe_erc20_wrapper|contract_many_risky_interactions|contract_inheritance_modifier_summary,"L14: TransferHelper.safeTransferFrom(address(stakingToken), source_address, address(this), liquidity);",L17: uint256 lock_multiplier = lockMultiplier(secs);,"L8: require(stakingPaused == false || valid_migrators[msg.sender] == true, ""Staking paused or in migration"");","9:         require(secs >= lock_time_min, ""Minimum stake time not met"");\n10:         require(secs <= lock_time_for_max_multiplier,""Trying to lock for too long"");\n11: \n12:         // Pull in the required token(s)\n13:         // Varies per farm\n14:         TransferHelper.safeTransferFrom(address(stakingToken), source_address, address(this), liquidity);\n15: \n16:         // Get the lock multiplier and kek_id\n17:         uint256 lock_multiplier = lockMultiplier(secs);\n18:         bytes32 kek_id = keccak256(abi.encodePacked(staker_address, start_timestamp, liquidity, _locked_liquidity[staker_address]));\n19: \n20:         // Create the locked stake\n21:         lockedStakes[staker_address].push(LockedStake(\n22:             kek_id,",i:_stakeLocked,protected_negative,protected reentrancy-like pattern,external call plus guard/modifier/state-update signal,6
top50_weak_or_no_safety,DAPP::DAppSCAN-source/contracts/QuillAudits-Alium Finance Smart Contract/alium-farm-e37d6af39af68049c2684085f025385407b4bd55::WBNB,DAppSCAN-source/contracts/QuillAudits-Alium Finance Smart Contract/alium-farm-e37d6af39af68049c2684085f025385407b4bd55/contracts/libs/WBNB.sol,withdraw,DAppSCAN-source/contracts/QuillAudits-Alium Finance Smart Contract/alium-farm-e37d6af39af68049c2684085f025385407b4bd55/contracts/libs/WBNB.sol#L23-L28,0.8159537263287734,0,,external call plus guard/modifier/state-update signal,require_assert_guard_before_call,require_assert_guard_before_call,L4: msg.sender.transfer(wad);,L3: balanceOf[msg.sender] -= wad;,L2: require(balanceOf[msg.sender] >= wad);,"1: function withdraw(uint wad) public {\n2:         require(balanceOf[msg.sender] >= wad);\n3:         balanceOf[msg.sender] -= wad;\n4:         msg.sender.transfer(wad);\n5:         emit Withdrawal(msg.sender, wad);\n6:     }",i:withdraw,ambiguous,protected reentrancy-like pattern,external call plus guard/modifier/state-update signal,1
top50_weak_or_no_safety,DAPP::DAppSCAN-source/contracts/Trail_of_Bits-YieldProtocol/fyDai-4422fda75931f2bfea49f5041ec90dc026e5c03d::WETH9,DAppSCAN-source/contracts/Trail_of_Bits-YieldProtocol/fyDai-4422fda75931f2bfea49f5041ec90dc026e5c03d/contracts/external/maker/weth.sol,withdraw,DAppSCAN-source/contracts/Trail_of_Bits-YieldProtocol/fyDai-4422fda75931f2bfea49f5041ec90dc026e5c03d/contracts/external/maker/weth.sol#L39-L44,0.8159536368185285,0,,external call plus guard/modifier/state-update signal,require_assert_guard_before_call,require_assert_guard_before_call,L4: msg.sender.transfer(wad);,L3: balanceOf[msg.sender] -= wad;,L2: require(balanceOf[msg.sender] >= wad);,"1: function withdraw(uint wad) public {\n2:         require(balanceOf[msg.sender] >= wad);\n3:         balanceOf[msg.sender] -= wad;\n4:         msg.sender.transfer(wad);\n5:         emit Withdrawal(msg.sender, wad);\n6:     }",i:withdraw,ambiguous,protected reentrancy-like pattern,external call plus guard/modifier/state-update signal,1
top50_weak_or_no_safety,DAPP::DAppSCAN-source/contracts/PeckShield-BabySwap/code::WBNB,DAppSCAN-source/contracts/PeckShield-BabySwap/code/baby-swap-contract-cac289bf978d969c95721c2adb9f199cee72ffa6/contracts/token/WBNB.sol,withdraw,DAppSCAN-source/contracts/PeckShield-BabySwap/code/baby-swap-contract-cac289bf978d969c95721c2adb9f199cee72ffa6/contracts/token/WBNB.sol#L33-L38,0.8159536010144213,0,,external call plus guard/modifier/state-update signal,require_assert_guard_before_call,require_assert_guard_before_call,L4: msg.sender.transfer(wad);,L3: balanceOf[msg.sender] -= wad;,L2: require(balanceOf[msg.sender] >= wad);,"1: function withdraw(uint wad) public {\n2:         require(balanceOf[msg.sender] >= wad);\n3:         balanceOf[msg.sender] -= wad;\n4:         msg.sender.transfer(wad);\n5:         emit Withdrawal(msg.sender, wad);\n6:     }",i:withdraw,ambiguous,protected reentrancy-like pattern,external call plus guard/modifier/state-update signal,1
top50_weak_or_no_safety,DAPP::DAppSCAN-source/contracts/PeckShield-AirSwap/airswap-protocols-b87d292aaf6e28ede564b7ea28ece39219994607::WETH9,DAppSCAN-source/contracts/PeckShield-AirSwap/airswap-protocols-b87d292aaf6e28ede564b7ea28ece39219994607/source/tokens/contracts/WETH9.sol,withdraw,DAppSCAN-source/contracts/PeckShield-AirSwap/airswap-protocols-b87d292aaf6e28ede564b7ea28ece39219994607/source/tokens/contracts/WETH9.sol#L41-L46,0.8159536010144213,0,,external call plus guard/modifier/state-update signal,require_assert_guard_before_call,require_assert_guard_before_call,L4: msg.sender.transfer(wad);,L3: balanceOf[msg.sender] -= wad;,L2: require(balanceOf[msg.sender] >= wad);,"1: function withdraw(uint wad) public {\n2:         require(balanceOf[msg.sender] >= wad);\n3:         balanceOf[msg.sender] -= wad;\n4:         msg.sender.transfer(wad);\n5:         emit Withdrawal(msg.sender, wad);\n6:     }",i:withdraw,ambiguous,protected reentrancy-like pattern,external call plus guard/modifier/state-update signal,1
,DAPP::DAppSCAN-source/contracts/Trail_of_Bits-FraxFinance/frax-solidity-3f0993a70e3496fd27887db7754d68709c84015e::MigratableFarmBSC_FRAX_FXS,DAppSCAN-source/contracts/Trail_of_Bits-FraxFinance/frax-solidity-3f0993a70e3496fd27887db7754d68709c84015e/contracts/__BSC/Staking/Variants/MigratableFarmBSC_FRAX_FXS.sol,_stake,DAppSCAN-source/contracts/Trail_of_Bits-FraxFinance/frax-solidity-3f0993a70e3496fd27887db7754d68709c84015e/contracts/__BSC/Staking/Variants/MigratableFarmBSC_FRAX_FXS.sol#L305-L322,0.8155536194597438,0,,external call plus guard/modifier/state-update signal,state_update_before_external_call|state_update_after_external_call|require_assert_guard_before_call|nonreentrant_modifier|safe_erc20_wrapper|contract_many_risky_interactions|contract_modifier_access_summary|contract_inheritance_modifier_summary,state_update_before_external_call|state_update_after_external_call|require_assert_guard_before_call|nonreentrant_modifier|safe_erc20_wrapper|contract_many_risky_interactions|contract_modifier_access_summary|contract_inheritance_modifier_summary,"L7: TransferHelper.safeTransferFrom(address(stakingToken), source_address, address(this), amount);",L10: _staking_token_supply = _staking_token_supply.add(amount);,"nonReentrant/modifier | L2: require((paused == false && migrationsOn == false) || valid_migrators[msg.sender] == true, ""Staking is paused, or migration is happening"");","2:         require((paused == false && migrationsOn == false) || valid_migrators[msg.sender] == true, ""Staking is paused, or migration is happening"");\n3:         require(amount > 0, ""Cannot stake 0"");\n4:         require(greylist[staker_address] == false, ""address has been greylisted"");\n5: \n6:         // Pull the tokens from the source_address\n7:         TransferHelper.safeTransferFrom(address(stakingToken), source_address, address(this), amount);\n8: \n9:         // Staking token supply and boosted supply\n10:         _staking_token_supply = _staking_token_supply.add(amount);\n11:         _staking_token_boosted_supply = _staking_token_boosted_supply.add(amount);\n12: \n13:         // Staking token balance and boosted balance\n14:         _unlocked_balances[staker_address] = _unlocked_balances[staker_address].add(amount);\n15:         _boosted_balances[staker_address] = _boosted_balances[staker_address].add(amount);",i:_stake,protected_negative,protected reentrancy-like pattern,external call plus guard/modifier/state-update signal,8
,DAPP::DAppSCAN-source/contracts/Trail_of_Bits-FraxFinance/frax-solidity-3f0993a70e3496fd27887db7754d68709c84015e::MigratableFarmBSC,DAppSCAN-source/contracts/Trail_of_Bits-FraxFinance/frax-solidity-3f0993a70e3496fd27887db7754d68709c84015e/contracts/__BSC/Staking/MigratableFarmBSC.sol,_stake,DAppSCAN-source/contracts/Trail_of_Bits-FraxFinance/frax-solidity-3f0993a70e3496fd27887db7754d68709c84015e/contracts/__BSC/Staking/MigratableFarmBSC.sol#L305-L322,0.8155528125108967,0,,external call plus guard/modifier/state-update signal,state_update_before_external_call|state_update_after_external_call|require_assert_guard_before_call|nonreentrant_modifier|safe_erc20_wrapper|contract_many_risky_interactions|contract_modifier_access_summary|contract_inheritance_modifier_summary,state_update_before_external_call|state_update_after_external_call|require_assert_guard_before_call|nonreentrant_modifier|safe_erc20_wrapper|contract_many_risky_interactions|contract_modifier_access_summary|contract_inheritance_modifier_summary,"L7: TransferHelper.safeTransferFrom(address(stakingToken), source_address, address(this), amount);",L10: _staking_token_supply = _staking_token_supply.add(amount);,"nonReentrant/modifier | L2: require((paused == false && migrationsOn == false) || valid_migrators[msg.sender] == true, ""Staking is paused, or migration is happening"");","2:         require((paused == false && migrationsOn == false) || valid_migrators[msg.sender] == true, ""Staking is paused, or migration is happening"");\n3:         require(amount > 0, ""Cannot stake 0"");\n4:         require(greylist[staker_address] == false, ""address has been greylisted"");\n5: \n6:         // Pull the tokens from the source_address\n7:         TransferHelper.safeTransferFrom(address(stakingToken), source_address, address(this), amount);\n8: \n9:         // Staking token supply and boosted supply\n10:         _staking_token_supply = _staking_token_supply.add(amount);\n11:         _staking_token_boosted_supply = _staking_token_boosted_supply.add(amount);\n12: \n13:         // Staking token balance and boosted balance\n14:         _unlocked_balances[staker_address] = _unlocked_balances[staker_address].add(amount);\n15:         _boosted_balances[staker_address] = _boosted_balances[staker_address].add(amount);",i:_stake,protected_negative,protected reentrancy-like pattern,external call plus guard/modifier/state-update signal,8
,DAPP::DAppSCAN-source/contracts/Trail_of_Bits-88mph/88mph-contracts-76cd9d1fc45e65f5d0f686621fe6af85c40aa140::AaveMarket,DAppSCAN-source/contracts/Trail_of_Bits-88mph/88mph-contracts-76cd9d1fc45e65f5d0f686621fe6af85c40aa140/contracts/moneymarkets/aave/AaveMarket.sol,deposit,DAppSCAN-source/contracts/Trail_of_Bits-88mph/88mph-contracts-76cd9d1fc45e65f5d0f686621fe6af85c40aa140/contracts/moneymarkets/aave/AaveMarket.sol#L54-L72,0.81465771819356,0,,external call plus guard/modifier/state-update signal,require_assert_guard_before_call|only_owner_or_access_control|safe_erc20_wrapper|contract_modifier_access_summary|contract_inheritance_modifier_summary|access_control_signal,require_assert_guard_before_call|only_owner_or_access_control|safe_erc20_wrapper|contract_modifier_access_summary|contract_inheritance_modifier_summary,"L7: stablecoin.safeTransferFrom(msg.sender, address(this), amount);",L4: ILendingPool lendingPool = ILendingPool(provider.getLendingPool());,"L2: require(amount > 0, ""AaveMarket: amount is 0""); | function deposit(uint256 amount) external override onlyOwner","2:         require(amount > 0, ""AaveMarket: amount is 0"");\n3: \n4:         ILendingPool lendingPool = ILendingPool(provider.getLendingPool());\n5: \n6:         // Transfer `amount` stablecoin from `msg.sender`\n7:         stablecoin.safeTransferFrom(msg.sender, address(this), amount);\n8: \n9:         // Approve `amount` stablecoin to lendingPool\n10:         stablecoin.safeApprove(address(lendingPool), amount);\n11: \n12:         // Deposit `amount` stablecoin to lendingPool\n13:         lendingPool.deposit(\n14:             address(stablecoin),\n15:             amount,",i:deposit,protected_negative,protected reentrancy-like pattern,external call plus guard/modifier/state-update signal,5
,DAPP::DAppSCAN-source/contracts/Chainsecurity-Compound  cToken unredacted/compound-protocol-4a54ec5c55b66ea67d44b76f3056f0ed7229db8c::CTokenCollateral,DAppSCAN-source/contracts/Chainsecurity-Compound  cToken unredacted/compound-protocol-4a54ec5c55b66ea67d44b76f3056f0ed7229db8c/spec/certora/contracts/CTokenCollateral.sol,liquidateBorrowInternal,DAppSCAN-source/contracts/Chainsecurity-Compound  cToken unredacted/compound-protocol-4a54ec5c55b66ea67d44b76f3056f0ed7229db8c/spec/certora/contracts/CTokenCollateral.sol#L724-L739,0.8146544422671712,0,,external call plus guard/modifier/state-update signal,require_assert_guard_before_call|nonreentrant_modifier|callee_user_controlled|contract_many_risky_interactions|contract_modifier_access_summary|contract_inheritance_modifier_summary,require_assert_guard_before_call|nonreentrant_modifier|callee_user_controlled|contract_many_risky_interactions|contract_modifier_access_summary|contract_inheritance_modifier_summary,,L2: uint error = accrueInterest();,nonReentrant/modifier | L5: revert LiquidateAccrueBorrowInterestFailed(error);,"1: function liquidateBorrowInternal(address borrower, uint repayAmount, CTokenInterface cTokenCollateral) internal nonReentrant {\n2:         uint error = accrueInterest();\n3:         if (error != NO_ERROR) {\n4:             // accrueInterest emits logs on errors, but we still want to log the fact that an attempted liquidation failed\n5:             revert LiquidateAccrueBorrowInterestFailed(error);\n6:         }\n7: \n8:         error = cTokenCollateral.accrueInterest();\n9:         if (error != NO_ERROR) {\n10:             // accrueInterest emits logs on errors, but we still want to log the fact that an attempted liquidation failed\n11:             revert LiquidateAccrueCollateralInterestFailed(error);\n12:         }\n13: \n14:         // liquidateBorrowFresh emits borrow-specific logs on errors, so we don't need to",i:liquidateBorrowInternal,protected_negative,protected reentrancy-like pattern,external call plus guard/modifier/state-update signal,6
top50_highest_score,DAPP::DAppSCAN-source/contracts/Trail_of_Bits-FujiProtocol/fuji-protocol-933ea57b11889d87744efa23e95c90b7bf589402::Fliquidator,DAppSCAN-source/contracts/Trail_of_Bits-FujiProtocol/fuji-protocol-933ea57b11889d87744efa23e95c90b7bf589402/contracts/Fliquidator.sol,batchLiquidate,DAppSCAN-source/contracts/Trail_of_Bits-FujiProtocol/fuji-protocol-933ea57b11889d87744efa23e95c90b7bf589402/contracts/Fliquidator.sol#L86-L151,0.9847546359032936,0,,external call plus guard/modifier/state-update signal,nonreentrant_modifier|trusted_or_fixed_callee|safe_erc20_wrapper|contract_modifier_access_summary|contract_inheritance_modifier_summary,nonreentrant_modifier|trusted_or_fixed_callee|safe_erc20_wrapper|contract_modifier_access_summary|contract_inheritance_modifier_summary,"L32: IERC20(vAssets.borrowAsset).safeTransferFrom(msg.sender, _vault, debtTotal);",L7: IVaultControl.VaultAssets memory vAssets = IVaultControl(_vault).vAssets();,nonReentrant/modifier,"27:         IERC20(vAssets.borrowAsset).allowance(msg.sender, address(this)) >= debtTotal,\n28:         Errors.VL_MISSING_ERC20_ALLOWANCE\n29:       );\n30: \n31:       // Transfer borrowAsset funds from the Liquidator to Vault\n32:       IERC20(vAssets.borrowAsset).safeTransferFrom(msg.sender, _vault, debtTotal);\n33:     }\n34: \n35:     // Repay BaseProtocol debt\n36:     uint256 _value = vAssets.borrowAsset == ETH ? debtTotal : 0;\n37:     IVault(_vault).paybackLiq{ value: _value }(addrs, debtTotal);\n38: \n39:     // Compute liquidator's bonus: bonusL\n40:     uint256 bonus = IVault(_vault).getLiquidationBonusFor(debtTotal);",i:batchLiquidate,protected_negative,protected reentrancy-like pattern,external call plus guard/modifier/state-update signal,5
top50_highest_score|top50_weak_or_no_safety,DAPP::DAppSCAN-source/contracts/PeckShield-TranchessV1.1/contract-core-68a86350313c1cb9e5467e791d3e9efaf228a0df::ExchangeV2,DAppSCAN-source/contracts/PeckShield-TranchessV1.1/contract-core-68a86350313c1cb9e5467e791d3e9efaf228a0df/contracts/exchange/ExchangeV2.sol,_initializeStaking,DAppSCAN-source/contracts/PeckShield-TranchessV1.1/contract-core-68a86350313c1cb9e5467e791d3e9efaf228a0df/contracts/exchange/ExchangeV2.sol#L131-L135,0.9818597053142305,0,,external call plus guard/modifier/state-update signal,state_update_before_external_call|require_assert_guard_before_call|contract_inheritance_modifier_summary,state_update_before_external_call|require_assert_guard_before_call|contract_inheritance_modifier_summary,,L3: _checkpointTimestamp = block.timestamp;,L2: require(_checkpointTimestamp == 0);,1: function _initializeStaking() internal {\n2:         require(_checkpointTimestamp == 0);\n3:         _checkpointTimestamp = block.timestamp;\n4:         _rate = IChessSchedule(chessSchedule).getRate(block.timestamp);\n5:     },i:_initializeStaking,ambiguous,protected reentrancy-like pattern,external call plus guard/modifier/state-update signal,3
top50_highest_score,DAPP::DAppSCAN-source/contracts/QuillAudits-GearBox Protocol-GearBox Protocol/gearbox-contracts-0ac33ba87212ce056ac6b6357ad74161d417158a::CreditManager,DAppSCAN-source/contracts/QuillAudits-GearBox Protocol-GearBox Protocol/gearbox-contracts-0ac33ba87212ce056ac6b6357ad74161d417158a/contracts/credit/CreditManager.sol,openCreditAccount,DAppSCAN-source/contracts/QuillAudits-GearBox Protocol-GearBox Protocol/gearbox-contracts-0ac33ba87212ce056ac6b6357ad74161d417158a/contracts/credit/CreditManager.sol#L161-L233,0.9794524906369877,0,,external call plus guard/modifier/state-update signal,require_assert_guard_before_call|nonreentrant_modifier|callee_user_controlled|trusted_or_fixed_callee|safe_erc20_wrapper|contract_modifier_access_summary|contract_inheritance_modifier_summary,require_assert_guard_before_call|nonreentrant_modifier|callee_user_controlled|trusted_or_fixed_callee|safe_erc20_wrapper|contract_modifier_access_summary|contract_inheritance_modifier_summary,L49: IERC20(underlyingToken).safeTransferFrom(,L30: // borrowedAmount = amount * leverageFactor,nonReentrant/modifier | L13: require(,"44:             borrowedAmount,\n45:             creditAccount\n46:         ); // T:[CM-7]\n47: \n48:         // Transfer borrower own fund to credit account\n49:         IERC20(underlyingToken).safeTransferFrom(\n50:             msg.sender,\n51:             creditAccount,\n52:             amount\n53:         ); // T:[CM-6]\n54: \n55:         // Set parameters for new credit account\n56:         ICreditAccount(creditAccount).setGenericParameters(\n57:             borrowedAmount,",i:openCreditAccount,protected_negative,protected reentrancy-like pattern,external call plus guard/modifier/state-update signal,7
top50_highest_score,DAPP::DAppSCAN-source/contracts/PeckShield-Tranchessv1.0/contract-core-5ac3d997da3ef37b0135565a11c5ebcc519862aa::Exchange,DAppSCAN-source/contracts/PeckShield-Tranchessv1.0/contract-core-5ac3d997da3ef37b0135565a11c5ebcc519862aa/contracts/exchange/Exchange.sol,_buy,DAppSCAN-source/contracts/PeckShield-Tranchessv1.0/contract-core-5ac3d997da3ef37b0135565a11c5ebcc519862aa/contracts/exchange/Exchange.sol#L611-L731,0.9787942113594686,0,,external call plus guard/modifier/state-update signal,require_assert_guard_before_call|callee_user_controlled|contract_many_risky_interactions|contract_inheritance_modifier_summary,require_assert_guard_before_call|callee_user_controlled|contract_many_risky_interactions|contract_inheritance_modifier_summary,,L13: uint256 epoch = endOfEpoch(block.timestamp);,"L8: require(maxPDLevel > 0 && maxPDLevel <= PD_LEVEL_COUNT, ""Invalid premium-discount level"");","1: function _buy(\n2:         uint256 version,\n3:         uint256 tranche,\n4:         uint256 maxPDLevel,\n5:         uint256 estimatedNav,\n6:         uint256 quoteAmount\n7:     ) internal onlyActive {\n8:         require(maxPDLevel > 0 && maxPDLevel <= PD_LEVEL_COUNT, ""Invalid premium-discount level"");\n9:         require(version == fund.getRebalanceSize(), ""Invalid version"");\n10:         require(estimatedNav > 0, ""Zero estimated NAV"");\n11: \n12:         UnsettledBuyTrade memory totalTrade;\n13:         uint256 epoch = endOfEpoch(block.timestamp);\n14: ",i:_buy,ambiguous,protected reentrancy-like pattern,external call plus guard/modifier/state-update signal,4
top50_highest_score,DAPP::DAppSCAN-source/contracts/PeckShield-Donut/crossroad-550a8c3c010dc8c1a46ea9191d3841462bd58d82::Crossroad,DAppSCAN-source/contracts/PeckShield-Donut/crossroad-550a8c3c010dc8c1a46ea9191d3841462bd58d82/contracts/Crossroad.sol,cancelOrder,DAppSCAN-source/contracts/PeckShield-Donut/crossroad-550a8c3c010dc8c1a46ea9191d3841462bd58d82/contracts/Crossroad.sol#L485-L527,0.9785034815241731,0,,external call plus guard/modifier/state-update signal,require_assert_guard_before_call|trusted_or_fixed_callee|safe_erc20_wrapper|contract_inheritance_modifier_summary,require_assert_guard_before_call|trusted_or_fixed_callee|safe_erc20_wrapper|contract_inheritance_modifier_summary,"L37: IERC20(order.tokenIn).safeTransfer(order.poster,_amountIn);",L7: Order storage order = orders[_orderId];,"L5: require(_orderId != 0 && _orderId <= orderCount, ""Crossroad: Invalid order"");","32:             {\n33:                 TransferHelper.safeTransferETH(order.poster,_amountIn);\n34:             }\n35:             else\n36:             {\n37:                 IERC20(order.tokenIn).safeTransfer(order.poster,_amountIn);\n38:             }\n39:         }\n40: \n41:         // refund any remaining reward\n42:         IERC20(order.tokenReward).safeTransfer(order.poster,_amountReward);\n43:     }",i:cancelOrder,protected_negative,protected reentrancy-like pattern,external call plus guard/modifier/state-update signal,4
top50_highest_score,DAPP::DAppSCAN-source/contracts/Trail_of_Bits-setprotocol/set-protocol-contracts-b4acf144c10b1d9f3ecde4ee2820931df1cb8e4a::RebalancingSetExchangeIssuanceModule,DAppSCAN-source/contracts/Trail_of_Bits-setprotocol/set-protocol-contracts-b4acf144c10b1d9f3ecde4ee2820931df1cb8e4a/contracts/core/modules/RebalancingSetExchangeIssuanceModule.sol,validateRedeemInputs,DAppSCAN-source/contracts/Trail_of_Bits-setprotocol/set-protocol-contracts-b4acf144c10b1d9f3ecde4ee2820931df1cb8e4a/contracts/core/modules/RebalancingSetExchangeIssuanceModule.sol#L333-L372,0.9759942874718133,0,,external call plus guard/modifier/state-update signal,state_update_before_external_call|require_assert_guard_before_call|callee_user_controlled|contract_modifier_access_summary|contract_inheritance_modifier_summary,state_update_before_external_call|require_assert_guard_before_call|callee_user_controlled|contract_modifier_access_summary|contract_inheritance_modifier_summary,,L21: ISetToken rebalancingSet = ISetToken(_rebalancingSetAddress);,L9: // Require only 1 receive token,"1: function validateRedeemInputs(\n2:         address _rebalancingSetAddress,\n3:         uint256 _rebalancingSetQuantity,\n4:         ExchangeIssuanceLibrary.ExchangeIssuanceParams memory _exchangeIssuanceParams\n5:     )\n6:         private\n7:         view\n8:     {\n9:         // Require only 1 receive token\n10:         require(\n11:             _exchangeIssuanceParams.receiveTokens.length == 1,\n12:             ""RebalancingSetExchangeIssuanceModule.validateRedeemInputs: Only 1 Receive Token Allowed""\n13:         );\n14: ",i:validateRedeemInputs,ambiguous,protected reentrancy-like pattern,external call plus guard/modifier/state-update signal,5
top50_highest_score,FORGE::vfp_00001::AutonomousAgentDeployer,AutonomousAgentDeployer.sol,swapExactSPECForTokens,AutonomousAgentDeployer.sol#L347-L376,0.9748777665229649,0,,external call plus guard/modifier/state-update signal,require_assert_guard_before_call|nonreentrant_modifier|trusted_or_fixed_callee|safe_erc20_wrapper|contract_modifier_access_summary|contract_inheritance_modifier_summary,require_assert_guard_before_call|nonreentrant_modifier|trusted_or_fixed_callee|safe_erc20_wrapper|contract_modifier_access_summary|contract_inheritance_modifier_summary,"L22: IERC20Upgradeable(_agentToken).safeTransfer(msg.sender, tokensReceived);",L4: uint256 taxSpecAmount = (_amountIn * AgentToken(_agentToken).taxPercentage() / 10000);,"nonReentrant/modifier | L2: require(agentTokens[_agentToken], ""Invalid agent token"");","17:         } else {\n18:             uint256 tokensReceived = getTokensReceived(userSpecAmount, _agentToken);\n19:             require(tokensReceived >= amountOutMin, ""Insufficient tokens output"");\n20:             agentTokensSold[_agentToken] += tokensReceived;\n21:             totalSPECDeposited[_agentToken] += userSpecAmount;\n22:             IERC20Upgradeable(_agentToken).safeTransfer(msg.sender, tokensReceived);\n23:             emit TokensSold(_agentToken, msg.sender, tokensReceived, _amountIn);\n24:         }\n25:         _distributeSwapFees(taxSpecAmount);\n26:         //Create liquidity pool if we meet liquidity conditions\n27:         if(totalSPECDeposited[_agentToken] > UNISWAP_POOL_CREATION_VALUE && agentTokenUniswapPool[_agentToken] == address(0)) {\n28:             _createUniswapPool(_agentToken, _deadline);\n29:         }\n30:     }",i:swapExactSPECForTokens,protected_negative,protected reentrancy-like pattern,external call plus guard/modifier/state-update signal,6
top50_highest_score,DAPP::DAppSCAN-source/contracts/Trail_of_Bits-setprotocol/set-protocol-contracts-b4acf144c10b1d9f3ecde4ee2820931df1cb8e4a::Core,DAppSCAN-source/contracts/Trail_of_Bits-setprotocol/set-protocol-contracts-b4acf144c10b1d9f3ecde4ee2820931df1cb8e4a/contracts/core/Core.sol,removeFactory,DAppSCAN-source/contracts/Trail_of_Bits-setprotocol/set-protocol-contracts-b4acf144c10b1d9f3ecde4ee2820931df1cb8e4a/contracts/core/Core.sol#L113-L131,0.9731879627186301,0,,external call plus guard/modifier/state-update signal,require_assert_guard_before_call|only_owner_or_access_control|contract_modifier_access_summary|contract_inheritance_modifier_summary|access_control_signal,require_assert_guard_before_call|only_owner_or_access_control|contract_modifier_access_summary|contract_inheritance_modifier_summary,,L12: state.factories = state.factories.remove(_factory);,"L7: require( | function removeFactory(
        address _factory
    )
        external
        onlyOwner","1: function removeFactory(\n2:         address _factory\n3:     )\n4:         external\n5:         onlyOwner\n6:     {\n7:         require(\n8:             state.validFactories[_factory],\n9:             ""Invalid Factory""\n10:         );\n11: \n12:         state.factories = state.factories.remove(_factory);\n13: \n14:         state.validFactories[_factory] = false;",i:removeFactory,ambiguous,protected reentrancy-like pattern,external call plus guard/modifier/state-update signal,4
top50_highest_score|top50_weak_or_no_safety,DAPP::DAppSCAN-source/contracts/Trail_of_Bits-setprotocol/set-protocol-contracts-b4acf144c10b1d9f3ecde4ee2820931df1cb8e4a::CoreAccounting,DAppSCAN-source/contracts/Trail_of_Bits-setprotocol/set-protocol-contracts-b4acf144c10b1d9f3ecde4ee2820931df1cb8e4a/contracts/core/extensions/CoreAccounting.sol,deposit,DAppSCAN-source/contracts/Trail_of_Bits-setprotocol/set-protocol-contracts-b4acf144c10b1d9f3ecde4ee2820931df1cb8e4a/contracts/core/extensions/CoreAccounting.sol#L50-L75,0.9731879627186301,0,,external call plus guard/modifier/state-update signal,nonreentrant_modifier|contract_modifier_access_summary|contract_inheritance_modifier_summary,nonreentrant_modifier|contract_modifier_access_summary|contract_inheritance_modifier_summary,L12: state.transferProxyInstance.transfer(,,nonReentrant/modifier,"7:         whenOperational\n8:     {\n9:         // Don't deposit if quantity <= 0\n10:         if (_quantity > 0) {\n11:             // Call TransferProxy contract to transfer user tokens to Vault\n12:             state.transferProxyInstance.transfer(\n13:                 _token,\n14:                 _quantity,\n15:                 msg.sender,\n16:                 state.vault\n17:             );\n18: \n19:             // Call Vault contract to attribute deposited tokens to user\n20:             state.vaultInstance.incrementTokenOwner(",i:deposit,protected_negative,protected reentrancy-like pattern,external call plus guard/modifier/state-update signal,3
top50_highest_score|top50_weak_or_no_safety,DAPP::DAppSCAN-source/contracts/Trail_of_Bits-FujiProtocol/fuji-protocol-933ea57b11889d87744efa23e95c90b7bf589402::Flasher,DAppSCAN-source/contracts/Trail_of_Bits-FujiProtocol/fuji-protocol-933ea57b11889d87744efa23e95c90b7bf589402/contracts/flashloans/Flasher.sol,executeOperation,DAppSCAN-source/contracts/Trail_of_Bits-FujiProtocol/fuji-protocol-933ea57b11889d87744efa23e95c90b7bf589402/contracts/flashloans/Flasher.sol#L165-L193,0.9730956367902479,0,,external call plus guard/modifier/state-update signal,require_assert_guard_before_call|trusted_or_fixed_callee|contract_inheritance_modifier_summary,require_assert_guard_before_call|trusted_or_fixed_callee|contract_inheritance_modifier_summary,,"L10: FlashLoan.Info memory info = abi.decode(params, (FlashLoan.Info));","L8: require(msg.sender == _aaveLendingPool && initiator == address(this), Errors.VL_NOT_AUTHORIZED);","1: function executeOperation(\n2:     address[] calldata assets,\n3:     uint256[] calldata amounts,\n4:     uint256[] calldata premiums,\n5:     address initiator,\n6:     bytes calldata params\n7:   ) external override returns (bool) {\n8:     require(msg.sender == _aaveLendingPool && initiator == address(this), Errors.VL_NOT_AUTHORIZED);\n9: \n10:     FlashLoan.Info memory info = abi.decode(params, (FlashLoan.Info));\n11: \n12:     uint256 _value;\n13:     if (info.asset == _ETH) {\n14:       // Convert WETH to ETH and assign amount to be set as msg.value",i:executeOperation,ambiguous,protected reentrancy-like pattern,external call plus guard/modifier/state-update signal,3
top50_highest_score,DAPP::DAppSCAN-source/contracts/Trail_of_Bits-YieldV2/vault-v2-819a713416249da92c44eb629ed26a49425a4656::FlashBorrower,DAppSCAN-source/contracts/Trail_of_Bits-YieldV2/vault-v2-819a713416249da92c44eb629ed26a49425a4656/contracts/mocks/FlashBorrower.sol,onFlashLoan,DAppSCAN-source/contracts/Trail_of_Bits-YieldV2/vault-v2-819a713416249da92c44eb629ed26a49425a4656/contracts/mocks/FlashBorrower.sol#L25-L43,0.9700907982525714,0,,external call plus guard/modifier/state-update signal,state_update_before_external_call|require_assert_guard_before_call|trusted_or_fixed_callee|contract_inheritance_modifier_summary,state_update_before_external_call|require_assert_guard_before_call|trusted_or_fixed_callee|contract_inheritance_modifier_summary,"L12: IERC20(token).transfer(address(lender), amount + fee);",L4: flashInitiator = initiator;,"L2: require(msg.sender == address(lender), ""FlashBorrower: Untrusted lender"");","7:         flashFee = fee;\n8:         if (action == Action.NORMAL) {\n9:             flashBalance = IERC20(token).balanceOf(address(this));\n10:         } else if (action == Action.TRANSFER) {\n11:             flashBalance = IERC20(token).balanceOf(address(this));\n12:             IERC20(token).transfer(address(lender), amount + fee);\n13:         } else if (action == Action.STEAL) {\n14:             IERC20(token).transfer(address(0), amount);\n15:         } else if (action == Action.REENTER) {\n16:             flashBorrow(token, amount * 2, Action.NORMAL);\n17:         }\n18:         return keccak256(""ERC3156FlashBorrower.onFlashLoan"");\n19:     }",i:onFlashLoan,ambiguous,protected reentrancy-like pattern,external call plus guard/modifier/state-update signal,4
top50_highest_score,DAPP::DAppSCAN-source/contracts/QuillAudits-GearBox Protocol-GearBox Protocol/gearbox-contracts-0ac33ba87212ce056ac6b6357ad74161d417158a::AccountMining,DAppSCAN-source/contracts/QuillAudits-GearBox Protocol-GearBox Protocol/gearbox-contracts-0ac33ba87212ce056ac6b6357ad74161d417158a/contracts/core/AccountMining.sol,claim,DAppSCAN-source/contracts/QuillAudits-GearBox Protocol-GearBox Protocol/gearbox-contracts-0ac33ba87212ce056ac6b6357ad74161d417158a/contracts/core/AccountMining.sol#L49-L77,0.9675840896541997,0,,external call plus guard/modifier/state-update signal,require_assert_guard_before_call|callee_user_controlled|trusted_or_fixed_callee|contract_inheritance_modifier_summary,require_assert_guard_before_call|callee_user_controlled|trusted_or_fixed_callee|contract_inheritance_modifier_summary,"L23: IERC20(token).transfer(account, amount),",L11: address account = msg.sender;,L6: require(,"18:         );\n19: \n20:         // Mark it claimed and send the token.\n21:         _setClaimed(index);\n22:         require(\n23:             IERC20(token).transfer(account, amount),\n24:             ""MerkleDistributor: Transfer failed.""\n25:         );\n26: \n27:         accountFactory.mineCreditAccount();\n28:         emit Claimed(index, account);\n29:     }",i:claim,ambiguous,protected reentrancy-like pattern,external call plus guard/modifier/state-update signal,4
top50_highest_score|top50_weak_or_no_safety,DAPP::DAppSCAN-source/contracts/Trail_of_Bits-setprotocol/set-protocol-contracts-b4acf144c10b1d9f3ecde4ee2820931df1cb8e4a::RebalancingSetToken,DAppSCAN-source/contracts/Trail_of_Bits-setprotocol/set-protocol-contracts-b4acf144c10b1d9f3ecde4ee2820931df1cb8e4a/contracts/core/tokens/RebalancingSetToken.sol,settleRebalance,DAppSCAN-source/contracts/Trail_of_Bits-setprotocol/set-protocol-contracts-b4acf144c10b1d9f3ecde4ee2820931df1cb8e4a/contracts/core/tokens/RebalancingSetToken.sol#L295-L315,0.9644909347500703,0,,external call plus guard/modifier/state-update signal,state_update_before_external_call|state_update_after_external_call|contract_inheritance_modifier_summary,state_update_before_external_call|state_update_after_external_call|contract_inheritance_modifier_summary,,L5: unitShares = SettleRebalanceLibrary.settleRebalance(,,"1: function settleRebalance()\n2:         external\n3:     {\n4:         // Settle the rebalance and mint next Sets\n5:         unitShares = SettleRebalanceLibrary.settleRebalance(\n6:             totalSupply(),\n7:             biddingParameters.remainingCurrentSets,\n8:             biddingParameters.minimumBid,\n9:             naturalUnit,\n10:             nextSet,\n11:             core,\n12:             vault,\n13:             uint8(rebalanceState)\n14:         );",i:settleRebalance,ambiguous,protected reentrancy-like pattern,external call plus guard/modifier/state-update signal,3
top50_highest_score,DAPP::DAppSCAN-source/contracts/QuillAudits-GearBox Protocol-GearBox Protocol/gearbox-contracts-0ac33ba87212ce056ac6b6357ad74161d417158a::CreditFilter,DAppSCAN-source/contracts/QuillAudits-GearBox Protocol-GearBox Protocol/gearbox-contracts-0ac33ba87212ce056ac6b6357ad74161d417158a/contracts/credit/CreditFilter.sol,pause,DAppSCAN-source/contracts/QuillAudits-GearBox Protocol-GearBox Protocol/gearbox-contracts-0ac33ba87212ce056ac6b6357ad74161d417158a/contracts/credit/CreditFilter.sol#L34-L40,0.9599913941369538,0,,external call plus guard/modifier/state-update signal,require_assert_guard_before_call|only_owner_or_access_control|contract_modifier_access_summary|contract_inheritance_modifier_summary|access_control_signal,require_assert_guard_before_call|only_owner_or_access_control|contract_modifier_access_summary|contract_inheritance_modifier_summary,,,L2: require( | function pause() external,"1: function pause() external {\n2:         require(\n3:             _acl.isPausableAdmin(msg.sender),\n4:             Errors.ACL_CALLER_NOT_PAUSABLE_ADMIN\n5:         ); // T:[ACLT-1]\n6:         _pause();\n7:     }",i:pause,ambiguous,protected reentrancy-like pattern,external call plus guard/modifier/state-update signal,4
top50_highest_score|top50_weak_or_no_safety,DAPP::DAppSCAN-source/contracts/consensys-MCDEX_Mai_Protocol_V2/mai-protocol-v2-4b198083ec4ae2d6851e101fc44ea333eaa3cd92::Exchange,DAppSCAN-source/contracts/consensys-MCDEX_Mai_Protocol_V2/mai-protocol-v2-4b198083ec4ae2d6851e101fc44ea333eaa3cd92/contracts/exchange/Exchange.sol,matchOrders,DAppSCAN-source/contracts/consensys-MCDEX_Mai_Protocol_V2/mai-protocol-v2-4b198083ec4ae2d6851e101fc44ea333eaa3cd92/contracts/exchange/Exchange.sol#L34-L81,0.9555043363147943,0,,external call plus guard/modifier/state-update signal,require_assert_guard_before_call|callee_user_controlled|contract_inheritance_modifier_summary,require_assert_guard_before_call|callee_user_controlled|contract_inheritance_modifier_summary,,L9: IPerpetual perpetual = IPerpetual(_perpetual);,"L7: require(!takerOrderParam.isMakerOnly(), ""taker order is maker only"");","1: function matchOrders(\n2:         LibOrder.OrderParam memory takerOrderParam,\n3:         LibOrder.OrderParam[] memory makerOrderParams,\n4:         address _perpetual,\n5:         uint256[] memory amounts\n6:     ) public {\n7:         require(!takerOrderParam.isMakerOnly(), ""taker order is maker only"");\n8: \n9:         IPerpetual perpetual = IPerpetual(_perpetual);\n10:         require(perpetual.status() == LibTypes.Status.NORMAL, ""wrong perpetual status"");\n11: \n12:         uint256 tradingLotSize = perpetual.getGovernance().tradingLotSize;\n13:         bytes32 takerOrderHash = validateOrderParam(perpetual, takerOrderParam);\n14:         uint256 takerFilledAmount = filled[takerOrderHash];",i:matchOrders,ambiguous,protected reentrancy-like pattern,external call plus guard/modifier/state-update signal,3
top50_highest_score,DAPP::DAppSCAN-source/contracts/consensys-MCDEX_Mai_Protocol_V2/mai-protocol-v2-4b198083ec4ae2d6851e101fc44ea333eaa3cd92::Position,DAppSCAN-source/contracts/consensys-MCDEX_Mai_Protocol_V2/mai-protocol-v2-4b198083ec4ae2d6851e101fc44ea333eaa3cd92/contracts/perpetual/Position.sol,_withdraw,DAppSCAN-source/contracts/consensys-MCDEX_Mai_Protocol_V2/mai-protocol-v2-4b198083ec4ae2d6851e101fc44ea333eaa3cd92/contracts/perpetual/Position.sol#L67-L87,0.9541721382728344,0,,external call plus guard/modifier/state-update signal,require_assert_guard_before_call|callee_user_controlled|trusted_or_fixed_callee|safe_erc20_wrapper|contract_many_risky_interactions,require_assert_guard_before_call|callee_user_controlled|trusted_or_fixed_callee|safe_erc20_wrapper|contract_many_risky_interactions,L18: guy.transfer(rawAmount);,L7: cashBalances[guy].appliedBalance = cashBalances[guy].appliedBalance.sub(wadAmount);,"L2: require(wadAmount > 0, ""negtive amount"");","11:             );\n12:         }\n13:         cashBalances[guy].balance = cashBalances[guy].balance.sub(wadAmount);\n14:         uint256 rawAmount = toCollateral(wadAmount);\n15:         if (isTokenizedCollateral()) {\n16:             IERC20(collateral).safeTransfer(guy, rawAmount);\n17:         } else {\n18:             guy.transfer(rawAmount);\n19:         }\n20:         emit Withdraw(guy, wadAmount, cashBalances[guy].balance, cashBalances[guy].appliedBalance);\n21:     }",i:_withdraw,protected_negative,protected reentrancy-like pattern,external call plus guard/modifier/state-update signal,5
top50_highest_score,DAPP::DAppSCAN-source/contracts/consensys-MCDEX_Mai_Protocol_V2/mai-protocol-v2-4b198083ec4ae2d6851e101fc44ea333eaa3cd92::TestPosition,DAppSCAN-source/contracts/consensys-MCDEX_Mai_Protocol_V2/mai-protocol-v2-4b198083ec4ae2d6851e101fc44ea333eaa3cd92/contracts/test/TestPosition.sol,_withdraw,DAppSCAN-source/contracts/consensys-MCDEX_Mai_Protocol_V2/mai-protocol-v2-4b198083ec4ae2d6851e101fc44ea333eaa3cd92/contracts/test/TestPosition.sol#L67-L87,0.9541721382728344,0,,external call plus guard/modifier/state-update signal,require_assert_guard_before_call|callee_user_controlled|trusted_or_fixed_callee|safe_erc20_wrapper|contract_many_risky_interactions,require_assert_guard_before_call|callee_user_controlled|trusted_or_fixed_callee|safe_erc20_wrapper|contract_many_risky_interactions,L18: guy.transfer(rawAmount);,L7: cashBalances[guy].appliedBalance = cashBalances[guy].appliedBalance.sub(wadAmount);,"L2: require(wadAmount > 0, ""negtive amount"");","11:             );\n12:         }\n13:         cashBalances[guy].balance = cashBalances[guy].balance.sub(wadAmount);\n14:         uint256 rawAmount = toCollateral(wadAmount);\n15:         if (isTokenizedCollateral()) {\n16:             IERC20(collateral).safeTransfer(guy, rawAmount);\n17:         } else {\n18:             guy.transfer(rawAmount);\n19:         }\n20:         emit Withdraw(guy, wadAmount, cashBalances[guy].balance, cashBalances[guy].appliedBalance);\n21:     }",i:_withdraw,protected_negative,protected reentrancy-like pattern,external call plus guard/modifier/state-update signal,5
,DAPP::DAppSCAN-source/contracts/PeckShield-Tranchessv1.0/contract-core-5ac3d997da3ef37b0135565a11c5ebcc519862aa::PrimaryMarket,DAppSCAN-source/contracts/PeckShield-Tranchessv1.0/contract-core-5ac3d997da3ef37b0135565a11c5ebcc519862aa/contracts/fund/PrimaryMarket.sol,settle,DAppSCAN-source/contracts/PeckShield-Tranchessv1.0/contract-core-5ac3d997da3ef37b0135565a11c5ebcc519862aa/contracts/fund/PrimaryMarket.sol#L243-L335,0.9524703594396333,0,,external call plus guard/modifier/state-update signal,state_update_after_external_call|require_assert_guard_before_call|nonreentrant_modifier|callee_user_controlled|trusted_or_fixed_callee|contract_modifier_access_summary|contract_inheritance_modifier_summary,state_update_after_external_call|require_assert_guard_before_call|nonreentrant_modifier|callee_user_controlled|trusted_or_fixed_callee|contract_modifier_access_summary|contract_inheritance_modifier_summary,,L23: creationUnderlying = currentCreatingUnderlying;,"nonReentrant/modifier | L20: require(day >= currentDay, ""Already settled"");","1: function settle(\n2:         uint256 day,\n3:         uint256 fundTotalShares,\n4:         uint256 fundUnderlying,\n5:         uint256 underlyingPrice,\n6:         uint256 previousNav\n7:     )\n8:         external\n9:         override\n10:         nonReentrant\n11:         onlyFund\n12:         returns (\n13:             uint256 sharesToMint,\n14:             uint256 sharesToBurn,",i:settle,protected_negative,protected reentrancy-like pattern,external call plus guard/modifier/state-update signal,7
,DAPP::DAppSCAN-source/contracts/consensys-Zer0_zBanc/zBanc-48da0ac1eebbe31a74742f1ae4281b156f03a4bc::LiquidityPoolV1Converter,DAppSCAN-source/contracts/consensys-Zer0_zBanc/zBanc-48da0ac1eebbe31a74742f1ae4281b156f03a4bc/solidity/contracts/converter/types/liquidity-pool-v1/LiquidityPoolV1Converter.sol,withdrawETH,DAppSCAN-source/contracts/consensys-Zer0_zBanc/zBanc-48da0ac1eebbe31a74742f1ae4281b156f03a4bc/solidity/contracts/converter/types/liquidity-pool-v1/LiquidityPoolV1Converter.sol#L229-L245,0.9492667180092673,0,,external call plus guard/modifier/state-update signal,state_update_before_external_call|require_assert_guard_before_call|callee_user_controlled|contract_many_risky_interactions|contract_modifier_access_summary|contract_inheritance_modifier_summary,state_update_before_external_call|require_assert_guard_before_call|callee_user_controlled|contract_many_risky_interactions|contract_modifier_access_summary|contract_inheritance_modifier_summary,L13: _to.transfer(address(this).balance);,L9: address converterUpgrader = addressOf(CONVERTER_UPGRADER);,"L12: require(!isActive() || owner == converterUpgrader, ""ERR_ACCESS_DENIED"");","8:     {\n9:         address converterUpgrader = addressOf(CONVERTER_UPGRADER);\n10: \n11:         // verify that the converter is inactive or that the owner is the upgrader contract\n12:         require(!isActive() || owner == converterUpgrader, ""ERR_ACCESS_DENIED"");\n13:         _to.transfer(address(this).balance);\n14: \n15:         // sync the ETH reserve balance\n16:         syncReserveBalance(ETH_RESERVE_ADDRESS);\n17:     }",i:withdrawETH,ambiguous,protected reentrancy-like pattern,external call plus guard/modifier/state-update signal,6
,DAPP::DAppSCAN-source/contracts/consensys-Zer0_zBanc/zBanc-48da0ac1eebbe31a74742f1ae4281b156f03a4bc::TestLiquidityPoolV1Converter,DAppSCAN-source/contracts/consensys-Zer0_zBanc/zBanc-48da0ac1eebbe31a74742f1ae4281b156f03a4bc/solidity/contracts/helpers/TestLiquidityPoolV1Converter.sol,withdrawETH,DAppSCAN-source/contracts/consensys-Zer0_zBanc/zBanc-48da0ac1eebbe31a74742f1ae4281b156f03a4bc/solidity/contracts/helpers/TestLiquidityPoolV1Converter.sol#L229-L245,0.9492476428483887,0,,external call plus guard/modifier/state-update signal,state_update_before_external_call|require_assert_guard_before_call|callee_user_controlled|contract_many_risky_interactions|contract_modifier_access_summary|contract_inheritance_modifier_summary,state_update_before_external_call|require_assert_guard_before_call|callee_user_controlled|contract_many_risky_interactions|contract_modifier_access_summary|contract_inheritance_modifier_summary,L13: _to.transfer(address(this).balance);,L9: address converterUpgrader = addressOf(CONVERTER_UPGRADER);,"L12: require(!isActive() || owner == converterUpgrader, ""ERR_ACCESS_DENIED"");","8:     {\n9:         address converterUpgrader = addressOf(CONVERTER_UPGRADER);\n10: \n11:         // verify that the converter is inactive or that the owner is the upgrader contract\n12:         require(!isActive() || owner == converterUpgrader, ""ERR_ACCESS_DENIED"");\n13:         _to.transfer(address(this).balance);\n14: \n15:         // sync the ETH reserve balance\n16:         syncReserveBalance(ETH_RESERVE_ADDRESS);\n17:     }",i:withdrawETH,ambiguous,protected reentrancy-like pattern,external call plus guard/modifier/state-update signal,6
,DAPP::DAppSCAN-source/contracts/Trail_of_Bits-setprotocol/set-protocol-contracts-b4acf144c10b1d9f3ecde4ee2820931df1cb8e4a::RebalanceAuctionModule,DAppSCAN-source/contracts/Trail_of_Bits-setprotocol/set-protocol-contracts-b4acf144c10b1d9f3ecde4ee2820931df1cb8e4a/contracts/core/modules/RebalanceAuctionModule.sol,withdrawFromFailedRebalance,DAppSCAN-source/contracts/Trail_of_Bits-setprotocol/set-protocol-contracts-b4acf144c10b1d9f3ecde4ee2820931df1cb8e4a/contracts/core/modules/RebalanceAuctionModule.sol#L191-L239,0.9489758364530887,0,,external call plus guard/modifier/state-update signal,require_assert_guard_before_call|nonreentrant_modifier|callee_user_controlled|contract_modifier_access_summary|contract_inheritance_modifier_summary,require_assert_guard_before_call|nonreentrant_modifier|callee_user_controlled|contract_modifier_access_summary|contract_inheritance_modifier_summary,,L8: IRebalancingSetToken rebalancingSetToken = IRebalancingSetToken(_rebalancingSetToken);,nonReentrant/modifier | L11: require(,"1: function withdrawFromFailedRebalance(\n2:         address _rebalancingSetToken\n3:     )\n4:         external\n5:         nonReentrant\n6:     {\n7:         // Create Rebalancing Set Token instance\n8:         IRebalancingSetToken rebalancingSetToken = IRebalancingSetToken(_rebalancingSetToken);\n9: \n10:         // Make sure the rebalancingSetToken is tracked by Core\n11:         require(\n12:             coreInstance.validSets(_rebalancingSetToken),\n13:             ""RebalanceAuctionModule.bid: Invalid or disabled SetToken address""\n14:         );",i:withdrawFromFailedRebalance,protected_negative,protected reentrancy-like pattern,external call plus guard/modifier/state-update signal,5
,DAPP::DAppSCAN-source/contracts/consensys-MCDEX_Mai_Protocol_V2/mai-protocol-v2-4b198083ec4ae2d6851e101fc44ea333eaa3cd92::Collateral,DAppSCAN-source/contracts/consensys-MCDEX_Mai_Protocol_V2/mai-protocol-v2-4b198083ec4ae2d6851e101fc44ea333eaa3cd92/contracts/perpetual/Collateral.sol,_withdraw,DAppSCAN-source/contracts/consensys-MCDEX_Mai_Protocol_V2/mai-protocol-v2-4b198083ec4ae2d6851e101fc44ea333eaa3cd92/contracts/perpetual/Collateral.sol#L67-L87,0.9486122611306339,0,,external call plus guard/modifier/state-update signal,require_assert_guard_before_call|callee_user_controlled|trusted_or_fixed_callee|safe_erc20_wrapper,require_assert_guard_before_call|callee_user_controlled|trusted_or_fixed_callee|safe_erc20_wrapper,L18: guy.transfer(rawAmount);,L7: cashBalances[guy].appliedBalance = cashBalances[guy].appliedBalance.sub(wadAmount);,"L2: require(wadAmount > 0, ""negtive amount"");","11:             );\n12:         }\n13:         cashBalances[guy].balance = cashBalances[guy].balance.sub(wadAmount);\n14:         uint256 rawAmount = toCollateral(wadAmount);\n15:         if (isTokenizedCollateral()) {\n16:             IERC20(collateral).safeTransfer(guy, rawAmount);\n17:         } else {\n18:             guy.transfer(rawAmount);\n19:         }\n20:         emit Withdraw(guy, wadAmount, cashBalances[guy].balance, cashBalances[guy].appliedBalance);\n21:     }",i:_withdraw,protected_negative,protected reentrancy-like pattern,external call plus guard/modifier/state-update signal,4
,DAPP::DAppSCAN-source/contracts/consensys-MCDEX_Mai_Protocol_V2/mai-protocol-v2-4b198083ec4ae2d6851e101fc44ea333eaa3cd92::TestCollateral,DAppSCAN-source/contracts/consensys-MCDEX_Mai_Protocol_V2/mai-protocol-v2-4b198083ec4ae2d6851e101fc44ea333eaa3cd92/contracts/test/TestCollateral.sol,_withdraw,DAppSCAN-source/contracts/consensys-MCDEX_Mai_Protocol_V2/mai-protocol-v2-4b198083ec4ae2d6851e101fc44ea333eaa3cd92/contracts/test/TestCollateral.sol#L67-L87,0.9486122611306339,0,,external call plus guard/modifier/state-update signal,require_assert_guard_before_call|callee_user_controlled|trusted_or_fixed_callee|safe_erc20_wrapper,require_assert_guard_before_call|callee_user_controlled|trusted_or_fixed_callee|safe_erc20_wrapper,L18: guy.transfer(rawAmount);,L7: cashBalances[guy].appliedBalance = cashBalances[guy].appliedBalance.sub(wadAmount);,"L2: require(wadAmount > 0, ""negtive amount"");","11:             );\n12:         }\n13:         cashBalances[guy].balance = cashBalances[guy].balance.sub(wadAmount);\n14:         uint256 rawAmount = toCollateral(wadAmount);\n15:         if (isTokenizedCollateral()) {\n16:             IERC20(collateral).safeTransfer(guy, rawAmount);\n17:         } else {\n18:             guy.transfer(rawAmount);\n19:         }\n20:         emit Withdraw(guy, wadAmount, cashBalances[guy].balance, cashBalances[guy].appliedBalance);\n21:     }",i:_withdraw,protected_negative,protected reentrancy-like pattern,external call plus guard/modifier/state-update signal,4
,DAPP::DAppSCAN-source/contracts/Trail_of_Bits-setprotocol/set-protocol-contracts-b4acf144c10b1d9f3ecde4ee2820931df1cb8e4a::ExchangeIssuanceModule,DAppSCAN-source/contracts/Trail_of_Bits-setprotocol/set-protocol-contracts-b4acf144c10b1d9f3ecde4ee2820931df1cb8e4a/contracts/core/modules/ExchangeIssuanceModule.sol,validateExchangeIssuanceParams,DAppSCAN-source/contracts/Trail_of_Bits-setprotocol/set-protocol-contracts-b4acf144c10b1d9f3ecde4ee2820931df1cb8e4a/contracts/core/modules/ExchangeIssuanceModule.sol#L153-L184,0.9429668763803142,0,,external call plus guard/modifier/state-update signal,require_assert_guard_before_call|callee_user_controlled|contract_many_risky_interactions|contract_modifier_access_summary|contract_inheritance_modifier_summary,require_assert_guard_before_call|callee_user_controlled|contract_many_risky_interactions|contract_modifier_access_summary|contract_inheritance_modifier_summary,,,L8: require(,"1: function validateExchangeIssuanceParams(\n2:         ExchangeIssuanceLibrary.ExchangeIssuanceParams memory _exchangeIssuanceParams\n3:     )\n4:         internal\n5:         view\n6:     {\n7:         // Verify Set was created by Core and is enabled\n8:         require(\n9:             coreInstance.validSets(_exchangeIssuanceParams.setAddress),\n10:             ""ExchangeExecution.validateExchangeIssuanceParams: Invalid or disabled SetToken address""\n11:         );\n12: \n13:         // Validate the issuance quantity\n14:         ExchangeIssuanceLibrary.validateQuantity(",i:validateExchangeIssuanceParams,ambiguous,protected reentrancy-like pattern,external call plus guard/modifier/state-update signal,5
,DAPP::DAppSCAN-source/contracts/PeckShield-Tranchessv1.0/contract-core-5ac3d997da3ef37b0135565a11c5ebcc519862aa::VestingEscrow,DAppSCAN-source/contracts/PeckShield-Tranchessv1.0/contract-core-5ac3d997da3ef37b0135565a11c5ebcc519862aa/contracts/governance/VestingEscrow.sol,initialize,DAppSCAN-source/contracts/PeckShield-Tranchessv1.0/contract-core-5ac3d997da3ef37b0135565a11c5ebcc519862aa/contracts/governance/VestingEscrow.sol#L43-L52,0.9397838208109293,0,,external call plus guard/modifier/state-update signal,state_update_before_external_call|state_update_after_external_call|require_assert_guard_before_call|trusted_or_fixed_callee|contract_modifier_access_summary,state_update_before_external_call|state_update_after_external_call|require_assert_guard_before_call|trusted_or_fixed_callee|contract_modifier_access_summary,,L7: initialLocked = amount;,"L2: require(amount != 0 && amount >= vestedAtStart_, ""Invalid amount or vestedAtStart"");","1: function initialize(uint256 amount, uint256 vestedAtStart_) external {\n2:         require(amount != 0 && amount >= vestedAtStart_, ""Invalid amount or vestedAtStart"");\n3:         require(initialLocked == 0, ""Already initialized"");\n4: \n5:         IERC20(token).transferFrom(msg.sender, address(this), amount);\n6: \n7:         initialLocked = amount;\n8:         vestedAtStart = vestedAtStart_;\n9:         emit Fund(amount);\n10:     }",i:initialize,ambiguous,protected reentrancy-like pattern,external call plus guard/modifier/state-update signal,5
,DAPP::DAppSCAN-source/contracts/consensys-MCDEX_Mai_Protocol_V2/mai-protocol-v2-4b198083ec4ae2d6851e101fc44ea333eaa3cd92::Perpetual,DAppSCAN-source/contracts/consensys-MCDEX_Mai_Protocol_V2/mai-protocol-v2-4b198083ec4ae2d6851e101fc44ea333eaa3cd92/contracts/perpetual/Perpetual.sol,_withdraw,DAppSCAN-source/contracts/consensys-MCDEX_Mai_Protocol_V2/mai-protocol-v2-4b198083ec4ae2d6851e101fc44ea333eaa3cd92/contracts/perpetual/Perpetual.sol#L67-L87,0.9373054423330136,0,,external call plus guard/modifier/state-update signal,require_assert_guard_before_call|callee_user_controlled|trusted_or_fixed_callee|safe_erc20_wrapper|contract_many_risky_interactions,require_assert_guard_before_call|callee_user_controlled|trusted_or_fixed_callee|safe_erc20_wrapper|contract_many_risky_interactions,L18: guy.transfer(rawAmount);,L7: cashBalances[guy].appliedBalance = cashBalances[guy].appliedBalance.sub(wadAmount);,"L2: require(wadAmount > 0, ""negtive amount"");","11:             );\n12:         }\n13:         cashBalances[guy].balance = cashBalances[guy].balance.sub(wadAmount);\n14:         uint256 rawAmount = toCollateral(wadAmount);\n15:         if (isTokenizedCollateral()) {\n16:             IERC20(collateral).safeTransfer(guy, rawAmount);\n17:         } else {\n18:             guy.transfer(rawAmount);\n19:         }\n20:         emit Withdraw(guy, wadAmount, cashBalances[guy].balance, cashBalances[guy].appliedBalance);\n21:     }",i:_withdraw,protected_negative,protected reentrancy-like pattern,external call plus guard/modifier/state-update signal,5
,DAPP::DAppSCAN-source/contracts/consensys-MCDEX_Mai_Protocol_V2/mai-protocol-v2-4b198083ec4ae2d6851e101fc44ea333eaa3cd92::TestPerpetual,DAppSCAN-source/contracts/consensys-MCDEX_Mai_Protocol_V2/mai-protocol-v2-4b198083ec4ae2d6851e101fc44ea333eaa3cd92/contracts/test/TestPerpetual.sol,_withdraw,DAppSCAN-source/contracts/consensys-MCDEX_Mai_Protocol_V2/mai-protocol-v2-4b198083ec4ae2d6851e101fc44ea333eaa3cd92/contracts/test/TestPerpetual.sol#L67-L87,0.9373054423330136,0,,external call plus guard/modifier/state-update signal,require_assert_guard_before_call|callee_user_controlled|trusted_or_fixed_callee|safe_erc20_wrapper|contract_many_risky_interactions,require_assert_guard_before_call|callee_user_controlled|trusted_or_fixed_callee|safe_erc20_wrapper|contract_many_risky_interactions,L18: guy.transfer(rawAmount);,L7: cashBalances[guy].appliedBalance = cashBalances[guy].appliedBalance.sub(wadAmount);,"L2: require(wadAmount > 0, ""negtive amount"");","11:             );\n12:         }\n13:         cashBalances[guy].balance = cashBalances[guy].balance.sub(wadAmount);\n14:         uint256 rawAmount = toCollateral(wadAmount);\n15:         if (isTokenizedCollateral()) {\n16:             IERC20(collateral).safeTransfer(guy, rawAmount);\n17:         } else {\n18:             guy.transfer(rawAmount);\n19:         }\n20:         emit Withdraw(guy, wadAmount, cashBalances[guy].balance, cashBalances[guy].appliedBalance);\n21:     }",i:_withdraw,protected_negative,protected reentrancy-like pattern,external call plus guard/modifier/state-update signal,5
,DAPP::DAppSCAN-source/contracts/Trail_of_Bits-OriginDollar/origin-dollar-81431fd3b2aa4c518ffc389844f9708c00b516f0::ThreePoolStrategy,DAppSCAN-source/contracts/Trail_of_Bits-OriginDollar/origin-dollar-81431fd3b2aa4c518ffc389844f9708c00b516f0/contracts/contracts/strategies/ThreePoolStrategy.sol,withdraw,DAppSCAN-source/contracts/Trail_of_Bits-OriginDollar/origin-dollar-81431fd3b2aa4c518ffc389844f9708c00b516f0/contracts/contracts/strategies/ThreePoolStrategy.sol#L113-L153,0.9358701490191655,0,,external call plus guard/modifier/state-update signal,require_assert_guard_before_call|trusted_or_fixed_callee|safe_erc20_wrapper|contract_modifier_access_summary,require_assert_guard_before_call|trusted_or_fixed_callee|safe_erc20_wrapper|contract_modifier_access_summary,"L29: IERC20(_asset).safeTransfer(_recipient, _amount);",L16: ICurvePool curvePool = ICurvePool(platformAddress);,"L6: require(_recipient != address(0), ""Invalid recipient"");","24:             // Not enough of pool token exists on this contract, must be staked\n25:             // in Gauge, unstake\n26:             ICurveGauge(crvGaugeAddress).withdraw(withdrawPTokens);\n27:         }\n28:         curvePool.remove_liquidity_one_coin(withdrawPTokens, poolCoinIndex, 0);\n29:         IERC20(_asset).safeTransfer(_recipient, _amount);\n30:         // Transfer any leftover dust back to the vault buffer.\n31:         uint256 dust = IERC20(_asset).balanceOf(address(this));\n32:         if (dust > 0) {\n33:             IERC20(_asset).safeTransfer(vaultAddress, dust);\n34:         }\n35:         amountWithdrawn = _amount;\n36:         emit Withdrawal(\n37:             _asset,",i:withdraw,protected_negative,protected reentrancy-like pattern,external call plus guard/modifier/state-update signal,4
,DAPP::DAppSCAN-source/contracts/Trail_of_Bits-setprotocol/set-protocol-contracts-b4acf144c10b1d9f3ecde4ee2820931df1cb8e4a::CoreIssuance,DAppSCAN-source/contracts/Trail_of_Bits-setprotocol/set-protocol-contracts-b4acf144c10b1d9f3ecde4ee2820931df1cb8e4a/contracts/core/extensions/CoreIssuance.sol,redeemAndWithdrawTo,DAppSCAN-source/contracts/Trail_of_Bits-setprotocol/set-protocol-contracts-b4acf144c10b1d9f3ecde4ee2820931df1cb8e4a/contracts/core/extensions/CoreIssuance.sol#L158-L199,0.9351457688899972,0,,external call plus guard/modifier/state-update signal,nonreentrant_modifier|callee_user_controlled|contract_modifier_access_summary|contract_inheritance_modifier_summary,nonreentrant_modifier|callee_user_controlled|contract_modifier_access_summary|contract_inheritance_modifier_summary,,L10: uint256[] memory componentTransferValues = redeemAndDecrementVault(,nonReentrant/modifier,"1: function redeemAndWithdrawTo(\n2:         address _set,\n3:         address _to,\n4:         uint256 _quantity,\n5:         uint256 _toExclude\n6:     )\n7:         external\n8:         nonReentrant\n9:     {\n10:         uint256[] memory componentTransferValues = redeemAndDecrementVault(\n11:             _set,\n12:             msg.sender,\n13:             _quantity\n14:         );",i:redeemAndWithdrawTo,protected_negative,protected reentrancy-like pattern,external call plus guard/modifier/state-update signal,4
,DAPP::DAppSCAN-source/contracts/PeckShield-TranchessV1.1/contract-core-68a86350313c1cb9e5467e791d3e9efaf228a0df::PrimaryMarket,DAppSCAN-source/contracts/PeckShield-TranchessV1.1/contract-core-68a86350313c1cb9e5467e791d3e9efaf228a0df/contracts/fund/PrimaryMarket.sol,settle,DAppSCAN-source/contracts/PeckShield-TranchessV1.1/contract-core-68a86350313c1cb9e5467e791d3e9efaf228a0df/contracts/fund/PrimaryMarket.sol#L242-L331,0.9345429577932879,0,,external call plus guard/modifier/state-update signal,state_update_after_external_call|require_assert_guard_before_call|nonreentrant_modifier|callee_user_controlled|trusted_or_fixed_callee|safe_erc20_wrapper|contract_modifier_access_summary|contract_inheritance_modifier_summary,state_update_after_external_call|require_assert_guard_before_call|nonreentrant_modifier|callee_user_controlled|trusted_or_fixed_callee|safe_erc20_wrapper|contract_modifier_access_summary|contract_inheritance_modifier_summary,,L23: creationUnderlying = currentCreatingUnderlying;,"nonReentrant/modifier | L20: require(day >= currentDay, ""Already settled"");","1: function settle(\n2:         uint256 day,\n3:         uint256 fundTotalShares,\n4:         uint256 fundUnderlying,\n5:         uint256 underlyingPrice,\n6:         uint256 previousNav\n7:     )\n8:         external\n9:         override\n10:         nonReentrant\n11:         onlyFund\n12:         returns (\n13:             uint256 sharesToMint,\n14:             uint256 sharesToBurn,",i:settle,protected_negative,protected reentrancy-like pattern,external call plus guard/modifier/state-update signal,8
,DAPP::DAppSCAN-source/contracts/Trail_of_Bits-setprotocol/set-protocol-contracts-b4acf144c10b1d9f3ecde4ee2820931df1cb8e4a::ZeroExExchangeWrapper,DAppSCAN-source/contracts/Trail_of_Bits-setprotocol/set-protocol-contracts-b4acf144c10b1d9f3ecde4ee2820931df1cb8e4a/contracts/core/exchange-wrappers/ZeroExExchangeWrapper.sol,exchange,DAppSCAN-source/contracts/Trail_of_Bits-setprotocol/set-protocol-contracts-b4acf144c10b1d9f3ecde4ee2820931df1cb8e4a/contracts/core/exchange-wrappers/ZeroExExchangeWrapper.sol#L95-L143,0.9326958872686587,0,,external call plus guard/modifier/state-update signal,require_assert_guard_before_call|callee_user_controlled|contract_inheritance_modifier_summary,require_assert_guard_before_call|callee_user_controlled|contract_inheritance_modifier_summary,,L13: address[] memory receiveTokens = new address[](_exchangeData.orderCount);,L8: require(,"1: function exchange(\n2:         ExchangeWrapperLibrary.ExchangeData memory _exchangeData,\n3:         bytes memory _ordersData\n4:     )\n5:         public\n6:         returns (ExchangeWrapperLibrary.ExchangeResults memory)\n7:     {\n8:         require(\n9:             ICore(core).validModules(msg.sender),\n10:             ""ZeroExExchangeWrapper.exchange: Sender must be approved module""\n11:         );\n12: \n13:         address[] memory receiveTokens = new address[](_exchangeData.orderCount);\n14:         uint256[] memory receiveTokenAmounts = new uint256[](_exchangeData.orderCount);",i:exchange,ambiguous,protected reentrancy-like pattern,external call plus guard/modifier/state-update signal,3
,DAPP::DAppSCAN-source/contracts/Runtime_Vеrification-ElementFinance/elf-contracts-637c6f959315cbb11a164555e588520c7d89122b::UserProxy,DAppSCAN-source/contracts/Runtime_Vеrification-ElementFinance/elf-contracts-637c6f959315cbb11a164555e588520c7d89122b/contracts/UserProxy.sol,mint,DAppSCAN-source/contracts/Runtime_Vеrification-ElementFinance/elf-contracts-637c6f959315cbb11a164555e588520c7d89122b/contracts/UserProxy.sol#L70-L94,0.932418522136393,0,,external call plus guard/modifier/state-update signal,require_assert_guard_before_call|callee_user_controlled|trusted_or_fixed_callee,require_assert_guard_before_call|callee_user_controlled|trusted_or_fixed_callee,"L16: weth.transfer(address(_position), _amount);",,"L11: require(msg.value == _amount, ""Incorrect amount provided"");","11:             require(msg.value == _amount, ""Incorrect amount provided"");\n12:             // Create weth from the provided eth\n13:             // NOTE - This can be made slightly cheaper by depositing 1 wei into this\n14:             //        contract address on weth.\n15:             weth.deposit{ value: msg.value }();\n16:             weth.transfer(address(_position), _amount);\n17:             // Proceed to internal minting steps\n18:             _mint(_expiration, _position);\n19:         } else {\n20:             // Move the user's funds to the wrapped position contract\n21:             _underlying.transferFrom(msg.sender, address(_position), _amount);\n22:             // Proceed to internal minting steps\n23:             _mint(_expiration, _position);\n24:         }",i:mint,ambiguous,protected reentrancy-like pattern,external call plus guard/modifier/state-update signal,3
,DAPP::DAppSCAN-source/contracts/Runtime_Vеrification-ElementFinance/elf-contracts-637c6f959315cbb11a164555e588520c7d89122b::TestUserProxy,DAppSCAN-source/contracts/Runtime_Vеrification-ElementFinance/elf-contracts-637c6f959315cbb11a164555e588520c7d89122b/contracts/test/TestUserProxy.sol,mint,DAppSCAN-source/contracts/Runtime_Vеrification-ElementFinance/elf-contracts-637c6f959315cbb11a164555e588520c7d89122b/contracts/test/TestUserProxy.sol#L70-L94,0.932418522136393,0,,external call plus guard/modifier/state-update signal,require_assert_guard_before_call|callee_user_controlled|trusted_or_fixed_callee,require_assert_guard_before_call|callee_user_controlled|trusted_or_fixed_callee,"L16: weth.transfer(address(_position), _amount);",,"L11: require(msg.value == _amount, ""Incorrect amount provided"");","11:             require(msg.value == _amount, ""Incorrect amount provided"");\n12:             // Create weth from the provided eth\n13:             // NOTE - This can be made slightly cheaper by depositing 1 wei into this\n14:             //        contract address on weth.\n15:             weth.deposit{ value: msg.value }();\n16:             weth.transfer(address(_position), _amount);\n17:             // Proceed to internal minting steps\n18:             _mint(_expiration, _position);\n19:         } else {\n20:             // Move the user's funds to the wrapped position contract\n21:             _underlying.transferFrom(msg.sender, address(_position), _amount);\n22:             // Proceed to internal minting steps\n23:             _mint(_expiration, _position);\n24:         }",i:mint,ambiguous,protected reentrancy-like pattern,external call plus guard/modifier/state-update signal,3
,DAPP::DAppSCAN-source/contracts/PeckShield-TranchessV1.1/contract-core-68a86350313c1cb9e5467e791d3e9efaf228a0df::VotingEscrow,DAppSCAN-source/contracts/PeckShield-TranchessV1.1/contract-core-68a86350313c1cb9e5467e791d3e9efaf228a0df/contracts/governance/VotingEscrow.sol,createLock,DAppSCAN-source/contracts/PeckShield-TranchessV1.1/contract-core-68a86350313c1cb9e5467e791d3e9efaf228a0df/contracts/governance/VotingEscrow.sol#L115-L144,0.9296902904606867,0,,external call plus guard/modifier/state-update signal,require_assert_guard_before_call|nonreentrant_modifier|trusted_or_fixed_callee|safe_erc20_wrapper|contract_modifier_access_summary|contract_inheritance_modifier_summary,require_assert_guard_before_call|nonreentrant_modifier|trusted_or_fixed_callee|safe_erc20_wrapper|contract_modifier_access_summary|contract_inheritance_modifier_summary,"L27: IERC20(token).safeTransferFrom(msg.sender, address(this), amount);",L13: LockedBalance memory lockedBalance = locked[msg.sender];,nonReentrant/modifier | L7: _assertNotContract();,"22: \n23:         scheduledUnlock[unlockTime] = scheduledUnlock[unlockTime].add(amount);\n24:         locked[msg.sender].unlockTime = unlockTime;\n25:         locked[msg.sender].amount = amount;\n26: \n27:         IERC20(token).safeTransferFrom(msg.sender, address(this), amount);\n28: \n29:         emit LockCreated(msg.sender, amount, unlockTime);\n30:     }",i:createLock,protected_negative,protected reentrancy-like pattern,external call plus guard/modifier/state-update signal,6
,DAPP::DAppSCAN-source/contracts/SlowMist-Starcrazy Smart Contract Security Audit Report/starcrazy-contracts-e9e11d234ac065726e108a73dfcd5efbad26f2c5::GFSBonus,DAppSCAN-source/contracts/SlowMist-Starcrazy Smart Contract Security Audit Report/starcrazy-contracts-e9e11d234ac065726e108a73dfcd5efbad26f2c5/contract/GFSBonus.sol,withdraw,DAppSCAN-source/contracts/SlowMist-Starcrazy Smart Contract Security Audit Report/starcrazy-contracts-e9e11d234ac065726e108a73dfcd5efbad26f2c5/contract/GFSBonus.sol#L185-L207,0.9250694970369738,0,,external call plus guard/modifier/state-update signal,state_update_after_external_call|require_assert_guard_before_call|callee_user_controlled|safe_erc20_wrapper|contract_many_risky_interactions,state_update_after_external_call|require_assert_guard_before_call|callee_user_controlled|safe_erc20_wrapper|contract_many_risky_interactions,"L15: gfsToken.safeTransfer(address(msg.sender), _amount);",L2: UserInfo storage user = userInfo[msg.sender];,"L3: require(user.amount >= _amount, ""withdraw: not good"");","10:         if (pending > 0) {\n11:             sendWithdraw(msg.sender, pending);\n12:         }\n13:         if (_amount > 0) {\n14:             user.amount = user.amount.sub(_amount);\n15:             gfsToken.safeTransfer(address(msg.sender), _amount);\n16:         }\n17:         user.rewardDebt = user.amount.mul(accMintPerShare).div(1e12);\n18:         totalRewardDebt = totalRewardDebt.sub(oldRewardDebt).add(\n19:             user.rewardDebt\n20:         );\n21:         totalAmount = totalAmount.sub(oldAmount).add(user.amount);\n22:         emit Withdraw(msg.sender, _amount);\n23:     }",i:withdraw,protected_negative,protected reentrancy-like pattern,external call plus guard/modifier/state-update signal,5
,DAPP::DAppSCAN-source/contracts/consensys-DeFi_Saver/defisaver-v3-contracts-cb29669a84c2d6fffaf2231c0938eb407c060919::DFSExchangeCore,DAppSCAN-source/contracts/consensys-DeFi_Saver/defisaver-v3-contracts-cb29669a84c2d6fffaf2231c0938eb407c060919/contracts/exchangeV3/DFSExchangeCore.sol,onChainSwap,DAppSCAN-source/contracts/consensys-DeFi_Saver/defisaver-v3-contracts-cb29669a84c2d6fffaf2231c0938eb407c060919/contracts/exchangeV3/DFSExchangeCore.sol#L148-L174,0.9248694171298671,0,,external call plus guard/modifier/state-update signal,require_assert_guard_before_call|trusted_or_fixed_callee|safe_erc20_wrapper,require_assert_guard_before_call|trusted_or_fixed_callee|safe_erc20_wrapper,"L10: IERC20(_exData.srcAddr).safeTransfer(_exData.wrapper, _exData.srcAmount);",L13: swapedTokens = IExchangeV3(_exData.wrapper).sell(,L5: require(,"5:         require(\n6:             SaverExchangeRegistry(SAVER_EXCHANGE_REGISTRY).isWrapper(_exData.wrapper),\n7:             ERR_WRAPPER_INVALID\n8:         );\n9: \n10:         IERC20(_exData.srcAddr).safeTransfer(_exData.wrapper, _exData.srcAmount);\n11: \n12:         if (_type == ExchangeActionType.SELL) {\n13:             swapedTokens = IExchangeV3(_exData.wrapper).sell(\n14:                 _exData.srcAddr,\n15:                 _exData.destAddr,\n16:                 _exData.srcAmount,\n17:                 _exData.wrapperData\n18:             );",i:onChainSwap,protected_negative,protected reentrancy-like pattern,external call plus guard/modifier/state-update signal,3
,DAPP::DAppSCAN-source/contracts/consensys-DeFi_Saver/defisaver-v3-contracts-cb29669a84c2d6fffaf2231c0938eb407c060919::DFSExchange,DAppSCAN-source/contracts/consensys-DeFi_Saver/defisaver-v3-contracts-cb29669a84c2d6fffaf2231c0938eb407c060919/contracts/exchangeV3/DFSExchange.sol,onChainSwap,DAppSCAN-source/contracts/consensys-DeFi_Saver/defisaver-v3-contracts-cb29669a84c2d6fffaf2231c0938eb407c060919/contracts/exchangeV3/DFSExchange.sol#L148-L174,0.9248694171298671,0,,external call plus guard/modifier/state-update signal,require_assert_guard_before_call|trusted_or_fixed_callee|safe_erc20_wrapper,require_assert_guard_before_call|trusted_or_fixed_callee|safe_erc20_wrapper,"L10: IERC20(_exData.srcAddr).safeTransfer(_exData.wrapper, _exData.srcAmount);",L13: swapedTokens = IExchangeV3(_exData.wrapper).sell(,L5: require(,"5:         require(\n6:             SaverExchangeRegistry(SAVER_EXCHANGE_REGISTRY).isWrapper(_exData.wrapper),\n7:             ERR_WRAPPER_INVALID\n8:         );\n9: \n10:         IERC20(_exData.srcAddr).safeTransfer(_exData.wrapper, _exData.srcAmount);\n11: \n12:         if (_type == ExchangeActionType.SELL) {\n13:             swapedTokens = IExchangeV3(_exData.wrapper).sell(\n14:                 _exData.srcAddr,\n15:                 _exData.destAddr,\n16:                 _exData.srcAmount,\n17:                 _exData.wrapperData\n18:             );",i:onChainSwap,protected_negative,protected reentrancy-like pattern,external call plus guard/modifier/state-update signal,3
,DAPP::DAppSCAN-source/contracts/consensys-DeFi_Saver/defisaver-v3-contracts-cb29669a84c2d6fffaf2231c0938eb407c060919::DFSSell,DAppSCAN-source/contracts/consensys-DeFi_Saver/defisaver-v3-contracts-cb29669a84c2d6fffaf2231c0938eb407c060919/contracts/actions/exchange/DfsSell.sol,onChainSwap,DAppSCAN-source/contracts/consensys-DeFi_Saver/defisaver-v3-contracts-cb29669a84c2d6fffaf2231c0938eb407c060919/contracts/actions/exchange/DfsSell.sol#L148-L174,0.9248694171298671,0,,external call plus guard/modifier/state-update signal,require_assert_guard_before_call|trusted_or_fixed_callee|safe_erc20_wrapper,require_assert_guard_before_call|trusted_or_fixed_callee|safe_erc20_wrapper,"L10: IERC20(_exData.srcAddr).safeTransfer(_exData.wrapper, _exData.srcAmount);",L13: swapedTokens = IExchangeV3(_exData.wrapper).sell(,L5: require(,"5:         require(\n6:             SaverExchangeRegistry(SAVER_EXCHANGE_REGISTRY).isWrapper(_exData.wrapper),\n7:             ERR_WRAPPER_INVALID\n8:         );\n9: \n10:         IERC20(_exData.srcAddr).safeTransfer(_exData.wrapper, _exData.srcAmount);\n11: \n12:         if (_type == ExchangeActionType.SELL) {\n13:             swapedTokens = IExchangeV3(_exData.wrapper).sell(\n14:                 _exData.srcAddr,\n15:                 _exData.destAddr,\n16:                 _exData.srcAmount,\n17:                 _exData.wrapperData\n18:             );",i:onChainSwap,protected_negative,protected reentrancy-like pattern,external call plus guard/modifier/state-update signal,3
,DAPP::DAppSCAN-source/contracts/consensys-DeFi_Saver/defisaver-v3-contracts-cb29669a84c2d6fffaf2231c0938eb407c060919::DFSBuy,DAppSCAN-source/contracts/consensys-DeFi_Saver/defisaver-v3-contracts-cb29669a84c2d6fffaf2231c0938eb407c060919/contracts/actions/exchange/DFSBuy.sol,onChainSwap,DAppSCAN-source/contracts/consensys-DeFi_Saver/defisaver-v3-contracts-cb29669a84c2d6fffaf2231c0938eb407c060919/contracts/actions/exchange/DFSBuy.sol#L148-L174,0.9248694171298671,0,,external call plus guard/modifier/state-update signal,require_assert_guard_before_call|trusted_or_fixed_callee|safe_erc20_wrapper,require_assert_guard_before_call|trusted_or_fixed_callee|safe_erc20_wrapper,"L10: IERC20(_exData.srcAddr).safeTransfer(_exData.wrapper, _exData.srcAmount);",L13: swapedTokens = IExchangeV3(_exData.wrapper).sell(,L5: require(,"5:         require(\n6:             SaverExchangeRegistry(SAVER_EXCHANGE_REGISTRY).isWrapper(_exData.wrapper),\n7:             ERR_WRAPPER_INVALID\n8:         );\n9: \n10:         IERC20(_exData.srcAddr).safeTransfer(_exData.wrapper, _exData.srcAmount);\n11: \n12:         if (_type == ExchangeActionType.SELL) {\n13:             swapedTokens = IExchangeV3(_exData.wrapper).sell(\n14:                 _exData.srcAddr,\n15:                 _exData.destAddr,\n16:                 _exData.srcAmount,\n17:                 _exData.wrapperData\n18:             );",i:onChainSwap,protected_negative,protected reentrancy-like pattern,external call plus guard/modifier/state-update signal,3
,DAPP::DAppSCAN-source/contracts/consensys-MCDEX_Mai_Protocol_V2/mai-protocol-v2-4b198083ec4ae2d6851e101fc44ea333eaa3cd92::TestAMM,DAppSCAN-source/contracts/consensys-MCDEX_Mai_Protocol_V2/mai-protocol-v2-4b198083ec4ae2d6851e101fc44ea333eaa3cd92/contracts/test/TestAMM.sol,addLiquidity,DAppSCAN-source/contracts/consensys-MCDEX_Mai_Protocol_V2/mai-protocol-v2-4b198083ec4ae2d6851e101fc44ea333eaa3cd92/contracts/test/TestAMM.sol#L257-L277,0.9248385308798119,0,,external call plus guard/modifier/state-update signal,require_assert_guard_before_call|callee_user_controlled|contract_many_risky_interactions|contract_inheritance_modifier_summary,require_assert_guard_before_call|callee_user_controlled|contract_many_risky_interactions|contract_inheritance_modifier_summary,,L10: address trader = msg.sender;,"L2: require(perpetualProxy.status() == LibTypes.Status.NORMAL, ""wrong perpetual status"");","1: function addLiquidity(uint256 amount) public onlyBroker {\n2:         require(perpetualProxy.status() == LibTypes.Status.NORMAL, ""wrong perpetual status"");\n3:         require(amount.mod(perpetualProxy.lotSize()) == 0, ""invalid lot size"");\n4: \n5:         uint256 oldAvailableMargin;\n6:         uint256 oldPoolPositionSize;\n7:         (oldAvailableMargin, oldPoolPositionSize) = currentXY();\n8:         require(oldPoolPositionSize != 0 && oldAvailableMargin != 0, ""empty pool"");\n9: \n10:         address trader = msg.sender;\n11:         uint256 price = oldAvailableMargin.wdiv(oldPoolPositionSize);\n12: \n13:         uint256 collateralAmount = amount.wmul(price).mul(2);\n14:         perpetualProxy.transferBalanceIn(trader, collateralAmount);",i:addLiquidity,ambiguous,protected reentrancy-like pattern,external call plus guard/modifier/state-update signal,4
,DAPP::DAppSCAN-source/contracts/PeckShield-TranchessV1.1/contract-core-68a86350313c1cb9e5467e791d3e9efaf228a0df::VestingEscrow,DAppSCAN-source/contracts/PeckShield-TranchessV1.1/contract-core-68a86350313c1cb9e5467e791d3e9efaf228a0df/contracts/governance/VestingEscrow.sol,initialize,DAppSCAN-source/contracts/PeckShield-TranchessV1.1/contract-core-68a86350313c1cb9e5467e791d3e9efaf228a0df/contracts/governance/VestingEscrow.sol#L45-L54,0.9229858643881528,0,,external call plus guard/modifier/state-update signal,state_update_before_external_call|state_update_after_external_call|require_assert_guard_before_call|trusted_or_fixed_callee|safe_erc20_wrapper|contract_modifier_access_summary,state_update_before_external_call|state_update_after_external_call|require_assert_guard_before_call|trusted_or_fixed_callee|safe_erc20_wrapper|contract_modifier_access_summary,"L5: IERC20(token).safeTransferFrom(msg.sender, address(this), amount);",L7: initialLocked = amount;,"L2: require(amount != 0 && amount >= vestedAtStart_, ""Invalid amount or vestedAtStart"");","1: function initialize(uint256 amount, uint256 vestedAtStart_) external {\n2:         require(amount != 0 && amount >= vestedAtStart_, ""Invalid amount or vestedAtStart"");\n3:         require(initialLocked == 0, ""Already initialized"");\n4: \n5:         IERC20(token).safeTransferFrom(msg.sender, address(this), amount);\n6: \n7:         initialLocked = amount;\n8:         vestedAtStart = vestedAtStart_;\n9:         emit Fund(amount);\n10:     }",i:initialize,protected_negative,protected reentrancy-like pattern,external call plus guard/modifier/state-update signal,6
,DAPP::DAppSCAN-source/contracts/Trail_of_Bits-setprotocol/set-protocol-contracts-b4acf144c10b1d9f3ecde4ee2820931df1cb8e4a::CoreAdmin,DAppSCAN-source/contracts/Trail_of_Bits-setprotocol/set-protocol-contracts-b4acf144c10b1d9f3ecde4ee2820931df1cb8e4a/contracts/core/extensions/CoreAdmin.sol,removeFactory,DAppSCAN-source/contracts/Trail_of_Bits-setprotocol/set-protocol-contracts-b4acf144c10b1d9f3ecde4ee2820931df1cb8e4a/contracts/core/extensions/CoreAdmin.sol#L113-L131,0.9222116680502911,0,,external call plus guard/modifier/state-update signal,require_assert_guard_before_call|only_owner_or_access_control|contract_modifier_access_summary|access_control_signal,require_assert_guard_before_call|only_owner_or_access_control|contract_modifier_access_summary,,L12: state.factories = state.factories.remove(_factory);,"L7: require( | function removeFactory(
        address _factory
    )
        external
        onlyOwner","1: function removeFactory(\n2:         address _factory\n3:     )\n4:         external\n5:         onlyOwner\n6:     {\n7:         require(\n8:             state.validFactories[_factory],\n9:             ""Invalid Factory""\n10:         );\n11: \n12:         state.factories = state.factories.remove(_factory);\n13: \n14:         state.validFactories[_factory] = false;",i:removeFactory,ambiguous,protected reentrancy-like pattern,external call plus guard/modifier/state-update signal,3
,DAPP::DAppSCAN-source/contracts/consensys-DeFi_Saver/defisaver-v3-contracts-cb29669a84c2d6fffaf2231c0938eb407c060919::Subscriptions,DAppSCAN-source/contracts/consensys-DeFi_Saver/defisaver-v3-contracts-cb29669a84c2d6fffaf2231c0938eb407c060919/contracts/core/Subscriptions.sol,updateStrategy,DAppSCAN-source/contracts/consensys-DeFi_Saver/defisaver-v3-contracts-cb29669a84c2d6fffaf2231c0938eb407c060919/contracts/core/Subscriptions.sol#L98-L118,0.9201898181566671,0,,external call plus guard/modifier/state-update signal,state_update_before_external_call|require_assert_guard_before_call|only_owner_or_access_control|contract_modifier_access_summary|access_control_signal,state_update_before_external_call|require_assert_guard_before_call|only_owner_or_access_control|contract_modifier_access_summary,,L8: Strategy storage s = strategies[_startegyId];,"L10: require(s.proxy != address(0), ERR_EMPTY_STRATEGY); | function updateStrategy(
        uint _startegyId,
        uint _templateId,
        bool _active,
        bytes[][] memory _subData,
        bytes[][] memory _triggerData
    ) public","1: function updateStrategy(\n2:         uint _startegyId,\n3:         uint _templateId,\n4:         bool _active,\n5:         bytes[][] memory _subData,\n6:         bytes[][] memory _triggerData\n7:     ) public {\n8:         Strategy storage s = strategies[_startegyId];\n9: \n10:         require(s.proxy != address(0), ERR_EMPTY_STRATEGY);\n11:         require(msg.sender == s.proxy, ERR_SENDER_NOT_OWNER);\n12: \n13:         s.templateId = _templateId;\n14:         s.active = _active;",i:updateStrategy,ambiguous,protected reentrancy-like pattern,external call plus guard/modifier/state-update signal,4
,DAPP::DAppSCAN-source/contracts/PeckShield-Tranchessv1.0/contract-core-5ac3d997da3ef37b0135565a11c5ebcc519862aa::Fund,DAppSCAN-source/contracts/PeckShield-Tranchessv1.0/contract-core-5ac3d997da3ef37b0135565a11c5ebcc519862aa/contracts/fund/Fund.sol,settle,DAppSCAN-source/contracts/PeckShield-Tranchessv1.0/contract-core-5ac3d997da3ef37b0135565a11c5ebcc519862aa/contracts/fund/Fund.sol#L735-L809,0.9115639970754489,0,,external call plus guard/modifier/state-update signal,state_update_after_external_call|require_assert_guard_before_call|nonreentrant_modifier|trusted_or_fixed_callee|contract_modifier_access_summary|contract_inheritance_modifier_summary,state_update_after_external_call|require_assert_guard_before_call|nonreentrant_modifier|trusted_or_fixed_callee|contract_modifier_access_summary|contract_inheritance_modifier_summary,,L2: uint256 day = currentDay;,"nonReentrant/modifier | L4: require(block.timestamp >= day, ""The current trading day does not end yet"");","1: function settle() external nonReentrant {\n2:         uint256 day = currentDay;\n3:         uint256 currentWeek = _endOfWeek(day - 1 days);\n4:         require(block.timestamp >= day, ""The current trading day does not end yet"");\n5:         uint256 price = twapOracle.getTwap(day);\n6:         require(price != 0, ""Underlying price for settlement is not ready yet"");\n7: \n8:         _collectFee();\n9: \n10:         _settlePrimaryMarkets(day, price);\n11: \n12:         // Calculate NAV\n13:         uint256 totalShares = getTotalShares();\n14:         uint256 underlying = IERC20(tokenUnderlying).balanceOf(address(this));",i:settle,protected_negative,protected reentrancy-like pattern,external call plus guard/modifier/state-update signal,6
,DAPP::DAppSCAN-source/contracts/consensys-DeFi_Saver/defisaver-v3-contracts-cb29669a84c2d6fffaf2231c0938eb407c060919::DFSRegistry,DAppSCAN-source/contracts/consensys-DeFi_Saver/defisaver-v3-contracts-cb29669a84c2d6fffaf2231c0938eb407c060919/contracts/core/DFSRegistry.sol,addNewContract,DAppSCAN-source/contracts/consensys-DeFi_Saver/defisaver-v3-contracts-cb29669a84c2d6fffaf2231c0938eb407c060919/contracts/core/DFSRegistry.sol#L57-L82,0.9094116751704409,0,,external call plus guard/modifier/state-update signal,require_assert_guard_before_call|only_owner_or_access_control|contract_modifier_access_summary|access_control_signal,require_assert_guard_before_call|only_owner_or_access_control|contract_modifier_access_summary,,L8: entries[_id] = Entry({,"L6: require(!entries[_id].exists, ERR_ENTRY_ALREADY_EXISTS); | function addNewContract(
        bytes32 _id,
        address _contractAddr,
        uint256 _waitPeriod
    ) public onlyOwner","1: function addNewContract(\n2:         bytes32 _id,\n3:         address _contractAddr,\n4:         uint256 _waitPeriod\n5:     ) public onlyOwner {\n6:         require(!entries[_id].exists, ERR_ENTRY_ALREADY_EXISTS);\n7: \n8:         entries[_id] = Entry({\n9:             contractAddr: _contractAddr,\n10:             waitPeriod: _waitPeriod,\n11:             changeStartTime: 0,\n12:             inContractChange: false,\n13:             inWaitPeriodChange: false,\n14:             exists: true",i:addNewContract,ambiguous,protected reentrancy-like pattern,external call plus guard/modifier/state-update signal,3
,DAPP::DAppSCAN-source/contracts/QuillAudits-Yearn Finance-Yearn Vaults V3/yearn-vaults-e390c2a6b2ba6e2ecc8f3a72a1ea4adfabd17544::BaseStrategy,DAppSCAN-source/contracts/QuillAudits-Yearn Finance-Yearn Vaults V3/yearn-vaults-e390c2a6b2ba6e2ecc8f3a72a1ea4adfabd17544/contracts/BaseStrategy.sol,_initialize,DAppSCAN-source/contracts/QuillAudits-Yearn Finance-Yearn Vaults V3/yearn-vaults-e390c2a6b2ba6e2ecc8f3a72a1ea4adfabd17544/contracts/BaseStrategy.sol#L307-L329,0.9066681934567994,0,,external call plus guard/modifier/state-update signal,state_update_before_external_call|require_assert_guard_before_call|callee_user_controlled|safe_erc20_wrapper|contract_inheritance_modifier_summary,state_update_before_external_call|require_assert_guard_before_call|callee_user_controlled|safe_erc20_wrapper|contract_inheritance_modifier_summary,,L9: vault = VaultAPI(_vault);,"L7: require(address(want) == address(0), ""Strategy already initialized"");","1: function _initialize(\n2:         address _vault,\n3:         address _strategist,\n4:         address _rewards,\n5:         address _keeper\n6:     ) internal {\n7:         require(address(want) == address(0), ""Strategy already initialized"");\n8: \n9:         vault = VaultAPI(_vault);\n10:         want = IERC20(vault.token());\n11:         want.safeApprove(_vault, uint256(-1)); // Give Vault unlimited access (might save gas)\n12:         strategist = _strategist;\n13:         rewards = _rewards;\n14:         keeper = _keeper;",i:_initialize,protected_negative,protected reentrancy-like pattern,external call plus guard/modifier/state-update signal,5
,DAPP::DAppSCAN-source/contracts/QuillAudits-Yearn Finance-Yearn Vaults V3/yearn-vaults-e390c2a6b2ba6e2ecc8f3a72a1ea4adfabd17544::BaseStrategyInitializable,DAppSCAN-source/contracts/QuillAudits-Yearn Finance-Yearn Vaults V3/yearn-vaults-e390c2a6b2ba6e2ecc8f3a72a1ea4adfabd17544/contracts/BaseStrategy.sol,_initialize,DAppSCAN-source/contracts/QuillAudits-Yearn Finance-Yearn Vaults V3/yearn-vaults-e390c2a6b2ba6e2ecc8f3a72a1ea4adfabd17544/contracts/BaseStrategy.sol#L307-L329,0.9066681934567994,0,,external call plus guard/modifier/state-update signal,state_update_before_external_call|require_assert_guard_before_call|callee_user_controlled|safe_erc20_wrapper|contract_inheritance_modifier_summary,state_update_before_external_call|require_assert_guard_before_call|callee_user_controlled|safe_erc20_wrapper|contract_inheritance_modifier_summary,,L9: vault = VaultAPI(_vault);,"L7: require(address(want) == address(0), ""Strategy already initialized"");","1: function _initialize(\n2:         address _vault,\n3:         address _strategist,\n4:         address _rewards,\n5:         address _keeper\n6:     ) internal {\n7:         require(address(want) == address(0), ""Strategy already initialized"");\n8: \n9:         vault = VaultAPI(_vault);\n10:         want = IERC20(vault.token());\n11:         want.safeApprove(_vault, uint256(-1)); // Give Vault unlimited access (might save gas)\n12:         strategist = _strategist;\n13:         rewards = _rewards;\n14:         keeper = _keeper;",i:_initialize,protected_negative,protected reentrancy-like pattern,external call plus guard/modifier/state-update signal,5
,DAPP::DAppSCAN-source/contracts/QuillAudits-Yearn Finance-Yearn Vaults V3/yearn-vaults-e390c2a6b2ba6e2ecc8f3a72a1ea4adfabd17544::TestStrategy,DAppSCAN-source/contracts/QuillAudits-Yearn Finance-Yearn Vaults V3/yearn-vaults-e390c2a6b2ba6e2ecc8f3a72a1ea4adfabd17544/contracts/test/TestStrategy.sol,_initialize,DAppSCAN-source/contracts/QuillAudits-Yearn Finance-Yearn Vaults V3/yearn-vaults-e390c2a6b2ba6e2ecc8f3a72a1ea4adfabd17544/contracts/test/TestStrategy.sol#L307-L329,0.9066681934567994,0,,external call plus guard/modifier/state-update signal,state_update_before_external_call|require_assert_guard_before_call|callee_user_controlled|safe_erc20_wrapper|contract_inheritance_modifier_summary,state_update_before_external_call|require_assert_guard_before_call|callee_user_controlled|safe_erc20_wrapper|contract_inheritance_modifier_summary,,L9: vault = VaultAPI(_vault);,"L7: require(address(want) == address(0), ""Strategy already initialized"");","1: function _initialize(\n2:         address _vault,\n3:         address _strategist,\n4:         address _rewards,\n5:         address _keeper\n6:     ) internal {\n7:         require(address(want) == address(0), ""Strategy already initialized"");\n8: \n9:         vault = VaultAPI(_vault);\n10:         want = IERC20(vault.token());\n11:         want.safeApprove(_vault, uint256(-1)); // Give Vault unlimited access (might save gas)\n12:         strategist = _strategist;\n13:         rewards = _rewards;\n14:         keeper = _keeper;",i:_initialize,protected_negative,protected reentrancy-like pattern,external call plus guard/modifier/state-update signal,5
,DAPP::DAppSCAN-source/contracts/SlowMist-Starcrazy Smart Contract Security Audit Report/starcrazy-contracts-e9e11d234ac065726e108a73dfcd5efbad26f2c5::LPMint,DAppSCAN-source/contracts/SlowMist-Starcrazy Smart Contract Security Audit Report/starcrazy-contracts-e9e11d234ac065726e108a73dfcd5efbad26f2c5/contract/LPMint.sol,updateBlockReward,DAppSCAN-source/contracts/SlowMist-Starcrazy Smart Contract Security Audit Report/starcrazy-contracts-e9e11d234ac065726e108a73dfcd5efbad26f2c5/contract/LPMint.sol#L110-L122,0.9040574901157368,0,,external call plus guard/modifier/state-update signal,state_update_before_external_call|state_update_after_external_call|callee_user_controlled|contract_many_risky_interactions,state_update_before_external_call|state_update_after_external_call|callee_user_controlled|contract_many_risky_interactions,,L5: uint256 lpSupply = lpToken.balanceOf(address(this));,,1: function updateBlockReward() public {\n2:         if (block.number <= lastRewardBlock || rewardPerBlock == 0) {\n3:             return;\n4:         }\n5:         uint256 lpSupply = lpToken.balanceOf(address(this));\n6:         if (lpSupply == 0) {\n7:             lastRewardBlock = block.number;\n8:             return;\n9:         }\n10:         uint256 reward = block.number.sub(lastRewardBlock).mul(rewardPerBlock);\n11:         lastRewardBlock = block.number;\n12:         accMintPerShare = accMintPerShare.add(reward.mul(1e12).div(lpSupply));\n13:     },i:updateBlockReward,ambiguous,protected reentrancy-like pattern,external call plus guard/modifier/state-update signal,4
,DAPP::DAppSCAN-source/contracts/Runtime_Vеrification-ElementFinance/elf-contracts-637c6f959315cbb11a164555e588520c7d89122b::Tranche,DAppSCAN-source/contracts/Runtime_Vеrification-ElementFinance/elf-contracts-637c6f959315cbb11a164555e588520c7d89122b/contracts/Tranche.sol,prefundedDeposit,DAppSCAN-source/contracts/Runtime_Vеrification-ElementFinance/elf-contracts-637c6f959315cbb11a164555e588520c7d89122b/contracts/Tranche.sol#L89-L143,0.9030735309168645,0,,external call plus guard/modifier/state-update signal,require_assert_guard_before_call|callee_user_controlled|contract_inheritance_modifier_summary,require_assert_guard_before_call|callee_user_controlled|contract_inheritance_modifier_summary,,L18: uint256 holdingsValue = (balanceBefore * usedUnderlying) / shares;,"L7: require(block.timestamp < unlockTimestamp, ""expired"");","1: function prefundedDeposit(address _destination)\n2:         public\n3:         override\n4:         returns (uint256)\n5:     {\n6:         // We check that this it is possible to deposit\n7:         require(block.timestamp < unlockTimestamp, ""expired"");\n8:         // Since the wrapped position contract holds a balance we use the prefunded deposit method\n9:         (\n10:             uint256 shares,\n11:             uint256 usedUnderlying,\n12:             uint256 balanceBefore\n13:         ) = position.prefundedDeposit(address(this));\n14:         // The implied current value of the holding of this contract in underlying",i:prefundedDeposit,ambiguous,protected reentrancy-like pattern,external call plus guard/modifier/state-update signal,3
,DAPP::DAppSCAN-source/contracts/SlowMist-Starcrazy Smart Contract Security Audit Report/starcrazy-contracts-e9e11d234ac065726e108a73dfcd5efbad26f2c5::GFSMint,DAppSCAN-source/contracts/SlowMist-Starcrazy Smart Contract Security Audit Report/starcrazy-contracts-e9e11d234ac065726e108a73dfcd5efbad26f2c5/contract/GFSMint.sol,updateBlockReward,DAppSCAN-source/contracts/SlowMist-Starcrazy Smart Contract Security Audit Report/starcrazy-contracts-e9e11d234ac065726e108a73dfcd5efbad26f2c5/contract/GFSMint.sol#L110-L122,0.9016301947365195,0,,external call plus guard/modifier/state-update signal,state_update_before_external_call|state_update_after_external_call|callee_user_controlled|contract_many_risky_interactions,state_update_before_external_call|state_update_after_external_call|callee_user_controlled|contract_many_risky_interactions,,L5: uint256 lpSupply = lpToken.balanceOf(address(this));,,1: function updateBlockReward() public {\n2:         if (block.number <= lastRewardBlock || rewardPerBlock == 0) {\n3:             return;\n4:         }\n5:         uint256 lpSupply = lpToken.balanceOf(address(this));\n6:         if (lpSupply == 0) {\n7:             lastRewardBlock = block.number;\n8:             return;\n9:         }\n10:         uint256 reward = block.number.sub(lastRewardBlock).mul(rewardPerBlock);\n11:         lastRewardBlock = block.number;\n12:         accMintPerShare = accMintPerShare.add(reward.mul(1e12).div(lpSupply));\n13:     },i:updateBlockReward,ambiguous,protected reentrancy-like pattern,external call plus guard/modifier/state-update signal,4
,DAPP::DAppSCAN-source/contracts/SlowMist-Starcrazy Smart Contract Security Audit Report/starcrazy-contracts-e9e11d234ac065726e108a73dfcd5efbad26f2c5::AlianaSale,DAppSCAN-source/contracts/SlowMist-Starcrazy Smart Contract Security Audit Report/starcrazy-contracts-e9e11d234ac065726e108a73dfcd5efbad26f2c5/contract/AlianaSale.sol,withdrawOwnerCutSale,DAppSCAN-source/contracts/SlowMist-Starcrazy Smart Contract Security Audit Report/starcrazy-contracts-e9e11d234ac065726e108a73dfcd5efbad26f2c5/contract/AlianaSale.sol#L68-L77,0.8991942736185333,0,,external call plus guard/modifier/state-update signal,state_update_after_external_call|require_assert_guard_before_call|callee_user_controlled,state_update_after_external_call|require_assert_guard_before_call|callee_user_controlled,,L9: cutedSaleBalance = cutedSaleBalance.sub(num);,"L2: require(num <= cutedSaleBalance, ""AlianaSale: num <= cutedSaleBalance"");","1: function withdrawOwnerCutSale(uint256 num) external onlyCLevel {\n2:         require(num <= cutedSaleBalance, ""AlianaSale: num <= cutedSaleBalance"");\n3: \n4:         require(\n5:             gaeToken.transferFrom(address(this), msg.sender, num),\n6:             ""AlianaSale: failed to transfer gae token""\n7:         );\n8: \n9:         cutedSaleBalance = cutedSaleBalance.sub(num);\n10:     }",i:withdrawOwnerCutSale,ambiguous,protected reentrancy-like pattern,external call plus guard/modifier/state-update signal,3
top50_weak_or_no_safety,DAPP::DAppSCAN-source/contracts/Trail_of_Bits-YieldV2/vault-v2-819a713416249da92c44eb629ed26a49425a4656::Witch,DAppSCAN-source/contracts/Trail_of_Bits-YieldV2/vault-v2-819a713416249da92c44eb629ed26a49425a4656/contracts/Witch.sol,auction,DAppSCAN-source/contracts/Trail_of_Bits-YieldV2/vault-v2-819a713416249da92c44eb629ed26a49425a4656/contracts/Witch.sol#L78-L89,0.8963065395865271,0,,external call plus guard/modifier/state-update signal,require_assert_guard_before_call|contract_inheritance_modifier_summary,require_assert_guard_before_call|contract_inheritance_modifier_summary,,L5: DataTypes.Vault memory vault = cauldron.vaults(vaultId);,"L4: require (auctions[vaultId].start == 0, ""Vault already under auction"");","1: function auction(bytes12 vaultId)\n2:         external\n3:     {\n4:         require (auctions[vaultId].start == 0, ""Vault already under auction"");\n5:         DataTypes.Vault memory vault = cauldron.vaults(vaultId);\n6:         auctions[vaultId] = Auction({\n7:             owner: vault.owner,\n8:             start: block.timestamp.u32()\n9:         });\n10:         cauldron.grab(vaultId, address(this));\n11:         emit Auctioned(vaultId, block.timestamp.u32());\n12:     }",i:auction,ambiguous,protected reentrancy-like pattern,external call plus guard/modifier/state-update signal,2
,DAPP::DAppSCAN-source/contracts/PeckShield-Tranchessv1.0/contract-core-5ac3d997da3ef37b0135565a11c5ebcc519862aa::VotingEscrow,DAppSCAN-source/contracts/PeckShield-Tranchessv1.0/contract-core-5ac3d997da3ef37b0135565a11c5ebcc519862aa/contracts/governance/VotingEscrow.sol,createLock,DAppSCAN-source/contracts/PeckShield-Tranchessv1.0/contract-core-5ac3d997da3ef37b0135565a11c5ebcc519862aa/contracts/governance/VotingEscrow.sol#L99-L117,0.8928348385443905,0,,external call plus guard/modifier/state-update signal,require_assert_guard_before_call|nonreentrant_modifier|trusted_or_fixed_callee|contract_modifier_access_summary|contract_inheritance_modifier_summary,require_assert_guard_before_call|nonreentrant_modifier|trusted_or_fixed_callee|contract_modifier_access_summary|contract_inheritance_modifier_summary,,L4: unlockTime = (unlockTime / 1 weeks) * 1 weeks; // Locktime is rounded down to weeks,nonReentrant/modifier | L2: _assertNotContract(msg.sender);,"1: function createLock(uint256 amount, uint256 unlockTime) external nonReentrant {\n2:         _assertNotContract(msg.sender);\n3: \n4:         unlockTime = (unlockTime / 1 weeks) * 1 weeks; // Locktime is rounded down to weeks\n5:         LockedBalance memory lockedBalance = locked[msg.sender];\n6: \n7:         require(amount > 0, ""Zero value"");\n8:         require(lockedBalance.amount == 0, ""Withdraw old tokens first"");\n9:         require(unlockTime > block.timestamp, ""Can only lock until time in the future"");\n10:         require(unlockTime <= block.timestamp + maxTime, ""Voting lock cannot exceed max lock time"");\n11: \n12:         scheduledUnlock[unlockTime] = scheduledUnlock[unlockTime].add(amount);\n13:         locked[msg.sender].unlockTime = unlockTime;\n14:         locked[msg.sender].amount = amount;",i:createLock,protected_negative,protected reentrancy-like pattern,external call plus guard/modifier/state-update signal,5
top50_weak_or_no_safety,DAPP::DAppSCAN-source/contracts/Trail_of_Bits-YieldV2/vault-v2-819a713416249da92c44eb629ed26a49425a4656::Wand,DAppSCAN-source/contracts/Trail_of_Bits-YieldV2/vault-v2-819a713416249da92c44eb629ed26a49425a4656/contracts/Wand.sol,addAsset,DAppSCAN-source/contracts/Trail_of_Bits-YieldV2/vault-v2-819a713416249da92c44eb629ed26a49425a4656/contracts/Wand.sol#L70-L85,0.8834620318489178,0,,external call plus guard/modifier/state-update signal,require_assert_guard_before_call|callee_user_controlled,require_assert_guard_before_call|callee_user_controlled,,L8: AccessControl join = AccessControl(joinFactory.createJoin(asset));  // We need the access control methods of Join,"L6: require (address(asset) != address(0), ""Asset required"");","1: function addAsset(\n2:         bytes6 assetId,\n3:         address asset\n4:     ) external auth {\n5:         // Add asset to cauldron, deploy new Join, and add it to the ladle\n6:         require (address(asset) != address(0), ""Asset required"");\n7:         cauldron.addAsset(assetId, asset);\n8:         AccessControl join = AccessControl(joinFactory.createJoin(asset));  // We need the access control methods of Join\n9:         bytes4[] memory sigs = new bytes4[](2);\n10:         sigs[0] = JOIN;\n11:         sigs[1] = EXIT;\n12:         join.grantRoles(sigs, address(ladle));\n13:         join.grantRole(ROOT, msg.sender);\n14:         // join.renounceRole(ROOT, address(this));  // Wand requires ongoing rights to set up permissions to joins",i:addAsset,ambiguous,protected reentrancy-like pattern,external call plus guard/modifier/state-update signal,2
,DAPP::DAppSCAN-source/contracts/consensys-Zer0_zBanc/zBanc-48da0ac1eebbe31a74742f1ae4281b156f03a4bc::LiquidityPoolV2Converter,DAppSCAN-source/contracts/consensys-Zer0_zBanc/zBanc-48da0ac1eebbe31a74742f1ae4281b156f03a4bc/solidity/contracts/converter/types/liquidity-pool-v2/LiquidityPoolV2Converter.sol,withdrawETH,DAppSCAN-source/contracts/consensys-Zer0_zBanc/zBanc-48da0ac1eebbe31a74742f1ae4281b156f03a4bc/solidity/contracts/converter/types/liquidity-pool-v2/LiquidityPoolV2Converter.sol#L229-L245,0.8801213426908389,0,,external call plus guard/modifier/state-update signal,state_update_before_external_call|require_assert_guard_before_call|callee_user_controlled|contract_many_risky_interactions|contract_modifier_access_summary|contract_inheritance_modifier_summary,state_update_before_external_call|require_assert_guard_before_call|callee_user_controlled|contract_many_risky_interactions|contract_modifier_access_summary|contract_inheritance_modifier_summary,L13: _to.transfer(address(this).balance);,L9: address converterUpgrader = addressOf(CONVERTER_UPGRADER);,"L12: require(!isActive() || owner == converterUpgrader, ""ERR_ACCESS_DENIED"");","8:     {\n9:         address converterUpgrader = addressOf(CONVERTER_UPGRADER);\n10: \n11:         // verify that the converter is inactive or that the owner is the upgrader contract\n12:         require(!isActive() || owner == converterUpgrader, ""ERR_ACCESS_DENIED"");\n13:         _to.transfer(address(this).balance);\n14: \n15:         // sync the ETH reserve balance\n16:         syncReserveBalance(ETH_RESERVE_ADDRESS);\n17:     }",i:withdrawETH,ambiguous,protected reentrancy-like pattern,external call plus guard/modifier/state-update signal,6
,DAPP::DAppSCAN-source/contracts/consensys-Zer0_zBanc/zBanc-48da0ac1eebbe31a74742f1ae4281b156f03a4bc::TestLiquidityPoolV2Converter,DAppSCAN-source/contracts/consensys-Zer0_zBanc/zBanc-48da0ac1eebbe31a74742f1ae4281b156f03a4bc/solidity/contracts/helpers/TestLiquidityPoolV2Converter.sol,withdrawETH,DAppSCAN-source/contracts/consensys-Zer0_zBanc/zBanc-48da0ac1eebbe31a74742f1ae4281b156f03a4bc/solidity/contracts/helpers/TestLiquidityPoolV2Converter.sol#L229-L245,0.8800308306145391,0,,external call plus guard/modifier/state-update signal,state_update_before_external_call|require_assert_guard_before_call|callee_user_controlled|contract_many_risky_interactions|contract_modifier_access_summary|contract_inheritance_modifier_summary,state_update_before_external_call|require_assert_guard_before_call|callee_user_controlled|contract_many_risky_interactions|contract_modifier_access_summary|contract_inheritance_modifier_summary,L13: _to.transfer(address(this).balance);,L9: address converterUpgrader = addressOf(CONVERTER_UPGRADER);,"L12: require(!isActive() || owner == converterUpgrader, ""ERR_ACCESS_DENIED"");","8:     {\n9:         address converterUpgrader = addressOf(CONVERTER_UPGRADER);\n10: \n11:         // verify that the converter is inactive or that the owner is the upgrader contract\n12:         require(!isActive() || owner == converterUpgrader, ""ERR_ACCESS_DENIED"");\n13:         _to.transfer(address(this).balance);\n14: \n15:         // sync the ETH reserve balance\n16:         syncReserveBalance(ETH_RESERVE_ADDRESS);\n17:     }",i:withdrawETH,ambiguous,protected reentrancy-like pattern,external call plus guard/modifier/state-update signal,6
,DAPP::DAppSCAN-source/contracts/Trail_of_Bits-YieldV2/vault-v2-819a713416249da92c44eb629ed26a49425a4656::Cauldron,DAppSCAN-source/contracts/Trail_of_Bits-YieldV2/vault-v2-819a713416249da92c44eb629ed26a49425a4656/contracts/Cauldron.sol,addSeries,DAppSCAN-source/contracts/Trail_of_Bits-YieldV2/vault-v2-819a713416249da92c44eb629ed26a49425a4656/contracts/Cauldron.sol#L122-L139,0.8773481558793709,0,,external call plus guard/modifier/state-update signal,require_assert_guard_before_call|callee_user_controlled|contract_inheritance_modifier_summary,require_assert_guard_before_call|callee_user_controlled|contract_inheritance_modifier_summary,,L6: address base = assets[baseId];,"L5: require (seriesId != bytes6(0), ""Series id is zero"");","1: function addSeries(bytes6 seriesId, bytes6 baseId, IFYToken fyToken)\n2:         external\n3:         auth\n4:     {\n5:         require (seriesId != bytes6(0), ""Series id is zero"");\n6:         address base = assets[baseId];\n7:         require (base != address(0), ""Base not found"");\n8:         require (fyToken != IFYToken(address(0)), ""Series need a fyToken"");\n9:         require (fyToken.underlying() == base, ""Mismatched series and base"");\n10:         require (lendingOracles[baseId] != IOracle(address(0)), ""Rate oracle not found"");\n11:         require (series[seriesId].fyToken == IFYToken(address(0)), ""Id already used"");\n12:         series[seriesId] = DataTypes.Series({\n13:             fyToken: fyToken,\n14:             maturity: fyToken.maturity().u32(),",i:addSeries,ambiguous,protected reentrancy-like pattern,external call plus guard/modifier/state-update signal,3
,DAPP::DAppSCAN-source/contracts/consensys-DeFi_Saver/defisaver-v3-contracts-cb29669a84c2d6fffaf2231c0938eb407c060919::ScpWrapper,DAppSCAN-source/contracts/consensys-DeFi_Saver/defisaver-v3-contracts-cb29669a84c2d6fffaf2231c0938eb407c060919/contracts/exchangeV3/offchainWrappersV3/ScpWrapper.sol,takeOrder,DAppSCAN-source/contracts/consensys-DeFi_Saver/defisaver-v3-contracts-cb29669a84c2d6fffaf2231c0938eb407c060919/contracts/exchangeV3/offchainWrappersV3/ScpWrapper.sol#L25-L57,0.8728267817385988,0,,external call plus guard/modifier/state-update signal,return_value_checked|require_assert_guard_before_call|callee_user_controlled|trusted_or_fixed_callee|safe_erc20_wrapper|contract_inheritance_modifier_summary,return_value_checked|require_assert_guard_before_call|callee_user_controlled|trusted_or_fixed_callee|safe_erc20_wrapper|contract_inheritance_modifier_summary,,"L15: uint srcAmount = wdiv(_exData.destAmount, _exData.offchainData.price) + 1; // + 1 so we round up","L6: require(_exData.srcAddr.getBalance(address(this)) >= _exData.srcAmount, ERR_SRC_AMOUNT);","1: function takeOrder(\n2:         ExchangeData memory _exData,\n3:         ExchangeActionType _type\n4:     ) override public payable returns (bool success, uint256) {\n5:         // check that contract have enough balance for exchange and protocol fee\n6:         require(_exData.srcAddr.getBalance(address(this)) >= _exData.srcAmount, ERR_SRC_AMOUNT);\n7:         require(TokenUtils.ETH_ADDR.getBalance(address(this)) >= _exData.offchainData.protocolFee, ERR_PROTOCOL_FEE);\n8: \n9:         IERC20(_exData.srcAddr).safeApprove(_exData.offchainData.allowanceTarget, _exData.srcAmount);\n10: \n11:         // write in the exact amount we are selling/buing in an order\n12:         if (_type == ExchangeActionType.SELL) {\n13:             writeUint256(_exData.offchainData.callData, 36, _exData.srcAmount);\n14:         } else {",i:takeOrder,protected_negative,protected reentrancy-like pattern,external call plus guard/modifier/state-update signal,6
top50_weak_or_no_safety,DAPP::DAppSCAN-source/contracts/SlowMist-Starcrazy Smart Contract Security Audit Report/starcrazy-contracts-e9e11d234ac065726e108a73dfcd5efbad26f2c5::NFTokenMetadata,DAppSCAN-source/contracts/SlowMist-Starcrazy Smart Contract Security Audit Report/starcrazy-contracts-e9e11d234ac065726e108a73dfcd5efbad26f2c5/contract/gfc/tokens/nf-token-metadata.sol,_safeTransferFrom,DAppSCAN-source/contracts/SlowMist-Starcrazy Smart Contract Security Audit Report/starcrazy-contracts-e9e11d234ac065726e108a73dfcd5efbad26f2c5/contract/gfc/tokens/nf-token-metadata.sol#L377-L401,0.8713324860672286,0,,external call plus guard/modifier/state-update signal,require_assert_guard_before_call|callee_user_controlled,require_assert_guard_before_call|callee_user_controlled,,L7: address tokenOwner = idToOwner[_tokenId];,"L8: require(tokenOwner == _from, NOT_OWNER);","1: function _safeTransferFrom(\n2:         address _from,\n3:         address _to,\n4:         uint256 _tokenId,\n5:         bytes memory _data\n6:     ) private canTransfer(_tokenId) validNFToken(_tokenId) {\n7:         address tokenOwner = idToOwner[_tokenId];\n8:         require(tokenOwner == _from, NOT_OWNER);\n9:         require(_to != address(0), ZERO_ADDRESS);\n10: \n11:         _transfer(_to, _tokenId);\n12: \n13:         if (_to.isContract()) {\n14:             bytes4 retval = ERC721TokenReceiver(_to).onERC721Received(",i:_safeTransferFrom,ambiguous,protected reentrancy-like pattern,external call plus guard/modifier/state-update signal,2
top50_weak_or_no_safety,DAPP::DAppSCAN-source/contracts/SlowMist-Starcrazy Smart Contract Security Audit Report/starcrazy-contracts-e9e11d234ac065726e108a73dfcd5efbad26f2c5::NFToken,DAppSCAN-source/contracts/SlowMist-Starcrazy Smart Contract Security Audit Report/starcrazy-contracts-e9e11d234ac065726e108a73dfcd5efbad26f2c5/contract/gfc/tokens/nf-token.sol,_safeTransferFrom,DAppSCAN-source/contracts/SlowMist-Starcrazy Smart Contract Security Audit Report/starcrazy-contracts-e9e11d234ac065726e108a73dfcd5efbad26f2c5/contract/gfc/tokens/nf-token.sol#L377-L401,0.8713324860672286,0,,external call plus guard/modifier/state-update signal,require_assert_guard_before_call|callee_user_controlled,require_assert_guard_before_call|callee_user_controlled,,L7: address tokenOwner = idToOwner[_tokenId];,"L8: require(tokenOwner == _from, NOT_OWNER);","1: function _safeTransferFrom(\n2:         address _from,\n3:         address _to,\n4:         uint256 _tokenId,\n5:         bytes memory _data\n6:     ) private canTransfer(_tokenId) validNFToken(_tokenId) {\n7:         address tokenOwner = idToOwner[_tokenId];\n8:         require(tokenOwner == _from, NOT_OWNER);\n9:         require(_to != address(0), ZERO_ADDRESS);\n10: \n11:         _transfer(_to, _tokenId);\n12: \n13:         if (_to.isContract()) {\n14:             bytes4 retval = ERC721TokenReceiver(_to).onERC721Received(",i:_safeTransferFrom,ambiguous,protected reentrancy-like pattern,external call plus guard/modifier/state-update signal,2
top50_weak_or_no_safety,DAPP::DAppSCAN-source/contracts/SlowMist-Starcrazy Smart Contract Security Audit Report/starcrazy-contracts-e9e11d234ac065726e108a73dfcd5efbad26f2c5::NFTokenEnumerable,DAppSCAN-source/contracts/SlowMist-Starcrazy Smart Contract Security Audit Report/starcrazy-contracts-e9e11d234ac065726e108a73dfcd5efbad26f2c5/contract/gfc/tokens/nf-token-enumerable.sol,_safeTransferFrom,DAppSCAN-source/contracts/SlowMist-Starcrazy Smart Contract Security Audit Report/starcrazy-contracts-e9e11d234ac065726e108a73dfcd5efbad26f2c5/contract/gfc/tokens/nf-token-enumerable.sol#L377-L401,0.8713324860672286,0,,external call plus guard/modifier/state-update signal,require_assert_guard_before_call|callee_user_controlled,require_assert_guard_before_call|callee_user_controlled,,L7: address tokenOwner = idToOwner[_tokenId];,"L8: require(tokenOwner == _from, NOT_OWNER);","1: function _safeTransferFrom(\n2:         address _from,\n3:         address _to,\n4:         uint256 _tokenId,\n5:         bytes memory _data\n6:     ) private canTransfer(_tokenId) validNFToken(_tokenId) {\n7:         address tokenOwner = idToOwner[_tokenId];\n8:         require(tokenOwner == _from, NOT_OWNER);\n9:         require(_to != address(0), ZERO_ADDRESS);\n10: \n11:         _transfer(_to, _tokenId);\n12: \n13:         if (_to.isContract()) {\n14:             bytes4 retval = ERC721TokenReceiver(_to).onERC721Received(",i:_safeTransferFrom,ambiguous,protected reentrancy-like pattern,external call plus guard/modifier/state-update signal,2
,DAPP::DAppSCAN-source/contracts/QuillAudits-GearBox Protocol-GearBox Protocol/gearbox-contracts-0ac33ba87212ce056ac6b6357ad74161d417158a::LeveragedActions,DAppSCAN-source/contracts/QuillAudits-GearBox Protocol-GearBox Protocol/gearbox-contracts-0ac33ba87212ce056ac6b6357ad74161d417158a/contracts/credit/LeverageActions.sol,_openLong,DAppSCAN-source/contracts/QuillAudits-GearBox Protocol-GearBox Protocol/gearbox-contracts-0ac33ba87212ce056ac6b6357ad74161d417158a/contracts/credit/LeverageActions.sol#L303-L415,0.8688459447571718,0,,external call plus guard/modifier/state-update signal,require_assert_guard_before_call|callee_user_controlled|trusted_or_fixed_callee,require_assert_guard_before_call|callee_user_controlled|trusted_or_fixed_callee,,L10: collateral = ICreditManager(longParams.creditManager).underlyingToken(); // M:[LA-1],L5: require(,"1: function _openLong(LongParameters calldata longParams, uint256 referralCode)\n2:         internal\n3:         returns (address asset, address collateral)\n4:     {\n5:         require(\n6:             contractsRegister.isCreditManager(longParams.creditManager),\n7:             Errors.WG_DESTINATION_IS_NOT_CREDIT_MANAGER\n8:         );\n9: \n10:         collateral = ICreditManager(longParams.creditManager).underlyingToken(); // M:[LA-1]\n11: \n12:         uint256 amount = IERC20(collateral).balanceOf(address(this)); // M:[LA-1]\n13: \n14:         _provideCreditAccountAllowance(longParams.creditManager, collateral); // M:[LA-1]",i:_openLong,ambiguous,protected reentrancy-like pattern,external call plus guard/modifier/state-update signal,3
,DAPP::DAppSCAN-source/contracts/consensys-Zer0_zBanc/zBanc-48da0ac1eebbe31a74742f1ae4281b156f03a4bc::LiquidTokenConverter,DAppSCAN-source/contracts/consensys-Zer0_zBanc/zBanc-48da0ac1eebbe31a74742f1ae4281b156f03a4bc/solidity/contracts/converter/types/liquid-token/LiquidTokenConverter.sol,withdrawETH,DAppSCAN-source/contracts/consensys-Zer0_zBanc/zBanc-48da0ac1eebbe31a74742f1ae4281b156f03a4bc/solidity/contracts/converter/types/liquid-token/LiquidTokenConverter.sol#L229-L245,0.8680917216820164,0,,external call plus guard/modifier/state-update signal,state_update_before_external_call|require_assert_guard_before_call|callee_user_controlled|contract_many_risky_interactions|contract_modifier_access_summary|contract_inheritance_modifier_summary,state_update_before_external_call|require_assert_guard_before_call|callee_user_controlled|contract_many_risky_interactions|contract_modifier_access_summary|contract_inheritance_modifier_summary,L13: _to.transfer(address(this).balance);,L9: address converterUpgrader = addressOf(CONVERTER_UPGRADER);,"L12: require(!isActive() || owner == converterUpgrader, ""ERR_ACCESS_DENIED"");","8:     {\n9:         address converterUpgrader = addressOf(CONVERTER_UPGRADER);\n10: \n11:         // verify that the converter is inactive or that the owner is the upgrader contract\n12:         require(!isActive() || owner == converterUpgrader, ""ERR_ACCESS_DENIED"");\n13:         _to.transfer(address(this).balance);\n14: \n15:         // sync the ETH reserve balance\n16:         syncReserveBalance(ETH_RESERVE_ADDRESS);\n17:     }",i:withdrawETH,ambiguous,protected reentrancy-like pattern,external call plus guard/modifier/state-update signal,6
,DAPP::DAppSCAN-source/contracts/PeckShield-Donut/crossroad-550a8c3c010dc8c1a46ea9191d3841462bd58d82::LiquidityProxy,DAppSCAN-source/contracts/PeckShield-Donut/crossroad-550a8c3c010dc8c1a46ea9191d3841462bd58d82/contracts/LiquidityProxy.sol,addLiquidityBnb,DAppSCAN-source/contracts/PeckShield-Donut/crossroad-550a8c3c010dc8c1a46ea9191d3841462bd58d82/contracts/LiquidityProxy.sol#L85-L115,0.866932680878666,0,,external call plus guard/modifier/state-update signal,require_assert_guard_before_call|trusted_or_fixed_callee|safe_erc20_wrapper,require_assert_guard_before_call|trusted_or_fixed_callee|safe_erc20_wrapper,"L25: IERC20(_token).safeTransferFrom(msg.sender, _tokenLp, amountToken_);",L28: liquidity_ = IUniswapPool(_tokenLp).mint(_to);,"L12: require(_amountBnbDesired <= msg.value, ""LiquidityProxy: Insufficient BNB"");","20:             _amountTokenDesired,\n21:             _amountBnbDesired,\n22:             _amountTokenMin,\n23:             _amountBnbMin\n24:             );\n25:         IERC20(_token).safeTransferFrom(msg.sender, _tokenLp, amountToken_);\n26:         IWETH(WBNB).deposit{value: amountBnb_}();\n27:         IERC20(WBNB).safeTransfer(_tokenLp, amountBnb_);\n28:         liquidity_ = IUniswapPool(_tokenLp).mint(_to);\n29:         // refund excess bnb\n30:         if (_amountBnbDesired > amountBnb_) TransferHelper.safeTransferETH(msg.sender, _amountBnbDesired - amountBnb_);\n31:     }",i:addLiquidityBnb,protected_negative,protected reentrancy-like pattern,external call plus guard/modifier/state-update signal,3
,DAPP::DAppSCAN-source/contracts/QuillAudits-Lido-WstETH/lido-dao-ea6fa222004b88e6a24b566a51e5b56b0079272d::NodeOperatorsRegistry,DAppSCAN-source/contracts/QuillAudits-Lido-WstETH/lido-dao-ea6fa222004b88e6a24b566a51e5b56b0079272d/contracts/0.4.24/nos/NodeOperatorsRegistry.sol,reportStoppedValidators,DAppSCAN-source/contracts/QuillAudits-Lido-WstETH/lido-dao-ea6fa222004b88e6a24b566a51e5b56b0079272d/contracts/0.4.24/nos/NodeOperatorsRegistry.sol#L192-L201,0.8651183988099205,0,,external call plus guard/modifier/state-update signal,require_assert_guard_before_call|callee_user_controlled|contract_many_risky_interactions|contract_inheritance_modifier_summary,require_assert_guard_before_call|callee_user_controlled|contract_many_risky_interactions|contract_inheritance_modifier_summary,,L6: operators[_id].stoppedValidators = operators[_id].stoppedValidators.add(_stoppedIncrement);,"L5: require(0 != _stoppedIncrement, ""EMPTY_VALUE"");","1: function reportStoppedValidators(uint256 _id, uint64 _stoppedIncrement) external\n2:         authP(REPORT_STOPPED_VALIDATORS_ROLE, arr(_id, uint256(_stoppedIncrement)))\n3:         operatorExists(_id)\n4:     {\n5:         require(0 != _stoppedIncrement, ""EMPTY_VALUE"");\n6:         operators[_id].stoppedValidators = operators[_id].stoppedValidators.add(_stoppedIncrement);\n7:         require(operators[_id].stoppedValidators <= operators[_id].usedSigningKeys, ""STOPPED_MORE_THAN_LAUNCHED"");\n8: \n9:         emit NodeOperatorTotalStoppedValidatorsReported(_id, operators[_id].stoppedValidators);\n10:     }",i:reportStoppedValidators,ambiguous,protected reentrancy-like pattern,external call plus guard/modifier/state-update signal,4
,DAPP::DAppSCAN-source/contracts/PeckShield-TranchessV1.1/contract-core-68a86350313c1cb9e5467e791d3e9efaf228a0df::VotingEscrowV2,DAppSCAN-source/contracts/PeckShield-TranchessV1.1/contract-core-68a86350313c1cb9e5467e791d3e9efaf228a0df/contracts/governance/VotingEscrowV2.sol,createLock,DAppSCAN-source/contracts/PeckShield-TranchessV1.1/contract-core-68a86350313c1cb9e5467e791d3e9efaf228a0df/contracts/governance/VotingEscrowV2.sol#L184-L213,0.8597896145589689,0,,external call plus guard/modifier/state-update signal,require_assert_guard_before_call|nonreentrant_modifier|trusted_or_fixed_callee|safe_erc20_wrapper|contract_modifier_access_summary|contract_inheritance_modifier_summary,require_assert_guard_before_call|nonreentrant_modifier|trusted_or_fixed_callee|safe_erc20_wrapper|contract_modifier_access_summary|contract_inheritance_modifier_summary,"L23: IERC20(token).safeTransferFrom(msg.sender, address(this), amount);",L8: LockedBalance memory lockedBalance = locked[msg.sender];,nonReentrant/modifier | L2: _assertNotContract();,"18:         _checkpoint(lockedBalance.amount, lockedBalance.unlockTime, amount, unlockTime);\n19:         scheduledUnlock[unlockTime] = scheduledUnlock[unlockTime].add(amount);\n20:         locked[msg.sender].unlockTime = unlockTime;\n21:         locked[msg.sender].amount = amount;\n22: \n23:         IERC20(token).safeTransferFrom(msg.sender, address(this), amount);\n24: \n25:         if (callback != address(0)) {\n26:             IVotingEscrowCallback(callback).syncWithVotingEscrow(msg.sender);\n27:         }\n28: \n29:         emit LockCreated(msg.sender, amount, unlockTime);\n30:     }",i:createLock,protected_negative,protected reentrancy-like pattern,external call plus guard/modifier/state-update signal,6
,DAPP::DAppSCAN-source/contracts/Trail_of_Bits-setprotocol/set-protocol-contracts-b4acf144c10b1d9f3ecde4ee2820931df1cb8e4a::KyberNetworkWrapper,DAppSCAN-source/contracts/Trail_of_Bits-setprotocol/set-protocol-contracts-b4acf144c10b1d9f3ecde4ee2820931df1cb8e4a/contracts/core/exchange-wrappers/KyberNetworkWrapper.sol,exchange,DAppSCAN-source/contracts/Trail_of_Bits-setprotocol/set-protocol-contracts-b4acf144c10b1d9f3ecde4ee2820931df1cb8e4a/contracts/core/exchange-wrappers/KyberNetworkWrapper.sol#L124-L175,0.8569315979490646,0,,external call plus guard/modifier/state-update signal,require_assert_guard_before_call|callee_user_controlled|contract_inheritance_modifier_summary,require_assert_guard_before_call|callee_user_controlled|contract_inheritance_modifier_summary,,L13: uint256 tradesCount = _exchangeData.orderCount;,L8: require(,"1: function exchange(\n2:         ExchangeWrapperLibrary.ExchangeData memory _exchangeData,\n3:         bytes memory _tradesData\n4:     )\n5:         public\n6:         returns (ExchangeWrapperLibrary.ExchangeResults memory)\n7:     {\n8:         require(\n9:             ICore(core).validModules(msg.sender),\n10:             ""KyberNetworkWrapper.exchange: Sender must be approved module""\n11:         );\n12: \n13:         uint256 tradesCount = _exchangeData.orderCount;\n14:         address[] memory sendTokens = new address[](tradesCount);",i:exchange,ambiguous,protected reentrancy-like pattern,external call plus guard/modifier/state-update signal,3
,DAPP::DAppSCAN-source/contracts/Runtime_Vеrification-Tracer_Perpetual_Pools_V2/perpetual-pools-contracts-846bbf62652d7c83aee1cf3766275c4d08b00c8a::ExposedLeveragedPool,DAppSCAN-source/contracts/Runtime_Vеrification-Tracer_Perpetual_Pools_V2/perpetual-pools-contracts-846bbf62652d7c83aee1cf3766275c4d08b00c8a/contracts/test-utilities/ExposedLeveragedPool.sol,initialize,DAppSCAN-source/contracts/Runtime_Vеrification-Tracer_Perpetual_Pools_V2/perpetual-pools-contracts-846bbf62652d7c83aee1cf3766275c4d08b00c8a/contracts/test-utilities/ExposedLeveragedPool.sol#L51-L89,0.8522930837658679,0,,external call plus guard/modifier/state-update signal,state_update_before_external_call|state_update_after_external_call|require_assert_guard_before_call|contract_many_risky_interactions|contract_inheritance_modifier_summary,state_update_before_external_call|state_update_after_external_call|require_assert_guard_before_call|contract_many_risky_interactions|contract_inheritance_modifier_summary,,L15: governance = initialization._owner;,"L2: require(initialization._feeAddress != address(0), ""Fee address cannot be 0 address"");","1: function initialize(ILeveragedPool.Initialization calldata initialization) external override initializer {\n2:         require(initialization._feeAddress != address(0), ""Fee address cannot be 0 address"");\n3:         require(initialization._quoteToken != address(0), ""Quote token cannot be 0 address"");\n4:         require(initialization._oracleWrapper != address(0), ""Oracle wrapper cannot be 0 address"");\n5:         require(initialization._settlementEthOracle != address(0), ""Keeper oracle cannot be 0 address"");\n6:         require(initialization._owner != address(0), ""Owner cannot be 0 address"");\n7:         require(initialization._keeper != address(0), ""Keeper cannot be 0 address"");\n8:         require(initialization._longToken != address(0), ""Long token cannot be 0 address"");\n9:         require(initialization._shortToken != address(0), ""Short token cannot be 0 address"");\n10:         require(initialization._poolCommitter != address(0), ""PoolCommitter cannot be 0 address"");\n11: \n12:         require(initialization._fee < PoolSwapLibrary.WAD_PRECISION, ""Fee >= 100%"");\n13: \n14:         // set the owner of the pool. This is governance when deployed from the factory",i:initialize,ambiguous,protected reentrancy-like pattern,external call plus guard/modifier/state-update signal,5
,DAPP::DAppSCAN-source/contracts/Runtime_Vеrification-Tracer_Perpetual_Pools_V2/perpetual-pools-contracts-846bbf62652d7c83aee1cf3766275c4d08b00c8a::LeveragedPool,DAppSCAN-source/contracts/Runtime_Vеrification-Tracer_Perpetual_Pools_V2/perpetual-pools-contracts-846bbf62652d7c83aee1cf3766275c4d08b00c8a/contracts/implementation/LeveragedPool.sol,initialize,DAppSCAN-source/contracts/Runtime_Vеrification-Tracer_Perpetual_Pools_V2/perpetual-pools-contracts-846bbf62652d7c83aee1cf3766275c4d08b00c8a/contracts/implementation/LeveragedPool.sol#L51-L89,0.8522930837658679,0,,external call plus guard/modifier/state-update signal,state_update_before_external_call|state_update_after_external_call|require_assert_guard_before_call|contract_many_risky_interactions|contract_inheritance_modifier_summary,state_update_before_external_call|state_update_after_external_call|require_assert_guard_before_call|contract_many_risky_interactions|contract_inheritance_modifier_summary,,L15: governance = initialization._owner;,"L2: require(initialization._feeAddress != address(0), ""Fee address cannot be 0 address"");","1: function initialize(ILeveragedPool.Initialization calldata initialization) external override initializer {\n2:         require(initialization._feeAddress != address(0), ""Fee address cannot be 0 address"");\n3:         require(initialization._quoteToken != address(0), ""Quote token cannot be 0 address"");\n4:         require(initialization._oracleWrapper != address(0), ""Oracle wrapper cannot be 0 address"");\n5:         require(initialization._settlementEthOracle != address(0), ""Keeper oracle cannot be 0 address"");\n6:         require(initialization._owner != address(0), ""Owner cannot be 0 address"");\n7:         require(initialization._keeper != address(0), ""Keeper cannot be 0 address"");\n8:         require(initialization._longToken != address(0), ""Long token cannot be 0 address"");\n9:         require(initialization._shortToken != address(0), ""Short token cannot be 0 address"");\n10:         require(initialization._poolCommitter != address(0), ""PoolCommitter cannot be 0 address"");\n11: \n12:         require(initialization._fee < PoolSwapLibrary.WAD_PRECISION, ""Fee >= 100%"");\n13: \n14:         // set the owner of the pool. This is governance when deployed from the factory",i:initialize,ambiguous,protected reentrancy-like pattern,external call plus guard/modifier/state-update signal,5
,DAPP::DAppSCAN-source/contracts/Trail_of_Bits-setprotocol/set-protocol-contracts-b4acf144c10b1d9f3ecde4ee2820931df1cb8e4a::RebalancingTokenIssuanceModule,DAppSCAN-source/contracts/Trail_of_Bits-setprotocol/set-protocol-contracts-b4acf144c10b1d9f3ecde4ee2820931df1cb8e4a/contracts/core/modules/RebalancingTokenIssuanceModule.sol,redeemRebalancingSetIntoBaseComponents,DAppSCAN-source/contracts/Trail_of_Bits-setprotocol/set-protocol-contracts-b4acf144c10b1d9f3ecde4ee2820931df1cb8e4a/contracts/core/modules/RebalancingTokenIssuanceModule.sol#L68-L102,0.8517668031900034,0,,external call plus guard/modifier/state-update signal,nonreentrant_modifier|callee_user_controlled|contract_modifier_access_summary,nonreentrant_modifier|callee_user_controlled|contract_modifier_access_summary,,L18: IRebalancingSetToken rebalancingSet = IRebalancingSetToken(_rebalancingSetAddress);,nonReentrant/modifier,"1: function redeemRebalancingSetIntoBaseComponents(\n2:         address _rebalancingSetAddress,\n3:         uint256 _redeemQuantity,\n4:         uint256 _toExclude\n5:     )\n6:         external\n7:         nonReentrant\n8:     {\n9:         // Redeem RB Set to the vault attributed to this contract\n10:         coreInstance.redeemModule(\n11:             msg.sender,\n12:             address(this),\n13:             _rebalancingSetAddress,\n14:             _redeemQuantity",i:redeemRebalancingSetIntoBaseComponents,protected_negative,protected reentrancy-like pattern,external call plus guard/modifier/state-update signal,3
,DAPP::DAppSCAN-source/contracts/PeckShield-TranchessV1.1/contract-core-68a86350313c1cb9e5467e791d3e9efaf228a0df::Fund,DAppSCAN-source/contracts/PeckShield-TranchessV1.1/contract-core-68a86350313c1cb9e5467e791d3e9efaf228a0df/contracts/fund/Fund.sol,settle,DAppSCAN-source/contracts/PeckShield-TranchessV1.1/contract-core-68a86350313c1cb9e5467e791d3e9efaf228a0df/contracts/fund/Fund.sol#L737-L811,0.8514823025938818,0,,external call plus guard/modifier/state-update signal,state_update_after_external_call|require_assert_guard_before_call|nonreentrant_modifier|trusted_or_fixed_callee|contract_modifier_access_summary|contract_inheritance_modifier_summary,state_update_after_external_call|require_assert_guard_before_call|nonreentrant_modifier|trusted_or_fixed_callee|contract_modifier_access_summary|contract_inheritance_modifier_summary,,L2: uint256 day = currentDay;,"nonReentrant/modifier | L4: require(block.timestamp >= day, ""The current trading day does not end yet"");","1: function settle() external nonReentrant {\n2:         uint256 day = currentDay;\n3:         uint256 currentWeek = _endOfWeek(day - 1 days);\n4:         require(block.timestamp >= day, ""The current trading day does not end yet"");\n5:         uint256 price = twapOracle.getTwap(day);\n6:         require(price != 0, ""Underlying price for settlement is not ready yet"");\n7: \n8:         _collectFee();\n9: \n10:         _settlePrimaryMarkets(day, price);\n11: \n12:         // Calculate NAV\n13:         uint256 totalShares = getTotalShares();\n14:         uint256 underlying = IERC20(tokenUnderlying).balanceOf(address(this));",i:settle,protected_negative,protected reentrancy-like pattern,external call plus guard/modifier/state-update signal,6
,DAPP::DAppSCAN-source/contracts/Runtime_Vеrification-ElementFinance/elf-contracts-637c6f959315cbb11a164555e588520c7d89122b::PoolRegistry,DAppSCAN-source/contracts/Runtime_Vеrification-ElementFinance/elf-contracts-637c6f959315cbb11a164555e588520c7d89122b/contracts/balancer-core-v2/vault/PoolRegistry.sol,_authenticateCaller,DAppSCAN-source/contracts/Runtime_Vеrification-ElementFinance/elf-contracts-637c6f959315cbb11a164555e588520c7d89122b/contracts/balancer-core-v2/vault/PoolRegistry.sol#L68-L73,0.8513574062121607,0,,external call plus guard/modifier/state-update signal,require_assert_guard_before_call|only_owner_or_access_control|contract_modifier_access_summary|contract_inheritance_modifier_summary|access_control_signal,require_assert_guard_before_call|only_owner_or_access_control|contract_modifier_access_summary|contract_inheritance_modifier_summary,,"L4: bytes32 roleId = keccak256(abi.encodePacked(address(this), msg.sig));","L5: require(_authorizer.hasRole(roleId, msg.sender), ""SENDER_NOT_ALLOWED""); | function _authenticateCaller() internal view","1: function _authenticateCaller() internal view {\n2:         // Each external function is dynamically assigned a role ID in the Authorizer as the hash of the Vault's address\n3:         // and the function selector.\n4:         bytes32 roleId = keccak256(abi.encodePacked(address(this), msg.sig));\n5:         require(_authorizer.hasRole(roleId, msg.sender), ""SENDER_NOT_ALLOWED"");\n6:     }",i:_authenticateCaller,ambiguous,protected reentrancy-like pattern,external call plus guard/modifier/state-update signal,4
,DAPP::DAppSCAN-source/contracts/Trail_of_Bits-YieldV2/vault-v2-819a713416249da92c44eb629ed26a49425a4656::FYToken,DAppSCAN-source/contracts/Trail_of_Bits-YieldV2/vault-v2-819a713416249da92c44eb629ed26a49425a4656/contracts/FYToken.sol,flashLoan,DAppSCAN-source/contracts/Trail_of_Bits-YieldV2/vault-v2-819a713416249da92c44eb629ed26a49425a4656/contracts/FYToken.sol#L219-L229,0.8438421250512291,0,,external call plus guard/modifier/state-update signal,require_assert_guard_before_call|callee_user_controlled|contract_inheritance_modifier_summary,require_assert_guard_before_call|callee_user_controlled|contract_inheritance_modifier_summary,,,"L6: require(token == address(this), ""Unsupported currency"");","1: function flashLoan(IERC3156FlashBorrower receiver, address token, uint256 amount, bytes memory data)\n2:         external override\n3:         beforeMaturity\n4:         returns(bool)\n5:     {\n6:         require(token == address(this), ""Unsupported currency"");\n7:         _mint(address(receiver), amount);\n8:         require(receiver.onFlashLoan(msg.sender, token, amount, 0, data) == FLASH_LOAN_RETURN, ""Non-compliant borrower"");\n9:         _burn(address(receiver), amount);\n10:         return true;\n11:     }",i:flashLoan,ambiguous,protected reentrancy-like pattern,external call plus guard/modifier/state-update signal,3
top50_weak_or_no_safety,DAPP::DAppSCAN-source/contracts/Trail_of_Bits-YieldV2/vault-v2-819a713416249da92c44eb629ed26a49425a4656::ChainlinkMultiOracle,DAppSCAN-source/contracts/Trail_of_Bits-YieldV2/vault-v2-819a713416249da92c44eb629ed26a49425a4656/contracts/oracles/chainlink/ChainlinkMultiOracle.sol,_peek,DAppSCAN-source/contracts/Trail_of_Bits-YieldV2/vault-v2-819a713416249da92c44eb629ed26a49425a4656/contracts/oracles/chainlink/ChainlinkMultiOracle.sol#L78-L98,0.8385363925996346,0,,external call plus guard/modifier/state-update signal,require_assert_guard_before_call|callee_user_controlled,require_assert_guard_before_call|callee_user_controlled,,L8: Source memory source = sources[baseId][quoteId];,"L9: require (source.source != address(0), ""Source not found"");","1: function _peek(bytes6 baseId, bytes6 quoteId, uint256 amountBase)\n2:         private view\n3:         returns (uint amountQuote, uint updateTime)\n4:     {\n5:         int price;\n6:         uint80 roundId;\n7:         uint80 answeredInRound;\n8:         Source memory source = sources[baseId][quoteId];\n9:         require (source.source != address(0), ""Source not found"");\n10:         (roundId, price,, updateTime, answeredInRound) = AggregatorV3Interface(source.source).latestRoundData();\n11:         require(price > 0, ""Chainlink price <= 0"");\n12:         require(updateTime != 0, ""Incomplete round"");\n13:         require(answeredInRound >= roundId, ""Stale price"");\n14:         if (source.inverse == true) {",i:_peek,ambiguous,protected reentrancy-like pattern,external call plus guard/modifier/state-update signal,2
top50_weak_or_no_safety,DAPP::DAppSCAN-source/contracts/QuillAudits-Lido-WstETH/lido-dao-ea6fa222004b88e6a24b566a51e5b56b0079272d::LidoOracle,DAppSCAN-source/contracts/QuillAudits-Lido-WstETH/lido-dao-ea6fa222004b88e6a24b566a51e5b56b0079272d/contracts/0.4.24/oracle/LidoOracle.sol,reportBeacon,DAppSCAN-source/contracts/QuillAudits-Lido-WstETH/lido-dao-ea6fa222004b88e6a24b566a51e5b56b0079272d/contracts/0.4.24/oracle/LidoOracle.sol#L425-L468,0.8344422638854792,0,,external call plus guard/modifier/state-update signal,require_assert_guard_before_call|contract_inheritance_modifier_summary,require_assert_guard_before_call|contract_inheritance_modifier_summary,,L2: BeaconSpec memory beaconSpec = _getBeaconSpec();,"L4: require(_epochId >= expectedEpoch, ""EPOCH_IS_TOO_OLD"");","1: function reportBeacon(uint256 _epochId, uint64 _beaconBalance, uint32 _beaconValidators) external {\n2:         BeaconSpec memory beaconSpec = _getBeaconSpec();\n3:         uint256 expectedEpoch = EXPECTED_EPOCH_ID_POSITION.getStorageUint256();\n4:         require(_epochId >= expectedEpoch, ""EPOCH_IS_TOO_OLD"");\n5: \n6:         // if expected epoch has advanced, check that this is the first epoch of the current frame\n7:         // and clear the last unsuccessful reporting\n8:         if (_epochId > expectedEpoch) {\n9:             require(_epochId == _getFrameFirstEpochId(_getCurrentEpochId(beaconSpec), beaconSpec), ""UNEXPECTED_EPOCH"");\n10:             _clearReportingAndAdvanceTo(_epochId);\n11:         }\n12: \n13:         uint128 beaconBalanceEth1 = DENOMINATION_OFFSET * uint128(_beaconBalance);\n14:         emit BeaconReported(_epochId, beaconBalanceEth1, _beaconValidators, msg.sender);",i:reportBeacon,ambiguous,protected reentrancy-like pattern,external call plus guard/modifier/state-update signal,2
,DAPP::DAppSCAN-source/contracts/Runtime_Vеrification-Tracer_Perpetual_Pools_V2/perpetual-pools-contracts-846bbf62652d7c83aee1cf3766275c4d08b00c8a::PoolFactory,DAppSCAN-source/contracts/Runtime_Vеrification-Tracer_Perpetual_Pools_V2/perpetual-pools-contracts-846bbf62652d7c83aee1cf3766275c4d08b00c8a/contracts/implementation/PoolFactory.sol,deployPool,DAppSCAN-source/contracts/Runtime_Vеrification-Tracer_Perpetual_Pools_V2/perpetual-pools-contracts-846bbf62652d7c83aee1cf3766275c4d08b00c8a/contracts/implementation/PoolFactory.sol#L93-L160,0.8335473075428935,0,,external call plus guard/modifier/state-update signal,state_update_after_external_call|require_assert_guard_before_call|only_owner_or_access_control|callee_user_controlled|contract_modifier_access_summary|contract_inheritance_modifier_summary|access_control_signal,state_update_after_external_call|require_assert_guard_before_call|only_owner_or_access_control|callee_user_controlled|contract_modifier_access_summary|contract_inheritance_modifier_summary,,L2: address _poolKeeper = address(poolKeeper);,"L3: require(_poolKeeper != address(0), ""PoolKeeper not set""); | function deployPool(PoolDeployment calldata deploymentParameters) external override returns (address)","1: function deployPool(PoolDeployment calldata deploymentParameters) external override returns (address) {\n2:         address _poolKeeper = address(poolKeeper);\n3:         require(_poolKeeper != address(0), ""PoolKeeper not set"");\n4:         require(\n5:             IOracleWrapper(deploymentParameters.oracleWrapper).deployer() == msg.sender,\n6:             ""Deployer must be oracle wrapper owner""\n7:         );\n8: \n9:         bytes32 uniquePoolHash = keccak256(\n10:             abi.encode(\n11:                 deploymentParameters.leverageAmount,\n12:                 deploymentParameters.quoteToken,\n13:                 deploymentParameters.oracleWrapper\n14:             )",i:deployPool,ambiguous,protected reentrancy-like pattern,external call plus guard/modifier/state-update signal,6
top50_weak_or_no_safety,DAPP::DAppSCAN-source/contracts/Runtime_Vеrification-ElementFinance/elf-contracts-637c6f959315cbb11a164555e588520c7d89122b::GeneralPoolsBalance,DAppSCAN-source/contracts/Runtime_Vеrification-ElementFinance/elf-contracts-637c6f959315cbb11a164555e588520c7d89122b/contracts/balancer-core-v2/vault/balances/GeneralPoolsBalance.sol,_registerGeneralPoolTokens,DAppSCAN-source/contracts/Runtime_Vеrification-ElementFinance/elf-contracts-637c6f959315cbb11a164555e588520c7d89122b/contracts/balancer-core-v2/vault/balances/GeneralPoolsBalance.sol#L45-L55,0.8207542049644575,0,,external call plus guard/modifier/state-update signal,require_assert_guard_before_call|contract_inheritance_modifier_summary,require_assert_guard_before_call|contract_inheritance_modifier_summary,,L2: EnumerableMap.IERC20ToBytes32Map storage poolBalances = _generalPoolsBalances[poolId];,"L6: require(token != IERC20(0), ""ZERO_ADDRESS_TOKEN"");","1: function _registerGeneralPoolTokens(bytes32 poolId, IERC20[] memory tokens) internal {\n2:         EnumerableMap.IERC20ToBytes32Map storage poolBalances = _generalPoolsBalances[poolId];\n3: \n4:         for (uint256 i = 0; i < tokens.length; ++i) {\n5:             IERC20 token = tokens[i];\n6:             require(token != IERC20(0), ""ZERO_ADDRESS_TOKEN"");\n7:             bool added = poolBalances.set(token, 0);\n8:             require(added, ""TOKEN_ALREADY_REGISTERED"");\n9:             // No need to delete the balance entries, since they already are zero\n10:         }\n11:     }",i:_registerGeneralPoolTokens,ambiguous,protected reentrancy-like pattern,external call plus guard/modifier/state-update signal,2
,DAPP::DAppSCAN-source/contracts/QuillAudits-Lido-WstETH/lido-dao-ea6fa222004b88e6a24b566a51e5b56b0079272d::Lido,DAppSCAN-source/contracts/QuillAudits-Lido-WstETH/lido-dao-ea6fa222004b88e6a24b566a51e5b56b0079272d/contracts/0.4.24/Lido.sol,_ETH2Deposit,DAppSCAN-source/contracts/QuillAudits-Lido-WstETH/lido-dao-ea6fa222004b88e6a24b566a51e5b56b0079272d/contracts/0.4.24/Lido.sol#L483-L507,0.819537737180334,0,,external call plus guard/modifier/state-update signal,require_assert_guard_before_call|callee_user_controlled|trusted_or_fixed_callee,require_assert_guard_before_call|callee_user_controlled|trusted_or_fixed_callee,,L11: uint256 numKeys = pubkeys.length.div(PUBKEY_LENGTH);,"L8: require(pubkeys.length.mod(PUBKEY_LENGTH) == 0, ""REGISTRY_INCONSISTENT_PUBKEYS_LEN"");","1: function _ETH2Deposit(uint256 _numDeposits) internal returns (uint256) {\n2:         (bytes memory pubkeys, bytes memory signatures) = getOperators().assignNextSigningKeys(_numDeposits);\n3: \n4:         if (pubkeys.length == 0) {\n5:             return 0;\n6:         }\n7: \n8:         require(pubkeys.length.mod(PUBKEY_LENGTH) == 0, ""REGISTRY_INCONSISTENT_PUBKEYS_LEN"");\n9:         require(signatures.length.mod(SIGNATURE_LENGTH) == 0, ""REGISTRY_INCONSISTENT_SIG_LEN"");\n10: \n11:         uint256 numKeys = pubkeys.length.div(PUBKEY_LENGTH);\n12:         require(numKeys == signatures.length.div(SIGNATURE_LENGTH), ""REGISTRY_INCONSISTENT_SIG_COUNT"");\n13: \n14:         for (uint256 i = 0; i < numKeys; ++i) {",i:_ETH2Deposit,ambiguous,protected reentrancy-like pattern,external call plus guard/modifier/state-update signal,3
,DAPP::DAppSCAN-source/contracts/consensys-Zer0_zBanc/zBanc-48da0ac1eebbe31a74742f1ae4281b156f03a4bc::LiquidityPoolConverter,DAppSCAN-source/contracts/consensys-Zer0_zBanc/zBanc-48da0ac1eebbe31a74742f1ae4281b156f03a4bc/solidity/contracts/converter/LiquidityPoolConverter.sol,withdrawETH,DAppSCAN-source/contracts/consensys-Zer0_zBanc/zBanc-48da0ac1eebbe31a74742f1ae4281b156f03a4bc/solidity/contracts/converter/LiquidityPoolConverter.sol#L229-L245,0.8128324085232647,0,,external call plus guard/modifier/state-update signal,state_update_before_external_call|require_assert_guard_before_call|callee_user_controlled|contract_modifier_access_summary|contract_inheritance_modifier_summary,state_update_before_external_call|require_assert_guard_before_call|callee_user_controlled|contract_modifier_access_summary|contract_inheritance_modifier_summary,L13: _to.transfer(address(this).balance);,L9: address converterUpgrader = addressOf(CONVERTER_UPGRADER);,"L12: require(!isActive() || owner == converterUpgrader, ""ERR_ACCESS_DENIED"");","8:     {\n9:         address converterUpgrader = addressOf(CONVERTER_UPGRADER);\n10: \n11:         // verify that the converter is inactive or that the owner is the upgrader contract\n12:         require(!isActive() || owner == converterUpgrader, ""ERR_ACCESS_DENIED"");\n13:         _to.transfer(address(this).balance);\n14: \n15:         // sync the ETH reserve balance\n16:         syncReserveBalance(ETH_RESERVE_ADDRESS);\n17:     }",i:withdrawETH,ambiguous,protected reentrancy-like pattern,external call plus guard/modifier/state-update signal,5
,DAPP::DAppSCAN-source/contracts/consensys-Zer0_zBanc/zBanc-48da0ac1eebbe31a74742f1ae4281b156f03a4bc::ConverterBase,DAppSCAN-source/contracts/consensys-Zer0_zBanc/zBanc-48da0ac1eebbe31a74742f1ae4281b156f03a4bc/solidity/contracts/converter/ConverterBase.sol,withdrawETH,DAppSCAN-source/contracts/consensys-Zer0_zBanc/zBanc-48da0ac1eebbe31a74742f1ae4281b156f03a4bc/solidity/contracts/converter/ConverterBase.sol#L229-L245,0.8127690330450761,0,,external call plus guard/modifier/state-update signal,state_update_before_external_call|require_assert_guard_before_call|callee_user_controlled|contract_modifier_access_summary|contract_inheritance_modifier_summary,state_update_before_external_call|require_assert_guard_before_call|callee_user_controlled|contract_modifier_access_summary|contract_inheritance_modifier_summary,L13: _to.transfer(address(this).balance);,L9: address converterUpgrader = addressOf(CONVERTER_UPGRADER);,"L12: require(!isActive() || owner == converterUpgrader, ""ERR_ACCESS_DENIED"");","8:     {\n9:         address converterUpgrader = addressOf(CONVERTER_UPGRADER);\n10: \n11:         // verify that the converter is inactive or that the owner is the upgrader contract\n12:         require(!isActive() || owner == converterUpgrader, ""ERR_ACCESS_DENIED"");\n13:         _to.transfer(address(this).balance);\n14: \n15:         // sync the ETH reserve balance\n16:         syncReserveBalance(ETH_RESERVE_ADDRESS);\n17:     }",i:withdrawETH,ambiguous,protected reentrancy-like pattern,external call plus guard/modifier/state-update signal,5
,DAPP::DAppSCAN-source/contracts/Runtime_Vеrification-ElementFinance/elf-contracts-637c6f959315cbb11a164555e588520c7d89122b::Swaps,DAppSCAN-source/contracts/Runtime_Vеrification-ElementFinance/elf-contracts-637c6f959315cbb11a164555e588520c7d89122b/contracts/balancer-core-v2/vault/Swaps.sol,_authenticateCaller,DAppSCAN-source/contracts/Runtime_Vеrification-ElementFinance/elf-contracts-637c6f959315cbb11a164555e588520c7d89122b/contracts/balancer-core-v2/vault/Swaps.sol#L68-L73,0.8104697530577435,0,,external call plus guard/modifier/state-update signal,require_assert_guard_before_call|only_owner_or_access_control|contract_many_risky_interactions|contract_modifier_access_summary|contract_inheritance_modifier_summary|access_control_signal,require_assert_guard_before_call|only_owner_or_access_control|contract_many_risky_interactions|contract_modifier_access_summary|contract_inheritance_modifier_summary,,"L4: bytes32 roleId = keccak256(abi.encodePacked(address(this), msg.sig));","L5: require(_authorizer.hasRole(roleId, msg.sender), ""SENDER_NOT_ALLOWED""); | function _authenticateCaller() internal view","1: function _authenticateCaller() internal view {\n2:         // Each external function is dynamically assigned a role ID in the Authorizer as the hash of the Vault's address\n3:         // and the function selector.\n4:         bytes32 roleId = keccak256(abi.encodePacked(address(this), msg.sig));\n5:         require(_authorizer.hasRole(roleId, msg.sender), ""SENDER_NOT_ALLOWED"");\n6:     }",i:_authenticateCaller,ambiguous,protected reentrancy-like pattern,external call plus guard/modifier/state-update signal,5
,DAPP::DAppSCAN-source/contracts/Runtime_Vеrification-ElementFinance/elf-contracts-637c6f959315cbb11a164555e588520c7d89122b::Vault,DAppSCAN-source/contracts/Runtime_Vеrification-ElementFinance/elf-contracts-637c6f959315cbb11a164555e588520c7d89122b/contracts/balancer-core-v2/vault/Vault.sol,_authenticateCaller,DAppSCAN-source/contracts/Runtime_Vеrification-ElementFinance/elf-contracts-637c6f959315cbb11a164555e588520c7d89122b/contracts/balancer-core-v2/vault/Vault.sol#L68-L73,0.8104697530577435,0,,external call plus guard/modifier/state-update signal,require_assert_guard_before_call|only_owner_or_access_control|contract_many_risky_interactions|contract_modifier_access_summary|contract_inheritance_modifier_summary|access_control_signal,require_assert_guard_before_call|only_owner_or_access_control|contract_many_risky_interactions|contract_modifier_access_summary|contract_inheritance_modifier_summary,,"L4: bytes32 roleId = keccak256(abi.encodePacked(address(this), msg.sig));","L5: require(_authorizer.hasRole(roleId, msg.sender), ""SENDER_NOT_ALLOWED""); | function _authenticateCaller() internal view","1: function _authenticateCaller() internal view {\n2:         // Each external function is dynamically assigned a role ID in the Authorizer as the hash of the Vault's address\n3:         // and the function selector.\n4:         bytes32 roleId = keccak256(abi.encodePacked(address(this), msg.sig));\n5:         require(_authorizer.hasRole(roleId, msg.sender), ""SENDER_NOT_ALLOWED"");\n6:     }",i:_authenticateCaller,ambiguous,protected reentrancy-like pattern,external call plus guard/modifier/state-update signal,5
,DAPP::DAppSCAN-source/contracts/SlowMist-Starcrazy Smart Contract Security Audit Report/starcrazy-contracts-e9e11d234ac065726e108a73dfcd5efbad26f2c5::FlashSaleBase,DAppSCAN-source/contracts/SlowMist-Starcrazy Smart Contract Security Audit Report/starcrazy-contracts-e9e11d234ac065726e108a73dfcd5efbad26f2c5/contract/FlashSale.sol,_bidFrom,DAppSCAN-source/contracts/SlowMist-Starcrazy Smart Contract Security Audit Report/starcrazy-contracts-e9e11d234ac065726e108a73dfcd5efbad26f2c5/contract/FlashSale.sol#L306-L372,0.8052848248586881,0,,external call plus guard/modifier/state-update signal,require_assert_guard_before_call|callee_user_controlled|contract_inheritance_modifier_summary,require_assert_guard_before_call|callee_user_controlled|contract_inheritance_modifier_summary,,L9: Auction storage auction = tokenIdToAuction[_id];,"L6: require(isNowInActivity(), ""not in activity"");","1: function _bidFrom(\n2:         address _buyer,\n3:         uint256 _id,\n4:         uint256 _bidAmount\n5:     ) internal whenNotPaused {\n6:         require(isNowInActivity(), ""not in activity"");\n7: \n8:         // Get a reference to the auction struct\n9:         Auction storage auction = tokenIdToAuction[_id];\n10:         if (!_hasAuctionByInfo(auction)) {\n11:             _updateBidding();\n12:             require(\n13:                 _isBiddingNoCheck(_id),\n14:                 ""FlashSale: target id is not in the bidding""",i:_bidFrom,ambiguous,protected reentrancy-like pattern,external call plus guard/modifier/state-update signal,3
top50_most_ambiguous|top50_weak_or_no_safety,DAPP::DAppSCAN-source/contracts/Runtime_Vеrification-ElementFinance/elf-contracts-637c6f959315cbb11a164555e588520c7d89122b::MinimalSwapInfoPoolsBalance,DAppSCAN-source/contracts/Runtime_Vеrification-ElementFinance/elf-contracts-637c6f959315cbb11a164555e588520c7d89122b/contracts/balancer-core-v2/vault/balances/MinimalSwapInfoPoolsBalance.sol,_registerMinimalSwapInfoPoolTokens,DAppSCAN-source/contracts/Runtime_Vеrification-ElementFinance/elf-contracts-637c6f959315cbb11a164555e588520c7d89122b/contracts/balancer-core-v2/vault/balances/MinimalSwapInfoPoolsBalance.sol#L46-L55,0.7974322092769803,0,,external call plus guard/modifier/state-update signal,require_assert_guard_before_call|callee_user_controlled,require_assert_guard_before_call|callee_user_controlled,,L2: EnumerableSet.AddressSet storage poolTokens = _minimalSwapInfoPoolsTokens[poolId];,"L6: require(token != IERC20(0), ""ZERO_ADDRESS_TOKEN"");","1: function _registerMinimalSwapInfoPoolTokens(bytes32 poolId, IERC20[] memory tokens) internal {\n2:         EnumerableSet.AddressSet storage poolTokens = _minimalSwapInfoPoolsTokens[poolId];\n3: \n4:         for (uint256 i = 0; i < tokens.length; ++i) {\n5:             IERC20 token = tokens[i];\n6:             require(token != IERC20(0), ""ZERO_ADDRESS_TOKEN"");\n7:             bool added = poolTokens.add(address(token));\n8:             require(added, ""TOKEN_ALREADY_REGISTERED"");\n9:         }\n10:     }",i:_registerMinimalSwapInfoPoolTokens,ambiguous,protected reentrancy-like pattern,external call plus guard/modifier/state-update signal,2
top50_most_ambiguous,DAPP::DAppSCAN-source/contracts/Trail_of_Bits-setprotocol/set-protocol-contracts-b4acf144c10b1d9f3ecde4ee2820931df1cb8e4a::CoreFactory,DAppSCAN-source/contracts/Trail_of_Bits-setprotocol/set-protocol-contracts-b4acf144c10b1d9f3ecde4ee2820931df1cb8e4a/contracts/core/extensions/CoreFactory.sol,createSet,DAppSCAN-source/contracts/Trail_of_Bits-setprotocol/set-protocol-contracts-b4acf144c10b1d9f3ecde4ee2820931df1cb8e4a/contracts/core/extensions/CoreFactory.sol#L58-L104,0.7834160469311391,0,,external call plus guard/modifier/state-update signal,require_assert_guard_before_call|callee_user_controlled|contract_inheritance_modifier_summary,require_assert_guard_before_call|callee_user_controlled|contract_inheritance_modifier_summary,,L20: address newSetTokenAddress = ISetFactory(_factory).createSet(,L14: require(,"1: function createSet(\n2:         address _factory,\n3:         address[] calldata _components,\n4:         uint256[] calldata _units,\n5:         uint256 _naturalUnit,\n6:         bytes32 _name,\n7:         bytes32 _symbol,\n8:         bytes calldata _callData\n9:     )\n10:         external\n11:         returns (address)\n12:     {\n13:         // Verify Factory is linked to Core\n14:         require(",i:createSet,ambiguous,protected reentrancy-like pattern,external call plus guard/modifier/state-update signal,3
top50_most_ambiguous|top50_weak_or_no_safety,DAPP::DAppSCAN-source/contracts/PeckShield-TranchessV1.1/contract-core-68a86350313c1cb9e5467e791d3e9efaf228a0df::StakingV2TestWrapper,DAppSCAN-source/contracts/PeckShield-TranchessV1.1/contract-core-68a86350313c1cb9e5467e791d3e9efaf228a0df/contracts/test/StakingV2TestWrapper.sol,_initializeStaking,DAppSCAN-source/contracts/PeckShield-TranchessV1.1/contract-core-68a86350313c1cb9e5467e791d3e9efaf228a0df/contracts/test/StakingV2TestWrapper.sol#L131-L135,0.7723485282452226,0,,external call plus guard/modifier/state-update signal,state_update_before_external_call|require_assert_guard_before_call,state_update_before_external_call|require_assert_guard_before_call,,L3: _checkpointTimestamp = block.timestamp;,L2: require(_checkpointTimestamp == 0);,1: function _initializeStaking() internal {\n2:         require(_checkpointTimestamp == 0);\n3:         _checkpointTimestamp = block.timestamp;\n4:         _rate = IChessSchedule(chessSchedule).getRate(block.timestamp);\n5:     },i:_initializeStaking,ambiguous,protected reentrancy-like pattern,external call plus guard/modifier/state-update signal,2
top50_most_ambiguous|top50_weak_or_no_safety,DAPP::DAppSCAN-source/contracts/PeckShield-Tranchessv1.0/contract-core-5ac3d997da3ef37b0135565a11c5ebcc519862aa::InterestRateBallot,DAppSCAN-source/contracts/PeckShield-Tranchessv1.0/contract-core-5ac3d997da3ef37b0135565a11c5ebcc519862aa/contracts/governance/InterestRateBallot.sol,cast,DAppSCAN-source/contracts/PeckShield-Tranchessv1.0/contract-core-5ac3d997da3ef37b0135565a11c5ebcc519862aa/contracts/governance/InterestRateBallot.sol#L68-L100,0.7687889004945232,0,,external call plus guard/modifier/state-update signal,require_assert_guard_before_call,require_assert_guard_before_call,,L4: IVotingEscrow.LockedBalance memory lockedBalance =,"L2: require(option < maxOption, ""Invalid option"");","1: function cast(uint256 option) external {\n2:         require(option < maxOption, ""Invalid option"");\n3: \n4:         IVotingEscrow.LockedBalance memory lockedBalance =\n5:             votingEscrow.getLockedBalance(msg.sender);\n6:         Voter memory voter = voters[msg.sender];\n7:         uint256 weight = getWeight(option);\n8:         require(lockedBalance.amount > 0, ""Zero value"");\n9: \n10:         // update scheduled unlock\n11:         scheduledUnlock[voter.unlockTime] -= voter.amount;\n12:         scheduledUnlock[lockedBalance.unlockTime] += lockedBalance.amount;\n13: \n14:         scheduledWeightedUnlock[voter.unlockTime] -= voter.amount * voter.weight;",i:cast,ambiguous,protected reentrancy-like pattern,external call plus guard/modifier/state-update signal,1
top50_most_ambiguous,DAPP::DAppSCAN-source/contracts/QuillAudits-GearBox Protocol-GearBox Protocol/gearbox-contracts-0ac33ba87212ce056ac6b6357ad74161d417158a::AccountFactory,DAppSCAN-source/contracts/QuillAudits-GearBox Protocol-GearBox Protocol/gearbox-contracts-0ac33ba87212ce056ac6b6357ad74161d417158a/contracts/core/AccountFactory.sol,returnCreditAccount,DAppSCAN-source/contracts/QuillAudits-GearBox Protocol-GearBox Protocol/gearbox-contracts-0ac33ba87212ce056ac6b6357ad74161d417158a/contracts/core/AccountFactory.sol#L186-L199,0.7616160700408773,0,,external call plus guard/modifier/state-update signal,state_update_after_external_call|require_assert_guard_before_call|callee_user_controlled|contract_many_risky_interactions|contract_modifier_access_summary|contract_inheritance_modifier_summary,state_update_after_external_call|require_assert_guard_before_call|callee_user_controlled|contract_many_risky_interactions|contract_modifier_access_summary|contract_inheritance_modifier_summary,,L11: _nextCreditAccount[tail] = usedAccount; // T:[AF-7],L6: require(,"1: function returnCreditAccount(address usedAccount)\n2:         external\n3:         override\n4:         creditManagerOnly // T:[AF-12]\n5:     {\n6:         require(\n7:             ICreditAccount(usedAccount).since() != block.number,\n8:             Errors.AF_CANT_CLOSE_CREDIT_ACCOUNT_IN_THE_SAME_BLOCK\n9:         ); // T:[CM-20]\n10: \n11:         _nextCreditAccount[tail] = usedAccount; // T:[AF-7]\n12:         tail = usedAccount; // T:[AF-7]\n13:         emit ReturnCreditAccount(usedAccount); // T:[AF-8]\n14:     }",i:returnCreditAccount,ambiguous,protected reentrancy-like pattern,external call plus guard/modifier/state-update signal,6
top50_most_ambiguous|top50_weak_or_no_safety,DAPP::DAppSCAN-source/contracts/Runtime_Vеrification-ElementFinance/elf-contracts-637c6f959315cbb11a164555e588520c7d89122b::WETH9,DAppSCAN-source/contracts/Runtime_Vеrification-ElementFinance/elf-contracts-637c6f959315cbb11a164555e588520c7d89122b/contracts/balancer-core-v2/test/WETH9.sol,withdraw,DAppSCAN-source/contracts/Runtime_Vеrification-ElementFinance/elf-contracts-637c6f959315cbb11a164555e588520c7d89122b/contracts/balancer-core-v2/test/WETH9.sol#L50-L55,0.7568259656869212,0,,external call plus guard/modifier/state-update signal,require_assert_guard_before_call,require_assert_guard_before_call,L4: msg.sender.transfer(wad);,L3: balanceOf[msg.sender] -= wad;,"L2: require(balanceOf[msg.sender] >= wad, ""INSUFFICIENT_BALANCE"");","1: function withdraw(uint256 wad) public {\n2:         require(balanceOf[msg.sender] >= wad, ""INSUFFICIENT_BALANCE"");\n3:         balanceOf[msg.sender] -= wad;\n4:         msg.sender.transfer(wad);\n5:         emit Withdrawal(msg.sender, wad);\n6:     }",i:withdraw,ambiguous,protected reentrancy-like pattern,external call plus guard/modifier/state-update signal,1
top50_most_ambiguous,DAPP::DAppSCAN-source/contracts/SlowMist-Starcrazy Smart Contract Security Audit Report/starcrazy-contracts-e9e11d234ac065726e108a73dfcd5efbad26f2c5::FlashSale,DAppSCAN-source/contracts/SlowMist-Starcrazy Smart Contract Security Audit Report/starcrazy-contracts-e9e11d234ac065726e108a73dfcd5efbad26f2c5/contract/FlashSale.sol,_bidFrom,DAppSCAN-source/contracts/SlowMist-Starcrazy Smart Contract Security Audit Report/starcrazy-contracts-e9e11d234ac065726e108a73dfcd5efbad26f2c5/contract/FlashSale.sol#L306-L372,0.744965392892368,0,,external call plus guard/modifier/state-update signal,require_assert_guard_before_call|callee_user_controlled|contract_inheritance_modifier_summary,require_assert_guard_before_call|callee_user_controlled|contract_inheritance_modifier_summary,,L9: Auction storage auction = tokenIdToAuction[_id];,"L6: require(isNowInActivity(), ""not in activity"");","1: function _bidFrom(\n2:         address _buyer,\n3:         uint256 _id,\n4:         uint256 _bidAmount\n5:     ) internal whenNotPaused {\n6:         require(isNowInActivity(), ""not in activity"");\n7: \n8:         // Get a reference to the auction struct\n9:         Auction storage auction = tokenIdToAuction[_id];\n10:         if (!_hasAuctionByInfo(auction)) {\n11:             _updateBidding();\n12:             require(\n13:                 _isBiddingNoCheck(_id),\n14:                 ""FlashSale: target id is not in the bidding""",i:_bidFrom,ambiguous,protected reentrancy-like pattern,external call plus guard/modifier/state-update signal,3
top50_most_ambiguous,DAPP::DAppSCAN-source/contracts/consensys-Zer0_zBanc/zBanc-48da0ac1eebbe31a74742f1ae4281b156f03a4bc::BancorNetwork,DAppSCAN-source/contracts/consensys-Zer0_zBanc/zBanc-48da0ac1eebbe31a74742f1ae4281b156f03a4bc/solidity/contracts/BancorNetwork.sol,updateRegistry,DAppSCAN-source/contracts/consensys-Zer0_zBanc/zBanc-48da0ac1eebbe31a74742f1ae4281b156f03a4bc/solidity/contracts/BancorNetwork.sol#L56-L74,0.74434520392669,0,,external call plus guard/modifier/state-update signal,state_update_after_external_call|require_assert_guard_before_call|only_owner_or_access_control|contract_many_risky_interactions|contract_modifier_access_summary|contract_inheritance_modifier_summary|access_control_signal,state_update_after_external_call|require_assert_guard_before_call|only_owner_or_access_control|contract_many_risky_interactions|contract_modifier_access_summary|contract_inheritance_modifier_summary,,L6: IContractRegistry newRegistry = IContractRegistry(addressOf(CONTRACT_REGISTRY));,"L3: require(msg.sender == owner || !onlyOwnerCanUpdateRegistry, ""ERR_ACCESS_DENIED""); | function updateRegistry() public","1: function updateRegistry() public {\n2:         // verify that this function is permitted\n3:         require(msg.sender == owner || !onlyOwnerCanUpdateRegistry, ""ERR_ACCESS_DENIED"");\n4: \n5:         // get the new contract-registry\n6:         IContractRegistry newRegistry = IContractRegistry(addressOf(CONTRACT_REGISTRY));\n7: \n8:         // verify that the new contract-registry is different and not zero\n9:         require(newRegistry != registry && address(newRegistry) != address(0), ""ERR_INVALID_REGISTRY"");\n10: \n11:         // verify that the new contract-registry is pointing to a non-zero contract-registry\n12:         require(newRegistry.addressOf(CONTRACT_REGISTRY) != address(0), ""ERR_INVALID_REGISTRY"");\n13: \n14:         // save a backup of the current contract-registry before replacing it",i:updateRegistry,ambiguous,protected reentrancy-like pattern,external call plus guard/modifier/state-update signal,6
top50_most_ambiguous,DAPP::DAppSCAN-source/contracts/consensys-Zer0_zBanc/zBanc-48da0ac1eebbe31a74742f1ae4281b156f03a4bc::TestBancorNetwork,DAppSCAN-source/contracts/consensys-Zer0_zBanc/zBanc-48da0ac1eebbe31a74742f1ae4281b156f03a4bc/solidity/contracts/helpers/TestBancorNetwork.sol,updateRegistry,DAppSCAN-source/contracts/consensys-Zer0_zBanc/zBanc-48da0ac1eebbe31a74742f1ae4281b156f03a4bc/solidity/contracts/helpers/TestBancorNetwork.sol#L56-L74,0.74434520392669,0,,external call plus guard/modifier/state-update signal,state_update_after_external_call|require_assert_guard_before_call|only_owner_or_access_control|contract_many_risky_interactions|contract_modifier_access_summary|contract_inheritance_modifier_summary|access_control_signal,state_update_after_external_call|require_assert_guard_before_call|only_owner_or_access_control|contract_many_risky_interactions|contract_modifier_access_summary|contract_inheritance_modifier_summary,,L6: IContractRegistry newRegistry = IContractRegistry(addressOf(CONTRACT_REGISTRY));,"L3: require(msg.sender == owner || !onlyOwnerCanUpdateRegistry, ""ERR_ACCESS_DENIED""); | function updateRegistry() public","1: function updateRegistry() public {\n2:         // verify that this function is permitted\n3:         require(msg.sender == owner || !onlyOwnerCanUpdateRegistry, ""ERR_ACCESS_DENIED"");\n4: \n5:         // get the new contract-registry\n6:         IContractRegistry newRegistry = IContractRegistry(addressOf(CONTRACT_REGISTRY));\n7: \n8:         // verify that the new contract-registry is different and not zero\n9:         require(newRegistry != registry && address(newRegistry) != address(0), ""ERR_INVALID_REGISTRY"");\n10: \n11:         // verify that the new contract-registry is pointing to a non-zero contract-registry\n12:         require(newRegistry.addressOf(CONTRACT_REGISTRY) != address(0), ""ERR_INVALID_REGISTRY"");\n13: \n14:         // save a backup of the current contract-registry before replacing it",i:updateRegistry,ambiguous,protected reentrancy-like pattern,external call plus guard/modifier/state-update signal,6
top50_most_ambiguous,DAPP::DAppSCAN-source/contracts/Trail_of_Bits-YieldV2/vault-v2-819a713416249da92c44eb629ed26a49425a4656::Router,DAppSCAN-source/contracts/Trail_of_Bits-YieldV2/vault-v2-819a713416249da92c44eb629ed26a49425a4656/contracts/Router.sol,route,DAppSCAN-source/contracts/Trail_of_Bits-YieldV2/vault-v2-819a713416249da92c44eb629ed26a49425a4656/contracts/Router.sol#L21-L30,0.7442357788889946,0,,external call plus guard/modifier/state-update signal,return_value_checked|require_assert_guard_before_call|only_owner_or_access_control|callee_user_controlled|contract_modifier_access_summary|contract_inheritance_modifier_summary|access_control_signal,return_value_checked|require_assert_guard_before_call|only_owner_or_access_control|callee_user_controlled|contract_modifier_access_summary|contract_inheritance_modifier_summary,"L8: (success, result) = target.call(data);",,"L5: require(msg.sender == owner, ""Only owner""); | function route(address target, bytes calldata data)
        external payable
        returns (bytes memory result)","3:         returns (bytes memory result)\n4:     {\n5:         require(msg.sender == owner, ""Only owner"");\n6:         require(target.isContract(), ""Target is not a contract"");\n7:         bool success;\n8:         (success, result) = target.call(data);\n9:         if (!success) revert(RevertMsgExtractor.getRevertMsg(result));\n10:     }",i:route,ambiguous,protected reentrancy-like pattern,external call plus guard/modifier/state-update signal,6
top50_most_ambiguous,DAPP::DAppSCAN-source/contracts/Runtime_Vеrification-ElementFinance/elf-contracts-637c6f959315cbb11a164555e588520c7d89122b::TrancheFactory,DAppSCAN-source/contracts/Runtime_Vеrification-ElementFinance/elf-contracts-637c6f959315cbb11a164555e588520c7d89122b/contracts/factories/TrancheFactory.sol,deployTranche,DAppSCAN-source/contracts/Runtime_Vеrification-ElementFinance/elf-contracts-637c6f959315cbb11a164555e588520c7d89122b/contracts/factories/TrancheFactory.sol#L38-L92,0.7440449205708042,0,,external call plus guard/modifier/state-update signal,state_update_before_external_call|state_update_after_external_call|callee_user_controlled,state_update_before_external_call|state_update_after_external_call|callee_user_controlled,,L5: _tempWpAddress = _wpAddress;,,"1: function deployTranche(uint256 _expiration, address _wpAddress)\n2:         public\n3:         returns (Tranche)\n4:     {\n5:         _tempWpAddress = _wpAddress;\n6:         _tempExpiration = _expiration;\n7: \n8:         IWrappedPosition wpContract = IWrappedPosition(_wpAddress);\n9:         bytes32 salt = keccak256(abi.encodePacked(_wpAddress, _expiration));\n10:         string memory wpSymbol = wpContract.symbol();\n11:         IERC20 underlying = wpContract.token();\n12:         uint8 underlyingDecimals = underlying.decimals();\n13: \n14:         // derive the expected tranche address",i:deployTranche,ambiguous,protected reentrancy-like pattern,external call plus guard/modifier/state-update signal,3
top50_most_ambiguous|top50_weak_or_no_safety,DAPP::DAppSCAN-source/contracts/Trail_of_Bits-YieldV2/vault-v2-819a713416249da92c44eb629ed26a49425a4656::UniswapV3Oracle,DAppSCAN-source/contracts/Trail_of_Bits-YieldV2/vault-v2-819a713416249da92c44eb629ed26a49425a4656/contracts/oracles/uniswap/UniswapV3Oracle.sol,_peek,DAppSCAN-source/contracts/Trail_of_Bits-YieldV2/vault-v2-819a713416249da92c44eb629ed26a49425a4656/contracts/oracles/uniswap/UniswapV3Oracle.sol#L73-L87,0.7342816283824258,0,,external call plus guard/modifier/state-update signal,require_assert_guard_before_call,require_assert_guard_before_call,,L5: Source memory source = sources[base][quote];,"L7: require(source.source != address(0), ""Source not found"");","1: function _peek(bytes6 base, bytes6 quote, uint256 amount)\n2:         private view\n3:         returns (uint256 value, uint256 updateTime)\n4:     {\n5:         Source memory source = sources[base][quote];\n6:         SourceData memory sourceData;\n7:         require(source.source != address(0), ""Source not found"");\n8:         sourceData = sourcesData[source.source];\n9:         if (source.inverse) {\n10:             value = UniswapV3OracleLibraryMock.consult(sourceData.factory, sourceData.quoteToken, sourceData.baseToken, sourceData.fee, amount, secondsAgo);\n11:         } else {\n12:             value = UniswapV3OracleLibraryMock.consult(sourceData.factory, sourceData.baseToken, sourceData.quoteToken, sourceData.fee, amount, secondsAgo);\n13:         }\n14:         updateTime = block.timestamp - secondsAgo;",i:_peek,ambiguous,protected reentrancy-like pattern,external call plus guard/modifier/state-update signal,1
top50_most_ambiguous,DAPP::DAppSCAN-source/contracts/SlowMist-Starcrazy Smart Contract Security Audit Report/starcrazy-contracts-e9e11d234ac065726e108a73dfcd5efbad26f2c5::Auction,DAppSCAN-source/contracts/SlowMist-Starcrazy Smart Contract Security Audit Report/starcrazy-contracts-e9e11d234ac065726e108a73dfcd5efbad26f2c5/contract/Auction.sol,setGeneScienceAddress,DAppSCAN-source/contracts/SlowMist-Starcrazy Smart Contract Security Audit Report/starcrazy-contracts-e9e11d234ac065726e108a73dfcd5efbad26f2c5/contract/Auction.sol#L45-L51,0.7231135186647133,0,,external call plus guard/modifier/state-update signal,state_update_after_external_call|require_assert_guard_before_call|callee_user_controlled|contract_inheritance_modifier_summary,state_update_after_external_call|require_assert_guard_before_call|callee_user_controlled|contract_inheritance_modifier_summary,,L6: geneScience = _address;,"L3: require(_address.isGeneScience(), ""Aliana: not gene"");","1: function setGeneScienceAddress(IGeneScience _address) public onlyCEO {\n2:         // NOTE: verify that a contract is what we expect - https://github.com/Lunyr/crowdsale-contracts/blob/cfadd15986c30521d8ba7d5b6f57b4fefcc7ac38/contracts/LunyrToken.sol#L117\n3:         require(_address.isGeneScience(), ""Aliana: not gene"");\n4: \n5:         // Set the new contract address\n6:         geneScience = _address;\n7:     }",i:setGeneScienceAddress,ambiguous,protected reentrancy-like pattern,external call plus guard/modifier/state-update signal,4
top50_most_ambiguous|top50_weak_or_no_safety,DAPP::DAppSCAN-source/contracts/Trail_of_Bits-YieldV2/vault-v2-819a713416249da92c44eb629ed26a49425a4656::CompositeMultiOracle,DAppSCAN-source/contracts/Trail_of_Bits-YieldV2/vault-v2-819a713416249da92c44eb629ed26a49425a4656/contracts/oracles/composite/CompositeMultiOracle.sol,_peek,DAppSCAN-source/contracts/Trail_of_Bits-YieldV2/vault-v2-819a713416249da92c44eb629ed26a49425a4656/contracts/oracles/composite/CompositeMultiOracle.sol#L84-L92,0.6933014007300455,0,,external call plus guard/modifier/state-update signal,require_assert_guard_before_call,require_assert_guard_before_call,,L5: IOracle source = sources[base][quote];,"L6: require (address(source) != address(0), ""Source not found"");","1: function _peek(bytes6 base, bytes6 quote, uint256 amountBase, uint256 updateTimeIn)\n2:         private view\n3:         returns (uint amountQuote, uint updateTimeOut)\n4:     {\n5:         IOracle source = sources[base][quote];\n6:         require (address(source) != address(0), ""Source not found"");\n7:         (amountQuote, updateTimeOut) = source.peek(base, quote, amountBase);\n8:         updateTimeOut = (updateTimeOut < updateTimeIn) ? updateTimeOut : updateTimeIn;                 // Take the oldest update time\n9:     }",i:_peek,ambiguous,protected reentrancy-like pattern,external call plus guard/modifier/state-update signal,1
top50_most_ambiguous,DAPP::DAppSCAN-source/contracts/PeckShield-TranchessV1.1/contract-core-68a86350313c1cb9e5467e791d3e9efaf228a0df::LiquidityStaking,DAppSCAN-source/contracts/PeckShield-TranchessV1.1/contract-core-68a86350313c1cb9e5467e791d3e9efaf228a0df/contracts/governance/LiquidityStaking.sol,initialize,DAppSCAN-source/contracts/PeckShield-TranchessV1.1/contract-core-68a86350313c1cb9e5467e791d3e9efaf228a0df/contracts/governance/LiquidityStaking.sol#L45-L53,0.6910693047127271,0,,external call plus guard/modifier/state-update signal,state_update_before_external_call|state_update_after_external_call|require_assert_guard_before_call|trusted_or_fixed_callee|safe_erc20_wrapper|contract_modifier_access_summary,state_update_before_external_call|state_update_after_external_call|require_assert_guard_before_call|trusted_or_fixed_callee|safe_erc20_wrapper|contract_modifier_access_summary,"L6: IERC20(rewardToken).safeTransferFrom(msg.sender, address(this), amount);",L5: uint256 amount = rate_.mul(endTimestamp.sub(startTimestamp));,"L2: require(rate == 0 && rate_ != 0, ""Should not initialize twice"");","1: function initialize(uint256 rate_) external {\n2:         require(rate == 0 && rate_ != 0, ""Should not initialize twice"");\n3:         require(startTimestamp >= block.timestamp, ""Start cannot be in the past"");\n4: \n5:         uint256 amount = rate_.mul(endTimestamp.sub(startTimestamp));\n6:         IERC20(rewardToken).safeTransferFrom(msg.sender, address(this), amount);\n7: \n8:         rate = rate_;\n9:     }",i:initialize,protected_negative,protected reentrancy-like pattern,external call plus guard/modifier/state-update signal,6
top50_most_ambiguous,DAPP::DAppSCAN-source/contracts/Runtime_Vеrification-ElementFinance/elf-contracts-637c6f959315cbb11a164555e588520c7d89122b::WeightedPool,DAppSCAN-source/contracts/Runtime_Vеrification-ElementFinance/elf-contracts-637c6f959315cbb11a164555e588520c7d89122b/contracts/balancer-core-v2/pools/weighted/WeightedPool.sol,_onInitializePool,DAppSCAN-source/contracts/Runtime_Vеrification-ElementFinance/elf-contracts-637c6f959315cbb11a164555e588520c7d89122b/contracts/balancer-core-v2/pools/weighted/WeightedPool.sol#L201-L223,0.6880188631001686,0,,external call plus guard/modifier/state-update signal,state_update_after_external_call|require_assert_guard_before_call|contract_inheritance_modifier_summary,state_update_after_external_call|require_assert_guard_before_call|contract_inheritance_modifier_summary,,L7: WeightedPool.JoinKind kind = userData.joinKind();,"L8: require(kind == WeightedPool.JoinKind.INIT, ""UNINITIALIZED"");","1: function _onInitializePool(\n2:         bytes32,\n3:         address,\n4:         address,\n5:         bytes memory userData\n6:     ) internal override returns (uint256, uint256[] memory) {\n7:         WeightedPool.JoinKind kind = userData.joinKind();\n8:         require(kind == WeightedPool.JoinKind.INIT, ""UNINITIALIZED"");\n9: \n10:         uint256[] memory amountsIn = userData.initialAmountsIn();\n11:         require(amountsIn.length == _totalTokens, ""ERR_AMOUNTS_IN_LENGTH"");\n12:         _upscaleArray(amountsIn, _scalingFactors());\n13: \n14:         uint256[] memory normalizedWeights = _normalizedWeights();",i:_onInitializePool,ambiguous,protected reentrancy-like pattern,external call plus guard/modifier/state-update signal,3
top50_most_ambiguous,DAPP::DAppSCAN-source/contracts/consensys-Amp/amp-token-contracts-6871b6c64c712835b332e515cc553308dcbbc539::HolderCollateralPartitionValidator,DAppSCAN-source/contracts/consensys-Amp/amp-token-contracts-6871b6c64c712835b332e515cc553308dcbbc539/contracts/partitions/HolderCollateralPartitionValidator.sol,tokensFromPartitionToValidate,DAppSCAN-source/contracts/consensys-Amp/amp-token-contracts-6871b6c64c712835b332e515cc553308dcbbc539/contracts/partitions/HolderCollateralPartitionValidator.sol#L100-L143,0.6736303578727064,0,,external call plus guard/modifier/state-update signal,require_assert_guard_before_call|callee_user_controlled|contract_inheritance_modifier_summary,require_assert_guard_before_call|callee_user_controlled|contract_inheritance_modifier_summary,,L28: senderImplementation = ERC1820Client.interfaceAddr(,"L11: require(msg.sender == address(amp), ""Validator hook must be called by amp"");","1: function tokensFromPartitionToValidate(\n2:         bytes4 _functionSig,\n3:         bytes32 _fromPartition,\n4:         address _operator,\n5:         address _from,\n6:         address _to,\n7:         uint256 _value,\n8:         bytes calldata _data,\n9:         bytes calldata _operatorData\n10:     ) external override {\n11:         require(msg.sender == address(amp), ""Validator hook must be called by amp"");\n12: \n13:         (, , address fromPartitionOwner) = _splitPartition(_fromPartition);\n14: ",i:tokensFromPartitionToValidate,ambiguous,protected reentrancy-like pattern,external call plus guard/modifier/state-update signal,3
top50_most_ambiguous,DAPP::DAppSCAN-source/contracts/QuillAudits-GearBox Protocol-GearBox Protocol/gearbox-contracts-0ac33ba87212ce056ac6b6357ad74161d417158a::PriceOracle,DAppSCAN-source/contracts/QuillAudits-GearBox Protocol-GearBox Protocol/gearbox-contracts-0ac33ba87212ce056ac6b6357ad74161d417158a/contracts/oracles/PriceOracle.sol,pause,DAppSCAN-source/contracts/QuillAudits-GearBox Protocol-GearBox Protocol/gearbox-contracts-0ac33ba87212ce056ac6b6357ad74161d417158a/contracts/oracles/PriceOracle.sol#L34-L40,0.669358748014325,0,,external call plus guard/modifier/state-update signal,require_assert_guard_before_call|only_owner_or_access_control|contract_modifier_access_summary|contract_inheritance_modifier_summary|access_control_signal,require_assert_guard_before_call|only_owner_or_access_control|contract_modifier_access_summary|contract_inheritance_modifier_summary,,,L2: require( | function pause() external,"1: function pause() external {\n2:         require(\n3:             _acl.isPausableAdmin(msg.sender),\n4:             Errors.ACL_CALLER_NOT_PAUSABLE_ADMIN\n5:         ); // T:[ACLT-1]\n6:         _pause();\n7:     }",i:pause,ambiguous,protected reentrancy-like pattern,external call plus guard/modifier/state-update signal,4
top50_most_ambiguous,DAPP::DAppSCAN-source/contracts/QuillAudits-GearBox Protocol-GearBox Protocol/gearbox-contracts-0ac33ba87212ce056ac6b6357ad74161d417158a::CreditAccount,DAppSCAN-source/contracts/QuillAudits-GearBox Protocol-GearBox Protocol/gearbox-contracts-0ac33ba87212ce056ac6b6357ad74161d417158a/contracts/credit/CreditAccount.sol,cancelAllowance,DAppSCAN-source/contracts/QuillAudits-GearBox Protocol-GearBox Protocol/gearbox-contracts-0ac33ba87212ce056ac6b6357ad74161d417158a/contracts/credit/CreditAccount.sol#L104-L110,0.6552140589649976,0,,external call plus guard/modifier/state-update signal,require_assert_guard_before_call|trusted_or_fixed_callee|safe_erc20_wrapper|contract_inheritance_modifier_summary,require_assert_guard_before_call|trusted_or_fixed_callee|safe_erc20_wrapper|contract_inheritance_modifier_summary,,,"L5: require(msg.sender == factory, Errors.CA_FACTORY_ONLY);","1: function cancelAllowance(address token, address targetContract)\n2:         external\n3:         override\n4:     {\n5:         require(msg.sender == factory, Errors.CA_FACTORY_ONLY);\n6:         IERC20(token).safeApprove(targetContract, 0);\n7:     }",i:cancelAllowance,protected_negative,protected reentrancy-like pattern,external call plus guard/modifier/state-update signal,4
top50_most_ambiguous,DAPP::DAppSCAN-source/contracts/consensys-Zer0_zBanc/zBanc-48da0ac1eebbe31a74742f1ae4281b156f03a4bc::ConverterRegistryData,DAppSCAN-source/contracts/consensys-Zer0_zBanc/zBanc-48da0ac1eebbe31a74742f1ae4281b156f03a4bc/solidity/contracts/converter/ConverterRegistryData.sol,updateRegistry,DAppSCAN-source/contracts/consensys-Zer0_zBanc/zBanc-48da0ac1eebbe31a74742f1ae4281b156f03a4bc/solidity/contracts/converter/ConverterRegistryData.sol#L56-L74,0.6550351248451848,0,,external call plus guard/modifier/state-update signal,state_update_after_external_call|require_assert_guard_before_call|only_owner_or_access_control|contract_modifier_access_summary|contract_inheritance_modifier_summary|access_control_signal,state_update_after_external_call|require_assert_guard_before_call|only_owner_or_access_control|contract_modifier_access_summary|contract_inheritance_modifier_summary,,L6: IContractRegistry newRegistry = IContractRegistry(addressOf(CONTRACT_REGISTRY));,"L3: require(msg.sender == owner || !onlyOwnerCanUpdateRegistry, ""ERR_ACCESS_DENIED""); | function updateRegistry() public","1: function updateRegistry() public {\n2:         // verify that this function is permitted\n3:         require(msg.sender == owner || !onlyOwnerCanUpdateRegistry, ""ERR_ACCESS_DENIED"");\n4: \n5:         // get the new contract-registry\n6:         IContractRegistry newRegistry = IContractRegistry(addressOf(CONTRACT_REGISTRY));\n7: \n8:         // verify that the new contract-registry is different and not zero\n9:         require(newRegistry != registry && address(newRegistry) != address(0), ""ERR_INVALID_REGISTRY"");\n10: \n11:         // verify that the new contract-registry is pointing to a non-zero contract-registry\n12:         require(newRegistry.addressOf(CONTRACT_REGISTRY) != address(0), ""ERR_INVALID_REGISTRY"");\n13: \n14:         // save a backup of the current contract-registry before replacing it",i:updateRegistry,ambiguous,protected reentrancy-like pattern,external call plus guard/modifier/state-update signal,5
top50_most_ambiguous|top50_weak_or_no_safety,DAPP::DAppSCAN-source/contracts/Trail_of_Bits-setprotocol/set-protocol-contracts-b4acf144c10b1d9f3ecde4ee2820931df1cb8e4a::RebalancingSetTokenFactory,DAppSCAN-source/contracts/Trail_of_Bits-setprotocol/set-protocol-contracts-b4acf144c10b1d9f3ecde4ee2820931df1cb8e4a/contracts/core/tokens/RebalancingSetTokenFactory.sol,createSet,DAppSCAN-source/contracts/Trail_of_Bits-setprotocol/set-protocol-contracts-b4acf144c10b1d9f3ecde4ee2820931df1cb8e4a/contracts/core/tokens/RebalancingSetTokenFactory.sol#L131-L189,0.6484817065745166,0,,external call plus guard/modifier/state-update signal,require_assert_guard_before_call,require_assert_guard_before_call,,L31: address startingSet = _components[0];,L13: require(,"1: function createSet(\n2:         address[] calldata _components,\n3:         uint256[] calldata _units,\n4:         uint256 _naturalUnit,\n5:         bytes32 _name,\n6:         bytes32 _symbol,\n7:         bytes calldata _callData\n8:     )\n9:         external\n10:         returns (address)\n11:     {\n12:         // Expecting caller to be Core\n13:         require(\n14:             msg.sender == core,",i:createSet,ambiguous,protected reentrancy-like pattern,external call plus guard/modifier/state-update signal,1
top50_most_ambiguous|top50_weak_or_no_safety,DAPP::DAppSCAN-source/contracts/Trail_of_Bits-YieldV2/vault-v2-819a713416249da92c44eb629ed26a49425a4656::TLMModule,DAppSCAN-source/contracts/Trail_of_Bits-YieldV2/vault-v2-819a713416249da92c44eb629ed26a49425a4656/contracts/modules/TLMModule.sol,register,DAppSCAN-source/contracts/Trail_of_Bits-YieldV2/vault-v2-819a713416249da92c44eb629ed26a49425a4656/contracts/modules/TLMModule.sol#L43-L64,0.6304955750646852,0,,external call plus guard/modifier/state-update signal,require_assert_guard_before_call,require_assert_guard_before_call,,L5: DataTypes.Series memory series = cauldron.series(seriesId);,"L4: require(address(this) == address(tlmModule), ""No delegatecall"");","1: function register(bytes6 seriesId, bytes32 ilk)\n2:         external\n3:     {\n4:         require(address(this) == address(tlmModule), ""No delegatecall"");\n5:         DataTypes.Series memory series = cauldron.series(seriesId);\n6:         IFYToken fyToken = series.fyToken;\n7:         require (fyToken != IFYToken(address(0)), ""Series not found"");\n8: \n9:         // Check the maturity and ilk match\n10:         (address gemJoin,) = tlm.ilks(ilk);\n11:         require (gemJoin != address(0), ""Ilk not found"");\n12: \n13:         require(\n14:             address(AuthGemJoinAbstract(gemJoin).gem()) == address(fyToken),",i:register,ambiguous,protected reentrancy-like pattern,external call plus guard/modifier/state-update signal,1
top50_most_ambiguous|top50_weak_or_no_safety,DAPP::DAppSCAN-source/contracts/PeckShield-TranchessV1.1/contract-core-68a86350313c1cb9e5467e791d3e9efaf228a0df::InterestRateBallot,DAppSCAN-source/contracts/PeckShield-TranchessV1.1/contract-core-68a86350313c1cb9e5467e791d3e9efaf228a0df/contracts/governance/InterestRateBallot.sol,cast,DAppSCAN-source/contracts/PeckShield-TranchessV1.1/contract-core-68a86350313c1cb9e5467e791d3e9efaf228a0df/contracts/governance/InterestRateBallot.sol#L81-L120,0.5977540348029383,0,,external call plus guard/modifier/state-update signal,require_assert_guard_before_call|contract_inheritance_modifier_summary,require_assert_guard_before_call|contract_inheritance_modifier_summary,,L4: IVotingEscrow.LockedBalance memory lockedBalance =,"L2: require(option < maxOption, ""Invalid option"");","1: function cast(uint256 option) external {\n2:         require(option < maxOption, ""Invalid option"");\n3: \n4:         IVotingEscrow.LockedBalance memory lockedBalance =\n5:             votingEscrow.getLockedBalance(msg.sender);\n6:         Voter memory voter = voters[msg.sender];\n7:         uint256 weight = getWeight(option);\n8:         require(lockedBalance.amount > 0, ""Zero value"");\n9: \n10:         // update scheduled unlock\n11:         scheduledUnlock[voter.unlockTime] = scheduledUnlock[voter.unlockTime].sub(voter.amount);\n12:         scheduledUnlock[lockedBalance.unlockTime] = scheduledUnlock[lockedBalance.unlockTime].add(\n13:             lockedBalance.amount\n14:         );",i:cast,ambiguous,protected reentrancy-like pattern,external call plus guard/modifier/state-update signal,2
top50_most_ambiguous,DAPP::DAppSCAN-source/contracts/SlowMist-Starcrazy Smart Contract Security Audit Report/starcrazy-contracts-e9e11d234ac065726e108a73dfcd5efbad26f2c5::Aliana,DAppSCAN-source/contracts/SlowMist-Starcrazy Smart Contract Security Audit Report/starcrazy-contracts-e9e11d234ac065726e108a73dfcd5efbad26f2c5/contract/Aliana.sol,setGeneScienceAddress,DAppSCAN-source/contracts/SlowMist-Starcrazy Smart Contract Security Audit Report/starcrazy-contracts-e9e11d234ac065726e108a73dfcd5efbad26f2c5/contract/Aliana.sol#L42-L47,0.5937324976396422,0,,external call plus guard/modifier/state-update signal,state_update_after_external_call|require_assert_guard_before_call|callee_user_controlled|contract_modifier_access_summary|contract_inheritance_modifier_summary,state_update_after_external_call|require_assert_guard_before_call|callee_user_controlled|contract_modifier_access_summary|contract_inheritance_modifier_summary,,L5: geneScience = _address;,"L2: require(_address.isGeneScience(), ""Aliana: not gene"");","1: function setGeneScienceAddress(IGeneScience _address) public onlyCEO {\n2:         require(_address.isGeneScience(), ""Aliana: not gene"");\n3: \n4:         // Set the new contract address\n5:         geneScience = _address;\n6:     }",i:setGeneScienceAddress,ambiguous,protected reentrancy-like pattern,external call plus guard/modifier/state-update signal,5
top50_most_ambiguous,DAPP::DAppSCAN-source/contracts/Trail_of_Bits-FujiProtocol/fuji-protocol-933ea57b11889d87744efa23e95c90b7bf589402::FujiERC1155,DAppSCAN-source/contracts/Trail_of_Bits-FujiProtocol/fuji-protocol-933ea57b11889d87744efa23e95c90b7bf589402/contracts/FujiERC1155.sol,addInitializeAsset,DAppSCAN-source/contracts/Trail_of_Bits-FujiProtocol/fuji-protocol-933ea57b11889d87744efa23e95c90b7bf589402/contracts/FujiERC1155.sol#L275-L291,0.5570661980406104,0,,external call plus guard/modifier/state-update signal,state_update_after_external_call|require_assert_guard_before_call|contract_inheritance_modifier_summary,state_update_after_external_call|require_assert_guard_before_call|contract_inheritance_modifier_summary,,L9: assetIDs[_type][_addr] = qtyOfManagedAssets;,"L7: require(assetIDs[_type][_addr] == 0, Errors.VL_ASSET_EXISTS);","1: function addInitializeAsset(AssetType _type, address _addr)\n2:     external\n3:     override\n4:     onlyPermit\n5:     returns (uint64)\n6:   {\n7:     require(assetIDs[_type][_addr] == 0, Errors.VL_ASSET_EXISTS);\n8: \n9:     assetIDs[_type][_addr] = qtyOfManagedAssets;\n10:     assetIDtype[qtyOfManagedAssets] = _type;\n11: \n12:     //Initialize the liquidity Index\n13:     indexes[qtyOfManagedAssets] = WadRayMath.ray();\n14:     qtyOfManagedAssets++;",i:addInitializeAsset,ambiguous,protected reentrancy-like pattern,external call plus guard/modifier/state-update signal,3
top50_most_ambiguous,DAPP::DAppSCAN-source/contracts/Runtime_Vеrification-ElementFinance/elf-contracts-637c6f959315cbb11a164555e588520c7d89122b::StablePool,DAppSCAN-source/contracts/Runtime_Vеrification-ElementFinance/elf-contracts-637c6f959315cbb11a164555e588520c7d89122b/contracts/balancer-core-v2/pools/stable/StablePool.sol,_onInitializePool,DAppSCAN-source/contracts/Runtime_Vеrification-ElementFinance/elf-contracts-637c6f959315cbb11a164555e588520c7d89122b/contracts/balancer-core-v2/pools/stable/StablePool.sol#L82-L101,0.5450471719599064,0,,external call plus guard/modifier/state-update signal,state_update_after_external_call|require_assert_guard_before_call|contract_inheritance_modifier_summary,state_update_after_external_call|require_assert_guard_before_call|contract_inheritance_modifier_summary,,L7: StablePool.JoinKind kind = userData.joinKind();,"L8: require(kind == StablePool.JoinKind.INIT, ""UNINITIALIZED"");","1: function _onInitializePool(\n2:         bytes32,\n3:         address,\n4:         address,\n5:         bytes memory userData\n6:     ) internal override returns (uint256, uint256[] memory) {\n7:         StablePool.JoinKind kind = userData.joinKind();\n8:         require(kind == StablePool.JoinKind.INIT, ""UNINITIALIZED"");\n9: \n10:         uint256[] memory amountsIn = userData.initialAmountsIn();\n11:         InputHelpers.ensureInputLengthMatch(amountsIn.length, _totalTokens);\n12:         _upscaleArray(amountsIn, _scalingFactors());\n13: \n14:         uint256 invariantAfterJoin = StableMath._invariant(_amp, amountsIn);",i:_onInitializePool,ambiguous,protected reentrancy-like pattern,external call plus guard/modifier/state-update signal,3
top50_most_ambiguous,DAPP::DAppSCAN-source/contracts/consensys-Zer0_zBanc/zBanc-48da0ac1eebbe31a74742f1ae4281b156f03a4bc::ConverterRegistry,DAppSCAN-source/contracts/consensys-Zer0_zBanc/zBanc-48da0ac1eebbe31a74742f1ae4281b156f03a4bc/solidity/contracts/converter/ConverterRegistry.sol,updateRegistry,DAppSCAN-source/contracts/consensys-Zer0_zBanc/zBanc-48da0ac1eebbe31a74742f1ae4281b156f03a4bc/solidity/contracts/converter/ConverterRegistry.sol#L56-L74,0.5394217872250124,0,,external call plus guard/modifier/state-update signal,state_update_after_external_call|require_assert_guard_before_call|only_owner_or_access_control|contract_many_risky_interactions|contract_modifier_access_summary|contract_inheritance_modifier_summary|access_control_signal,state_update_after_external_call|require_assert_guard_before_call|only_owner_or_access_control|contract_many_risky_interactions|contract_modifier_access_summary|contract_inheritance_modifier_summary,,L6: IContractRegistry newRegistry = IContractRegistry(addressOf(CONTRACT_REGISTRY));,"L3: require(msg.sender == owner || !onlyOwnerCanUpdateRegistry, ""ERR_ACCESS_DENIED""); | function updateRegistry() public","1: function updateRegistry() public {\n2:         // verify that this function is permitted\n3:         require(msg.sender == owner || !onlyOwnerCanUpdateRegistry, ""ERR_ACCESS_DENIED"");\n4: \n5:         // get the new contract-registry\n6:         IContractRegistry newRegistry = IContractRegistry(addressOf(CONTRACT_REGISTRY));\n7: \n8:         // verify that the new contract-registry is different and not zero\n9:         require(newRegistry != registry && address(newRegistry) != address(0), ""ERR_INVALID_REGISTRY"");\n10: \n11:         // verify that the new contract-registry is pointing to a non-zero contract-registry\n12:         require(newRegistry.addressOf(CONTRACT_REGISTRY) != address(0), ""ERR_INVALID_REGISTRY"");\n13: \n14:         // save a backup of the current contract-registry before replacing it",i:updateRegistry,ambiguous,protected reentrancy-like pattern,external call plus guard/modifier/state-update signal,6
top50_most_ambiguous,DAPP::DAppSCAN-source/contracts/consensys-Zer0_zBanc/zBanc-48da0ac1eebbe31a74742f1ae4281b156f03a4bc::TestConverterRegistry,DAppSCAN-source/contracts/consensys-Zer0_zBanc/zBanc-48da0ac1eebbe31a74742f1ae4281b156f03a4bc/solidity/contracts/helpers/TestConverterRegistry.sol,updateRegistry,DAppSCAN-source/contracts/consensys-Zer0_zBanc/zBanc-48da0ac1eebbe31a74742f1ae4281b156f03a4bc/solidity/contracts/helpers/TestConverterRegistry.sol#L56-L74,0.53086135238325,0,,external call plus guard/modifier/state-update signal,state_update_after_external_call|require_assert_guard_before_call|only_owner_or_access_control|contract_modifier_access_summary|contract_inheritance_modifier_summary|access_control_signal,state_update_after_external_call|require_assert_guard_before_call|only_owner_or_access_control|contract_modifier_access_summary|contract_inheritance_modifier_summary,,L6: IContractRegistry newRegistry = IContractRegistry(addressOf(CONTRACT_REGISTRY));,"L3: require(msg.sender == owner || !onlyOwnerCanUpdateRegistry, ""ERR_ACCESS_DENIED""); | function updateRegistry() public","1: function updateRegistry() public {\n2:         // verify that this function is permitted\n3:         require(msg.sender == owner || !onlyOwnerCanUpdateRegistry, ""ERR_ACCESS_DENIED"");\n4: \n5:         // get the new contract-registry\n6:         IContractRegistry newRegistry = IContractRegistry(addressOf(CONTRACT_REGISTRY));\n7: \n8:         // verify that the new contract-registry is different and not zero\n9:         require(newRegistry != registry && address(newRegistry) != address(0), ""ERR_INVALID_REGISTRY"");\n10: \n11:         // verify that the new contract-registry is pointing to a non-zero contract-registry\n12:         require(newRegistry.addressOf(CONTRACT_REGISTRY) != address(0), ""ERR_INVALID_REGISTRY"");\n13: \n14:         // save a backup of the current contract-registry before replacing it",i:updateRegistry,ambiguous,protected reentrancy-like pattern,external call plus guard/modifier/state-update signal,5
top50_most_ambiguous|top50_weak_or_no_safety,DAPP::DAppSCAN-source/contracts/Runtime_Vеrification-ElementFinance/elf-contracts-637c6f959315cbb11a164555e588520c7d89122b::TwoTokenPoolsBalance,DAppSCAN-source/contracts/Runtime_Vеrification-ElementFinance/elf-contracts-637c6f959315cbb11a164555e588520c7d89122b/contracts/balancer-core-v2/vault/balances/TwoTokenPoolsBalance.sol,_getTwoTokenPoolSharedBalances,DAppSCAN-source/contracts/Runtime_Vеrification-ElementFinance/elf-contracts-637c6f959315cbb11a164555e588520c7d89122b/contracts/balancer-core-v2/vault/balances/TwoTokenPoolsBalance.sol#L183-L210,0.49175412005213875,0,,external call plus guard/modifier/state-update signal,require_assert_guard_before_call,require_assert_guard_before_call,,"L15: bytes32 pairHash = _getTwoTokenPairHash(tokenA, tokenB);","L24: require(exists, ""TOKEN_NOT_REGISTERED"");","1: function _getTwoTokenPoolSharedBalances(\n2:         bytes32 poolId,\n3:         IERC20 tokenX,\n4:         IERC20 tokenY\n5:     )\n6:         internal\n7:         view\n8:         returns (\n9:             bytes32 balanceA,\n10:             bytes32 balanceB,\n11:             TwoTokenPoolBalances storage poolBalances\n12:         )\n13:     {\n14:         (IERC20 tokenA, IERC20 tokenB) = _sortTwoTokens(tokenX, tokenY);",i:_getTwoTokenPoolSharedBalances,ambiguous,protected reentrancy-like pattern,external call plus guard/modifier/state-update signal,1
top50_most_ambiguous,DAPP::DAppSCAN-source/contracts/SlowMist-Starcrazy Smart Contract Security Audit Report/starcrazy-contracts-e9e11d234ac065726e108a73dfcd5efbad26f2c5::ClockAuctionBase,DAppSCAN-source/contracts/SlowMist-Starcrazy Smart Contract Security Audit Report/starcrazy-contracts-e9e11d234ac065726e108a73dfcd5efbad26f2c5/contract/Auction.sol,setGeneScienceAddress,DAppSCAN-source/contracts/SlowMist-Starcrazy Smart Contract Security Audit Report/starcrazy-contracts-e9e11d234ac065726e108a73dfcd5efbad26f2c5/contract/Auction.sol#L45-L51,0.4653028881009951,0,,external call plus guard/modifier/state-update signal,state_update_after_external_call|require_assert_guard_before_call|callee_user_controlled|contract_inheritance_modifier_summary,state_update_after_external_call|require_assert_guard_before_call|callee_user_controlled|contract_inheritance_modifier_summary,,L6: geneScience = _address;,"L3: require(_address.isGeneScience(), ""Aliana: not gene"");","1: function setGeneScienceAddress(IGeneScience _address) public onlyCEO {\n2:         // NOTE: verify that a contract is what we expect - https://github.com/Lunyr/crowdsale-contracts/blob/cfadd15986c30521d8ba7d5b6f57b4fefcc7ac38/contracts/LunyrToken.sol#L117\n3:         require(_address.isGeneScience(), ""Aliana: not gene"");\n4: \n5:         // Set the new contract address\n6:         geneScience = _address;\n7:     }",i:setGeneScienceAddress,ambiguous,protected reentrancy-like pattern,external call plus guard/modifier/state-update signal,4
top50_most_ambiguous|top50_weak_or_no_safety,DAPP::DAppSCAN-source/contracts/SlowMist-Starcrazy Smart Contract Security Audit Report/starcrazy-contracts-e9e11d234ac065726e108a73dfcd5efbad26f2c5::GFT,DAppSCAN-source/contracts/SlowMist-Starcrazy Smart Contract Security Audit Report/starcrazy-contracts-e9e11d234ac065726e108a73dfcd5efbad26f2c5/contract/GFT.sol,transferFrom,DAppSCAN-source/contracts/SlowMist-Starcrazy Smart Contract Security Audit Report/starcrazy-contracts-e9e11d234ac065726e108a73dfcd5efbad26f2c5/contract/GFT.sol#L113-L138,0.44011339704679775,0,,external call plus guard/modifier/state-update signal,require_assert_guard_before_call|callee_user_controlled,require_assert_guard_before_call|callee_user_controlled,,L19: IERC223Receiving receiver = IERC223Receiving(to_);,L10: revert();,"1: function transferFrom(\n2:         address from_,\n3:         address to_,\n4:         uint256 amount_,\n5:         bytes memory data_\n6:     ) public transfersAllowed returns (bool success) {\n7:         // Alerts the token _controller of the transfer\n8:         if (isContract(_controller)) {\n9:             if (!ITokenController(_controller).onTransfer(from_, to_, amount_))\n10:                 revert();\n11:         }\n12: \n13:         require(\n14:             super.transferFrom(from_, to_, amount_),",i:transferFrom,ambiguous,protected reentrancy-like pattern,external call plus guard/modifier/state-update signal,2
top50_most_ambiguous|top50_weak_or_no_safety,DAPP::DAppSCAN-source/contracts/SlowMist-Starcrazy Smart Contract Security Audit Report/starcrazy-contracts-e9e11d234ac065726e108a73dfcd5efbad26f2c5::GFS,DAppSCAN-source/contracts/SlowMist-Starcrazy Smart Contract Security Audit Report/starcrazy-contracts-e9e11d234ac065726e108a73dfcd5efbad26f2c5/contract/GFS.sol,transferFrom,DAppSCAN-source/contracts/SlowMist-Starcrazy Smart Contract Security Audit Report/starcrazy-contracts-e9e11d234ac065726e108a73dfcd5efbad26f2c5/contract/GFS.sol#L122-L147,0.4392721143731211,0,,external call plus guard/modifier/state-update signal,require_assert_guard_before_call|callee_user_controlled,require_assert_guard_before_call|callee_user_controlled,,L19: IERC223Receiving receiver = IERC223Receiving(to_);,L10: revert();,"1: function transferFrom(\n2:         address from_,\n3:         address to_,\n4:         uint256 amount_,\n5:         bytes memory data_\n6:     ) public transfersAllowed returns (bool success) {\n7:         // Alerts the token _controller of the transfer\n8:         if (isContract(_controller)) {\n9:             if (!ITokenController(_controller).onTransfer(from_, to_, amount_))\n10:                 revert();\n11:         }\n12: \n13:         require(\n14:             super.transferFrom(from_, to_, amount_),",i:transferFrom,ambiguous,protected reentrancy-like pattern,external call plus guard/modifier/state-update signal,2
top50_most_ambiguous|top50_weak_or_no_safety,DAPP::DAppSCAN-source/contracts/consensys-Zer0_zBanc/zBanc-48da0ac1eebbe31a74742f1ae4281b156f03a4bc::DynamicLiquidTokenConverterFactory,DAppSCAN-source/contracts/consensys-Zer0_zBanc/zBanc-48da0ac1eebbe31a74742f1ae4281b156f03a4bc/solidity/contracts/converter/types/liquid-token/DynamicLiquidTokenConverterFactory.sol,createConverter,DAppSCAN-source/contracts/consensys-Zer0_zBanc/zBanc-48da0ac1eebbe31a74742f1ae4281b156f03a4bc/solidity/contracts/converter/types/liquid-token/DynamicLiquidTokenConverterFactory.sol#L94-L137,0.41885471933446444,0,,external call plus guard/modifier/state-update signal,require_assert_guard_before_call|callee_user_controlled,require_assert_guard_before_call|callee_user_controlled,L25: address(converter).transfer(msg.value);,"L17: DynamicLiquidTokenConverter converter = new DynamicLiquidTokenConverter(IDSToken(address(_anchor)), _registry, _maxConversionFee);","L19: require(_reserveToken == ETH_RESERVE_ADDRESS ? msg.value == _reserveBalance : msg.value == 0, ""ERR_ETH_AMOUNT_MISMATCH"");","20: \n21:         converter.addReserve(_reserveToken, _reserveWeight);\n22: \n23:         if (_reserveBalance > 0)\n24:           if (_reserveToken == ETH_RESERVE_ADDRESS)\n25:               address(converter).transfer(msg.value);\n26:           else\n27:               safeTransferFrom(_reserveToken, msg.sender, address(converter), _reserveBalance);\n28: \n29:         converter.setMinimumWeight(_minimumWeight);\n30:         converter.setStepWeight(_stepWeight);\n31:         converter.setMarketCapThreshold(_marketCapThreshold);\n32: \n33:         if (_anchor.owner() != address(this))",i:createConverter,ambiguous,protected reentrancy-like pattern,external call plus guard/modifier/state-update signal,2
top50_most_ambiguous,DAPP::DAppSCAN-source/contracts/consensys-Zer0_zBanc/zBanc-48da0ac1eebbe31a74742f1ae4281b156f03a4bc::PoolTokensContainer,DAppSCAN-source/contracts/consensys-Zer0_zBanc/zBanc-48da0ac1eebbe31a74742f1ae4281b156f03a4bc/solidity/contracts/converter/types/liquidity-pool-v2/PoolTokensContainer.sol,createToken,DAppSCAN-source/contracts/consensys-Zer0_zBanc/zBanc-48da0ac1eebbe31a74742f1ae4281b156f03a4bc/solidity/contracts/converter/types/liquidity-pool-v2/PoolTokensContainer.sol#L53-L63,0.41623921665289804,0,,external call plus guard/modifier/state-update signal,require_assert_guard_before_call|callee_user_controlled|contract_inheritance_modifier_summary,require_assert_guard_before_call|callee_user_controlled|contract_inheritance_modifier_summary,,"L5: string memory poolName = concatStrDigit(name, uint8(_poolTokens.length + 1));","L3: require(_poolTokens.length < MAX_POOL_TOKENS, ""ERR_MAX_LIMIT_REACHED"");","1: function createToken() external override ownerOnly returns (IDSToken) {\n2:         // verify that the max limit wasn't reached\n3:         require(_poolTokens.length < MAX_POOL_TOKENS, ""ERR_MAX_LIMIT_REACHED"");\n4: \n5:         string memory poolName = concatStrDigit(name, uint8(_poolTokens.length + 1));\n6:         string memory poolSymbol = concatStrDigit(symbol, uint8(_poolTokens.length + 1));\n7: \n8:         DSToken token = new DSToken(poolName, poolSymbol, decimals);\n9:         _poolTokens.push(token);\n10:         return token;\n11:     }",i:createToken,ambiguous,protected reentrancy-like pattern,external call plus guard/modifier/state-update signal,3
top50_most_ambiguous,DAPP::DAppSCAN-source/contracts/consensys-Zer0_zBanc/zBanc-48da0ac1eebbe31a74742f1ae4281b156f03a4bc::ConverterUpgrader,DAppSCAN-source/contracts/consensys-Zer0_zBanc/zBanc-48da0ac1eebbe31a74742f1ae4281b156f03a4bc/solidity/contracts/converter/ConverterUpgrader.sol,updateRegistry,DAppSCAN-source/contracts/consensys-Zer0_zBanc/zBanc-48da0ac1eebbe31a74742f1ae4281b156f03a4bc/solidity/contracts/converter/ConverterUpgrader.sol#L56-L74,0.406805591464697,0,,external call plus guard/modifier/state-update signal,state_update_after_external_call|require_assert_guard_before_call|only_owner_or_access_control|contract_many_risky_interactions|contract_modifier_access_summary|contract_inheritance_modifier_summary|access_control_signal,state_update_after_external_call|require_assert_guard_before_call|only_owner_or_access_control|contract_many_risky_interactions|contract_modifier_access_summary|contract_inheritance_modifier_summary,,L6: IContractRegistry newRegistry = IContractRegistry(addressOf(CONTRACT_REGISTRY));,"L3: require(msg.sender == owner || !onlyOwnerCanUpdateRegistry, ""ERR_ACCESS_DENIED""); | function updateRegistry() public","1: function updateRegistry() public {\n2:         // verify that this function is permitted\n3:         require(msg.sender == owner || !onlyOwnerCanUpdateRegistry, ""ERR_ACCESS_DENIED"");\n4: \n5:         // get the new contract-registry\n6:         IContractRegistry newRegistry = IContractRegistry(addressOf(CONTRACT_REGISTRY));\n7: \n8:         // verify that the new contract-registry is different and not zero\n9:         require(newRegistry != registry && address(newRegistry) != address(0), ""ERR_INVALID_REGISTRY"");\n10: \n11:         // verify that the new contract-registry is pointing to a non-zero contract-registry\n12:         require(newRegistry.addressOf(CONTRACT_REGISTRY) != address(0), ""ERR_INVALID_REGISTRY"");\n13: \n14:         // save a backup of the current contract-registry before replacing it",i:updateRegistry,ambiguous,protected reentrancy-like pattern,external call plus guard/modifier/state-update signal,6
top50_most_ambiguous,DAPP::DAppSCAN-source/contracts/consensys-Zer0_zBanc/zBanc-48da0ac1eebbe31a74742f1ae4281b156f03a4bc::ConversionPathFinder,DAppSCAN-source/contracts/consensys-Zer0_zBanc/zBanc-48da0ac1eebbe31a74742f1ae4281b156f03a4bc/solidity/contracts/ConversionPathFinder.sol,updateRegistry,DAppSCAN-source/contracts/consensys-Zer0_zBanc/zBanc-48da0ac1eebbe31a74742f1ae4281b156f03a4bc/solidity/contracts/ConversionPathFinder.sol#L56-L74,0.3701603693300336,0,,external call plus guard/modifier/state-update signal,state_update_after_external_call|require_assert_guard_before_call|only_owner_or_access_control|contract_modifier_access_summary|contract_inheritance_modifier_summary|access_control_signal,state_update_after_external_call|require_assert_guard_before_call|only_owner_or_access_control|contract_modifier_access_summary|contract_inheritance_modifier_summary,,L6: IContractRegistry newRegistry = IContractRegistry(addressOf(CONTRACT_REGISTRY));,"L3: require(msg.sender == owner || !onlyOwnerCanUpdateRegistry, ""ERR_ACCESS_DENIED""); | function updateRegistry() public","1: function updateRegistry() public {\n2:         // verify that this function is permitted\n3:         require(msg.sender == owner || !onlyOwnerCanUpdateRegistry, ""ERR_ACCESS_DENIED"");\n4: \n5:         // get the new contract-registry\n6:         IContractRegistry newRegistry = IContractRegistry(addressOf(CONTRACT_REGISTRY));\n7: \n8:         // verify that the new contract-registry is different and not zero\n9:         require(newRegistry != registry && address(newRegistry) != address(0), ""ERR_INVALID_REGISTRY"");\n10: \n11:         // verify that the new contract-registry is pointing to a non-zero contract-registry\n12:         require(newRegistry.addressOf(CONTRACT_REGISTRY) != address(0), ""ERR_INVALID_REGISTRY"");\n13: \n14:         // save a backup of the current contract-registry before replacing it",i:updateRegistry,ambiguous,protected reentrancy-like pattern,external call plus guard/modifier/state-update signal,5
top50_most_ambiguous|top50_weak_or_no_safety,DAPP::DAppSCAN-source/contracts/consensys-Amp/amp-token-contracts-6871b6c64c712835b332e515cc553308dcbbc539::CollateralPoolPartitionValidator,DAppSCAN-source/contracts/consensys-Amp/amp-token-contracts-6871b6c64c712835b332e515cc553308dcbbc539/contracts/partitions/CollateralPoolPartitionValidator.sol,tokensToPartitionToValidate,DAppSCAN-source/contracts/consensys-Amp/amp-token-contracts-6871b6c64c712835b332e515cc553308dcbbc539/contracts/partitions/CollateralPoolPartitionValidator.sol#L66-L88,0.36622032033642593,0,,external call plus guard/modifier/state-update signal,require_assert_guard_before_call|contract_inheritance_modifier_summary,require_assert_guard_before_call|contract_inheritance_modifier_summary,,,"L11: require(msg.sender == address(amp), ""Hook must be called by amp"");","1: function tokensToPartitionToValidate(\n2:         bytes4, /* functionSig */\n3:         bytes32 _toPartition,\n4:         address, /* operator */\n5:         address, /* from */\n6:         address _to,\n7:         uint256, /* value */\n8:         bytes calldata, /* _data */\n9:         bytes calldata /* operatorData */\n10:     ) external override {\n11:         require(msg.sender == address(amp), ""Hook must be called by amp"");\n12: \n13:         (, , address toPartitionOwner) = _splitPartition(_toPartition);\n14: ",i:tokensToPartitionToValidate,ambiguous,protected reentrancy-like pattern,external call plus guard/modifier/state-update signal,2
top50_most_ambiguous|top50_weak_or_no_safety,DAPP::DAppSCAN-source/contracts/Runtime_Vеrification-ElementFinance/elf-contracts-637c6f959315cbb11a164555e588520c7d89122b::TokenFactory,DAppSCAN-source/contracts/Runtime_Vеrification-ElementFinance/elf-contracts-637c6f959315cbb11a164555e588520c7d89122b/contracts/balancer-core-v2/test/TokenFactory.sol,getTokens,DAppSCAN-source/contracts/Runtime_Vеrification-ElementFinance/elf-contracts-637c6f959315cbb11a164555e588520c7d89122b/contracts/balancer-core-v2/test/TokenFactory.sol#L38-L47,0.35266327059069996,0,,external call plus guard/modifier/state-update signal,require_assert_guard_before_call|callee_user_controlled,require_assert_guard_before_call|callee_user_controlled,,L4: address[] memory token = new address[](end - start);,"L2: require((end >= start) && (end - start) <= _tokens.length(), ""OUT_OF_BOUNDS"");","1: function getTokens(uint256 start, uint256 end) external view returns (address[] memory) {\n2:         require((end >= start) && (end - start) <= _tokens.length(), ""OUT_OF_BOUNDS"");\n3: \n4:         address[] memory token = new address[](end - start);\n5:         for (uint256 i = 0; i < token.length; ++i) {\n6:             token[i] = _tokens.at(i + start);\n7:         }\n8: \n9:         return token;\n10:     }",i:getTokens,ambiguous,protected reentrancy-like pattern,external call plus guard/modifier/state-update signal,2
top50_most_ambiguous,DAPP::DAppSCAN-source/contracts/consensys-Zer0_zBanc/zBanc-48da0ac1eebbe31a74742f1ae4281b156f03a4bc::BancorX,DAppSCAN-source/contracts/consensys-Zer0_zBanc/zBanc-48da0ac1eebbe31a74742f1ae4281b156f03a4bc/solidity/contracts/bancorx/BancorX.sol,updateRegistry,DAppSCAN-source/contracts/consensys-Zer0_zBanc/zBanc-48da0ac1eebbe31a74742f1ae4281b156f03a4bc/solidity/contracts/bancorx/BancorX.sol#L56-L74,0.34376081894243254,0,,external call plus guard/modifier/state-update signal,state_update_after_external_call|require_assert_guard_before_call|only_owner_or_access_control|contract_modifier_access_summary|contract_inheritance_modifier_summary|access_control_signal,state_update_after_external_call|require_assert_guard_before_call|only_owner_or_access_control|contract_modifier_access_summary|contract_inheritance_modifier_summary,,L6: IContractRegistry newRegistry = IContractRegistry(addressOf(CONTRACT_REGISTRY));,"L3: require(msg.sender == owner || !onlyOwnerCanUpdateRegistry, ""ERR_ACCESS_DENIED""); | function updateRegistry() public","1: function updateRegistry() public {\n2:         // verify that this function is permitted\n3:         require(msg.sender == owner || !onlyOwnerCanUpdateRegistry, ""ERR_ACCESS_DENIED"");\n4: \n5:         // get the new contract-registry\n6:         IContractRegistry newRegistry = IContractRegistry(addressOf(CONTRACT_REGISTRY));\n7: \n8:         // verify that the new contract-registry is different and not zero\n9:         require(newRegistry != registry && address(newRegistry) != address(0), ""ERR_INVALID_REGISTRY"");\n10: \n11:         // verify that the new contract-registry is pointing to a non-zero contract-registry\n12:         require(newRegistry.addressOf(CONTRACT_REGISTRY) != address(0), ""ERR_INVALID_REGISTRY"");\n13: \n14:         // save a backup of the current contract-registry before replacing it",i:updateRegistry,ambiguous,protected reentrancy-like pattern,external call plus guard/modifier/state-update signal,5
top50_most_ambiguous|top50_weak_or_no_safety,DAPP::DAppSCAN-source/contracts/SlowMist-Starcrazy Smart Contract Security Audit Report/starcrazy-contracts-e9e11d234ac065726e108a73dfcd5efbad26f2c5::WGFT,DAppSCAN-source/contracts/SlowMist-Starcrazy Smart Contract Security Audit Report/starcrazy-contracts-e9e11d234ac065726e108a73dfcd5efbad26f2c5/contract/WGFT.sol,transferFrom,DAppSCAN-source/contracts/SlowMist-Starcrazy Smart Contract Security Audit Report/starcrazy-contracts-e9e11d234ac065726e108a73dfcd5efbad26f2c5/contract/WGFT.sol#L130-L155,0.3201764217856431,0,,external call plus guard/modifier/state-update signal,require_assert_guard_before_call|callee_user_controlled,require_assert_guard_before_call|callee_user_controlled,,L19: IERC223Receiving receiver = IERC223Receiving(to_);,L10: revert();,"1: function transferFrom(\n2:         address from_,\n3:         address to_,\n4:         uint256 amount_,\n5:         bytes memory data_\n6:     ) public transfersAllowed returns (bool success) {\n7:         // Alerts the token _controller of the transfer\n8:         if (isContract(_controller)) {\n9:             if (!ITokenController(_controller).onTransfer(from_, to_, amount_))\n10:                 revert();\n11:         }\n12: \n13:         require(\n14:             super.transferFrom(from_, to_, amount_),",i:transferFrom,ambiguous,protected reentrancy-like pattern,external call plus guard/modifier/state-update signal,2
top50_most_ambiguous,DAPP::DAppSCAN-source/contracts/QuillAudits-GearBox Protocol-GearBox Protocol/gearbox-contracts-0ac33ba87212ce056ac6b6357ad74161d417158a::ACLTrait,DAppSCAN-source/contracts/QuillAudits-GearBox Protocol-GearBox Protocol/gearbox-contracts-0ac33ba87212ce056ac6b6357ad74161d417158a/contracts/core/ACLTrait.sol,pause,DAppSCAN-source/contracts/QuillAudits-GearBox Protocol-GearBox Protocol/gearbox-contracts-0ac33ba87212ce056ac6b6357ad74161d417158a/contracts/core/ACLTrait.sol#L34-L40,0.3086289491124546,0,,external call plus guard/modifier/state-update signal,require_assert_guard_before_call|only_owner_or_access_control|contract_modifier_access_summary|access_control_signal,require_assert_guard_before_call|only_owner_or_access_control|contract_modifier_access_summary,,,L2: require( | function pause() external,"1: function pause() external {\n2:         require(\n3:             _acl.isPausableAdmin(msg.sender),\n4:             Errors.ACL_CALLER_NOT_PAUSABLE_ADMIN\n5:         ); // T:[ACLT-1]\n6:         _pause();\n7:     }",i:pause,ambiguous,protected reentrancy-like pattern,external call plus guard/modifier/state-update signal,3
top50_most_ambiguous,DAPP::DAppSCAN-source/contracts/QuillAudits-GearBox Protocol-GearBox Protocol/gearbox-contracts-0ac33ba87212ce056ac6b6357ad74161d417158a::ContractsRegister,DAppSCAN-source/contracts/QuillAudits-GearBox Protocol-GearBox Protocol/gearbox-contracts-0ac33ba87212ce056ac6b6357ad74161d417158a/contracts/core/ContractsRegister.sol,pause,DAppSCAN-source/contracts/QuillAudits-GearBox Protocol-GearBox Protocol/gearbox-contracts-0ac33ba87212ce056ac6b6357ad74161d417158a/contracts/core/ContractsRegister.sol#L34-L40,0.3086289491124546,0,,external call plus guard/modifier/state-update signal,require_assert_guard_before_call|only_owner_or_access_control|contract_modifier_access_summary|access_control_signal,require_assert_guard_before_call|only_owner_or_access_control|contract_modifier_access_summary,,,L2: require( | function pause() external,"1: function pause() external {\n2:         require(\n3:             _acl.isPausableAdmin(msg.sender),\n4:             Errors.ACL_CALLER_NOT_PAUSABLE_ADMIN\n5:         ); // T:[ACLT-1]\n6:         _pause();\n7:     }",i:pause,ambiguous,protected reentrancy-like pattern,external call plus guard/modifier/state-update signal,3
top50_most_ambiguous,DAPP::DAppSCAN-source/contracts/consensys-Zer0_zBanc/zBanc-48da0ac1eebbe31a74742f1ae4281b156f03a4bc::ContractRegistryClient,DAppSCAN-source/contracts/consensys-Zer0_zBanc/zBanc-48da0ac1eebbe31a74742f1ae4281b156f03a4bc/solidity/contracts/utility/ContractRegistryClient.sol,updateRegistry,DAppSCAN-source/contracts/consensys-Zer0_zBanc/zBanc-48da0ac1eebbe31a74742f1ae4281b156f03a4bc/solidity/contracts/utility/ContractRegistryClient.sol#L56-L74,0.2917815631507048,0,,external call plus guard/modifier/state-update signal,state_update_after_external_call|require_assert_guard_before_call|only_owner_or_access_control|contract_modifier_access_summary|contract_inheritance_modifier_summary|access_control_signal,state_update_after_external_call|require_assert_guard_before_call|only_owner_or_access_control|contract_modifier_access_summary|contract_inheritance_modifier_summary,,L6: IContractRegistry newRegistry = IContractRegistry(addressOf(CONTRACT_REGISTRY));,"L3: require(msg.sender == owner || !onlyOwnerCanUpdateRegistry, ""ERR_ACCESS_DENIED""); | function updateRegistry() public","1: function updateRegistry() public {\n2:         // verify that this function is permitted\n3:         require(msg.sender == owner || !onlyOwnerCanUpdateRegistry, ""ERR_ACCESS_DENIED"");\n4: \n5:         // get the new contract-registry\n6:         IContractRegistry newRegistry = IContractRegistry(addressOf(CONTRACT_REGISTRY));\n7: \n8:         // verify that the new contract-registry is different and not zero\n9:         require(newRegistry != registry && address(newRegistry) != address(0), ""ERR_INVALID_REGISTRY"");\n10: \n11:         // verify that the new contract-registry is pointing to a non-zero contract-registry\n12:         require(newRegistry.addressOf(CONTRACT_REGISTRY) != address(0), ""ERR_INVALID_REGISTRY"");\n13: \n14:         // save a backup of the current contract-registry before replacing it",i:updateRegistry,ambiguous,protected reentrancy-like pattern,external call plus guard/modifier/state-update signal,5
top50_most_ambiguous,DAPP::DAppSCAN-source/contracts/consensys-Zer0_zBanc/zBanc-48da0ac1eebbe31a74742f1ae4281b156f03a4bc::TestContractRegistryClient,DAppSCAN-source/contracts/consensys-Zer0_zBanc/zBanc-48da0ac1eebbe31a74742f1ae4281b156f03a4bc/solidity/contracts/helpers/TestContractRegistryClient.sol,updateRegistry,DAppSCAN-source/contracts/consensys-Zer0_zBanc/zBanc-48da0ac1eebbe31a74742f1ae4281b156f03a4bc/solidity/contracts/helpers/TestContractRegistryClient.sol#L56-L74,0.2917174572722561,0,,external call plus guard/modifier/state-update signal,state_update_after_external_call|require_assert_guard_before_call|only_owner_or_access_control|contract_modifier_access_summary|contract_inheritance_modifier_summary|access_control_signal,state_update_after_external_call|require_assert_guard_before_call|only_owner_or_access_control|contract_modifier_access_summary|contract_inheritance_modifier_summary,,L6: IContractRegistry newRegistry = IContractRegistry(addressOf(CONTRACT_REGISTRY));,"L3: require(msg.sender == owner || !onlyOwnerCanUpdateRegistry, ""ERR_ACCESS_DENIED""); | function updateRegistry() public","1: function updateRegistry() public {\n2:         // verify that this function is permitted\n3:         require(msg.sender == owner || !onlyOwnerCanUpdateRegistry, ""ERR_ACCESS_DENIED"");\n4: \n5:         // get the new contract-registry\n6:         IContractRegistry newRegistry = IContractRegistry(addressOf(CONTRACT_REGISTRY));\n7: \n8:         // verify that the new contract-registry is different and not zero\n9:         require(newRegistry != registry && address(newRegistry) != address(0), ""ERR_INVALID_REGISTRY"");\n10: \n11:         // verify that the new contract-registry is pointing to a non-zero contract-registry\n12:         require(newRegistry.addressOf(CONTRACT_REGISTRY) != address(0), ""ERR_INVALID_REGISTRY"");\n13: \n14:         // save a backup of the current contract-registry before replacing it",i:updateRegistry,ambiguous,protected reentrancy-like pattern,external call plus guard/modifier/state-update signal,5
top50_most_ambiguous,DAPP::DAppSCAN-source/contracts/SlowMist-Starcrazy Smart Contract Security Audit Report/starcrazy-contracts-e9e11d234ac065726e108a73dfcd5efbad26f2c5::AlianaOwnership,DAppSCAN-source/contracts/SlowMist-Starcrazy Smart Contract Security Audit Report/starcrazy-contracts-e9e11d234ac065726e108a73dfcd5efbad26f2c5/contract/aliana/AlianaOwnership.sol,setGeneScienceAddress,DAppSCAN-source/contracts/SlowMist-Starcrazy Smart Contract Security Audit Report/starcrazy-contracts-e9e11d234ac065726e108a73dfcd5efbad26f2c5/contract/aliana/AlianaOwnership.sol#L42-L47,0.2862525460227646,0,,external call plus guard/modifier/state-update signal,state_update_after_external_call|require_assert_guard_before_call|callee_user_controlled,state_update_after_external_call|require_assert_guard_before_call|callee_user_controlled,,L5: geneScience = _address;,"L2: require(_address.isGeneScience(), ""Aliana: not gene"");","1: function setGeneScienceAddress(IGeneScience _address) public onlyCEO {\n2:         require(_address.isGeneScience(), ""Aliana: not gene"");\n3: \n4:         // Set the new contract address\n5:         geneScience = _address;\n6:     }",i:setGeneScienceAddress,ambiguous,protected reentrancy-like pattern,external call plus guard/modifier/state-update signal,3
top50_most_ambiguous,DAPP::DAppSCAN-source/contracts/SlowMist-Starcrazy Smart Contract Security Audit Report/starcrazy-contracts-e9e11d234ac065726e108a73dfcd5efbad26f2c5::AlianaBase,DAppSCAN-source/contracts/SlowMist-Starcrazy Smart Contract Security Audit Report/starcrazy-contracts-e9e11d234ac065726e108a73dfcd5efbad26f2c5/contract/aliana/AlianaBase.sol,setGeneScienceAddress,DAppSCAN-source/contracts/SlowMist-Starcrazy Smart Contract Security Audit Report/starcrazy-contracts-e9e11d234ac065726e108a73dfcd5efbad26f2c5/contract/aliana/AlianaBase.sol#L42-L47,0.2862525460227646,0,,external call plus guard/modifier/state-update signal,state_update_after_external_call|require_assert_guard_before_call|callee_user_controlled,state_update_after_external_call|require_assert_guard_before_call|callee_user_controlled,,L5: geneScience = _address;,"L2: require(_address.isGeneScience(), ""Aliana: not gene"");","1: function setGeneScienceAddress(IGeneScience _address) public onlyCEO {\n2:         require(_address.isGeneScience(), ""Aliana: not gene"");\n3: \n4:         // Set the new contract address\n5:         geneScience = _address;\n6:     }",i:setGeneScienceAddress,ambiguous,protected reentrancy-like pattern,external call plus guard/modifier/state-update signal,3
top50_most_ambiguous,DAPP::DAppSCAN-source/contracts/Trail_of_Bits-OriginDollar/origin-dollar-81431fd3b2aa4c518ffc389844f9708c00b516f0::Vault,DAppSCAN-source/contracts/Trail_of_Bits-OriginDollar/origin-dollar-81431fd3b2aa4c518ffc389844f9708c00b516f0/contracts/contracts/vault/Vault.sol,removeStrategy,DAppSCAN-source/contracts/Trail_of_Bits-OriginDollar/origin-dollar-81431fd3b2aa4c518ffc389844f9708c00b516f0/contracts/contracts/vault/Vault.sol#L133-L166,0.26816200417826724,0,,external call plus guard/modifier/state-update signal,require_assert_guard_before_call|only_owner_or_access_control|contract_modifier_access_summary|contract_inheritance_modifier_summary|access_control_signal,require_assert_guard_before_call|only_owner_or_access_control|contract_modifier_access_summary|contract_inheritance_modifier_summary,,L6: uint256 strategyIndex = allStrategies.length;,"L2: require(strategies[_addr].isSupported, ""Strategy not added""); | function removeStrategy(address _addr) external onlyGovernor","1: function removeStrategy(address _addr) external onlyGovernor {\n2:         require(strategies[_addr].isSupported, ""Strategy not added"");\n3: \n4:         // Initialize strategyIndex with out of bounds result so function will\n5:         // revert if no valid index found\n6:         uint256 strategyIndex = allStrategies.length;\n7:         for (uint256 i = 0; i < allStrategies.length; i++) {\n8:             if (allStrategies[i] == _addr) {\n9:                 strategyIndex = i;\n10:                 break;\n11:             }\n12:         }\n13: \n14:         if (strategyIndex < allStrategies.length) {",i:removeStrategy,ambiguous,protected reentrancy-like pattern,external call plus guard/modifier/state-update signal,4
top50_most_ambiguous,DAPP::DAppSCAN-source/contracts/PeckShield-Tranchessv1.0/contract-core-5ac3d997da3ef37b0135565a11c5ebcc519862aa::ChessSchedule,DAppSCAN-source/contracts/PeckShield-Tranchessv1.0/contract-core-5ac3d997da3ef37b0135565a11c5ebcc519862aa/contracts/governance/ChessSchedule.sol,mint,DAppSCAN-source/contracts/PeckShield-Tranchessv1.0/contract-core-5ac3d997da3ef37b0135565a11c5ebcc519862aa/contracts/governance/ChessSchedule.sol#L120-L124,0.2512511129142271,0,,external call plus guard/modifier/state-update signal,state_update_after_external_call|require_assert_guard_before_call|contract_inheritance_modifier_summary,state_update_after_external_call|require_assert_guard_before_call|contract_inheritance_modifier_summary,"L3: chess.transfer(account, amount);",L4: minted = minted.add(amount);,"L2: require(minted.add(amount) <= availableSupply(), ""Exceeds allowable mint amount"");","1: function mint(address account, uint256 amount) external override onlyMinter {\n2:         require(minted.add(amount) <= availableSupply(), ""Exceeds allowable mint amount"");\n3:         chess.transfer(account, amount);\n4:         minted = minted.add(amount);\n5:     }",i:mint,ambiguous,protected reentrancy-like pattern,external call plus guard/modifier/state-update signal,3
top50_most_ambiguous,DAPP::DAppSCAN-source/contracts/PeckShield-TranchessV1.1/contract-core-68a86350313c1cb9e5467e791d3e9efaf228a0df::ChessSchedule,DAppSCAN-source/contracts/PeckShield-TranchessV1.1/contract-core-68a86350313c1cb9e5467e791d3e9efaf228a0df/contracts/governance/ChessSchedule.sol,mint,DAppSCAN-source/contracts/PeckShield-TranchessV1.1/contract-core-68a86350313c1cb9e5467e791d3e9efaf228a0df/contracts/governance/ChessSchedule.sol#L122-L126,0.21608825956743266,0,,external call plus guard/modifier/state-update signal,state_update_after_external_call|require_assert_guard_before_call|safe_erc20_wrapper|contract_inheritance_modifier_summary,state_update_after_external_call|require_assert_guard_before_call|safe_erc20_wrapper|contract_inheritance_modifier_summary,"L3: chess.safeTransfer(account, amount);",L4: minted = minted.add(amount);,"L2: require(minted.add(amount) <= availableSupply(), ""Exceeds allowable mint amount"");","1: function mint(address account, uint256 amount) external override onlyMinter {\n2:         require(minted.add(amount) <= availableSupply(), ""Exceeds allowable mint amount"");\n3:         chess.safeTransfer(account, amount);\n4:         minted = minted.add(amount);\n5:     }",i:mint,protected_negative,protected reentrancy-like pattern,external call plus guard/modifier/state-update signal,4
top50_most_ambiguous,DAPP::DAppSCAN-source/contracts/consensys-Zer0_zBanc/zBanc-48da0ac1eebbe31a74742f1ae4281b156f03a4bc::TestReentrancyGuard,DAppSCAN-source/contracts/consensys-Zer0_zBanc/zBanc-48da0ac1eebbe31a74742f1ae4281b156f03a4bc/solidity/contracts/helpers/TestReentrancyGuard.sol,run,DAppSCAN-source/contracts/consensys-Zer0_zBanc/zBanc-48da0ac1eebbe31a74742f1ae4281b156f03a4bc/solidity/contracts/helpers/TestReentrancyGuard.sol#L54-L58,0.21229441889177741,0,,external call plus guard/modifier/state-update signal,state_update_before_external_call|nonreentrant_modifier|contract_modifier_access_summary,state_update_before_external_call|nonreentrant_modifier|contract_modifier_access_summary,,L2: calls++;,nonReentrant/modifier,1: function run() private {\n2:         calls++;\n3: \n4:         TestReentrancyGuardAttacker(msg.sender).callback();\n5:     },i:run,protected_negative,protected reentrancy-like pattern,external call plus guard/modifier/state-update signal,3
,DAPP::DAppSCAN-source/contracts/Runtime_Vеrification-ElementFinance/elf-contracts-637c6f959315cbb11a164555e588520c7d89122b::Authorization,DAppSCAN-source/contracts/Runtime_Vеrification-ElementFinance/elf-contracts-637c6f959315cbb11a164555e588520c7d89122b/contracts/balancer-core-v2/vault/Authorization.sol,_authenticateCaller,DAppSCAN-source/contracts/Runtime_Vеrification-ElementFinance/elf-contracts-637c6f959315cbb11a164555e588520c7d89122b/contracts/balancer-core-v2/vault/Authorization.sol#L68-L73,0.19745206985367103,0,,external call plus guard/modifier/state-update signal,require_assert_guard_before_call|only_owner_or_access_control|contract_modifier_access_summary|contract_inheritance_modifier_summary|access_control_signal,require_assert_guard_before_call|only_owner_or_access_control|contract_modifier_access_summary|contract_inheritance_modifier_summary,,"L4: bytes32 roleId = keccak256(abi.encodePacked(address(this), msg.sig));","L5: require(_authorizer.hasRole(roleId, msg.sender), ""SENDER_NOT_ALLOWED""); | function _authenticateCaller() internal view","1: function _authenticateCaller() internal view {\n2:         // Each external function is dynamically assigned a role ID in the Authorizer as the hash of the Vault's address\n3:         // and the function selector.\n4:         bytes32 roleId = keccak256(abi.encodePacked(address(this), msg.sig));\n5:         require(_authorizer.hasRole(roleId, msg.sender), ""SENDER_NOT_ALLOWED"");\n6:     }",i:_authenticateCaller,ambiguous,protected reentrancy-like pattern,external call plus guard/modifier/state-update signal,4
,DAPP::DAppSCAN-source/contracts/Trail_of_Bits-YieldV2/vault-v2-819a713416249da92c44eb629ed26a49425a4656::CompoundMultiOracle,DAppSCAN-source/contracts/Trail_of_Bits-YieldV2/vault-v2-819a713416249da92c44eb629ed26a49425a4656/contracts/oracles/compound/CompoundMultiOracle.sol,_peek,DAppSCAN-source/contracts/Trail_of_Bits-YieldV2/vault-v2-819a713416249da92c44eb629ed26a49425a4656/contracts/oracles/compound/CompoundMultiOracle.sol#L49-L60,0.19744213365481597,0,,external call plus guard/modifier/state-update signal,require_assert_guard_before_call|callee_user_controlled|contract_inheritance_modifier_summary,require_assert_guard_before_call|callee_user_controlled|contract_inheritance_modifier_summary,,L2: address source = sources[base][kind];,"L3: require (source != address(0), ""Source not found"");","1: function _peek(bytes6 base, bytes6 kind) private view returns (uint accumulator, uint updateTime) {\n2:         address source = sources[base][kind];\n3:         require (source != address(0), ""Source not found"");\n4: \n5:         if (kind == RATE.b6()) accumulator = CTokenInterface(source).borrowIndex();\n6:         else if (kind == CHI.b6()) accumulator = CTokenInterface(source).exchangeRateStored();\n7:         else revert(""Unknown oracle type"");\n8: \n9:         require(accumulator > 0, ""Compound accumulator is zero"");\n10: \n11:         updateTime = block.timestamp;\n12:     }",i:_peek,ambiguous,protected reentrancy-like pattern,external call plus guard/modifier/state-update signal,3
,DAPP::DAppSCAN-source/contracts/Runtime_Vеrification-ElementFinance/elf-contracts-637c6f959315cbb11a164555e588520c7d89122b::InternalBalance,DAppSCAN-source/contracts/Runtime_Vеrification-ElementFinance/elf-contracts-637c6f959315cbb11a164555e588520c7d89122b/contracts/balancer-core-v2/vault/InternalBalance.sol,_authenticateCaller,DAppSCAN-source/contracts/Runtime_Vеrification-ElementFinance/elf-contracts-637c6f959315cbb11a164555e588520c7d89122b/contracts/balancer-core-v2/vault/InternalBalance.sol#L68-L73,0.18672429873328558,0,,external call plus guard/modifier/state-update signal,require_assert_guard_before_call|only_owner_or_access_control|contract_modifier_access_summary|contract_inheritance_modifier_summary|access_control_signal,require_assert_guard_before_call|only_owner_or_access_control|contract_modifier_access_summary|contract_inheritance_modifier_summary,,"L4: bytes32 roleId = keccak256(abi.encodePacked(address(this), msg.sig));","L5: require(_authorizer.hasRole(roleId, msg.sender), ""SENDER_NOT_ALLOWED""); | function _authenticateCaller() internal view","1: function _authenticateCaller() internal view {\n2:         // Each external function is dynamically assigned a role ID in the Authorizer as the hash of the Vault's address\n3:         // and the function selector.\n4:         bytes32 roleId = keccak256(abi.encodePacked(address(this), msg.sig));\n5:         require(_authorizer.hasRole(roleId, msg.sender), ""SENDER_NOT_ALLOWED"");\n6:     }",i:_authenticateCaller,ambiguous,protected reentrancy-like pattern,external call plus guard/modifier/state-update signal,4
,DAPP::DAppSCAN-source/contracts/Runtime_Vеrification-ElementFinance/elf-contracts-637c6f959315cbb11a164555e588520c7d89122b::Fees,DAppSCAN-source/contracts/Runtime_Vеrification-ElementFinance/elf-contracts-637c6f959315cbb11a164555e588520c7d89122b/contracts/balancer-core-v2/vault/Fees.sol,_authenticateCaller,DAppSCAN-source/contracts/Runtime_Vеrification-ElementFinance/elf-contracts-637c6f959315cbb11a164555e588520c7d89122b/contracts/balancer-core-v2/vault/Fees.sol#L68-L73,0.18672429873328558,0,,external call plus guard/modifier/state-update signal,require_assert_guard_before_call|only_owner_or_access_control|contract_modifier_access_summary|contract_inheritance_modifier_summary|access_control_signal,require_assert_guard_before_call|only_owner_or_access_control|contract_modifier_access_summary|contract_inheritance_modifier_summary,,"L4: bytes32 roleId = keccak256(abi.encodePacked(address(this), msg.sig));","L5: require(_authorizer.hasRole(roleId, msg.sender), ""SENDER_NOT_ALLOWED""); | function _authenticateCaller() internal view","1: function _authenticateCaller() internal view {\n2:         // Each external function is dynamically assigned a role ID in the Authorizer as the hash of the Vault's address\n3:         // and the function selector.\n4:         bytes32 roleId = keccak256(abi.encodePacked(address(this), msg.sig));\n5:         require(_authorizer.hasRole(roleId, msg.sender), ""SENDER_NOT_ALLOWED"");\n6:     }",i:_authenticateCaller,ambiguous,protected reentrancy-like pattern,external call plus guard/modifier/state-update signal,4
,DAPP::DAppSCAN-source/contracts/Runtime_Vеrification-ElementFinance/elf-contracts-637c6f959315cbb11a164555e588520c7d89122b::FlashLoanProvider,DAppSCAN-source/contracts/Runtime_Vеrification-ElementFinance/elf-contracts-637c6f959315cbb11a164555e588520c7d89122b/contracts/balancer-core-v2/vault/FlashLoanProvider.sol,_authenticateCaller,DAppSCAN-source/contracts/Runtime_Vеrification-ElementFinance/elf-contracts-637c6f959315cbb11a164555e588520c7d89122b/contracts/balancer-core-v2/vault/FlashLoanProvider.sol#L68-L73,0.18672429873328558,0,,external call plus guard/modifier/state-update signal,require_assert_guard_before_call|only_owner_or_access_control|contract_modifier_access_summary|contract_inheritance_modifier_summary|access_control_signal,require_assert_guard_before_call|only_owner_or_access_control|contract_modifier_access_summary|contract_inheritance_modifier_summary,,"L4: bytes32 roleId = keccak256(abi.encodePacked(address(this), msg.sig));","L5: require(_authorizer.hasRole(roleId, msg.sender), ""SENDER_NOT_ALLOWED""); | function _authenticateCaller() internal view","1: function _authenticateCaller() internal view {\n2:         // Each external function is dynamically assigned a role ID in the Authorizer as the hash of the Vault's address\n3:         // and the function selector.\n4:         bytes32 roleId = keccak256(abi.encodePacked(address(this), msg.sig));\n5:         require(_authorizer.hasRole(roleId, msg.sender), ""SENDER_NOT_ALLOWED"");\n6:     }",i:_authenticateCaller,ambiguous,protected reentrancy-like pattern,external call plus guard/modifier/state-update signal,4
top50_weak_or_no_safety,DAPP::DAppSCAN-source/contracts/consensys-DeFi_Saver/defisaver-v3-contracts-cb29669a84c2d6fffaf2231c0938eb407c060919::CompSupply,DAppSCAN-source/contracts/consensys-DeFi_Saver/defisaver-v3-contracts-cb29669a84c2d6fffaf2231c0938eb407c060919/contracts/actions/compound/CompSupply.sol,_supply,DAppSCAN-source/contracts/consensys-DeFi_Saver/defisaver-v3-contracts-cb29669a84c2d6fffaf2231c0938eb407c060919/contracts/actions/compound/CompSupply.sol#L57-L96,0.1820234796498946,0,,external call plus guard/modifier/state-update signal,require_assert_guard_before_call|callee_user_controlled,require_assert_guard_before_call|callee_user_controlled,,L7: address tokenAddr = getUnderlyingAddr(_cTokenAddr);,"L26: require(ICToken(_cTokenAddr).mint(_amount) == 0, ERR_COMP_SUPPLY_FAILED);","1: function _supply(\n2:         address _cTokenAddr,\n3:         uint256 _amount,\n4:         address _from,\n5:         bool _enableAsColl\n6:     ) internal returns (uint256) {\n7:         address tokenAddr = getUnderlyingAddr(_cTokenAddr);\n8: \n9:         // if amount type(uint256).max, pull current proxy balance\n10:         if (_amount == type(uint256).max) {\n11:             _amount = tokenAddr.getBalance(address(this));\n12:         }\n13: \n14:         // pull the tokens _from to the proxy",i:_supply,ambiguous,protected reentrancy-like pattern,external call plus guard/modifier/state-update signal,2
,DAPP::DAppSCAN-source/contracts/Trail_of_Bits-OriginDollar/origin-dollar-81431fd3b2aa4c518ffc389844f9708c00b516f0::Timelock,DAppSCAN-source/contracts/Trail_of_Bits-OriginDollar/origin-dollar-81431fd3b2aa4c518ffc389844f9708c00b516f0/contracts/contracts/timelock/Timelock.sol,pauseDeposits,DAppSCAN-source/contracts/Trail_of_Bits-OriginDollar/origin-dollar-81431fd3b2aa4c518ffc389844f9708c00b516f0/contracts/contracts/timelock/Timelock.sol#L215-L221,0.17291584972566515,0,,external call plus guard/modifier/state-update signal,require_assert_guard_before_call|only_owner_or_access_control|contract_modifier_access_summary|access_control_signal,require_assert_guard_before_call|only_owner_or_access_control|contract_modifier_access_summary,,,L2: require( | function pauseDeposits(address target) external,"1: function pauseDeposits(address target) external {\n2:         require(\n3:             msg.sender == admin,\n4:             ""Timelock::pauseDeposits: Call must come from admin.""\n5:         );\n6:         DepositPausable(target).pauseDeposits();\n7:     }",i:pauseDeposits,ambiguous,protected reentrancy-like pattern,external call plus guard/modifier/state-update signal,3
top50_weak_or_no_safety,DAPP::DAppSCAN-source/contracts/consensys-DeFi_Saver/defisaver-v3-contracts-cb29669a84c2d6fffaf2231c0938eb407c060919::CompWithdraw,DAppSCAN-source/contracts/consensys-DeFi_Saver/defisaver-v3-contracts-cb29669a84c2d6fffaf2231c0938eb407c060919/contracts/actions/compound/CompWithdraw.sol,_withdraw,DAppSCAN-source/contracts/consensys-DeFi_Saver/defisaver-v3-contracts-cb29669a84c2d6fffaf2231c0938eb407c060919/contracts/actions/compound/CompWithdraw.sol#L56-L98,0.17257646670617918,0,,external call plus guard/modifier/state-update signal,require_assert_guard_before_call|callee_user_controlled,require_assert_guard_before_call|callee_user_controlled,,L6: address tokenAddr = getUnderlyingAddr(_cTokenAddr);,"L18: require(ICToken(_cTokenAddr).redeem(_amount) == 0, ERR_COMP_REDEEM);","1: function _withdraw(\n2:         address _cTokenAddr,\n3:         uint256 _amount,\n4:         address _to\n5:     ) internal returns (uint256) {\n6:         address tokenAddr = getUnderlyingAddr(_cTokenAddr);\n7: \n8:         // because comp returns native eth we need to check the balance of that\n9:         if (tokenAddr == TokenUtils.WETH_ADDR) {\n10:             tokenAddr = TokenUtils.ETH_ADDR;\n11:         }\n12: \n13:         uint256 tokenBalanceBefore = tokenAddr.getBalance(address(this));\n14: ",i:_withdraw,ambiguous,protected reentrancy-like pattern,external call plus guard/modifier/state-update signal,2
top50_weak_or_no_safety,DAPP::DAppSCAN-source/contracts/consensys-DeFi_Saver/defisaver-v3-contracts-cb29669a84c2d6fffaf2231c0938eb407c060919::CompBorrow,DAppSCAN-source/contracts/consensys-DeFi_Saver/defisaver-v3-contracts-cb29669a84c2d6fffaf2231c0938eb407c060919/contracts/actions/compound/CompBorrow.sol,_borrow,DAppSCAN-source/contracts/consensys-DeFi_Saver/defisaver-v3-contracts-cb29669a84c2d6fffaf2231c0938eb407c060919/contracts/actions/compound/CompBorrow.sol#L55-L77,0.14879218527415547,0,,external call plus guard/modifier/state-update signal,require_assert_guard_before_call|callee_user_controlled,require_assert_guard_before_call|callee_user_controlled,,L6: address tokenAddr = getUnderlyingAddr(_cTokenAddr);,"L11: require(ICToken(_cTokenAddr).borrow(_amount) == 0, ERR_COMP_BORROW);","1: function _borrow(\n2:         address _cTokenAddr,\n3:         uint256 _amount,\n4:         address _to\n5:     ) internal returns (uint256) {\n6:         address tokenAddr = getUnderlyingAddr(_cTokenAddr);\n7: \n8:         // if the tokens are borrowed we need to enter the market\n9:         enterMarket(_cTokenAddr);\n10: \n11:         require(ICToken(_cTokenAddr).borrow(_amount) == 0, ERR_COMP_BORROW);\n12: \n13:         // always return WETH, never native Eth\n14:         if (tokenAddr == TokenUtils.WETH_ADDR) {",i:_borrow,ambiguous,protected reentrancy-like pattern,external call plus guard/modifier/state-update signal,2
top50_weak_or_no_safety,DAPP::DAppSCAN-source/contracts/Trail_of_Bits-FujiProtocol/fuji-protocol-933ea57b11889d87744efa23e95c90b7bf589402::FujiOracle,DAppSCAN-source/contracts/Trail_of_Bits-FujiProtocol/fuji-protocol-933ea57b11889d87744efa23e95c90b7bf589402/contracts/FujiOracle.sol,_getUSDPrice,DAppSCAN-source/contracts/Trail_of_Bits-FujiProtocol/fuji-protocol-933ea57b11889d87744efa23e95c90b7bf589402/contracts/FujiOracle.sol#L53-L59,0.11878107179948062,0,,external call plus guard/modifier/state-update signal,require_assert_guard_before_call|callee_user_controlled,require_assert_guard_before_call|callee_user_controlled,,L6: price = uint256(latestPrice);,"L2: require(usdPriceFeeds[_asset] != address(0), Errors.ORACLE_NONE_PRICE_FEED);","1: function _getUSDPrice(address _asset) internal view returns (uint256 price) {\n2:     require(usdPriceFeeds[_asset] != address(0), Errors.ORACLE_NONE_PRICE_FEED);\n3: \n4:     (, int256 latestPrice, , , ) = AggregatorV3Interface(usdPriceFeeds[_asset]).latestRoundData();\n5: \n6:     price = uint256(latestPrice);\n7:   }",i:_getUSDPrice,ambiguous,protected reentrancy-like pattern,external call plus guard/modifier/state-update signal,2
