run,variant,seed,graph_id,error_type,score,threshold,true_label,protected_reentrancy_like,top_functions
all_scope,gated,42,FORGE::vfp_00058::BasePositionManager,false_positive,0.7687650399724192,0.621,0,0,
all_scope,gated,42,FORGE::vfp_00058::LikwidLendPosition,false_positive,0.856354740834968,0.621,0,0,
all_scope,gated,42,FORGE::vfp_00260::Arbitrum_Adapter,false_positive,0.7799462961477168,0.621,0,0,
all_scope,gated,42,FORGE::vfp_00126::HubPool,false_positive,0.7952179948224735,0.621,0,1,addLiquidity|claimProtocolFeesCaptured|disputeRootBundle|emergencyDeleteProposal|enableL1TokenForLiquidityProvision
all_scope,gated,42,FORGE::vfp_00126::Arbitrum_Adapter,false_positive,0.7958075318451678,0.621,0,0,
all_scope,gated,42,FORGE::vfp_00288::DelegationMetaSwapAdapter,false_negative,0.39512615847845556,0.621,1,1,swapTokens
all_scope,gated,42,DAPP::DAppSCAN-source/contracts/SlowMist-Booster-Protocol_智能安全审计报告/boosterProtocol-946b15629c410d706856584f3aa04001d6a55bd2::TenBankHall,false_positive,0.6500360890706678,0.621,0,1,addBox|addStrategy|deposit|depositLPToken|emergencyWithdraw
all_scope,gated,42,DAPP::DAppSCAN-source/contracts/SlowMist-Booster-Protocol_智能安全审计报告/boosterProtocol-946b15629c410d706856584f3aa04001d6a55bd2::BuybackBooToken,false_negative,0.5582094738170351,0.621,1,0,
all_scope,gated,42,DAPP::DAppSCAN-source/contracts/SlowMist-Booster-Protocol_智能安全审计报告/boosterProtocol-946b15629c410d706856584f3aa04001d6a55bd2::BOOPools,false_positive,0.7282757282233062,0.621,0,1,add|deposit|emergencyWithdraw|withdraw
all_scope,gated,42,DAPP::DAppSCAN-source/contracts/SlowMist-Booster-Protocol_智能安全审计报告/boosterProtocol-946b15629c410d706856584f3aa04001d6a55bd2::StrategyUtils,false_negative,0.2863895919090808,0.621,1,1,checkDepositLimit|checkLiquidationLimit
all_scope,gated,42,DAPP::DAppSCAN-source/contracts/Hacken-Powerbomb-V1/powerbomb-lite-0f86ff1eecdd723be733a9b33ff4ffa3bbdadcee::PowerBombAvaxCurve,false_negative,0.5611359528782265,0.621,1,1,_deposit|withdraw
all_scope,gated,42,DAPP::DAppSCAN-source/contracts/PeckShield-DarkCrypto/darkcrypto-contracts-fee5be8d36459aebed2b84e6493875b3dc0366fd::Boardroom,false_positive,0.639397075925004,0.621,0,1,allocateSeigniorage|claimReward|governanceRecoverUnsupported|initialize|stake
all_scope,gated,42,DAPP::DAppSCAN-source/contracts/PeckShield-DarkCrypto/darkcrypto-contracts-fee5be8d36459aebed2b84e6493875b3dc0366fd::DarkRewardPool,false_positive,0.7735201398847328,0.621,0,1,add|governanceRecoverUnsupported|withdraw
all_scope,gated,42,DAPP::DAppSCAN-source/contracts/PepperSec-Aira-Robonomic/robonomics_contracts-cc35a91de187072214d215262d8371f0159c2498::Ambix,false_positive,0.8050226832353347,0.621,0,1,run
all_scope,gated,42,DAPP::DAppSCAN-source/contracts/PepperSec-Aira-Robonomic/robonomics_contracts-cc35a91de187072214d215262d8371f0159c2498::LiabilityFactory,false_positive,0.626417590541381,0.621,0,1,createLiability|createLighthouse|liabilityFinalized
all_scope,gated,42,DAPP::DAppSCAN-source/contracts/PepperSec-Aira-Robonomic/robonomics_contracts-cc35a91de187072214d215262d8371f0159c2498::LighthouseLib,false_negative,0.48330986920986047,0.621,1,1,refill|withdraw
all_scope,gated,42,DAPP::DAppSCAN-source/contracts/PepperSec-Aira-Robonomic/robonomics_contracts-cc35a91de187072214d215262d8371f0159c2498::DutchAuction,false_positive,0.7819937079055206,0.621,0,1,bid|claimTokens|finalizeAuction|setup
all_scope,gated,42,DAPP::DAppSCAN-source/contracts/BlockSec-blocksec_impossible_finance_swap_v1.2/impossible-swap-core-29aaef89f996acdbee92b67c4d95fb608dc8b876::ImpossibleWrappedToken,false_negative,0.15679167496989654,0.621,1,1,_withdraw
all_scope,gated,42,DAPP::DAppSCAN-source/contracts/Solidified-Aztec Element Bridge/aztec-connect-bridges-ac2e7194b5887ea11a607b4cf8de0547b3d7fdd0::RollupProcessor,false_positive,0.6635587236876701,0.621,0,1,processAsyncDefiInteraction
all_scope,gated,42,DAPP::DAppSCAN-source/contracts/PeckShield-Duet/duet-collateral-contracts-92452dad092d6b5f76713484e30159b5fa75ea80::DYTokenERC20,false_negative,0.28751032570629825,0.621,1,1,withdraw
all_scope,gated,42,DAPP::DAppSCAN-source/contracts/consensys-GrowthDeFi WHEAT/wheat-v1-core-8360ac0a537589bb974e8a5a169bb3e7c95d2857::Exchange,false_negative,0.26818151602413925,0.621,1,0,
all_scope,gated,42,DAPP::DAppSCAN-source/contracts/SlowMist-ForTube2.0 Smart Contract Security Audit Report/bond-854527d0ea7ad2ddd3504b4d4ae3fcb57cb6445d::BondData,false_positive,0.6812405536079956,0.621,0,1,deposit|initialDeposit|invest|liquidate|profit
all_scope,gated,42,DAPP::DAppSCAN-source/contracts/SlowMist-ForTube2.0 Smart Contract Security Audit Report/bond-854527d0ea7ad2ddd3504b4d4ae3fcb57cb6445d::PRA,false_negative,0.433380043299759,0.621,1,1,lock|unlock
all_scope,gated,42,"DAPP::DAppSCAN-source/contracts/Coinfabrik-MintingFactoryV2, BaseUpgradableMarketplace & KODAV3UpgradableGatedMarketplace/known-origin-contracts-v3-d592c5f4fa4e0b6fc65a1fce43e302706aedf607::MintingFactoryV2",false_negative,0.2554853081075043,0.621,1,1,_authorizeUpgrade|_setAdmin|_setBeacon|_setImplementation|mintBatchEdition
all_scope,gated,42,"DAPP::DAppSCAN-source/contracts/Coinfabrik-MintingFactoryV2, BaseUpgradableMarketplace & KODAV3UpgradableGatedMarketplace/known-origin-contracts-v3-d592c5f4fa4e0b6fc65a1fce43e302706aedf607::ClaimableFundsReceiverV1",false_positive,0.7182276540616952,0.621,0,1,drain|drainERC20
all_scope,gated,42,"DAPP::DAppSCAN-source/contracts/Coinfabrik-MintingFactoryV2, BaseUpgradableMarketplace & KODAV3UpgradableGatedMarketplace/known-origin-contracts-v3-d592c5f4fa4e0b6fc65a1fce43e302706aedf607::KODAV3UpgradableGatedMarketplace",false_positive,0.7011090776597333,0.621,0,1,_addPhaseToSale|_authorizeUpgrade|_setAdmin|_setBeacon|_setImplementation
all_scope,gated,42,"DAPP::DAppSCAN-source/contracts/Coinfabrik-MintingFactoryV2, BaseUpgradableMarketplace & KODAV3UpgradableGatedMarketplace/known-origin-contracts-v3-d592c5f4fa4e0b6fc65a1fce43e302706aedf607::ClaimableFundsSplitterV1",false_positive,0.7182276540616952,0.621,0,1,drain|drainERC20
all_scope,gated,42,"DAPP::DAppSCAN-source/contracts/Coinfabrik-MintingFactoryV2, BaseUpgradableMarketplace & KODAV3UpgradableGatedMarketplace/known-origin-contracts-v3-d592c5f4fa4e0b6fc65a1fce43e302706aedf607::RoyaltyImplV1R1",false_positive,0.7338860114047892,0.621,0,1,drain
all_scope,gated,42,"DAPP::DAppSCAN-source/contracts/Coinfabrik-MintingFactoryV2, BaseUpgradableMarketplace & KODAV3UpgradableGatedMarketplace/known-origin-contracts-v3-d592c5f4fa4e0b6fc65a1fce43e302706aedf607::RoyaltyImplV1R2",false_positive,0.7338860114047892,0.621,0,1,drain
all_scope,gated,42,"DAPP::DAppSCAN-source/contracts/Coinfabrik-MintingFactoryV2, BaseUpgradableMarketplace & KODAV3UpgradableGatedMarketplace/known-origin-contracts-v3-d592c5f4fa4e0b6fc65a1fce43e302706aedf607::FundsReceiver",false_positive,0.7338860114047892,0.621,0,1,drain
all_scope,gated,42,"DAPP::DAppSCAN-source/contracts/Coinfabrik-MintingFactoryV2, BaseUpgradableMarketplace & KODAV3UpgradableGatedMarketplace/known-origin-contracts-v3-d592c5f4fa4e0b6fc65a1fce43e302706aedf607::CollabFundsReceiver",false_positive,0.7956827526022304,0.621,0,1,drain|drainERC20|drainShare
all_scope,gated,42,FORGE::vfp_00156::SponsoredOFTSrcPeriphery,false_positive,0.7521168905414535,0.621,0,0,
all_scope,gated,42,DAPP::DAppSCAN-source/contracts/Solidity_Finance-OKLG - Smart Contract/contracts-e167d0d742d21bcc62d7a5b770a1f0ed1cf31eca::OKLGAtomicSwapInstance,false_positive,0.8296890242345603,0.621,0,1,fundSendToDestinationGas|receiveTokensFromSource|refundTokensFromSource|sendTokensToDestination|withdrawTokens
all_scope,gated,42,DAPP::DAppSCAN-source/contracts/Solidity_Finance-OKLG - Smart Contract/contracts-e167d0d742d21bcc62d7a5b770a1f0ed1cf31eca::OKLGFaaSToken,false_positive,0.8599872982029498,0.621,0,1,_harvestTokens|emergencyUnstake|removeStakeableTokens|stakeTokens|unstakeTokens
all_scope,gated,42,DAPP::DAppSCAN-source/contracts/Solidity_Finance-OKLG - Smart Contract/contracts-e167d0d742d21bcc62d7a5b770a1f0ed1cf31eca::OKLGPasswordManager,false_positive,0.7580882066033253,0.621,0,1,addAccount|bulkAddAccounts
all_scope,gated,42,DAPP::DAppSCAN-source/contracts/Solidity_Finance-OKLG - Smart Contract/contracts-e167d0d742d21bcc62d7a5b770a1f0ed1cf31eca::OKLGAffiliate,false_positive,0.7132645740384357,0.621,0,1,pay
all_scope,gated,42,DAPP::DAppSCAN-source/contracts/Solidity_Finance-OKLG - Smart Contract/contracts-e167d0d742d21bcc62d7a5b770a1f0ed1cf31eca::OKLGDividendDistributor,false_positive,0.8191238611572178,0.621,0,1,depositDividends|setBoostContract|setBoostMultiplierContract|unstake
all_scope,gated,42,DAPP::DAppSCAN-source/contracts/Solidity_Finance-OKLG - Smart Contract/contracts-e167d0d742d21bcc62d7a5b770a1f0ed1cf31eca::OKLGTrustedTimestamping,false_positive,0.7075254918872498,0.621,0,0,
all_scope,gated,42,DAPP::DAppSCAN-source/contracts/Solidity_Finance-OKLG - Smart Contract/contracts-e167d0d742d21bcc62d7a5b770a1f0ed1cf31eca::KetherNFTLoaner,false_positive,0.7975398887575308,0.621,0,1,addPlot|loanPlot|removePlot
all_scope,gated,42,DAPP::DAppSCAN-source/contracts/Solidity_Finance-OKLG - Smart Contract/contracts-e167d0d742d21bcc62d7a5b770a1f0ed1cf31eca::OKLGRaffle,false_positive,0.8457522607356511,0.621,0,1,closeRaffleAndRefund|enterRaffle
all_scope,gated,42,DAPP::DAppSCAN-source/contracts/Solidified-Aztec Lido Bridge/aztec-connect-bridges-d5aca13d4d0a17b21eeddf77f49f4c6613461fb0::RollupProcessor,false_positive,0.6635576458481564,0.621,0,1,processAsyncDefiInteraction
all_scope,gated,42,DAPP::DAppSCAN-source/contracts/Solidified-Aztec Lido Bridge/aztec-connect-bridges-d5aca13d4d0a17b21eeddf77f49f4c6613461fb0::LidoBridge,false_negative,0.30486127934416585,0.621,1,1,unwrapETH|wrapETH
all_scope,gated,42,DAPP::DAppSCAN-source/contracts/Hacken-Tenderize/tender-core-1fd606141625171fe792045ae9233890262d2d62::TokenFaucet,false_positive,0.7450857978955014,0.621,0,0,
all_scope,gated,42,DAPP::DAppSCAN-source/contracts/Hacken-Tenderize/tender-core-1fd606141625171fe792045ae9233890262d2d62::Matic,false_negative,0.5522010360657955,0.621,1,1,_initialize|_stake|_unstake|deposit|unstake
all_scope,gated,42,DAPP::DAppSCAN-source/contracts/Hacken-Tenderize/tender-core-1fd606141625171fe792045ae9233890262d2d62::Livepeer,false_negative,0.5847214025570019,0.621,1,1,_initialize|_stake|_unstake|deposit|unstake
all_scope,gated,42,FORGE::vfp_00220::LiquidityPenaltyHook,false_positive,0.7519001329957095,0.621,0,0,
all_scope,gated,42,DAPP::DAppSCAN-source/contracts/consensys-The_LAO/moloch-4bc443f4dad60279b47978fc6987bb978d3dfc58::MolochPool,false_positive,0.6891327377229188,0.621,0,1,_withdraw|activate|sync
all_scope,gated,42,DAPP::DAppSCAN-source/contracts/consensys-The_LAO/moloch-4bc443f4dad60279b47978fc6987bb978d3dfc58::GnosisSafe,false_positive,0.6624948421442844,0.621,0,1,checkSignatures
all_scope,gated,42,DAPP::DAppSCAN-source/contracts/consensys-The_LAO/moloch-4bc443f4dad60279b47978fc6987bb978d3dfc58::ClaimsTokenERC20Extension,false_positive,0.7531969333524183,0.621,0,1,withdrawFunds
all_scope,gated,42,DAPP::DAppSCAN-source/contracts/Trail_of_Bits-Liquity/dev-f0df3efa5a5f05b205752184cfce107c5bd6e06c::TroveManager,false_negative,0.617002238187157,0.621,1,1,_requireLUSDBalanceCoversRedemption|_updateSystemSnapshots_excludeCollRemainder|batchLiquidateTroves
all_scope,gated,42,DAPP::DAppSCAN-source/contracts/Trail_of_Bits-Liquity/dev-f0df3efa5a5f05b205752184cfce107c5bd6e06c::BorrowerOperations,false_negative,0.4369157512539371,0.621,1,1,_adjustTrove
all_scope,gated,42,DAPP::DAppSCAN-source/contracts/Trail_of_Bits-Liquity/dev-f0df3efa5a5f05b205752184cfce107c5bd6e06c::SortedTroves,false_positive,0.8176404294032829,0.621,0,1,_insert|_remove
all_scope,gated,43,FORGE::vfp_00058::BasePositionManager,false_positive,0.6905521957848502,0.591,0,0,
all_scope,gated,43,FORGE::vfp_00058::LikwidLendPosition,false_positive,0.8855600940492189,0.591,0,0,
all_scope,gated,43,FORGE::vfp_00260::Arbitrum_Adapter,false_positive,0.8716946382280927,0.591,0,0,
all_scope,gated,43,FORGE::vfp_00260::Ovm_WithdrawalHelper,false_positive,0.6372115114576816,0.591,0,0,
all_scope,gated,43,FORGE::vfp_00126::HubPool,false_positive,0.8982551459827788,0.591,0,1,addLiquidity|claimProtocolFeesCaptured|disputeRootBundle|emergencyDeleteProposal|enableL1TokenForLiquidityProvision
all_scope,gated,43,FORGE::vfp_00126::Arbitrum_Adapter,false_positive,0.882890917290261,0.591,0,0,
all_scope,gated,43,FORGE::vfp_00288::DelegationMetaSwapAdapter,false_negative,0.36369508098833186,0.591,1,1,swapTokens
all_scope,gated,43,DAPP::DAppSCAN-source/contracts/SlowMist-Booster-Protocol_智能安全审计报告/boosterProtocol-946b15629c410d706856584f3aa04001d6a55bd2::TenBankHall,false_positive,0.710020807004366,0.591,0,1,addBox|addStrategy|deposit|depositLPToken|emergencyWithdraw
all_scope,gated,43,DAPP::DAppSCAN-source/contracts/SlowMist-Booster-Protocol_智能安全审计报告/boosterProtocol-946b15629c410d706856584f3aa04001d6a55bd2::BuybackBooToken,false_negative,0.5325659327118937,0.591,1,0,
all_scope,gated,43,DAPP::DAppSCAN-source/contracts/SlowMist-Booster-Protocol_智能安全审计报告/boosterProtocol-946b15629c410d706856584f3aa04001d6a55bd2::BOOPools,false_positive,0.7007113421994002,0.591,0,1,add|deposit|emergencyWithdraw|withdraw
all_scope,gated,43,DAPP::DAppSCAN-source/contracts/SlowMist-Booster-Protocol_智能安全审计报告/boosterProtocol-946b15629c410d706856584f3aa04001d6a55bd2::SafeBoxFilDa,false_positive,0.5972041380829334,0.591,0,1,_borrow|ctokenBorrow|ctokenDeposit|ctokenRepayBorrow|ctokenWithdraw
all_scope,gated,43,DAPP::DAppSCAN-source/contracts/SlowMist-Booster-Protocol_智能安全审计报告/boosterProtocol-946b15629c410d706856584f3aa04001d6a55bd2::SafeBoxFilDaETH,false_positive,0.5972041380829334,0.591,0,1,_borrow|ctokenBorrow|ctokenWithdraw|emergencyRepay|getBorrowId
all_scope,gated,43,DAPP::DAppSCAN-source/contracts/SlowMist-Booster-Protocol_智能安全审计报告/boosterProtocol-946b15629c410d706856584f3aa04001d6a55bd2::StrategyUtils,false_negative,0.28890145752119695,0.591,1,1,checkDepositLimit|checkLiquidationLimit
all_scope,gated,43,DAPP::DAppSCAN-source/contracts/Hacken-Powerbomb-V1/powerbomb-lite-0f86ff1eecdd723be733a9b33ff4ffa3bbdadcee::PowerBombAvaxCurve,false_negative,0.5779156584551536,0.591,1,1,_deposit|withdraw
all_scope,gated,43,DAPP::DAppSCAN-source/contracts/Hacken-Powerbomb-V1/powerbomb-lite-0f86ff1eecdd723be733a9b33ff4ffa3bbdadcee::PowerBombR,false_positive,0.6409434640877056,0.591,0,1,_deposit|withdraw
all_scope,gated,43,DAPP::DAppSCAN-source/contracts/PeckShield-DarkCrypto/darkcrypto-contracts-fee5be8d36459aebed2b84e6493875b3dc0366fd::Boardroom,false_positive,0.600935021542855,0.591,0,1,allocateSeigniorage|claimReward|governanceRecoverUnsupported|initialize|stake
all_scope,gated,43,DAPP::DAppSCAN-source/contracts/PeckShield-DarkCrypto/darkcrypto-contracts-fee5be8d36459aebed2b84e6493875b3dc0366fd::DarkRewardPool,false_positive,0.768882884875391,0.591,0,1,add|governanceRecoverUnsupported|withdraw
all_scope,gated,43,DAPP::DAppSCAN-source/contracts/PepperSec-Aira-Robonomic/robonomics_contracts-cc35a91de187072214d215262d8371f0159c2498::Ambix,false_positive,0.8012244224357437,0.591,0,1,run
all_scope,gated,43,DAPP::DAppSCAN-source/contracts/PepperSec-Aira-Robonomic/robonomics_contracts-cc35a91de187072214d215262d8371f0159c2498::LiabilityFactory,false_positive,0.6298003448957054,0.591,0,1,createLiability|createLighthouse|liabilityFinalized
all_scope,gated,43,DAPP::DAppSCAN-source/contracts/PepperSec-Aira-Robonomic/robonomics_contracts-cc35a91de187072214d215262d8371f0159c2498::LighthouseLib,false_negative,0.40792394939186055,0.591,1,1,refill|withdraw
all_scope,gated,43,DAPP::DAppSCAN-source/contracts/PepperSec-Aira-Robonomic/robonomics_contracts-cc35a91de187072214d215262d8371f0159c2498::DutchAuction,false_positive,0.8030345491223662,0.591,0,1,bid|claimTokens|finalizeAuction|setup
all_scope,gated,43,DAPP::DAppSCAN-source/contracts/BlockSec-blocksec_impossible_finance_swap_v1.2/impossible-swap-core-29aaef89f996acdbee92b67c4d95fb608dc8b876::ImpossibleWrappedToken,false_negative,0.14152199853084743,0.591,1,1,_withdraw
all_scope,gated,43,DAPP::DAppSCAN-source/contracts/Solidified-Aztec Element Bridge/aztec-connect-bridges-ac2e7194b5887ea11a607b4cf8de0547b3d7fdd0::RollupProcessor,false_positive,0.6279027274950005,0.591,0,1,processAsyncDefiInteraction
all_scope,gated,43,DAPP::DAppSCAN-source/contracts/PeckShield-Duet/duet-collateral-contracts-92452dad092d6b5f76713484e30159b5fa75ea80::DYTokenERC20,false_negative,0.257923665318776,0.591,1,1,withdraw
all_scope,gated,43,DAPP::DAppSCAN-source/contracts/consensys-GrowthDeFi WHEAT/wheat-v1-core-8360ac0a537589bb974e8a5a169bb3e7c95d2857::Exchange,false_negative,0.3750910015448662,0.591,1,0,
all_scope,gated,43,DAPP::DAppSCAN-source/contracts/SlowMist-ForTube2.0 Smart Contract Security Audit Report/bond-854527d0ea7ad2ddd3504b4d4ae3fcb57cb6445d::BondData,false_positive,0.6546257558493817,0.591,0,1,deposit|initialDeposit|invest|liquidate|profit
all_scope,gated,43,DAPP::DAppSCAN-source/contracts/SlowMist-ForTube2.0 Smart Contract Security Audit Report/bond-854527d0ea7ad2ddd3504b4d4ae3fcb57cb6445d::PRA,false_negative,0.3867806369659765,0.591,1,1,lock|unlock
all_scope,gated,43,"DAPP::DAppSCAN-source/contracts/Coinfabrik-MintingFactoryV2, BaseUpgradableMarketplace & KODAV3UpgradableGatedMarketplace/known-origin-contracts-v3-d592c5f4fa4e0b6fc65a1fce43e302706aedf607::KODAV3SecondaryMarketplace",false_positive,0.607543065288786,0.591,0,1,_onlyAdmin|_onlyContract|_placeEditionBidFor|_placeTokenBidFor|acceptEditionBid
all_scope,gated,43,"DAPP::DAppSCAN-source/contracts/Coinfabrik-MintingFactoryV2, BaseUpgradableMarketplace & KODAV3UpgradableGatedMarketplace/known-origin-contracts-v3-d592c5f4fa4e0b6fc65a1fce43e302706aedf607::MintingFactoryV2",false_negative,0.25861737084512115,0.591,1,1,_authorizeUpgrade|_setAdmin|_setBeacon|_setImplementation|mintBatchEdition
all_scope,gated,43,"DAPP::DAppSCAN-source/contracts/Coinfabrik-MintingFactoryV2, BaseUpgradableMarketplace & KODAV3UpgradableGatedMarketplace/known-origin-contracts-v3-d592c5f4fa4e0b6fc65a1fce43e302706aedf607::ClaimableFundsReceiverV1",false_positive,0.6909145455138724,0.591,0,1,drain|drainERC20
all_scope,gated,43,"DAPP::DAppSCAN-source/contracts/Coinfabrik-MintingFactoryV2, BaseUpgradableMarketplace & KODAV3UpgradableGatedMarketplace/known-origin-contracts-v3-d592c5f4fa4e0b6fc65a1fce43e302706aedf607::KODAV3UpgradableGatedMarketplace",false_positive,0.7149743359521538,0.591,0,1,_addPhaseToSale|_authorizeUpgrade|_setAdmin|_setBeacon|_setImplementation
all_scope,gated,43,"DAPP::DAppSCAN-source/contracts/Coinfabrik-MintingFactoryV2, BaseUpgradableMarketplace & KODAV3UpgradableGatedMarketplace/known-origin-contracts-v3-d592c5f4fa4e0b6fc65a1fce43e302706aedf607::ClaimableFundsSplitterV1",false_positive,0.6909145455138724,0.591,0,1,drain|drainERC20
all_scope,gated,43,"DAPP::DAppSCAN-source/contracts/Coinfabrik-MintingFactoryV2, BaseUpgradableMarketplace & KODAV3UpgradableGatedMarketplace/known-origin-contracts-v3-d592c5f4fa4e0b6fc65a1fce43e302706aedf607::RoyaltyImplV1R1",false_positive,0.7102509157307761,0.591,0,1,drain
all_scope,gated,43,"DAPP::DAppSCAN-source/contracts/Coinfabrik-MintingFactoryV2, BaseUpgradableMarketplace & KODAV3UpgradableGatedMarketplace/known-origin-contracts-v3-d592c5f4fa4e0b6fc65a1fce43e302706aedf607::RoyaltyImplV1R2",false_positive,0.7102509157307761,0.591,0,1,drain
all_scope,gated,43,"DAPP::DAppSCAN-source/contracts/Coinfabrik-MintingFactoryV2, BaseUpgradableMarketplace & KODAV3UpgradableGatedMarketplace/known-origin-contracts-v3-d592c5f4fa4e0b6fc65a1fce43e302706aedf607::FundsReceiver",false_positive,0.7102509157307761,0.591,0,1,drain
all_scope,gated,43,"DAPP::DAppSCAN-source/contracts/Coinfabrik-MintingFactoryV2, BaseUpgradableMarketplace & KODAV3UpgradableGatedMarketplace/known-origin-contracts-v3-d592c5f4fa4e0b6fc65a1fce43e302706aedf607::CollabFundsReceiver",false_positive,0.7941780781731934,0.591,0,1,drain|drainERC20|drainShare
all_scope,gated,43,FORGE::vfp_00156::SponsoredOFTSrcPeriphery,false_positive,0.7982227805639301,0.591,0,0,
all_scope,gated,43,DAPP::DAppSCAN-source/contracts/Solidity_Finance-OKLG - Smart Contract/contracts-e167d0d742d21bcc62d7a5b770a1f0ed1cf31eca::MTGYOKLGSwap,false_positive,0.641845646117646,0.591,0,0,
all_scope,gated,43,DAPP::DAppSCAN-source/contracts/Solidity_Finance-OKLG - Smart Contract/contracts-e167d0d742d21bcc62d7a5b770a1f0ed1cf31eca::OKLGAtomicSwapInstance,false_positive,0.8759113409847731,0.591,0,1,fundSendToDestinationGas|receiveTokensFromSource|refundTokensFromSource|sendTokensToDestination|withdrawTokens
all_scope,gated,43,DAPP::DAppSCAN-source/contracts/Solidity_Finance-OKLG - Smart Contract/contracts-e167d0d742d21bcc62d7a5b770a1f0ed1cf31eca::OKLGFaaSToken,false_positive,0.8926567743047531,0.591,0,1,_harvestTokens|emergencyUnstake|removeStakeableTokens|stakeTokens|unstakeTokens
all_scope,gated,43,DAPP::DAppSCAN-source/contracts/Solidity_Finance-OKLG - Smart Contract/contracts-e167d0d742d21bcc62d7a5b770a1f0ed1cf31eca::OKLGPasswordManager,false_positive,0.7969279183787925,0.591,0,1,addAccount|bulkAddAccounts
all_scope,gated,43,DAPP::DAppSCAN-source/contracts/Solidity_Finance-OKLG - Smart Contract/contracts-e167d0d742d21bcc62d7a5b770a1f0ed1cf31eca::OKLGAffiliate,false_positive,0.7072000224712087,0.591,0,1,pay
all_scope,gated,43,DAPP::DAppSCAN-source/contracts/Solidity_Finance-OKLG - Smart Contract/contracts-e167d0d742d21bcc62d7a5b770a1f0ed1cf31eca::OKLGDividendDistributor,false_positive,0.8573436997070198,0.591,0,1,depositDividends|setBoostContract|setBoostMultiplierContract|unstake
all_scope,gated,43,DAPP::DAppSCAN-source/contracts/Solidity_Finance-OKLG - Smart Contract/contracts-e167d0d742d21bcc62d7a5b770a1f0ed1cf31eca::OKLGTrustedTimestamping,false_positive,0.7487313718746997,0.591,0,0,
all_scope,gated,43,DAPP::DAppSCAN-source/contracts/Solidity_Finance-OKLG - Smart Contract/contracts-e167d0d742d21bcc62d7a5b770a1f0ed1cf31eca::OKLGAtomicSwap,false_positive,0.6463538952744731,0.591,0,0,
all_scope,gated,43,DAPP::DAppSCAN-source/contracts/Solidity_Finance-OKLG - Smart Contract/contracts-e167d0d742d21bcc62d7a5b770a1f0ed1cf31eca::KetherNFTLoaner,false_positive,0.8421986780212481,0.591,0,1,addPlot|loanPlot|removePlot
all_scope,gated,43,DAPP::DAppSCAN-source/contracts/Solidity_Finance-OKLG - Smart Contract/contracts-e167d0d742d21bcc62d7a5b770a1f0ed1cf31eca::OKLGRaffle,false_positive,0.8523008123107104,0.591,0,1,closeRaffleAndRefund|enterRaffle
all_scope,gated,43,DAPP::DAppSCAN-source/contracts/Solidity_Finance-OKLG - Smart Contract/contracts-e167d0d742d21bcc62d7a5b770a1f0ed1cf31eca::BuybackAndBurnOKLG,false_positive,0.6499296130985325,0.591,0,1,buyAndBurn
all_scope,gated,43,DAPP::DAppSCAN-source/contracts/Solidified-Aztec Lido Bridge/aztec-connect-bridges-d5aca13d4d0a17b21eeddf77f49f4c6613461fb0::RollupProcessor,false_positive,0.6279049417394165,0.591,0,1,processAsyncDefiInteraction
all_scope,gated,43,DAPP::DAppSCAN-source/contracts/Solidified-Aztec Lido Bridge/aztec-connect-bridges-d5aca13d4d0a17b21eeddf77f49f4c6613461fb0::LidoBridge,false_negative,0.37421850217063485,0.591,1,1,unwrapETH|wrapETH
all_scope,gated,43,DAPP::DAppSCAN-source/contracts/Hacken-Tenderize/tender-core-1fd606141625171fe792045ae9233890262d2d62::TokenFaucet,false_positive,0.8025529360731033,0.591,0,0,
all_scope,gated,43,DAPP::DAppSCAN-source/contracts/Hacken-Tenderize/tender-core-1fd606141625171fe792045ae9233890262d2d62::Audius,false_positive,0.6599477895543664,0.591,0,1,_initialize|_unstake|deposit|unstake
all_scope,gated,43,DAPP::DAppSCAN-source/contracts/Hacken-Tenderize/tender-core-1fd606141625171fe792045ae9233890262d2d62::Matic,false_negative,0.5734720123040172,0.591,1,1,_initialize|_stake|_unstake|deposit|unstake
all_scope,gated,43,FORGE::vfp_00220::LiquidityPenaltyHook,false_positive,0.8106360210832079,0.591,0,0,
all_scope,gated,43,DAPP::DAppSCAN-source/contracts/consensys-The_LAO/moloch-4bc443f4dad60279b47978fc6987bb978d3dfc58::MolochPool,false_positive,0.703816090763705,0.591,0,1,_withdraw|activate|sync
all_scope,gated,43,DAPP::DAppSCAN-source/contracts/consensys-The_LAO/moloch-4bc443f4dad60279b47978fc6987bb978d3dfc58::GnosisSafe,false_positive,0.6287318015606416,0.591,0,1,checkSignatures
all_scope,gated,43,DAPP::DAppSCAN-source/contracts/consensys-The_LAO/moloch-4bc443f4dad60279b47978fc6987bb978d3dfc58::ClaimsTokenERC20Extension,false_positive,0.8566347148751361,0.591,0,1,withdrawFunds
all_scope,gated,43,DAPP::DAppSCAN-source/contracts/Trail_of_Bits-Liquity/dev-f0df3efa5a5f05b205752184cfce107c5bd6e06c::BorrowerOperations,false_negative,0.5146263698167373,0.591,1,1,_adjustTrove
all_scope,gated,43,DAPP::DAppSCAN-source/contracts/Trail_of_Bits-Liquity/dev-f0df3efa5a5f05b205752184cfce107c5bd6e06c::SortedTroves,false_positive,0.777062047400654,0.591,0,1,_insert|_remove
all_scope,gated,43,DAPP::DAppSCAN-source/contracts/Trail_of_Bits-Liquity/dev-f0df3efa5a5f05b205752184cfce107c5bd6e06c::LQTYStaking,false_positive,0.6133061330302285,0.591,0,0,
all_scope,gated,44,FORGE::vfp_00058::BasePositionManager,false_positive,0.8226311710709233,0.511,0,0,
all_scope,gated,44,FORGE::vfp_00058::LikwidLendPosition,false_positive,0.9049402989968561,0.511,0,0,
all_scope,gated,44,FORGE::vfp_00260::Arbitrum_Adapter,false_positive,0.8910739763064467,0.511,0,0,
all_scope,gated,44,FORGE::vfp_00260::Ovm_WithdrawalHelper,false_positive,0.6546377224983416,0.511,0,0,
all_scope,gated,44,FORGE::vfp_00126::HubPool,false_positive,0.9013326071954623,0.511,0,1,addLiquidity|claimProtocolFeesCaptured|disputeRootBundle|emergencyDeleteProposal|enableL1TokenForLiquidityProvision
all_scope,gated,44,FORGE::vfp_00126::Arbitrum_Adapter,false_positive,0.9026714950327044,0.511,0,0,
all_scope,gated,44,FORGE::vfp_00288::DelegationMetaSwapAdapter,false_negative,0.3037398824838194,0.511,1,1,swapTokens
all_scope,gated,44,DAPP::DAppSCAN-source/contracts/SlowMist-Booster-Protocol_智能安全审计报告/boosterProtocol-946b15629c410d706856584f3aa04001d6a55bd2::TenBankHall,false_positive,0.8497248195392669,0.511,0,1,addBox|addStrategy|deposit|depositLPToken|emergencyWithdraw
all_scope,gated,44,DAPP::DAppSCAN-source/contracts/SlowMist-Booster-Protocol_智能安全审计报告/boosterProtocol-946b15629c410d706856584f3aa04001d6a55bd2::BOOPools,false_positive,0.7350194289033448,0.511,0,1,add|deposit|emergencyWithdraw|withdraw
all_scope,gated,44,DAPP::DAppSCAN-source/contracts/SlowMist-Booster-Protocol_智能安全审计报告/boosterProtocol-946b15629c410d706856584f3aa04001d6a55bd2::ActionPools,false_positive,0.5924861236756661,0.511,0,1,getBlocksReward
all_scope,gated,44,DAPP::DAppSCAN-source/contracts/SlowMist-Booster-Protocol_智能安全审计报告/boosterProtocol-946b15629c410d706856584f3aa04001d6a55bd2::SafeBoxFilDa,false_positive,0.5974313239776283,0.511,0,1,_borrow|ctokenBorrow|ctokenDeposit|ctokenRepayBorrow|ctokenWithdraw
all_scope,gated,44,DAPP::DAppSCAN-source/contracts/SlowMist-Booster-Protocol_智能安全审计报告/boosterProtocol-946b15629c410d706856584f3aa04001d6a55bd2::SafeBoxFilDaETH,false_positive,0.5974313239776283,0.511,0,1,_borrow|ctokenBorrow|ctokenWithdraw|emergencyRepay|getBorrowId
all_scope,gated,44,DAPP::DAppSCAN-source/contracts/SlowMist-Booster-Protocol_智能安全审计报告/boosterProtocol-946b15629c410d706856584f3aa04001d6a55bd2::StrategyUtils,false_negative,0.3011433675599647,0.511,1,1,checkDepositLimit|checkLiquidationLimit
all_scope,gated,44,DAPP::DAppSCAN-source/contracts/Hacken-Powerbomb-V1/powerbomb-lite-0f86ff1eecdd723be733a9b33ff4ffa3bbdadcee::PowerBombR,false_positive,0.6013165291414458,0.511,0,1,_deposit|withdraw
all_scope,gated,44,DAPP::DAppSCAN-source/contracts/Hacken-Powerbomb-V1/powerbomb-lite-0f86ff1eecdd723be733a9b33ff4ffa3bbdadcee::PowerBomb,false_positive,0.5273007845521155,0.511,0,1,_deposit|withdraw
all_scope,gated,44,DAPP::DAppSCAN-source/contracts/Hacken-Powerbomb-V1/powerbomb-lite-0f86ff1eecdd723be733a9b33ff4ffa3bbdadcee::PowerBombAvaxCurve33,false_positive,0.5506837579223253,0.511,0,1,_deposit|withdraw
all_scope,gated,44,DAPP::DAppSCAN-source/contracts/Hacken-Powerbomb-V1/powerbomb-lite-0f86ff1eecdd723be733a9b33ff4ffa3bbdadcee::PowerBombOneCurve,false_positive,0.5757790663130812,0.511,0,1,_deposit|withdraw
all_scope,gated,44,DAPP::DAppSCAN-source/contracts/PeckShield-DarkCrypto/darkcrypto-contracts-fee5be8d36459aebed2b84e6493875b3dc0366fd::Boardroom,false_positive,0.6525234374781655,0.511,0,1,allocateSeigniorage|claimReward|governanceRecoverUnsupported|initialize|stake
all_scope,gated,44,DAPP::DAppSCAN-source/contracts/PeckShield-DarkCrypto/darkcrypto-contracts-fee5be8d36459aebed2b84e6493875b3dc0366fd::DarkRewardPool,false_positive,0.7895048761197996,0.511,0,1,add|governanceRecoverUnsupported|withdraw
all_scope,gated,44,DAPP::DAppSCAN-source/contracts/PepperSec-Aira-Robonomic/robonomics_contracts-cc35a91de187072214d215262d8371f0159c2498::Ambix,false_positive,0.8953848740228411,0.511,0,1,run
all_scope,gated,44,DAPP::DAppSCAN-source/contracts/PepperSec-Aira-Robonomic/robonomics_contracts-cc35a91de187072214d215262d8371f0159c2498::LiabilityFactory,false_positive,0.681522921873551,0.511,0,1,createLiability|createLighthouse|liabilityFinalized
all_scope,gated,44,DAPP::DAppSCAN-source/contracts/PepperSec-Aira-Robonomic/robonomics_contracts-cc35a91de187072214d215262d8371f0159c2498::LighthouseLib,false_negative,0.46790822834787404,0.511,1,1,refill|withdraw
all_scope,gated,44,DAPP::DAppSCAN-source/contracts/PepperSec-Aira-Robonomic/robonomics_contracts-cc35a91de187072214d215262d8371f0159c2498::DutchAuction,false_positive,0.868169523574541,0.511,0,1,bid|claimTokens|finalizeAuction|setup
all_scope,gated,44,DAPP::DAppSCAN-source/contracts/BlockSec-blocksec_impossible_finance_swap_v1.2/impossible-swap-core-29aaef89f996acdbee92b67c4d95fb608dc8b876::ImpossibleWrappedToken,false_negative,0.1074297948585353,0.511,1,1,_withdraw
all_scope,gated,44,DAPP::DAppSCAN-source/contracts/BlockSec-blocksec_impossible_finance_swap_v1.2/impossible-swap-core-29aaef89f996acdbee92b67c4d95fb608dc8b876::WETH9,false_positive,0.560264691440937,0.511,0,1,withdraw
all_scope,gated,44,DAPP::DAppSCAN-source/contracts/Solidified-Aztec Element Bridge/aztec-connect-bridges-ac2e7194b5887ea11a607b4cf8de0547b3d7fdd0::RollupProcessor,false_positive,0.6369103317401578,0.511,0,1,processAsyncDefiInteraction
all_scope,gated,44,DAPP::DAppSCAN-source/contracts/PeckShield-Duet/duet-collateral-contracts-92452dad092d6b5f76713484e30159b5fa75ea80::DYTokenERC20,false_negative,0.3172715589432508,0.511,1,1,withdraw
all_scope,gated,44,DAPP::DAppSCAN-source/contracts/consensys-GrowthDeFi WHEAT/wheat-v1-core-8360ac0a537589bb974e8a5a169bb3e7c95d2857::PancakeSwapCompoundingStrategyToken,false_positive,0.5247341177182879,0.511,0,1,addToWhitelist|deposit|gulp|recoverLostFunds|removeFromWhitelist
all_scope,gated,44,DAPP::DAppSCAN-source/contracts/consensys-GrowthDeFi WHEAT/wheat-v1-core-8360ac0a537589bb974e8a5a169bb3e7c95d2857::PancakeSwapFeeCollector,false_positive,0.5127858160023389,0.511,0,1,addToWhitelist|gulp|recoverLostFunds|removeFromWhitelist
all_scope,gated,44,DAPP::DAppSCAN-source/contracts/consensys-GrowthDeFi WHEAT/wheat-v1-core-8360ac0a537589bb974e8a5a169bb3e7c95d2857::Exchange,false_negative,0.38828937704653965,0.511,1,0,
all_scope,gated,44,DAPP::DAppSCAN-source/contracts/consensys-GrowthDeFi WHEAT/wheat-v1-core-8360ac0a537589bb974e8a5a169bb3e7c95d2857::TestPantherSwapCompoundingStrategyToken,false_positive,0.5425391319049121,0.511,0,0,
all_scope,gated,44,DAPP::DAppSCAN-source/contracts/consensys-GrowthDeFi WHEAT/wheat-v1-core-8360ac0a537589bb974e8a5a169bb3e7c95d2857::TestPantherSwapBuybackAdapter,false_positive,0.5785250709954627,0.511,0,0,
all_scope,gated,44,DAPP::DAppSCAN-source/contracts/consensys-GrowthDeFi WHEAT/wheat-v1-core-8360ac0a537589bb974e8a5a169bb3e7c95d2857::TestAutoFarmFeeCollectorAdapter,false_positive,0.574741690280936,0.511,0,0,
all_scope,gated,44,DAPP::DAppSCAN-source/contracts/SlowMist-ForTube2.0 Smart Contract Security Audit Report/bond-854527d0ea7ad2ddd3504b4d4ae3fcb57cb6445d::Core,false_positive,0.6089747992542456,0.511,0,1,interestBearingPeriod|investCb|liquidateInternal|txOutCrowdCb|withdrawPrincipalAndInterestCb
all_scope,gated,44,DAPP::DAppSCAN-source/contracts/SlowMist-ForTube2.0 Smart Contract Security Audit Report/bond-854527d0ea7ad2ddd3504b4d4ae3fcb57cb6445d::BondFactory,false_positive,0.5585767124554061,0.511,0,1,issue
all_scope,gated,44,DAPP::DAppSCAN-source/contracts/SlowMist-ForTube2.0 Smart Contract Security Audit Report/bond-854527d0ea7ad2ddd3504b4d4ae3fcb57cb6445d::BondData,false_positive,0.6988712085502763,0.511,0,1,deposit|initialDeposit|invest|liquidate|profit
all_scope,gated,44,DAPP::DAppSCAN-source/contracts/SlowMist-ForTube2.0 Smart Contract Security Audit Report/bond-854527d0ea7ad2ddd3504b4d4ae3fcb57cb6445d::PRA,false_negative,0.4249948215459443,0.511,1,1,lock|unlock
all_scope,gated,44,"DAPP::DAppSCAN-source/contracts/Coinfabrik-MintingFactoryV2, BaseUpgradableMarketplace & KODAV3UpgradableGatedMarketplace/known-origin-contracts-v3-d592c5f4fa4e0b6fc65a1fce43e302706aedf607::KODAV3SecondaryMarketplace",false_positive,0.7637638147609614,0.511,0,1,_onlyAdmin|_onlyContract|_placeEditionBidFor|_placeTokenBidFor|acceptEditionBid
all_scope,gated,44,"DAPP::DAppSCAN-source/contracts/Coinfabrik-MintingFactoryV2, BaseUpgradableMarketplace & KODAV3UpgradableGatedMarketplace/known-origin-contracts-v3-d592c5f4fa4e0b6fc65a1fce43e302706aedf607::MintingFactoryV2",false_negative,0.39331689653859864,0.511,1,1,_authorizeUpgrade|_setAdmin|_setBeacon|_setImplementation|mintBatchEdition
all_scope,gated,44,"DAPP::DAppSCAN-source/contracts/Coinfabrik-MintingFactoryV2, BaseUpgradableMarketplace & KODAV3UpgradableGatedMarketplace/known-origin-contracts-v3-d592c5f4fa4e0b6fc65a1fce43e302706aedf607::KODAV3PrimaryMarketplace",false_positive,0.6682300036861437,0.511,0,1,_buyNextStep|_onlyAdmin|_onlyContract|acceptEditionBid|convertOffersToBuyItNow
all_scope,gated,44,"DAPP::DAppSCAN-source/contracts/Coinfabrik-MintingFactoryV2, BaseUpgradableMarketplace & KODAV3UpgradableGatedMarketplace/known-origin-contracts-v3-d592c5f4fa4e0b6fc65a1fce43e302706aedf607::ClaimableFundsReceiverV1",false_positive,0.7390233469132105,0.511,0,1,drain|drainERC20
all_scope,gated,44,"DAPP::DAppSCAN-source/contracts/Coinfabrik-MintingFactoryV2, BaseUpgradableMarketplace & KODAV3UpgradableGatedMarketplace/known-origin-contracts-v3-d592c5f4fa4e0b6fc65a1fce43e302706aedf607::KODAV3UpgradableGatedMarketplace",false_positive,0.8095413235959579,0.511,0,1,_addPhaseToSale|_authorizeUpgrade|_setAdmin|_setBeacon|_setImplementation
all_scope,gated,44,"DAPP::DAppSCAN-source/contracts/Coinfabrik-MintingFactoryV2, BaseUpgradableMarketplace & KODAV3UpgradableGatedMarketplace/known-origin-contracts-v3-d592c5f4fa4e0b6fc65a1fce43e302706aedf607::ClaimableFundsSplitterV1",false_positive,0.7390233469132105,0.511,0,1,drain|drainERC20
all_scope,gated,44,"DAPP::DAppSCAN-source/contracts/Coinfabrik-MintingFactoryV2, BaseUpgradableMarketplace & KODAV3UpgradableGatedMarketplace/known-origin-contracts-v3-d592c5f4fa4e0b6fc65a1fce43e302706aedf607::KODAV3UpgradableCollectorOnlyMarketplace",false_positive,0.6772180332139225,0.511,0,1,_authorizeUpgrade|_setAdmin|_setBeacon|_setImplementation|canMint
all_scope,gated,44,"DAPP::DAppSCAN-source/contracts/Coinfabrik-MintingFactoryV2, BaseUpgradableMarketplace & KODAV3UpgradableGatedMarketplace/known-origin-contracts-v3-d592c5f4fa4e0b6fc65a1fce43e302706aedf607::KODAV3SignatureMarketplace",false_positive,0.5234033616853629,0.511,0,0,
all_scope,gated,44,"DAPP::DAppSCAN-source/contracts/Coinfabrik-MintingFactoryV2, BaseUpgradableMarketplace & KODAV3UpgradableGatedMarketplace/known-origin-contracts-v3-d592c5f4fa4e0b6fc65a1fce43e302706aedf607::KODAV3GatedMerkleMarketplace",false_positive,0.6981742929929233,0.511,0,1,_authorizeUpgrade|_setAdmin|_setBeacon|_setImplementation|handleMerkleMint
all_scope,gated,44,"DAPP::DAppSCAN-source/contracts/Coinfabrik-MintingFactoryV2, BaseUpgradableMarketplace & KODAV3UpgradableGatedMarketplace/known-origin-contracts-v3-d592c5f4fa4e0b6fc65a1fce43e302706aedf607::TokenRoyaltiesRegistry",false_positive,0.6279318046921414,0.511,0,1,confirm|reject
all_scope,gated,44,"DAPP::DAppSCAN-source/contracts/Coinfabrik-MintingFactoryV2, BaseUpgradableMarketplace & KODAV3UpgradableGatedMarketplace/known-origin-contracts-v3-d592c5f4fa4e0b6fc65a1fce43e302706aedf607::RoyaltyImplV1R1",false_positive,0.8243667412827869,0.511,0,1,drain
all_scope,gated,44,"DAPP::DAppSCAN-source/contracts/Coinfabrik-MintingFactoryV2, BaseUpgradableMarketplace & KODAV3UpgradableGatedMarketplace/known-origin-contracts-v3-d592c5f4fa4e0b6fc65a1fce43e302706aedf607::RoyaltyImplV1R2",false_positive,0.8243667412827869,0.511,0,1,drain
all_scope,gated,44,"DAPP::DAppSCAN-source/contracts/Coinfabrik-MintingFactoryV2, BaseUpgradableMarketplace & KODAV3UpgradableGatedMarketplace/known-origin-contracts-v3-d592c5f4fa4e0b6fc65a1fce43e302706aedf607::FundsReceiver",false_positive,0.8243667412827869,0.511,0,1,drain
all_scope,gated,44,"DAPP::DAppSCAN-source/contracts/Coinfabrik-MintingFactoryV2, BaseUpgradableMarketplace & KODAV3UpgradableGatedMarketplace/known-origin-contracts-v3-d592c5f4fa4e0b6fc65a1fce43e302706aedf607::CollabFundsReceiver",false_positive,0.833005651981847,0.511,0,1,drain|drainERC20|drainShare
all_scope,gated,44,FORGE::vfp_00156::SponsoredOFTSrcPeriphery,false_positive,0.8505176871255823,0.511,0,0,
all_scope,gated,44,DAPP::DAppSCAN-source/contracts/Solidity_Finance-OKLG - Smart Contract/contracts-e167d0d742d21bcc62d7a5b770a1f0ed1cf31eca::MTGYOKLGSwap,false_positive,0.6861205510652303,0.511,0,0,
all_scope,gated,44,DAPP::DAppSCAN-source/contracts/Solidity_Finance-OKLG - Smart Contract/contracts-e167d0d742d21bcc62d7a5b770a1f0ed1cf31eca::OKLGAtomicSwapInstance,false_positive,0.8891330540098874,0.511,0,1,fundSendToDestinationGas|receiveTokensFromSource|refundTokensFromSource|sendTokensToDestination|withdrawTokens
all_scope,gated,44,DAPP::DAppSCAN-source/contracts/Solidity_Finance-OKLG - Smart Contract/contracts-e167d0d742d21bcc62d7a5b770a1f0ed1cf31eca::OKLGAirdropper,false_positive,0.7704906745287153,0.511,0,0,
all_scope,gated,44,DAPP::DAppSCAN-source/contracts/Solidity_Finance-OKLG - Smart Contract/contracts-e167d0d742d21bcc62d7a5b770a1f0ed1cf31eca::OKLGFaaSToken,false_positive,0.9027252303157134,0.511,0,1,_harvestTokens|emergencyUnstake|removeStakeableTokens|stakeTokens|unstakeTokens
all_scope,gated,44,DAPP::DAppSCAN-source/contracts/Solidity_Finance-OKLG - Smart Contract/contracts-e167d0d742d21bcc62d7a5b770a1f0ed1cf31eca::OKLGSpend,false_positive,0.6100534613027274,0.511,0,1,spendOnProduct
all_scope,gated,44,DAPP::DAppSCAN-source/contracts/Solidity_Finance-OKLG - Smart Contract/contracts-e167d0d742d21bcc62d7a5b770a1f0ed1cf31eca::OKLGPasswordManager,false_positive,0.8743992499184962,0.511,0,1,addAccount|bulkAddAccounts
all_scope,gated,44,DAPP::DAppSCAN-source/contracts/Solidity_Finance-OKLG - Smart Contract/contracts-e167d0d742d21bcc62d7a5b770a1f0ed1cf31eca::OKLGAffiliate,false_positive,0.7949009571553451,0.511,0,1,pay
all_scope,gated,44,DAPP::DAppSCAN-source/contracts/Solidity_Finance-OKLG - Smart Contract/contracts-e167d0d742d21bcc62d7a5b770a1f0ed1cf31eca::OKLGDividendDistributor,false_positive,0.8284571047566499,0.511,0,1,depositDividends|setBoostContract|setBoostMultiplierContract|unstake
all_scope,gated,44,DAPP::DAppSCAN-source/contracts/Solidity_Finance-OKLG - Smart Contract/contracts-e167d0d742d21bcc62d7a5b770a1f0ed1cf31eca::OKLGTrustedTimestamping,false_positive,0.8470935541580746,0.511,0,0,
all_scope,gated,44,DAPP::DAppSCAN-source/contracts/Solidity_Finance-OKLG - Smart Contract/contracts-e167d0d742d21bcc62d7a5b770a1f0ed1cf31eca::OKLGAtomicSwap,false_positive,0.7568769490575844,0.511,0,0,
all_scope,gated,44,DAPP::DAppSCAN-source/contracts/Solidity_Finance-OKLG - Smart Contract/contracts-e167d0d742d21bcc62d7a5b770a1f0ed1cf31eca::KetherNFTLoaner,false_positive,0.8560774991492006,0.511,0,1,addPlot|loanPlot|removePlot
all_scope,gated,44,DAPP::DAppSCAN-source/contracts/Solidity_Finance-OKLG - Smart Contract/contracts-e167d0d742d21bcc62d7a5b770a1f0ed1cf31eca::OKLGProduct,false_positive,0.7704906745287153,0.511,0,0,
all_scope,gated,44,DAPP::DAppSCAN-source/contracts/Solidity_Finance-OKLG - Smart Contract/contracts-e167d0d742d21bcc62d7a5b770a1f0ed1cf31eca::OKLGRaffle,false_positive,0.8594183209473057,0.511,0,1,closeRaffleAndRefund|enterRaffle
all_scope,gated,44,DAPP::DAppSCAN-source/contracts/Solidity_Finance-OKLG - Smart Contract/contracts-e167d0d742d21bcc62d7a5b770a1f0ed1cf31eca::OKLetsApe,false_positive,0.5235841430228462,0.511,0,1,customMint|mint|setERC721HelperContract
all_scope,gated,44,DAPP::DAppSCAN-source/contracts/Solidity_Finance-OKLG - Smart Contract/contracts-e167d0d742d21bcc62d7a5b770a1f0ed1cf31eca::OKLGETHSplitter,false_positive,0.601232333489651,0.511,0,1,setReceivers
all_scope,gated,44,DAPP::DAppSCAN-source/contracts/Solidity_Finance-OKLG - Smart Contract/contracts-e167d0d742d21bcc62d7a5b770a1f0ed1cf31eca::BuybackAndBurnOKLG,false_positive,0.733209516453696,0.511,0,1,buyAndBurn
all_scope,gated,44,DAPP::DAppSCAN-source/contracts/Solidified-Aztec Lido Bridge/aztec-connect-bridges-d5aca13d4d0a17b21eeddf77f49f4c6613461fb0::RollupProcessor,false_positive,0.6369053970875477,0.511,0,1,processAsyncDefiInteraction
all_scope,gated,44,DAPP::DAppSCAN-source/contracts/Solidified-Aztec Lido Bridge/aztec-connect-bridges-d5aca13d4d0a17b21eeddf77f49f4c6613461fb0::LidoBridge,false_negative,0.3276576253990078,0.511,1,1,unwrapETH|wrapETH
all_scope,gated,44,DAPP::DAppSCAN-source/contracts/Solidified-Aztec Lido Bridge/aztec-connect-bridges-d5aca13d4d0a17b21eeddf77f49f4c6613461fb0::ElementBridge,false_positive,0.5370526902190791,0.511,0,1,finalise
all_scope,gated,44,DAPP::DAppSCAN-source/contracts/Hacken-Tenderize/tender-core-1fd606141625171fe792045ae9233890262d2d62::TokenFaucet,false_positive,0.8832354208731228,0.511,0,0,
all_scope,gated,44,DAPP::DAppSCAN-source/contracts/Hacken-Tenderize/tender-core-1fd606141625171fe792045ae9233890262d2d62::SwapUtils,false_positive,0.595831200186387,0.511,0,1,swap
all_scope,gated,44,DAPP::DAppSCAN-source/contracts/Hacken-Tenderize/tender-core-1fd606141625171fe792045ae9233890262d2d62::Audius,false_positive,0.7138744895953523,0.511,0,1,_initialize|_unstake|deposit|unstake
all_scope,gated,44,FORGE::vfp_00220::LiquidityPenaltyHook,false_positive,0.7999862101223406,0.511,0,0,
all_scope,gated,44,DAPP::DAppSCAN-source/contracts/consensys-The_LAO/moloch-4bc443f4dad60279b47978fc6987bb978d3dfc58::MolochPool,false_positive,0.783549474116939,0.511,0,1,_withdraw|activate|sync
all_scope,gated,44,DAPP::DAppSCAN-source/contracts/consensys-The_LAO/moloch-4bc443f4dad60279b47978fc6987bb978d3dfc58::GnosisSafe,false_positive,0.6893249301010306,0.511,0,1,checkSignatures
all_scope,gated,44,DAPP::DAppSCAN-source/contracts/consensys-The_LAO/moloch-4bc443f4dad60279b47978fc6987bb978d3dfc58::Submitter,false_positive,0.5241165040928343,0.511,0,0,
all_scope,gated,44,DAPP::DAppSCAN-source/contracts/consensys-The_LAO/moloch-4bc443f4dad60279b47978fc6987bb978d3dfc58::ClaimsTokenERC20Extension,false_positive,0.8542607140201557,0.511,0,1,withdrawFunds
all_scope,gated,44,DAPP::DAppSCAN-source/contracts/Trail_of_Bits-Liquity/dev-f0df3efa5a5f05b205752184cfce107c5bd6e06c::CollSurplusPool,false_positive,0.529253907842521,0.511,0,1,claimColl
all_scope,gated,44,DAPP::DAppSCAN-source/contracts/Trail_of_Bits-Liquity/dev-f0df3efa5a5f05b205752184cfce107c5bd6e06c::BorrowerOperations,false_negative,0.43931563402176127,0.511,1,1,_adjustTrove
all_scope,gated,44,DAPP::DAppSCAN-source/contracts/Trail_of_Bits-Liquity/dev-f0df3efa5a5f05b205752184cfce107c5bd6e06c::StabilityPool,false_positive,0.5673848828540988,0.511,0,1,_requireUserHasTrove
all_scope,gated,44,DAPP::DAppSCAN-source/contracts/Trail_of_Bits-Liquity/dev-f0df3efa5a5f05b205752184cfce107c5bd6e06c::SortedTroves,false_positive,0.8724300009966834,0.511,0,1,_insert|_remove
all_scope,gated,44,DAPP::DAppSCAN-source/contracts/Trail_of_Bits-Liquity/dev-f0df3efa5a5f05b205752184cfce107c5bd6e06c::LQTYStaking,false_positive,0.5528403049844218,0.511,0,0,
all_scope,gated,45,FORGE::vfp_00058::BasePositionManager,false_positive,0.826376744201119,0.705,0,0,
all_scope,gated,45,FORGE::vfp_00058::LikwidLendPosition,false_positive,0.8953702897679463,0.705,0,0,
all_scope,gated,45,FORGE::vfp_00260::Arbitrum_Adapter,false_positive,0.8613138852719894,0.705,0,0,
all_scope,gated,45,FORGE::vfp_00126::HubPool,false_positive,0.8954530143024609,0.705,0,1,addLiquidity|claimProtocolFeesCaptured|disputeRootBundle|emergencyDeleteProposal|enableL1TokenForLiquidityProvision
all_scope,gated,45,FORGE::vfp_00126::Arbitrum_Adapter,false_positive,0.8698796628891279,0.705,0,0,
all_scope,gated,45,FORGE::vfp_00288::DelegationMetaSwapAdapter,false_negative,0.4583640603149727,0.705,1,1,swapTokens
all_scope,gated,45,DAPP::DAppSCAN-source/contracts/SlowMist-Booster-Protocol_智能安全审计报告/boosterProtocol-946b15629c410d706856584f3aa04001d6a55bd2::TenBankHall,false_positive,0.8091386931365613,0.705,0,1,addBox|addStrategy|deposit|depositLPToken|emergencyWithdraw
all_scope,gated,45,DAPP::DAppSCAN-source/contracts/SlowMist-Booster-Protocol_智能安全审计报告/boosterProtocol-946b15629c410d706856584f3aa04001d6a55bd2::BuybackBooToken,false_negative,0.6448396419881792,0.705,1,0,
all_scope,gated,45,DAPP::DAppSCAN-source/contracts/SlowMist-Booster-Protocol_智能安全审计报告/boosterProtocol-946b15629c410d706856584f3aa04001d6a55bd2::BOOPools,false_positive,0.8114789245901843,0.705,0,1,add|deposit|emergencyWithdraw|withdraw
all_scope,gated,45,DAPP::DAppSCAN-source/contracts/SlowMist-Booster-Protocol_智能安全审计报告/boosterProtocol-946b15629c410d706856584f3aa04001d6a55bd2::SafeBoxFilDa,false_positive,0.7138675864861274,0.705,0,1,_borrow|ctokenBorrow|ctokenDeposit|ctokenRepayBorrow|ctokenWithdraw
all_scope,gated,45,DAPP::DAppSCAN-source/contracts/SlowMist-Booster-Protocol_智能安全审计报告/boosterProtocol-946b15629c410d706856584f3aa04001d6a55bd2::SafeBoxFilDaETH,false_positive,0.7138675864861274,0.705,0,1,_borrow|ctokenBorrow|ctokenWithdraw|emergencyRepay|getBorrowId
all_scope,gated,45,DAPP::DAppSCAN-source/contracts/SlowMist-Booster-Protocol_智能安全审计报告/boosterProtocol-946b15629c410d706856584f3aa04001d6a55bd2::StrategyUtils,false_negative,0.330642874549298,0.705,1,1,checkDepositLimit|checkLiquidationLimit
all_scope,gated,45,DAPP::DAppSCAN-source/contracts/Hacken-Powerbomb-V1/powerbomb-lite-0f86ff1eecdd723be733a9b33ff4ffa3bbdadcee::PowerBombAvaxCurve,false_negative,0.6893648056071316,0.705,1,1,_deposit|withdraw
all_scope,gated,45,DAPP::DAppSCAN-source/contracts/Hacken-Powerbomb-V1/powerbomb-lite-0f86ff1eecdd723be733a9b33ff4ffa3bbdadcee::PowerBombR,false_positive,0.733852601465215,0.705,0,1,_deposit|withdraw
all_scope,gated,45,DAPP::DAppSCAN-source/contracts/PeckShield-DarkCrypto/darkcrypto-contracts-fee5be8d36459aebed2b84e6493875b3dc0366fd::Boardroom,false_positive,0.7384925121904126,0.705,0,1,allocateSeigniorage|claimReward|governanceRecoverUnsupported|initialize|stake
all_scope,gated,45,DAPP::DAppSCAN-source/contracts/PeckShield-DarkCrypto/darkcrypto-contracts-fee5be8d36459aebed2b84e6493875b3dc0366fd::DarkRewardPool,false_positive,0.8475545680232653,0.705,0,1,add|governanceRecoverUnsupported|withdraw
all_scope,gated,45,DAPP::DAppSCAN-source/contracts/PepperSec-Aira-Robonomic/robonomics_contracts-cc35a91de187072214d215262d8371f0159c2498::Ambix,false_positive,0.9155946411747826,0.705,0,1,run
all_scope,gated,45,DAPP::DAppSCAN-source/contracts/PepperSec-Aira-Robonomic/robonomics_contracts-cc35a91de187072214d215262d8371f0159c2498::LiabilityFactory,false_positive,0.7278868794129735,0.705,0,1,createLiability|createLighthouse|liabilityFinalized
all_scope,gated,45,DAPP::DAppSCAN-source/contracts/PepperSec-Aira-Robonomic/robonomics_contracts-cc35a91de187072214d215262d8371f0159c2498::LighthouseLib,false_negative,0.5750307267348911,0.705,1,1,refill|withdraw
all_scope,gated,45,DAPP::DAppSCAN-source/contracts/PepperSec-Aira-Robonomic/robonomics_contracts-cc35a91de187072214d215262d8371f0159c2498::DutchAuction,false_positive,0.8691955593223146,0.705,0,1,bid|claimTokens|finalizeAuction|setup
all_scope,gated,45,DAPP::DAppSCAN-source/contracts/BlockSec-blocksec_impossible_finance_swap_v1.2/impossible-swap-core-29aaef89f996acdbee92b67c4d95fb608dc8b876::ImpossibleWrappedToken,false_negative,0.14191381449862703,0.705,1,1,_withdraw
all_scope,gated,45,DAPP::DAppSCAN-source/contracts/Solidified-Aztec Element Bridge/aztec-connect-bridges-ac2e7194b5887ea11a607b4cf8de0547b3d7fdd0::RollupProcessor,false_positive,0.7402002903771292,0.705,0,1,processAsyncDefiInteraction
all_scope,gated,45,DAPP::DAppSCAN-source/contracts/PeckShield-Duet/duet-collateral-contracts-92452dad092d6b5f76713484e30159b5fa75ea80::DYTokenERC20,false_negative,0.356368932272165,0.705,1,1,withdraw
all_scope,gated,45,DAPP::DAppSCAN-source/contracts/consensys-GrowthDeFi WHEAT/wheat-v1-core-8360ac0a537589bb974e8a5a169bb3e7c95d2857::Exchange,false_negative,0.3519662401349247,0.705,1,0,
all_scope,gated,45,DAPP::DAppSCAN-source/contracts/SlowMist-ForTube2.0 Smart Contract Security Audit Report/bond-854527d0ea7ad2ddd3504b4d4ae3fcb57cb6445d::BondData,false_positive,0.7687475143182874,0.705,0,1,deposit|initialDeposit|invest|liquidate|profit
all_scope,gated,45,DAPP::DAppSCAN-source/contracts/SlowMist-ForTube2.0 Smart Contract Security Audit Report/bond-854527d0ea7ad2ddd3504b4d4ae3fcb57cb6445d::PRA,false_negative,0.5166214382414339,0.705,1,1,lock|unlock
all_scope,gated,45,"DAPP::DAppSCAN-source/contracts/Coinfabrik-MintingFactoryV2, BaseUpgradableMarketplace & KODAV3UpgradableGatedMarketplace/known-origin-contracts-v3-d592c5f4fa4e0b6fc65a1fce43e302706aedf607::KODAV3SecondaryMarketplace",false_positive,0.7308283907059048,0.705,0,1,_onlyAdmin|_onlyContract|_placeEditionBidFor|_placeTokenBidFor|acceptEditionBid
all_scope,gated,45,"DAPP::DAppSCAN-source/contracts/Coinfabrik-MintingFactoryV2, BaseUpgradableMarketplace & KODAV3UpgradableGatedMarketplace/known-origin-contracts-v3-d592c5f4fa4e0b6fc65a1fce43e302706aedf607::MintingFactoryV2",false_negative,0.3647702247600992,0.705,1,1,_authorizeUpgrade|_setAdmin|_setBeacon|_setImplementation|mintBatchEdition
all_scope,gated,45,"DAPP::DAppSCAN-source/contracts/Coinfabrik-MintingFactoryV2, BaseUpgradableMarketplace & KODAV3UpgradableGatedMarketplace/known-origin-contracts-v3-d592c5f4fa4e0b6fc65a1fce43e302706aedf607::ClaimableFundsReceiverV1",false_positive,0.82808744692328,0.705,0,1,drain|drainERC20
all_scope,gated,45,"DAPP::DAppSCAN-source/contracts/Coinfabrik-MintingFactoryV2, BaseUpgradableMarketplace & KODAV3UpgradableGatedMarketplace/known-origin-contracts-v3-d592c5f4fa4e0b6fc65a1fce43e302706aedf607::KODAV3UpgradableGatedMarketplace",false_positive,0.8377639730747317,0.705,0,1,_addPhaseToSale|_authorizeUpgrade|_setAdmin|_setBeacon|_setImplementation
all_scope,gated,45,"DAPP::DAppSCAN-source/contracts/Coinfabrik-MintingFactoryV2, BaseUpgradableMarketplace & KODAV3UpgradableGatedMarketplace/known-origin-contracts-v3-d592c5f4fa4e0b6fc65a1fce43e302706aedf607::ClaimableFundsSplitterV1",false_positive,0.82808744692328,0.705,0,1,drain|drainERC20
all_scope,gated,45,"DAPP::DAppSCAN-source/contracts/Coinfabrik-MintingFactoryV2, BaseUpgradableMarketplace & KODAV3UpgradableGatedMarketplace/known-origin-contracts-v3-d592c5f4fa4e0b6fc65a1fce43e302706aedf607::KODAV3GatedMerkleMarketplace",false_positive,0.7358849681580052,0.705,0,1,_authorizeUpgrade|_setAdmin|_setBeacon|_setImplementation|handleMerkleMint
all_scope,gated,45,"DAPP::DAppSCAN-source/contracts/Coinfabrik-MintingFactoryV2, BaseUpgradableMarketplace & KODAV3UpgradableGatedMarketplace/known-origin-contracts-v3-d592c5f4fa4e0b6fc65a1fce43e302706aedf607::TokenRoyaltiesRegistry",false_positive,0.7121344796541993,0.705,0,1,confirm|reject
all_scope,gated,45,"DAPP::DAppSCAN-source/contracts/Coinfabrik-MintingFactoryV2, BaseUpgradableMarketplace & KODAV3UpgradableGatedMarketplace/known-origin-contracts-v3-d592c5f4fa4e0b6fc65a1fce43e302706aedf607::RoyaltyImplV1R1",false_positive,0.842689488014499,0.705,0,1,drain
all_scope,gated,45,"DAPP::DAppSCAN-source/contracts/Coinfabrik-MintingFactoryV2, BaseUpgradableMarketplace & KODAV3UpgradableGatedMarketplace/known-origin-contracts-v3-d592c5f4fa4e0b6fc65a1fce43e302706aedf607::RoyaltyImplV1R2",false_positive,0.842689488014499,0.705,0,1,drain
all_scope,gated,45,"DAPP::DAppSCAN-source/contracts/Coinfabrik-MintingFactoryV2, BaseUpgradableMarketplace & KODAV3UpgradableGatedMarketplace/known-origin-contracts-v3-d592c5f4fa4e0b6fc65a1fce43e302706aedf607::FundsReceiver",false_positive,0.842689488014499,0.705,0,1,drain
all_scope,gated,45,"DAPP::DAppSCAN-source/contracts/Coinfabrik-MintingFactoryV2, BaseUpgradableMarketplace & KODAV3UpgradableGatedMarketplace/known-origin-contracts-v3-d592c5f4fa4e0b6fc65a1fce43e302706aedf607::CollabFundsReceiver",false_positive,0.8780394888254275,0.705,0,1,drain|drainERC20|drainShare
all_scope,gated,45,FORGE::vfp_00156::SponsoredOFTSrcPeriphery,false_positive,0.8409859378035888,0.705,0,0,
all_scope,gated,45,DAPP::DAppSCAN-source/contracts/Solidity_Finance-OKLG - Smart Contract/contracts-e167d0d742d21bcc62d7a5b770a1f0ed1cf31eca::OKLGAtomicSwapInstance,false_positive,0.8871941668401772,0.705,0,1,fundSendToDestinationGas|receiveTokensFromSource|refundTokensFromSource|sendTokensToDestination|withdrawTokens
all_scope,gated,45,DAPP::DAppSCAN-source/contracts/Solidity_Finance-OKLG - Smart Contract/contracts-e167d0d742d21bcc62d7a5b770a1f0ed1cf31eca::OKLGFaaSToken,false_positive,0.9096895702066383,0.705,0,1,_harvestTokens|emergencyUnstake|removeStakeableTokens|stakeTokens|unstakeTokens
all_scope,gated,45,DAPP::DAppSCAN-source/contracts/Solidity_Finance-OKLG - Smart Contract/contracts-e167d0d742d21bcc62d7a5b770a1f0ed1cf31eca::OKLGPasswordManager,false_positive,0.8684130626393323,0.705,0,1,addAccount|bulkAddAccounts
all_scope,gated,45,DAPP::DAppSCAN-source/contracts/Solidity_Finance-OKLG - Smart Contract/contracts-e167d0d742d21bcc62d7a5b770a1f0ed1cf31eca::OKLGAffiliate,false_positive,0.8217786685586519,0.705,0,1,pay
all_scope,gated,45,DAPP::DAppSCAN-source/contracts/Solidity_Finance-OKLG - Smart Contract/contracts-e167d0d742d21bcc62d7a5b770a1f0ed1cf31eca::OKLGDividendDistributor,false_positive,0.9057799445694316,0.705,0,1,depositDividends|setBoostContract|setBoostMultiplierContract|unstake
all_scope,gated,45,DAPP::DAppSCAN-source/contracts/Solidity_Finance-OKLG - Smart Contract/contracts-e167d0d742d21bcc62d7a5b770a1f0ed1cf31eca::OKLGTrustedTimestamping,false_positive,0.8344889634673505,0.705,0,0,
all_scope,gated,45,DAPP::DAppSCAN-source/contracts/Solidity_Finance-OKLG - Smart Contract/contracts-e167d0d742d21bcc62d7a5b770a1f0ed1cf31eca::OKLGAtomicSwap,false_positive,0.7513613806492646,0.705,0,0,
all_scope,gated,45,DAPP::DAppSCAN-source/contracts/Solidity_Finance-OKLG - Smart Contract/contracts-e167d0d742d21bcc62d7a5b770a1f0ed1cf31eca::KetherNFTLoaner,false_positive,0.8750569874696563,0.705,0,1,addPlot|loanPlot|removePlot
all_scope,gated,45,DAPP::DAppSCAN-source/contracts/Solidity_Finance-OKLG - Smart Contract/contracts-e167d0d742d21bcc62d7a5b770a1f0ed1cf31eca::OKLGRaffle,false_positive,0.9103858137796872,0.705,0,1,closeRaffleAndRefund|enterRaffle
all_scope,gated,45,DAPP::DAppSCAN-source/contracts/Solidity_Finance-OKLG - Smart Contract/contracts-e167d0d742d21bcc62d7a5b770a1f0ed1cf31eca::OKLGETHSplitter,false_positive,0.763575496674703,0.705,0,1,setReceivers
all_scope,gated,45,DAPP::DAppSCAN-source/contracts/Solidified-Aztec Lido Bridge/aztec-connect-bridges-d5aca13d4d0a17b21eeddf77f49f4c6613461fb0::RollupProcessor,false_positive,0.7402374032630585,0.705,0,1,processAsyncDefiInteraction
all_scope,gated,45,DAPP::DAppSCAN-source/contracts/Solidified-Aztec Lido Bridge/aztec-connect-bridges-d5aca13d4d0a17b21eeddf77f49f4c6613461fb0::LidoBridge,false_negative,0.3482399583476849,0.705,1,1,unwrapETH|wrapETH
all_scope,gated,45,DAPP::DAppSCAN-source/contracts/Hacken-Tenderize/tender-core-1fd606141625171fe792045ae9233890262d2d62::TokenFaucet,false_positive,0.8546672703405261,0.705,0,0,
all_scope,gated,45,DAPP::DAppSCAN-source/contracts/Hacken-Tenderize/tender-core-1fd606141625171fe792045ae9233890262d2d62::Audius,false_positive,0.729376972944449,0.705,0,1,_initialize|_unstake|deposit|unstake
all_scope,gated,45,DAPP::DAppSCAN-source/contracts/Hacken-Tenderize/tender-core-1fd606141625171fe792045ae9233890262d2d62::Matic,false_negative,0.6541862502532304,0.705,1,1,_initialize|_stake|_unstake|deposit|unstake
all_scope,gated,45,FORGE::vfp_00220::LiquidityPenaltyHook,false_positive,0.8305093109846035,0.705,0,0,
all_scope,gated,45,DAPP::DAppSCAN-source/contracts/consensys-The_LAO/moloch-4bc443f4dad60279b47978fc6987bb978d3dfc58::MolochPool,false_positive,0.8206521480305385,0.705,0,1,_withdraw|activate|sync
all_scope,gated,45,DAPP::DAppSCAN-source/contracts/consensys-The_LAO/moloch-4bc443f4dad60279b47978fc6987bb978d3dfc58::GnosisSafe,false_positive,0.7974843119958259,0.705,0,1,checkSignatures
all_scope,gated,45,DAPP::DAppSCAN-source/contracts/consensys-The_LAO/moloch-4bc443f4dad60279b47978fc6987bb978d3dfc58::ClaimsTokenERC20Extension,false_positive,0.8229627824439106,0.705,0,1,withdrawFunds
all_scope,gated,45,DAPP::DAppSCAN-source/contracts/Trail_of_Bits-Liquity/dev-f0df3efa5a5f05b205752184cfce107c5bd6e06c::BorrowerOperations,false_negative,0.5572862411471142,0.705,1,1,_adjustTrove
all_scope,gated,45,DAPP::DAppSCAN-source/contracts/Trail_of_Bits-Liquity/dev-f0df3efa5a5f05b205752184cfce107c5bd6e06c::SortedTroves,false_positive,0.8660597090873243,0.705,0,1,_insert|_remove
all_scope,gated,45,DAPP::DAppSCAN-source/contracts/Trail_of_Bits-Liquity/dev-f0df3efa5a5f05b205752184cfce107c5bd6e06c::LQTYStaking,false_positive,0.7055016870664544,0.705,0,0,
all_scope,gated,46,FORGE::vfp_00058::BasePositionManager,false_positive,0.8224732331215563,0.708,0,0,
all_scope,gated,46,FORGE::vfp_00058::LikwidLendPosition,false_positive,0.8867545918967056,0.708,0,0,
all_scope,gated,46,FORGE::vfp_00260::Arbitrum_Adapter,false_positive,0.8092693138860554,0.708,0,0,
all_scope,gated,46,FORGE::vfp_00126::HubPool,false_positive,0.8692313362919212,0.708,0,1,addLiquidity|claimProtocolFeesCaptured|disputeRootBundle|emergencyDeleteProposal|enableL1TokenForLiquidityProvision
all_scope,gated,46,FORGE::vfp_00126::Arbitrum_Adapter,false_positive,0.8150307548444651,0.708,0,0,
all_scope,gated,46,FORGE::vfp_00288::DelegationMetaSwapAdapter,false_negative,0.5053891431606641,0.708,1,1,swapTokens
all_scope,gated,46,DAPP::DAppSCAN-source/contracts/SlowMist-Booster-Protocol_智能安全审计报告/boosterProtocol-946b15629c410d706856584f3aa04001d6a55bd2::TenBankHall,false_positive,0.7499135595734685,0.708,0,1,addBox|addStrategy|deposit|depositLPToken|emergencyWithdraw
all_scope,gated,46,DAPP::DAppSCAN-source/contracts/SlowMist-Booster-Protocol_智能安全审计报告/boosterProtocol-946b15629c410d706856584f3aa04001d6a55bd2::BuybackBooToken,false_negative,0.6830085689142635,0.708,1,0,
all_scope,gated,46,DAPP::DAppSCAN-source/contracts/SlowMist-Booster-Protocol_智能安全审计报告/boosterProtocol-946b15629c410d706856584f3aa04001d6a55bd2::BOOPools,false_positive,0.8301088080608362,0.708,0,1,add|deposit|emergencyWithdraw|withdraw
all_scope,gated,46,DAPP::DAppSCAN-source/contracts/SlowMist-Booster-Protocol_智能安全审计报告/boosterProtocol-946b15629c410d706856584f3aa04001d6a55bd2::ActionPools,false_positive,0.7264872003011895,0.708,0,1,getBlocksReward
all_scope,gated,46,DAPP::DAppSCAN-source/contracts/SlowMist-Booster-Protocol_智能安全审计报告/boosterProtocol-946b15629c410d706856584f3aa04001d6a55bd2::SafeBoxFilDa,false_positive,0.7287471723007023,0.708,0,1,_borrow|ctokenBorrow|ctokenDeposit|ctokenRepayBorrow|ctokenWithdraw
all_scope,gated,46,DAPP::DAppSCAN-source/contracts/SlowMist-Booster-Protocol_智能安全审计报告/boosterProtocol-946b15629c410d706856584f3aa04001d6a55bd2::SafeBoxFilDaETH,false_positive,0.7287471723007023,0.708,0,1,_borrow|ctokenBorrow|ctokenWithdraw|emergencyRepay|getBorrowId
all_scope,gated,46,DAPP::DAppSCAN-source/contracts/SlowMist-Booster-Protocol_智能安全审计报告/boosterProtocol-946b15629c410d706856584f3aa04001d6a55bd2::StrategyUtils,false_negative,0.38466027471811437,0.708,1,1,checkDepositLimit|checkLiquidationLimit
all_scope,gated,46,DAPP::DAppSCAN-source/contracts/Hacken-Powerbomb-V1/powerbomb-lite-0f86ff1eecdd723be733a9b33ff4ffa3bbdadcee::PowerBombAvaxCurve,false_negative,0.6905701418013545,0.708,1,1,_deposit|withdraw
all_scope,gated,46,DAPP::DAppSCAN-source/contracts/Hacken-Powerbomb-V1/powerbomb-lite-0f86ff1eecdd723be733a9b33ff4ffa3bbdadcee::PowerBombAvaxCurve33,false_positive,0.7112708239361791,0.708,0,1,_deposit|withdraw
all_scope,gated,46,DAPP::DAppSCAN-source/contracts/PeckShield-DarkCrypto/darkcrypto-contracts-fee5be8d36459aebed2b84e6493875b3dc0366fd::Boardroom,false_positive,0.7356998964804381,0.708,0,1,allocateSeigniorage|claimReward|governanceRecoverUnsupported|initialize|stake
all_scope,gated,46,DAPP::DAppSCAN-source/contracts/PeckShield-DarkCrypto/darkcrypto-contracts-fee5be8d36459aebed2b84e6493875b3dc0366fd::DarkRewardPool,false_positive,0.8531065962942395,0.708,0,1,add|governanceRecoverUnsupported|withdraw
all_scope,gated,46,DAPP::DAppSCAN-source/contracts/PepperSec-Aira-Robonomic/robonomics_contracts-cc35a91de187072214d215262d8371f0159c2498::Ambix,false_positive,0.8753917827321682,0.708,0,1,run
all_scope,gated,46,DAPP::DAppSCAN-source/contracts/PepperSec-Aira-Robonomic/robonomics_contracts-cc35a91de187072214d215262d8371f0159c2498::LiabilityFactory,false_positive,0.722888672349651,0.708,0,1,createLiability|createLighthouse|liabilityFinalized
all_scope,gated,46,DAPP::DAppSCAN-source/contracts/PepperSec-Aira-Robonomic/robonomics_contracts-cc35a91de187072214d215262d8371f0159c2498::LighthouseLib,false_negative,0.5994746486422119,0.708,1,1,refill|withdraw
all_scope,gated,46,DAPP::DAppSCAN-source/contracts/PepperSec-Aira-Robonomic/robonomics_contracts-cc35a91de187072214d215262d8371f0159c2498::DutchAuction,false_positive,0.8427248989595413,0.708,0,1,bid|claimTokens|finalizeAuction|setup
all_scope,gated,46,DAPP::DAppSCAN-source/contracts/BlockSec-blocksec_impossible_finance_swap_v1.2/impossible-swap-core-29aaef89f996acdbee92b67c4d95fb608dc8b876::ImpossibleWrappedToken,false_negative,0.1827557102565111,0.708,1,1,_withdraw
all_scope,gated,46,DAPP::DAppSCAN-source/contracts/Solidified-Aztec Element Bridge/aztec-connect-bridges-ac2e7194b5887ea11a607b4cf8de0547b3d7fdd0::RollupProcessor,false_positive,0.7654377889883581,0.708,0,1,processAsyncDefiInteraction
all_scope,gated,46,DAPP::DAppSCAN-source/contracts/PeckShield-Duet/duet-collateral-contracts-92452dad092d6b5f76713484e30159b5fa75ea80::DYTokenERC20,false_negative,0.3880531597938822,0.708,1,1,withdraw
all_scope,gated,46,DAPP::DAppSCAN-source/contracts/consensys-GrowthDeFi WHEAT/wheat-v1-core-8360ac0a537589bb974e8a5a169bb3e7c95d2857::Exchange,false_negative,0.3328481821872516,0.708,1,0,
all_scope,gated,46,DAPP::DAppSCAN-source/contracts/SlowMist-ForTube2.0 Smart Contract Security Audit Report/bond-854527d0ea7ad2ddd3504b4d4ae3fcb57cb6445d::BondData,false_positive,0.7944225959900428,0.708,0,1,deposit|initialDeposit|invest|liquidate|profit
all_scope,gated,46,DAPP::DAppSCAN-source/contracts/SlowMist-ForTube2.0 Smart Contract Security Audit Report/bond-854527d0ea7ad2ddd3504b4d4ae3fcb57cb6445d::PRA,false_negative,0.562894414589255,0.708,1,1,lock|unlock
all_scope,gated,46,"DAPP::DAppSCAN-source/contracts/Coinfabrik-MintingFactoryV2, BaseUpgradableMarketplace & KODAV3UpgradableGatedMarketplace/known-origin-contracts-v3-d592c5f4fa4e0b6fc65a1fce43e302706aedf607::MintingFactoryV2",false_negative,0.40704616316438236,0.708,1,1,_authorizeUpgrade|_setAdmin|_setBeacon|_setImplementation|mintBatchEdition
all_scope,gated,46,"DAPP::DAppSCAN-source/contracts/Coinfabrik-MintingFactoryV2, BaseUpgradableMarketplace & KODAV3UpgradableGatedMarketplace/known-origin-contracts-v3-d592c5f4fa4e0b6fc65a1fce43e302706aedf607::ClaimableFundsReceiverV1",false_positive,0.8179901513252708,0.708,0,1,drain|drainERC20
all_scope,gated,46,"DAPP::DAppSCAN-source/contracts/Coinfabrik-MintingFactoryV2, BaseUpgradableMarketplace & KODAV3UpgradableGatedMarketplace/known-origin-contracts-v3-d592c5f4fa4e0b6fc65a1fce43e302706aedf607::KODAV3UpgradableGatedMarketplace",false_positive,0.7976931038310332,0.708,0,1,_addPhaseToSale|_authorizeUpgrade|_setAdmin|_setBeacon|_setImplementation
all_scope,gated,46,"DAPP::DAppSCAN-source/contracts/Coinfabrik-MintingFactoryV2, BaseUpgradableMarketplace & KODAV3UpgradableGatedMarketplace/known-origin-contracts-v3-d592c5f4fa4e0b6fc65a1fce43e302706aedf607::ClaimableFundsSplitterV1",false_positive,0.8179901513252708,0.708,0,1,drain|drainERC20
all_scope,gated,46,"DAPP::DAppSCAN-source/contracts/Coinfabrik-MintingFactoryV2, BaseUpgradableMarketplace & KODAV3UpgradableGatedMarketplace/known-origin-contracts-v3-d592c5f4fa4e0b6fc65a1fce43e302706aedf607::RoyaltyImplV1R1",false_positive,0.8247046920646339,0.708,0,1,drain
all_scope,gated,46,"DAPP::DAppSCAN-source/contracts/Coinfabrik-MintingFactoryV2, BaseUpgradableMarketplace & KODAV3UpgradableGatedMarketplace/known-origin-contracts-v3-d592c5f4fa4e0b6fc65a1fce43e302706aedf607::RoyaltyImplV1R2",false_positive,0.8247046920646339,0.708,0,1,drain
all_scope,gated,46,"DAPP::DAppSCAN-source/contracts/Coinfabrik-MintingFactoryV2, BaseUpgradableMarketplace & KODAV3UpgradableGatedMarketplace/known-origin-contracts-v3-d592c5f4fa4e0b6fc65a1fce43e302706aedf607::FundsReceiver",false_positive,0.8247046920646339,0.708,0,1,drain
all_scope,gated,46,"DAPP::DAppSCAN-source/contracts/Coinfabrik-MintingFactoryV2, BaseUpgradableMarketplace & KODAV3UpgradableGatedMarketplace/known-origin-contracts-v3-d592c5f4fa4e0b6fc65a1fce43e302706aedf607::CollabFundsReceiver",false_positive,0.8576525446882421,0.708,0,1,drain|drainERC20|drainShare
all_scope,gated,46,FORGE::vfp_00156::SponsoredOFTSrcPeriphery,false_positive,0.8182242919441987,0.708,0,0,
all_scope,gated,46,DAPP::DAppSCAN-source/contracts/Solidity_Finance-OKLG - Smart Contract/contracts-e167d0d742d21bcc62d7a5b770a1f0ed1cf31eca::OKLGAtomicSwapInstance,false_positive,0.8540513988333738,0.708,0,1,fundSendToDestinationGas|receiveTokensFromSource|refundTokensFromSource|sendTokensToDestination|withdrawTokens
all_scope,gated,46,DAPP::DAppSCAN-source/contracts/Solidity_Finance-OKLG - Smart Contract/contracts-e167d0d742d21bcc62d7a5b770a1f0ed1cf31eca::OKLGFaaSToken,false_positive,0.8999207539487838,0.708,0,1,_harvestTokens|emergencyUnstake|removeStakeableTokens|stakeTokens|unstakeTokens
all_scope,gated,46,DAPP::DAppSCAN-source/contracts/Solidity_Finance-OKLG - Smart Contract/contracts-e167d0d742d21bcc62d7a5b770a1f0ed1cf31eca::OKLGPasswordManager,false_positive,0.832786261512453,0.708,0,1,addAccount|bulkAddAccounts
all_scope,gated,46,DAPP::DAppSCAN-source/contracts/Solidity_Finance-OKLG - Smart Contract/contracts-e167d0d742d21bcc62d7a5b770a1f0ed1cf31eca::OKLGAffiliate,false_positive,0.7778220021124099,0.708,0,1,pay
all_scope,gated,46,DAPP::DAppSCAN-source/contracts/Solidity_Finance-OKLG - Smart Contract/contracts-e167d0d742d21bcc62d7a5b770a1f0ed1cf31eca::OKLGDividendDistributor,false_positive,0.8787303473582756,0.708,0,1,depositDividends|setBoostContract|setBoostMultiplierContract|unstake
all_scope,gated,46,DAPP::DAppSCAN-source/contracts/Solidity_Finance-OKLG - Smart Contract/contracts-e167d0d742d21bcc62d7a5b770a1f0ed1cf31eca::OKLGTrustedTimestamping,false_positive,0.7845472536384123,0.708,0,0,
all_scope,gated,46,DAPP::DAppSCAN-source/contracts/Solidity_Finance-OKLG - Smart Contract/contracts-e167d0d742d21bcc62d7a5b770a1f0ed1cf31eca::KetherNFTLoaner,false_positive,0.835403347594028,0.708,0,1,addPlot|loanPlot|removePlot
all_scope,gated,46,DAPP::DAppSCAN-source/contracts/Solidity_Finance-OKLG - Smart Contract/contracts-e167d0d742d21bcc62d7a5b770a1f0ed1cf31eca::OKLGRaffle,false_positive,0.8803827585452197,0.708,0,1,closeRaffleAndRefund|enterRaffle
all_scope,gated,46,DAPP::DAppSCAN-source/contracts/Solidity_Finance-OKLG - Smart Contract/contracts-e167d0d742d21bcc62d7a5b770a1f0ed1cf31eca::OKLGETHSplitter,false_positive,0.7212684991459553,0.708,0,1,setReceivers
all_scope,gated,46,DAPP::DAppSCAN-source/contracts/Solidified-Aztec Lido Bridge/aztec-connect-bridges-d5aca13d4d0a17b21eeddf77f49f4c6613461fb0::RollupProcessor,false_positive,0.7654572225058647,0.708,0,1,processAsyncDefiInteraction
all_scope,gated,46,DAPP::DAppSCAN-source/contracts/Solidified-Aztec Lido Bridge/aztec-connect-bridges-d5aca13d4d0a17b21eeddf77f49f4c6613461fb0::LidoBridge,false_negative,0.3310938921802438,0.708,1,1,unwrapETH|wrapETH
all_scope,gated,46,DAPP::DAppSCAN-source/contracts/Solidified-Aztec Lido Bridge/aztec-connect-bridges-d5aca13d4d0a17b21eeddf77f49f4c6613461fb0::ElementBridge,false_positive,0.7270656886516507,0.708,0,1,finalise
all_scope,gated,46,DAPP::DAppSCAN-source/contracts/Hacken-Tenderize/tender-core-1fd606141625171fe792045ae9233890262d2d62::TokenFaucet,false_positive,0.817515600417874,0.708,0,0,
all_scope,gated,46,DAPP::DAppSCAN-source/contracts/Hacken-Tenderize/tender-core-1fd606141625171fe792045ae9233890262d2d62::TenderSwap,false_positive,0.7366820536492644,0.708,0,1,addLiquidity|initialize|removeLiquidity|removeLiquidityImbalance|removeLiquidityOneToken
all_scope,gated,46,DAPP::DAppSCAN-source/contracts/Hacken-Tenderize/tender-core-1fd606141625171fe792045ae9233890262d2d62::Audius,false_positive,0.7327428553708992,0.708,0,1,_initialize|_unstake|deposit|unstake
all_scope,gated,46,DAPP::DAppSCAN-source/contracts/Hacken-Tenderize/tender-core-1fd606141625171fe792045ae9233890262d2d62::Matic,false_negative,0.6876624626409199,0.708,1,1,_initialize|_stake|_unstake|deposit|unstake
all_scope,gated,46,FORGE::vfp_00220::LiquidityPenaltyHook,false_positive,0.801761362104652,0.708,0,0,
all_scope,gated,46,DAPP::DAppSCAN-source/contracts/consensys-The_LAO/moloch-4bc443f4dad60279b47978fc6987bb978d3dfc58::MolochPool,false_positive,0.8262467158418992,0.708,0,1,_withdraw|activate|sync
all_scope,gated,46,DAPP::DAppSCAN-source/contracts/consensys-The_LAO/moloch-4bc443f4dad60279b47978fc6987bb978d3dfc58::GnosisSafe,false_positive,0.7568878950571097,0.708,0,1,checkSignatures
all_scope,gated,46,DAPP::DAppSCAN-source/contracts/consensys-The_LAO/moloch-4bc443f4dad60279b47978fc6987bb978d3dfc58::ClaimsTokenERC20Extension,false_positive,0.7841327757019189,0.708,0,1,withdrawFunds
all_scope,gated,46,DAPP::DAppSCAN-source/contracts/Trail_of_Bits-Liquity/dev-f0df3efa5a5f05b205752184cfce107c5bd6e06c::BorrowerOperations,false_negative,0.5381298475297112,0.708,1,1,_adjustTrove
all_scope,gated,46,DAPP::DAppSCAN-source/contracts/Trail_of_Bits-Liquity/dev-f0df3efa5a5f05b205752184cfce107c5bd6e06c::SortedTroves,false_positive,0.8698728891606039,0.708,0,1,_insert|_remove
all_scope,gated,46,DAPP::DAppSCAN-source/contracts/Trail_of_Bits-Liquity/dev-f0df3efa5a5f05b205752184cfce107c5bd6e06c::LQTYStaking,false_positive,0.7354474385243787,0.708,0,0,
all_scope,rule_suppression,42,FORGE::vfp_00058::BasePositionManager,false_positive,0.7122582533732748,0.586,0,0,
all_scope,rule_suppression,42,FORGE::vfp_00058::LikwidLendPosition,false_positive,0.9683019813589517,0.586,0,0,
all_scope,rule_suppression,42,FORGE::vfp_00260::Arbitrum_Adapter,false_positive,0.9263886442560084,0.586,0,0,
all_scope,rule_suppression,42,FORGE::vfp_00260::Optimism_Adapter,false_positive,0.59004570904208,0.586,0,0,
all_scope,rule_suppression,42,FORGE::vfp_00126::HubPool,false_positive,0.9175384825841149,0.586,0,1,addLiquidity|claimProtocolFeesCaptured|disputeRootBundle|emergencyDeleteProposal|enableL1TokenForLiquidityProvision
all_scope,rule_suppression,42,FORGE::vfp_00126::Arbitrum_Adapter,false_positive,0.9614988723750513,0.586,0,0,
all_scope,rule_suppression,42,FORGE::vfp_00288::DelegationMetaSwapAdapter,false_negative,0.2676094723545999,0.586,1,1,swapTokens
all_scope,rule_suppression,42,DAPP::DAppSCAN-source/contracts/SlowMist-Booster-Protocol_智能安全审计报告/boosterProtocol-946b15629c410d706856584f3aa04001d6a55bd2::TenBankHall,false_positive,0.8087867247199324,0.586,0,1,addBox|addStrategy|deposit|depositLPToken|emergencyWithdraw
all_scope,rule_suppression,42,DAPP::DAppSCAN-source/contracts/SlowMist-Booster-Protocol_智能安全审计报告/boosterProtocol-946b15629c410d706856584f3aa04001d6a55bd2::BOOPools,false_positive,0.6253379137363604,0.586,0,1,add|deposit|emergencyWithdraw|withdraw
all_scope,rule_suppression,42,DAPP::DAppSCAN-source/contracts/SlowMist-Booster-Protocol_智能安全审计报告/boosterProtocol-946b15629c410d706856584f3aa04001d6a55bd2::SafeBoxFilDa,false_positive,0.6206860646166977,0.586,0,1,_borrow|ctokenBorrow|ctokenDeposit|ctokenRepayBorrow|ctokenWithdraw
all_scope,rule_suppression,42,DAPP::DAppSCAN-source/contracts/SlowMist-Booster-Protocol_智能安全审计报告/boosterProtocol-946b15629c410d706856584f3aa04001d6a55bd2::SafeBoxFilDaETH,false_positive,0.6206860646166977,0.586,0,1,_borrow|ctokenBorrow|ctokenWithdraw|emergencyRepay|getBorrowId
all_scope,rule_suppression,42,DAPP::DAppSCAN-source/contracts/SlowMist-Booster-Protocol_智能安全审计报告/boosterProtocol-946b15629c410d706856584f3aa04001d6a55bd2::StrategyUtils,false_negative,0.32914241272854183,0.586,1,1,checkDepositLimit|checkLiquidationLimit
all_scope,rule_suppression,42,DAPP::DAppSCAN-source/contracts/Hacken-Powerbomb-V1/powerbomb-lite-0f86ff1eecdd723be733a9b33ff4ffa3bbdadcee::PowerBombR,false_positive,0.753757307279616,0.586,0,1,_deposit|withdraw
all_scope,rule_suppression,42,DAPP::DAppSCAN-source/contracts/Hacken-Powerbomb-V1/powerbomb-lite-0f86ff1eecdd723be733a9b33ff4ffa3bbdadcee::PowerBomb,false_positive,0.6817823460451703,0.586,0,1,_deposit|withdraw
all_scope,rule_suppression,42,DAPP::DAppSCAN-source/contracts/Hacken-Powerbomb-V1/powerbomb-lite-0f86ff1eecdd723be733a9b33ff4ffa3bbdadcee::PowerBombAvaxCurve33,false_positive,0.6667285868169935,0.586,0,1,_deposit|withdraw
all_scope,rule_suppression,42,DAPP::DAppSCAN-source/contracts/Hacken-Powerbomb-V1/powerbomb-lite-0f86ff1eecdd723be733a9b33ff4ffa3bbdadcee::PowerBombOneCurve,false_positive,0.6863461967066122,0.586,0,1,_deposit|withdraw
all_scope,rule_suppression,42,DAPP::DAppSCAN-source/contracts/PeckShield-DarkCrypto/darkcrypto-contracts-fee5be8d36459aebed2b84e6493875b3dc0366fd::Treasury,false_positive,0.6022721256964039,0.586,0,1,buyBonds|governanceRecoverUnsupported|initialize|redeemBonds|setBoardroomStakeFee
all_scope,rule_suppression,42,DAPP::DAppSCAN-source/contracts/PeckShield-DarkCrypto/darkcrypto-contracts-fee5be8d36459aebed2b84e6493875b3dc0366fd::Boardroom,false_positive,0.7484144554975131,0.586,0,1,allocateSeigniorage|claimReward|governanceRecoverUnsupported|initialize|stake
all_scope,rule_suppression,42,DAPP::DAppSCAN-source/contracts/PeckShield-DarkCrypto/darkcrypto-contracts-fee5be8d36459aebed2b84e6493875b3dc0366fd::DarkRewardPool,false_positive,0.7374633284025918,0.586,0,1,add|governanceRecoverUnsupported|withdraw
all_scope,rule_suppression,42,DAPP::DAppSCAN-source/contracts/PepperSec-Aira-Robonomic/robonomics_contracts-cc35a91de187072214d215262d8371f0159c2498::Ambix,false_positive,0.874344304824607,0.586,0,1,run
all_scope,rule_suppression,42,DAPP::DAppSCAN-source/contracts/PepperSec-Aira-Robonomic/robonomics_contracts-cc35a91de187072214d215262d8371f0159c2498::LighthouseLib,false_negative,0.3946518219815603,0.586,1,1,refill|withdraw
all_scope,rule_suppression,42,DAPP::DAppSCAN-source/contracts/PepperSec-Aira-Robonomic/robonomics_contracts-cc35a91de187072214d215262d8371f0159c2498::DutchAuction,false_positive,0.8501670643465775,0.586,0,1,bid|claimTokens|finalizeAuction|setup
all_scope,rule_suppression,42,DAPP::DAppSCAN-source/contracts/BlockSec-blocksec_impossible_finance_swap_v1.2/impossible-swap-core-29aaef89f996acdbee92b67c4d95fb608dc8b876::ImpossibleWrappedToken,false_negative,0.1328251675528905,0.586,1,1,_withdraw
all_scope,rule_suppression,42,DAPP::DAppSCAN-source/contracts/PeckShield-Duet/duet-collateral-contracts-92452dad092d6b5f76713484e30159b5fa75ea80::DYTokenERC20,false_negative,0.2827928147023753,0.586,1,1,withdraw
all_scope,rule_suppression,42,DAPP::DAppSCAN-source/contracts/PeckShield-Duet/duet-collateral-contracts-92452dad092d6b5f76713484e30159b5fa75ea80::StrategyForPancakeLP,false_positive,0.6788318196598325,0.586,0,0,
all_scope,rule_suppression,42,DAPP::DAppSCAN-source/contracts/consensys-GrowthDeFi WHEAT/wheat-v1-core-8360ac0a537589bb974e8a5a169bb3e7c95d2857::Exchange,false_negative,0.4599672538185016,0.586,1,0,
all_scope,rule_suppression,42,DAPP::DAppSCAN-source/contracts/consensys-GrowthDeFi WHEAT/wheat-v1-core-8360ac0a537589bb974e8a5a169bb3e7c95d2857::TestPantherSwapCompoundingStrategyToken,false_positive,0.7211932041410248,0.586,0,0,
all_scope,rule_suppression,42,DAPP::DAppSCAN-source/contracts/consensys-GrowthDeFi WHEAT/wheat-v1-core-8360ac0a537589bb974e8a5a169bb3e7c95d2857::TestPantherSwapBuybackAdapter,false_positive,0.7246847740135477,0.586,0,0,
all_scope,rule_suppression,42,DAPP::DAppSCAN-source/contracts/consensys-GrowthDeFi WHEAT/wheat-v1-core-8360ac0a537589bb974e8a5a169bb3e7c95d2857::TestAutoFarmFeeCollectorAdapter,false_positive,0.6965212613615986,0.586,0,0,
all_scope,rule_suppression,42,DAPP::DAppSCAN-source/contracts/SlowMist-ForTube2.0 Smart Contract Security Audit Report/bond-854527d0ea7ad2ddd3504b4d4ae3fcb57cb6445d::BondData,false_positive,0.6077516109727037,0.586,0,1,deposit|initialDeposit|invest|liquidate|profit
all_scope,rule_suppression,42,DAPP::DAppSCAN-source/contracts/SlowMist-ForTube2.0 Smart Contract Security Audit Report/bond-854527d0ea7ad2ddd3504b4d4ae3fcb57cb6445d::Vote,false_positive,0.6698075946942811,0.586,0,0,
all_scope,rule_suppression,42,DAPP::DAppSCAN-source/contracts/SlowMist-ForTube2.0 Smart Contract Security Audit Report/bond-854527d0ea7ad2ddd3504b4d4ae3fcb57cb6445d::PRA,false_negative,0.43213020230320004,0.586,1,1,lock|unlock
all_scope,rule_suppression,42,"DAPP::DAppSCAN-source/contracts/Coinfabrik-MintingFactoryV2, BaseUpgradableMarketplace & KODAV3UpgradableGatedMarketplace/known-origin-contracts-v3-d592c5f4fa4e0b6fc65a1fce43e302706aedf607::KODAV3SecondaryMarketplace",false_positive,0.6524493605141408,0.586,0,1,_onlyAdmin|_onlyContract|_placeEditionBidFor|_placeTokenBidFor|acceptEditionBid
all_scope,rule_suppression,42,"DAPP::DAppSCAN-source/contracts/Coinfabrik-MintingFactoryV2, BaseUpgradableMarketplace & KODAV3UpgradableGatedMarketplace/known-origin-contracts-v3-d592c5f4fa4e0b6fc65a1fce43e302706aedf607::MintingFactoryV2",false_negative,0.334323171533116,0.586,1,1,_authorizeUpgrade|_setAdmin|_setBeacon|_setImplementation|mintBatchEdition
all_scope,rule_suppression,42,"DAPP::DAppSCAN-source/contracts/Coinfabrik-MintingFactoryV2, BaseUpgradableMarketplace & KODAV3UpgradableGatedMarketplace/known-origin-contracts-v3-d592c5f4fa4e0b6fc65a1fce43e302706aedf607::KODAV3PrimaryMarketplace",false_positive,0.6361793174964906,0.586,0,1,_buyNextStep|_onlyAdmin|_onlyContract|acceptEditionBid|convertOffersToBuyItNow
all_scope,rule_suppression,42,"DAPP::DAppSCAN-source/contracts/Coinfabrik-MintingFactoryV2, BaseUpgradableMarketplace & KODAV3UpgradableGatedMarketplace/known-origin-contracts-v3-d592c5f4fa4e0b6fc65a1fce43e302706aedf607::ClaimableFundsReceiverV1",false_positive,0.7274070300057809,0.586,0,1,drain|drainERC20
all_scope,rule_suppression,42,"DAPP::DAppSCAN-source/contracts/Coinfabrik-MintingFactoryV2, BaseUpgradableMarketplace & KODAV3UpgradableGatedMarketplace/known-origin-contracts-v3-d592c5f4fa4e0b6fc65a1fce43e302706aedf607::KODAV3UpgradableGatedMarketplace",false_positive,0.7393708077108334,0.586,0,1,_addPhaseToSale|_authorizeUpgrade|_setAdmin|_setBeacon|_setImplementation
all_scope,rule_suppression,42,"DAPP::DAppSCAN-source/contracts/Coinfabrik-MintingFactoryV2, BaseUpgradableMarketplace & KODAV3UpgradableGatedMarketplace/known-origin-contracts-v3-d592c5f4fa4e0b6fc65a1fce43e302706aedf607::ClaimableFundsSplitterV1",false_positive,0.7274070418245498,0.586,0,1,drain|drainERC20
all_scope,rule_suppression,42,"DAPP::DAppSCAN-source/contracts/Coinfabrik-MintingFactoryV2, BaseUpgradableMarketplace & KODAV3UpgradableGatedMarketplace/known-origin-contracts-v3-d592c5f4fa4e0b6fc65a1fce43e302706aedf607::KODAV3UpgradableCollectorOnlyMarketplace",false_positive,0.6898531414972231,0.586,0,1,_authorizeUpgrade|_setAdmin|_setBeacon|_setImplementation|canMint
all_scope,rule_suppression,42,"DAPP::DAppSCAN-source/contracts/Coinfabrik-MintingFactoryV2, BaseUpgradableMarketplace & KODAV3UpgradableGatedMarketplace/known-origin-contracts-v3-d592c5f4fa4e0b6fc65a1fce43e302706aedf607::KODAV3GatedMerkleMarketplace",false_positive,0.7365956748789158,0.586,0,1,_authorizeUpgrade|_setAdmin|_setBeacon|_setImplementation|handleMerkleMint
all_scope,rule_suppression,42,"DAPP::DAppSCAN-source/contracts/Coinfabrik-MintingFactoryV2, BaseUpgradableMarketplace & KODAV3UpgradableGatedMarketplace/known-origin-contracts-v3-d592c5f4fa4e0b6fc65a1fce43e302706aedf607::CloneBasedRegistry",false_positive,0.6947004847046028,0.586,0,0,
all_scope,rule_suppression,42,"DAPP::DAppSCAN-source/contracts/Coinfabrik-MintingFactoryV2, BaseUpgradableMarketplace & KODAV3UpgradableGatedMarketplace/known-origin-contracts-v3-d592c5f4fa4e0b6fc65a1fce43e302706aedf607::RoyaltyImplV1R1",false_positive,0.7618412385951977,0.586,0,1,drain
all_scope,rule_suppression,42,"DAPP::DAppSCAN-source/contracts/Coinfabrik-MintingFactoryV2, BaseUpgradableMarketplace & KODAV3UpgradableGatedMarketplace/known-origin-contracts-v3-d592c5f4fa4e0b6fc65a1fce43e302706aedf607::RoyaltyImplV1R2",false_positive,0.7618412385951977,0.586,0,1,drain
all_scope,rule_suppression,42,"DAPP::DAppSCAN-source/contracts/Coinfabrik-MintingFactoryV2, BaseUpgradableMarketplace & KODAV3UpgradableGatedMarketplace/known-origin-contracts-v3-d592c5f4fa4e0b6fc65a1fce43e302706aedf607::FundsReceiver",false_positive,0.7618412385951977,0.586,0,1,drain
all_scope,rule_suppression,42,"DAPP::DAppSCAN-source/contracts/Coinfabrik-MintingFactoryV2, BaseUpgradableMarketplace & KODAV3UpgradableGatedMarketplace/known-origin-contracts-v3-d592c5f4fa4e0b6fc65a1fce43e302706aedf607::CollabFundsReceiver",false_positive,0.8089971731372839,0.586,0,1,drain|drainERC20|drainShare
all_scope,rule_suppression,42,FORGE::vfp_00156::SponsoredOFTSrcPeriphery,false_positive,0.902317009736799,0.586,0,0,
all_scope,rule_suppression,42,DAPP::DAppSCAN-source/contracts/Solidity_Finance-OKLG - Smart Contract/contracts-e167d0d742d21bcc62d7a5b770a1f0ed1cf31eca::MTGYOKLGSwap,false_positive,0.8890015378547177,0.586,0,0,
all_scope,rule_suppression,42,DAPP::DAppSCAN-source/contracts/Solidity_Finance-OKLG - Smart Contract/contracts-e167d0d742d21bcc62d7a5b770a1f0ed1cf31eca::OKLGAtomicSwapInstance,false_positive,0.8762233695084646,0.586,0,1,fundSendToDestinationGas|receiveTokensFromSource|refundTokensFromSource|sendTokensToDestination|withdrawTokens
all_scope,rule_suppression,42,DAPP::DAppSCAN-source/contracts/Solidity_Finance-OKLG - Smart Contract/contracts-e167d0d742d21bcc62d7a5b770a1f0ed1cf31eca::OKLGAirdropper,false_positive,0.7921918682365062,0.586,0,0,
all_scope,rule_suppression,42,DAPP::DAppSCAN-source/contracts/Solidity_Finance-OKLG - Smart Contract/contracts-e167d0d742d21bcc62d7a5b770a1f0ed1cf31eca::OKLGFaaSToken,false_positive,0.8922209985208257,0.586,0,1,_harvestTokens|emergencyUnstake|removeStakeableTokens|stakeTokens|unstakeTokens
all_scope,rule_suppression,42,DAPP::DAppSCAN-source/contracts/Solidity_Finance-OKLG - Smart Contract/contracts-e167d0d742d21bcc62d7a5b770a1f0ed1cf31eca::OKLGSpend,false_positive,0.5889671382392055,0.586,0,1,spendOnProduct
all_scope,rule_suppression,42,DAPP::DAppSCAN-source/contracts/Solidity_Finance-OKLG - Smart Contract/contracts-e167d0d742d21bcc62d7a5b770a1f0ed1cf31eca::OKLGPasswordManager,false_positive,0.8147676877584403,0.586,0,1,addAccount|bulkAddAccounts
all_scope,rule_suppression,42,DAPP::DAppSCAN-source/contracts/Solidity_Finance-OKLG - Smart Contract/contracts-e167d0d742d21bcc62d7a5b770a1f0ed1cf31eca::OKLGAffiliate,false_positive,0.7566099079033778,0.586,0,1,pay
all_scope,rule_suppression,42,DAPP::DAppSCAN-source/contracts/Solidity_Finance-OKLG - Smart Contract/contracts-e167d0d742d21bcc62d7a5b770a1f0ed1cf31eca::OKLGDividendDistributor,false_positive,0.8870473855621936,0.586,0,1,depositDividends|setBoostContract|setBoostMultiplierContract|unstake
all_scope,rule_suppression,42,DAPP::DAppSCAN-source/contracts/Solidity_Finance-OKLG - Smart Contract/contracts-e167d0d742d21bcc62d7a5b770a1f0ed1cf31eca::OKLGTrustedTimestamping,false_positive,0.9118359487648716,0.586,0,0,
all_scope,rule_suppression,42,DAPP::DAppSCAN-source/contracts/Solidity_Finance-OKLG - Smart Contract/contracts-e167d0d742d21bcc62d7a5b770a1f0ed1cf31eca::OKLGAtomicSwap,false_positive,0.8894646818884159,0.586,0,0,
all_scope,rule_suppression,42,DAPP::DAppSCAN-source/contracts/Solidity_Finance-OKLG - Smart Contract/contracts-e167d0d742d21bcc62d7a5b770a1f0ed1cf31eca::KetherNFTLoaner,false_positive,0.8872153776109244,0.586,0,1,addPlot|loanPlot|removePlot
all_scope,rule_suppression,42,DAPP::DAppSCAN-source/contracts/Solidity_Finance-OKLG - Smart Contract/contracts-e167d0d742d21bcc62d7a5b770a1f0ed1cf31eca::OKLGProduct,false_positive,0.7921918682365062,0.586,0,0,
all_scope,rule_suppression,42,DAPP::DAppSCAN-source/contracts/Solidity_Finance-OKLG - Smart Contract/contracts-e167d0d742d21bcc62d7a5b770a1f0ed1cf31eca::OKLGRaffle,false_positive,0.883065556451586,0.586,0,1,closeRaffleAndRefund|enterRaffle
all_scope,rule_suppression,42,DAPP::DAppSCAN-source/contracts/Solidity_Finance-OKLG - Smart Contract/contracts-e167d0d742d21bcc62d7a5b770a1f0ed1cf31eca::BuybackAndBurnOKLG,false_positive,0.6848489580698324,0.586,0,1,buyAndBurn
all_scope,rule_suppression,42,DAPP::DAppSCAN-source/contracts/Solidified-Aztec Lido Bridge/aztec-connect-bridges-d5aca13d4d0a17b21eeddf77f49f4c6613461fb0::LidoBridge,false_negative,0.2956705623260172,0.586,1,1,unwrapETH|wrapETH
all_scope,rule_suppression,42,DAPP::DAppSCAN-source/contracts/Solidified-Aztec Lido Bridge/aztec-connect-bridges-d5aca13d4d0a17b21eeddf77f49f4c6613461fb0::ElementBridge,false_positive,0.7562744260014409,0.586,0,1,finalise
all_scope,rule_suppression,42,DAPP::DAppSCAN-source/contracts/Hacken-Tenderize/tender-core-1fd606141625171fe792045ae9233890262d2d62::TokenFaucet,false_positive,0.9629652388652996,0.586,0,0,
all_scope,rule_suppression,42,DAPP::DAppSCAN-source/contracts/Hacken-Tenderize/tender-core-1fd606141625171fe792045ae9233890262d2d62::Audius,false_positive,0.7874475697460463,0.586,0,1,_initialize|_unstake|deposit|unstake
all_scope,rule_suppression,42,FORGE::vfp_00220::LiquidityPenaltyHook,false_positive,0.9014970632666295,0.586,0,0,
all_scope,rule_suppression,42,DAPP::DAppSCAN-source/contracts/consensys-The_LAO/moloch-4bc443f4dad60279b47978fc6987bb978d3dfc58::MolochPool,false_positive,0.6710831828535541,0.586,0,1,_withdraw|activate|sync
all_scope,rule_suppression,42,DAPP::DAppSCAN-source/contracts/consensys-The_LAO/moloch-4bc443f4dad60279b47978fc6987bb978d3dfc58::GnosisSafe,false_positive,0.622438964352923,0.586,0,1,checkSignatures
all_scope,rule_suppression,42,DAPP::DAppSCAN-source/contracts/consensys-The_LAO/moloch-4bc443f4dad60279b47978fc6987bb978d3dfc58::Submitter,false_positive,0.606726858999564,0.586,0,0,
all_scope,rule_suppression,42,DAPP::DAppSCAN-source/contracts/consensys-The_LAO/moloch-4bc443f4dad60279b47978fc6987bb978d3dfc58::ClaimsTokenERC20Extension,false_positive,0.7465500696597137,0.586,0,1,withdrawFunds
all_scope,rule_suppression,42,DAPP::DAppSCAN-source/contracts/Trail_of_Bits-Liquity/dev-f0df3efa5a5f05b205752184cfce107c5bd6e06c::HintHelpers,false_positive,0.6504835394485896,0.586,0,0,
all_scope,rule_suppression,42,DAPP::DAppSCAN-source/contracts/Trail_of_Bits-Liquity/dev-f0df3efa5a5f05b205752184cfce107c5bd6e06c::StabilityPool,false_positive,0.6000744243539523,0.586,0,1,_requireUserHasTrove
all_scope,rule_suppression,42,DAPP::DAppSCAN-source/contracts/Trail_of_Bits-Liquity/dev-f0df3efa5a5f05b205752184cfce107c5bd6e06c::SortedTroves,false_positive,0.7900564981118127,0.586,0,1,_insert|_remove
all_scope,rule_suppression,42,DAPP::DAppSCAN-source/contracts/Trail_of_Bits-Liquity/dev-f0df3efa5a5f05b205752184cfce107c5bd6e06c::LQTYStaking,false_positive,0.6194613396585698,0.586,0,0,
all_scope,rule_suppression,43,FORGE::vfp_00058::LikwidLendPosition,false_positive,0.96307115646154,0.686,0,0,
all_scope,rule_suppression,43,FORGE::vfp_00260::Arbitrum_Adapter,false_positive,0.8983764071875742,0.686,0,0,
all_scope,rule_suppression,43,FORGE::vfp_00126::HubPool,false_positive,0.9168985873329157,0.686,0,1,addLiquidity|claimProtocolFeesCaptured|disputeRootBundle|emergencyDeleteProposal|enableL1TokenForLiquidityProvision
all_scope,rule_suppression,43,FORGE::vfp_00126::Arbitrum_Adapter,false_positive,0.9361712698514965,0.686,0,0,
all_scope,rule_suppression,43,FORGE::vfp_00288::DelegationMetaSwapAdapter,false_negative,0.5009505141252071,0.686,1,1,swapTokens
all_scope,rule_suppression,43,DAPP::DAppSCAN-source/contracts/SlowMist-Booster-Protocol_智能安全审计报告/boosterProtocol-946b15629c410d706856584f3aa04001d6a55bd2::TenBankHall,false_positive,0.7531569767497622,0.686,0,1,addBox|addStrategy|deposit|depositLPToken|emergencyWithdraw
all_scope,rule_suppression,43,DAPP::DAppSCAN-source/contracts/SlowMist-Booster-Protocol_智能安全审计报告/boosterProtocol-946b15629c410d706856584f3aa04001d6a55bd2::BuybackBooToken,false_negative,0.6739495618931381,0.686,1,0,
all_scope,rule_suppression,43,DAPP::DAppSCAN-source/contracts/SlowMist-Booster-Protocol_智能安全审计报告/boosterProtocol-946b15629c410d706856584f3aa04001d6a55bd2::BOOPools,false_positive,0.7922288191221567,0.686,0,1,add|deposit|emergencyWithdraw|withdraw
all_scope,rule_suppression,43,DAPP::DAppSCAN-source/contracts/SlowMist-Booster-Protocol_智能安全审计报告/boosterProtocol-946b15629c410d706856584f3aa04001d6a55bd2::ActionPools,false_positive,0.7753407074436821,0.686,0,1,getBlocksReward
all_scope,rule_suppression,43,DAPP::DAppSCAN-source/contracts/SlowMist-Booster-Protocol_智能安全审计报告/boosterProtocol-946b15629c410d706856584f3aa04001d6a55bd2::SafeBoxFilDa,false_positive,0.6982897222214804,0.686,0,1,_borrow|ctokenBorrow|ctokenDeposit|ctokenRepayBorrow|ctokenWithdraw
all_scope,rule_suppression,43,DAPP::DAppSCAN-source/contracts/SlowMist-Booster-Protocol_智能安全审计报告/boosterProtocol-946b15629c410d706856584f3aa04001d6a55bd2::SafeBoxFilDaETH,false_positive,0.6982897222214804,0.686,0,1,_borrow|ctokenBorrow|ctokenWithdraw|emergencyRepay|getBorrowId
all_scope,rule_suppression,43,DAPP::DAppSCAN-source/contracts/SlowMist-Booster-Protocol_智能安全审计报告/boosterProtocol-946b15629c410d706856584f3aa04001d6a55bd2::StrategyUtils,false_negative,0.4351055353732159,0.686,1,1,checkDepositLimit|checkLiquidationLimit
all_scope,rule_suppression,43,DAPP::DAppSCAN-source/contracts/Hacken-Powerbomb-V1/powerbomb-lite-0f86ff1eecdd723be733a9b33ff4ffa3bbdadcee::PowerBombR,false_positive,0.7810225139746862,0.686,0,1,_deposit|withdraw
all_scope,rule_suppression,43,DAPP::DAppSCAN-source/contracts/Hacken-Powerbomb-V1/powerbomb-lite-0f86ff1eecdd723be733a9b33ff4ffa3bbdadcee::PowerBomb,false_positive,0.7477411985632366,0.686,0,1,_deposit|withdraw
all_scope,rule_suppression,43,DAPP::DAppSCAN-source/contracts/Hacken-Powerbomb-V1/powerbomb-lite-0f86ff1eecdd723be733a9b33ff4ffa3bbdadcee::PowerBombAvaxCurve33,false_positive,0.7266539627720799,0.686,0,1,_deposit|withdraw
all_scope,rule_suppression,43,DAPP::DAppSCAN-source/contracts/Hacken-Powerbomb-V1/powerbomb-lite-0f86ff1eecdd723be733a9b33ff4ffa3bbdadcee::PowerBombOneCurve,false_positive,0.733801748036788,0.686,0,1,_deposit|withdraw
all_scope,rule_suppression,43,DAPP::DAppSCAN-source/contracts/PeckShield-DarkCrypto/darkcrypto-contracts-fee5be8d36459aebed2b84e6493875b3dc0366fd::Boardroom,false_positive,0.7706135287943381,0.686,0,1,allocateSeigniorage|claimReward|governanceRecoverUnsupported|initialize|stake
all_scope,rule_suppression,43,DAPP::DAppSCAN-source/contracts/PeckShield-DarkCrypto/darkcrypto-contracts-fee5be8d36459aebed2b84e6493875b3dc0366fd::DarkRewardPool,false_positive,0.8704688786671942,0.686,0,1,add|governanceRecoverUnsupported|withdraw
all_scope,rule_suppression,43,DAPP::DAppSCAN-source/contracts/PepperSec-Aira-Robonomic/robonomics_contracts-cc35a91de187072214d215262d8371f0159c2498::Ambix,false_positive,0.8233904503995892,0.686,0,1,run
all_scope,rule_suppression,43,DAPP::DAppSCAN-source/contracts/PepperSec-Aira-Robonomic/robonomics_contracts-cc35a91de187072214d215262d8371f0159c2498::LighthouseLib,false_negative,0.48660485674722737,0.686,1,1,refill|withdraw
all_scope,rule_suppression,43,DAPP::DAppSCAN-source/contracts/PepperSec-Aira-Robonomic/robonomics_contracts-cc35a91de187072214d215262d8371f0159c2498::DutchAuction,false_positive,0.8181547075328734,0.686,0,1,bid|claimTokens|finalizeAuction|setup
all_scope,rule_suppression,43,DAPP::DAppSCAN-source/contracts/BlockSec-blocksec_impossible_finance_swap_v1.2/impossible-swap-core-29aaef89f996acdbee92b67c4d95fb608dc8b876::ImpossibleWrappedToken,false_negative,0.28621354165437907,0.686,1,1,_withdraw
all_scope,rule_suppression,43,DAPP::DAppSCAN-source/contracts/PeckShield-Duet/duet-collateral-contracts-92452dad092d6b5f76713484e30159b5fa75ea80::DYTokenERC20,false_negative,0.44654510170075556,0.686,1,1,withdraw
all_scope,rule_suppression,43,DAPP::DAppSCAN-source/contracts/consensys-GrowthDeFi WHEAT/wheat-v1-core-8360ac0a537589bb974e8a5a169bb3e7c95d2857::Exchange,false_negative,0.5335018429958742,0.686,1,0,
all_scope,rule_suppression,43,DAPP::DAppSCAN-source/contracts/SlowMist-ForTube2.0 Smart Contract Security Audit Report/bond-854527d0ea7ad2ddd3504b4d4ae3fcb57cb6445d::BondData,false_positive,0.7257026043254117,0.686,0,1,deposit|initialDeposit|invest|liquidate|profit
all_scope,rule_suppression,43,DAPP::DAppSCAN-source/contracts/SlowMist-ForTube2.0 Smart Contract Security Audit Report/bond-854527d0ea7ad2ddd3504b4d4ae3fcb57cb6445d::Vote,false_positive,0.7300792947355628,0.686,0,0,
all_scope,rule_suppression,43,DAPP::DAppSCAN-source/contracts/SlowMist-ForTube2.0 Smart Contract Security Audit Report/bond-854527d0ea7ad2ddd3504b4d4ae3fcb57cb6445d::PRA,false_negative,0.5615625824758129,0.686,1,1,lock|unlock
all_scope,rule_suppression,43,"DAPP::DAppSCAN-source/contracts/Coinfabrik-MintingFactoryV2, BaseUpgradableMarketplace & KODAV3UpgradableGatedMarketplace/known-origin-contracts-v3-d592c5f4fa4e0b6fc65a1fce43e302706aedf607::MintingFactoryV2",false_negative,0.34015754316345653,0.686,1,1,_authorizeUpgrade|_setAdmin|_setBeacon|_setImplementation|mintBatchEdition
all_scope,rule_suppression,43,"DAPP::DAppSCAN-source/contracts/Coinfabrik-MintingFactoryV2, BaseUpgradableMarketplace & KODAV3UpgradableGatedMarketplace/known-origin-contracts-v3-d592c5f4fa4e0b6fc65a1fce43e302706aedf607::ClaimableFundsReceiverV1",false_positive,0.7751761454072901,0.686,0,1,drain|drainERC20
all_scope,rule_suppression,43,"DAPP::DAppSCAN-source/contracts/Coinfabrik-MintingFactoryV2, BaseUpgradableMarketplace & KODAV3UpgradableGatedMarketplace/known-origin-contracts-v3-d592c5f4fa4e0b6fc65a1fce43e302706aedf607::KODAV3UpgradableGatedMarketplace",false_positive,0.7693242915591504,0.686,0,1,_addPhaseToSale|_authorizeUpgrade|_setAdmin|_setBeacon|_setImplementation
all_scope,rule_suppression,43,"DAPP::DAppSCAN-source/contracts/Coinfabrik-MintingFactoryV2, BaseUpgradableMarketplace & KODAV3UpgradableGatedMarketplace/known-origin-contracts-v3-d592c5f4fa4e0b6fc65a1fce43e302706aedf607::ClaimableFundsSplitterV1",false_positive,0.7751761454072901,0.686,0,1,drain|drainERC20
all_scope,rule_suppression,43,"DAPP::DAppSCAN-source/contracts/Coinfabrik-MintingFactoryV2, BaseUpgradableMarketplace & KODAV3UpgradableGatedMarketplace/known-origin-contracts-v3-d592c5f4fa4e0b6fc65a1fce43e302706aedf607::KODAV3UpgradableCollectorOnlyMarketplace",false_positive,0.6872293207093734,0.686,0,1,_authorizeUpgrade|_setAdmin|_setBeacon|_setImplementation|canMint
all_scope,rule_suppression,43,"DAPP::DAppSCAN-source/contracts/Coinfabrik-MintingFactoryV2, BaseUpgradableMarketplace & KODAV3UpgradableGatedMarketplace/known-origin-contracts-v3-d592c5f4fa4e0b6fc65a1fce43e302706aedf607::KODAV3GatedMerkleMarketplace",false_positive,0.7488423027902095,0.686,0,1,_authorizeUpgrade|_setAdmin|_setBeacon|_setImplementation|handleMerkleMint
all_scope,rule_suppression,43,"DAPP::DAppSCAN-source/contracts/Coinfabrik-MintingFactoryV2, BaseUpgradableMarketplace & KODAV3UpgradableGatedMarketplace/known-origin-contracts-v3-d592c5f4fa4e0b6fc65a1fce43e302706aedf607::CloneBasedRegistry",false_positive,0.7191979519127274,0.686,0,0,
all_scope,rule_suppression,43,"DAPP::DAppSCAN-source/contracts/Coinfabrik-MintingFactoryV2, BaseUpgradableMarketplace & KODAV3UpgradableGatedMarketplace/known-origin-contracts-v3-d592c5f4fa4e0b6fc65a1fce43e302706aedf607::RoyaltyImplV1R1",false_positive,0.7884623759528919,0.686,0,1,drain
all_scope,rule_suppression,43,"DAPP::DAppSCAN-source/contracts/Coinfabrik-MintingFactoryV2, BaseUpgradableMarketplace & KODAV3UpgradableGatedMarketplace/known-origin-contracts-v3-d592c5f4fa4e0b6fc65a1fce43e302706aedf607::RoyaltyImplV1R2",false_positive,0.7884623759528919,0.686,0,1,drain
all_scope,rule_suppression,43,"DAPP::DAppSCAN-source/contracts/Coinfabrik-MintingFactoryV2, BaseUpgradableMarketplace & KODAV3UpgradableGatedMarketplace/known-origin-contracts-v3-d592c5f4fa4e0b6fc65a1fce43e302706aedf607::FundsReceiver",false_positive,0.7884623759528919,0.686,0,1,drain
all_scope,rule_suppression,43,"DAPP::DAppSCAN-source/contracts/Coinfabrik-MintingFactoryV2, BaseUpgradableMarketplace & KODAV3UpgradableGatedMarketplace/known-origin-contracts-v3-d592c5f4fa4e0b6fc65a1fce43e302706aedf607::CollabFundsReceiver",false_positive,0.8290889968408959,0.686,0,1,drain|drainERC20|drainShare
all_scope,rule_suppression,43,FORGE::vfp_00156::SponsoredOFTSrcPeriphery,false_positive,0.8904016469103386,0.686,0,0,
all_scope,rule_suppression,43,DAPP::DAppSCAN-source/contracts/Solidity_Finance-OKLG - Smart Contract/contracts-e167d0d742d21bcc62d7a5b770a1f0ed1cf31eca::MTGYOKLGSwap,false_positive,0.8714139627053358,0.686,0,0,
all_scope,rule_suppression,43,DAPP::DAppSCAN-source/contracts/Solidity_Finance-OKLG - Smart Contract/contracts-e167d0d742d21bcc62d7a5b770a1f0ed1cf31eca::OKLGAtomicSwapInstance,false_positive,0.8632451337758453,0.686,0,1,fundSendToDestinationGas|receiveTokensFromSource|refundTokensFromSource|sendTokensToDestination|withdrawTokens
all_scope,rule_suppression,43,DAPP::DAppSCAN-source/contracts/Solidity_Finance-OKLG - Smart Contract/contracts-e167d0d742d21bcc62d7a5b770a1f0ed1cf31eca::OKLGAirdropper,false_positive,0.7992960059218592,0.686,0,0,
all_scope,rule_suppression,43,DAPP::DAppSCAN-source/contracts/Solidity_Finance-OKLG - Smart Contract/contracts-e167d0d742d21bcc62d7a5b770a1f0ed1cf31eca::OKLGFaaSToken,false_positive,0.9002866554772073,0.686,0,1,_harvestTokens|emergencyUnstake|removeStakeableTokens|stakeTokens|unstakeTokens
all_scope,rule_suppression,43,DAPP::DAppSCAN-source/contracts/Solidity_Finance-OKLG - Smart Contract/contracts-e167d0d742d21bcc62d7a5b770a1f0ed1cf31eca::OKLGPasswordManager,false_positive,0.8554126678207478,0.686,0,1,addAccount|bulkAddAccounts
all_scope,rule_suppression,43,DAPP::DAppSCAN-source/contracts/Solidity_Finance-OKLG - Smart Contract/contracts-e167d0d742d21bcc62d7a5b770a1f0ed1cf31eca::OKLGAffiliate,false_positive,0.7760221566459039,0.686,0,1,pay
all_scope,rule_suppression,43,DAPP::DAppSCAN-source/contracts/Solidity_Finance-OKLG - Smart Contract/contracts-e167d0d742d21bcc62d7a5b770a1f0ed1cf31eca::OKLG,false_positive,0.723373176429075,0.686,0,1,claimETHRewards|claimTokenRewards|initContract|setBoostRewardsContract|setFeeExclusionContract
all_scope,rule_suppression,43,DAPP::DAppSCAN-source/contracts/Solidity_Finance-OKLG - Smart Contract/contracts-e167d0d742d21bcc62d7a5b770a1f0ed1cf31eca::OKLGDividendDistributor,false_positive,0.9281212535214697,0.686,0,1,depositDividends|setBoostContract|setBoostMultiplierContract|unstake
all_scope,rule_suppression,43,DAPP::DAppSCAN-source/contracts/Solidity_Finance-OKLG - Smart Contract/contracts-e167d0d742d21bcc62d7a5b770a1f0ed1cf31eca::OKLGTrustedTimestamping,false_positive,0.9188360984568972,0.686,0,0,
all_scope,rule_suppression,43,DAPP::DAppSCAN-source/contracts/Solidity_Finance-OKLG - Smart Contract/contracts-e167d0d742d21bcc62d7a5b770a1f0ed1cf31eca::OKLGAtomicSwap,false_positive,0.8825052422928129,0.686,0,0,
all_scope,rule_suppression,43,DAPP::DAppSCAN-source/contracts/Solidity_Finance-OKLG - Smart Contract/contracts-e167d0d742d21bcc62d7a5b770a1f0ed1cf31eca::KetherNFTLoaner,false_positive,0.8550969777111308,0.686,0,1,addPlot|loanPlot|removePlot
all_scope,rule_suppression,43,DAPP::DAppSCAN-source/contracts/Solidity_Finance-OKLG - Smart Contract/contracts-e167d0d742d21bcc62d7a5b770a1f0ed1cf31eca::OKLGProduct,false_positive,0.7992960059218592,0.686,0,0,
all_scope,rule_suppression,43,DAPP::DAppSCAN-source/contracts/Solidity_Finance-OKLG - Smart Contract/contracts-e167d0d742d21bcc62d7a5b770a1f0ed1cf31eca::OKLGRaffle,false_positive,0.913028718991494,0.686,0,1,closeRaffleAndRefund|enterRaffle
all_scope,rule_suppression,43,DAPP::DAppSCAN-source/contracts/Solidity_Finance-OKLG - Smart Contract/contracts-e167d0d742d21bcc62d7a5b770a1f0ed1cf31eca::BuybackAndBurnOKLG,false_positive,0.6891653616598795,0.686,0,1,buyAndBurn
all_scope,rule_suppression,43,DAPP::DAppSCAN-source/contracts/Solidified-Aztec Lido Bridge/aztec-connect-bridges-d5aca13d4d0a17b21eeddf77f49f4c6613461fb0::LidoBridge,false_negative,0.35385979275133234,0.686,1,1,unwrapETH|wrapETH
all_scope,rule_suppression,43,DAPP::DAppSCAN-source/contracts/Solidified-Aztec Lido Bridge/aztec-connect-bridges-d5aca13d4d0a17b21eeddf77f49f4c6613461fb0::ElementBridge,false_positive,0.8357705229476949,0.686,0,1,finalise
all_scope,rule_suppression,43,DAPP::DAppSCAN-source/contracts/Hacken-Tenderize/tender-core-1fd606141625171fe792045ae9233890262d2d62::Tenderizer,false_positive,0.7033343533244417,0.686,0,1,_initialize|deposit|unstake
all_scope,rule_suppression,43,DAPP::DAppSCAN-source/contracts/Hacken-Tenderize/tender-core-1fd606141625171fe792045ae9233890262d2d62::TokenFaucet,false_positive,0.944633136681257,0.686,0,0,
all_scope,rule_suppression,43,DAPP::DAppSCAN-source/contracts/Hacken-Tenderize/tender-core-1fd606141625171fe792045ae9233890262d2d62::TenderSwap,false_positive,0.6938594452372013,0.686,0,1,addLiquidity|initialize|removeLiquidity|removeLiquidityImbalance|removeLiquidityOneToken
all_scope,rule_suppression,43,DAPP::DAppSCAN-source/contracts/Hacken-Tenderize/tender-core-1fd606141625171fe792045ae9233890262d2d62::Audius,false_positive,0.8551669770782364,0.686,0,1,_initialize|_unstake|deposit|unstake
all_scope,rule_suppression,43,FORGE::vfp_00220::LiquidityPenaltyHook,false_positive,0.8930781596481092,0.686,0,0,
all_scope,rule_suppression,43,DAPP::DAppSCAN-source/contracts/consensys-The_LAO/moloch-4bc443f4dad60279b47978fc6987bb978d3dfc58::MolochPool,false_positive,0.767003639941936,0.686,0,1,_withdraw|activate|sync
all_scope,rule_suppression,43,DAPP::DAppSCAN-source/contracts/consensys-The_LAO/moloch-4bc443f4dad60279b47978fc6987bb978d3dfc58::Submitter,false_positive,0.8133395599687767,0.686,0,0,
all_scope,rule_suppression,43,DAPP::DAppSCAN-source/contracts/consensys-The_LAO/moloch-4bc443f4dad60279b47978fc6987bb978d3dfc58::ClaimsTokenERC20Extension,false_positive,0.8029312391255174,0.686,0,1,withdrawFunds
all_scope,rule_suppression,43,DAPP::DAppSCAN-source/contracts/Trail_of_Bits-Liquity/dev-f0df3efa5a5f05b205752184cfce107c5bd6e06c::StabilityPool,false_positive,0.7024588399704731,0.686,0,1,_requireUserHasTrove
all_scope,rule_suppression,43,DAPP::DAppSCAN-source/contracts/Trail_of_Bits-Liquity/dev-f0df3efa5a5f05b205752184cfce107c5bd6e06c::SortedTroves,false_positive,0.7651929552194413,0.686,0,1,_insert|_remove
all_scope,rule_suppression,43,DAPP::DAppSCAN-source/contracts/Trail_of_Bits-Liquity/dev-f0df3efa5a5f05b205752184cfce107c5bd6e06c::LQTYStaking,false_positive,0.8025190261319332,0.686,0,0,
all_scope,rule_suppression,44,FORGE::vfp_00058::BasePositionManager,false_positive,0.6287285319056595,0.622,0,0,
all_scope,rule_suppression,44,FORGE::vfp_00058::LikwidLendPosition,false_positive,0.9449120668218663,0.622,0,0,
all_scope,rule_suppression,44,FORGE::vfp_00260::Arbitrum_Adapter,false_positive,0.8232218018845112,0.622,0,0,
all_scope,rule_suppression,44,FORGE::vfp_00126::HubPool,false_positive,0.8787441679112757,0.622,0,1,addLiquidity|claimProtocolFeesCaptured|disputeRootBundle|emergencyDeleteProposal|enableL1TokenForLiquidityProvision
all_scope,rule_suppression,44,FORGE::vfp_00126::Arbitrum_Adapter,false_positive,0.8846704686654666,0.622,0,0,
all_scope,rule_suppression,44,FORGE::vfp_00288::DelegationMetaSwapAdapter,false_negative,0.3866335789221571,0.622,1,1,swapTokens
all_scope,rule_suppression,44,DAPP::DAppSCAN-source/contracts/SlowMist-Booster-Protocol_智能安全审计报告/boosterProtocol-946b15629c410d706856584f3aa04001d6a55bd2::TenBankHall,false_positive,0.6338843998751031,0.622,0,1,addBox|addStrategy|deposit|depositLPToken|emergencyWithdraw
all_scope,rule_suppression,44,DAPP::DAppSCAN-source/contracts/SlowMist-Booster-Protocol_智能安全审计报告/boosterProtocol-946b15629c410d706856584f3aa04001d6a55bd2::BOOPools,false_positive,0.787511231285379,0.622,0,1,add|deposit|emergencyWithdraw|withdraw
all_scope,rule_suppression,44,DAPP::DAppSCAN-source/contracts/SlowMist-Booster-Protocol_智能安全审计报告/boosterProtocol-946b15629c410d706856584f3aa04001d6a55bd2::ActionPools,false_positive,0.7885956597425913,0.622,0,1,getBlocksReward
all_scope,rule_suppression,44,DAPP::DAppSCAN-source/contracts/SlowMist-Booster-Protocol_智能安全审计报告/boosterProtocol-946b15629c410d706856584f3aa04001d6a55bd2::SafeBoxFilDa,false_positive,0.6576893398595618,0.622,0,1,_borrow|ctokenBorrow|ctokenDeposit|ctokenRepayBorrow|ctokenWithdraw
all_scope,rule_suppression,44,DAPP::DAppSCAN-source/contracts/SlowMist-Booster-Protocol_智能安全审计报告/boosterProtocol-946b15629c410d706856584f3aa04001d6a55bd2::SafeBoxFilDaETH,false_positive,0.6576893398595618,0.622,0,1,_borrow|ctokenBorrow|ctokenWithdraw|emergencyRepay|getBorrowId
all_scope,rule_suppression,44,DAPP::DAppSCAN-source/contracts/SlowMist-Booster-Protocol_智能安全审计报告/boosterProtocol-946b15629c410d706856584f3aa04001d6a55bd2::StrategyUtils,false_negative,0.374234135437729,0.622,1,1,checkDepositLimit|checkLiquidationLimit
all_scope,rule_suppression,44,DAPP::DAppSCAN-source/contracts/Hacken-Powerbomb-V1/powerbomb-lite-0f86ff1eecdd723be733a9b33ff4ffa3bbdadcee::PowerBombR,false_positive,0.7061433028729505,0.622,0,1,_deposit|withdraw
all_scope,rule_suppression,44,DAPP::DAppSCAN-source/contracts/Hacken-Powerbomb-V1/powerbomb-lite-0f86ff1eecdd723be733a9b33ff4ffa3bbdadcee::PowerBomb,false_positive,0.6863671756573642,0.622,0,1,_deposit|withdraw
all_scope,rule_suppression,44,DAPP::DAppSCAN-source/contracts/Hacken-Powerbomb-V1/powerbomb-lite-0f86ff1eecdd723be733a9b33ff4ffa3bbdadcee::PowerBombFtmCurveGeist,false_positive,0.6458981195856823,0.622,0,1,_deposit|withdraw
all_scope,rule_suppression,44,DAPP::DAppSCAN-source/contracts/Hacken-Powerbomb-V1/powerbomb-lite-0f86ff1eecdd723be733a9b33ff4ffa3bbdadcee::PowerBombAvaxCurve33,false_positive,0.6786359542264795,0.622,0,1,_deposit|withdraw
all_scope,rule_suppression,44,DAPP::DAppSCAN-source/contracts/Hacken-Powerbomb-V1/powerbomb-lite-0f86ff1eecdd723be733a9b33ff4ffa3bbdadcee::PowerBombOneCurve,false_positive,0.6568892790710092,0.622,0,1,_deposit|withdraw
all_scope,rule_suppression,44,DAPP::DAppSCAN-source/contracts/PeckShield-DarkCrypto/darkcrypto-contracts-fee5be8d36459aebed2b84e6493875b3dc0366fd::Boardroom,false_positive,0.6994471823346196,0.622,0,1,allocateSeigniorage|claimReward|governanceRecoverUnsupported|initialize|stake
all_scope,rule_suppression,44,DAPP::DAppSCAN-source/contracts/PeckShield-DarkCrypto/darkcrypto-contracts-fee5be8d36459aebed2b84e6493875b3dc0366fd::DarkRewardPool,false_positive,0.8662360739331403,0.622,0,1,add|governanceRecoverUnsupported|withdraw
all_scope,rule_suppression,44,DAPP::DAppSCAN-source/contracts/PepperSec-Aira-Robonomic/robonomics_contracts-cc35a91de187072214d215262d8371f0159c2498::Ambix,false_positive,0.7931840079348119,0.622,0,1,run
all_scope,rule_suppression,44,DAPP::DAppSCAN-source/contracts/PepperSec-Aira-Robonomic/robonomics_contracts-cc35a91de187072214d215262d8371f0159c2498::LighthouseLib,false_negative,0.4247001521846744,0.622,1,1,refill|withdraw
all_scope,rule_suppression,44,DAPP::DAppSCAN-source/contracts/PepperSec-Aira-Robonomic/robonomics_contracts-cc35a91de187072214d215262d8371f0159c2498::DutchAuction,false_positive,0.7676922562789836,0.622,0,1,bid|claimTokens|finalizeAuction|setup
all_scope,rule_suppression,44,DAPP::DAppSCAN-source/contracts/BlockSec-blocksec_impossible_finance_swap_v1.2/impossible-swap-core-29aaef89f996acdbee92b67c4d95fb608dc8b876::ImpossibleWrappedToken,false_negative,0.21673478241874775,0.622,1,1,_withdraw
all_scope,rule_suppression,44,DAPP::DAppSCAN-source/contracts/Solidified-Aztec Element Bridge/aztec-connect-bridges-ac2e7194b5887ea11a607b4cf8de0547b3d7fdd0::RollupProcessor,false_positive,0.6445511491825899,0.622,0,1,processAsyncDefiInteraction
all_scope,rule_suppression,44,DAPP::DAppSCAN-source/contracts/PeckShield-Duet/duet-collateral-contracts-92452dad092d6b5f76713484e30159b5fa75ea80::DYTokenERC20,false_negative,0.35163421345633217,0.622,1,1,withdraw
all_scope,rule_suppression,44,DAPP::DAppSCAN-source/contracts/consensys-GrowthDeFi WHEAT/wheat-v1-core-8360ac0a537589bb974e8a5a169bb3e7c95d2857::Exchange,false_negative,0.38425343194079126,0.622,1,0,
all_scope,rule_suppression,44,DAPP::DAppSCAN-source/contracts/SlowMist-ForTube2.0 Smart Contract Security Audit Report/bond-854527d0ea7ad2ddd3504b4d4ae3fcb57cb6445d::BondData,false_positive,0.6966705032925314,0.622,0,1,deposit|initialDeposit|invest|liquidate|profit
all_scope,rule_suppression,44,DAPP::DAppSCAN-source/contracts/SlowMist-ForTube2.0 Smart Contract Security Audit Report/bond-854527d0ea7ad2ddd3504b4d4ae3fcb57cb6445d::Vote,false_positive,0.6537192263886449,0.622,0,0,
all_scope,rule_suppression,44,DAPP::DAppSCAN-source/contracts/SlowMist-ForTube2.0 Smart Contract Security Audit Report/bond-854527d0ea7ad2ddd3504b4d4ae3fcb57cb6445d::PRA,false_negative,0.40266859740252037,0.622,1,1,lock|unlock
all_scope,rule_suppression,44,"DAPP::DAppSCAN-source/contracts/Coinfabrik-MintingFactoryV2, BaseUpgradableMarketplace & KODAV3UpgradableGatedMarketplace/known-origin-contracts-v3-d592c5f4fa4e0b6fc65a1fce43e302706aedf607::MintingFactoryV2",false_negative,0.21983751900785267,0.622,1,1,_authorizeUpgrade|_setAdmin|_setBeacon|_setImplementation|mintBatchEdition
all_scope,rule_suppression,44,"DAPP::DAppSCAN-source/contracts/Coinfabrik-MintingFactoryV2, BaseUpgradableMarketplace & KODAV3UpgradableGatedMarketplace/known-origin-contracts-v3-d592c5f4fa4e0b6fc65a1fce43e302706aedf607::ClaimableFundsReceiverV1",false_positive,0.7717302634054778,0.622,0,1,drain|drainERC20
all_scope,rule_suppression,44,"DAPP::DAppSCAN-source/contracts/Coinfabrik-MintingFactoryV2, BaseUpgradableMarketplace & KODAV3UpgradableGatedMarketplace/known-origin-contracts-v3-d592c5f4fa4e0b6fc65a1fce43e302706aedf607::KODAV3UpgradableGatedMarketplace",false_positive,0.6770217691630854,0.622,0,1,_addPhaseToSale|_authorizeUpgrade|_setAdmin|_setBeacon|_setImplementation
all_scope,rule_suppression,44,"DAPP::DAppSCAN-source/contracts/Coinfabrik-MintingFactoryV2, BaseUpgradableMarketplace & KODAV3UpgradableGatedMarketplace/known-origin-contracts-v3-d592c5f4fa4e0b6fc65a1fce43e302706aedf607::ClaimableFundsSplitterV1",false_positive,0.7717302634054778,0.622,0,1,drain|drainERC20
all_scope,rule_suppression,44,"DAPP::DAppSCAN-source/contracts/Coinfabrik-MintingFactoryV2, BaseUpgradableMarketplace & KODAV3UpgradableGatedMarketplace/known-origin-contracts-v3-d592c5f4fa4e0b6fc65a1fce43e302706aedf607::RoyaltyImplV1R1",false_positive,0.7683829526298573,0.622,0,1,drain
all_scope,rule_suppression,44,"DAPP::DAppSCAN-source/contracts/Coinfabrik-MintingFactoryV2, BaseUpgradableMarketplace & KODAV3UpgradableGatedMarketplace/known-origin-contracts-v3-d592c5f4fa4e0b6fc65a1fce43e302706aedf607::RoyaltyImplV1R2",false_positive,0.7683829526298573,0.622,0,1,drain
all_scope,rule_suppression,44,"DAPP::DAppSCAN-source/contracts/Coinfabrik-MintingFactoryV2, BaseUpgradableMarketplace & KODAV3UpgradableGatedMarketplace/known-origin-contracts-v3-d592c5f4fa4e0b6fc65a1fce43e302706aedf607::FundsReceiver",false_positive,0.7683829526298573,0.622,0,1,drain
all_scope,rule_suppression,44,"DAPP::DAppSCAN-source/contracts/Coinfabrik-MintingFactoryV2, BaseUpgradableMarketplace & KODAV3UpgradableGatedMarketplace/known-origin-contracts-v3-d592c5f4fa4e0b6fc65a1fce43e302706aedf607::CollabFundsReceiver",false_positive,0.8295128554355725,0.622,0,1,drain|drainERC20|drainShare
all_scope,rule_suppression,44,FORGE::vfp_00156::SponsoredOFTSrcPeriphery,false_positive,0.8121093600094194,0.622,0,0,
all_scope,rule_suppression,44,DAPP::DAppSCAN-source/contracts/Solidity_Finance-OKLG - Smart Contract/contracts-e167d0d742d21bcc62d7a5b770a1f0ed1cf31eca::MTGYOKLGSwap,false_positive,0.7376962799993003,0.622,0,0,
all_scope,rule_suppression,44,DAPP::DAppSCAN-source/contracts/Solidity_Finance-OKLG - Smart Contract/contracts-e167d0d742d21bcc62d7a5b770a1f0ed1cf31eca::OKLGAtomicSwapInstance,false_positive,0.8149653477247331,0.622,0,1,fundSendToDestinationGas|receiveTokensFromSource|refundTokensFromSource|sendTokensToDestination|withdrawTokens
all_scope,rule_suppression,44,DAPP::DAppSCAN-source/contracts/Solidity_Finance-OKLG - Smart Contract/contracts-e167d0d742d21bcc62d7a5b770a1f0ed1cf31eca::OKLGAirdropper,false_positive,0.7222318133648825,0.622,0,0,
all_scope,rule_suppression,44,DAPP::DAppSCAN-source/contracts/Solidity_Finance-OKLG - Smart Contract/contracts-e167d0d742d21bcc62d7a5b770a1f0ed1cf31eca::OKLGFaaSToken,false_positive,0.8868576221805294,0.622,0,1,_harvestTokens|emergencyUnstake|removeStakeableTokens|stakeTokens|unstakeTokens
all_scope,rule_suppression,44,DAPP::DAppSCAN-source/contracts/Solidity_Finance-OKLG - Smart Contract/contracts-e167d0d742d21bcc62d7a5b770a1f0ed1cf31eca::OKLGPasswordManager,false_positive,0.8138339846997426,0.622,0,1,addAccount|bulkAddAccounts
all_scope,rule_suppression,44,DAPP::DAppSCAN-source/contracts/Solidity_Finance-OKLG - Smart Contract/contracts-e167d0d742d21bcc62d7a5b770a1f0ed1cf31eca::OKLGAffiliate,false_positive,0.7042240807416534,0.622,0,1,pay
all_scope,rule_suppression,44,DAPP::DAppSCAN-source/contracts/Solidity_Finance-OKLG - Smart Contract/contracts-e167d0d742d21bcc62d7a5b770a1f0ed1cf31eca::OKLG,false_positive,0.6735339820311705,0.622,0,1,claimETHRewards|claimTokenRewards|initContract|setBoostRewardsContract|setFeeExclusionContract
all_scope,rule_suppression,44,DAPP::DAppSCAN-source/contracts/Solidity_Finance-OKLG - Smart Contract/contracts-e167d0d742d21bcc62d7a5b770a1f0ed1cf31eca::OKLGDividendDistributor,false_positive,0.9295753613296521,0.622,0,1,depositDividends|setBoostContract|setBoostMultiplierContract|unstake
all_scope,rule_suppression,44,DAPP::DAppSCAN-source/contracts/Solidity_Finance-OKLG - Smart Contract/contracts-e167d0d742d21bcc62d7a5b770a1f0ed1cf31eca::OKLGTrustedTimestamping,false_positive,0.8916829868489358,0.622,0,0,
all_scope,rule_suppression,44,DAPP::DAppSCAN-source/contracts/Solidity_Finance-OKLG - Smart Contract/contracts-e167d0d742d21bcc62d7a5b770a1f0ed1cf31eca::OKLGAtomicSwap,false_positive,0.8324613910134078,0.622,0,0,
all_scope,rule_suppression,44,DAPP::DAppSCAN-source/contracts/Solidity_Finance-OKLG - Smart Contract/contracts-e167d0d742d21bcc62d7a5b770a1f0ed1cf31eca::KetherNFTLoaner,false_positive,0.7633901541015734,0.622,0,1,addPlot|loanPlot|removePlot
all_scope,rule_suppression,44,DAPP::DAppSCAN-source/contracts/Solidity_Finance-OKLG - Smart Contract/contracts-e167d0d742d21bcc62d7a5b770a1f0ed1cf31eca::OKLGProduct,false_positive,0.7222318133648825,0.622,0,0,
all_scope,rule_suppression,44,DAPP::DAppSCAN-source/contracts/Solidity_Finance-OKLG - Smart Contract/contracts-e167d0d742d21bcc62d7a5b770a1f0ed1cf31eca::OKLGRaffle,false_positive,0.8955123929536583,0.622,0,1,closeRaffleAndRefund|enterRaffle
all_scope,rule_suppression,44,DAPP::DAppSCAN-source/contracts/Solidified-Aztec Lido Bridge/aztec-connect-bridges-d5aca13d4d0a17b21eeddf77f49f4c6613461fb0::RollupProcessor,false_positive,0.6445891384851566,0.622,0,1,processAsyncDefiInteraction
all_scope,rule_suppression,44,DAPP::DAppSCAN-source/contracts/Solidified-Aztec Lido Bridge/aztec-connect-bridges-d5aca13d4d0a17b21eeddf77f49f4c6613461fb0::LidoBridge,false_negative,0.2640444873259578,0.622,1,1,unwrapETH|wrapETH
all_scope,rule_suppression,44,DAPP::DAppSCAN-source/contracts/Solidified-Aztec Lido Bridge/aztec-connect-bridges-d5aca13d4d0a17b21eeddf77f49f4c6613461fb0::ElementBridge,false_positive,0.7726977863012134,0.622,0,1,finalise
all_scope,rule_suppression,44,DAPP::DAppSCAN-source/contracts/Hacken-Tenderize/tender-core-1fd606141625171fe792045ae9233890262d2d62::TokenFaucet,false_positive,0.921351952338828,0.622,0,0,
all_scope,rule_suppression,44,DAPP::DAppSCAN-source/contracts/Hacken-Tenderize/tender-core-1fd606141625171fe792045ae9233890262d2d62::TenderSwap,false_positive,0.741462573230503,0.622,0,1,addLiquidity|initialize|removeLiquidity|removeLiquidityImbalance|removeLiquidityOneToken
all_scope,rule_suppression,44,DAPP::DAppSCAN-source/contracts/Hacken-Tenderize/tender-core-1fd606141625171fe792045ae9233890262d2d62::Audius,false_positive,0.803756743816129,0.622,0,1,_initialize|_unstake|deposit|unstake
all_scope,rule_suppression,44,FORGE::vfp_00220::LiquidityPenaltyHook,false_positive,0.8342351172433197,0.622,0,0,
all_scope,rule_suppression,44,DAPP::DAppSCAN-source/contracts/consensys-The_LAO/moloch-4bc443f4dad60279b47978fc6987bb978d3dfc58::MolochPool,false_positive,0.7090128376328193,0.622,0,1,_withdraw|activate|sync
all_scope,rule_suppression,44,DAPP::DAppSCAN-source/contracts/consensys-The_LAO/moloch-4bc443f4dad60279b47978fc6987bb978d3dfc58::Submitter,false_positive,0.7641060629748921,0.622,0,0,
all_scope,rule_suppression,44,DAPP::DAppSCAN-source/contracts/Trail_of_Bits-Liquity/dev-f0df3efa5a5f05b205752184cfce107c5bd6e06c::BorrowerOperations,false_negative,0.6123413926127986,0.622,1,1,_adjustTrove
all_scope,rule_suppression,44,DAPP::DAppSCAN-source/contracts/Trail_of_Bits-Liquity/dev-f0df3efa5a5f05b205752184cfce107c5bd6e06c::SortedTroves,false_positive,0.6731017618881042,0.622,0,1,_insert|_remove
all_scope,rule_suppression,44,DAPP::DAppSCAN-source/contracts/Trail_of_Bits-Liquity/dev-f0df3efa5a5f05b205752184cfce107c5bd6e06c::LQTYStaking,false_positive,0.773263980195707,0.622,0,0,
all_scope,rule_suppression,45,FORGE::vfp_00058::BasePositionManager,false_positive,0.7321209567692897,0.7030000000000001,0,0,
all_scope,rule_suppression,45,FORGE::vfp_00058::LikwidLendPosition,false_positive,0.9650407651640297,0.7030000000000001,0,0,
all_scope,rule_suppression,45,FORGE::vfp_00260::Arbitrum_Adapter,false_positive,0.892341535085993,0.7030000000000001,0,0,
all_scope,rule_suppression,45,FORGE::vfp_00126::HubPool,false_positive,0.9205094473197981,0.7030000000000001,0,1,addLiquidity|claimProtocolFeesCaptured|disputeRootBundle|emergencyDeleteProposal|enableL1TokenForLiquidityProvision
all_scope,rule_suppression,45,FORGE::vfp_00126::Arbitrum_Adapter,false_positive,0.9400807164418826,0.7030000000000001,0,0,
all_scope,rule_suppression,45,FORGE::vfp_00288::DelegationMetaSwapAdapter,false_negative,0.4588843677514218,0.7030000000000001,1,1,swapTokens
all_scope,rule_suppression,45,DAPP::DAppSCAN-source/contracts/SlowMist-Booster-Protocol_智能安全审计报告/boosterProtocol-946b15629c410d706856584f3aa04001d6a55bd2::TenBankHall,false_positive,0.7668864273312621,0.7030000000000001,0,1,addBox|addStrategy|deposit|depositLPToken|emergencyWithdraw
all_scope,rule_suppression,45,DAPP::DAppSCAN-source/contracts/SlowMist-Booster-Protocol_智能安全审计报告/boosterProtocol-946b15629c410d706856584f3aa04001d6a55bd2::BuybackBooToken,false_negative,0.669075133979008,0.7030000000000001,1,0,
all_scope,rule_suppression,45,DAPP::DAppSCAN-source/contracts/SlowMist-Booster-Protocol_智能安全审计报告/boosterProtocol-946b15629c410d706856584f3aa04001d6a55bd2::BOOPools,false_positive,0.8266191271488866,0.7030000000000001,0,1,add|deposit|emergencyWithdraw|withdraw
all_scope,rule_suppression,45,DAPP::DAppSCAN-source/contracts/SlowMist-Booster-Protocol_智能安全审计报告/boosterProtocol-946b15629c410d706856584f3aa04001d6a55bd2::ActionPools,false_positive,0.7912918396255886,0.7030000000000001,0,1,getBlocksReward
all_scope,rule_suppression,45,DAPP::DAppSCAN-source/contracts/SlowMist-Booster-Protocol_智能安全审计报告/boosterProtocol-946b15629c410d706856584f3aa04001d6a55bd2::StrategyUtils,false_negative,0.40970013513674913,0.7030000000000001,1,1,checkDepositLimit|checkLiquidationLimit
all_scope,rule_suppression,45,DAPP::DAppSCAN-source/contracts/Hacken-Powerbomb-V1/powerbomb-lite-0f86ff1eecdd723be733a9b33ff4ffa3bbdadcee::PowerBombR,false_positive,0.777896445741307,0.7030000000000001,0,1,_deposit|withdraw
all_scope,rule_suppression,45,DAPP::DAppSCAN-source/contracts/Hacken-Powerbomb-V1/powerbomb-lite-0f86ff1eecdd723be733a9b33ff4ffa3bbdadcee::PowerBomb,false_positive,0.7548025063776193,0.7030000000000001,0,1,_deposit|withdraw
all_scope,rule_suppression,45,DAPP::DAppSCAN-source/contracts/Hacken-Powerbomb-V1/powerbomb-lite-0f86ff1eecdd723be733a9b33ff4ffa3bbdadcee::PowerBombAvaxCurve33,false_positive,0.7331657911901224,0.7030000000000001,0,1,_deposit|withdraw
all_scope,rule_suppression,45,DAPP::DAppSCAN-source/contracts/Hacken-Powerbomb-V1/powerbomb-lite-0f86ff1eecdd723be733a9b33ff4ffa3bbdadcee::PowerBombOneCurve,false_positive,0.7244549944138543,0.7030000000000001,0,1,_deposit|withdraw
all_scope,rule_suppression,45,DAPP::DAppSCAN-source/contracts/PeckShield-DarkCrypto/darkcrypto-contracts-fee5be8d36459aebed2b84e6493875b3dc0366fd::Boardroom,false_positive,0.7795065434795118,0.7030000000000001,0,1,allocateSeigniorage|claimReward|governanceRecoverUnsupported|initialize|stake
all_scope,rule_suppression,45,DAPP::DAppSCAN-source/contracts/PeckShield-DarkCrypto/darkcrypto-contracts-fee5be8d36459aebed2b84e6493875b3dc0366fd::DarkRewardPool,false_positive,0.8810465003625337,0.7030000000000001,0,1,add|governanceRecoverUnsupported|withdraw
all_scope,rule_suppression,45,DAPP::DAppSCAN-source/contracts/PepperSec-Aira-Robonomic/robonomics_contracts-cc35a91de187072214d215262d8371f0159c2498::Ambix,false_positive,0.8453635869405347,0.7030000000000001,0,1,run
all_scope,rule_suppression,45,DAPP::DAppSCAN-source/contracts/PepperSec-Aira-Robonomic/robonomics_contracts-cc35a91de187072214d215262d8371f0159c2498::LighthouseLib,false_negative,0.5318661263190235,0.7030000000000001,1,1,refill|withdraw
all_scope,rule_suppression,45,DAPP::DAppSCAN-source/contracts/PepperSec-Aira-Robonomic/robonomics_contracts-cc35a91de187072214d215262d8371f0159c2498::DutchAuction,false_positive,0.8271311829384991,0.7030000000000001,0,1,bid|claimTokens|finalizeAuction|setup
all_scope,rule_suppression,45,DAPP::DAppSCAN-source/contracts/BlockSec-blocksec_impossible_finance_swap_v1.2/impossible-swap-core-29aaef89f996acdbee92b67c4d95fb608dc8b876::ImpossibleWrappedToken,false_negative,0.22039471430798427,0.7030000000000001,1,1,_withdraw
all_scope,rule_suppression,45,DAPP::DAppSCAN-source/contracts/PeckShield-Duet/duet-collateral-contracts-92452dad092d6b5f76713484e30159b5fa75ea80::DYTokenERC20,false_negative,0.43800537689060326,0.7030000000000001,1,1,withdraw
all_scope,rule_suppression,45,DAPP::DAppSCAN-source/contracts/consensys-GrowthDeFi WHEAT/wheat-v1-core-8360ac0a537589bb974e8a5a169bb3e7c95d2857::Exchange,false_negative,0.4512992293432828,0.7030000000000001,1,0,
all_scope,rule_suppression,45,DAPP::DAppSCAN-source/contracts/SlowMist-ForTube2.0 Smart Contract Security Audit Report/bond-854527d0ea7ad2ddd3504b4d4ae3fcb57cb6445d::BondData,false_positive,0.7389408214857848,0.7030000000000001,0,1,deposit|initialDeposit|invest|liquidate|profit
all_scope,rule_suppression,45,DAPP::DAppSCAN-source/contracts/SlowMist-ForTube2.0 Smart Contract Security Audit Report/bond-854527d0ea7ad2ddd3504b4d4ae3fcb57cb6445d::Vote,false_positive,0.7479888211941902,0.7030000000000001,0,0,
all_scope,rule_suppression,45,DAPP::DAppSCAN-source/contracts/SlowMist-ForTube2.0 Smart Contract Security Audit Report/bond-854527d0ea7ad2ddd3504b4d4ae3fcb57cb6445d::PRA,false_negative,0.5649036722228302,0.7030000000000001,1,1,lock|unlock
all_scope,rule_suppression,45,"DAPP::DAppSCAN-source/contracts/Coinfabrik-MintingFactoryV2, BaseUpgradableMarketplace & KODAV3UpgradableGatedMarketplace/known-origin-contracts-v3-d592c5f4fa4e0b6fc65a1fce43e302706aedf607::MintingFactoryV2",false_negative,0.3214514581742764,0.7030000000000001,1,1,_authorizeUpgrade|_setAdmin|_setBeacon|_setImplementation|mintBatchEdition
all_scope,rule_suppression,45,"DAPP::DAppSCAN-source/contracts/Coinfabrik-MintingFactoryV2, BaseUpgradableMarketplace & KODAV3UpgradableGatedMarketplace/known-origin-contracts-v3-d592c5f4fa4e0b6fc65a1fce43e302706aedf607::ClaimableFundsReceiverV1",false_positive,0.8222802416767804,0.7030000000000001,0,1,drain|drainERC20
all_scope,rule_suppression,45,"DAPP::DAppSCAN-source/contracts/Coinfabrik-MintingFactoryV2, BaseUpgradableMarketplace & KODAV3UpgradableGatedMarketplace/known-origin-contracts-v3-d592c5f4fa4e0b6fc65a1fce43e302706aedf607::KODAV3UpgradableGatedMarketplace",false_positive,0.7943345834827973,0.7030000000000001,0,1,_addPhaseToSale|_authorizeUpgrade|_setAdmin|_setBeacon|_setImplementation
all_scope,rule_suppression,45,"DAPP::DAppSCAN-source/contracts/Coinfabrik-MintingFactoryV2, BaseUpgradableMarketplace & KODAV3UpgradableGatedMarketplace/known-origin-contracts-v3-d592c5f4fa4e0b6fc65a1fce43e302706aedf607::ClaimableFundsSplitterV1",false_positive,0.8222802416767804,0.7030000000000001,0,1,drain|drainERC20
all_scope,rule_suppression,45,"DAPP::DAppSCAN-source/contracts/Coinfabrik-MintingFactoryV2, BaseUpgradableMarketplace & KODAV3UpgradableGatedMarketplace/known-origin-contracts-v3-d592c5f4fa4e0b6fc65a1fce43e302706aedf607::KODAV3UpgradableCollectorOnlyMarketplace",false_positive,0.7087822472401377,0.7030000000000001,0,1,_authorizeUpgrade|_setAdmin|_setBeacon|_setImplementation|canMint
all_scope,rule_suppression,45,"DAPP::DAppSCAN-source/contracts/Coinfabrik-MintingFactoryV2, BaseUpgradableMarketplace & KODAV3UpgradableGatedMarketplace/known-origin-contracts-v3-d592c5f4fa4e0b6fc65a1fce43e302706aedf607::KODAV3GatedMerkleMarketplace",false_positive,0.7532222170089378,0.7030000000000001,0,1,_authorizeUpgrade|_setAdmin|_setBeacon|_setImplementation|handleMerkleMint
all_scope,rule_suppression,45,"DAPP::DAppSCAN-source/contracts/Coinfabrik-MintingFactoryV2, BaseUpgradableMarketplace & KODAV3UpgradableGatedMarketplace/known-origin-contracts-v3-d592c5f4fa4e0b6fc65a1fce43e302706aedf607::CloneBasedRegistry",false_positive,0.7118701983689568,0.7030000000000001,0,0,
all_scope,rule_suppression,45,"DAPP::DAppSCAN-source/contracts/Coinfabrik-MintingFactoryV2, BaseUpgradableMarketplace & KODAV3UpgradableGatedMarketplace/known-origin-contracts-v3-d592c5f4fa4e0b6fc65a1fce43e302706aedf607::RoyaltyImplV1R1",false_positive,0.8244848020180849,0.7030000000000001,0,1,drain
all_scope,rule_suppression,45,"DAPP::DAppSCAN-source/contracts/Coinfabrik-MintingFactoryV2, BaseUpgradableMarketplace & KODAV3UpgradableGatedMarketplace/known-origin-contracts-v3-d592c5f4fa4e0b6fc65a1fce43e302706aedf607::RoyaltyImplV1R2",false_positive,0.8244848020180849,0.7030000000000001,0,1,drain
all_scope,rule_suppression,45,"DAPP::DAppSCAN-source/contracts/Coinfabrik-MintingFactoryV2, BaseUpgradableMarketplace & KODAV3UpgradableGatedMarketplace/known-origin-contracts-v3-d592c5f4fa4e0b6fc65a1fce43e302706aedf607::FundsReceiver",false_positive,0.8244848020180849,0.7030000000000001,0,1,drain
all_scope,rule_suppression,45,"DAPP::DAppSCAN-source/contracts/Coinfabrik-MintingFactoryV2, BaseUpgradableMarketplace & KODAV3UpgradableGatedMarketplace/known-origin-contracts-v3-d592c5f4fa4e0b6fc65a1fce43e302706aedf607::CollabFundsReceiver",false_positive,0.8650379349494355,0.7030000000000001,0,1,drain|drainERC20|drainShare
all_scope,rule_suppression,45,FORGE::vfp_00156::SponsoredOFTSrcPeriphery,false_positive,0.8997862325568765,0.7030000000000001,0,0,
all_scope,rule_suppression,45,DAPP::DAppSCAN-source/contracts/Solidity_Finance-OKLG - Smart Contract/contracts-e167d0d742d21bcc62d7a5b770a1f0ed1cf31eca::MTGYOKLGSwap,false_positive,0.8498058290009101,0.7030000000000001,0,0,
all_scope,rule_suppression,45,DAPP::DAppSCAN-source/contracts/Solidity_Finance-OKLG - Smart Contract/contracts-e167d0d742d21bcc62d7a5b770a1f0ed1cf31eca::OKLGAtomicSwapInstance,false_positive,0.8750494278896878,0.7030000000000001,0,1,fundSendToDestinationGas|receiveTokensFromSource|refundTokensFromSource|sendTokensToDestination|withdrawTokens
all_scope,rule_suppression,45,DAPP::DAppSCAN-source/contracts/Solidity_Finance-OKLG - Smart Contract/contracts-e167d0d742d21bcc62d7a5b770a1f0ed1cf31eca::OKLGAirdropper,false_positive,0.8156597004715946,0.7030000000000001,0,0,
all_scope,rule_suppression,45,DAPP::DAppSCAN-source/contracts/Solidity_Finance-OKLG - Smart Contract/contracts-e167d0d742d21bcc62d7a5b770a1f0ed1cf31eca::OKLGFaaSToken,false_positive,0.907084299825717,0.7030000000000001,0,1,_harvestTokens|emergencyUnstake|removeStakeableTokens|stakeTokens|unstakeTokens
all_scope,rule_suppression,45,DAPP::DAppSCAN-source/contracts/Solidity_Finance-OKLG - Smart Contract/contracts-e167d0d742d21bcc62d7a5b770a1f0ed1cf31eca::OKLGPasswordManager,false_positive,0.8723090320242856,0.7030000000000001,0,1,addAccount|bulkAddAccounts
all_scope,rule_suppression,45,DAPP::DAppSCAN-source/contracts/Solidity_Finance-OKLG - Smart Contract/contracts-e167d0d742d21bcc62d7a5b770a1f0ed1cf31eca::OKLGAffiliate,false_positive,0.8096127938787604,0.7030000000000001,0,1,pay
all_scope,rule_suppression,45,DAPP::DAppSCAN-source/contracts/Solidity_Finance-OKLG - Smart Contract/contracts-e167d0d742d21bcc62d7a5b770a1f0ed1cf31eca::OKLG,false_positive,0.7222373018092613,0.7030000000000001,0,1,claimETHRewards|claimTokenRewards|initContract|setBoostRewardsContract|setFeeExclusionContract
all_scope,rule_suppression,45,DAPP::DAppSCAN-source/contracts/Solidity_Finance-OKLG - Smart Contract/contracts-e167d0d742d21bcc62d7a5b770a1f0ed1cf31eca::OKLGDividendDistributor,false_positive,0.9334003157073092,0.7030000000000001,0,1,depositDividends|setBoostContract|setBoostMultiplierContract|unstake
all_scope,rule_suppression,45,DAPP::DAppSCAN-source/contracts/Solidity_Finance-OKLG - Smart Contract/contracts-e167d0d742d21bcc62d7a5b770a1f0ed1cf31eca::OKLGTrustedTimestamping,false_positive,0.9310759155359768,0.7030000000000001,0,0,
all_scope,rule_suppression,45,DAPP::DAppSCAN-source/contracts/Solidity_Finance-OKLG - Smart Contract/contracts-e167d0d742d21bcc62d7a5b770a1f0ed1cf31eca::OKLGAtomicSwap,false_positive,0.8869263114173226,0.7030000000000001,0,0,
all_scope,rule_suppression,45,DAPP::DAppSCAN-source/contracts/Solidity_Finance-OKLG - Smart Contract/contracts-e167d0d742d21bcc62d7a5b770a1f0ed1cf31eca::KetherNFTLoaner,false_positive,0.876960161881413,0.7030000000000001,0,1,addPlot|loanPlot|removePlot
all_scope,rule_suppression,45,DAPP::DAppSCAN-source/contracts/Solidity_Finance-OKLG - Smart Contract/contracts-e167d0d742d21bcc62d7a5b770a1f0ed1cf31eca::OKLGProduct,false_positive,0.8156597004715946,0.7030000000000001,0,0,
all_scope,rule_suppression,45,DAPP::DAppSCAN-source/contracts/Solidity_Finance-OKLG - Smart Contract/contracts-e167d0d742d21bcc62d7a5b770a1f0ed1cf31eca::OKLGRaffle,false_positive,0.9273246276839769,0.7030000000000001,0,1,closeRaffleAndRefund|enterRaffle
all_scope,rule_suppression,45,DAPP::DAppSCAN-source/contracts/Solidity_Finance-OKLG - Smart Contract/contracts-e167d0d742d21bcc62d7a5b770a1f0ed1cf31eca::OKLGETHSplitter,false_positive,0.7200704050968713,0.7030000000000001,0,1,setReceivers
all_scope,rule_suppression,45,DAPP::DAppSCAN-source/contracts/Solidified-Aztec Lido Bridge/aztec-connect-bridges-d5aca13d4d0a17b21eeddf77f49f4c6613461fb0::LidoBridge,false_negative,0.3211515340290987,0.7030000000000001,1,1,unwrapETH|wrapETH
all_scope,rule_suppression,45,DAPP::DAppSCAN-source/contracts/Solidified-Aztec Lido Bridge/aztec-connect-bridges-d5aca13d4d0a17b21eeddf77f49f4c6613461fb0::ElementBridge,false_positive,0.8458472875145445,0.7030000000000001,0,1,finalise
all_scope,rule_suppression,45,DAPP::DAppSCAN-source/contracts/Hacken-Tenderize/tender-core-1fd606141625171fe792045ae9233890262d2d62::Tenderizer,false_positive,0.7054474793889466,0.7030000000000001,0,1,_initialize|deposit|unstake
all_scope,rule_suppression,45,DAPP::DAppSCAN-source/contracts/Hacken-Tenderize/tender-core-1fd606141625171fe792045ae9233890262d2d62::TokenFaucet,false_positive,0.948426442203135,0.7030000000000001,0,0,
all_scope,rule_suppression,45,DAPP::DAppSCAN-source/contracts/Hacken-Tenderize/tender-core-1fd606141625171fe792045ae9233890262d2d62::Audius,false_positive,0.860070300489298,0.7030000000000001,0,1,_initialize|_unstake|deposit|unstake
all_scope,rule_suppression,45,FORGE::vfp_00220::LiquidityPenaltyHook,false_positive,0.904325537771323,0.7030000000000001,0,0,
all_scope,rule_suppression,45,DAPP::DAppSCAN-source/contracts/consensys-The_LAO/moloch-4bc443f4dad60279b47978fc6987bb978d3dfc58::MolochPool,false_positive,0.7896125684540977,0.7030000000000001,0,1,_withdraw|activate|sync
all_scope,rule_suppression,45,DAPP::DAppSCAN-source/contracts/consensys-The_LAO/moloch-4bc443f4dad60279b47978fc6987bb978d3dfc58::Submitter,false_positive,0.8122358924091397,0.7030000000000001,0,0,
all_scope,rule_suppression,45,DAPP::DAppSCAN-source/contracts/consensys-The_LAO/moloch-4bc443f4dad60279b47978fc6987bb978d3dfc58::ClaimsTokenERC20Extension,false_positive,0.7843594944059041,0.7030000000000001,0,1,withdrawFunds
all_scope,rule_suppression,45,DAPP::DAppSCAN-source/contracts/Trail_of_Bits-Liquity/dev-f0df3efa5a5f05b205752184cfce107c5bd6e06c::StabilityPool,false_positive,0.7155013140509402,0.7030000000000001,0,1,_requireUserHasTrove
all_scope,rule_suppression,45,DAPP::DAppSCAN-source/contracts/Trail_of_Bits-Liquity/dev-f0df3efa5a5f05b205752184cfce107c5bd6e06c::SortedTroves,false_positive,0.8061209615676004,0.7030000000000001,0,1,_insert|_remove
all_scope,rule_suppression,45,DAPP::DAppSCAN-source/contracts/Trail_of_Bits-Liquity/dev-f0df3efa5a5f05b205752184cfce107c5bd6e06c::LQTYStaking,false_positive,0.823309948426741,0.7030000000000001,0,0,
all_scope,rule_suppression,46,FORGE::vfp_00058::LikwidLendPosition,false_positive,0.9376295873145006,0.59,0,0,
all_scope,rule_suppression,46,FORGE::vfp_00260::Arbitrum_Adapter,false_positive,0.8156147423754785,0.59,0,0,
all_scope,rule_suppression,46,FORGE::vfp_00126::HubPool,false_positive,0.8528837339310799,0.59,0,1,addLiquidity|claimProtocolFeesCaptured|disputeRootBundle|emergencyDeleteProposal|enableL1TokenForLiquidityProvision
all_scope,rule_suppression,46,FORGE::vfp_00126::Arbitrum_Adapter,false_positive,0.8891915375351682,0.59,0,0,
all_scope,rule_suppression,46,FORGE::vfp_00288::DelegationMetaSwapAdapter,false_negative,0.3998015429581158,0.59,1,1,swapTokens
all_scope,rule_suppression,46,DAPP::DAppSCAN-source/contracts/SlowMist-Booster-Protocol_智能安全审计报告/boosterProtocol-946b15629c410d706856584f3aa04001d6a55bd2::TenBankHall,false_positive,0.6783953189497762,0.59,0,1,addBox|addStrategy|deposit|depositLPToken|emergencyWithdraw
all_scope,rule_suppression,46,DAPP::DAppSCAN-source/contracts/SlowMist-Booster-Protocol_智能安全审计报告/boosterProtocol-946b15629c410d706856584f3aa04001d6a55bd2::BuybackBooToken,false_negative,0.5196270770766741,0.59,1,0,
all_scope,rule_suppression,46,DAPP::DAppSCAN-source/contracts/SlowMist-Booster-Protocol_智能安全审计报告/boosterProtocol-946b15629c410d706856584f3aa04001d6a55bd2::BOOPools,false_positive,0.6965480213831642,0.59,0,1,add|deposit|emergencyWithdraw|withdraw
all_scope,rule_suppression,46,DAPP::DAppSCAN-source/contracts/SlowMist-Booster-Protocol_智能安全审计报告/boosterProtocol-946b15629c410d706856584f3aa04001d6a55bd2::ActionPools,false_positive,0.6921202119769818,0.59,0,1,getBlocksReward
all_scope,rule_suppression,46,DAPP::DAppSCAN-source/contracts/SlowMist-Booster-Protocol_智能安全审计报告/boosterProtocol-946b15629c410d706856584f3aa04001d6a55bd2::SafeBoxFilDa,false_positive,0.6036338242765382,0.59,0,1,_borrow|ctokenBorrow|ctokenDeposit|ctokenRepayBorrow|ctokenWithdraw
all_scope,rule_suppression,46,DAPP::DAppSCAN-source/contracts/SlowMist-Booster-Protocol_智能安全审计报告/boosterProtocol-946b15629c410d706856584f3aa04001d6a55bd2::SafeBoxFilDaETH,false_positive,0.6036338242765382,0.59,0,1,_borrow|ctokenBorrow|ctokenWithdraw|emergencyRepay|getBorrowId
all_scope,rule_suppression,46,DAPP::DAppSCAN-source/contracts/SlowMist-Booster-Protocol_智能安全审计报告/boosterProtocol-946b15629c410d706856584f3aa04001d6a55bd2::StrategyUtils,false_negative,0.37744428932091073,0.59,1,1,checkDepositLimit|checkLiquidationLimit
all_scope,rule_suppression,46,DAPP::DAppSCAN-source/contracts/Hacken-Powerbomb-V1/powerbomb-lite-0f86ff1eecdd723be733a9b33ff4ffa3bbdadcee::PowerBombAvaxCurve,false_negative,0.586819752233957,0.59,1,1,_deposit|withdraw
all_scope,rule_suppression,46,DAPP::DAppSCAN-source/contracts/Hacken-Powerbomb-V1/powerbomb-lite-0f86ff1eecdd723be733a9b33ff4ffa3bbdadcee::PowerBombR,false_positive,0.6240259120169508,0.59,0,1,_deposit|withdraw
all_scope,rule_suppression,46,DAPP::DAppSCAN-source/contracts/Hacken-Powerbomb-V1/powerbomb-lite-0f86ff1eecdd723be733a9b33ff4ffa3bbdadcee::PowerBomb,false_positive,0.5905929502283918,0.59,0,1,_deposit|withdraw
all_scope,rule_suppression,46,DAPP::DAppSCAN-source/contracts/Hacken-Powerbomb-V1/powerbomb-lite-0f86ff1eecdd723be733a9b33ff4ffa3bbdadcee::PowerBombAvaxCurve33,false_positive,0.5951180751023573,0.59,0,1,_deposit|withdraw
all_scope,rule_suppression,46,DAPP::DAppSCAN-source/contracts/PeckShield-DarkCrypto/darkcrypto-contracts-fee5be8d36459aebed2b84e6493875b3dc0366fd::Boardroom,false_positive,0.6236449450926389,0.59,0,1,allocateSeigniorage|claimReward|governanceRecoverUnsupported|initialize|stake
all_scope,rule_suppression,46,DAPP::DAppSCAN-source/contracts/PeckShield-DarkCrypto/darkcrypto-contracts-fee5be8d36459aebed2b84e6493875b3dc0366fd::DarkRewardPool,false_positive,0.7901540805596609,0.59,0,1,add|governanceRecoverUnsupported|withdraw
all_scope,rule_suppression,46,DAPP::DAppSCAN-source/contracts/PepperSec-Aira-Robonomic/robonomics_contracts-cc35a91de187072214d215262d8371f0159c2498::Ambix,false_positive,0.756626349988256,0.59,0,1,run
all_scope,rule_suppression,46,DAPP::DAppSCAN-source/contracts/PepperSec-Aira-Robonomic/robonomics_contracts-cc35a91de187072214d215262d8371f0159c2498::LighthouseLib,false_negative,0.397010318001538,0.59,1,1,refill|withdraw
all_scope,rule_suppression,46,DAPP::DAppSCAN-source/contracts/PepperSec-Aira-Robonomic/robonomics_contracts-cc35a91de187072214d215262d8371f0159c2498::DutchAuction,false_positive,0.7128282090945606,0.59,0,1,bid|claimTokens|finalizeAuction|setup
all_scope,rule_suppression,46,DAPP::DAppSCAN-source/contracts/BlockSec-blocksec_impossible_finance_swap_v1.2/impossible-swap-core-29aaef89f996acdbee92b67c4d95fb608dc8b876::ImpossibleWrappedToken,false_negative,0.1891081598216103,0.59,1,1,_withdraw
all_scope,rule_suppression,46,DAPP::DAppSCAN-source/contracts/Solidified-Aztec Element Bridge/aztec-connect-bridges-ac2e7194b5887ea11a607b4cf8de0547b3d7fdd0::RollupProcessor,false_positive,0.6086314584994302,0.59,0,1,processAsyncDefiInteraction
all_scope,rule_suppression,46,DAPP::DAppSCAN-source/contracts/PeckShield-Duet/duet-collateral-contracts-92452dad092d6b5f76713484e30159b5fa75ea80::DYTokenERC20,false_negative,0.3231189157774102,0.59,1,1,withdraw
all_scope,rule_suppression,46,DAPP::DAppSCAN-source/contracts/consensys-GrowthDeFi WHEAT/wheat-v1-core-8360ac0a537589bb974e8a5a169bb3e7c95d2857::Exchange,false_negative,0.3576135834429883,0.59,1,0,
all_scope,rule_suppression,46,DAPP::DAppSCAN-source/contracts/SlowMist-ForTube2.0 Smart Contract Security Audit Report/bond-854527d0ea7ad2ddd3504b4d4ae3fcb57cb6445d::BondData,false_positive,0.6704645281642413,0.59,0,1,deposit|initialDeposit|invest|liquidate|profit
all_scope,rule_suppression,46,DAPP::DAppSCAN-source/contracts/SlowMist-ForTube2.0 Smart Contract Security Audit Report/bond-854527d0ea7ad2ddd3504b4d4ae3fcb57cb6445d::Vote,false_positive,0.638971264808511,0.59,0,0,
all_scope,rule_suppression,46,DAPP::DAppSCAN-source/contracts/SlowMist-ForTube2.0 Smart Contract Security Audit Report/bond-854527d0ea7ad2ddd3504b4d4ae3fcb57cb6445d::PRA,false_negative,0.4121869345969906,0.59,1,1,lock|unlock
all_scope,rule_suppression,46,"DAPP::DAppSCAN-source/contracts/Coinfabrik-MintingFactoryV2, BaseUpgradableMarketplace & KODAV3UpgradableGatedMarketplace/known-origin-contracts-v3-d592c5f4fa4e0b6fc65a1fce43e302706aedf607::MintingFactoryV2",false_negative,0.276048110931245,0.59,1,1,_authorizeUpgrade|_setAdmin|_setBeacon|_setImplementation|mintBatchEdition
all_scope,rule_suppression,46,"DAPP::DAppSCAN-source/contracts/Coinfabrik-MintingFactoryV2, BaseUpgradableMarketplace & KODAV3UpgradableGatedMarketplace/known-origin-contracts-v3-d592c5f4fa4e0b6fc65a1fce43e302706aedf607::ClaimableFundsReceiverV1",false_positive,0.6937317428620497,0.59,0,1,drain|drainERC20
all_scope,rule_suppression,46,"DAPP::DAppSCAN-source/contracts/Coinfabrik-MintingFactoryV2, BaseUpgradableMarketplace & KODAV3UpgradableGatedMarketplace/known-origin-contracts-v3-d592c5f4fa4e0b6fc65a1fce43e302706aedf607::KODAV3UpgradableGatedMarketplace",false_positive,0.6784453962654923,0.59,0,1,_addPhaseToSale|_authorizeUpgrade|_setAdmin|_setBeacon|_setImplementation
all_scope,rule_suppression,46,"DAPP::DAppSCAN-source/contracts/Coinfabrik-MintingFactoryV2, BaseUpgradableMarketplace & KODAV3UpgradableGatedMarketplace/known-origin-contracts-v3-d592c5f4fa4e0b6fc65a1fce43e302706aedf607::ClaimableFundsSplitterV1",false_positive,0.6937317428620497,0.59,0,1,drain|drainERC20
all_scope,rule_suppression,46,"DAPP::DAppSCAN-source/contracts/Coinfabrik-MintingFactoryV2, BaseUpgradableMarketplace & KODAV3UpgradableGatedMarketplace/known-origin-contracts-v3-d592c5f4fa4e0b6fc65a1fce43e302706aedf607::KODAV3GatedMerkleMarketplace",false_positive,0.6383322898575106,0.59,0,1,_authorizeUpgrade|_setAdmin|_setBeacon|_setImplementation|handleMerkleMint
all_scope,rule_suppression,46,"DAPP::DAppSCAN-source/contracts/Coinfabrik-MintingFactoryV2, BaseUpgradableMarketplace & KODAV3UpgradableGatedMarketplace/known-origin-contracts-v3-d592c5f4fa4e0b6fc65a1fce43e302706aedf607::CloneBasedRegistry",false_positive,0.6286215450744759,0.59,0,0,
all_scope,rule_suppression,46,"DAPP::DAppSCAN-source/contracts/Coinfabrik-MintingFactoryV2, BaseUpgradableMarketplace & KODAV3UpgradableGatedMarketplace/known-origin-contracts-v3-d592c5f4fa4e0b6fc65a1fce43e302706aedf607::RoyaltyImplV1R1",false_positive,0.7338098048992822,0.59,0,1,drain
all_scope,rule_suppression,46,"DAPP::DAppSCAN-source/contracts/Coinfabrik-MintingFactoryV2, BaseUpgradableMarketplace & KODAV3UpgradableGatedMarketplace/known-origin-contracts-v3-d592c5f4fa4e0b6fc65a1fce43e302706aedf607::RoyaltyImplV1R2",false_positive,0.7338098048992822,0.59,0,1,drain
all_scope,rule_suppression,46,"DAPP::DAppSCAN-source/contracts/Coinfabrik-MintingFactoryV2, BaseUpgradableMarketplace & KODAV3UpgradableGatedMarketplace/known-origin-contracts-v3-d592c5f4fa4e0b6fc65a1fce43e302706aedf607::FundsReceiver",false_positive,0.7338098048992822,0.59,0,1,drain
all_scope,rule_suppression,46,"DAPP::DAppSCAN-source/contracts/Coinfabrik-MintingFactoryV2, BaseUpgradableMarketplace & KODAV3UpgradableGatedMarketplace/known-origin-contracts-v3-d592c5f4fa4e0b6fc65a1fce43e302706aedf607::CollabFundsReceiver",false_positive,0.7546619395284664,0.59,0,1,drain|drainERC20|drainShare
all_scope,rule_suppression,46,FORGE::vfp_00156::SponsoredOFTSrcPeriphery,false_positive,0.8468336297012405,0.59,0,0,
all_scope,rule_suppression,46,DAPP::DAppSCAN-source/contracts/Solidity_Finance-OKLG - Smart Contract/contracts-e167d0d742d21bcc62d7a5b770a1f0ed1cf31eca::MTGYOKLGSwap,false_positive,0.7478419664374404,0.59,0,0,
all_scope,rule_suppression,46,DAPP::DAppSCAN-source/contracts/Solidity_Finance-OKLG - Smart Contract/contracts-e167d0d742d21bcc62d7a5b770a1f0ed1cf31eca::OKLGAtomicSwapInstance,false_positive,0.7958119678278177,0.59,0,1,fundSendToDestinationGas|receiveTokensFromSource|refundTokensFromSource|sendTokensToDestination|withdrawTokens
all_scope,rule_suppression,46,DAPP::DAppSCAN-source/contracts/Solidity_Finance-OKLG - Smart Contract/contracts-e167d0d742d21bcc62d7a5b770a1f0ed1cf31eca::OKLGAirdropper,false_positive,0.7505225357155239,0.59,0,0,
all_scope,rule_suppression,46,DAPP::DAppSCAN-source/contracts/Solidity_Finance-OKLG - Smart Contract/contracts-e167d0d742d21bcc62d7a5b770a1f0ed1cf31eca::OKLGFaaSToken,false_positive,0.8410556224876202,0.59,0,1,_harvestTokens|emergencyUnstake|removeStakeableTokens|stakeTokens|unstakeTokens
all_scope,rule_suppression,46,DAPP::DAppSCAN-source/contracts/Solidity_Finance-OKLG - Smart Contract/contracts-e167d0d742d21bcc62d7a5b770a1f0ed1cf31eca::OKLGPasswordManager,false_positive,0.7993357804340289,0.59,0,1,addAccount|bulkAddAccounts
all_scope,rule_suppression,46,DAPP::DAppSCAN-source/contracts/Solidity_Finance-OKLG - Smart Contract/contracts-e167d0d742d21bcc62d7a5b770a1f0ed1cf31eca::OKLGAffiliate,false_positive,0.6397242445466155,0.59,0,1,pay
all_scope,rule_suppression,46,DAPP::DAppSCAN-source/contracts/Solidity_Finance-OKLG - Smart Contract/contracts-e167d0d742d21bcc62d7a5b770a1f0ed1cf31eca::OKLGDividendDistributor,false_positive,0.8849830474434086,0.59,0,1,depositDividends|setBoostContract|setBoostMultiplierContract|unstake
all_scope,rule_suppression,46,DAPP::DAppSCAN-source/contracts/Solidity_Finance-OKLG - Smart Contract/contracts-e167d0d742d21bcc62d7a5b770a1f0ed1cf31eca::OKLGTrustedTimestamping,false_positive,0.8770683357624477,0.59,0,0,
all_scope,rule_suppression,46,DAPP::DAppSCAN-source/contracts/Solidity_Finance-OKLG - Smart Contract/contracts-e167d0d742d21bcc62d7a5b770a1f0ed1cf31eca::OKLGAtomicSwap,false_positive,0.8283687196404338,0.59,0,0,
all_scope,rule_suppression,46,DAPP::DAppSCAN-source/contracts/Solidity_Finance-OKLG - Smart Contract/contracts-e167d0d742d21bcc62d7a5b770a1f0ed1cf31eca::KetherNFTLoaner,false_positive,0.7657375358039747,0.59,0,1,addPlot|loanPlot|removePlot
all_scope,rule_suppression,46,DAPP::DAppSCAN-source/contracts/Solidity_Finance-OKLG - Smart Contract/contracts-e167d0d742d21bcc62d7a5b770a1f0ed1cf31eca::OKLGProduct,false_positive,0.7505225357155239,0.59,0,0,
all_scope,rule_suppression,46,DAPP::DAppSCAN-source/contracts/Solidity_Finance-OKLG - Smart Contract/contracts-e167d0d742d21bcc62d7a5b770a1f0ed1cf31eca::OKLGRaffle,false_positive,0.8579190606218935,0.59,0,1,closeRaffleAndRefund|enterRaffle
all_scope,rule_suppression,46,DAPP::DAppSCAN-source/contracts/Solidified-Aztec Lido Bridge/aztec-connect-bridges-d5aca13d4d0a17b21eeddf77f49f4c6613461fb0::RollupProcessor,false_positive,0.6086432993832324,0.59,0,1,processAsyncDefiInteraction
all_scope,rule_suppression,46,DAPP::DAppSCAN-source/contracts/Solidified-Aztec Lido Bridge/aztec-connect-bridges-d5aca13d4d0a17b21eeddf77f49f4c6613461fb0::LidoBridge,false_negative,0.2095706304404307,0.59,1,1,unwrapETH|wrapETH
all_scope,rule_suppression,46,DAPP::DAppSCAN-source/contracts/Solidified-Aztec Lido Bridge/aztec-connect-bridges-d5aca13d4d0a17b21eeddf77f49f4c6613461fb0::ElementBridge,false_positive,0.7285901913511467,0.59,0,1,finalise
all_scope,rule_suppression,46,DAPP::DAppSCAN-source/contracts/Hacken-Tenderize/tender-core-1fd606141625171fe792045ae9233890262d2d62::TokenFaucet,false_positive,0.9099630834817984,0.59,0,0,
all_scope,rule_suppression,46,DAPP::DAppSCAN-source/contracts/Hacken-Tenderize/tender-core-1fd606141625171fe792045ae9233890262d2d62::TenderSwap,false_positive,0.6704217138104454,0.59,0,1,addLiquidity|initialize|removeLiquidity|removeLiquidityImbalance|removeLiquidityOneToken
all_scope,rule_suppression,46,DAPP::DAppSCAN-source/contracts/Hacken-Tenderize/tender-core-1fd606141625171fe792045ae9233890262d2d62::Audius,false_positive,0.7851255267511483,0.59,0,1,_initialize|_unstake|deposit|unstake
all_scope,rule_suppression,46,FORGE::vfp_00220::LiquidityPenaltyHook,false_positive,0.8357735990646303,0.59,0,0,
all_scope,rule_suppression,46,DAPP::DAppSCAN-source/contracts/consensys-The_LAO/moloch-4bc443f4dad60279b47978fc6987bb978d3dfc58::MolochPool,false_positive,0.6651952396113201,0.59,0,1,_withdraw|activate|sync
all_scope,rule_suppression,46,DAPP::DAppSCAN-source/contracts/consensys-The_LAO/moloch-4bc443f4dad60279b47978fc6987bb978d3dfc58::Submitter,false_positive,0.7292195737280089,0.59,0,0,
all_scope,rule_suppression,46,DAPP::DAppSCAN-source/contracts/consensys-The_LAO/moloch-4bc443f4dad60279b47978fc6987bb978d3dfc58::ClaimsTokenERC20Extension,false_positive,0.5959669580276457,0.59,0,1,withdrawFunds
all_scope,rule_suppression,46,DAPP::DAppSCAN-source/contracts/Trail_of_Bits-Liquity/dev-f0df3efa5a5f05b205752184cfce107c5bd6e06c::BorrowerOperations,false_negative,0.5866332310351092,0.59,1,1,_adjustTrove
all_scope,rule_suppression,46,DAPP::DAppSCAN-source/contracts/Trail_of_Bits-Liquity/dev-f0df3efa5a5f05b205752184cfce107c5bd6e06c::SortedTroves,false_positive,0.6690655658818843,0.59,0,1,_insert|_remove
all_scope,rule_suppression,46,DAPP::DAppSCAN-source/contracts/Trail_of_Bits-Liquity/dev-f0df3efa5a5f05b205752184cfce107c5bd6e06c::LQTYStaking,false_positive,0.7062545183268418,0.59,0,0,
all_scope,concat,42,FORGE::vfp_00029::AntiSandwichHook,false_negative,0.7604595454731583,0.776,1,0,
all_scope,concat,42,FORGE::vfp_00058::BasePositionManager,false_positive,0.8029005664060638,0.776,0,0,
all_scope,concat,42,FORGE::vfp_00058::LikwidLendPosition,false_positive,0.8165545097058677,0.776,0,0,
all_scope,concat,42,FORGE::vfp_00260::Router_Adapter,false_negative,0.5887064176520693,0.776,1,0,
all_scope,concat,42,FORGE::vfp_00126::HubPool,false_positive,0.8076137397906735,0.776,0,1,addLiquidity|claimProtocolFeesCaptured|disputeRootBundle|emergencyDeleteProposal|enableL1TokenForLiquidityProvision
all_scope,concat,42,FORGE::vfp_00288::DelegationMetaSwapAdapter,false_negative,0.6510089744271894,0.776,1,1,swapTokens
all_scope,concat,42,DAPP::DAppSCAN-source/contracts/SlowMist-Booster-Protocol_智能安全审计报告/boosterProtocol-946b15629c410d706856584f3aa04001d6a55bd2::BuybackBooToken,false_negative,0.7002863200187118,0.776,1,0,
all_scope,concat,42,DAPP::DAppSCAN-source/contracts/SlowMist-Booster-Protocol_智能安全审计报告/boosterProtocol-946b15629c410d706856584f3aa04001d6a55bd2::BOOPools,false_positive,0.8260855109036266,0.776,0,1,add|deposit|emergencyWithdraw|withdraw
all_scope,concat,42,DAPP::DAppSCAN-source/contracts/SlowMist-Booster-Protocol_智能安全审计报告/boosterProtocol-946b15629c410d706856584f3aa04001d6a55bd2::SafeBoxFilDa,false_positive,0.7792322959162744,0.776,0,1,_borrow|ctokenBorrow|ctokenDeposit|ctokenRepayBorrow|ctokenWithdraw
all_scope,concat,42,DAPP::DAppSCAN-source/contracts/SlowMist-Booster-Protocol_智能安全审计报告/boosterProtocol-946b15629c410d706856584f3aa04001d6a55bd2::SafeBoxFilDaETH,false_positive,0.7792322959162744,0.776,0,1,_borrow|ctokenBorrow|ctokenWithdraw|emergencyRepay|getBorrowId
all_scope,concat,42,DAPP::DAppSCAN-source/contracts/SlowMist-Booster-Protocol_智能安全审计报告/boosterProtocol-946b15629c410d706856584f3aa04001d6a55bd2::StrategyUtils,false_negative,0.5222396658300842,0.776,1,1,checkDepositLimit|checkLiquidationLimit
all_scope,concat,42,DAPP::DAppSCAN-source/contracts/Hacken-Powerbomb-V1/powerbomb-lite-0f86ff1eecdd723be733a9b33ff4ffa3bbdadcee::PowerBombAvaxCurve,false_negative,0.7641524722451541,0.776,1,1,_deposit|withdraw
all_scope,concat,42,DAPP::DAppSCAN-source/contracts/PeckShield-DarkCrypto/darkcrypto-contracts-fee5be8d36459aebed2b84e6493875b3dc0366fd::DarkRewardPool,false_positive,0.8327695941600091,0.776,0,1,add|governanceRecoverUnsupported|withdraw
all_scope,concat,42,DAPP::DAppSCAN-source/contracts/PepperSec-Aira-Robonomic/robonomics_contracts-cc35a91de187072214d215262d8371f0159c2498::Ambix,false_positive,0.8324457453160456,0.776,0,1,run
all_scope,concat,42,DAPP::DAppSCAN-source/contracts/PepperSec-Aira-Robonomic/robonomics_contracts-cc35a91de187072214d215262d8371f0159c2498::LighthouseLib,false_negative,0.6314631079559473,0.776,1,1,refill|withdraw
all_scope,concat,42,DAPP::DAppSCAN-source/contracts/PepperSec-Aira-Robonomic/robonomics_contracts-cc35a91de187072214d215262d8371f0159c2498::DutchAuction,false_positive,0.7958031345340165,0.776,0,1,bid|claimTokens|finalizeAuction|setup
all_scope,concat,42,DAPP::DAppSCAN-source/contracts/BlockSec-blocksec_impossible_finance_swap_v1.2/impossible-swap-core-29aaef89f996acdbee92b67c4d95fb608dc8b876::ImpossibleWrappedToken,false_negative,0.2974850398280577,0.776,1,1,_withdraw
all_scope,concat,42,DAPP::DAppSCAN-source/contracts/PeckShield-Duet/duet-collateral-contracts-92452dad092d6b5f76713484e30159b5fa75ea80::DYTokenERC20,false_negative,0.43282667200674996,0.776,1,1,withdraw
all_scope,concat,42,DAPP::DAppSCAN-source/contracts/consensys-GrowthDeFi WHEAT/wheat-v1-core-8360ac0a537589bb974e8a5a169bb3e7c95d2857::Exchange,false_negative,0.2521075472475557,0.776,1,0,
all_scope,concat,42,DAPP::DAppSCAN-source/contracts/SlowMist-ForTube2.0 Smart Contract Security Audit Report/bond-854527d0ea7ad2ddd3504b4d4ae3fcb57cb6445d::BondData,false_positive,0.7812820638519592,0.776,0,1,deposit|initialDeposit|invest|liquidate|profit
all_scope,concat,42,DAPP::DAppSCAN-source/contracts/SlowMist-ForTube2.0 Smart Contract Security Audit Report/bond-854527d0ea7ad2ddd3504b4d4ae3fcb57cb6445d::PRA,false_negative,0.5612257275339009,0.776,1,1,lock|unlock
all_scope,concat,42,"DAPP::DAppSCAN-source/contracts/Coinfabrik-MintingFactoryV2, BaseUpgradableMarketplace & KODAV3UpgradableGatedMarketplace/known-origin-contracts-v3-d592c5f4fa4e0b6fc65a1fce43e302706aedf607::MintingFactoryV2",false_negative,0.3892412102703416,0.776,1,1,_authorizeUpgrade|_setAdmin|_setBeacon|_setImplementation|mintBatchEdition
all_scope,concat,42,"DAPP::DAppSCAN-source/contracts/Coinfabrik-MintingFactoryV2, BaseUpgradableMarketplace & KODAV3UpgradableGatedMarketplace/known-origin-contracts-v3-d592c5f4fa4e0b6fc65a1fce43e302706aedf607::ClaimableFundsReceiverV1",false_positive,0.7916990935215203,0.776,0,1,drain|drainERC20
all_scope,concat,42,"DAPP::DAppSCAN-source/contracts/Coinfabrik-MintingFactoryV2, BaseUpgradableMarketplace & KODAV3UpgradableGatedMarketplace/known-origin-contracts-v3-d592c5f4fa4e0b6fc65a1fce43e302706aedf607::ClaimableFundsSplitterV1",false_positive,0.7916990935215203,0.776,0,1,drain|drainERC20
all_scope,concat,42,"DAPP::DAppSCAN-source/contracts/Coinfabrik-MintingFactoryV2, BaseUpgradableMarketplace & KODAV3UpgradableGatedMarketplace/known-origin-contracts-v3-d592c5f4fa4e0b6fc65a1fce43e302706aedf607::CollabFundsReceiver",false_positive,0.8328980843525499,0.776,0,1,drain|drainERC20|drainShare
all_scope,concat,42,FORGE::vfp_00156::SponsoredOFTSrcPeriphery,false_positive,0.7946512394837035,0.776,0,0,
all_scope,concat,42,DAPP::DAppSCAN-source/contracts/Solidity_Finance-OKLG - Smart Contract/contracts-e167d0d742d21bcc62d7a5b770a1f0ed1cf31eca::OKLGAtomicSwapInstance,false_positive,0.7841093476751304,0.776,0,1,fundSendToDestinationGas|receiveTokensFromSource|refundTokensFromSource|sendTokensToDestination|withdrawTokens
all_scope,concat,42,DAPP::DAppSCAN-source/contracts/Solidity_Finance-OKLG - Smart Contract/contracts-e167d0d742d21bcc62d7a5b770a1f0ed1cf31eca::OKLGFaaSToken,false_positive,0.8537757838100031,0.776,0,1,_harvestTokens|emergencyUnstake|removeStakeableTokens|stakeTokens|unstakeTokens
all_scope,concat,42,DAPP::DAppSCAN-source/contracts/Solidity_Finance-OKLG - Smart Contract/contracts-e167d0d742d21bcc62d7a5b770a1f0ed1cf31eca::MTGYTokenLocker,false_negative,0.7348279995541095,0.776,1,1,createLocker|withdrawLockedTokens
all_scope,concat,42,DAPP::DAppSCAN-source/contracts/Solidity_Finance-OKLG - Smart Contract/contracts-e167d0d742d21bcc62d7a5b770a1f0ed1cf31eca::OKLGDividendDistributor,false_positive,0.8590541152474365,0.776,0,1,depositDividends|setBoostContract|setBoostMultiplierContract|unstake
all_scope,concat,42,DAPP::DAppSCAN-source/contracts/Solidity_Finance-OKLG - Smart Contract/contracts-e167d0d742d21bcc62d7a5b770a1f0ed1cf31eca::OKLGRaffle,false_positive,0.8471938609184855,0.776,0,1,closeRaffleAndRefund|enterRaffle
all_scope,concat,42,DAPP::DAppSCAN-source/contracts/Solidified-Aztec Lido Bridge/aztec-connect-bridges-d5aca13d4d0a17b21eeddf77f49f4c6613461fb0::LidoBridge,false_negative,0.5030418110132009,0.776,1,1,unwrapETH|wrapETH
all_scope,concat,42,DAPP::DAppSCAN-source/contracts/Solidified-Aztec Lido Bridge/aztec-connect-bridges-d5aca13d4d0a17b21eeddf77f49f4c6613461fb0::ElementBridge,false_positive,0.8435008367969224,0.776,0,1,finalise
all_scope,concat,42,DAPP::DAppSCAN-source/contracts/Hacken-Tenderize/tender-core-1fd606141625171fe792045ae9233890262d2d62::Matic,false_negative,0.6651777700347908,0.776,1,1,_initialize|_stake|_unstake|deposit|unstake
all_scope,concat,42,DAPP::DAppSCAN-source/contracts/Hacken-Tenderize/tender-core-1fd606141625171fe792045ae9233890262d2d62::Livepeer,false_negative,0.7312046424065225,0.776,1,1,_initialize|_stake|_unstake|deposit|unstake
all_scope,concat,42,DAPP::DAppSCAN-source/contracts/Hacken-Tenderize/tender-core-1fd606141625171fe792045ae9233890262d2d62::Graph,false_negative,0.7393106859613915,0.776,1,1,_initialize|_unstake|deposit|unstake
all_scope,concat,42,FORGE::vfp_00220::AntiSandwichHook,false_negative,0.7607564406798766,0.776,1,0,
all_scope,concat,42,DAPP::DAppSCAN-source/contracts/consensys-The_LAO/moloch-4bc443f4dad60279b47978fc6987bb978d3dfc58::MolochPool,false_positive,0.7836092725649598,0.776,0,1,_withdraw|activate|sync
all_scope,concat,42,DAPP::DAppSCAN-source/contracts/consensys-The_LAO/moloch-4bc443f4dad60279b47978fc6987bb978d3dfc58::GnosisSafe,false_positive,0.8157899198997207,0.776,0,1,checkSignatures
all_scope,concat,42,DAPP::DAppSCAN-source/contracts/Trail_of_Bits-Liquity/dev-f0df3efa5a5f05b205752184cfce107c5bd6e06c::TroveManager,false_negative,0.7660781207956462,0.776,1,1,_requireLUSDBalanceCoversRedemption|_updateSystemSnapshots_excludeCollRemainder|batchLiquidateTroves
all_scope,concat,42,DAPP::DAppSCAN-source/contracts/Trail_of_Bits-Liquity/dev-f0df3efa5a5f05b205752184cfce107c5bd6e06c::BorrowerOperations,false_negative,0.6365769573929169,0.776,1,1,_adjustTrove
all_scope,concat,42,DAPP::DAppSCAN-source/contracts/Trail_of_Bits-Liquity/dev-f0df3efa5a5f05b205752184cfce107c5bd6e06c::SortedTroves,false_positive,0.8414046448180622,0.776,0,1,_insert|_remove
all_scope,concat,43,FORGE::vfp_00058::BasePositionManager,false_positive,0.7577137565281842,0.639,0,0,
all_scope,concat,43,FORGE::vfp_00058::LikwidLendPosition,false_positive,0.8573620694572605,0.639,0,0,
all_scope,concat,43,FORGE::vfp_00260::Arbitrum_Adapter,false_positive,0.7953707118105665,0.639,0,0,
all_scope,concat,43,FORGE::vfp_00260::Ovm_WithdrawalHelper,false_positive,0.6516989313727583,0.639,0,0,
all_scope,concat,43,FORGE::vfp_00260::Optimism_Adapter,false_positive,0.6533160614011592,0.639,0,0,
all_scope,concat,43,FORGE::vfp_00126::HubPool,false_positive,0.8171772991960626,0.639,0,1,addLiquidity|claimProtocolFeesCaptured|disputeRootBundle|emergencyDeleteProposal|enableL1TokenForLiquidityProvision
all_scope,concat,43,FORGE::vfp_00126::Arbitrum_Adapter,false_positive,0.7971775786518178,0.639,0,0,
all_scope,concat,43,FORGE::vfp_00288::DelegationMetaSwapAdapter,false_negative,0.5470524629784101,0.639,1,1,swapTokens
all_scope,concat,43,DAPP::DAppSCAN-source/contracts/SlowMist-Booster-Protocol_智能安全审计报告/boosterProtocol-946b15629c410d706856584f3aa04001d6a55bd2::TenBankHall,false_positive,0.7380301077819779,0.639,0,1,addBox|addStrategy|deposit|depositLPToken|emergencyWithdraw
all_scope,concat,43,DAPP::DAppSCAN-source/contracts/SlowMist-Booster-Protocol_智能安全审计报告/boosterProtocol-946b15629c410d706856584f3aa04001d6a55bd2::BOOPools,false_positive,0.7091798429215384,0.639,0,1,add|deposit|emergencyWithdraw|withdraw
all_scope,concat,43,DAPP::DAppSCAN-source/contracts/SlowMist-Booster-Protocol_智能安全审计报告/boosterProtocol-946b15629c410d706856584f3aa04001d6a55bd2::SafeBoxFilDa,false_positive,0.6520697372368928,0.639,0,1,_borrow|ctokenBorrow|ctokenDeposit|ctokenRepayBorrow|ctokenWithdraw
all_scope,concat,43,DAPP::DAppSCAN-source/contracts/SlowMist-Booster-Protocol_智能安全审计报告/boosterProtocol-946b15629c410d706856584f3aa04001d6a55bd2::SafeBoxFilDaETH,false_positive,0.6520697372368928,0.639,0,1,_borrow|ctokenBorrow|ctokenWithdraw|emergencyRepay|getBorrowId
all_scope,concat,43,DAPP::DAppSCAN-source/contracts/SlowMist-Booster-Protocol_智能安全审计报告/boosterProtocol-946b15629c410d706856584f3aa04001d6a55bd2::StrategyUtils,false_negative,0.41978894800109906,0.639,1,1,checkDepositLimit|checkLiquidationLimit
all_scope,concat,43,DAPP::DAppSCAN-source/contracts/Hacken-Powerbomb-V1/powerbomb-lite-0f86ff1eecdd723be733a9b33ff4ffa3bbdadcee::PowerBombR,false_positive,0.682118096429469,0.639,0,1,_deposit|withdraw
all_scope,concat,43,DAPP::DAppSCAN-source/contracts/Hacken-Powerbomb-V1/powerbomb-lite-0f86ff1eecdd723be733a9b33ff4ffa3bbdadcee::PowerBomb,false_positive,0.6506477103189124,0.639,0,1,_deposit|withdraw
all_scope,concat,43,DAPP::DAppSCAN-source/contracts/Hacken-Powerbomb-V1/powerbomb-lite-0f86ff1eecdd723be733a9b33ff4ffa3bbdadcee::PowerBombOneCurve,false_positive,0.640275126634071,0.639,0,1,_deposit|withdraw
all_scope,concat,43,DAPP::DAppSCAN-source/contracts/PeckShield-DarkCrypto/darkcrypto-contracts-fee5be8d36459aebed2b84e6493875b3dc0366fd::Boardroom,false_positive,0.6434713957099858,0.639,0,1,allocateSeigniorage|claimReward|governanceRecoverUnsupported|initialize|stake
all_scope,concat,43,DAPP::DAppSCAN-source/contracts/PeckShield-DarkCrypto/darkcrypto-contracts-fee5be8d36459aebed2b84e6493875b3dc0366fd::DarkRewardPool,false_positive,0.7425998325599618,0.639,0,1,add|governanceRecoverUnsupported|withdraw
all_scope,concat,43,DAPP::DAppSCAN-source/contracts/PepperSec-Aira-Robonomic/robonomics_contracts-cc35a91de187072214d215262d8371f0159c2498::Ambix,false_positive,0.841587433377255,0.639,0,1,run
all_scope,concat,43,DAPP::DAppSCAN-source/contracts/PepperSec-Aira-Robonomic/robonomics_contracts-cc35a91de187072214d215262d8371f0159c2498::LiabilityFactory,false_positive,0.6650930972395701,0.639,0,1,createLiability|createLighthouse|liabilityFinalized
all_scope,concat,43,DAPP::DAppSCAN-source/contracts/PepperSec-Aira-Robonomic/robonomics_contracts-cc35a91de187072214d215262d8371f0159c2498::LighthouseLib,false_negative,0.5228427968719583,0.639,1,1,refill|withdraw
all_scope,concat,43,DAPP::DAppSCAN-source/contracts/PepperSec-Aira-Robonomic/robonomics_contracts-cc35a91de187072214d215262d8371f0159c2498::DutchAuction,false_positive,0.8009610162143135,0.639,0,1,bid|claimTokens|finalizeAuction|setup
all_scope,concat,43,DAPP::DAppSCAN-source/contracts/BlockSec-blocksec_impossible_finance_swap_v1.2/impossible-swap-core-29aaef89f996acdbee92b67c4d95fb608dc8b876::ImpossibleWrappedToken,false_negative,0.23238292716299497,0.639,1,1,_withdraw
all_scope,concat,43,DAPP::DAppSCAN-source/contracts/Solidified-Aztec Element Bridge/aztec-connect-bridges-ac2e7194b5887ea11a607b4cf8de0547b3d7fdd0::RollupProcessor,false_positive,0.6399150913856266,0.639,0,1,processAsyncDefiInteraction
all_scope,concat,43,DAPP::DAppSCAN-source/contracts/PeckShield-Duet/duet-collateral-contracts-92452dad092d6b5f76713484e30159b5fa75ea80::DYTokenERC20,false_negative,0.36002303779702477,0.639,1,1,withdraw
all_scope,concat,43,DAPP::DAppSCAN-source/contracts/consensys-GrowthDeFi WHEAT/wheat-v1-core-8360ac0a537589bb974e8a5a169bb3e7c95d2857::Exchange,false_negative,0.3758905494823271,0.639,1,0,
all_scope,concat,43,DAPP::DAppSCAN-source/contracts/SlowMist-ForTube2.0 Smart Contract Security Audit Report/bond-854527d0ea7ad2ddd3504b4d4ae3fcb57cb6445d::BondFactory,false_positive,0.6472202289267384,0.639,0,1,issue
all_scope,concat,43,DAPP::DAppSCAN-source/contracts/SlowMist-ForTube2.0 Smart Contract Security Audit Report/bond-854527d0ea7ad2ddd3504b4d4ae3fcb57cb6445d::BondData,false_positive,0.6788958164570477,0.639,0,1,deposit|initialDeposit|invest|liquidate|profit
all_scope,concat,43,DAPP::DAppSCAN-source/contracts/SlowMist-ForTube2.0 Smart Contract Security Audit Report/bond-854527d0ea7ad2ddd3504b4d4ae3fcb57cb6445d::PRA,false_negative,0.4792043144896068,0.639,1,1,lock|unlock
all_scope,concat,43,"DAPP::DAppSCAN-source/contracts/Coinfabrik-MintingFactoryV2, BaseUpgradableMarketplace & KODAV3UpgradableGatedMarketplace/known-origin-contracts-v3-d592c5f4fa4e0b6fc65a1fce43e302706aedf607::MintingFactoryV2",false_negative,0.29648669968491165,0.639,1,1,_authorizeUpgrade|_setAdmin|_setBeacon|_setImplementation|mintBatchEdition
all_scope,concat,43,"DAPP::DAppSCAN-source/contracts/Coinfabrik-MintingFactoryV2, BaseUpgradableMarketplace & KODAV3UpgradableGatedMarketplace/known-origin-contracts-v3-d592c5f4fa4e0b6fc65a1fce43e302706aedf607::ClaimableFundsReceiverV1",false_positive,0.7438330263737317,0.639,0,1,drain|drainERC20
all_scope,concat,43,"DAPP::DAppSCAN-source/contracts/Coinfabrik-MintingFactoryV2, BaseUpgradableMarketplace & KODAV3UpgradableGatedMarketplace/known-origin-contracts-v3-d592c5f4fa4e0b6fc65a1fce43e302706aedf607::ClaimableFundsSplitterV1",false_positive,0.7438330263737317,0.639,0,1,drain|drainERC20
all_scope,concat,43,"DAPP::DAppSCAN-source/contracts/Coinfabrik-MintingFactoryV2, BaseUpgradableMarketplace & KODAV3UpgradableGatedMarketplace/known-origin-contracts-v3-d592c5f4fa4e0b6fc65a1fce43e302706aedf607::RoyaltyImplV1R1",false_positive,0.7147582595530776,0.639,0,1,drain
all_scope,concat,43,"DAPP::DAppSCAN-source/contracts/Coinfabrik-MintingFactoryV2, BaseUpgradableMarketplace & KODAV3UpgradableGatedMarketplace/known-origin-contracts-v3-d592c5f4fa4e0b6fc65a1fce43e302706aedf607::RoyaltyImplV1R2",false_positive,0.7147582595530776,0.639,0,1,drain
all_scope,concat,43,"DAPP::DAppSCAN-source/contracts/Coinfabrik-MintingFactoryV2, BaseUpgradableMarketplace & KODAV3UpgradableGatedMarketplace/known-origin-contracts-v3-d592c5f4fa4e0b6fc65a1fce43e302706aedf607::FundsReceiver",false_positive,0.7147582595530776,0.639,0,1,drain
all_scope,concat,43,"DAPP::DAppSCAN-source/contracts/Coinfabrik-MintingFactoryV2, BaseUpgradableMarketplace & KODAV3UpgradableGatedMarketplace/known-origin-contracts-v3-d592c5f4fa4e0b6fc65a1fce43e302706aedf607::CollabFundsReceiver",false_positive,0.7996822570514739,0.639,0,1,drain|drainERC20|drainShare
all_scope,concat,43,FORGE::vfp_00156::SponsoredOFTSrcPeriphery,false_positive,0.8202120896412937,0.639,0,0,
all_scope,concat,43,DAPP::DAppSCAN-source/contracts/Solidity_Finance-OKLG - Smart Contract/contracts-e167d0d742d21bcc62d7a5b770a1f0ed1cf31eca::MTGYOKLGSwap,false_positive,0.6918421142799746,0.639,0,0,
all_scope,concat,43,DAPP::DAppSCAN-source/contracts/Solidity_Finance-OKLG - Smart Contract/contracts-e167d0d742d21bcc62d7a5b770a1f0ed1cf31eca::OKLGAtomicSwapInstance,false_positive,0.8020449615260344,0.639,0,1,fundSendToDestinationGas|receiveTokensFromSource|refundTokensFromSource|sendTokensToDestination|withdrawTokens
all_scope,concat,43,DAPP::DAppSCAN-source/contracts/Solidity_Finance-OKLG - Smart Contract/contracts-e167d0d742d21bcc62d7a5b770a1f0ed1cf31eca::OKLGFaaSToken,false_positive,0.8434164077680602,0.639,0,1,_harvestTokens|emergencyUnstake|removeStakeableTokens|stakeTokens|unstakeTokens
all_scope,concat,43,DAPP::DAppSCAN-source/contracts/Solidity_Finance-OKLG - Smart Contract/contracts-e167d0d742d21bcc62d7a5b770a1f0ed1cf31eca::OKLGPasswordManager,false_positive,0.676256251329546,0.639,0,1,addAccount|bulkAddAccounts
all_scope,concat,43,DAPP::DAppSCAN-source/contracts/Solidity_Finance-OKLG - Smart Contract/contracts-e167d0d742d21bcc62d7a5b770a1f0ed1cf31eca::OKLGAffiliate,false_positive,0.7375205172494318,0.639,0,1,pay
all_scope,concat,43,DAPP::DAppSCAN-source/contracts/Solidity_Finance-OKLG - Smart Contract/contracts-e167d0d742d21bcc62d7a5b770a1f0ed1cf31eca::OKLGDividendDistributor,false_positive,0.8335534106525246,0.639,0,1,depositDividends|setBoostContract|setBoostMultiplierContract|unstake
all_scope,concat,43,DAPP::DAppSCAN-source/contracts/Solidity_Finance-OKLG - Smart Contract/contracts-e167d0d742d21bcc62d7a5b770a1f0ed1cf31eca::OKLGTrustedTimestamping,false_positive,0.6986904213508561,0.639,0,0,
all_scope,concat,43,DAPP::DAppSCAN-source/contracts/Solidity_Finance-OKLG - Smart Contract/contracts-e167d0d742d21bcc62d7a5b770a1f0ed1cf31eca::OKLGAtomicSwap,false_positive,0.6418566760757575,0.639,0,0,
all_scope,concat,43,DAPP::DAppSCAN-source/contracts/Solidity_Finance-OKLG - Smart Contract/contracts-e167d0d742d21bcc62d7a5b770a1f0ed1cf31eca::KetherNFTLoaner,false_positive,0.7756339152865495,0.639,0,1,addPlot|loanPlot|removePlot
all_scope,concat,43,DAPP::DAppSCAN-source/contracts/Solidity_Finance-OKLG - Smart Contract/contracts-e167d0d742d21bcc62d7a5b770a1f0ed1cf31eca::OKLGRaffle,false_positive,0.8112419332959896,0.639,0,1,closeRaffleAndRefund|enterRaffle
all_scope,concat,43,DAPP::DAppSCAN-source/contracts/Solidified-Aztec Lido Bridge/aztec-connect-bridges-d5aca13d4d0a17b21eeddf77f49f4c6613461fb0::RollupProcessor,false_positive,0.6399530247223858,0.639,0,1,processAsyncDefiInteraction
all_scope,concat,43,DAPP::DAppSCAN-source/contracts/Solidified-Aztec Lido Bridge/aztec-connect-bridges-d5aca13d4d0a17b21eeddf77f49f4c6613461fb0::LidoBridge,false_negative,0.5009695018598582,0.639,1,1,unwrapETH|wrapETH
all_scope,concat,43,DAPP::DAppSCAN-source/contracts/Solidified-Aztec Lido Bridge/aztec-connect-bridges-d5aca13d4d0a17b21eeddf77f49f4c6613461fb0::ElementBridge,false_positive,0.674489855993805,0.639,0,1,finalise
all_scope,concat,43,DAPP::DAppSCAN-source/contracts/Hacken-Tenderize/tender-core-1fd606141625171fe792045ae9233890262d2d62::TokenFaucet,false_positive,0.7976051533357355,0.639,0,0,
all_scope,concat,43,DAPP::DAppSCAN-source/contracts/Hacken-Tenderize/tender-core-1fd606141625171fe792045ae9233890262d2d62::SwapUtils,false_positive,0.6395552009363932,0.639,0,1,swap
all_scope,concat,43,DAPP::DAppSCAN-source/contracts/Hacken-Tenderize/tender-core-1fd606141625171fe792045ae9233890262d2d62::Audius,false_positive,0.643133241952618,0.639,0,1,_initialize|_unstake|deposit|unstake
all_scope,concat,43,DAPP::DAppSCAN-source/contracts/Hacken-Tenderize/tender-core-1fd606141625171fe792045ae9233890262d2d62::Matic,false_negative,0.5821226652110955,0.639,1,1,_initialize|_stake|_unstake|deposit|unstake
all_scope,concat,43,DAPP::DAppSCAN-source/contracts/Hacken-Tenderize/tender-core-1fd606141625171fe792045ae9233890262d2d62::Livepeer,false_negative,0.6168106190168519,0.639,1,1,_initialize|_stake|_unstake|deposit|unstake
all_scope,concat,43,FORGE::vfp_00220::LiquidityPenaltyHook,false_positive,0.7560657312460306,0.639,0,0,
all_scope,concat,43,DAPP::DAppSCAN-source/contracts/consensys-The_LAO/moloch-4bc443f4dad60279b47978fc6987bb978d3dfc58::MolochPool,false_positive,0.7230540711580159,0.639,0,1,_withdraw|activate|sync
all_scope,concat,43,DAPP::DAppSCAN-source/contracts/consensys-The_LAO/moloch-4bc443f4dad60279b47978fc6987bb978d3dfc58::GnosisSafe,false_positive,0.6998787939033679,0.639,0,1,checkSignatures
all_scope,concat,43,DAPP::DAppSCAN-source/contracts/consensys-The_LAO/moloch-4bc443f4dad60279b47978fc6987bb978d3dfc58::ClaimsTokenERC20Extension,false_positive,0.6768154298520402,0.639,0,1,withdrawFunds
all_scope,concat,43,DAPP::DAppSCAN-source/contracts/Trail_of_Bits-Liquity/dev-f0df3efa5a5f05b205752184cfce107c5bd6e06c::BorrowerOperations,false_negative,0.5743985515949542,0.639,1,1,_adjustTrove
all_scope,concat,43,DAPP::DAppSCAN-source/contracts/Trail_of_Bits-Liquity/dev-f0df3efa5a5f05b205752184cfce107c5bd6e06c::SortedTroves,false_positive,0.7875456597721828,0.639,0,1,_insert|_remove
all_scope,concat,43,DAPP::DAppSCAN-source/contracts/Trail_of_Bits-Liquity/dev-f0df3efa5a5f05b205752184cfce107c5bd6e06c::LQTYStaking,false_positive,0.6470537829151018,0.639,0,0,
all_scope,concat,44,FORGE::vfp_00058::BasePositionManager,false_positive,0.7640848759039544,0.676,0,0,
all_scope,concat,44,FORGE::vfp_00058::LikwidLendPosition,false_positive,0.8353151570031997,0.676,0,0,
all_scope,concat,44,FORGE::vfp_00260::Arbitrum_Adapter,false_positive,0.798996302744292,0.676,0,0,
all_scope,concat,44,FORGE::vfp_00260::Ovm_WithdrawalHelper,false_positive,0.6846523422212236,0.676,0,0,
all_scope,concat,44,FORGE::vfp_00126::HubPool,false_positive,0.82796840036565,0.676,0,1,addLiquidity|claimProtocolFeesCaptured|disputeRootBundle|emergencyDeleteProposal|enableL1TokenForLiquidityProvision
all_scope,concat,44,FORGE::vfp_00126::Arbitrum_Adapter,false_positive,0.7772191032411244,0.676,0,0,
all_scope,concat,44,FORGE::vfp_00288::DelegationMetaSwapAdapter,false_negative,0.4171617779525675,0.676,1,1,swapTokens
all_scope,concat,44,DAPP::DAppSCAN-source/contracts/SlowMist-Booster-Protocol_智能安全审计报告/boosterProtocol-946b15629c410d706856584f3aa04001d6a55bd2::TenBankHall,false_positive,0.7494894334894389,0.676,0,1,addBox|addStrategy|deposit|depositLPToken|emergencyWithdraw
all_scope,concat,44,DAPP::DAppSCAN-source/contracts/SlowMist-Booster-Protocol_智能安全审计报告/boosterProtocol-946b15629c410d706856584f3aa04001d6a55bd2::BuybackBooToken,false_negative,0.6627682245313231,0.676,1,0,
all_scope,concat,44,DAPP::DAppSCAN-source/contracts/SlowMist-Booster-Protocol_智能安全审计报告/boosterProtocol-946b15629c410d706856584f3aa04001d6a55bd2::BOOPools,false_positive,0.7390618330795911,0.676,0,1,add|deposit|emergencyWithdraw|withdraw
all_scope,concat,44,DAPP::DAppSCAN-source/contracts/SlowMist-Booster-Protocol_智能安全审计报告/boosterProtocol-946b15629c410d706856584f3aa04001d6a55bd2::SafeBoxFilDa,false_positive,0.6878897691170007,0.676,0,1,_borrow|ctokenBorrow|ctokenDeposit|ctokenRepayBorrow|ctokenWithdraw
all_scope,concat,44,DAPP::DAppSCAN-source/contracts/SlowMist-Booster-Protocol_智能安全审计报告/boosterProtocol-946b15629c410d706856584f3aa04001d6a55bd2::SafeBoxFilDaETH,false_positive,0.6878897691170007,0.676,0,1,_borrow|ctokenBorrow|ctokenWithdraw|emergencyRepay|getBorrowId
all_scope,concat,44,DAPP::DAppSCAN-source/contracts/SlowMist-Booster-Protocol_智能安全审计报告/boosterProtocol-946b15629c410d706856584f3aa04001d6a55bd2::StrategyUtils,false_negative,0.37352159558226183,0.676,1,1,checkDepositLimit|checkLiquidationLimit
all_scope,concat,44,DAPP::DAppSCAN-source/contracts/Hacken-Powerbomb-V1/powerbomb-lite-0f86ff1eecdd723be733a9b33ff4ffa3bbdadcee::PowerBombAvaxCurve,false_negative,0.5482593445354803,0.676,1,1,_deposit|withdraw
all_scope,concat,44,DAPP::DAppSCAN-source/contracts/Hacken-Powerbomb-V1/powerbomb-lite-0f86ff1eecdd723be733a9b33ff4ffa3bbdadcee::PowerBombR,false_positive,0.6770966281758379,0.676,0,1,_deposit|withdraw
all_scope,concat,44,DAPP::DAppSCAN-source/contracts/PeckShield-DarkCrypto/darkcrypto-contracts-fee5be8d36459aebed2b84e6493875b3dc0366fd::Boardroom,false_positive,0.7078483577007413,0.676,0,1,allocateSeigniorage|claimReward|governanceRecoverUnsupported|initialize|stake
all_scope,concat,44,DAPP::DAppSCAN-source/contracts/PeckShield-DarkCrypto/darkcrypto-contracts-fee5be8d36459aebed2b84e6493875b3dc0366fd::DarkRewardPool,false_positive,0.7767899499680734,0.676,0,1,add|governanceRecoverUnsupported|withdraw
all_scope,concat,44,DAPP::DAppSCAN-source/contracts/PepperSec-Aira-Robonomic/robonomics_contracts-cc35a91de187072214d215262d8371f0159c2498::Ambix,false_positive,0.8879692499976137,0.676,0,1,run
all_scope,concat,44,DAPP::DAppSCAN-source/contracts/PepperSec-Aira-Robonomic/robonomics_contracts-cc35a91de187072214d215262d8371f0159c2498::LighthouseLib,false_negative,0.48929728163369124,0.676,1,1,refill|withdraw
all_scope,concat,44,DAPP::DAppSCAN-source/contracts/PepperSec-Aira-Robonomic/robonomics_contracts-cc35a91de187072214d215262d8371f0159c2498::DutchAuction,false_positive,0.8305313591943441,0.676,0,1,bid|claimTokens|finalizeAuction|setup
all_scope,concat,44,DAPP::DAppSCAN-source/contracts/BlockSec-blocksec_impossible_finance_swap_v1.2/impossible-swap-core-29aaef89f996acdbee92b67c4d95fb608dc8b876::ImpossibleWrappedToken,false_negative,0.19592996013080297,0.676,1,1,_withdraw
all_scope,concat,44,DAPP::DAppSCAN-source/contracts/Solidified-Aztec Element Bridge/aztec-connect-bridges-ac2e7194b5887ea11a607b4cf8de0547b3d7fdd0::RollupProcessor,false_positive,0.703781547750476,0.676,0,1,processAsyncDefiInteraction
all_scope,concat,44,DAPP::DAppSCAN-source/contracts/PeckShield-Duet/duet-collateral-contracts-92452dad092d6b5f76713484e30159b5fa75ea80::DYTokenERC20,false_negative,0.2530510328681767,0.676,1,1,withdraw
all_scope,concat,44,DAPP::DAppSCAN-source/contracts/consensys-GrowthDeFi WHEAT/wheat-v1-core-8360ac0a537589bb974e8a5a169bb3e7c95d2857::Exchange,false_negative,0.3514739736877005,0.676,1,0,
all_scope,concat,44,DAPP::DAppSCAN-source/contracts/SlowMist-ForTube2.0 Smart Contract Security Audit Report/bond-854527d0ea7ad2ddd3504b4d4ae3fcb57cb6445d::BondData,false_positive,0.6998386161228934,0.676,0,1,deposit|initialDeposit|invest|liquidate|profit
all_scope,concat,44,DAPP::DAppSCAN-source/contracts/SlowMist-ForTube2.0 Smart Contract Security Audit Report/bond-854527d0ea7ad2ddd3504b4d4ae3fcb57cb6445d::PRA,false_negative,0.34775423032126385,0.676,1,1,lock|unlock
all_scope,concat,44,"DAPP::DAppSCAN-source/contracts/Coinfabrik-MintingFactoryV2, BaseUpgradableMarketplace & KODAV3UpgradableGatedMarketplace/known-origin-contracts-v3-d592c5f4fa4e0b6fc65a1fce43e302706aedf607::MintingFactoryV2",false_negative,0.14150405485004894,0.676,1,1,_authorizeUpgrade|_setAdmin|_setBeacon|_setImplementation|mintBatchEdition
all_scope,concat,44,"DAPP::DAppSCAN-source/contracts/Coinfabrik-MintingFactoryV2, BaseUpgradableMarketplace & KODAV3UpgradableGatedMarketplace/known-origin-contracts-v3-d592c5f4fa4e0b6fc65a1fce43e302706aedf607::ClaimableFundsReceiverV1",false_positive,0.7853663787169937,0.676,0,1,drain|drainERC20
all_scope,concat,44,"DAPP::DAppSCAN-source/contracts/Coinfabrik-MintingFactoryV2, BaseUpgradableMarketplace & KODAV3UpgradableGatedMarketplace/known-origin-contracts-v3-d592c5f4fa4e0b6fc65a1fce43e302706aedf607::KODAV3UpgradableGatedMarketplace",false_positive,0.7020870220183933,0.676,0,1,_addPhaseToSale|_authorizeUpgrade|_setAdmin|_setBeacon|_setImplementation
all_scope,concat,44,"DAPP::DAppSCAN-source/contracts/Coinfabrik-MintingFactoryV2, BaseUpgradableMarketplace & KODAV3UpgradableGatedMarketplace/known-origin-contracts-v3-d592c5f4fa4e0b6fc65a1fce43e302706aedf607::ClaimableFundsSplitterV1",false_positive,0.7853663787169937,0.676,0,1,drain|drainERC20
all_scope,concat,44,"DAPP::DAppSCAN-source/contracts/Coinfabrik-MintingFactoryV2, BaseUpgradableMarketplace & KODAV3UpgradableGatedMarketplace/known-origin-contracts-v3-d592c5f4fa4e0b6fc65a1fce43e302706aedf607::RoyaltyImplV1R1",false_positive,0.7882983754585762,0.676,0,1,drain
all_scope,concat,44,"DAPP::DAppSCAN-source/contracts/Coinfabrik-MintingFactoryV2, BaseUpgradableMarketplace & KODAV3UpgradableGatedMarketplace/known-origin-contracts-v3-d592c5f4fa4e0b6fc65a1fce43e302706aedf607::RoyaltyImplV1R2",false_positive,0.7882983754585762,0.676,0,1,drain
all_scope,concat,44,"DAPP::DAppSCAN-source/contracts/Coinfabrik-MintingFactoryV2, BaseUpgradableMarketplace & KODAV3UpgradableGatedMarketplace/known-origin-contracts-v3-d592c5f4fa4e0b6fc65a1fce43e302706aedf607::FundsReceiver",false_positive,0.7882983754585762,0.676,0,1,drain
all_scope,concat,44,"DAPP::DAppSCAN-source/contracts/Coinfabrik-MintingFactoryV2, BaseUpgradableMarketplace & KODAV3UpgradableGatedMarketplace/known-origin-contracts-v3-d592c5f4fa4e0b6fc65a1fce43e302706aedf607::CollabFundsReceiver",false_positive,0.8339514620297181,0.676,0,1,drain|drainERC20|drainShare
all_scope,concat,44,FORGE::vfp_00156::SponsoredOFTSrcPeriphery,false_positive,0.8327837714545173,0.676,0,0,
all_scope,concat,44,DAPP::DAppSCAN-source/contracts/Solidity_Finance-OKLG - Smart Contract/contracts-e167d0d742d21bcc62d7a5b770a1f0ed1cf31eca::MTGYOKLGSwap,false_positive,0.7180507948320609,0.676,0,0,
all_scope,concat,44,DAPP::DAppSCAN-source/contracts/Solidity_Finance-OKLG - Smart Contract/contracts-e167d0d742d21bcc62d7a5b770a1f0ed1cf31eca::OKLGAtomicSwapInstance,false_positive,0.785431397802925,0.676,0,1,fundSendToDestinationGas|receiveTokensFromSource|refundTokensFromSource|sendTokensToDestination|withdrawTokens
all_scope,concat,44,DAPP::DAppSCAN-source/contracts/Solidity_Finance-OKLG - Smart Contract/contracts-e167d0d742d21bcc62d7a5b770a1f0ed1cf31eca::OKLGFaaSToken,false_positive,0.8580871145628893,0.676,0,1,_harvestTokens|emergencyUnstake|removeStakeableTokens|stakeTokens|unstakeTokens
all_scope,concat,44,DAPP::DAppSCAN-source/contracts/Solidity_Finance-OKLG - Smart Contract/contracts-e167d0d742d21bcc62d7a5b770a1f0ed1cf31eca::OKLGPasswordManager,false_positive,0.7194085563611278,0.676,0,1,addAccount|bulkAddAccounts
all_scope,concat,44,DAPP::DAppSCAN-source/contracts/Solidity_Finance-OKLG - Smart Contract/contracts-e167d0d742d21bcc62d7a5b770a1f0ed1cf31eca::OKLGAffiliate,false_positive,0.7942609976243741,0.676,0,1,pay
all_scope,concat,44,DAPP::DAppSCAN-source/contracts/Solidity_Finance-OKLG - Smart Contract/contracts-e167d0d742d21bcc62d7a5b770a1f0ed1cf31eca::OKLGDividendDistributor,false_positive,0.8645769413114612,0.676,0,1,depositDividends|setBoostContract|setBoostMultiplierContract|unstake
all_scope,concat,44,DAPP::DAppSCAN-source/contracts/Solidity_Finance-OKLG - Smart Contract/contracts-e167d0d742d21bcc62d7a5b770a1f0ed1cf31eca::OKLGTrustedTimestamping,false_positive,0.7113353035938822,0.676,0,0,
all_scope,concat,44,DAPP::DAppSCAN-source/contracts/Solidity_Finance-OKLG - Smart Contract/contracts-e167d0d742d21bcc62d7a5b770a1f0ed1cf31eca::KetherNFTLoaner,false_positive,0.7520075939150421,0.676,0,1,addPlot|loanPlot|removePlot
all_scope,concat,44,DAPP::DAppSCAN-source/contracts/Solidity_Finance-OKLG - Smart Contract/contracts-e167d0d742d21bcc62d7a5b770a1f0ed1cf31eca::OKLGRaffle,false_positive,0.8423795990599705,0.676,0,1,closeRaffleAndRefund|enterRaffle
all_scope,concat,44,DAPP::DAppSCAN-source/contracts/Solidified-Aztec Lido Bridge/aztec-connect-bridges-d5aca13d4d0a17b21eeddf77f49f4c6613461fb0::RollupProcessor,false_positive,0.704068469699813,0.676,0,1,processAsyncDefiInteraction
all_scope,concat,44,DAPP::DAppSCAN-source/contracts/Solidified-Aztec Lido Bridge/aztec-connect-bridges-d5aca13d4d0a17b21eeddf77f49f4c6613461fb0::LidoBridge,false_negative,0.3705941922365018,0.676,1,1,unwrapETH|wrapETH
all_scope,concat,44,DAPP::DAppSCAN-source/contracts/Solidified-Aztec Lido Bridge/aztec-connect-bridges-d5aca13d4d0a17b21eeddf77f49f4c6613461fb0::ElementBridge,false_positive,0.6889656175252613,0.676,0,1,finalise
all_scope,concat,44,DAPP::DAppSCAN-source/contracts/Hacken-Tenderize/tender-core-1fd606141625171fe792045ae9233890262d2d62::TokenFaucet,false_positive,0.8341159122618402,0.676,0,0,
all_scope,concat,44,DAPP::DAppSCAN-source/contracts/Hacken-Tenderize/tender-core-1fd606141625171fe792045ae9233890262d2d62::Audius,false_positive,0.6787602912273306,0.676,0,1,_initialize|_unstake|deposit|unstake
all_scope,concat,44,DAPP::DAppSCAN-source/contracts/Hacken-Tenderize/tender-core-1fd606141625171fe792045ae9233890262d2d62::Matic,false_negative,0.5563351821379795,0.676,1,1,_initialize|_stake|_unstake|deposit|unstake
all_scope,concat,44,DAPP::DAppSCAN-source/contracts/Hacken-Tenderize/tender-core-1fd606141625171fe792045ae9233890262d2d62::Livepeer,false_negative,0.6149941284919725,0.676,1,1,_initialize|_stake|_unstake|deposit|unstake
all_scope,concat,44,FORGE::vfp_00220::LiquidityPenaltyHook,false_positive,0.7298735393738927,0.676,0,0,
all_scope,concat,44,DAPP::DAppSCAN-source/contracts/consensys-The_LAO/moloch-4bc443f4dad60279b47978fc6987bb978d3dfc58::MolochPool,false_positive,0.7334272120390701,0.676,0,1,_withdraw|activate|sync
all_scope,concat,44,DAPP::DAppSCAN-source/contracts/consensys-The_LAO/moloch-4bc443f4dad60279b47978fc6987bb978d3dfc58::GnosisSafe,false_positive,0.6831143278067893,0.676,0,1,checkSignatures
all_scope,concat,44,DAPP::DAppSCAN-source/contracts/Trail_of_Bits-Liquity/dev-f0df3efa5a5f05b205752184cfce107c5bd6e06c::TroveManager,false_negative,0.6349005781746823,0.676,1,1,_requireLUSDBalanceCoversRedemption|_updateSystemSnapshots_excludeCollRemainder|batchLiquidateTroves
all_scope,concat,44,DAPP::DAppSCAN-source/contracts/Trail_of_Bits-Liquity/dev-f0df3efa5a5f05b205752184cfce107c5bd6e06c::BorrowerOperations,false_negative,0.48293056641200266,0.676,1,1,_adjustTrove
all_scope,concat,44,DAPP::DAppSCAN-source/contracts/Trail_of_Bits-Liquity/dev-f0df3efa5a5f05b205752184cfce107c5bd6e06c::SortedTroves,false_positive,0.7879983360054068,0.676,0,1,_insert|_remove
all_scope,concat,45,FORGE::vfp_00029::AntiSandwichHook,false_negative,0.8114520604000236,0.8190000000000001,1,0,
all_scope,concat,45,FORGE::vfp_00058::BasePositionManager,false_positive,0.8375195413192419,0.8190000000000001,0,0,
all_scope,concat,45,FORGE::vfp_00058::LikwidLendPosition,false_positive,0.8693262540186557,0.8190000000000001,0,0,
all_scope,concat,45,FORGE::vfp_00260::Router_Adapter,false_negative,0.755511064555858,0.8190000000000001,1,0,
all_scope,concat,45,FORGE::vfp_00126::HubPool,false_positive,0.8581606249750722,0.8190000000000001,0,1,addLiquidity|claimProtocolFeesCaptured|disputeRootBundle|emergencyDeleteProposal|enableL1TokenForLiquidityProvision
all_scope,concat,45,FORGE::vfp_00288::DelegationMetaSwapAdapter,false_negative,0.6600790788087527,0.8190000000000001,1,1,swapTokens
all_scope,concat,45,DAPP::DAppSCAN-source/contracts/SlowMist-Booster-Protocol_智能安全审计报告/boosterProtocol-946b15629c410d706856584f3aa04001d6a55bd2::BuybackBooToken,false_negative,0.8018896597777683,0.8190000000000001,1,0,
all_scope,concat,45,DAPP::DAppSCAN-source/contracts/SlowMist-Booster-Protocol_智能安全审计报告/boosterProtocol-946b15629c410d706856584f3aa04001d6a55bd2::BOOPools,false_positive,0.864105983634455,0.8190000000000001,0,1,add|deposit|emergencyWithdraw|withdraw
all_scope,concat,45,DAPP::DAppSCAN-source/contracts/SlowMist-Booster-Protocol_智能安全审计报告/boosterProtocol-946b15629c410d706856584f3aa04001d6a55bd2::ActionPools,false_positive,0.8280005576898612,0.8190000000000001,0,1,getBlocksReward
all_scope,concat,45,DAPP::DAppSCAN-source/contracts/SlowMist-Booster-Protocol_智能安全审计报告/boosterProtocol-946b15629c410d706856584f3aa04001d6a55bd2::SafeBoxFilDa,false_positive,0.8256418459468804,0.8190000000000001,0,1,_borrow|ctokenBorrow|ctokenDeposit|ctokenRepayBorrow|ctokenWithdraw
all_scope,concat,45,DAPP::DAppSCAN-source/contracts/SlowMist-Booster-Protocol_智能安全审计报告/boosterProtocol-946b15629c410d706856584f3aa04001d6a55bd2::SafeBoxFilDaETH,false_positive,0.8256418459468804,0.8190000000000001,0,1,_borrow|ctokenBorrow|ctokenWithdraw|emergencyRepay|getBorrowId
all_scope,concat,45,DAPP::DAppSCAN-source/contracts/SlowMist-Booster-Protocol_智能安全审计报告/boosterProtocol-946b15629c410d706856584f3aa04001d6a55bd2::StrategyUtils,false_negative,0.5611861266343786,0.8190000000000001,1,1,checkDepositLimit|checkLiquidationLimit
all_scope,concat,45,DAPP::DAppSCAN-source/contracts/Hacken-Powerbomb-V1/powerbomb-lite-0f86ff1eecdd723be733a9b33ff4ffa3bbdadcee::PowerBombAvaxCurve,false_negative,0.8033268692787536,0.8190000000000001,1,1,_deposit|withdraw
all_scope,concat,45,DAPP::DAppSCAN-source/contracts/PeckShield-DarkCrypto/darkcrypto-contracts-fee5be8d36459aebed2b84e6493875b3dc0366fd::DarkRewardPool,false_positive,0.8688129315834264,0.8190000000000001,0,1,add|governanceRecoverUnsupported|withdraw
all_scope,concat,45,DAPP::DAppSCAN-source/contracts/PepperSec-Aira-Robonomic/robonomics_contracts-cc35a91de187072214d215262d8371f0159c2498::Ambix,false_positive,0.8714278539694295,0.8190000000000001,0,1,run
all_scope,concat,45,DAPP::DAppSCAN-source/contracts/PepperSec-Aira-Robonomic/robonomics_contracts-cc35a91de187072214d215262d8371f0159c2498::LighthouseLib,false_negative,0.708914683516337,0.8190000000000001,1,1,refill|withdraw
all_scope,concat,45,DAPP::DAppSCAN-source/contracts/PepperSec-Aira-Robonomic/robonomics_contracts-cc35a91de187072214d215262d8371f0159c2498::DutchAuction,false_positive,0.8577456479309058,0.8190000000000001,0,1,bid|claimTokens|finalizeAuction|setup
all_scope,concat,45,DAPP::DAppSCAN-source/contracts/BlockSec-blocksec_impossible_finance_swap_v1.2/impossible-swap-core-29aaef89f996acdbee92b67c4d95fb608dc8b876::ImpossibleWrappedToken,false_negative,0.3892088607377975,0.8190000000000001,1,1,_withdraw
all_scope,concat,45,DAPP::DAppSCAN-source/contracts/PeckShield-Duet/duet-collateral-contracts-92452dad092d6b5f76713484e30159b5fa75ea80::DYTokenERC20,false_negative,0.49985506137133023,0.8190000000000001,1,1,withdraw
all_scope,concat,45,DAPP::DAppSCAN-source/contracts/consensys-GrowthDeFi WHEAT/wheat-v1-core-8360ac0a537589bb974e8a5a169bb3e7c95d2857::Exchange,false_negative,0.48343406512704445,0.8190000000000001,1,0,
all_scope,concat,45,DAPP::DAppSCAN-source/contracts/SlowMist-ForTube2.0 Smart Contract Security Audit Report/bond-854527d0ea7ad2ddd3504b4d4ae3fcb57cb6445d::PRA,false_negative,0.6348777254360533,0.8190000000000001,1,1,lock|unlock
all_scope,concat,45,"DAPP::DAppSCAN-source/contracts/Coinfabrik-MintingFactoryV2, BaseUpgradableMarketplace & KODAV3UpgradableGatedMarketplace/known-origin-contracts-v3-d592c5f4fa4e0b6fc65a1fce43e302706aedf607::MintingFactoryV2",false_negative,0.3775011269690205,0.8190000000000001,1,1,_authorizeUpgrade|_setAdmin|_setBeacon|_setImplementation|mintBatchEdition
all_scope,concat,45,"DAPP::DAppSCAN-source/contracts/Coinfabrik-MintingFactoryV2, BaseUpgradableMarketplace & KODAV3UpgradableGatedMarketplace/known-origin-contracts-v3-d592c5f4fa4e0b6fc65a1fce43e302706aedf607::ClaimableFundsReceiverV1",false_positive,0.8467739051037887,0.8190000000000001,0,1,drain|drainERC20
all_scope,concat,45,"DAPP::DAppSCAN-source/contracts/Coinfabrik-MintingFactoryV2, BaseUpgradableMarketplace & KODAV3UpgradableGatedMarketplace/known-origin-contracts-v3-d592c5f4fa4e0b6fc65a1fce43e302706aedf607::ClaimableFundsSplitterV1",false_positive,0.8467739051037887,0.8190000000000001,0,1,drain|drainERC20
all_scope,concat,45,"DAPP::DAppSCAN-source/contracts/Coinfabrik-MintingFactoryV2, BaseUpgradableMarketplace & KODAV3UpgradableGatedMarketplace/known-origin-contracts-v3-d592c5f4fa4e0b6fc65a1fce43e302706aedf607::CollabFundsReceiver",false_positive,0.871575863359448,0.8190000000000001,0,1,drain|drainERC20|drainShare
all_scope,concat,45,FORGE::vfp_00156::SponsoredOFTSrcPeriphery,false_positive,0.8502909488784659,0.8190000000000001,0,0,
all_scope,concat,45,DAPP::DAppSCAN-source/contracts/Solidity_Finance-OKLG - Smart Contract/contracts-e167d0d742d21bcc62d7a5b770a1f0ed1cf31eca::OKLGAtomicSwapInstance,false_positive,0.842722244548587,0.8190000000000001,0,1,fundSendToDestinationGas|receiveTokensFromSource|refundTokensFromSource|sendTokensToDestination|withdrawTokens
all_scope,concat,45,DAPP::DAppSCAN-source/contracts/Solidity_Finance-OKLG - Smart Contract/contracts-e167d0d742d21bcc62d7a5b770a1f0ed1cf31eca::OKLGFaaSToken,false_positive,0.8879405244672183,0.8190000000000001,0,1,_harvestTokens|emergencyUnstake|removeStakeableTokens|stakeTokens|unstakeTokens
all_scope,concat,45,DAPP::DAppSCAN-source/contracts/Solidity_Finance-OKLG - Smart Contract/contracts-e167d0d742d21bcc62d7a5b770a1f0ed1cf31eca::MTGYTokenLocker,false_negative,0.7883576141101356,0.8190000000000001,1,1,createLocker|withdrawLockedTokens
all_scope,concat,45,DAPP::DAppSCAN-source/contracts/Solidity_Finance-OKLG - Smart Contract/contracts-e167d0d742d21bcc62d7a5b770a1f0ed1cf31eca::OKLGAffiliate,false_positive,0.8308423578462112,0.8190000000000001,0,1,pay
all_scope,concat,45,DAPP::DAppSCAN-source/contracts/Solidity_Finance-OKLG - Smart Contract/contracts-e167d0d742d21bcc62d7a5b770a1f0ed1cf31eca::OKLGDividendDistributor,false_positive,0.8809345125100239,0.8190000000000001,0,1,depositDividends|setBoostContract|setBoostMultiplierContract|unstake
all_scope,concat,45,DAPP::DAppSCAN-source/contracts/Solidity_Finance-OKLG - Smart Contract/contracts-e167d0d742d21bcc62d7a5b770a1f0ed1cf31eca::KetherNFTLoaner,false_positive,0.8261850110311475,0.8190000000000001,0,1,addPlot|loanPlot|removePlot
all_scope,concat,45,DAPP::DAppSCAN-source/contracts/Solidity_Finance-OKLG - Smart Contract/contracts-e167d0d742d21bcc62d7a5b770a1f0ed1cf31eca::OKLGRaffle,false_positive,0.878963488840211,0.8190000000000001,0,1,closeRaffleAndRefund|enterRaffle
all_scope,concat,45,DAPP::DAppSCAN-source/contracts/Solidified-Aztec Lido Bridge/aztec-connect-bridges-d5aca13d4d0a17b21eeddf77f49f4c6613461fb0::LidoBridge,false_negative,0.6199253689621342,0.8190000000000001,1,1,unwrapETH|wrapETH
all_scope,concat,45,DAPP::DAppSCAN-source/contracts/Solidified-Aztec Lido Bridge/aztec-connect-bridges-d5aca13d4d0a17b21eeddf77f49f4c6613461fb0::ElementBridge,false_positive,0.8474087875180724,0.8190000000000001,0,1,finalise
all_scope,concat,45,DAPP::DAppSCAN-source/contracts/Hacken-Tenderize/tender-core-1fd606141625171fe792045ae9233890262d2d62::TokenFaucet,false_positive,0.8355281988665169,0.8190000000000001,0,0,
all_scope,concat,45,DAPP::DAppSCAN-source/contracts/Hacken-Tenderize/tender-core-1fd606141625171fe792045ae9233890262d2d62::Matic,false_negative,0.7605125266995536,0.8190000000000001,1,1,_initialize|_stake|_unstake|deposit|unstake
all_scope,concat,45,DAPP::DAppSCAN-source/contracts/Hacken-Tenderize/tender-core-1fd606141625171fe792045ae9233890262d2d62::Livepeer,false_negative,0.7820975596134715,0.8190000000000001,1,1,_initialize|_stake|_unstake|deposit|unstake
all_scope,concat,45,FORGE::vfp_00220::AntiSandwichHook,false_negative,0.8005133262703666,0.8190000000000001,1,0,
all_scope,concat,45,DAPP::DAppSCAN-source/contracts/consensys-The_LAO/moloch-4bc443f4dad60279b47978fc6987bb978d3dfc58::MolochPool,false_positive,0.8381237328523496,0.8190000000000001,0,1,_withdraw|activate|sync
all_scope,concat,45,DAPP::DAppSCAN-source/contracts/consensys-The_LAO/moloch-4bc443f4dad60279b47978fc6987bb978d3dfc58::GnosisSafe,false_positive,0.8255210849318658,0.8190000000000001,0,1,checkSignatures
all_scope,concat,45,DAPP::DAppSCAN-source/contracts/Trail_of_Bits-Liquity/dev-f0df3efa5a5f05b205752184cfce107c5bd6e06c::TroveManager,false_negative,0.8077693692100528,0.8190000000000001,1,1,_requireLUSDBalanceCoversRedemption|_updateSystemSnapshots_excludeCollRemainder|batchLiquidateTroves
all_scope,concat,45,DAPP::DAppSCAN-source/contracts/Trail_of_Bits-Liquity/dev-f0df3efa5a5f05b205752184cfce107c5bd6e06c::BorrowerOperations,false_negative,0.7471650377185369,0.8190000000000001,1,1,_adjustTrove
all_scope,concat,45,DAPP::DAppSCAN-source/contracts/Trail_of_Bits-Liquity/dev-f0df3efa5a5f05b205752184cfce107c5bd6e06c::SortedTroves,false_positive,0.8439170400289936,0.8190000000000001,0,1,_insert|_remove
all_scope,concat,46,FORGE::vfp_00058::BasePositionManager,false_positive,0.7962864554186009,0.712,0,0,
all_scope,concat,46,FORGE::vfp_00058::LikwidLendPosition,false_positive,0.8323688798992736,0.712,0,0,
all_scope,concat,46,FORGE::vfp_00260::Router_Adapter,false_negative,0.6569639550045622,0.712,1,0,
all_scope,concat,46,FORGE::vfp_00126::HubPool,false_positive,0.8181454493299164,0.712,0,1,addLiquidity|claimProtocolFeesCaptured|disputeRootBundle|emergencyDeleteProposal|enableL1TokenForLiquidityProvision
all_scope,concat,46,FORGE::vfp_00288::DelegationMetaSwapAdapter,false_negative,0.5008500489598429,0.712,1,1,swapTokens
all_scope,concat,46,DAPP::DAppSCAN-source/contracts/SlowMist-Booster-Protocol_智能安全审计报告/boosterProtocol-946b15629c410d706856584f3aa04001d6a55bd2::TenBankHall,false_positive,0.7263327911027047,0.712,0,1,addBox|addStrategy|deposit|depositLPToken|emergencyWithdraw
all_scope,concat,46,DAPP::DAppSCAN-source/contracts/SlowMist-Booster-Protocol_智能安全审计报告/boosterProtocol-946b15629c410d706856584f3aa04001d6a55bd2::BuybackBooToken,false_negative,0.5955877653131739,0.712,1,0,
all_scope,concat,46,DAPP::DAppSCAN-source/contracts/SlowMist-Booster-Protocol_智能安全审计报告/boosterProtocol-946b15629c410d706856584f3aa04001d6a55bd2::BOOPools,false_positive,0.7888668677027715,0.712,0,1,add|deposit|emergencyWithdraw|withdraw
all_scope,concat,46,DAPP::DAppSCAN-source/contracts/SlowMist-Booster-Protocol_智能安全审计报告/boosterProtocol-946b15629c410d706856584f3aa04001d6a55bd2::StrategyUtils,false_negative,0.3336997901551209,0.712,1,1,checkDepositLimit|checkLiquidationLimit
all_scope,concat,46,DAPP::DAppSCAN-source/contracts/Hacken-Powerbomb-V1/powerbomb-lite-0f86ff1eecdd723be733a9b33ff4ffa3bbdadcee::PowerBombAvaxCurve,false_negative,0.6550188008276241,0.712,1,1,_deposit|withdraw
all_scope,concat,46,DAPP::DAppSCAN-source/contracts/PeckShield-DarkCrypto/darkcrypto-contracts-fee5be8d36459aebed2b84e6493875b3dc0366fd::DarkRewardPool,false_positive,0.7991511806661696,0.712,0,1,add|governanceRecoverUnsupported|withdraw
all_scope,concat,46,DAPP::DAppSCAN-source/contracts/PepperSec-Aira-Robonomic/robonomics_contracts-cc35a91de187072214d215262d8371f0159c2498::Ambix,false_positive,0.8443691262849278,0.712,0,1,run
all_scope,concat,46,DAPP::DAppSCAN-source/contracts/PepperSec-Aira-Robonomic/robonomics_contracts-cc35a91de187072214d215262d8371f0159c2498::LighthouseLib,false_negative,0.5383293705436019,0.712,1,1,refill|withdraw
all_scope,concat,46,DAPP::DAppSCAN-source/contracts/PepperSec-Aira-Robonomic/robonomics_contracts-cc35a91de187072214d215262d8371f0159c2498::DutchAuction,false_positive,0.795334718667914,0.712,0,1,bid|claimTokens|finalizeAuction|setup
all_scope,concat,46,DAPP::DAppSCAN-source/contracts/BlockSec-blocksec_impossible_finance_swap_v1.2/impossible-swap-core-29aaef89f996acdbee92b67c4d95fb608dc8b876::ImpossibleWrappedToken,false_negative,0.16582285242336642,0.712,1,1,_withdraw
all_scope,concat,46,DAPP::DAppSCAN-source/contracts/PeckShield-Duet/duet-collateral-contracts-92452dad092d6b5f76713484e30159b5fa75ea80::DYTokenERC20,false_negative,0.30003490124180626,0.712,1,1,withdraw
all_scope,concat,46,DAPP::DAppSCAN-source/contracts/consensys-GrowthDeFi WHEAT/wheat-v1-core-8360ac0a537589bb974e8a5a169bb3e7c95d2857::Exchange,false_negative,0.20186599667138502,0.712,1,0,
all_scope,concat,46,DAPP::DAppSCAN-source/contracts/SlowMist-ForTube2.0 Smart Contract Security Audit Report/bond-854527d0ea7ad2ddd3504b4d4ae3fcb57cb6445d::BondData,false_positive,0.7248297747920385,0.712,0,1,deposit|initialDeposit|invest|liquidate|profit
all_scope,concat,46,DAPP::DAppSCAN-source/contracts/SlowMist-ForTube2.0 Smart Contract Security Audit Report/bond-854527d0ea7ad2ddd3504b4d4ae3fcb57cb6445d::PRA,false_negative,0.443017078588222,0.712,1,1,lock|unlock
all_scope,concat,46,"DAPP::DAppSCAN-source/contracts/Coinfabrik-MintingFactoryV2, BaseUpgradableMarketplace & KODAV3UpgradableGatedMarketplace/known-origin-contracts-v3-d592c5f4fa4e0b6fc65a1fce43e302706aedf607::MintingFactoryV2",false_negative,0.19585914892412962,0.712,1,1,_authorizeUpgrade|_setAdmin|_setBeacon|_setImplementation|mintBatchEdition
all_scope,concat,46,"DAPP::DAppSCAN-source/contracts/Coinfabrik-MintingFactoryV2, BaseUpgradableMarketplace & KODAV3UpgradableGatedMarketplace/known-origin-contracts-v3-d592c5f4fa4e0b6fc65a1fce43e302706aedf607::ClaimableFundsReceiverV1",false_positive,0.7964927276373581,0.712,0,1,drain|drainERC20
all_scope,concat,46,"DAPP::DAppSCAN-source/contracts/Coinfabrik-MintingFactoryV2, BaseUpgradableMarketplace & KODAV3UpgradableGatedMarketplace/known-origin-contracts-v3-d592c5f4fa4e0b6fc65a1fce43e302706aedf607::ClaimableFundsSplitterV1",false_positive,0.7964927276373581,0.712,0,1,drain|drainERC20
all_scope,concat,46,"DAPP::DAppSCAN-source/contracts/Coinfabrik-MintingFactoryV2, BaseUpgradableMarketplace & KODAV3UpgradableGatedMarketplace/known-origin-contracts-v3-d592c5f4fa4e0b6fc65a1fce43e302706aedf607::RoyaltyImplV1R1",false_positive,0.7737575433713297,0.712,0,1,drain
all_scope,concat,46,"DAPP::DAppSCAN-source/contracts/Coinfabrik-MintingFactoryV2, BaseUpgradableMarketplace & KODAV3UpgradableGatedMarketplace/known-origin-contracts-v3-d592c5f4fa4e0b6fc65a1fce43e302706aedf607::RoyaltyImplV1R2",false_positive,0.7737575433713297,0.712,0,1,drain
all_scope,concat,46,"DAPP::DAppSCAN-source/contracts/Coinfabrik-MintingFactoryV2, BaseUpgradableMarketplace & KODAV3UpgradableGatedMarketplace/known-origin-contracts-v3-d592c5f4fa4e0b6fc65a1fce43e302706aedf607::FundsReceiver",false_positive,0.7737575433713297,0.712,0,1,drain
all_scope,concat,46,"DAPP::DAppSCAN-source/contracts/Coinfabrik-MintingFactoryV2, BaseUpgradableMarketplace & KODAV3UpgradableGatedMarketplace/known-origin-contracts-v3-d592c5f4fa4e0b6fc65a1fce43e302706aedf607::CollabFundsReceiver",false_positive,0.8295039201226041,0.712,0,1,drain|drainERC20|drainShare
all_scope,concat,46,FORGE::vfp_00156::SponsoredOFTSrcPeriphery,false_positive,0.8051175877893153,0.712,0,0,
all_scope,concat,46,DAPP::DAppSCAN-source/contracts/Solidity_Finance-OKLG - Smart Contract/contracts-e167d0d742d21bcc62d7a5b770a1f0ed1cf31eca::OKLGAtomicSwapInstance,false_positive,0.7577511558122018,0.712,0,1,fundSendToDestinationGas|receiveTokensFromSource|refundTokensFromSource|sendTokensToDestination|withdrawTokens
all_scope,concat,46,DAPP::DAppSCAN-source/contracts/Solidity_Finance-OKLG - Smart Contract/contracts-e167d0d742d21bcc62d7a5b770a1f0ed1cf31eca::OKLGFaaSToken,false_positive,0.8444232108342102,0.712,0,1,_harvestTokens|emergencyUnstake|removeStakeableTokens|stakeTokens|unstakeTokens
all_scope,concat,46,DAPP::DAppSCAN-source/contracts/Solidity_Finance-OKLG - Smart Contract/contracts-e167d0d742d21bcc62d7a5b770a1f0ed1cf31eca::OKLGAffiliate,false_positive,0.7533613678122096,0.712,0,1,pay
all_scope,concat,46,DAPP::DAppSCAN-source/contracts/Solidity_Finance-OKLG - Smart Contract/contracts-e167d0d742d21bcc62d7a5b770a1f0ed1cf31eca::OKLGDividendDistributor,false_positive,0.8397611752151681,0.712,0,1,depositDividends|setBoostContract|setBoostMultiplierContract|unstake
all_scope,concat,46,DAPP::DAppSCAN-source/contracts/Solidity_Finance-OKLG - Smart Contract/contracts-e167d0d742d21bcc62d7a5b770a1f0ed1cf31eca::KetherNFTLoaner,false_positive,0.7183040642770298,0.712,0,1,addPlot|loanPlot|removePlot
all_scope,concat,46,DAPP::DAppSCAN-source/contracts/Solidity_Finance-OKLG - Smart Contract/contracts-e167d0d742d21bcc62d7a5b770a1f0ed1cf31eca::OKLGRaffle,false_positive,0.8289415298142774,0.712,0,1,closeRaffleAndRefund|enterRaffle
all_scope,concat,46,DAPP::DAppSCAN-source/contracts/Solidified-Aztec Lido Bridge/aztec-connect-bridges-d5aca13d4d0a17b21eeddf77f49f4c6613461fb0::LidoBridge,false_negative,0.3057717463611752,0.712,1,1,unwrapETH|wrapETH
all_scope,concat,46,DAPP::DAppSCAN-source/contracts/Hacken-Tenderize/tender-core-1fd606141625171fe792045ae9233890262d2d62::TokenFaucet,false_positive,0.7949772682520219,0.712,0,0,
all_scope,concat,46,DAPP::DAppSCAN-source/contracts/Hacken-Tenderize/tender-core-1fd606141625171fe792045ae9233890262d2d62::Matic,false_negative,0.5065406457227788,0.712,1,1,_initialize|_stake|_unstake|deposit|unstake
all_scope,concat,46,DAPP::DAppSCAN-source/contracts/Hacken-Tenderize/tender-core-1fd606141625171fe792045ae9233890262d2d62::Livepeer,false_negative,0.5423451334992154,0.712,1,1,_initialize|_stake|_unstake|deposit|unstake
all_scope,concat,46,DAPP::DAppSCAN-source/contracts/Hacken-Tenderize/tender-core-1fd606141625171fe792045ae9233890262d2d62::Graph,false_negative,0.6677487891413308,0.712,1,1,_initialize|_unstake|deposit|unstake
all_scope,concat,46,FORGE::vfp_00220::LiquidityPenaltyHook,false_positive,0.7451779842228445,0.712,0,0,
all_scope,concat,46,DAPP::DAppSCAN-source/contracts/consensys-The_LAO/moloch-4bc443f4dad60279b47978fc6987bb978d3dfc58::MolochPool,false_positive,0.7531798476169106,0.712,0,1,_withdraw|activate|sync
all_scope,concat,46,DAPP::DAppSCAN-source/contracts/consensys-The_LAO/moloch-4bc443f4dad60279b47978fc6987bb978d3dfc58::GnosisSafe,false_positive,0.7224568685092068,0.712,0,1,checkSignatures
all_scope,concat,46,DAPP::DAppSCAN-source/contracts/Trail_of_Bits-Liquity/dev-f0df3efa5a5f05b205752184cfce107c5bd6e06c::TroveManager,false_negative,0.5830383738782264,0.712,1,1,_requireLUSDBalanceCoversRedemption|_updateSystemSnapshots_excludeCollRemainder|batchLiquidateTroves
all_scope,concat,46,DAPP::DAppSCAN-source/contracts/Trail_of_Bits-Liquity/dev-f0df3efa5a5f05b205752184cfce107c5bd6e06c::BorrowerOperations,false_negative,0.38128326808809004,0.712,1,1,_adjustTrove
all_scope,concat,46,DAPP::DAppSCAN-source/contracts/Trail_of_Bits-Liquity/dev-f0df3efa5a5f05b205752184cfce107c5bd6e06c::SortedTroves,false_positive,0.8140688103133374,0.712,0,1,_insert|_remove
reentrancy_only,gated,42,FORGE::vfp_00058::BasePositionManager,false_positive,0.7915351095887362,0.156,0,0,
reentrancy_only,gated,42,FORGE::vfp_00058::LikwidLendPosition,false_positive,0.8038555541040682,0.156,0,0,
reentrancy_only,gated,42,FORGE::vfp_00260::Arbitrum_Adapter,false_positive,0.1649165915110824,0.156,0,0,
reentrancy_only,gated,42,FORGE::vfp_00260::Router_Adapter,false_negative,0.14841046912120473,0.156,1,0,
reentrancy_only,gated,42,FORGE::vfp_00126::HubPool,false_positive,0.16572026245413074,0.156,0,1,addLiquidity|claimProtocolFeesCaptured|disputeRootBundle|emergencyDeleteProposal|enableL1TokenForLiquidityProvision
reentrancy_only,gated,42,FORGE::vfp_00126::Arbitrum_Adapter,false_positive,0.21472108608878446,0.156,0,0,
reentrancy_only,gated,42,DAPP::DAppSCAN-source/contracts/SlowMist-Booster-Protocol_智能安全审计报告/boosterProtocol-946b15629c410d706856584f3aa04001d6a55bd2::TenBankHall,false_positive,0.22055794287845326,0.156,0,1,addBox|addStrategy|deposit|depositLPToken|emergencyWithdraw
reentrancy_only,gated,42,DAPP::DAppSCAN-source/contracts/SlowMist-Booster-Protocol_智能安全审计报告/boosterProtocol-946b15629c410d706856584f3aa04001d6a55bd2::BOOPools,false_positive,0.6572789618488053,0.156,0,1,add|deposit|emergencyWithdraw|withdraw
reentrancy_only,gated,42,DAPP::DAppSCAN-source/contracts/SlowMist-Booster-Protocol_智能安全审计报告/boosterProtocol-946b15629c410d706856584f3aa04001d6a55bd2::ActionPools,false_positive,0.6606377591205532,0.156,0,1,getBlocksReward
reentrancy_only,gated,42,DAPP::DAppSCAN-source/contracts/Hacken-Powerbomb-V1/powerbomb-lite-0f86ff1eecdd723be733a9b33ff4ffa3bbdadcee::PowerBombAvaxCurve,false_negative,0.08460072399374989,0.156,1,1,_deposit|withdraw
reentrancy_only,gated,42,DAPP::DAppSCAN-source/contracts/PeckShield-DarkCrypto/darkcrypto-contracts-fee5be8d36459aebed2b84e6493875b3dc0366fd::DarkRewardPool,false_positive,0.7840963313085443,0.156,0,1,add|governanceRecoverUnsupported|withdraw
reentrancy_only,gated,42,DAPP::DAppSCAN-source/contracts/PepperSec-Aira-Robonomic/robonomics_contracts-cc35a91de187072214d215262d8371f0159c2498::Ambix,false_positive,0.6930749456642892,0.156,0,1,run
reentrancy_only,gated,42,DAPP::DAppSCAN-source/contracts/PepperSec-Aira-Robonomic/robonomics_contracts-cc35a91de187072214d215262d8371f0159c2498::LiabilityFactory,false_positive,0.32417054747159696,0.156,0,1,createLiability|createLighthouse|liabilityFinalized
reentrancy_only,gated,42,DAPP::DAppSCAN-source/contracts/PepperSec-Aira-Robonomic/robonomics_contracts-cc35a91de187072214d215262d8371f0159c2498::DutchAuction,false_positive,0.4474608445433959,0.156,0,1,bid|claimTokens|finalizeAuction|setup
reentrancy_only,gated,42,DAPP::DAppSCAN-source/contracts/BlockSec-blocksec_impossible_finance_swap_v1.2/impossible-swap-core-29aaef89f996acdbee92b67c4d95fb608dc8b876::ImpossibleWrappedToken,false_negative,0.0737891599958921,0.156,1,1,_withdraw
reentrancy_only,gated,42,DAPP::DAppSCAN-source/contracts/BlockSec-blocksec_impossible_finance_swap_v1.2/impossible-swap-core-29aaef89f996acdbee92b67c4d95fb608dc8b876::WETH9,false_positive,0.47932628272342515,0.156,0,1,withdraw
reentrancy_only,gated,42,DAPP::DAppSCAN-source/contracts/Solidified-Aztec Element Bridge/aztec-connect-bridges-ac2e7194b5887ea11a607b4cf8de0547b3d7fdd0::RollupProcessor,false_positive,0.7747844294333022,0.156,0,1,processAsyncDefiInteraction
reentrancy_only,gated,42,DAPP::DAppSCAN-source/contracts/PeckShield-Duet/duet-collateral-contracts-92452dad092d6b5f76713484e30159b5fa75ea80::AppController,false_positive,0.21860150014666235,0.156,0,1,exitVault|joinVault|liquidate|setStrategy|setVault
reentrancy_only,gated,42,DAPP::DAppSCAN-source/contracts/PeckShield-Duet/duet-collateral-contracts-92452dad092d6b5f76713484e30159b5fa75ea80::Reader,false_positive,0.21937635149424606,0.156,0,0,
reentrancy_only,gated,42,DAPP::DAppSCAN-source/contracts/PeckShield-Duet/duet-collateral-contracts-92452dad092d6b5f76713484e30159b5fa75ea80::DepositVaultBase,false_positive,0.16568469838051494,0.156,0,1,_deposit|_liquidate|_withdraw
reentrancy_only,gated,42,DAPP::DAppSCAN-source/contracts/PeckShield-Duet/duet-collateral-contracts-92452dad092d6b5f76713484e30159b5fa75ea80::MintVaultBase,false_positive,0.17107978664862739,0.156,0,1,_borrow|_liquidate|_repayFor
reentrancy_only,gated,42,DAPP::DAppSCAN-source/contracts/consensys-GrowthDeFi WHEAT/wheat-v1-core-8360ac0a537589bb974e8a5a169bb3e7c95d2857::Exchange,false_negative,0.05199171672690445,0.156,1,0,
reentrancy_only,gated,42,DAPP::DAppSCAN-source/contracts/SlowMist-ForTube2.0 Smart Contract Security Audit Report/bond-854527d0ea7ad2ddd3504b4d4ae3fcb57cb6445d::BondData,false_positive,0.18354938578775157,0.156,0,1,deposit|initialDeposit|invest|liquidate|profit
reentrancy_only,gated,42,DAPP::DAppSCAN-source/contracts/SlowMist-ForTube2.0 Smart Contract Security Audit Report/bond-854527d0ea7ad2ddd3504b4d4ae3fcb57cb6445d::Verify,false_positive,0.49078717614483797,0.156,0,0,
reentrancy_only,gated,42,DAPP::DAppSCAN-source/contracts/SlowMist-ForTube2.0 Smart Contract Security Audit Report/bond-854527d0ea7ad2ddd3504b4d4ae3fcb57cb6445d::ACL,false_positive,0.3197459113204812,0.156,0,0,
reentrancy_only,gated,42,"DAPP::DAppSCAN-source/contracts/Coinfabrik-MintingFactoryV2, BaseUpgradableMarketplace & KODAV3UpgradableGatedMarketplace/known-origin-contracts-v3-d592c5f4fa4e0b6fc65a1fce43e302706aedf607::MintingFactoryV2",false_negative,0.04291803699319352,0.156,1,1,_authorizeUpgrade|_setAdmin|_setBeacon|_setImplementation|mintBatchEdition
reentrancy_only,gated,42,"DAPP::DAppSCAN-source/contracts/Coinfabrik-MintingFactoryV2, BaseUpgradableMarketplace & KODAV3UpgradableGatedMarketplace/known-origin-contracts-v3-d592c5f4fa4e0b6fc65a1fce43e302706aedf607::MintingFactory",false_positive,0.15745190432511905,0.156,0,1,mintBatchEdition|mintBatchEditionAndComposeERC20s|mintBatchEditionAndComposeERC20sAsProxy|mintBatchEditionAsProxy|mintConsecutiveBatchEdition
reentrancy_only,gated,42,"DAPP::DAppSCAN-source/contracts/Coinfabrik-MintingFactoryV2, BaseUpgradableMarketplace & KODAV3UpgradableGatedMarketplace/known-origin-contracts-v3-d592c5f4fa4e0b6fc65a1fce43e302706aedf607::CollabRoyaltiesRegistry",false_positive,0.4426331298005073,0.156,0,1,usePredeterminedRoyaltiesRecipient
reentrancy_only,gated,42,"DAPP::DAppSCAN-source/contracts/Coinfabrik-MintingFactoryV2, BaseUpgradableMarketplace & KODAV3UpgradableGatedMarketplace/known-origin-contracts-v3-d592c5f4fa4e0b6fc65a1fce43e302706aedf607::TopDownSimpleERC721Composable",false_positive,0.1855632009589934,0.156,0,1,composeNFTsIntoKodaTokens|transferChild
reentrancy_only,gated,42,"DAPP::DAppSCAN-source/contracts/Coinfabrik-MintingFactoryV2, BaseUpgradableMarketplace & KODAV3UpgradableGatedMarketplace/known-origin-contracts-v3-d592c5f4fa4e0b6fc65a1fce43e302706aedf607::ClaimableFundsReceiverV1",false_positive,0.678725940562454,0.156,0,1,drain|drainERC20
reentrancy_only,gated,42,"DAPP::DAppSCAN-source/contracts/Coinfabrik-MintingFactoryV2, BaseUpgradableMarketplace & KODAV3UpgradableGatedMarketplace/known-origin-contracts-v3-d592c5f4fa4e0b6fc65a1fce43e302706aedf607::ClaimableFundsSplitterV1",false_positive,0.678725940562454,0.156,0,1,drain|drainERC20
reentrancy_only,gated,42,"DAPP::DAppSCAN-source/contracts/Coinfabrik-MintingFactoryV2, BaseUpgradableMarketplace & KODAV3UpgradableGatedMarketplace/known-origin-contracts-v3-d592c5f4fa4e0b6fc65a1fce43e302706aedf607::KODAV3SignatureMarketplace",false_positive,0.25212170791527605,0.156,0,0,
reentrancy_only,gated,42,"DAPP::DAppSCAN-source/contracts/Coinfabrik-MintingFactoryV2, BaseUpgradableMarketplace & KODAV3UpgradableGatedMarketplace/known-origin-contracts-v3-d592c5f4fa4e0b6fc65a1fce43e302706aedf607::TokenRoyaltiesRegistry",false_positive,0.44505615746705357,0.156,0,1,confirm|reject
reentrancy_only,gated,42,"DAPP::DAppSCAN-source/contracts/Coinfabrik-MintingFactoryV2, BaseUpgradableMarketplace & KODAV3UpgradableGatedMarketplace/known-origin-contracts-v3-d592c5f4fa4e0b6fc65a1fce43e302706aedf607::NFTPermit",false_positive,0.31850953832721396,0.156,0,1,permit
reentrancy_only,gated,42,"DAPP::DAppSCAN-source/contracts/Coinfabrik-MintingFactoryV2, BaseUpgradableMarketplace & KODAV3UpgradableGatedMarketplace/known-origin-contracts-v3-d592c5f4fa4e0b6fc65a1fce43e302706aedf607::CloneBasedRegistry",false_positive,0.263853556514013,0.156,0,0,
reentrancy_only,gated,42,"DAPP::DAppSCAN-source/contracts/Coinfabrik-MintingFactoryV2, BaseUpgradableMarketplace & KODAV3UpgradableGatedMarketplace/known-origin-contracts-v3-d592c5f4fa4e0b6fc65a1fce43e302706aedf607::BeaconBasedRegistry",false_positive,0.3494236120910154,0.156,0,1,setupRoyalty
reentrancy_only,gated,42,"DAPP::DAppSCAN-source/contracts/Coinfabrik-MintingFactoryV2, BaseUpgradableMarketplace & KODAV3UpgradableGatedMarketplace/known-origin-contracts-v3-d592c5f4fa4e0b6fc65a1fce43e302706aedf607::RoyaltyImplV1R1",false_positive,0.7002527542270219,0.156,0,1,drain
reentrancy_only,gated,42,"DAPP::DAppSCAN-source/contracts/Coinfabrik-MintingFactoryV2, BaseUpgradableMarketplace & KODAV3UpgradableGatedMarketplace/known-origin-contracts-v3-d592c5f4fa4e0b6fc65a1fce43e302706aedf607::RoyaltyImplV1R2",false_positive,0.7002527542270219,0.156,0,1,drain
reentrancy_only,gated,42,"DAPP::DAppSCAN-source/contracts/Coinfabrik-MintingFactoryV2, BaseUpgradableMarketplace & KODAV3UpgradableGatedMarketplace/known-origin-contracts-v3-d592c5f4fa4e0b6fc65a1fce43e302706aedf607::FundsReceiver",false_positive,0.7003000434670794,0.156,0,1,drain
reentrancy_only,gated,42,"DAPP::DAppSCAN-source/contracts/Coinfabrik-MintingFactoryV2, BaseUpgradableMarketplace & KODAV3UpgradableGatedMarketplace/known-origin-contracts-v3-d592c5f4fa4e0b6fc65a1fce43e302706aedf607::CollabFundsReceiver",false_positive,0.7389586432560523,0.156,0,1,drain|drainERC20|drainShare
reentrancy_only,gated,42,FORGE::vfp_00156::SponsoredOFTSrcPeriphery,false_positive,0.611766316466518,0.156,0,0,
reentrancy_only,gated,42,DAPP::DAppSCAN-source/contracts/Solidity_Finance-OKLG - Smart Contract/contracts-e167d0d742d21bcc62d7a5b770a1f0ed1cf31eca::OKLGAtomicSwapInstance,false_positive,0.3338282216295961,0.156,0,1,fundSendToDestinationGas|receiveTokensFromSource|refundTokensFromSource|sendTokensToDestination|withdrawTokens
reentrancy_only,gated,42,DAPP::DAppSCAN-source/contracts/Solidity_Finance-OKLG - Smart Contract/contracts-e167d0d742d21bcc62d7a5b770a1f0ed1cf31eca::OKLGAirdropper,false_positive,0.19421342663902239,0.156,0,0,
reentrancy_only,gated,42,DAPP::DAppSCAN-source/contracts/Solidity_Finance-OKLG - Smart Contract/contracts-e167d0d742d21bcc62d7a5b770a1f0ed1cf31eca::OKLGFaaSToken,false_positive,0.45189228766662287,0.156,0,1,_harvestTokens|emergencyUnstake|removeStakeableTokens|stakeTokens|unstakeTokens
reentrancy_only,gated,42,DAPP::DAppSCAN-source/contracts/Solidity_Finance-OKLG - Smart Contract/contracts-e167d0d742d21bcc62d7a5b770a1f0ed1cf31eca::OKLGSpend,false_positive,0.2714095139836701,0.156,0,1,spendOnProduct
reentrancy_only,gated,42,DAPP::DAppSCAN-source/contracts/Solidity_Finance-OKLG - Smart Contract/contracts-e167d0d742d21bcc62d7a5b770a1f0ed1cf31eca::OKLGPasswordManager,false_positive,0.8840319002990115,0.156,0,1,addAccount|bulkAddAccounts
reentrancy_only,gated,42,DAPP::DAppSCAN-source/contracts/Solidity_Finance-OKLG - Smart Contract/contracts-e167d0d742d21bcc62d7a5b770a1f0ed1cf31eca::OKLGAffiliate,false_positive,0.5993453099460448,0.156,0,1,pay
reentrancy_only,gated,42,DAPP::DAppSCAN-source/contracts/Solidity_Finance-OKLG - Smart Contract/contracts-e167d0d742d21bcc62d7a5b770a1f0ed1cf31eca::OKLGFaaS,false_positive,0.1705294472870956,0.156,0,1,removeTokenContract
reentrancy_only,gated,42,DAPP::DAppSCAN-source/contracts/Solidity_Finance-OKLG - Smart Contract/contracts-e167d0d742d21bcc62d7a5b770a1f0ed1cf31eca::OKLGDividendDistributor,false_positive,0.22204603435564046,0.156,0,1,depositDividends|setBoostContract|setBoostMultiplierContract|unstake
reentrancy_only,gated,42,DAPP::DAppSCAN-source/contracts/Solidity_Finance-OKLG - Smart Contract/contracts-e167d0d742d21bcc62d7a5b770a1f0ed1cf31eca::OKLGTrustedTimestamping,false_positive,0.8630176252002764,0.156,0,0,
reentrancy_only,gated,42,DAPP::DAppSCAN-source/contracts/Solidity_Finance-OKLG - Smart Contract/contracts-e167d0d742d21bcc62d7a5b770a1f0ed1cf31eca::OKLGAtomicSwap,false_positive,0.22408734675061417,0.156,0,0,
reentrancy_only,gated,42,DAPP::DAppSCAN-source/contracts/Solidity_Finance-OKLG - Smart Contract/contracts-e167d0d742d21bcc62d7a5b770a1f0ed1cf31eca::KetherNFTLoaner,false_positive,0.4081872395880972,0.156,0,1,addPlot|loanPlot|removePlot
reentrancy_only,gated,42,DAPP::DAppSCAN-source/contracts/Solidity_Finance-OKLG - Smart Contract/contracts-e167d0d742d21bcc62d7a5b770a1f0ed1cf31eca::OKLGBuybot,false_positive,0.24267390396590555,0.156,0,1,pay
reentrancy_only,gated,42,DAPP::DAppSCAN-source/contracts/Solidity_Finance-OKLG - Smart Contract/contracts-e167d0d742d21bcc62d7a5b770a1f0ed1cf31eca::OKLGProduct,false_positive,0.19421342663902239,0.156,0,0,
reentrancy_only,gated,42,DAPP::DAppSCAN-source/contracts/Solidity_Finance-OKLG - Smart Contract/contracts-e167d0d742d21bcc62d7a5b770a1f0ed1cf31eca::OKLGRaffle,false_positive,0.8329124354327293,0.156,0,1,closeRaffleAndRefund|enterRaffle
reentrancy_only,gated,42,DAPP::DAppSCAN-source/contracts/Solidity_Finance-OKLG - Smart Contract/contracts-e167d0d742d21bcc62d7a5b770a1f0ed1cf31eca::OKLGETHSplitter,false_positive,0.7301097037935085,0.156,0,1,setReceivers
reentrancy_only,gated,42,DAPP::DAppSCAN-source/contracts/Solidified-Aztec Lido Bridge/aztec-connect-bridges-d5aca13d4d0a17b21eeddf77f49f4c6613461fb0::RollupProcessor,false_positive,0.7748121562864491,0.156,0,1,processAsyncDefiInteraction
reentrancy_only,gated,42,DAPP::DAppSCAN-source/contracts/Solidified-Aztec Lido Bridge/aztec-connect-bridges-d5aca13d4d0a17b21eeddf77f49f4c6613461fb0::ElementBridge,false_positive,0.6413380236357391,0.156,0,1,finalise
reentrancy_only,gated,42,DAPP::DAppSCAN-source/contracts/Hacken-Tenderize/tender-core-1fd606141625171fe792045ae9233890262d2d62::TokenFaucet,false_positive,0.39932529916701864,0.156,0,0,
reentrancy_only,gated,42,DAPP::DAppSCAN-source/contracts/Hacken-Tenderize/tender-core-1fd606141625171fe792045ae9233890262d2d62::SwapUtils,false_positive,0.4513702323184029,0.156,0,1,swap
reentrancy_only,gated,42,DAPP::DAppSCAN-source/contracts/Hacken-Tenderize/tender-core-1fd606141625171fe792045ae9233890262d2d62::TenderSwapFactoryV1,false_positive,0.2565197343541325,0.156,0,1,deploy
reentrancy_only,gated,42,DAPP::DAppSCAN-source/contracts/Hacken-Tenderize/tender-core-1fd606141625171fe792045ae9233890262d2d62::Audius,false_positive,0.20101843943061823,0.156,0,1,_initialize|_unstake|deposit|unstake
reentrancy_only,gated,42,FORGE::vfp_00220::LiquidityPenaltyHook,false_positive,0.7084512598390097,0.156,0,0,
reentrancy_only,gated,42,DAPP::DAppSCAN-source/contracts/consensys-The_LAO/moloch-4bc443f4dad60279b47978fc6987bb978d3dfc58::MolochPool,false_positive,0.6012327693447477,0.156,0,1,_withdraw|activate|sync
reentrancy_only,gated,42,DAPP::DAppSCAN-source/contracts/consensys-The_LAO/moloch-4bc443f4dad60279b47978fc6987bb978d3dfc58::GnosisSafe,false_positive,0.6631943702938559,0.156,0,1,checkSignatures
reentrancy_only,gated,42,DAPP::DAppSCAN-source/contracts/consensys-The_LAO/moloch-4bc443f4dad60279b47978fc6987bb978d3dfc58::SocialRecoveryModule,false_positive,0.3351497620538349,0.156,0,1,recoverAccess
reentrancy_only,gated,42,DAPP::DAppSCAN-source/contracts/consensys-The_LAO/moloch-4bc443f4dad60279b47978fc6987bb978d3dfc58::DailyLimitModule,false_positive,0.39548029490123393,0.156,0,1,executeDailyLimit
reentrancy_only,gated,42,DAPP::DAppSCAN-source/contracts/consensys-The_LAO/moloch-4bc443f4dad60279b47978fc6987bb978d3dfc58::StateChannelModule,false_positive,0.638198581380742,0.156,0,1,execTransaction
reentrancy_only,gated,42,DAPP::DAppSCAN-source/contracts/consensys-The_LAO/moloch-4bc443f4dad60279b47978fc6987bb978d3dfc58::WhitelistModule,false_positive,0.18171461711529371,0.156,0,1,executeWhitelisted
reentrancy_only,gated,42,DAPP::DAppSCAN-source/contracts/consensys-The_LAO/moloch-4bc443f4dad60279b47978fc6987bb978d3dfc58::Submitter,false_positive,0.5900909804003487,0.156,0,0,
reentrancy_only,gated,42,DAPP::DAppSCAN-source/contracts/consensys-The_LAO/moloch-4bc443f4dad60279b47978fc6987bb978d3dfc58::ClaimsTokenERC20Extension,false_positive,0.3447638180450477,0.156,0,1,withdrawFunds
reentrancy_only,gated,42,DAPP::DAppSCAN-source/contracts/Trail_of_Bits-Liquity/dev-f0df3efa5a5f05b205752184cfce107c5bd6e06c::PriceFeed,false_positive,0.2390013117299357,0.156,0,0,
reentrancy_only,gated,42,DAPP::DAppSCAN-source/contracts/Trail_of_Bits-Liquity/dev-f0df3efa5a5f05b205752184cfce107c5bd6e06c::HintHelpers,false_positive,0.2838451421101188,0.156,0,0,
reentrancy_only,gated,42,DAPP::DAppSCAN-source/contracts/Trail_of_Bits-Liquity/dev-f0df3efa5a5f05b205752184cfce107c5bd6e06c::CollSurplusPool,false_positive,0.366105848093835,0.156,0,1,claimColl
reentrancy_only,gated,42,DAPP::DAppSCAN-source/contracts/Trail_of_Bits-Liquity/dev-f0df3efa5a5f05b205752184cfce107c5bd6e06c::StabilityPool,false_positive,0.1847708505457127,0.156,0,1,_requireUserHasTrove
reentrancy_only,gated,42,DAPP::DAppSCAN-source/contracts/Trail_of_Bits-Liquity/dev-f0df3efa5a5f05b205752184cfce107c5bd6e06c::MultiTroveGetter,false_positive,0.48189022188359415,0.156,0,0,
reentrancy_only,gated,42,DAPP::DAppSCAN-source/contracts/Trail_of_Bits-Liquity/dev-f0df3efa5a5f05b205752184cfce107c5bd6e06c::SortedTroves,false_positive,0.872743223079063,0.156,0,1,_insert|_remove
reentrancy_only,gated,42,DAPP::DAppSCAN-source/contracts/Trail_of_Bits-Liquity/dev-f0df3efa5a5f05b205752184cfce107c5bd6e06c::LQTYStaking,false_positive,0.42458544920588226,0.156,0,0,
reentrancy_only,gated,43,FORGE::vfp_00058::LikwidMarginPosition,false_negative,0.9082447077373039,0.921,1,1,_margin
reentrancy_only,gated,43,FORGE::vfp_00260::Router_Adapter,false_negative,0.5207192050934196,0.921,1,0,
reentrancy_only,gated,43,FORGE::vfp_00126::SpokePool,false_negative,0.8486119795097113,0.921,1,1,_deposit|_distributeRelayerRefunds|_fillRelayV3|claimRelayerRefund|executeSlowRelayLeaf
reentrancy_only,gated,43,FORGE::vfp_00288::DelegationMetaSwapAdapter,false_negative,0.7223057044666639,0.921,1,1,swapTokens
reentrancy_only,gated,43,DAPP::DAppSCAN-source/contracts/Hacken-Powerbomb-V1/powerbomb-lite-0f86ff1eecdd723be733a9b33ff4ffa3bbdadcee::PowerBombAvaxCurve,false_negative,0.6007337390152064,0.921,1,1,_deposit|withdraw
reentrancy_only,gated,43,DAPP::DAppSCAN-source/contracts/PeckShield-DarkCrypto/darkcrypto-contracts-fee5be8d36459aebed2b84e6493875b3dc0366fd::DarkRewardPool,false_positive,0.932785212470253,0.921,0,1,add|governanceRecoverUnsupported|withdraw
reentrancy_only,gated,43,DAPP::DAppSCAN-source/contracts/PepperSec-Aira-Robonomic/robonomics_contracts-cc35a91de187072214d215262d8371f0159c2498::Ambix,false_positive,0.9444718833906863,0.921,0,1,run
reentrancy_only,gated,43,DAPP::DAppSCAN-source/contracts/PepperSec-Aira-Robonomic/robonomics_contracts-cc35a91de187072214d215262d8371f0159c2498::RobotLiabilityLib,false_negative,0.8981616734822473,0.921,1,1,finalize
reentrancy_only,gated,43,DAPP::DAppSCAN-source/contracts/PepperSec-Aira-Robonomic/robonomics_contracts-cc35a91de187072214d215262d8371f0159c2498::LighthouseLib,false_negative,0.6614733596161095,0.921,1,1,refill|withdraw
reentrancy_only,gated,43,DAPP::DAppSCAN-source/contracts/BlockSec-blocksec_impossible_finance_swap_v1.2/impossible-swap-core-29aaef89f996acdbee92b67c4d95fb608dc8b876::ImpossibleWrappedToken,false_negative,0.20056503848090923,0.921,1,1,_withdraw
reentrancy_only,gated,43,DAPP::DAppSCAN-source/contracts/consensys-GrowthDeFi WHEAT/wheat-v1-core-8360ac0a537589bb974e8a5a169bb3e7c95d2857::Exchange,false_negative,0.26294299391400017,0.921,1,0,
reentrancy_only,gated,43,DAPP::DAppSCAN-source/contracts/SlowMist-ForTube2.0 Smart Contract Security Audit Report/bond-854527d0ea7ad2ddd3504b4d4ae3fcb57cb6445d::PRA,false_negative,0.8045346815023208,0.921,1,1,lock|unlock
reentrancy_only,gated,43,"DAPP::DAppSCAN-source/contracts/Coinfabrik-MintingFactoryV2, BaseUpgradableMarketplace & KODAV3UpgradableGatedMarketplace/known-origin-contracts-v3-d592c5f4fa4e0b6fc65a1fce43e302706aedf607::MintingFactoryV2",false_negative,0.1590496632219435,0.921,1,1,_authorizeUpgrade|_setAdmin|_setBeacon|_setImplementation|mintBatchEdition
reentrancy_only,gated,43,"DAPP::DAppSCAN-source/contracts/Coinfabrik-MintingFactoryV2, BaseUpgradableMarketplace & KODAV3UpgradableGatedMarketplace/known-origin-contracts-v3-d592c5f4fa4e0b6fc65a1fce43e302706aedf607::ClaimableFundsReceiverV1",false_positive,0.9258771358146926,0.921,0,1,drain|drainERC20
reentrancy_only,gated,43,"DAPP::DAppSCAN-source/contracts/Coinfabrik-MintingFactoryV2, BaseUpgradableMarketplace & KODAV3UpgradableGatedMarketplace/known-origin-contracts-v3-d592c5f4fa4e0b6fc65a1fce43e302706aedf607::ClaimableFundsSplitterV1",false_positive,0.9258771358146926,0.921,0,1,drain|drainERC20
reentrancy_only,gated,43,"DAPP::DAppSCAN-source/contracts/Coinfabrik-MintingFactoryV2, BaseUpgradableMarketplace & KODAV3UpgradableGatedMarketplace/known-origin-contracts-v3-d592c5f4fa4e0b6fc65a1fce43e302706aedf607::RoyaltyImplV1R1",false_positive,0.9295565200548194,0.921,0,1,drain
reentrancy_only,gated,43,"DAPP::DAppSCAN-source/contracts/Coinfabrik-MintingFactoryV2, BaseUpgradableMarketplace & KODAV3UpgradableGatedMarketplace/known-origin-contracts-v3-d592c5f4fa4e0b6fc65a1fce43e302706aedf607::RoyaltyImplV1R2",false_positive,0.9295565200548194,0.921,0,1,drain
reentrancy_only,gated,43,"DAPP::DAppSCAN-source/contracts/Coinfabrik-MintingFactoryV2, BaseUpgradableMarketplace & KODAV3UpgradableGatedMarketplace/known-origin-contracts-v3-d592c5f4fa4e0b6fc65a1fce43e302706aedf607::FundsReceiver",false_positive,0.9295631860590047,0.921,0,1,drain
reentrancy_only,gated,43,"DAPP::DAppSCAN-source/contracts/Coinfabrik-MintingFactoryV2, BaseUpgradableMarketplace & KODAV3UpgradableGatedMarketplace/known-origin-contracts-v3-d592c5f4fa4e0b6fc65a1fce43e302706aedf607::CollabFundsReceiver",false_positive,0.9544098447492446,0.921,0,1,drain|drainERC20|drainShare
reentrancy_only,gated,43,DAPP::DAppSCAN-source/contracts/Solidity_Finance-OKLG - Smart Contract/contracts-e167d0d742d21bcc62d7a5b770a1f0ed1cf31eca::MTGYTokenLocker,false_negative,0.8969494383672255,0.921,1,1,createLocker|withdrawLockedTokens
reentrancy_only,gated,43,DAPP::DAppSCAN-source/contracts/Solidity_Finance-OKLG - Smart Contract/contracts-e167d0d742d21bcc62d7a5b770a1f0ed1cf31eca::OKLGPasswordManager,false_positive,0.9633832535196994,0.921,0,1,addAccount|bulkAddAccounts
reentrancy_only,gated,43,DAPP::DAppSCAN-source/contracts/Solidity_Finance-OKLG - Smart Contract/contracts-e167d0d742d21bcc62d7a5b770a1f0ed1cf31eca::OKLGTrustedTimestamping,false_positive,0.9363901604285467,0.921,0,0,
reentrancy_only,gated,43,DAPP::DAppSCAN-source/contracts/Solidity_Finance-OKLG - Smart Contract/contracts-e167d0d742d21bcc62d7a5b770a1f0ed1cf31eca::OKLGRaffle,false_positive,0.9303634737671658,0.921,0,1,closeRaffleAndRefund|enterRaffle
reentrancy_only,gated,43,DAPP::DAppSCAN-source/contracts/Trail_of_Bits-Liquity/dev-f0df3efa5a5f05b205752184cfce107c5bd6e06c::BorrowerOperations,false_negative,0.5460071330650197,0.921,1,1,_adjustTrove
reentrancy_only,gated,43,DAPP::DAppSCAN-source/contracts/Trail_of_Bits-Liquity/dev-f0df3efa5a5f05b205752184cfce107c5bd6e06c::SortedTroves,false_positive,0.9661264679510196,0.921,0,1,_insert|_remove
reentrancy_only,gated,44,FORGE::vfp_00058::LikwidLendPosition,false_positive,0.8510138644289974,0.844,0,0,
reentrancy_only,gated,44,FORGE::vfp_00260::Router_Adapter,false_negative,0.26557379442372026,0.844,1,0,
reentrancy_only,gated,44,FORGE::vfp_00126::SpokePool,false_negative,0.6724601206789138,0.844,1,1,_deposit|_distributeRelayerRefunds|_fillRelayV3|claimRelayerRefund|executeSlowRelayLeaf
reentrancy_only,gated,44,FORGE::vfp_00288::DelegationMetaSwapAdapter,false_negative,0.529088778380997,0.844,1,1,swapTokens
reentrancy_only,gated,44,DAPP::DAppSCAN-source/contracts/Hacken-Powerbomb-V1/powerbomb-lite-0f86ff1eecdd723be733a9b33ff4ffa3bbdadcee::PowerBombAvaxCurve,false_negative,0.21510662528322028,0.844,1,1,_deposit|withdraw
reentrancy_only,gated,44,DAPP::DAppSCAN-source/contracts/PeckShield-DarkCrypto/darkcrypto-contracts-fee5be8d36459aebed2b84e6493875b3dc0366fd::DarkRewardPool,false_positive,0.8501777696258357,0.844,0,1,add|governanceRecoverUnsupported|withdraw
reentrancy_only,gated,44,DAPP::DAppSCAN-source/contracts/PepperSec-Aira-Robonomic/robonomics_contracts-cc35a91de187072214d215262d8371f0159c2498::RobotLiabilityLib,false_negative,0.7445820084522295,0.844,1,1,finalize
reentrancy_only,gated,44,DAPP::DAppSCAN-source/contracts/PepperSec-Aira-Robonomic/robonomics_contracts-cc35a91de187072214d215262d8371f0159c2498::LighthouseLib,false_negative,0.4299771903688981,0.844,1,1,refill|withdraw
reentrancy_only,gated,44,DAPP::DAppSCAN-source/contracts/BlockSec-blocksec_impossible_finance_swap_v1.2/impossible-swap-core-29aaef89f996acdbee92b67c4d95fb608dc8b876::ImpossibleWrappedToken,false_negative,0.16919760437189316,0.844,1,1,_withdraw
reentrancy_only,gated,44,DAPP::DAppSCAN-source/contracts/consensys-GrowthDeFi WHEAT/wheat-v1-core-8360ac0a537589bb974e8a5a169bb3e7c95d2857::Exchange,false_negative,0.12564397374933808,0.844,1,0,
reentrancy_only,gated,44,DAPP::DAppSCAN-source/contracts/SlowMist-ForTube2.0 Smart Contract Security Audit Report/bond-854527d0ea7ad2ddd3504b4d4ae3fcb57cb6445d::PRA,false_negative,0.5330330323124198,0.844,1,1,lock|unlock
reentrancy_only,gated,44,"DAPP::DAppSCAN-source/contracts/Coinfabrik-MintingFactoryV2, BaseUpgradableMarketplace & KODAV3UpgradableGatedMarketplace/known-origin-contracts-v3-d592c5f4fa4e0b6fc65a1fce43e302706aedf607::MintingFactoryV2",false_negative,0.1215332521310263,0.844,1,1,_authorizeUpgrade|_setAdmin|_setBeacon|_setImplementation|mintBatchEdition
reentrancy_only,gated,44,DAPP::DAppSCAN-source/contracts/Solidity_Finance-OKLG - Smart Contract/contracts-e167d0d742d21bcc62d7a5b770a1f0ed1cf31eca::MTGYTokenLocker,false_negative,0.7784066682379709,0.844,1,1,createLocker|withdrawLockedTokens
reentrancy_only,gated,44,DAPP::DAppSCAN-source/contracts/Solidity_Finance-OKLG - Smart Contract/contracts-e167d0d742d21bcc62d7a5b770a1f0ed1cf31eca::OKLGPasswordManager,false_positive,0.8995545427875314,0.844,0,1,addAccount|bulkAddAccounts
reentrancy_only,gated,44,DAPP::DAppSCAN-source/contracts/Solidity_Finance-OKLG - Smart Contract/contracts-e167d0d742d21bcc62d7a5b770a1f0ed1cf31eca::OKLGTrustedTimestamping,false_positive,0.8830912073087948,0.844,0,0,
reentrancy_only,gated,44,DAPP::DAppSCAN-source/contracts/Solidity_Finance-OKLG - Smart Contract/contracts-e167d0d742d21bcc62d7a5b770a1f0ed1cf31eca::OKLGRaffle,false_positive,0.874419803207521,0.844,0,1,closeRaffleAndRefund|enterRaffle
reentrancy_only,gated,44,DAPP::DAppSCAN-source/contracts/Trail_of_Bits-Liquity/dev-f0df3efa5a5f05b205752184cfce107c5bd6e06c::BorrowerOperations,false_negative,0.38965195546988507,0.844,1,1,_adjustTrove
reentrancy_only,gated,44,DAPP::DAppSCAN-source/contracts/Trail_of_Bits-Liquity/dev-f0df3efa5a5f05b205752184cfce107c5bd6e06c::SortedTroves,false_positive,0.8854922775585342,0.844,0,1,_insert|_remove
reentrancy_only,gated,45,FORGE::vfp_00058::BasePositionManager,false_positive,0.8191318266022687,0.606,0,0,
reentrancy_only,gated,45,FORGE::vfp_00058::LikwidLendPosition,false_positive,0.8280698478312889,0.606,0,0,
reentrancy_only,gated,45,FORGE::vfp_00260::Router_Adapter,false_negative,0.2691844838917594,0.606,1,0,
reentrancy_only,gated,45,FORGE::vfp_00288::DelegationMetaSwapAdapter,false_negative,0.5565761991806654,0.606,1,1,swapTokens
reentrancy_only,gated,45,DAPP::DAppSCAN-source/contracts/SlowMist-Booster-Protocol_智能安全审计报告/boosterProtocol-946b15629c410d706856584f3aa04001d6a55bd2::BOOPools,false_positive,0.8023724166819343,0.606,0,1,add|deposit|emergencyWithdraw|withdraw
reentrancy_only,gated,45,DAPP::DAppSCAN-source/contracts/SlowMist-Booster-Protocol_智能安全审计报告/boosterProtocol-946b15629c410d706856584f3aa04001d6a55bd2::ActionPools,false_positive,0.795238163979965,0.606,0,1,getBlocksReward
reentrancy_only,gated,45,DAPP::DAppSCAN-source/contracts/Hacken-Powerbomb-V1/powerbomb-lite-0f86ff1eecdd723be733a9b33ff4ffa3bbdadcee::PowerBombAvaxCurve,false_negative,0.17686263052689602,0.606,1,1,_deposit|withdraw
reentrancy_only,gated,45,DAPP::DAppSCAN-source/contracts/PeckShield-DarkCrypto/darkcrypto-contracts-fee5be8d36459aebed2b84e6493875b3dc0366fd::DarkRewardPool,false_positive,0.8560391014104034,0.606,0,1,add|governanceRecoverUnsupported|withdraw
reentrancy_only,gated,45,DAPP::DAppSCAN-source/contracts/PepperSec-Aira-Robonomic/robonomics_contracts-cc35a91de187072214d215262d8371f0159c2498::Ambix,false_positive,0.8009452038826843,0.606,0,1,run
reentrancy_only,gated,45,DAPP::DAppSCAN-source/contracts/PepperSec-Aira-Robonomic/robonomics_contracts-cc35a91de187072214d215262d8371f0159c2498::LighthouseLib,false_negative,0.5618790440997528,0.606,1,1,refill|withdraw
reentrancy_only,gated,45,DAPP::DAppSCAN-source/contracts/BlockSec-blocksec_impossible_finance_swap_v1.2/impossible-swap-core-29aaef89f996acdbee92b67c4d95fb608dc8b876::ImpossibleWrappedToken,false_negative,0.15589849886907603,0.606,1,1,_withdraw
reentrancy_only,gated,45,DAPP::DAppSCAN-source/contracts/BlockSec-blocksec_impossible_finance_swap_v1.2/impossible-swap-core-29aaef89f996acdbee92b67c4d95fb608dc8b876::WETH9,false_positive,0.6638330383322487,0.606,0,1,withdraw
reentrancy_only,gated,45,DAPP::DAppSCAN-source/contracts/Solidified-Aztec Element Bridge/aztec-connect-bridges-ac2e7194b5887ea11a607b4cf8de0547b3d7fdd0::RollupProcessor,false_positive,0.7827658776006347,0.606,0,1,processAsyncDefiInteraction
reentrancy_only,gated,45,DAPP::DAppSCAN-source/contracts/consensys-GrowthDeFi WHEAT/wheat-v1-core-8360ac0a537589bb974e8a5a169bb3e7c95d2857::Exchange,false_negative,0.08866504751999331,0.606,1,0,
reentrancy_only,gated,45,"DAPP::DAppSCAN-source/contracts/Coinfabrik-MintingFactoryV2, BaseUpgradableMarketplace & KODAV3UpgradableGatedMarketplace/known-origin-contracts-v3-d592c5f4fa4e0b6fc65a1fce43e302706aedf607::MintingFactoryV2",false_negative,0.09554930181586327,0.606,1,1,_authorizeUpgrade|_setAdmin|_setBeacon|_setImplementation|mintBatchEdition
reentrancy_only,gated,45,"DAPP::DAppSCAN-source/contracts/Coinfabrik-MintingFactoryV2, BaseUpgradableMarketplace & KODAV3UpgradableGatedMarketplace/known-origin-contracts-v3-d592c5f4fa4e0b6fc65a1fce43e302706aedf607::CollabRoyaltiesRegistry",false_positive,0.6424524402617756,0.606,0,1,usePredeterminedRoyaltiesRecipient
reentrancy_only,gated,45,"DAPP::DAppSCAN-source/contracts/Coinfabrik-MintingFactoryV2, BaseUpgradableMarketplace & KODAV3UpgradableGatedMarketplace/known-origin-contracts-v3-d592c5f4fa4e0b6fc65a1fce43e302706aedf607::ClaimableFundsReceiverV1",false_positive,0.7810528089293778,0.606,0,1,drain|drainERC20
reentrancy_only,gated,45,"DAPP::DAppSCAN-source/contracts/Coinfabrik-MintingFactoryV2, BaseUpgradableMarketplace & KODAV3UpgradableGatedMarketplace/known-origin-contracts-v3-d592c5f4fa4e0b6fc65a1fce43e302706aedf607::ClaimableFundsSplitterV1",false_positive,0.7810528089293778,0.606,0,1,drain|drainERC20
reentrancy_only,gated,45,"DAPP::DAppSCAN-source/contracts/Coinfabrik-MintingFactoryV2, BaseUpgradableMarketplace & KODAV3UpgradableGatedMarketplace/known-origin-contracts-v3-d592c5f4fa4e0b6fc65a1fce43e302706aedf607::TokenRoyaltiesRegistry",false_positive,0.6359831875161164,0.606,0,1,confirm|reject
reentrancy_only,gated,45,"DAPP::DAppSCAN-source/contracts/Coinfabrik-MintingFactoryV2, BaseUpgradableMarketplace & KODAV3UpgradableGatedMarketplace/known-origin-contracts-v3-d592c5f4fa4e0b6fc65a1fce43e302706aedf607::RoyaltyImplV1R1",false_positive,0.8001673751136565,0.606,0,1,drain
reentrancy_only,gated,45,"DAPP::DAppSCAN-source/contracts/Coinfabrik-MintingFactoryV2, BaseUpgradableMarketplace & KODAV3UpgradableGatedMarketplace/known-origin-contracts-v3-d592c5f4fa4e0b6fc65a1fce43e302706aedf607::RoyaltyImplV1R2",false_positive,0.8001673751136565,0.606,0,1,drain
reentrancy_only,gated,45,"DAPP::DAppSCAN-source/contracts/Coinfabrik-MintingFactoryV2, BaseUpgradableMarketplace & KODAV3UpgradableGatedMarketplace/known-origin-contracts-v3-d592c5f4fa4e0b6fc65a1fce43e302706aedf607::FundsReceiver",false_positive,0.8001733603609825,0.606,0,1,drain
reentrancy_only,gated,45,"DAPP::DAppSCAN-source/contracts/Coinfabrik-MintingFactoryV2, BaseUpgradableMarketplace & KODAV3UpgradableGatedMarketplace/known-origin-contracts-v3-d592c5f4fa4e0b6fc65a1fce43e302706aedf607::CollabFundsReceiver",false_positive,0.8081316939340403,0.606,0,1,drain|drainERC20|drainShare
reentrancy_only,gated,45,FORGE::vfp_00156::SponsoredOFTSrcPeriphery,false_positive,0.7173619360789761,0.606,0,0,
reentrancy_only,gated,45,DAPP::DAppSCAN-source/contracts/Solidity_Finance-OKLG - Smart Contract/contracts-e167d0d742d21bcc62d7a5b770a1f0ed1cf31eca::OKLGFaaSToken,false_positive,0.6756482144276816,0.606,0,1,_harvestTokens|emergencyUnstake|removeStakeableTokens|stakeTokens|unstakeTokens
reentrancy_only,gated,45,DAPP::DAppSCAN-source/contracts/Solidity_Finance-OKLG - Smart Contract/contracts-e167d0d742d21bcc62d7a5b770a1f0ed1cf31eca::OKLGPasswordManager,false_positive,0.8966622693959717,0.606,0,1,addAccount|bulkAddAccounts
reentrancy_only,gated,45,DAPP::DAppSCAN-source/contracts/Solidity_Finance-OKLG - Smart Contract/contracts-e167d0d742d21bcc62d7a5b770a1f0ed1cf31eca::OKLGAffiliate,false_positive,0.743164641095428,0.606,0,1,pay
reentrancy_only,gated,45,DAPP::DAppSCAN-source/contracts/Solidity_Finance-OKLG - Smart Contract/contracts-e167d0d742d21bcc62d7a5b770a1f0ed1cf31eca::OKLGTrustedTimestamping,false_positive,0.8610772211070452,0.606,0,0,
reentrancy_only,gated,45,DAPP::DAppSCAN-source/contracts/Solidity_Finance-OKLG - Smart Contract/contracts-e167d0d742d21bcc62d7a5b770a1f0ed1cf31eca::KetherNFTLoaner,false_positive,0.6413070236663856,0.606,0,1,addPlot|loanPlot|removePlot
reentrancy_only,gated,45,DAPP::DAppSCAN-source/contracts/Solidity_Finance-OKLG - Smart Contract/contracts-e167d0d742d21bcc62d7a5b770a1f0ed1cf31eca::OKLGRaffle,false_positive,0.8693598885461898,0.606,0,1,closeRaffleAndRefund|enterRaffle
reentrancy_only,gated,45,DAPP::DAppSCAN-source/contracts/Solidity_Finance-OKLG - Smart Contract/contracts-e167d0d742d21bcc62d7a5b770a1f0ed1cf31eca::OKLGETHSplitter,false_positive,0.8085549347511571,0.606,0,1,setReceivers
reentrancy_only,gated,45,DAPP::DAppSCAN-source/contracts/Solidified-Aztec Lido Bridge/aztec-connect-bridges-d5aca13d4d0a17b21eeddf77f49f4c6613461fb0::RollupProcessor,false_positive,0.782771147952012,0.606,0,1,processAsyncDefiInteraction
reentrancy_only,gated,45,DAPP::DAppSCAN-source/contracts/Solidified-Aztec Lido Bridge/aztec-connect-bridges-d5aca13d4d0a17b21eeddf77f49f4c6613461fb0::ElementBridge,false_positive,0.7234740687780559,0.606,0,1,finalise
reentrancy_only,gated,45,DAPP::DAppSCAN-source/contracts/Hacken-Tenderize/tender-core-1fd606141625171fe792045ae9233890262d2d62::TokenFaucet,false_positive,0.6426465230148946,0.606,0,0,
reentrancy_only,gated,45,FORGE::vfp_00220::LiquidityPenaltyHook,false_positive,0.7885785082440254,0.606,0,0,
reentrancy_only,gated,45,DAPP::DAppSCAN-source/contracts/consensys-The_LAO/moloch-4bc443f4dad60279b47978fc6987bb978d3dfc58::MolochPool,false_positive,0.7416962567187297,0.606,0,1,_withdraw|activate|sync
reentrancy_only,gated,45,DAPP::DAppSCAN-source/contracts/consensys-The_LAO/moloch-4bc443f4dad60279b47978fc6987bb978d3dfc58::GnosisSafe,false_positive,0.7759590165447379,0.606,0,1,checkSignatures
reentrancy_only,gated,45,DAPP::DAppSCAN-source/contracts/consensys-The_LAO/moloch-4bc443f4dad60279b47978fc6987bb978d3dfc58::DailyLimitModule,false_positive,0.6341657675457715,0.606,0,1,executeDailyLimit
reentrancy_only,gated,45,DAPP::DAppSCAN-source/contracts/consensys-The_LAO/moloch-4bc443f4dad60279b47978fc6987bb978d3dfc58::StateChannelModule,false_positive,0.745370730312625,0.606,0,1,execTransaction
reentrancy_only,gated,45,DAPP::DAppSCAN-source/contracts/consensys-The_LAO/moloch-4bc443f4dad60279b47978fc6987bb978d3dfc58::Submitter,false_positive,0.7131456679291749,0.606,0,0,
reentrancy_only,gated,45,DAPP::DAppSCAN-source/contracts/Trail_of_Bits-Liquity/dev-f0df3efa5a5f05b205752184cfce107c5bd6e06c::BorrowerOperations,false_negative,0.3707318427403123,0.606,1,1,_adjustTrove
reentrancy_only,gated,45,DAPP::DAppSCAN-source/contracts/Trail_of_Bits-Liquity/dev-f0df3efa5a5f05b205752184cfce107c5bd6e06c::MultiTroveGetter,false_positive,0.6263623803556729,0.606,0,0,
reentrancy_only,gated,45,DAPP::DAppSCAN-source/contracts/Trail_of_Bits-Liquity/dev-f0df3efa5a5f05b205752184cfce107c5bd6e06c::SortedTroves,false_positive,0.8676925210434917,0.606,0,1,_insert|_remove
reentrancy_only,gated,45,DAPP::DAppSCAN-source/contracts/Trail_of_Bits-Liquity/dev-f0df3efa5a5f05b205752184cfce107c5bd6e06c::LQTYStaking,false_positive,0.6805335777216808,0.606,0,0,
reentrancy_only,gated,46,FORGE::vfp_00058::LikwidMarginPosition,false_negative,0.8971166033865372,0.899,1,1,_margin
reentrancy_only,gated,46,FORGE::vfp_00260::Router_Adapter,false_negative,0.3127222914217003,0.899,1,0,
reentrancy_only,gated,46,FORGE::vfp_00126::SpokePool,false_negative,0.6525571690408722,0.899,1,1,_deposit|_distributeRelayerRefunds|_fillRelayV3|claimRelayerRefund|executeSlowRelayLeaf
reentrancy_only,gated,46,FORGE::vfp_00288::DelegationMetaSwapAdapter,false_negative,0.5456034462537579,0.899,1,1,swapTokens
reentrancy_only,gated,46,DAPP::DAppSCAN-source/contracts/Hacken-Powerbomb-V1/powerbomb-lite-0f86ff1eecdd723be733a9b33ff4ffa3bbdadcee::PowerBombAvaxCurve,false_negative,0.41495898227316275,0.899,1,1,_deposit|withdraw
reentrancy_only,gated,46,DAPP::DAppSCAN-source/contracts/PepperSec-Aira-Robonomic/robonomics_contracts-cc35a91de187072214d215262d8371f0159c2498::RobotLiabilityLib,false_negative,0.8001831385170853,0.899,1,1,finalize
reentrancy_only,gated,46,DAPP::DAppSCAN-source/contracts/PepperSec-Aira-Robonomic/robonomics_contracts-cc35a91de187072214d215262d8371f0159c2498::LighthouseLib,false_negative,0.4614447966966546,0.899,1,1,refill|withdraw
reentrancy_only,gated,46,DAPP::DAppSCAN-source/contracts/BlockSec-blocksec_impossible_finance_swap_v1.2/impossible-swap-core-29aaef89f996acdbee92b67c4d95fb608dc8b876::ImpossibleWrappedToken,false_negative,0.13831517140603866,0.899,1,1,_withdraw
reentrancy_only,gated,46,DAPP::DAppSCAN-source/contracts/consensys-GrowthDeFi WHEAT/wheat-v1-core-8360ac0a537589bb974e8a5a169bb3e7c95d2857::Exchange,false_negative,0.0843081243953121,0.899,1,0,
reentrancy_only,gated,46,DAPP::DAppSCAN-source/contracts/SlowMist-ForTube2.0 Smart Contract Security Audit Report/bond-854527d0ea7ad2ddd3504b4d4ae3fcb57cb6445d::PRA,false_negative,0.5968638511342832,0.899,1,1,lock|unlock
reentrancy_only,gated,46,"DAPP::DAppSCAN-source/contracts/Coinfabrik-MintingFactoryV2, BaseUpgradableMarketplace & KODAV3UpgradableGatedMarketplace/known-origin-contracts-v3-d592c5f4fa4e0b6fc65a1fce43e302706aedf607::MintingFactoryV2",false_negative,0.09542146844605856,0.899,1,1,_authorizeUpgrade|_setAdmin|_setBeacon|_setImplementation|mintBatchEdition
reentrancy_only,gated,46,DAPP::DAppSCAN-source/contracts/Solidity_Finance-OKLG - Smart Contract/contracts-e167d0d742d21bcc62d7a5b770a1f0ed1cf31eca::MTGYTokenLocker,false_negative,0.8299846836143672,0.899,1,1,createLocker|withdrawLockedTokens
reentrancy_only,gated,46,DAPP::DAppSCAN-source/contracts/Solidity_Finance-OKLG - Smart Contract/contracts-e167d0d742d21bcc62d7a5b770a1f0ed1cf31eca::OKLGPasswordManager,false_positive,0.9332138170018617,0.899,0,1,addAccount|bulkAddAccounts
reentrancy_only,gated,46,DAPP::DAppSCAN-source/contracts/Solidity_Finance-OKLG - Smart Contract/contracts-e167d0d742d21bcc62d7a5b770a1f0ed1cf31eca::OKLGTrustedTimestamping,false_positive,0.9312875977397034,0.899,0,0,
reentrancy_only,gated,46,DAPP::DAppSCAN-source/contracts/Solidity_Finance-OKLG - Smart Contract/contracts-e167d0d742d21bcc62d7a5b770a1f0ed1cf31eca::OKLGRaffle,false_positive,0.9146615638559837,0.899,0,1,closeRaffleAndRefund|enterRaffle
reentrancy_only,gated,46,DAPP::DAppSCAN-source/contracts/Trail_of_Bits-Liquity/dev-f0df3efa5a5f05b205752184cfce107c5bd6e06c::BorrowerOperations,false_negative,0.3644202109143496,0.899,1,1,_adjustTrove
reentrancy_only,gated,46,DAPP::DAppSCAN-source/contracts/Trail_of_Bits-Liquity/dev-f0df3efa5a5f05b205752184cfce107c5bd6e06c::SortedTroves,false_positive,0.9148779716767532,0.899,0,1,_insert|_remove
reentrancy_only,rule_suppression,42,FORGE::vfp_00058::LikwidLendPosition,false_positive,0.8391555509033011,0.667,0,0,
reentrancy_only,rule_suppression,42,FORGE::vfp_00260::Router_Adapter,false_negative,0.1600757541776954,0.667,1,0,
reentrancy_only,rule_suppression,42,FORGE::vfp_00126::SpokePool,false_negative,0.5305862578880062,0.667,1,1,_deposit|_distributeRelayerRefunds|_fillRelayV3|claimRelayerRefund|executeSlowRelayLeaf
reentrancy_only,rule_suppression,42,FORGE::vfp_00288::DelegationMetaSwapAdapter,false_negative,0.19555569335156833,0.667,1,1,swapTokens
reentrancy_only,rule_suppression,42,DAPP::DAppSCAN-source/contracts/Hacken-Powerbomb-V1/powerbomb-lite-0f86ff1eecdd723be733a9b33ff4ffa3bbdadcee::PowerBombAvaxCurve,false_negative,0.1985810454554245,0.667,1,1,_deposit|withdraw
reentrancy_only,rule_suppression,42,DAPP::DAppSCAN-source/contracts/PeckShield-DarkCrypto/darkcrypto-contracts-fee5be8d36459aebed2b84e6493875b3dc0366fd::DarkRewardPool,false_positive,0.771100486112559,0.667,0,1,add|governanceRecoverUnsupported|withdraw
reentrancy_only,rule_suppression,42,DAPP::DAppSCAN-source/contracts/PepperSec-Aira-Robonomic/robonomics_contracts-cc35a91de187072214d215262d8371f0159c2498::Ambix,false_positive,0.7031675734086551,0.667,0,1,run
reentrancy_only,rule_suppression,42,DAPP::DAppSCAN-source/contracts/PepperSec-Aira-Robonomic/robonomics_contracts-cc35a91de187072214d215262d8371f0159c2498::RobotLiabilityLib,false_negative,0.5698724336849942,0.667,1,1,finalize
reentrancy_only,rule_suppression,42,DAPP::DAppSCAN-source/contracts/PepperSec-Aira-Robonomic/robonomics_contracts-cc35a91de187072214d215262d8371f0159c2498::LighthouseLib,false_negative,0.364749273478134,0.667,1,1,refill|withdraw
reentrancy_only,rule_suppression,42,DAPP::DAppSCAN-source/contracts/BlockSec-blocksec_impossible_finance_swap_v1.2/impossible-swap-core-29aaef89f996acdbee92b67c4d95fb608dc8b876::ImpossibleWrappedToken,false_negative,0.1073184409267158,0.667,1,1,_withdraw
reentrancy_only,rule_suppression,42,DAPP::DAppSCAN-source/contracts/consensys-GrowthDeFi WHEAT/wheat-v1-core-8360ac0a537589bb974e8a5a169bb3e7c95d2857::Exchange,false_negative,0.11152967279748832,0.667,1,0,
reentrancy_only,rule_suppression,42,DAPP::DAppSCAN-source/contracts/SlowMist-ForTube2.0 Smart Contract Security Audit Report/bond-854527d0ea7ad2ddd3504b4d4ae3fcb57cb6445d::PRA,false_negative,0.25077396215236836,0.667,1,1,lock|unlock
reentrancy_only,rule_suppression,42,"DAPP::DAppSCAN-source/contracts/Coinfabrik-MintingFactoryV2, BaseUpgradableMarketplace & KODAV3UpgradableGatedMarketplace/known-origin-contracts-v3-d592c5f4fa4e0b6fc65a1fce43e302706aedf607::MintingFactoryV2",false_negative,0.03633338230946354,0.667,1,1,_authorizeUpgrade|_setAdmin|_setBeacon|_setImplementation|mintBatchEdition
reentrancy_only,rule_suppression,42,"DAPP::DAppSCAN-source/contracts/Coinfabrik-MintingFactoryV2, BaseUpgradableMarketplace & KODAV3UpgradableGatedMarketplace/known-origin-contracts-v3-d592c5f4fa4e0b6fc65a1fce43e302706aedf607::RoyaltyImplV1R1",false_positive,0.7053165619114017,0.667,0,1,drain
reentrancy_only,rule_suppression,42,"DAPP::DAppSCAN-source/contracts/Coinfabrik-MintingFactoryV2, BaseUpgradableMarketplace & KODAV3UpgradableGatedMarketplace/known-origin-contracts-v3-d592c5f4fa4e0b6fc65a1fce43e302706aedf607::RoyaltyImplV1R2",false_positive,0.7053165619114017,0.667,0,1,drain
reentrancy_only,rule_suppression,42,"DAPP::DAppSCAN-source/contracts/Coinfabrik-MintingFactoryV2, BaseUpgradableMarketplace & KODAV3UpgradableGatedMarketplace/known-origin-contracts-v3-d592c5f4fa4e0b6fc65a1fce43e302706aedf607::FundsReceiver",false_positive,0.7054613383817412,0.667,0,1,drain
reentrancy_only,rule_suppression,42,"DAPP::DAppSCAN-source/contracts/Coinfabrik-MintingFactoryV2, BaseUpgradableMarketplace & KODAV3UpgradableGatedMarketplace/known-origin-contracts-v3-d592c5f4fa4e0b6fc65a1fce43e302706aedf607::CollabFundsReceiver",false_positive,0.706520183223099,0.667,0,1,drain|drainERC20|drainShare
reentrancy_only,rule_suppression,42,FORGE::vfp_00156::SponsoredOFTSrcPeriphery,false_positive,0.7378141586399731,0.667,0,0,
reentrancy_only,rule_suppression,42,DAPP::DAppSCAN-source/contracts/Solidity_Finance-OKLG - Smart Contract/contracts-e167d0d742d21bcc62d7a5b770a1f0ed1cf31eca::OKLGPasswordManager,false_positive,0.7744838340543768,0.667,0,1,addAccount|bulkAddAccounts
reentrancy_only,rule_suppression,42,DAPP::DAppSCAN-source/contracts/Solidity_Finance-OKLG - Smart Contract/contracts-e167d0d742d21bcc62d7a5b770a1f0ed1cf31eca::OKLGDividendDistributor,false_positive,0.6758428372694337,0.667,0,1,depositDividends|setBoostContract|setBoostMultiplierContract|unstake
reentrancy_only,rule_suppression,42,DAPP::DAppSCAN-source/contracts/Solidity_Finance-OKLG - Smart Contract/contracts-e167d0d742d21bcc62d7a5b770a1f0ed1cf31eca::OKLGTrustedTimestamping,false_positive,0.9128215865003567,0.667,0,0,
reentrancy_only,rule_suppression,42,DAPP::DAppSCAN-source/contracts/Solidity_Finance-OKLG - Smart Contract/contracts-e167d0d742d21bcc62d7a5b770a1f0ed1cf31eca::OKLGRaffle,false_positive,0.7983923037203667,0.667,0,1,closeRaffleAndRefund|enterRaffle
reentrancy_only,rule_suppression,42,DAPP::DAppSCAN-source/contracts/Hacken-Tenderize/tender-core-1fd606141625171fe792045ae9233890262d2d62::TokenFaucet,false_positive,0.7971071215540388,0.667,0,0,
reentrancy_only,rule_suppression,42,FORGE::vfp_00220::LiquidityPenaltyHook,false_positive,0.7744154715964422,0.667,0,0,
reentrancy_only,rule_suppression,42,DAPP::DAppSCAN-source/contracts/Trail_of_Bits-Liquity/dev-f0df3efa5a5f05b205752184cfce107c5bd6e06c::BorrowerOperations,false_negative,0.199567173253015,0.667,1,1,_adjustTrove
reentrancy_only,rule_suppression,42,DAPP::DAppSCAN-source/contracts/Trail_of_Bits-Liquity/dev-f0df3efa5a5f05b205752184cfce107c5bd6e06c::SortedTroves,false_positive,0.737828132985676,0.667,0,1,_insert|_remove
reentrancy_only,rule_suppression,43,FORGE::vfp_00058::LikwidLendPosition,false_positive,0.9820734400542068,0.9490000000000001,0,0,
reentrancy_only,rule_suppression,43,FORGE::vfp_00260::Router_Adapter,false_negative,0.7229780346656922,0.9490000000000001,1,0,
reentrancy_only,rule_suppression,43,FORGE::vfp_00126::SpokePool,false_negative,0.9487152174950226,0.9490000000000001,1,1,_deposit|_distributeRelayerRefunds|_fillRelayV3|claimRelayerRefund|executeSlowRelayLeaf
reentrancy_only,rule_suppression,43,FORGE::vfp_00288::DelegationMetaSwapAdapter,false_negative,0.8416202491404252,0.9490000000000001,1,1,swapTokens
reentrancy_only,rule_suppression,43,DAPP::DAppSCAN-source/contracts/Hacken-Powerbomb-V1/powerbomb-lite-0f86ff1eecdd723be733a9b33ff4ffa3bbdadcee::PowerBombAvaxCurve,false_negative,0.8591668350017024,0.9490000000000001,1,1,_deposit|withdraw
reentrancy_only,rule_suppression,43,DAPP::DAppSCAN-source/contracts/PeckShield-DarkCrypto/darkcrypto-contracts-fee5be8d36459aebed2b84e6493875b3dc0366fd::DarkRewardPool,false_positive,0.9678921662865557,0.9490000000000001,0,1,add|governanceRecoverUnsupported|withdraw
reentrancy_only,rule_suppression,43,DAPP::DAppSCAN-source/contracts/PepperSec-Aira-Robonomic/robonomics_contracts-cc35a91de187072214d215262d8371f0159c2498::Ambix,false_positive,0.967446061178272,0.9490000000000001,0,1,run
reentrancy_only,rule_suppression,43,DAPP::DAppSCAN-source/contracts/PepperSec-Aira-Robonomic/robonomics_contracts-cc35a91de187072214d215262d8371f0159c2498::RobotLiabilityLib,false_negative,0.9406165943287171,0.9490000000000001,1,1,finalize
reentrancy_only,rule_suppression,43,DAPP::DAppSCAN-source/contracts/PepperSec-Aira-Robonomic/robonomics_contracts-cc35a91de187072214d215262d8371f0159c2498::LighthouseLib,false_negative,0.8644928674918398,0.9490000000000001,1,1,refill|withdraw
reentrancy_only,rule_suppression,43,DAPP::DAppSCAN-source/contracts/BlockSec-blocksec_impossible_finance_swap_v1.2/impossible-swap-core-29aaef89f996acdbee92b67c4d95fb608dc8b876::ImpossibleWrappedToken,false_negative,0.628419364117207,0.9490000000000001,1,1,_withdraw
reentrancy_only,rule_suppression,43,DAPP::DAppSCAN-source/contracts/consensys-GrowthDeFi WHEAT/wheat-v1-core-8360ac0a537589bb974e8a5a169bb3e7c95d2857::Exchange,false_negative,0.8170223395090594,0.9490000000000001,1,0,
reentrancy_only,rule_suppression,43,DAPP::DAppSCAN-source/contracts/SlowMist-ForTube2.0 Smart Contract Security Audit Report/bond-854527d0ea7ad2ddd3504b4d4ae3fcb57cb6445d::PRA,false_negative,0.852920869662376,0.9490000000000001,1,1,lock|unlock
reentrancy_only,rule_suppression,43,"DAPP::DAppSCAN-source/contracts/Coinfabrik-MintingFactoryV2, BaseUpgradableMarketplace & KODAV3UpgradableGatedMarketplace/known-origin-contracts-v3-d592c5f4fa4e0b6fc65a1fce43e302706aedf607::MintingFactoryV2",false_negative,0.3092348962932338,0.9490000000000001,1,1,_authorizeUpgrade|_setAdmin|_setBeacon|_setImplementation|mintBatchEdition
reentrancy_only,rule_suppression,43,"DAPP::DAppSCAN-source/contracts/Coinfabrik-MintingFactoryV2, BaseUpgradableMarketplace & KODAV3UpgradableGatedMarketplace/known-origin-contracts-v3-d592c5f4fa4e0b6fc65a1fce43e302706aedf607::RoyaltyImplV1R1",false_positive,0.9583989167245772,0.9490000000000001,0,1,drain
reentrancy_only,rule_suppression,43,"DAPP::DAppSCAN-source/contracts/Coinfabrik-MintingFactoryV2, BaseUpgradableMarketplace & KODAV3UpgradableGatedMarketplace/known-origin-contracts-v3-d592c5f4fa4e0b6fc65a1fce43e302706aedf607::RoyaltyImplV1R2",false_positive,0.9583989167245772,0.9490000000000001,0,1,drain
reentrancy_only,rule_suppression,43,"DAPP::DAppSCAN-source/contracts/Coinfabrik-MintingFactoryV2, BaseUpgradableMarketplace & KODAV3UpgradableGatedMarketplace/known-origin-contracts-v3-d592c5f4fa4e0b6fc65a1fce43e302706aedf607::FundsReceiver",false_positive,0.958398441429379,0.9490000000000001,0,1,drain
reentrancy_only,rule_suppression,43,"DAPP::DAppSCAN-source/contracts/Coinfabrik-MintingFactoryV2, BaseUpgradableMarketplace & KODAV3UpgradableGatedMarketplace/known-origin-contracts-v3-d592c5f4fa4e0b6fc65a1fce43e302706aedf607::CollabFundsReceiver",false_positive,0.9597049784642298,0.9490000000000001,0,1,drain|drainERC20|drainShare
reentrancy_only,rule_suppression,43,FORGE::vfp_00156::SponsoredOFTSrcPeriphery,false_positive,0.9696454414309897,0.9490000000000001,0,0,
reentrancy_only,rule_suppression,43,DAPP::DAppSCAN-source/contracts/Solidity_Finance-OKLG - Smart Contract/contracts-e167d0d742d21bcc62d7a5b770a1f0ed1cf31eca::OKLGFaaSToken,false_positive,0.9537921809839939,0.9490000000000001,0,1,_harvestTokens|emergencyUnstake|removeStakeableTokens|stakeTokens|unstakeTokens
reentrancy_only,rule_suppression,43,DAPP::DAppSCAN-source/contracts/Solidity_Finance-OKLG - Smart Contract/contracts-e167d0d742d21bcc62d7a5b770a1f0ed1cf31eca::OKLGDividendDistributor,false_positive,0.9732465466248366,0.9490000000000001,0,1,depositDividends|setBoostContract|setBoostMultiplierContract|unstake
reentrancy_only,rule_suppression,43,DAPP::DAppSCAN-source/contracts/Solidity_Finance-OKLG - Smart Contract/contracts-e167d0d742d21bcc62d7a5b770a1f0ed1cf31eca::OKLGTrustedTimestamping,false_positive,0.9886968127991089,0.9490000000000001,0,0,
reentrancy_only,rule_suppression,43,DAPP::DAppSCAN-source/contracts/Solidity_Finance-OKLG - Smart Contract/contracts-e167d0d742d21bcc62d7a5b770a1f0ed1cf31eca::OKLGAtomicSwap,false_positive,0.9586830552399666,0.9490000000000001,0,0,
reentrancy_only,rule_suppression,43,DAPP::DAppSCAN-source/contracts/Solidity_Finance-OKLG - Smart Contract/contracts-e167d0d742d21bcc62d7a5b770a1f0ed1cf31eca::OKLGRaffle,false_positive,0.9638773854163296,0.9490000000000001,0,1,closeRaffleAndRefund|enterRaffle
reentrancy_only,rule_suppression,43,DAPP::DAppSCAN-source/contracts/Hacken-Tenderize/tender-core-1fd606141625171fe792045ae9233890262d2d62::TokenFaucet,false_positive,0.9819084039072103,0.9490000000000001,0,0,
reentrancy_only,rule_suppression,43,FORGE::vfp_00220::LiquidityPenaltyHook,false_positive,0.9759146363785857,0.9490000000000001,0,0,
reentrancy_only,rule_suppression,43,DAPP::DAppSCAN-source/contracts/Trail_of_Bits-Liquity/dev-f0df3efa5a5f05b205752184cfce107c5bd6e06c::BorrowerOperations,false_negative,0.8215964262201174,0.9490000000000001,1,1,_adjustTrove
reentrancy_only,rule_suppression,43,DAPP::DAppSCAN-source/contracts/Trail_of_Bits-Liquity/dev-f0df3efa5a5f05b205752184cfce107c5bd6e06c::SortedTroves,false_positive,0.9620373322778802,0.9490000000000001,0,1,_insert|_remove
reentrancy_only,rule_suppression,44,FORGE::vfp_00058::BasePositionManager,false_positive,0.8012672697556948,0.667,0,0,
reentrancy_only,rule_suppression,44,FORGE::vfp_00058::LikwidLendPosition,false_positive,0.9504840989718714,0.667,0,0,
reentrancy_only,rule_suppression,44,FORGE::vfp_00260::Router_Adapter,false_negative,0.296579678173633,0.667,1,0,
reentrancy_only,rule_suppression,44,FORGE::vfp_00126::Arbitrum_Adapter,false_positive,0.7257586738112244,0.667,0,0,
reentrancy_only,rule_suppression,44,FORGE::vfp_00288::DelegationMetaSwapAdapter,false_negative,0.5099487285292507,0.667,1,1,swapTokens
reentrancy_only,rule_suppression,44,DAPP::DAppSCAN-source/contracts/SlowMist-Booster-Protocol_智能安全审计报告/boosterProtocol-946b15629c410d706856584f3aa04001d6a55bd2::BOOPools,false_positive,0.8288841683509602,0.667,0,1,add|deposit|emergencyWithdraw|withdraw
reentrancy_only,rule_suppression,44,DAPP::DAppSCAN-source/contracts/SlowMist-Booster-Protocol_智能安全审计报告/boosterProtocol-946b15629c410d706856584f3aa04001d6a55bd2::ActionPools,false_positive,0.8076540034059079,0.667,0,1,getBlocksReward
reentrancy_only,rule_suppression,44,DAPP::DAppSCAN-source/contracts/Hacken-Powerbomb-V1/powerbomb-lite-0f86ff1eecdd723be733a9b33ff4ffa3bbdadcee::PowerBombAvaxCurve,false_negative,0.23634527360830598,0.667,1,1,_deposit|withdraw
reentrancy_only,rule_suppression,44,DAPP::DAppSCAN-source/contracts/PeckShield-DarkCrypto/darkcrypto-contracts-fee5be8d36459aebed2b84e6493875b3dc0366fd::DarkRewardPool,false_positive,0.9069647088185457,0.667,0,1,add|governanceRecoverUnsupported|withdraw
reentrancy_only,rule_suppression,44,DAPP::DAppSCAN-source/contracts/PepperSec-Aira-Robonomic/robonomics_contracts-cc35a91de187072214d215262d8371f0159c2498::Ambix,false_positive,0.8535038664118529,0.667,0,1,run
reentrancy_only,rule_suppression,44,DAPP::DAppSCAN-source/contracts/PepperSec-Aira-Robonomic/robonomics_contracts-cc35a91de187072214d215262d8371f0159c2498::LighthouseLib,false_negative,0.5500588957420285,0.667,1,1,refill|withdraw
reentrancy_only,rule_suppression,44,DAPP::DAppSCAN-source/contracts/PepperSec-Aira-Robonomic/robonomics_contracts-cc35a91de187072214d215262d8371f0159c2498::DutchAuction,false_positive,0.7309935332951856,0.667,0,1,bid|claimTokens|finalizeAuction|setup
reentrancy_only,rule_suppression,44,DAPP::DAppSCAN-source/contracts/BlockSec-blocksec_impossible_finance_swap_v1.2/impossible-swap-core-29aaef89f996acdbee92b67c4d95fb608dc8b876::ImpossibleWrappedToken,false_negative,0.22489466564095062,0.667,1,1,_withdraw
reentrancy_only,rule_suppression,44,DAPP::DAppSCAN-source/contracts/BlockSec-blocksec_impossible_finance_swap_v1.2/impossible-swap-core-29aaef89f996acdbee92b67c4d95fb608dc8b876::WETH9,false_positive,0.6674924337249003,0.667,0,1,withdraw
reentrancy_only,rule_suppression,44,DAPP::DAppSCAN-source/contracts/Solidified-Aztec Element Bridge/aztec-connect-bridges-ac2e7194b5887ea11a607b4cf8de0547b3d7fdd0::RollupProcessor,false_positive,0.7042243787064132,0.667,0,1,processAsyncDefiInteraction
reentrancy_only,rule_suppression,44,DAPP::DAppSCAN-source/contracts/consensys-GrowthDeFi WHEAT/wheat-v1-core-8360ac0a537589bb974e8a5a169bb3e7c95d2857::Exchange,false_negative,0.23983371170655268,0.667,1,0,
reentrancy_only,rule_suppression,44,DAPP::DAppSCAN-source/contracts/SlowMist-ForTube2.0 Smart Contract Security Audit Report/bond-854527d0ea7ad2ddd3504b4d4ae3fcb57cb6445d::PRA,false_negative,0.5576210054329597,0.667,1,1,lock|unlock
reentrancy_only,rule_suppression,44,"DAPP::DAppSCAN-source/contracts/Coinfabrik-MintingFactoryV2, BaseUpgradableMarketplace & KODAV3UpgradableGatedMarketplace/known-origin-contracts-v3-d592c5f4fa4e0b6fc65a1fce43e302706aedf607::MintingFactoryV2",false_negative,0.04977712479403621,0.667,1,1,_authorizeUpgrade|_setAdmin|_setBeacon|_setImplementation|mintBatchEdition
reentrancy_only,rule_suppression,44,"DAPP::DAppSCAN-source/contracts/Coinfabrik-MintingFactoryV2, BaseUpgradableMarketplace & KODAV3UpgradableGatedMarketplace/known-origin-contracts-v3-d592c5f4fa4e0b6fc65a1fce43e302706aedf607::CollabRoyaltiesRegistry",false_positive,0.7752835991787459,0.667,0,1,usePredeterminedRoyaltiesRecipient
reentrancy_only,rule_suppression,44,"DAPP::DAppSCAN-source/contracts/Coinfabrik-MintingFactoryV2, BaseUpgradableMarketplace & KODAV3UpgradableGatedMarketplace/known-origin-contracts-v3-d592c5f4fa4e0b6fc65a1fce43e302706aedf607::ClaimableFundsReceiverV1",false_positive,0.8335826997784219,0.667,0,1,drain|drainERC20
reentrancy_only,rule_suppression,44,"DAPP::DAppSCAN-source/contracts/Coinfabrik-MintingFactoryV2, BaseUpgradableMarketplace & KODAV3UpgradableGatedMarketplace/known-origin-contracts-v3-d592c5f4fa4e0b6fc65a1fce43e302706aedf607::ClaimableFundsSplitterV1",false_positive,0.8335826997784219,0.667,0,1,drain|drainERC20
reentrancy_only,rule_suppression,44,"DAPP::DAppSCAN-source/contracts/Coinfabrik-MintingFactoryV2, BaseUpgradableMarketplace & KODAV3UpgradableGatedMarketplace/known-origin-contracts-v3-d592c5f4fa4e0b6fc65a1fce43e302706aedf607::CloneBasedRegistry",false_positive,0.6884131040639988,0.667,0,0,
reentrancy_only,rule_suppression,44,"DAPP::DAppSCAN-source/contracts/Coinfabrik-MintingFactoryV2, BaseUpgradableMarketplace & KODAV3UpgradableGatedMarketplace/known-origin-contracts-v3-d592c5f4fa4e0b6fc65a1fce43e302706aedf607::RoyaltyImplV1R1",false_positive,0.8659122860613441,0.667,0,1,drain
reentrancy_only,rule_suppression,44,"DAPP::DAppSCAN-source/contracts/Coinfabrik-MintingFactoryV2, BaseUpgradableMarketplace & KODAV3UpgradableGatedMarketplace/known-origin-contracts-v3-d592c5f4fa4e0b6fc65a1fce43e302706aedf607::RoyaltyImplV1R2",false_positive,0.8659122860613441,0.667,0,1,drain
reentrancy_only,rule_suppression,44,"DAPP::DAppSCAN-source/contracts/Coinfabrik-MintingFactoryV2, BaseUpgradableMarketplace & KODAV3UpgradableGatedMarketplace/known-origin-contracts-v3-d592c5f4fa4e0b6fc65a1fce43e302706aedf607::FundsReceiver",false_positive,0.865916549086248,0.667,0,1,drain
reentrancy_only,rule_suppression,44,"DAPP::DAppSCAN-source/contracts/Coinfabrik-MintingFactoryV2, BaseUpgradableMarketplace & KODAV3UpgradableGatedMarketplace/known-origin-contracts-v3-d592c5f4fa4e0b6fc65a1fce43e302706aedf607::CollabFundsReceiver",false_positive,0.8570551966781021,0.667,0,1,drain|drainERC20|drainShare
reentrancy_only,rule_suppression,44,FORGE::vfp_00156::SponsoredOFTSrcPeriphery,false_positive,0.8762202535954561,0.667,0,0,
reentrancy_only,rule_suppression,44,DAPP::DAppSCAN-source/contracts/Solidity_Finance-OKLG - Smart Contract/contracts-e167d0d742d21bcc62d7a5b770a1f0ed1cf31eca::OKLGAtomicSwapInstance,false_positive,0.7226963129689523,0.667,0,1,fundSendToDestinationGas|receiveTokensFromSource|refundTokensFromSource|sendTokensToDestination|withdrawTokens
reentrancy_only,rule_suppression,44,DAPP::DAppSCAN-source/contracts/Solidity_Finance-OKLG - Smart Contract/contracts-e167d0d742d21bcc62d7a5b770a1f0ed1cf31eca::OKLGFaaSToken,false_positive,0.8234031914472913,0.667,0,1,_harvestTokens|emergencyUnstake|removeStakeableTokens|stakeTokens|unstakeTokens
reentrancy_only,rule_suppression,44,DAPP::DAppSCAN-source/contracts/Solidity_Finance-OKLG - Smart Contract/contracts-e167d0d742d21bcc62d7a5b770a1f0ed1cf31eca::OKLGSpend,false_positive,0.7313573546079596,0.667,0,1,spendOnProduct
reentrancy_only,rule_suppression,44,DAPP::DAppSCAN-source/contracts/Solidity_Finance-OKLG - Smart Contract/contracts-e167d0d742d21bcc62d7a5b770a1f0ed1cf31eca::OKLGPasswordManager,false_positive,0.9061319314931157,0.667,0,1,addAccount|bulkAddAccounts
reentrancy_only,rule_suppression,44,DAPP::DAppSCAN-source/contracts/Solidity_Finance-OKLG - Smart Contract/contracts-e167d0d742d21bcc62d7a5b770a1f0ed1cf31eca::OKLGAffiliate,false_positive,0.7708452642750109,0.667,0,1,pay
reentrancy_only,rule_suppression,44,DAPP::DAppSCAN-source/contracts/Solidity_Finance-OKLG - Smart Contract/contracts-e167d0d742d21bcc62d7a5b770a1f0ed1cf31eca::OKLGDividendDistributor,false_positive,0.8987437832069196,0.667,0,1,depositDividends|setBoostContract|setBoostMultiplierContract|unstake
reentrancy_only,rule_suppression,44,DAPP::DAppSCAN-source/contracts/Solidity_Finance-OKLG - Smart Contract/contracts-e167d0d742d21bcc62d7a5b770a1f0ed1cf31eca::OKLGTrustedTimestamping,false_positive,0.9706137972837336,0.667,0,0,
reentrancy_only,rule_suppression,44,DAPP::DAppSCAN-source/contracts/Solidity_Finance-OKLG - Smart Contract/contracts-e167d0d742d21bcc62d7a5b770a1f0ed1cf31eca::OKLGAtomicSwap,false_positive,0.731214670293935,0.667,0,0,
reentrancy_only,rule_suppression,44,DAPP::DAppSCAN-source/contracts/Solidity_Finance-OKLG - Smart Contract/contracts-e167d0d742d21bcc62d7a5b770a1f0ed1cf31eca::KetherNFTLoaner,false_positive,0.7084291606982338,0.667,0,1,addPlot|loanPlot|removePlot
reentrancy_only,rule_suppression,44,DAPP::DAppSCAN-source/contracts/Solidity_Finance-OKLG - Smart Contract/contracts-e167d0d742d21bcc62d7a5b770a1f0ed1cf31eca::OKLGRaffle,false_positive,0.93120052277719,0.667,0,1,closeRaffleAndRefund|enterRaffle
reentrancy_only,rule_suppression,44,DAPP::DAppSCAN-source/contracts/Solidity_Finance-OKLG - Smart Contract/contracts-e167d0d742d21bcc62d7a5b770a1f0ed1cf31eca::OKLGETHSplitter,false_positive,0.7472840811446554,0.667,0,1,setReceivers
reentrancy_only,rule_suppression,44,DAPP::DAppSCAN-source/contracts/Solidified-Aztec Lido Bridge/aztec-connect-bridges-d5aca13d4d0a17b21eeddf77f49f4c6613461fb0::RollupProcessor,false_positive,0.7042302138145375,0.667,0,1,processAsyncDefiInteraction
reentrancy_only,rule_suppression,44,DAPP::DAppSCAN-source/contracts/Solidified-Aztec Lido Bridge/aztec-connect-bridges-d5aca13d4d0a17b21eeddf77f49f4c6613461fb0::ElementBridge,false_positive,0.7651024493174935,0.667,0,1,finalise
reentrancy_only,rule_suppression,44,DAPP::DAppSCAN-source/contracts/Hacken-Tenderize/tender-core-1fd606141625171fe792045ae9233890262d2d62::TokenFaucet,false_positive,0.8964720382225319,0.667,0,0,
reentrancy_only,rule_suppression,44,FORGE::vfp_00220::LiquidityPenaltyHook,false_positive,0.904459413340121,0.667,0,0,
reentrancy_only,rule_suppression,44,DAPP::DAppSCAN-source/contracts/consensys-The_LAO/moloch-4bc443f4dad60279b47978fc6987bb978d3dfc58::MolochPool,false_positive,0.7720342460012048,0.667,0,1,_withdraw|activate|sync
reentrancy_only,rule_suppression,44,DAPP::DAppSCAN-source/contracts/consensys-The_LAO/moloch-4bc443f4dad60279b47978fc6987bb978d3dfc58::GnosisSafe,false_positive,0.720272875875976,0.667,0,1,checkSignatures
reentrancy_only,rule_suppression,44,DAPP::DAppSCAN-source/contracts/consensys-The_LAO/moloch-4bc443f4dad60279b47978fc6987bb978d3dfc58::StateChannelModule,false_positive,0.7471255585391658,0.667,0,1,execTransaction
reentrancy_only,rule_suppression,44,DAPP::DAppSCAN-source/contracts/consensys-The_LAO/moloch-4bc443f4dad60279b47978fc6987bb978d3dfc58::Submitter,false_positive,0.8323057966350099,0.667,0,0,
reentrancy_only,rule_suppression,44,DAPP::DAppSCAN-source/contracts/Trail_of_Bits-Liquity/dev-f0df3efa5a5f05b205752184cfce107c5bd6e06c::BorrowerOperations,false_negative,0.363047904058754,0.667,1,1,_adjustTrove
reentrancy_only,rule_suppression,44,DAPP::DAppSCAN-source/contracts/Trail_of_Bits-Liquity/dev-f0df3efa5a5f05b205752184cfce107c5bd6e06c::MultiTroveGetter,false_positive,0.6944372725321002,0.667,0,0,
reentrancy_only,rule_suppression,44,DAPP::DAppSCAN-source/contracts/Trail_of_Bits-Liquity/dev-f0df3efa5a5f05b205752184cfce107c5bd6e06c::SortedTroves,false_positive,0.8869981665401624,0.667,0,1,_insert|_remove
reentrancy_only,rule_suppression,44,DAPP::DAppSCAN-source/contracts/Trail_of_Bits-Liquity/dev-f0df3efa5a5f05b205752184cfce107c5bd6e06c::LQTYStaking,false_positive,0.7518438219603092,0.667,0,0,
reentrancy_only,rule_suppression,45,FORGE::vfp_00058::LikwidLendPosition,false_positive,0.9249510669723742,0.8180000000000001,0,0,
reentrancy_only,rule_suppression,45,FORGE::vfp_00260::Router_Adapter,false_negative,0.22467171013101703,0.8180000000000001,1,0,
reentrancy_only,rule_suppression,45,FORGE::vfp_00126::SpokePool,false_negative,0.6727846239791823,0.8180000000000001,1,1,_deposit|_distributeRelayerRefunds|_fillRelayV3|claimRelayerRefund|executeSlowRelayLeaf
reentrancy_only,rule_suppression,45,FORGE::vfp_00288::DelegationMetaSwapAdapter,false_negative,0.4492331493134726,0.8180000000000001,1,1,swapTokens
reentrancy_only,rule_suppression,45,DAPP::DAppSCAN-source/contracts/Hacken-Powerbomb-V1/powerbomb-lite-0f86ff1eecdd723be733a9b33ff4ffa3bbdadcee::PowerBombAvaxCurve,false_negative,0.38179079979676545,0.8180000000000001,1,1,_deposit|withdraw
reentrancy_only,rule_suppression,45,DAPP::DAppSCAN-source/contracts/PeckShield-DarkCrypto/darkcrypto-contracts-fee5be8d36459aebed2b84e6493875b3dc0366fd::DarkRewardPool,false_positive,0.8780540664625993,0.8180000000000001,0,1,add|governanceRecoverUnsupported|withdraw
reentrancy_only,rule_suppression,45,DAPP::DAppSCAN-source/contracts/PepperSec-Aira-Robonomic/robonomics_contracts-cc35a91de187072214d215262d8371f0159c2498::RobotLiabilityLib,false_negative,0.7321385610224103,0.8180000000000001,1,1,finalize
reentrancy_only,rule_suppression,45,DAPP::DAppSCAN-source/contracts/PepperSec-Aira-Robonomic/robonomics_contracts-cc35a91de187072214d215262d8371f0159c2498::LighthouseLib,false_negative,0.5702251897298669,0.8180000000000001,1,1,refill|withdraw
reentrancy_only,rule_suppression,45,DAPP::DAppSCAN-source/contracts/BlockSec-blocksec_impossible_finance_swap_v1.2/impossible-swap-core-29aaef89f996acdbee92b67c4d95fb608dc8b876::ImpossibleWrappedToken,false_negative,0.1824542041211203,0.8180000000000001,1,1,_withdraw
reentrancy_only,rule_suppression,45,DAPP::DAppSCAN-source/contracts/consensys-GrowthDeFi WHEAT/wheat-v1-core-8360ac0a537589bb974e8a5a169bb3e7c95d2857::Exchange,false_negative,0.18986869275147414,0.8180000000000001,1,0,
reentrancy_only,rule_suppression,45,DAPP::DAppSCAN-source/contracts/SlowMist-ForTube2.0 Smart Contract Security Audit Report/bond-854527d0ea7ad2ddd3504b4d4ae3fcb57cb6445d::PRA,false_negative,0.49994373507821477,0.8180000000000001,1,1,lock|unlock
reentrancy_only,rule_suppression,45,"DAPP::DAppSCAN-source/contracts/Coinfabrik-MintingFactoryV2, BaseUpgradableMarketplace & KODAV3UpgradableGatedMarketplace/known-origin-contracts-v3-d592c5f4fa4e0b6fc65a1fce43e302706aedf607::MintingFactoryV2",false_negative,0.07692947469921954,0.8180000000000001,1,1,_authorizeUpgrade|_setAdmin|_setBeacon|_setImplementation|mintBatchEdition
reentrancy_only,rule_suppression,45,"DAPP::DAppSCAN-source/contracts/Coinfabrik-MintingFactoryV2, BaseUpgradableMarketplace & KODAV3UpgradableGatedMarketplace/known-origin-contracts-v3-d592c5f4fa4e0b6fc65a1fce43e302706aedf607::RoyaltyImplV1R1",false_positive,0.8403375725527678,0.8180000000000001,0,1,drain
reentrancy_only,rule_suppression,45,"DAPP::DAppSCAN-source/contracts/Coinfabrik-MintingFactoryV2, BaseUpgradableMarketplace & KODAV3UpgradableGatedMarketplace/known-origin-contracts-v3-d592c5f4fa4e0b6fc65a1fce43e302706aedf607::RoyaltyImplV1R2",false_positive,0.8403375725527678,0.8180000000000001,0,1,drain
reentrancy_only,rule_suppression,45,"DAPP::DAppSCAN-source/contracts/Coinfabrik-MintingFactoryV2, BaseUpgradableMarketplace & KODAV3UpgradableGatedMarketplace/known-origin-contracts-v3-d592c5f4fa4e0b6fc65a1fce43e302706aedf607::FundsReceiver",false_positive,0.8403431385081622,0.8180000000000001,0,1,drain
reentrancy_only,rule_suppression,45,"DAPP::DAppSCAN-source/contracts/Coinfabrik-MintingFactoryV2, BaseUpgradableMarketplace & KODAV3UpgradableGatedMarketplace/known-origin-contracts-v3-d592c5f4fa4e0b6fc65a1fce43e302706aedf607::CollabFundsReceiver",false_positive,0.8367111051708896,0.8180000000000001,0,1,drain|drainERC20|drainShare
reentrancy_only,rule_suppression,45,FORGE::vfp_00156::SponsoredOFTSrcPeriphery,false_positive,0.8424125188330592,0.8180000000000001,0,0,
reentrancy_only,rule_suppression,45,DAPP::DAppSCAN-source/contracts/Solidity_Finance-OKLG - Smart Contract/contracts-e167d0d742d21bcc62d7a5b770a1f0ed1cf31eca::MTGYTokenLocker,false_negative,0.7704778152621161,0.8180000000000001,1,1,createLocker|withdrawLockedTokens
reentrancy_only,rule_suppression,45,DAPP::DAppSCAN-source/contracts/Solidity_Finance-OKLG - Smart Contract/contracts-e167d0d742d21bcc62d7a5b770a1f0ed1cf31eca::OKLGPasswordManager,false_positive,0.8787373721288803,0.8180000000000001,0,1,addAccount|bulkAddAccounts
reentrancy_only,rule_suppression,45,DAPP::DAppSCAN-source/contracts/Solidity_Finance-OKLG - Smart Contract/contracts-e167d0d742d21bcc62d7a5b770a1f0ed1cf31eca::OKLGDividendDistributor,false_positive,0.8458741139591643,0.8180000000000001,0,1,depositDividends|setBoostContract|setBoostMultiplierContract|unstake
reentrancy_only,rule_suppression,45,DAPP::DAppSCAN-source/contracts/Solidity_Finance-OKLG - Smart Contract/contracts-e167d0d742d21bcc62d7a5b770a1f0ed1cf31eca::OKLGTrustedTimestamping,false_positive,0.9498488211013821,0.8180000000000001,0,0,
reentrancy_only,rule_suppression,45,DAPP::DAppSCAN-source/contracts/Solidity_Finance-OKLG - Smart Contract/contracts-e167d0d742d21bcc62d7a5b770a1f0ed1cf31eca::OKLGRaffle,false_positive,0.8887811138709772,0.8180000000000001,0,1,closeRaffleAndRefund|enterRaffle
reentrancy_only,rule_suppression,45,DAPP::DAppSCAN-source/contracts/Hacken-Tenderize/tender-core-1fd606141625171fe792045ae9233890262d2d62::TokenFaucet,false_positive,0.8911256166727529,0.8180000000000001,0,0,
reentrancy_only,rule_suppression,45,FORGE::vfp_00220::LiquidityPenaltyHook,false_positive,0.8904578692640955,0.8180000000000001,0,0,
reentrancy_only,rule_suppression,45,DAPP::DAppSCAN-source/contracts/consensys-The_LAO/moloch-4bc443f4dad60279b47978fc6987bb978d3dfc58::Submitter,false_positive,0.8632530989048595,0.8180000000000001,0,0,
reentrancy_only,rule_suppression,45,DAPP::DAppSCAN-source/contracts/Trail_of_Bits-Liquity/dev-f0df3efa5a5f05b205752184cfce107c5bd6e06c::BorrowerOperations,false_negative,0.36548605197855577,0.8180000000000001,1,1,_adjustTrove
reentrancy_only,rule_suppression,45,DAPP::DAppSCAN-source/contracts/Trail_of_Bits-Liquity/dev-f0df3efa5a5f05b205752184cfce107c5bd6e06c::SortedTroves,false_positive,0.8495348702995305,0.8180000000000001,0,1,_insert|_remove
reentrancy_only,rule_suppression,46,FORGE::vfp_00058::LikwidLendPosition,false_positive,0.9362913204480612,0.803,0,0,
reentrancy_only,rule_suppression,46,FORGE::vfp_00260::Router_Adapter,false_negative,0.3010086479202259,0.803,1,0,
reentrancy_only,rule_suppression,46,FORGE::vfp_00126::SpokePool,false_negative,0.7118394378589705,0.803,1,1,_deposit|_distributeRelayerRefunds|_fillRelayV3|claimRelayerRefund|executeSlowRelayLeaf
reentrancy_only,rule_suppression,46,FORGE::vfp_00288::DelegationMetaSwapAdapter,false_negative,0.47447925254603485,0.803,1,1,swapTokens
reentrancy_only,rule_suppression,46,DAPP::DAppSCAN-source/contracts/SlowMist-Booster-Protocol_智能安全审计报告/boosterProtocol-946b15629c410d706856584f3aa04001d6a55bd2::BOOPools,false_positive,0.8202723605011828,0.803,0,1,add|deposit|emergencyWithdraw|withdraw
reentrancy_only,rule_suppression,46,DAPP::DAppSCAN-source/contracts/SlowMist-Booster-Protocol_智能安全审计报告/boosterProtocol-946b15629c410d706856584f3aa04001d6a55bd2::ActionPools,false_positive,0.8257516151273627,0.803,0,1,getBlocksReward
reentrancy_only,rule_suppression,46,DAPP::DAppSCAN-source/contracts/Hacken-Powerbomb-V1/powerbomb-lite-0f86ff1eecdd723be733a9b33ff4ffa3bbdadcee::PowerBombAvaxCurve,false_negative,0.3081740626129241,0.803,1,1,_deposit|withdraw
reentrancy_only,rule_suppression,46,DAPP::DAppSCAN-source/contracts/PeckShield-DarkCrypto/darkcrypto-contracts-fee5be8d36459aebed2b84e6493875b3dc0366fd::DarkRewardPool,false_positive,0.9023151814637286,0.803,0,1,add|governanceRecoverUnsupported|withdraw
reentrancy_only,rule_suppression,46,DAPP::DAppSCAN-source/contracts/PepperSec-Aira-Robonomic/robonomics_contracts-cc35a91de187072214d215262d8371f0159c2498::Ambix,false_positive,0.8380861099889054,0.803,0,1,run
reentrancy_only,rule_suppression,46,DAPP::DAppSCAN-source/contracts/PepperSec-Aira-Robonomic/robonomics_contracts-cc35a91de187072214d215262d8371f0159c2498::RobotLiabilityLib,false_negative,0.760793800595953,0.803,1,1,finalize
reentrancy_only,rule_suppression,46,DAPP::DAppSCAN-source/contracts/PepperSec-Aira-Robonomic/robonomics_contracts-cc35a91de187072214d215262d8371f0159c2498::LighthouseLib,false_negative,0.5321831390725195,0.803,1,1,refill|withdraw
reentrancy_only,rule_suppression,46,DAPP::DAppSCAN-source/contracts/BlockSec-blocksec_impossible_finance_swap_v1.2/impossible-swap-core-29aaef89f996acdbee92b67c4d95fb608dc8b876::ImpossibleWrappedToken,false_negative,0.26287687780551106,0.803,1,1,_withdraw
reentrancy_only,rule_suppression,46,DAPP::DAppSCAN-source/contracts/consensys-GrowthDeFi WHEAT/wheat-v1-core-8360ac0a537589bb974e8a5a169bb3e7c95d2857::Exchange,false_negative,0.18404049138084852,0.803,1,0,
reentrancy_only,rule_suppression,46,DAPP::DAppSCAN-source/contracts/SlowMist-ForTube2.0 Smart Contract Security Audit Report/bond-854527d0ea7ad2ddd3504b4d4ae3fcb57cb6445d::PRA,false_negative,0.5573772004405656,0.803,1,1,lock|unlock
reentrancy_only,rule_suppression,46,"DAPP::DAppSCAN-source/contracts/Coinfabrik-MintingFactoryV2, BaseUpgradableMarketplace & KODAV3UpgradableGatedMarketplace/known-origin-contracts-v3-d592c5f4fa4e0b6fc65a1fce43e302706aedf607::MintingFactoryV2",false_negative,0.06569435419674341,0.803,1,1,_authorizeUpgrade|_setAdmin|_setBeacon|_setImplementation|mintBatchEdition
reentrancy_only,rule_suppression,46,"DAPP::DAppSCAN-source/contracts/Coinfabrik-MintingFactoryV2, BaseUpgradableMarketplace & KODAV3UpgradableGatedMarketplace/known-origin-contracts-v3-d592c5f4fa4e0b6fc65a1fce43e302706aedf607::ClaimableFundsReceiverV1",false_positive,0.8410541404317406,0.803,0,1,drain|drainERC20
reentrancy_only,rule_suppression,46,"DAPP::DAppSCAN-source/contracts/Coinfabrik-MintingFactoryV2, BaseUpgradableMarketplace & KODAV3UpgradableGatedMarketplace/known-origin-contracts-v3-d592c5f4fa4e0b6fc65a1fce43e302706aedf607::ClaimableFundsSplitterV1",false_positive,0.8410541404317406,0.803,0,1,drain|drainERC20
reentrancy_only,rule_suppression,46,"DAPP::DAppSCAN-source/contracts/Coinfabrik-MintingFactoryV2, BaseUpgradableMarketplace & KODAV3UpgradableGatedMarketplace/known-origin-contracts-v3-d592c5f4fa4e0b6fc65a1fce43e302706aedf607::RoyaltyImplV1R1",false_positive,0.8586893236535836,0.803,0,1,drain
reentrancy_only,rule_suppression,46,"DAPP::DAppSCAN-source/contracts/Coinfabrik-MintingFactoryV2, BaseUpgradableMarketplace & KODAV3UpgradableGatedMarketplace/known-origin-contracts-v3-d592c5f4fa4e0b6fc65a1fce43e302706aedf607::RoyaltyImplV1R2",false_positive,0.8586893236535836,0.803,0,1,drain
reentrancy_only,rule_suppression,46,"DAPP::DAppSCAN-source/contracts/Coinfabrik-MintingFactoryV2, BaseUpgradableMarketplace & KODAV3UpgradableGatedMarketplace/known-origin-contracts-v3-d592c5f4fa4e0b6fc65a1fce43e302706aedf607::FundsReceiver",false_positive,0.8587029492194571,0.803,0,1,drain
reentrancy_only,rule_suppression,46,"DAPP::DAppSCAN-source/contracts/Coinfabrik-MintingFactoryV2, BaseUpgradableMarketplace & KODAV3UpgradableGatedMarketplace/known-origin-contracts-v3-d592c5f4fa4e0b6fc65a1fce43e302706aedf607::CollabFundsReceiver",false_positive,0.867609441708328,0.803,0,1,drain|drainERC20|drainShare
reentrancy_only,rule_suppression,46,FORGE::vfp_00156::SponsoredOFTSrcPeriphery,false_positive,0.8644952833782338,0.803,0,0,
reentrancy_only,rule_suppression,46,DAPP::DAppSCAN-source/contracts/Solidity_Finance-OKLG - Smart Contract/contracts-e167d0d742d21bcc62d7a5b770a1f0ed1cf31eca::MTGYTokenLocker,false_negative,0.7570184534940603,0.803,1,1,createLocker|withdrawLockedTokens
reentrancy_only,rule_suppression,46,DAPP::DAppSCAN-source/contracts/Solidity_Finance-OKLG - Smart Contract/contracts-e167d0d742d21bcc62d7a5b770a1f0ed1cf31eca::OKLGPasswordManager,false_positive,0.8914933938068031,0.803,0,1,addAccount|bulkAddAccounts
reentrancy_only,rule_suppression,46,DAPP::DAppSCAN-source/contracts/Solidity_Finance-OKLG - Smart Contract/contracts-e167d0d742d21bcc62d7a5b770a1f0ed1cf31eca::OKLGDividendDistributor,false_positive,0.8077607246201954,0.803,0,1,depositDividends|setBoostContract|setBoostMultiplierContract|unstake
reentrancy_only,rule_suppression,46,DAPP::DAppSCAN-source/contracts/Solidity_Finance-OKLG - Smart Contract/contracts-e167d0d742d21bcc62d7a5b770a1f0ed1cf31eca::OKLGTrustedTimestamping,false_positive,0.9564067476983114,0.803,0,0,
reentrancy_only,rule_suppression,46,DAPP::DAppSCAN-source/contracts/Solidity_Finance-OKLG - Smart Contract/contracts-e167d0d742d21bcc62d7a5b770a1f0ed1cf31eca::OKLGRaffle,false_positive,0.9109706699017879,0.803,0,1,closeRaffleAndRefund|enterRaffle
reentrancy_only,rule_suppression,46,DAPP::DAppSCAN-source/contracts/Hacken-Tenderize/tender-core-1fd606141625171fe792045ae9233890262d2d62::TokenFaucet,false_positive,0.9076066792248034,0.803,0,0,
reentrancy_only,rule_suppression,46,FORGE::vfp_00220::LiquidityPenaltyHook,false_positive,0.8976332879073171,0.803,0,0,
reentrancy_only,rule_suppression,46,DAPP::DAppSCAN-source/contracts/consensys-The_LAO/moloch-4bc443f4dad60279b47978fc6987bb978d3dfc58::Submitter,false_positive,0.8223667363816077,0.803,0,0,
reentrancy_only,rule_suppression,46,DAPP::DAppSCAN-source/contracts/Trail_of_Bits-Liquity/dev-f0df3efa5a5f05b205752184cfce107c5bd6e06c::BorrowerOperations,false_negative,0.3852540709256304,0.803,1,1,_adjustTrove
reentrancy_only,rule_suppression,46,DAPP::DAppSCAN-source/contracts/Trail_of_Bits-Liquity/dev-f0df3efa5a5f05b205752184cfce107c5bd6e06c::SortedTroves,false_positive,0.8596673171200788,0.803,0,1,_insert|_remove
reentrancy_only,concat,42,FORGE::vfp_00058::BasePositionManager,false_positive,0.6520477353305658,0.539,0,0,
reentrancy_only,concat,42,FORGE::vfp_00058::LikwidLendPosition,false_positive,0.6080336758738801,0.539,0,0,
reentrancy_only,concat,42,FORGE::vfp_00260::Router_Adapter,false_negative,0.12299702424313091,0.539,1,0,
reentrancy_only,concat,42,FORGE::vfp_00126::SpokePool,false_negative,0.3378884117717368,0.539,1,1,_deposit|_distributeRelayerRefunds|_fillRelayV3|claimRelayerRefund|executeSlowRelayLeaf
reentrancy_only,concat,42,FORGE::vfp_00288::DelegationMetaSwapAdapter,false_negative,0.1665180681575754,0.539,1,1,swapTokens
reentrancy_only,concat,42,DAPP::DAppSCAN-source/contracts/Hacken-Powerbomb-V1/powerbomb-lite-0f86ff1eecdd723be733a9b33ff4ffa3bbdadcee::PowerBombAvaxCurve,false_negative,0.12197289440923278,0.539,1,1,_deposit|withdraw
reentrancy_only,concat,42,DAPP::DAppSCAN-source/contracts/PepperSec-Aira-Robonomic/robonomics_contracts-cc35a91de187072214d215262d8371f0159c2498::RobotLiabilityLib,false_negative,0.11286158469387267,0.539,1,1,finalize
reentrancy_only,concat,42,DAPP::DAppSCAN-source/contracts/PepperSec-Aira-Robonomic/robonomics_contracts-cc35a91de187072214d215262d8371f0159c2498::LighthouseLib,false_negative,0.21568946543800172,0.539,1,1,refill|withdraw
reentrancy_only,concat,42,DAPP::DAppSCAN-source/contracts/BlockSec-blocksec_impossible_finance_swap_v1.2/impossible-swap-core-29aaef89f996acdbee92b67c4d95fb608dc8b876::ImpossibleWrappedToken,false_negative,0.11297442619077532,0.539,1,1,_withdraw
reentrancy_only,concat,42,DAPP::DAppSCAN-source/contracts/Solidified-Aztec Element Bridge/aztec-connect-bridges-ac2e7194b5887ea11a607b4cf8de0547b3d7fdd0::RollupProcessor,false_positive,0.5448316237514529,0.539,0,1,processAsyncDefiInteraction
reentrancy_only,concat,42,DAPP::DAppSCAN-source/contracts/consensys-GrowthDeFi WHEAT/wheat-v1-core-8360ac0a537589bb974e8a5a169bb3e7c95d2857::Exchange,false_negative,0.10546861917639877,0.539,1,0,
reentrancy_only,concat,42,DAPP::DAppSCAN-source/contracts/SlowMist-ForTube2.0 Smart Contract Security Audit Report/bond-854527d0ea7ad2ddd3504b4d4ae3fcb57cb6445d::PRA,false_negative,0.15109937948267763,0.539,1,1,lock|unlock
reentrancy_only,concat,42,"DAPP::DAppSCAN-source/contracts/Coinfabrik-MintingFactoryV2, BaseUpgradableMarketplace & KODAV3UpgradableGatedMarketplace/known-origin-contracts-v3-d592c5f4fa4e0b6fc65a1fce43e302706aedf607::MintingFactoryV2",false_negative,0.10977385866406748,0.539,1,1,_authorizeUpgrade|_setAdmin|_setBeacon|_setImplementation|mintBatchEdition
reentrancy_only,concat,42,"DAPP::DAppSCAN-source/contracts/Coinfabrik-MintingFactoryV2, BaseUpgradableMarketplace & KODAV3UpgradableGatedMarketplace/known-origin-contracts-v3-d592c5f4fa4e0b6fc65a1fce43e302706aedf607::RoyaltyImplV1R1",false_positive,0.5632657214274264,0.539,0,1,drain
reentrancy_only,concat,42,"DAPP::DAppSCAN-source/contracts/Coinfabrik-MintingFactoryV2, BaseUpgradableMarketplace & KODAV3UpgradableGatedMarketplace/known-origin-contracts-v3-d592c5f4fa4e0b6fc65a1fce43e302706aedf607::RoyaltyImplV1R2",false_positive,0.5632657214274264,0.539,0,1,drain
reentrancy_only,concat,42,"DAPP::DAppSCAN-source/contracts/Coinfabrik-MintingFactoryV2, BaseUpgradableMarketplace & KODAV3UpgradableGatedMarketplace/known-origin-contracts-v3-d592c5f4fa4e0b6fc65a1fce43e302706aedf607::FundsReceiver",false_positive,0.5643245249738472,0.539,0,1,drain
reentrancy_only,concat,42,DAPP::DAppSCAN-source/contracts/Solidity_Finance-OKLG - Smart Contract/contracts-e167d0d742d21bcc62d7a5b770a1f0ed1cf31eca::MTGYTokenLocker,false_negative,0.4450337224319089,0.539,1,1,createLocker|withdrawLockedTokens
reentrancy_only,concat,42,DAPP::DAppSCAN-source/contracts/Solidity_Finance-OKLG - Smart Contract/contracts-e167d0d742d21bcc62d7a5b770a1f0ed1cf31eca::OKLGPasswordManager,false_positive,0.6722841894208824,0.539,0,1,addAccount|bulkAddAccounts
reentrancy_only,concat,42,DAPP::DAppSCAN-source/contracts/Solidity_Finance-OKLG - Smart Contract/contracts-e167d0d742d21bcc62d7a5b770a1f0ed1cf31eca::OKLGTrustedTimestamping,false_positive,0.6069315976408022,0.539,0,0,
reentrancy_only,concat,42,DAPP::DAppSCAN-source/contracts/Solidity_Finance-OKLG - Smart Contract/contracts-e167d0d742d21bcc62d7a5b770a1f0ed1cf31eca::OKLGRaffle,false_positive,0.6303771600292071,0.539,0,1,closeRaffleAndRefund|enterRaffle
reentrancy_only,concat,42,DAPP::DAppSCAN-source/contracts/Solidity_Finance-OKLG - Smart Contract/contracts-e167d0d742d21bcc62d7a5b770a1f0ed1cf31eca::OKLGETHSplitter,false_positive,0.6016760436749587,0.539,0,1,setReceivers
reentrancy_only,concat,42,DAPP::DAppSCAN-source/contracts/Solidified-Aztec Lido Bridge/aztec-connect-bridges-d5aca13d4d0a17b21eeddf77f49f4c6613461fb0::RollupProcessor,false_positive,0.5455678366557741,0.539,0,1,processAsyncDefiInteraction
reentrancy_only,concat,42,DAPP::DAppSCAN-source/contracts/Trail_of_Bits-Liquity/dev-f0df3efa5a5f05b205752184cfce107c5bd6e06c::BorrowerOperations,false_negative,0.16646771116965994,0.539,1,1,_adjustTrove
reentrancy_only,concat,42,DAPP::DAppSCAN-source/contracts/Trail_of_Bits-Liquity/dev-f0df3efa5a5f05b205752184cfce107c5bd6e06c::SortedTroves,false_positive,0.7912689817457716,0.539,0,1,_insert|_remove
reentrancy_only,concat,43,FORGE::vfp_00058::BasePositionManager,false_positive,0.9090634603121417,0.901,0,0,
reentrancy_only,concat,43,FORGE::vfp_00058::LikwidLendPosition,false_positive,0.9054085019991619,0.901,0,0,
reentrancy_only,concat,43,FORGE::vfp_00260::Router_Adapter,false_negative,0.5307124065724053,0.901,1,0,
reentrancy_only,concat,43,FORGE::vfp_00126::SpokePool,false_negative,0.8246541053703967,0.901,1,1,_deposit|_distributeRelayerRefunds|_fillRelayV3|claimRelayerRefund|executeSlowRelayLeaf
reentrancy_only,concat,43,FORGE::vfp_00288::DelegationMetaSwapAdapter,false_negative,0.7924316976387175,0.901,1,1,swapTokens
reentrancy_only,concat,43,DAPP::DAppSCAN-source/contracts/Hacken-Powerbomb-V1/powerbomb-lite-0f86ff1eecdd723be733a9b33ff4ffa3bbdadcee::PowerBombAvaxCurve,false_negative,0.5980304886942713,0.901,1,1,_deposit|withdraw
reentrancy_only,concat,43,DAPP::DAppSCAN-source/contracts/PeckShield-DarkCrypto/darkcrypto-contracts-fee5be8d36459aebed2b84e6493875b3dc0366fd::DarkRewardPool,false_positive,0.909992731237009,0.901,0,1,add|governanceRecoverUnsupported|withdraw
reentrancy_only,concat,43,DAPP::DAppSCAN-source/contracts/PepperSec-Aira-Robonomic/robonomics_contracts-cc35a91de187072214d215262d8371f0159c2498::RobotLiabilityLib,false_negative,0.8793986139336222,0.901,1,1,finalize
reentrancy_only,concat,43,DAPP::DAppSCAN-source/contracts/PepperSec-Aira-Robonomic/robonomics_contracts-cc35a91de187072214d215262d8371f0159c2498::LighthouseLib,false_negative,0.8050929717182324,0.901,1,1,refill|withdraw
reentrancy_only,concat,43,DAPP::DAppSCAN-source/contracts/BlockSec-blocksec_impossible_finance_swap_v1.2/impossible-swap-core-29aaef89f996acdbee92b67c4d95fb608dc8b876::ImpossibleWrappedToken,false_negative,0.33588493950060705,0.901,1,1,_withdraw
reentrancy_only,concat,43,DAPP::DAppSCAN-source/contracts/consensys-GrowthDeFi WHEAT/wheat-v1-core-8360ac0a537589bb974e8a5a169bb3e7c95d2857::Exchange,false_negative,0.15489914626287946,0.901,1,0,
reentrancy_only,concat,43,DAPP::DAppSCAN-source/contracts/SlowMist-ForTube2.0 Smart Contract Security Audit Report/bond-854527d0ea7ad2ddd3504b4d4ae3fcb57cb6445d::PRA,false_negative,0.7800106971428882,0.901,1,1,lock|unlock
reentrancy_only,concat,43,"DAPP::DAppSCAN-source/contracts/Coinfabrik-MintingFactoryV2, BaseUpgradableMarketplace & KODAV3UpgradableGatedMarketplace/known-origin-contracts-v3-d592c5f4fa4e0b6fc65a1fce43e302706aedf607::MintingFactoryV2",false_negative,0.16586460855669793,0.901,1,1,_authorizeUpgrade|_setAdmin|_setBeacon|_setImplementation|mintBatchEdition
reentrancy_only,concat,43,"DAPP::DAppSCAN-source/contracts/Coinfabrik-MintingFactoryV2, BaseUpgradableMarketplace & KODAV3UpgradableGatedMarketplace/known-origin-contracts-v3-d592c5f4fa4e0b6fc65a1fce43e302706aedf607::CollabFundsReceiver",false_positive,0.9036505065832318,0.901,0,1,drain|drainERC20|drainShare
reentrancy_only,concat,43,DAPP::DAppSCAN-source/contracts/Solidity_Finance-OKLG - Smart Contract/contracts-e167d0d742d21bcc62d7a5b770a1f0ed1cf31eca::MTGYTokenLocker,false_negative,0.8932839762046975,0.901,1,1,createLocker|withdrawLockedTokens
reentrancy_only,concat,43,DAPP::DAppSCAN-source/contracts/Solidity_Finance-OKLG - Smart Contract/contracts-e167d0d742d21bcc62d7a5b770a1f0ed1cf31eca::OKLGPasswordManager,false_positive,0.9102270641068048,0.901,0,1,addAccount|bulkAddAccounts
reentrancy_only,concat,43,DAPP::DAppSCAN-source/contracts/Solidity_Finance-OKLG - Smart Contract/contracts-e167d0d742d21bcc62d7a5b770a1f0ed1cf31eca::OKLGTrustedTimestamping,false_positive,0.9359372980317558,0.901,0,0,
reentrancy_only,concat,43,DAPP::DAppSCAN-source/contracts/Solidity_Finance-OKLG - Smart Contract/contracts-e167d0d742d21bcc62d7a5b770a1f0ed1cf31eca::OKLGRaffle,false_positive,0.9117269633600663,0.901,0,1,closeRaffleAndRefund|enterRaffle
reentrancy_only,concat,43,DAPP::DAppSCAN-source/contracts/Trail_of_Bits-Liquity/dev-f0df3efa5a5f05b205752184cfce107c5bd6e06c::BorrowerOperations,false_negative,0.48715707837197936,0.901,1,1,_adjustTrove
reentrancy_only,concat,43,DAPP::DAppSCAN-source/contracts/Trail_of_Bits-Liquity/dev-f0df3efa5a5f05b205752184cfce107c5bd6e06c::SortedTroves,false_positive,0.9323776460447631,0.901,0,1,_insert|_remove
reentrancy_only,concat,44,FORGE::vfp_00058::BasePositionManager,false_positive,0.8251975809974355,0.799,0,0,
reentrancy_only,concat,44,FORGE::vfp_00058::LikwidLendPosition,false_positive,0.8260950673328706,0.799,0,0,
reentrancy_only,concat,44,FORGE::vfp_00260::Router_Adapter,false_negative,0.38719516243384916,0.799,1,0,
reentrancy_only,concat,44,FORGE::vfp_00126::SpokePool,false_negative,0.707977630247626,0.799,1,1,_deposit|_distributeRelayerRefunds|_fillRelayV3|claimRelayerRefund|executeSlowRelayLeaf
reentrancy_only,concat,44,FORGE::vfp_00288::DelegationMetaSwapAdapter,false_negative,0.6178625539297022,0.799,1,1,swapTokens
reentrancy_only,concat,44,DAPP::DAppSCAN-source/contracts/Hacken-Powerbomb-V1/powerbomb-lite-0f86ff1eecdd723be733a9b33ff4ffa3bbdadcee::PowerBombAvaxCurve,false_negative,0.35521357040180046,0.799,1,1,_deposit|withdraw
reentrancy_only,concat,44,DAPP::DAppSCAN-source/contracts/PeckShield-DarkCrypto/darkcrypto-contracts-fee5be8d36459aebed2b84e6493875b3dc0366fd::DarkRewardPool,false_positive,0.8136013710386748,0.799,0,1,add|governanceRecoverUnsupported|withdraw
reentrancy_only,concat,44,DAPP::DAppSCAN-source/contracts/PepperSec-Aira-Robonomic/robonomics_contracts-cc35a91de187072214d215262d8371f0159c2498::RobotLiabilityLib,false_negative,0.7100110506072881,0.799,1,1,finalize
reentrancy_only,concat,44,DAPP::DAppSCAN-source/contracts/PepperSec-Aira-Robonomic/robonomics_contracts-cc35a91de187072214d215262d8371f0159c2498::LighthouseLib,false_negative,0.6246485951772317,0.799,1,1,refill|withdraw
reentrancy_only,concat,44,DAPP::DAppSCAN-source/contracts/BlockSec-blocksec_impossible_finance_swap_v1.2/impossible-swap-core-29aaef89f996acdbee92b67c4d95fb608dc8b876::ImpossibleWrappedToken,false_negative,0.31157700025690993,0.799,1,1,_withdraw
reentrancy_only,concat,44,DAPP::DAppSCAN-source/contracts/consensys-GrowthDeFi WHEAT/wheat-v1-core-8360ac0a537589bb974e8a5a169bb3e7c95d2857::Exchange,false_negative,0.22606393561800023,0.799,1,0,
reentrancy_only,concat,44,DAPP::DAppSCAN-source/contracts/SlowMist-ForTube2.0 Smart Contract Security Audit Report/bond-854527d0ea7ad2ddd3504b4d4ae3fcb57cb6445d::PRA,false_negative,0.5466274671983586,0.799,1,1,lock|unlock
reentrancy_only,concat,44,"DAPP::DAppSCAN-source/contracts/Coinfabrik-MintingFactoryV2, BaseUpgradableMarketplace & KODAV3UpgradableGatedMarketplace/known-origin-contracts-v3-d592c5f4fa4e0b6fc65a1fce43e302706aedf607::MintingFactoryV2",false_negative,0.2660049767078524,0.799,1,1,_authorizeUpgrade|_setAdmin|_setBeacon|_setImplementation|mintBatchEdition
reentrancy_only,concat,44,DAPP::DAppSCAN-source/contracts/Solidity_Finance-OKLG - Smart Contract/contracts-e167d0d742d21bcc62d7a5b770a1f0ed1cf31eca::MTGYTokenLocker,false_negative,0.767667976603552,0.799,1,1,createLocker|withdrawLockedTokens
reentrancy_only,concat,44,DAPP::DAppSCAN-source/contracts/Solidity_Finance-OKLG - Smart Contract/contracts-e167d0d742d21bcc62d7a5b770a1f0ed1cf31eca::OKLGPasswordManager,false_positive,0.855296018257195,0.799,0,1,addAccount|bulkAddAccounts
reentrancy_only,concat,44,DAPP::DAppSCAN-source/contracts/Solidity_Finance-OKLG - Smart Contract/contracts-e167d0d742d21bcc62d7a5b770a1f0ed1cf31eca::OKLGTrustedTimestamping,false_positive,0.8774440379612223,0.799,0,0,
reentrancy_only,concat,44,DAPP::DAppSCAN-source/contracts/Solidity_Finance-OKLG - Smart Contract/contracts-e167d0d742d21bcc62d7a5b770a1f0ed1cf31eca::OKLGRaffle,false_positive,0.8539425813598663,0.799,0,1,closeRaffleAndRefund|enterRaffle
reentrancy_only,concat,44,DAPP::DAppSCAN-source/contracts/Trail_of_Bits-Liquity/dev-f0df3efa5a5f05b205752184cfce107c5bd6e06c::BorrowerOperations,false_negative,0.46806977750173323,0.799,1,1,_adjustTrove
reentrancy_only,concat,44,DAPP::DAppSCAN-source/contracts/Trail_of_Bits-Liquity/dev-f0df3efa5a5f05b205752184cfce107c5bd6e06c::SortedTroves,false_positive,0.8657911572440958,0.799,0,1,_insert|_remove
reentrancy_only,concat,45,FORGE::vfp_00058::BasePositionManager,false_positive,0.8774620607426755,0.87,0,0,
reentrancy_only,concat,45,FORGE::vfp_00058::LikwidLendPosition,false_positive,0.8782028715870186,0.87,0,0,
reentrancy_only,concat,45,FORGE::vfp_00260::Router_Adapter,false_negative,0.48655371930359187,0.87,1,0,
reentrancy_only,concat,45,FORGE::vfp_00126::SpokePool,false_negative,0.806450521078004,0.87,1,1,_deposit|_distributeRelayerRefunds|_fillRelayV3|claimRelayerRefund|executeSlowRelayLeaf
reentrancy_only,concat,45,FORGE::vfp_00288::DelegationMetaSwapAdapter,false_negative,0.7488218770842588,0.87,1,1,swapTokens
reentrancy_only,concat,45,DAPP::DAppSCAN-source/contracts/Hacken-Powerbomb-V1/powerbomb-lite-0f86ff1eecdd723be733a9b33ff4ffa3bbdadcee::PowerBombAvaxCurve,false_negative,0.47931689431339175,0.87,1,1,_deposit|withdraw
reentrancy_only,concat,45,DAPP::DAppSCAN-source/contracts/PeckShield-DarkCrypto/darkcrypto-contracts-fee5be8d36459aebed2b84e6493875b3dc0366fd::DarkRewardPool,false_positive,0.8826033513598835,0.87,0,1,add|governanceRecoverUnsupported|withdraw
reentrancy_only,concat,45,DAPP::DAppSCAN-source/contracts/PepperSec-Aira-Robonomic/robonomics_contracts-cc35a91de187072214d215262d8371f0159c2498::RobotLiabilityLib,false_negative,0.8389689792889655,0.87,1,1,finalize
reentrancy_only,concat,45,DAPP::DAppSCAN-source/contracts/PepperSec-Aira-Robonomic/robonomics_contracts-cc35a91de187072214d215262d8371f0159c2498::LighthouseLib,false_negative,0.7674641659609744,0.87,1,1,refill|withdraw
reentrancy_only,concat,45,DAPP::DAppSCAN-source/contracts/BlockSec-blocksec_impossible_finance_swap_v1.2/impossible-swap-core-29aaef89f996acdbee92b67c4d95fb608dc8b876::ImpossibleWrappedToken,false_negative,0.36953441951894833,0.87,1,1,_withdraw
reentrancy_only,concat,45,DAPP::DAppSCAN-source/contracts/consensys-GrowthDeFi WHEAT/wheat-v1-core-8360ac0a537589bb974e8a5a169bb3e7c95d2857::Exchange,false_negative,0.1523527780301111,0.87,1,0,
reentrancy_only,concat,45,DAPP::DAppSCAN-source/contracts/SlowMist-ForTube2.0 Smart Contract Security Audit Report/bond-854527d0ea7ad2ddd3504b4d4ae3fcb57cb6445d::PRA,false_negative,0.6757369920257682,0.87,1,1,lock|unlock
reentrancy_only,concat,45,"DAPP::DAppSCAN-source/contracts/Coinfabrik-MintingFactoryV2, BaseUpgradableMarketplace & KODAV3UpgradableGatedMarketplace/known-origin-contracts-v3-d592c5f4fa4e0b6fc65a1fce43e302706aedf607::MintingFactoryV2",false_negative,0.22150566619101236,0.87,1,1,_authorizeUpgrade|_setAdmin|_setBeacon|_setImplementation|mintBatchEdition
reentrancy_only,concat,45,"DAPP::DAppSCAN-source/contracts/Coinfabrik-MintingFactoryV2, BaseUpgradableMarketplace & KODAV3UpgradableGatedMarketplace/known-origin-contracts-v3-d592c5f4fa4e0b6fc65a1fce43e302706aedf607::CollabFundsReceiver",false_positive,0.8723389714681196,0.87,0,1,drain|drainERC20|drainShare
reentrancy_only,concat,45,DAPP::DAppSCAN-source/contracts/Solidity_Finance-OKLG - Smart Contract/contracts-e167d0d742d21bcc62d7a5b770a1f0ed1cf31eca::MTGYTokenLocker,false_negative,0.8302227621195436,0.87,1,1,createLocker|withdrawLockedTokens
reentrancy_only,concat,45,DAPP::DAppSCAN-source/contracts/Solidity_Finance-OKLG - Smart Contract/contracts-e167d0d742d21bcc62d7a5b770a1f0ed1cf31eca::OKLGPasswordManager,false_positive,0.8845413102783111,0.87,0,1,addAccount|bulkAddAccounts
reentrancy_only,concat,45,DAPP::DAppSCAN-source/contracts/Solidity_Finance-OKLG - Smart Contract/contracts-e167d0d742d21bcc62d7a5b770a1f0ed1cf31eca::OKLGTrustedTimestamping,false_positive,0.9020786359816564,0.87,0,0,
reentrancy_only,concat,45,DAPP::DAppSCAN-source/contracts/Solidity_Finance-OKLG - Smart Contract/contracts-e167d0d742d21bcc62d7a5b770a1f0ed1cf31eca::OKLGRaffle,false_positive,0.8865170837588965,0.87,0,1,closeRaffleAndRefund|enterRaffle
reentrancy_only,concat,45,DAPP::DAppSCAN-source/contracts/Trail_of_Bits-Liquity/dev-f0df3efa5a5f05b205752184cfce107c5bd6e06c::BorrowerOperations,false_negative,0.5880264948656779,0.87,1,1,_adjustTrove
reentrancy_only,concat,45,DAPP::DAppSCAN-source/contracts/Trail_of_Bits-Liquity/dev-f0df3efa5a5f05b205752184cfce107c5bd6e06c::SortedTroves,false_positive,0.8968157495182008,0.87,0,1,_insert|_remove
reentrancy_only,concat,46,FORGE::vfp_00058::BasePositionManager,false_positive,0.8018535995422812,0.792,0,0,
reentrancy_only,concat,46,FORGE::vfp_00058::LikwidLendPosition,false_positive,0.7936131359018269,0.792,0,0,
reentrancy_only,concat,46,FORGE::vfp_00260::Router_Adapter,false_negative,0.23315977862299583,0.792,1,0,
reentrancy_only,concat,46,FORGE::vfp_00126::SpokePool,false_negative,0.6846687111720127,0.792,1,1,_deposit|_distributeRelayerRefunds|_fillRelayV3|claimRelayerRefund|executeSlowRelayLeaf
reentrancy_only,concat,46,FORGE::vfp_00288::DelegationMetaSwapAdapter,false_negative,0.3981183136058197,0.792,1,1,swapTokens
reentrancy_only,concat,46,DAPP::DAppSCAN-source/contracts/SlowMist-Booster-Protocol_智能安全审计报告/boosterProtocol-946b15629c410d706856584f3aa04001d6a55bd2::BOOPools,false_positive,0.7976370966527956,0.792,0,1,add|deposit|emergencyWithdraw|withdraw
reentrancy_only,concat,46,DAPP::DAppSCAN-source/contracts/Hacken-Powerbomb-V1/powerbomb-lite-0f86ff1eecdd723be733a9b33ff4ffa3bbdadcee::PowerBombAvaxCurve,false_negative,0.40352717090558143,0.792,1,1,_deposit|withdraw
reentrancy_only,concat,46,DAPP::DAppSCAN-source/contracts/PeckShield-DarkCrypto/darkcrypto-contracts-fee5be8d36459aebed2b84e6493875b3dc0366fd::DarkRewardPool,false_positive,0.8089220622611555,0.792,0,1,add|governanceRecoverUnsupported|withdraw
reentrancy_only,concat,46,DAPP::DAppSCAN-source/contracts/PepperSec-Aira-Robonomic/robonomics_contracts-cc35a91de187072214d215262d8371f0159c2498::Ambix,false_positive,0.8164373583184221,0.792,0,1,run
reentrancy_only,concat,46,DAPP::DAppSCAN-source/contracts/PepperSec-Aira-Robonomic/robonomics_contracts-cc35a91de187072214d215262d8371f0159c2498::LighthouseLib,false_negative,0.7029014941545179,0.792,1,1,refill|withdraw
reentrancy_only,concat,46,DAPP::DAppSCAN-source/contracts/BlockSec-blocksec_impossible_finance_swap_v1.2/impossible-swap-core-29aaef89f996acdbee92b67c4d95fb608dc8b876::ImpossibleWrappedToken,false_negative,0.16529511430918592,0.792,1,1,_withdraw
reentrancy_only,concat,46,DAPP::DAppSCAN-source/contracts/consensys-GrowthDeFi WHEAT/wheat-v1-core-8360ac0a537589bb974e8a5a169bb3e7c95d2857::Exchange,false_negative,0.08848816102580914,0.792,1,0,
reentrancy_only,concat,46,DAPP::DAppSCAN-source/contracts/SlowMist-ForTube2.0 Smart Contract Security Audit Report/bond-854527d0ea7ad2ddd3504b4d4ae3fcb57cb6445d::PRA,false_negative,0.6173229283877228,0.792,1,1,lock|unlock
reentrancy_only,concat,46,"DAPP::DAppSCAN-source/contracts/Coinfabrik-MintingFactoryV2, BaseUpgradableMarketplace & KODAV3UpgradableGatedMarketplace/known-origin-contracts-v3-d592c5f4fa4e0b6fc65a1fce43e302706aedf607::MintingFactoryV2",false_negative,0.09751882239073122,0.792,1,1,_authorizeUpgrade|_setAdmin|_setBeacon|_setImplementation|mintBatchEdition
reentrancy_only,concat,46,"DAPP::DAppSCAN-source/contracts/Coinfabrik-MintingFactoryV2, BaseUpgradableMarketplace & KODAV3UpgradableGatedMarketplace/known-origin-contracts-v3-d592c5f4fa4e0b6fc65a1fce43e302706aedf607::CollabFundsReceiver",false_positive,0.8132688039544461,0.792,0,1,drain|drainERC20|drainShare
reentrancy_only,concat,46,DAPP::DAppSCAN-source/contracts/Solidity_Finance-OKLG - Smart Contract/contracts-e167d0d742d21bcc62d7a5b770a1f0ed1cf31eca::MTGYTokenLocker,false_negative,0.763962068136603,0.792,1,1,createLocker|withdrawLockedTokens
reentrancy_only,concat,46,DAPP::DAppSCAN-source/contracts/Solidity_Finance-OKLG - Smart Contract/contracts-e167d0d742d21bcc62d7a5b770a1f0ed1cf31eca::OKLGTrustedTimestamping,false_positive,0.7983384755343007,0.792,0,0,
reentrancy_only,concat,46,DAPP::DAppSCAN-source/contracts/Trail_of_Bits-Liquity/dev-f0df3efa5a5f05b205752184cfce107c5bd6e06c::BorrowerOperations,false_negative,0.2137859233130706,0.792,1,1,_adjustTrove
reentrancy_only,concat,46,DAPP::DAppSCAN-source/contracts/Trail_of_Bits-Liquity/dev-f0df3efa5a5f05b205752184cfce107c5bd6e06c::SortedTroves,false_positive,0.8051588462214301,0.792,0,1,_insert|_remove
