split,graph_id,contract,positive_interaction_count,vulnerable_interaction_ids,vulnerable_function_names,source_spans,vulnerability_types,evidence_pointers,supports_top1_top3_top5_mrr_recall_at_k,missing_source_span_count,missing_evidence_pointer_count
train,FORGE::vfp_00088::EnjoyoorsVaultWithdrawals,EnjoyoorsVaultWithdrawals,1,i:_claimWithdrawal,_claimWithdrawal,EnjoyoorsVaultWithdrawals.sol::_claimWithdrawal,Reentrancy (heuristic)|Reentrancy (SWC-107),data/FORGE-Curated/flatten/vfp-vuln/vfp_00088.json#0,True,0,0
train,FORGE::vfp_00033::DineroWithdrawRequestManager,DineroWithdrawRequestManager,1,i:_initiateWithdrawImpl,_initiateWithdrawImpl,src/withdraws/Dinero.sol::_initiateWithdrawImpl,Front-running / Tx Order (heuristic)|Front-running / Tx Order (SWC-114),data/FORGE-Curated/flatten/vfp-vuln/vfp_00033.json#2,True,0,0
train,FORGE::vfp_00125::Aori,Aori,1,i:cancel,cancel,Aori.sol::cancel,Reentrancy (heuristic)|Reentrancy (SWC-107),data/FORGE-Curated/flatten/vfp-vuln/vfp_00125.json#0,True,0,0
train,FORGE::vfp_00262::DIAExternalStaking,DIAExternalStaking,2,i:_stake|i:addRewardToPool,_stake|addRewardToPool,DIAExternalStaking.sol::_stake|DIAExternalStaking.sol::addRewardToPool,Front-running / Tx Order (heuristic)|Front-running / Tx Order (SWC-114),data/FORGE-Curated/flatten/vfp-vuln/vfp_00262.json#1,True,0,0
train,FORGE::vfp_00179::ZkStack_CustomGasToken_Adapter,ZkStack_CustomGasToken_Adapter,1,i:relayTokens,relayTokens,ZkStack_CustomGasToken_Adapter.sol::relayTokens#178|ZkStack_CustomGasToken_Adapter.sol#230,Front-running / Tx Order (heuristic)|Front-running / Tx Order (SWC-114),data/FORGE-Curated/flatten/vfp-vuln/vfp_00179.json#4,True,0,0
train,FORGE::vfp_00200::CSExitPenalties,CSExitPenalties,1,i:processExitDelayReport,processExitDelayReport,CSExitPenalties.sol::processExitDelayReport,Front-running / Tx Order (heuristic)|Front-running / Tx Order (SWC-114),data/FORGE-Curated/flatten/vfp-vuln/vfp_00200.json#2,True,0,0
train,FORGE::vfp_00200::ValidatorExitDelayVerifier,ValidatorExitDelayVerifier,1,i:verifyValidatorExitDelay,verifyValidatorExitDelay,ValidatorExitDelayVerifier.sol::verifyValidatorExitDelay#178-196,Front-running / Tx Order (heuristic)|Front-running / Tx Order (SWC-114),data/FORGE-Curated/flatten/vfp-vuln/vfp_00200.json#2,True,0,0
train,FORGE::vfp_00153::PolygonStrategy,PolygonStrategy,1,i:unbond,unbond,PolygonStrategy.sol::unbond,Front-running / Tx Order (heuristic)|Front-running / Tx Order (SWC-114),data/FORGE-Curated/flatten/vfp-vuln/vfp_00153.json#0,True,0,0
train,FORGE::vfp_00174::P2pResolvProxy,P2pResolvProxy,2,i:initiateWithdrawalRESOLVAccruedRewards|i:withdrawRESOLV,initiateWithdrawalRESOLVAccruedRewards|withdrawRESOLV,P2pResolvProxy.sol::initiateWithdrawalRESOLVAccruedRewards|P2pResolvProxy.sol::withdrawRESOLV,"CWE:CWE-670,CWE-691|Reentrancy (SWC-107)|CWE:CWE-435,CWE-436,CWE-437|Reentrancy (SWC-107)",data/FORGE-Curated/flatten/vfp-vuln/vfp_00174.json#5|data/FORGE-Curated/flatten/vfp-vuln/vfp_00174.json#2,True,0,0
train,FORGE::vfp_00116::L1Mailbox,L1Mailbox,1,i:getMsg,getMsg,L1Mailbox.sol::getMsg#204-215,"CWE:CWE-670,CWE-691|Reentrancy (SWC-107)",data/FORGE-Curated/flatten/vfp-vuln/vfp_00116.json#3,True,0,0
train,FORGE::vfp_00096::MarketConfigurator,MarketConfigurator,1,i:_migrateFactoryTargets,_migrateFactoryTargets,MarketConfigurator.sol::_migrateFactoryTargets,"CWE:CWE-670,CWE-691|Reentrancy (SWC-107)",data/FORGE-Curated/flatten/vfp-vuln/vfp_00096.json#1,True,0,0
train,FORGE::vfp_00175::P2pYieldProxy,P2pYieldProxy,1,i:_withdraw,_withdraw,P2pYieldProxy.sol::_withdraw,"CWE:CWE-670,CWE-691|Reentrancy (SWC-107)",data/FORGE-Curated/flatten/vfp-vuln/vfp_00175.json#3,True,0,0
train,FORGE::vfp_00007::Folio,Folio,4,i:mint|i:distributeFees|i:getRebalance|i:startRebalance,mint|distributeFees|getRebalance|startRebalance,Folio.sol::mint|Folio.sol::distributeFees|Folio.sol::getRebalance|Folio.sol::startRebalance,"CWE:CWE-691,CWE-834|Reentrancy (SWC-107)",data/FORGE-Curated/flatten/vfp-vuln/vfp_00007.json#6,True,0,0
train,FORGE::vfp_00045::PDPVerifier,PDPVerifier,1,i:nextProvingPeriod,nextProvingPeriod,PDPVerifier.sol#L523-L564,Reentrancy (SWC-107),data/FORGE-Curated/flatten/vfp-vuln/vfp_00045.json#0,True,0,0
train,FORGE::vfp_00186::MerkleDistributor,MerkleDistributor,1,i:claim,claim,MerkleDistributor.sol::claim#61,Front-running / Tx Order (heuristic)|Front-running / Tx Order (SWC-114),data/FORGE-Curated/flatten/vfp-vuln/vfp_00186.json#0,True,0,0
train,FORGE::vfp_00224::OidcRecoveryValidator,OidcRecoveryValidator,1,i:startRecovery,startRecovery,OidcRecoveryValidator.sol::startRecovery#231-233,"CWE:CWE-188,CWE-198,CWE-435|Reentrancy (SWC-107)",data/FORGE-Curated/flatten/vfp-vuln/vfp_00224.json#16,True,0,0
train,FORGE::vfp_00221::LimitOrderHook,LimitOrderHook,4,i:_afterSwap|i:cancelOrder|i:_handlePlaceCallback|i:_handleCancelCallback,_afterSwap|cancelOrder|_handlePlaceCallback|_handleCancelCallback,LimitOrderHook.sol::_afterSwap#209|LimitOrderHook.sol#563|LimitOrderHook.sol::cancelOrder#281|LimitOrderHook.sol::cancelOrder#313|LimitOrderHook.sol::_handlePlaceCallback#425|LimitOrderHook.sol::_handlePlaceCallback#430|LimitOrderHook.sol::_handlePlaceCallback#442-458|LimitOrderHook.sol::_handleCancelCallback#466,"CWE:CWE-670,CWE-691|Reentrancy (SWC-107)|Reentrancy (heuristic)|Reentrancy (SWC-107)",data/FORGE-Curated/flatten/vfp-vuln/vfp_00221.json#3|data/FORGE-Curated/flatten/vfp-vuln/vfp_00221.json#9|data/FORGE-Curated/flatten/vfp-vuln/vfp_00221.json#12,True,0,0
train,FORGE::vfp_00234::mErc20Host,mErc20Host,1,i:_verifyProof,_verifyProof,mErc20Host.sol::_verifyProof#378-399|viewcalls.rs#get_env_input_for_l1_inclusion_and_l2_block_number#933-970|validators.rs#195,"CWE:CWE-431,CWE-691|Reentrancy (SWC-107)",data/FORGE-Curated/flatten/vfp-vuln/vfp_00234.json#8,True,0,0
train,FORGE::vfp_00032::CurveConvexLib,CurveConvexLib,1,i:unstakeAndExitPool,unstakeAndExitPool,CurveConvex2Token.sol::unstakeAndExitPool#205-211,"CWE:CWE-670,CWE-691|Reentrancy (SWC-107)",data/FORGE-Curated/flatten/vfp-vuln/vfp_00032.json#8,True,0,0
train,FORGE::vfp_00181::BaseCustomAccounting,BaseCustomAccounting,2,i:addLiquidity|i:removeLiquidity,addLiquidity|removeLiquidity,BaseCustomAccounting.sol::addLiquidity#132|BaseCustomAccounting.sol#199|BaseCustomAccounting.sol::removeLiquidity#151-162,Front-running / Tx Order (heuristic)|Front-running / Tx Order (SWC-114),data/FORGE-Curated/flatten/vfp-vuln/vfp_00181.json#2,True,0,0
train,FORGE::vfp_00161::ChainCfg,ChainCfg,1,i:set_config,set_config,sys_chaincfg.sol::set_config#74,Front-running / Tx Order (heuristic)|Front-running / Tx Order (SWC-114),data/FORGE-Curated/flatten/vfp-vuln/vfp_00161.json#2,True,0,0
train,DAPP::DAppSCAN-source/contracts/Runtime_Vеrification-stakefish_ethereum_staking_audit_report/eth2-validation-services-contract-d91928f3a270f6115831fe3a21a69eb98bf57b26::StakefishERC721Wrapper,StakefishERC721Wrapper,1,i:mintTo,mintTo,L53-L71,Reentrancy (SWC-107)|SWC-107-Reentrancy,DAppSCAN-source/contracts/Runtime_Vеrification-stakefish_ethereum_staking_audit_report/eth2-validation-services-contract-d91928f3a270f6115831fe3a21a69eb98bf57b26/contracts/StakefishERC721Wrapper.sol:53-71|DAppSCAN-source/contracts/Runtime_Vеrification-stakefish_ethereum_staking_audit_report/eth2-validation-services-contract-d91928f3a270f6115831fe3a21a69eb98bf57b26/contracts/StakefishERC721Wrapper.sol:L53-L71,True,0,0
train,DAPP::DAppSCAN-source/contracts/Trail_of_Bits-UniswapV3Core/v3-core-99223f33fd69a9e024f00bd8eea17b029d3f8f2d::UniswapV3Pool,UniswapV3Pool,1,i:initialize,initialize,L195 - L213,Front-running / Tx Order (SWC-114)|SWC-114-Transaction Order Dependence,DAppSCAN-source/contracts/Trail_of_Bits-UniswapV3Core/v3-core-99223f33fd69a9e024f00bd8eea17b029d3f8f2d/contracts/UniswapV3Pool.sol:195-213|DAppSCAN-source/contracts/Trail_of_Bits-UniswapV3Core/v3-core-99223f33fd69a9e024f00bd8eea17b029d3f8f2d/contracts/UniswapV3Pool.sol:L195 - L213,True,0,0
train,DAPP::DAppSCAN-source/contracts/PeckShield-AirSwap/airswap-protocols-b87d292aaf6e28ede564b7ea28ece39219994607::Wrapper,Wrapper,1,i:swap,swap,L152,Unchecked Call Return (SWC-104)|SWC-104-Unchecked Call Return Value,DAppSCAN-source/contracts/PeckShield-AirSwap/airswap-protocols-b87d292aaf6e28ede564b7ea28ece39219994607/source/wrapper/contracts/Wrapper.sol:152-152|DAppSCAN-source/contracts/PeckShield-AirSwap/airswap-protocols-b87d292aaf6e28ede564b7ea28ece39219994607/source/wrapper/contracts/Wrapper.sol:L152,True,0,0
train,DAPP::DAppSCAN-source/contracts/Runtime_Vеrification-Element_Finance_Governance_Security_Audit_Report/council-3d751c959b42573c78ccd0bccbc80424bf6d9a90::CoreVoting,CoreVoting,1,i:execute,execute,L238 - L277,Reentrancy (SWC-107)|SWC-107-Reentrancy,DAppSCAN-source/contracts/Runtime_Vеrification-Element_Finance_Governance_Security_Audit_Report/council-3d751c959b42573c78ccd0bccbc80424bf6d9a90/contracts/CoreVoting.sol:238-277|DAppSCAN-source/contracts/Runtime_Vеrification-Element_Finance_Governance_Security_Audit_Report/council-3d751c959b42573c78ccd0bccbc80424bf6d9a90/contracts/CoreVoting.sol:L238 - L277,True,0,0
train,DAPP::DAppSCAN-source/contracts/Trail_of_Bits-FraxQ42021/frax-solidity-bd40775e283923aa9e32a107abd426430a99835e::TWAMM,TWAMM,1,i:provideLiquidity,provideLiquidity,L135-L136,Unchecked Call Return (SWC-104)|SWC-104-Unchecked Call Return Value,DAppSCAN-source/contracts/Trail_of_Bits-FraxQ42021/frax-solidity-bd40775e283923aa9e32a107abd426430a99835e/src/hardhat/contracts/FPI/TWAMM.sol:135-136|DAppSCAN-source/contracts/Trail_of_Bits-FraxQ42021/frax-solidity-bd40775e283923aa9e32a107abd426430a99835e/src/hardhat/contracts/FPI/TWAMM.sol:L135-L136,True,0,0
train,DAPP::DAppSCAN-source/contracts/Trail_of_Bits-88mph/88mph-contracts-76cd9d1fc45e65f5d0f686621fe6af85c40aa140::xMPH,xMPH,3,i:_deposit|i:_withdraw|i:_distributeReward,_deposit|_withdraw|_distributeReward,L178|L196|L212,Unchecked Call Return (SWC-104)|SWC-104-Unchecked Call Return Value,DAppSCAN-source/contracts/Trail_of_Bits-88mph/88mph-contracts-76cd9d1fc45e65f5d0f686621fe6af85c40aa140/contracts/rewards/xMPH.sol:178-178|DAppSCAN-source/contracts/Trail_of_Bits-88mph/88mph-contracts-76cd9d1fc45e65f5d0f686621fe6af85c40aa140/contracts/rewards/xMPH.sol:L178|DAppSCAN-source/contracts/Trail_of_Bits-88mph/88mph-contracts-76cd9d1fc45e65f5d0f686621fe6af85c40aa140/contracts/rewards/xMPH.sol:196-196|DAppSCAN-source/contracts/Trail_of_Bits-88mph/88mph-contracts-76cd9d1fc45e65f5d0f686621fe6af85c40aa140/contracts/rewards/xMPH.sol:L196|DAppSCAN-source/contracts/Trail_of_Bits-88mph/88mph-contracts-76cd9d1fc45e65f5d0f686621fe6af85c40aa140/contracts/rewards/xMPH.sol:212-212|DAppSCAN-source/contracts/Trail_of_Bits-88mph/88mph-contracts-76cd9d1fc45e65f5d0f686621fe6af85c40aa140/contracts/rewards/xMPH.sol:L212,True,0,0
train,DAPP::DAppSCAN-source/contracts/openzeppelin-Solo_Margin_Protocol/solo-17df84db351d5438e1b7437572722b4f52c8b2b4::AdminImpl,AdminImpl,1,i:_setPriceOracle,_setPriceOracle,L258-L275,Reentrancy (SWC-107)|SWC-107-Reentrancy,DAppSCAN-source/contracts/openzeppelin-Solo_Margin_Protocol/solo-17df84db351d5438e1b7437572722b4f52c8b2b4/contracts/protocol/impl/AdminImpl.sol:258-275|DAppSCAN-source/contracts/openzeppelin-Solo_Margin_Protocol/solo-17df84db351d5438e1b7437572722b4f52c8b2b4/contracts/protocol/impl/AdminImpl.sol:L258-L275,True,0,0
train,DAPP::DAppSCAN-source/contracts/PeckShield-StackerVC/StackerVC_VentureFund001-3cfb98b21f4731dfd62993feb7c7d1540837f59b::LPGauge,LPGauge,1,i:deposit,deposit,L75-L89,Reentrancy (SWC-107)|SWC-107-Reentrancy,DAppSCAN-source/contracts/PeckShield-StackerVC/StackerVC_VentureFund001-3cfb98b21f4731dfd62993feb7c7d1540837f59b/contracts/Token/LPGauge.sol:75-89|DAppSCAN-source/contracts/PeckShield-StackerVC/StackerVC_VentureFund001-3cfb98b21f4731dfd62993feb7c7d1540837f59b/contracts/Token/LPGauge.sol:L75-L89,True,0,0
train,DAPP::DAppSCAN-source/contracts/Inspex-WUSDMaster/WUSD-91c541c2f1c0ac781ddcfb2be6a62555a5e1e8d1::WUSDMaster,WUSDMaster,1,i:stake,stake,L703-728,Front-running / Tx Order (SWC-114)|SWC-114-Transaction Order Dependence,DAppSCAN-source/contracts/Inspex-WUSDMaster/WUSD-91c541c2f1c0ac781ddcfb2be6a62555a5e1e8d1/WUSDMaster.sol:703-703|DAppSCAN-source/contracts/Inspex-WUSDMaster/WUSD-91c541c2f1c0ac781ddcfb2be6a62555a5e1e8d1/WUSDMaster.sol:L703-728,True,0,0
train,DAPP::DAppSCAN-source/contracts/PeckShield-Rikkei/rifi-protocol-b33243fb3a218cc195f0727fe1499cb57f5ea0b2::RToken,RToken,1,i:borrowFresh,borrowFresh,L738-L802,Reentrancy (SWC-107)|SWC-107-Reentrancy,DAppSCAN-source/contracts/PeckShield-Rikkei/rifi-protocol-b33243fb3a218cc195f0727fe1499cb57f5ea0b2/contracts/RToken.sol:738-802|DAppSCAN-source/contracts/PeckShield-Rikkei/rifi-protocol-b33243fb3a218cc195f0727fe1499cb57f5ea0b2/contracts/RToken.sol:L738-L802,True,0,0
train,DAPP::DAppSCAN-source/contracts/Coinfabrik-Woonkly Security Audit (DEX STAKE)/STAKESmartContractPreRelease-main::WOOPStake,WOOPStake,1,i:processReward,processReward,L743 - L769,Reentrancy (SWC-107)|SWC-107-Reentrancy,DAppSCAN-source/contracts/Coinfabrik-Woonkly Security Audit (DEX STAKE)/STAKESmartContractPreRelease-main/woonklyPOS.sol:743-769|DAppSCAN-source/contracts/Coinfabrik-Woonkly Security Audit (DEX STAKE)/STAKESmartContractPreRelease-main/woonklyPOS.sol:L743 - L769,True,0,0
train,DAPP::DAppSCAN-source/contracts/Hacken-Hyksos/hyksos-contracts-audit::HyksosCyberkongz,HyksosCyberkongz,3,i:payErc20|i:depositErc20|i:withdrawErc20,payErc20|depositErc20|withdrawErc20,L35-37|L39-46|L48-54,Unchecked Call Return (SWC-104)|SWC-104-Unchecked Call Return Value,DAppSCAN-source/contracts/Hacken-Hyksos/hyksos-contracts-audit/HyksosCyberkongz.sol:35-35|DAppSCAN-source/contracts/Hacken-Hyksos/hyksos-contracts-audit/HyksosCyberkongz.sol:L35-37|DAppSCAN-source/contracts/Hacken-Hyksos/hyksos-contracts-audit/HyksosCyberkongz.sol:39-39|DAppSCAN-source/contracts/Hacken-Hyksos/hyksos-contracts-audit/HyksosCyberkongz.sol:L39-46|DAppSCAN-source/contracts/Hacken-Hyksos/hyksos-contracts-audit/HyksosCyberkongz.sol:48-48|DAppSCAN-source/contracts/Hacken-Hyksos/hyksos-contracts-audit/HyksosCyberkongz.sol:L48-54,True,0,0
train,DAPP::DAppSCAN-source/contracts/QuillAudits-Yearn Finance-Yearn Protocol V1/yearn-protocol-9ff0dc0ea73642c529383d0675930a41bf033295::yWETH,yWETH,2,i:depositETH|i:withdrawETH,depositETH|withdrawETH,L90 - L104|L144 - L162,Reentrancy (SWC-107)|SWC-107-Reentrancy,DAppSCAN-source/contracts/QuillAudits-Yearn Finance-Yearn Protocol V1/yearn-protocol-9ff0dc0ea73642c529383d0675930a41bf033295/contracts/vaults/yWETH.sol:90-104|DAppSCAN-source/contracts/QuillAudits-Yearn Finance-Yearn Protocol V1/yearn-protocol-9ff0dc0ea73642c529383d0675930a41bf033295/contracts/vaults/yWETH.sol:L90 - L104|DAppSCAN-source/contracts/QuillAudits-Yearn Finance-Yearn Protocol V1/yearn-protocol-9ff0dc0ea73642c529383d0675930a41bf033295/contracts/vaults/yWETH.sol:144-162|DAppSCAN-source/contracts/QuillAudits-Yearn Finance-Yearn Protocol V1/yearn-protocol-9ff0dc0ea73642c529383d0675930a41bf033295/contracts/vaults/yWETH.sol:L144 - L162,True,0,0
train,DAPP::DAppSCAN-source/contracts/Inspex-CakeMaxi/bsc-alpaca-contract-20c4c545a0323b71d2969fd79db8316e60bc7d76::CakeMaxiWorker,CakeMaxiWorker,1,i:reinvest,reinvest,L150-186,Front-running / Tx Order (SWC-114)|SWC-114-Transaction Order Dependence,DAppSCAN-source/contracts/Inspex-CakeMaxi/bsc-alpaca-contract-20c4c545a0323b71d2969fd79db8316e60bc7d76/CakeMaxiWorker.sol:150-150|DAppSCAN-source/contracts/Inspex-CakeMaxi/bsc-alpaca-contract-20c4c545a0323b71d2969fd79db8316e60bc7d76/CakeMaxiWorker.sol:L150-186,True,0,0
train,DAPP::DAppSCAN-source/contracts/consensys-Skyweaver/Skyweaver-contracts-bde0c184db6168bf86656a48b12d5747950b54d9::EternalHeroesFactory,EternalHeroesFactory,1,i:_buy,_buy,L279-285,Reentrancy (SWC-107)|SWC-107-Reentrancy,DAppSCAN-source/contracts/consensys-Skyweaver/Skyweaver-contracts-bde0c184db6168bf86656a48b12d5747950b54d9/contracts/shop/EternalHeroesFactory.sol:279-279|DAppSCAN-source/contracts/consensys-Skyweaver/Skyweaver-contracts-bde0c184db6168bf86656a48b12d5747950b54d9/contracts/shop/EternalHeroesFactory.sol:L279-285,True,0,0
train,DAPP::DAppSCAN-source/contracts/Hacken-Ground Zero/code::IDO,IDO,2,i:claim|i:claimTheInvestments,claim|claimTheInvestments,L86 - L110|L153,Reentrancy (SWC-107)|SWC-107-Reentrancy|Unchecked Call Return (SWC-104)|SWC-104-Unchecked Call Return Value,DAppSCAN-source/contracts/Hacken-Ground Zero/code/IDO.sol:86-110|DAppSCAN-source/contracts/Hacken-Ground Zero/code/IDO.sol:L86 - L110|DAppSCAN-source/contracts/Hacken-Ground Zero/code/IDO.sol:153-153|DAppSCAN-source/contracts/Hacken-Ground Zero/code/IDO.sol:L153,True,0,0
train,DAPP::DAppSCAN-source/contracts/QuillAudits-coalichain/CoaliSC-3f0920d650467279f7ceee08776bd74ecadd3237::Main,Main,1,i:createBallot,createBallot,L51,Reentrancy (SWC-107)|SWC-107-Reentrancy,DAppSCAN-source/contracts/QuillAudits-coalichain/CoaliSC-3f0920d650467279f7ceee08776bd74ecadd3237/Main.sol:51-51|DAppSCAN-source/contracts/QuillAudits-coalichain/CoaliSC-3f0920d650467279f7ceee08776bd74ecadd3237/Main.sol:L51,True,0,0
train,DAPP::DAppSCAN-source/contracts/PeckShield-BabySwap/code::MasterChef,MasterChef,1,i:withdraw,withdraw,L249-L267,Reentrancy (SWC-107)|SWC-107-Reentrancy,DAppSCAN-source/contracts/PeckShield-BabySwap/code/baby-swap-contract-cac289bf978d969c95721c2adb9f199cee72ffa6/contracts/farm/MasterChef.sol:249-267|DAppSCAN-source/contracts/PeckShield-BabySwap/code/baby-swap-contract-cac289bf978d969c95721c2adb9f199cee72ffa6/contracts/farm/MasterChef.sol:L249-L267,True,0,0
train,DAPP::DAppSCAN-source/contracts/PeckShield-Atlantis/atlantis-protocol-bsc-766acebba9316eced1c15abf6158b31f470a947f::AToken,AToken,1,i:borrowFresh,borrowFresh,L738-L802,Reentrancy (SWC-107)|SWC-107-Reentrancy,DAppSCAN-source/contracts/PeckShield-Atlantis/atlantis-protocol-bsc-766acebba9316eced1c15abf6158b31f470a947f/contracts/AToken.sol:738-802|DAppSCAN-source/contracts/PeckShield-Atlantis/atlantis-protocol-bsc-766acebba9316eced1c15abf6158b31f470a947f/contracts/AToken.sol:L738-L802,True,0,0
train,DAPP::DAppSCAN-source/contracts/Trail_of_Bits-Primitive/rmm-core-5dcf4306fc32fb9a4e3c154deb86f6b9d513c344::PrimitiveEngine,PrimitiveEngine,3,i:withdraw|i:allocate|i:swap,withdraw|allocate|swap,L223 - L233|L238 - L270|L304 - L403,Delegatecall (SWC-112)|SWC-112-Delegatecall to Untrusted Callee|Front-running / Tx Order (SWC-114)|SWC-114-Transaction Order Dependence,DAppSCAN-source/contracts/Trail_of_Bits-Primitive/rmm-core-5dcf4306fc32fb9a4e3c154deb86f6b9d513c344/contracts/PrimitiveEngine.sol:223-233|DAppSCAN-source/contracts/Trail_of_Bits-Primitive/rmm-core-5dcf4306fc32fb9a4e3c154deb86f6b9d513c344/contracts/PrimitiveEngine.sol:L223 - L233|DAppSCAN-source/contracts/Trail_of_Bits-Primitive/rmm-core-5dcf4306fc32fb9a4e3c154deb86f6b9d513c344/contracts/PrimitiveEngine.sol:238-270|DAppSCAN-source/contracts/Trail_of_Bits-Primitive/rmm-core-5dcf4306fc32fb9a4e3c154deb86f6b9d513c344/contracts/PrimitiveEngine.sol:L238 - L270|DAppSCAN-source/contracts/Trail_of_Bits-Primitive/rmm-core-5dcf4306fc32fb9a4e3c154deb86f6b9d513c344/contracts/PrimitiveEngine.sol:304-403|DAppSCAN-source/contracts/Trail_of_Bits-Primitive/rmm-core-5dcf4306fc32fb9a4e3c154deb86f6b9d513c344/contracts/PrimitiveEngine.sol:L304 - L403,True,0,0
train,DAPP::DAppSCAN-source/contracts/Hacken-The Next War/Contracts-334fe81ea7282ac4f768de077c37a7932c0302de::Staking,Staking,2,i:deposit|i:payTngReward,deposit|payTngReward,L80|L177,Unchecked Call Return (SWC-104)|SWC-104-Unchecked Call Return Value,DAppSCAN-source/contracts/Hacken-The Next War/Contracts-334fe81ea7282ac4f768de077c37a7932c0302de/contracts/Staking.sol:80-80|DAppSCAN-source/contracts/Hacken-The Next War/Contracts-334fe81ea7282ac4f768de077c37a7932c0302de/contracts/Staking.sol:L80|DAppSCAN-source/contracts/Hacken-The Next War/Contracts-334fe81ea7282ac4f768de077c37a7932c0302de/contracts/Staking.sol:177-177|DAppSCAN-source/contracts/Hacken-The Next War/Contracts-334fe81ea7282ac4f768de077c37a7932c0302de/contracts/Staking.sol:L177,True,0,0
train,DAPP::DAppSCAN-source/contracts/SlowMist-CFFv2 Smart Contract Security Audit Report/cff-contract-v2-c86bef3f13c7585f547f9cd0ca900f94664e96b7::CFVaultV2,CFVaultV2,1,i:withdraw,withdraw,L121 - L153,Reentrancy (SWC-107)|SWC-107-Reentrancy,DAppSCAN-source/contracts/SlowMist-CFFv2 Smart Contract Security Audit Report/cff-contract-v2-c86bef3f13c7585f547f9cd0ca900f94664e96b7/contracts/core/CFVault.sol:L121 - L153,True,0,0
train,DAPP::DAppSCAN-source/contracts/PeckShield-MilkySwap/milkyswap-59f163e9959cf8bae4a521a9648219b553312e07::MasterMilker,MasterMilker,1,i:emergencyWithdraw,emergencyWithdraw,L237-L244,Reentrancy (SWC-107)|SWC-107-Reentrancy,DAppSCAN-source/contracts/PeckShield-MilkySwap/milkyswap-59f163e9959cf8bae4a521a9648219b553312e07/contracts/MasterMilker.sol:237-244|DAppSCAN-source/contracts/PeckShield-MilkySwap/milkyswap-59f163e9959cf8bae4a521a9648219b553312e07/contracts/MasterMilker.sol:L237-L244,True,0,0
train,DAPP::DAppSCAN-source/contracts/QuillAudits-Alium Finance Smart Contract/alium-farm-e37d6af39af68049c2684085f025385407b4bd55::MasterChef,MasterChef,1,i:emergencyWithdraw,emergencyWithdraw,L163 - L171,Reentrancy (SWC-107)|SWC-107-Reentrancy,DAppSCAN-source/contracts/QuillAudits-Alium Finance Smart Contract/alium-farm-e37d6af39af68049c2684085f025385407b4bd55/contracts/MasterChef.sol:163-171|DAppSCAN-source/contracts/QuillAudits-Alium Finance Smart Contract/alium-farm-e37d6af39af68049c2684085f025385407b4bd55/contracts/MasterChef.sol:L163 - L171,True,0,0
train,DAPP::DAppSCAN-source/contracts/consensys-Fei_Protocol_v2_Phase_1/fei-protocol-core-5e3e2ab889f06831f4fe2e8460066ded40ccf0a8::BalancerLBPSwapper,BalancerLBPSwapper,1,i:init,init,L108-118,Front-running / Tx Order (SWC-114)|SWC-114-Transaction Order Dependence,DAppSCAN-source/contracts/consensys-Fei_Protocol_v2_Phase_1/fei-protocol-core-5e3e2ab889f06831f4fe2e8460066ded40ccf0a8/contracts/pcv/balancer/BalancerLBPSwapper.sol:108-108|DAppSCAN-source/contracts/consensys-Fei_Protocol_v2_Phase_1/fei-protocol-core-5e3e2ab889f06831f4fe2e8460066ded40ccf0a8/contracts/pcv/balancer/BalancerLBPSwapper.sol:L108-118,True,0,0
train,DAPP::DAppSCAN-source/contracts/Coinbae-Hakka_Finance_wHakka/code::wHakka,wHakka,2,i:stake|i:unstake,stake|unstake,L556 - L573|L576 - L592,Reentrancy (SWC-107)|SWC-107-Reentrancy,DAppSCAN-source/contracts/Coinbae-Hakka_Finance_wHakka/code/wHakka.sol:556-573|DAppSCAN-source/contracts/Coinbae-Hakka_Finance_wHakka/code/wHakka.sol:L556 - L573|DAppSCAN-source/contracts/Coinbae-Hakka_Finance_wHakka/code/wHakka.sol:576-592|DAppSCAN-source/contracts/Coinbae-Hakka_Finance_wHakka/code/wHakka.sol:L576 - L592,True,0,0
train,DAPP::DAppSCAN-source/contracts/Trail_of_Bits-YieldProtocol/fyDai-4422fda75931f2bfea49f5041ec90dc026e5c03d::Pool,Pool,1,i:init,init,L87 - L99,Front-running / Tx Order (SWC-114)|SWC-114-Transaction Order Dependence,DAppSCAN-source/contracts/Trail_of_Bits-YieldProtocol/fyDai-4422fda75931f2bfea49f5041ec90dc026e5c03d/contracts/pool/Pool.sol:87-99|DAppSCAN-source/contracts/Trail_of_Bits-YieldProtocol/fyDai-4422fda75931f2bfea49f5041ec90dc026e5c03d/contracts/pool/Pool.sol:L87 - L99,True,0,0
train,DAPP::DAppSCAN-source/contracts/QuillAudits-Citrus Smart Contract/CitrusTechContract-e50a2a983928c10b76e6bc374ae6267f51af99b6::TimeLock,TimeLock,1,i:release,release,L132,Unchecked Call Return (SWC-104)|SWC-104-Unchecked Call Return Value,DAppSCAN-source/contracts/QuillAudits-Citrus Smart Contract/CitrusTechContract-e50a2a983928c10b76e6bc374ae6267f51af99b6/CitrusToken.sol:132-132|DAppSCAN-source/contracts/QuillAudits-Citrus Smart Contract/CitrusTechContract-e50a2a983928c10b76e6bc374ae6267f51af99b6/CitrusToken.sol:L132,True,0,0
train,DAPP::DAppSCAN-source/contracts/openzeppelin-Optimism/contracts-18e128343731b9bde23812ce932e24d81440b6b7::OVM_L1ERC20Gateway,OVM_L1ERC20Gateway,2,i:_handleFinalizeWithdrawal|i:_handleInitiateDeposit,_handleFinalizeWithdrawal|_handleInitiateDeposit,L100|L76-L81,Unchecked Call Return (SWC-104)|SWC-104-Unchecked Call Return Value,DAppSCAN-source/contracts/openzeppelin-Optimism/contracts-18e128343731b9bde23812ce932e24d81440b6b7/contracts/optimistic-ethereum/OVM/bridge/tokens/OVM_L1ERC20Gateway.sol:100-100|DAppSCAN-source/contracts/openzeppelin-Optimism/contracts-18e128343731b9bde23812ce932e24d81440b6b7/contracts/optimistic-ethereum/OVM/bridge/tokens/OVM_L1ERC20Gateway.sol:L100|DAppSCAN-source/contracts/openzeppelin-Optimism/contracts-18e128343731b9bde23812ce932e24d81440b6b7/contracts/optimistic-ethereum/OVM/bridge/tokens/OVM_L1ERC20Gateway.sol:76-81|DAppSCAN-source/contracts/openzeppelin-Optimism/contracts-18e128343731b9bde23812ce932e24d81440b6b7/contracts/optimistic-ethereum/OVM/bridge/tokens/OVM_L1ERC20Gateway.sol:L76-L81,True,0,0
train,DAPP::DAppSCAN-source/contracts/ImmuneBytes-PolyTrade-Audit Report(Lender Portal)/lender-portal-contracts-dev::LenderPool,LenderPool,1,i:_swapExactTokens,_swapExactTokens,L375-L391,Front-running / Tx Order (SWC-114)|SWC-114-Transaction Order Dependence,DAppSCAN-source/contracts/ImmuneBytes-PolyTrade-Audit Report(Lender Portal)/lender-portal-contracts-dev/contracts/LenderPool.sol:375-391|DAppSCAN-source/contracts/ImmuneBytes-PolyTrade-Audit Report(Lender Portal)/lender-portal-contracts-dev/contracts/LenderPool.sol:L375-L391,True,0,0
train,DAPP::DAppSCAN-source/contracts/Runtime_Vеrification-Tracer_Perpetual_Pools_V2/vesting-a02cbd5e73e629b5d80c0af0202a3ee6f18d0216::Vesting,Vesting,1,i:rug,rug,L160,Front-running / Tx Order (SWC-114)|SWC-114-Transaction Order Dependence,DAppSCAN-source/contracts/Runtime_Vеrification-Tracer_Perpetual_Pools_V2/vesting-a02cbd5e73e629b5d80c0af0202a3ee6f18d0216/contracts/Vesting.sol:160-160|DAppSCAN-source/contracts/Runtime_Vеrification-Tracer_Perpetual_Pools_V2/vesting-a02cbd5e73e629b5d80c0af0202a3ee6f18d0216/contracts/Vesting.sol:L160,True,0,0
train,DAPP::DAppSCAN-source/contracts/Inspex-AutoCompoundVault/mondayclub-9ec29e0bb41a6bbef5484976502c924f4557ca02::StrategyCommonChefLP,StrategyCommonChefLP,2,i:_harvest|i:addLiquidity,_harvest|addLiquidity,L137-149|L169-183,Front-running / Tx Order (SWC-114)|SWC-114-Transaction Order Dependence,DAppSCAN-source/contracts/Inspex-AutoCompoundVault/mondayclub-9ec29e0bb41a6bbef5484976502c924f4557ca02/StrategyCommonChefLP.sol:137-137|DAppSCAN-source/contracts/Inspex-AutoCompoundVault/mondayclub-9ec29e0bb41a6bbef5484976502c924f4557ca02/StrategyCommonChefLP.sol:L137-149|DAppSCAN-source/contracts/Inspex-AutoCompoundVault/mondayclub-9ec29e0bb41a6bbef5484976502c924f4557ca02/StrategyCommonChefLP.sol:169-169|DAppSCAN-source/contracts/Inspex-AutoCompoundVault/mondayclub-9ec29e0bb41a6bbef5484976502c924f4557ca02/StrategyCommonChefLP.sol:L169-183,True,0,0
train,DAPP::DAppSCAN-source/contracts/QuillAudits-BCUBE Smart Contract/b-cube-ico-13f9f8a991a65f3e0ca60a2078121fdd5a921fb0::BCubePublicSale,BCubePublicSale,1,i:buyBcubeUsingUSDT,buyBcubeUsingUSDT,L264 - L278,Reentrancy (SWC-107)|SWC-107-Reentrancy,DAppSCAN-source/contracts/QuillAudits-BCUBE Smart Contract/b-cube-ico-13f9f8a991a65f3e0ca60a2078121fdd5a921fb0/contracts/BCubePublicSale.sol:264-278|DAppSCAN-source/contracts/QuillAudits-BCUBE Smart Contract/b-cube-ico-13f9f8a991a65f3e0ca60a2078121fdd5a921fb0/contracts/BCubePublicSale.sol:L264 - L278,True,0,0
train,DAPP::DAppSCAN-source/contracts/QuillAudits-Algovest/AlgoVestStaking0x090e69e7F48AFC059e480F297042DEA396B971e7::AlgoVestStaking,AlgoVestStaking,1,i:AVSTokenDonation,AVSTokenDonation,L74 - L84,Reentrancy (SWC-107)|SWC-107-Reentrancy,DAppSCAN-source/contracts/QuillAudits-Algovest/AlgoVestStaking0x090e69e7F48AFC059e480F297042DEA396B971e7/srv/tecmie/algovest/AVS-staking/contracts/stakin_contract.sol:74-84|DAppSCAN-source/contracts/QuillAudits-Algovest/AlgoVestStaking0x090e69e7F48AFC059e480F297042DEA396B971e7/srv/tecmie/algovest/AVS-staking/contracts/stakin_contract.sol:L74 - L84,True,0,0
train,DAPP::DAppSCAN-source/contracts/consensys-Connext NXTP — Noncustodial Xchain Transfer Protocol/nxtp-0656436d654cfe0313fa3c2bbc81aa86232ade16::TransactionManager,TransactionManager,1,i:removeLiquidity,removeLiquidity,L229 - L254,Reentrancy (SWC-107)|SWC-107-Reentrancy,DAppSCAN-source/contracts/consensys-Connext NXTP — Noncustodial Xchain Transfer Protocol/nxtp-0656436d654cfe0313fa3c2bbc81aa86232ade16/packages/contracts/contracts/TransactionManager.sol:229-254|DAppSCAN-source/contracts/consensys-Connext NXTP — Noncustodial Xchain Transfer Protocol/nxtp-0656436d654cfe0313fa3c2bbc81aa86232ade16/packages/contracts/contracts/TransactionManager.sol:L229 - L254,True,0,0
train,DAPP::DAppSCAN-source/contracts/PeckShield-Convex_Frax/frax-cvx-platform-2f8573ee796daa022c1050b4a749bf08049c439b::StakingProxyUniV3,StakingProxyUniV3,1,i:lockAdditional,lockAdditional,L94-L113,Reentrancy (SWC-107)|SWC-107-Reentrancy,DAppSCAN-source/contracts/PeckShield-Convex_Frax/frax-cvx-platform-2f8573ee796daa022c1050b4a749bf08049c439b/contracts/contracts/StakingProxyUniV3.sol:94-113|DAppSCAN-source/contracts/PeckShield-Convex_Frax/frax-cvx-platform-2f8573ee796daa022c1050b4a749bf08049c439b/contracts/contracts/StakingProxyUniV3.sol:L94-L113,True,0,0
train,"DAPP::DAppSCAN-source/contracts/Inspex-FairLaunch, Token, Vault & Workers/Meow-Finance-4a4f13efaf5e5fbed74c0ed23b665751e655d715::SpookyswapWorker",SpookyswapWorker,1,i:reinvest,reinvest,L139,Front-running / Tx Order (SWC-114)|SWC-114-Transaction Order Dependence,"DAppSCAN-source/contracts/Inspex-FairLaunch, Token, Vault & Workers/Meow-Finance-4a4f13efaf5e5fbed74c0ed23b665751e655d715/contracts/protocol/workers/SpookyswapWorker.sol:139-139|DAppSCAN-source/contracts/Inspex-FairLaunch, Token, Vault & Workers/Meow-Finance-4a4f13efaf5e5fbed74c0ed23b665751e655d715/contracts/protocol/workers/SpookyswapWorker.sol:L139",True,0,0
train,DAPP::DAppSCAN-source/contracts/QuillAudits-Yearn Finance-Yoracle.Link/yoracle.link-faf1309cbe7a05f70b338351315039eb8e5b9c09::Keep3rV1Oracle,Keep3rV1Oracle,1,i:_swap,_swap,L849,Unchecked Call Return (SWC-104)|SWC-104-Unchecked Call Return Value,DAppSCAN-source/contracts/QuillAudits-Yearn Finance-Yoracle.Link/yoracle.link-faf1309cbe7a05f70b338351315039eb8e5b9c09/contracts/Keep3rV1Oracle.sol:849-849|DAppSCAN-source/contracts/QuillAudits-Yearn Finance-Yoracle.Link/yoracle.link-faf1309cbe7a05f70b338351315039eb8e5b9c09/contracts/Keep3rV1Oracle.sol:L849,True,0,0
train,DAPP::DAppSCAN-source/contracts/QuillAudits-1inch-Fixed Rate Swap/fixed-rate-swap-0b5a75e9f56e7d21c290dd28c59dc140dcbcc1d5::FixedRateSwap,FixedRateSwap,1,i:depositFor,depositFor,L137,Reentrancy (SWC-107)|SWC-107-Reentrancy,DAppSCAN-source/contracts/QuillAudits-1inch-Fixed Rate Swap/fixed-rate-swap-0b5a75e9f56e7d21c290dd28c59dc140dcbcc1d5/contracts/FixedRateSwap.sol:137-137|DAppSCAN-source/contracts/QuillAudits-1inch-Fixed Rate Swap/fixed-rate-swap-0b5a75e9f56e7d21c290dd28c59dc140dcbcc1d5/contracts/FixedRateSwap.sol:L137,True,0,0
train,DAPP::DAppSCAN-source/contracts/QuillAudits-Yearn Finance-Generic Lender/yearnV2-generic-lender-strat-979ef2f0e5da39ca59a5907c37ba2064fcd6be82::Strategy,Strategy,2,i:adjustPosition|i:manualAllocation,adjustPosition|manualAllocation,L400|L422,Unchecked Call Return (SWC-104)|SWC-104-Unchecked Call Return Value,DAppSCAN-source/contracts/QuillAudits-Yearn Finance-Generic Lender/yearnV2-generic-lender-strat-979ef2f0e5da39ca59a5907c37ba2064fcd6be82/contracts/Strategy.sol:400-400|DAppSCAN-source/contracts/QuillAudits-Yearn Finance-Generic Lender/yearnV2-generic-lender-strat-979ef2f0e5da39ca59a5907c37ba2064fcd6be82/contracts/Strategy.sol:L400|DAppSCAN-source/contracts/QuillAudits-Yearn Finance-Generic Lender/yearnV2-generic-lender-strat-979ef2f0e5da39ca59a5907c37ba2064fcd6be82/contracts/Strategy.sol:422-422|DAppSCAN-source/contracts/QuillAudits-Yearn Finance-Generic Lender/yearnV2-generic-lender-strat-979ef2f0e5da39ca59a5907c37ba2064fcd6be82/contracts/Strategy.sol:L422,True,0,0
train,DAPP::DAppSCAN-source/contracts/QuillAudits-Yearn Finance-Generic Lender/yearnV2-generic-lender-strat-979ef2f0e5da39ca59a5907c37ba2064fcd6be82::GenericLenderBase,GenericLenderBase,1,i:sweep,sweep,L56,Unchecked Call Return (SWC-104)|SWC-104-Unchecked Call Return Value,DAppSCAN-source/contracts/QuillAudits-Yearn Finance-Generic Lender/yearnV2-generic-lender-strat-979ef2f0e5da39ca59a5907c37ba2064fcd6be82/contracts/GenericLender/GenericLenderBase.sol:56-56|DAppSCAN-source/contracts/QuillAudits-Yearn Finance-Generic Lender/yearnV2-generic-lender-strat-979ef2f0e5da39ca59a5907c37ba2064fcd6be82/contracts/GenericLender/GenericLenderBase.sol:L56,True,0,0
train,DAPP::DAppSCAN-source/contracts/QuillAudits-1inch-token/1inch-token-99fd056f91005ca521a02a005f7bcd8f77e06afc::ERC20Permit,ERC20Permit,1,i:permit,permit,L53,Front-running / Tx Order (SWC-114)|SWC-114-Transaction Order Dependence,DAppSCAN-source/contracts/QuillAudits-1inch-token/1inch-token-99fd056f91005ca521a02a005f7bcd8f77e06afc/contracts/ERC20Permit.sol:53-53|DAppSCAN-source/contracts/QuillAudits-1inch-token/1inch-token-99fd056f91005ca521a02a005f7bcd8f77e06afc/contracts/ERC20Permit.sol:L53,True,0,0
train,DAPP::DAppSCAN-source/contracts/Coinspect-Incognito Audit/bridge-eth-4879219669a38d601265582f815596b6775855b6::Vault,Vault,1,i:execute,execute,L513 - L548,Front-running / Tx Order (SWC-114)|SWC-114-Transaction Order Dependence,DAppSCAN-source/contracts/Coinspect-Incognito Audit/bridge-eth-4879219669a38d601265582f815596b6775855b6/bridge/contracts/vault.sol:513-548|DAppSCAN-source/contracts/Coinspect-Incognito Audit/bridge-eth-4879219669a38d601265582f815596b6775855b6/bridge/contracts/vault.sol:L513 - L548,True,0,0
train,DAPP::DAppSCAN-source/contracts/Inspex-Optimized Worker/bsc-alpaca-contract-1aee2ceec77e3fd3162b74858c846cdc5692928d::PancakeswapV2Worker02,PancakeswapV2Worker02,1,i:work,work,L218,Front-running / Tx Order (SWC-114)|SWC-114-Transaction Order Dependence,DAppSCAN-source/contracts/Inspex-Optimized Worker/bsc-alpaca-contract-1aee2ceec77e3fd3162b74858c846cdc5692928d/contracts/6/protocol/workers/pcs/PancakeswapV2Worker02.sol:218-218|DAppSCAN-source/contracts/Inspex-Optimized Worker/bsc-alpaca-contract-1aee2ceec77e3fd3162b74858c846cdc5692928d/contracts/6/protocol/workers/pcs/PancakeswapV2Worker02.sol:L218,True,0,0
train,DAPP::DAppSCAN-source/contracts/openzeppelin-Alpha_Finance_Homora_V2/alpha-homora-v2-contract-5efa332f2ecf8e9705c326cffda5305bc6f752f7::WMasterChef,WMasterChef,1,i:mint,mint,L63,Unchecked Call Return (SWC-104)|SWC-104-Unchecked Call Return Value,DAppSCAN-source/contracts/openzeppelin-Alpha_Finance_Homora_V2/alpha-homora-v2-contract-5efa332f2ecf8e9705c326cffda5305bc6f752f7/WMasterChef.sol:L63,True,0,0
train,DAPP::DAppSCAN-source/contracts/Iosiro-Synthetix Phase 2 Smart Contract Audit/synthetix-fdd4782ebebd7b4892c8a68000f76708d5d1aa7b::Synthetix,Synthetix,1,i:exchange,exchange,L434-440,Front-running / Tx Order (SWC-114)|SWC-114-Transaction Order Dependence,DAppSCAN-source/contracts/Iosiro-Synthetix Phase 2 Smart Contract Audit/synthetix-fdd4782ebebd7b4892c8a68000f76708d5d1aa7b/Synthetix.sol:434-434|DAppSCAN-source/contracts/Iosiro-Synthetix Phase 2 Smart Contract Audit/synthetix-fdd4782ebebd7b4892c8a68000f76708d5d1aa7b/Synthetix.sol:L434-440,True,0,0
train,DAPP::DAppSCAN-source/contracts/Hacken-Codex on Althash/Codex-Rewards-Platform-d364d0ef9258dd468f8202a352c58724d6b65638::CDEXStakingPool,CDEXStakingPool,4,i:stake|i:withdraw|i:getReward|i:depositTokens,stake|withdraw|getReward|depositTokens,L362 - L391|L395 - L420|L424 - L456|L486 - L498,Unchecked Call Return (SWC-104)|SWC-104-Unchecked Call Return Value,DAppSCAN-source/contracts/Hacken-Codex on Althash/Codex-Rewards-Platform-d364d0ef9258dd468f8202a352c58724d6b65638/contracts/CDEX_rewards.sol:362-391|DAppSCAN-source/contracts/Hacken-Codex on Althash/Codex-Rewards-Platform-d364d0ef9258dd468f8202a352c58724d6b65638/contracts/CDEX_rewards.sol:L362 - L391|DAppSCAN-source/contracts/Hacken-Codex on Althash/Codex-Rewards-Platform-d364d0ef9258dd468f8202a352c58724d6b65638/contracts/CDEX_rewards.sol:395-420|DAppSCAN-source/contracts/Hacken-Codex on Althash/Codex-Rewards-Platform-d364d0ef9258dd468f8202a352c58724d6b65638/contracts/CDEX_rewards.sol:L395 - L420|DAppSCAN-source/contracts/Hacken-Codex on Althash/Codex-Rewards-Platform-d364d0ef9258dd468f8202a352c58724d6b65638/contracts/CDEX_rewards.sol:424-456|DAppSCAN-source/contracts/Hacken-Codex on Althash/Codex-Rewards-Platform-d364d0ef9258dd468f8202a352c58724d6b65638/contracts/CDEX_rewards.sol:L424 - L456|DAppSCAN-source/contracts/Hacken-Codex on Althash/Codex-Rewards-Platform-d364d0ef9258dd468f8202a352c58724d6b65638/contracts/CDEX_rewards.sol:486-498|DAppSCAN-source/contracts/Hacken-Codex on Althash/Codex-Rewards-Platform-d364d0ef9258dd468f8202a352c58724d6b65638/contracts/CDEX_rewards.sol:L486 - L498,True,0,0
train,DAPP::DAppSCAN-source/contracts/BlockSec-blocksec_multichain_vemult_v1.0_signed/veMULTI-bac804399d1ea280e5bd8cdc9488b6fa6a0a7fcc::ve,ve,1,i:withdraw,withdraw,L1097-1104,Reentrancy (SWC-107)|SWC-107-Reentrancy,DAppSCAN-source/contracts/BlockSec-blocksec_multichain_vemult_v1.0_signed/veMULTI-bac804399d1ea280e5bd8cdc9488b6fa6a0a7fcc/contracts/ve.sol:1097-1097|DAppSCAN-source/contracts/BlockSec-blocksec_multichain_vemult_v1.0_signed/veMULTI-bac804399d1ea280e5bd8cdc9488b6fa6a0a7fcc/contracts/ve.sol:L1097-1104,True,0,0
train,DAPP::DAppSCAN-source/contracts/Coinbae-Pud.Fi Masterchef_Audit/MasterChef0x15Bee180BB39eE5c0166E63313C33984376930Db::MasterChef,MasterChef,7,i:add|i:deposit|i:withdraw|i:emergencyWithdraw|i:safePudTransfer|i:balance|i:setPoolStrategy,add|deposit|withdraw|emergencyWithdraw|safePudTransfer|balance|setPoolStrategy,L105 - L127|L227 - L266|L272 - L306|L310 - L329|L333 - L340|L378 - L381|L384 - L389,Reentrancy (SWC-107)|SWC-107-Reentrancy|Unchecked Call Return (SWC-104)|SWC-104-Unchecked Call Return Value,DAppSCAN-source/contracts/Coinbae-Pud.Fi Masterchef_Audit/MasterChef0x15Bee180BB39eE5c0166E63313C33984376930Db/contracts/MasterChef.sol:105-127|DAppSCAN-source/contracts/Coinbae-Pud.Fi Masterchef_Audit/MasterChef0x15Bee180BB39eE5c0166E63313C33984376930Db/contracts/MasterChef.sol:L105 - L127|DAppSCAN-source/contracts/Coinbae-Pud.Fi Masterchef_Audit/MasterChef0x15Bee180BB39eE5c0166E63313C33984376930Db/contracts/MasterChef.sol:227-266|DAppSCAN-source/contracts/Coinbae-Pud.Fi Masterchef_Audit/MasterChef0x15Bee180BB39eE5c0166E63313C33984376930Db/contracts/MasterChef.sol:L227 - L266|DAppSCAN-source/contracts/Coinbae-Pud.Fi Masterchef_Audit/MasterChef0x15Bee180BB39eE5c0166E63313C33984376930Db/contracts/MasterChef.sol:272-306|DAppSCAN-source/contracts/Coinbae-Pud.Fi Masterchef_Audit/MasterChef0x15Bee180BB39eE5c0166E63313C33984376930Db/contracts/MasterChef.sol:L272 - L306|DAppSCAN-source/contracts/Coinbae-Pud.Fi Masterchef_Audit/MasterChef0x15Bee180BB39eE5c0166E63313C33984376930Db/contracts/MasterChef.sol:310-329|DAppSCAN-source/contracts/Coinbae-Pud.Fi Masterchef_Audit/MasterChef0x15Bee180BB39eE5c0166E63313C33984376930Db/contracts/MasterChef.sol:L310 - L329|DAppSCAN-source/contracts/Coinbae-Pud.Fi Masterchef_Audit/MasterChef0x15Bee180BB39eE5c0166E63313C33984376930Db/contracts/MasterChef.sol:333-340|DAppSCAN-source/contracts/Coinbae-Pud.Fi Masterchef_Audit/MasterChef0x15Bee180BB39eE5c0166E63313C33984376930Db/contracts/MasterChef.sol:L333 - L340|DAppSCAN-source/contracts/Coinbae-Pud.Fi Masterchef_Audit/MasterChef0x15Bee180BB39eE5c0166E63313C33984376930Db/contracts/MasterChef.sol:378-381|DAppSCAN-source/contracts/Coinbae-Pud.Fi Masterchef_Audit/MasterChef0x15Bee180BB39eE5c0166E63313C33984376930Db/contracts/MasterChef.sol:L378 - L381|DAppSCAN-source/contracts/Coinbae-Pud.Fi Masterchef_Audit/MasterChef0x15Bee180BB39eE5c0166E63313C33984376930Db/contracts/MasterChef.sol:384-389|DAppSCAN-source/contracts/Coinbae-Pud.Fi Masterchef_Audit/MasterChef0x15Bee180BB39eE5c0166E63313C33984376930Db/contracts/MasterChef.sol:L384 - L389,True,0,0
train,DAPP::DAppSCAN-source/contracts/Trail_of_Bits-MapleFinance/liquidations-35c628e5ab45fbffaab7aef43a030a98b712a94a::Liquidator,Liquidator,1,i:liquidatePortion,liquidatePortion,L41-L51,Reentrancy (SWC-107)|SWC-107-Reentrancy,DAppSCAN-source/contracts/Trail_of_Bits-MapleFinance/liquidations-35c628e5ab45fbffaab7aef43a030a98b712a94a/contracts/Liquidator.sol:41-51|DAppSCAN-source/contracts/Trail_of_Bits-MapleFinance/liquidations-35c628e5ab45fbffaab7aef43a030a98b712a94a/contracts/Liquidator.sol:L41-L51,True,0,0
train,DAPP::DAppSCAN-source/contracts/Trail_of_Bits-ampleforth/market-oracle-888fccaf05786f3f7f49e18ff040f911d44906f4::MarketOracle,MarketOracle,1,i:getPriceAnd24HourVolume,getPriceAnd24HourVolume,L34 - L60,Reentrancy (SWC-107)|SWC-107-Reentrancy,DAppSCAN-source/contracts/Trail_of_Bits-ampleforth/market-oracle-888fccaf05786f3f7f49e18ff040f911d44906f4/contracts/MarketOracle.sol:34-60|DAppSCAN-source/contracts/Trail_of_Bits-ampleforth/market-oracle-888fccaf05786f3f7f49e18ff040f911d44906f4/contracts/MarketOracle.sol:L34 - L60,True,0,0
train,DAPP::DAppSCAN-source/contracts/PeckShield-PlutosV1/plutos-eth-contract-0777815::PMintBurn,PMintBurn,1,i:deposit,deposit,L48-L63,Reentrancy (SWC-107)|SWC-107-Reentrancy,DAppSCAN-source/contracts/PeckShield-PlutosV1/plutos-eth-contract-0777815/contracts/PMintBurn.sol:48-63|DAppSCAN-source/contracts/PeckShield-PlutosV1/plutos-eth-contract-0777815/contracts/PMintBurn.sol:L48-L63,True,0,0
train,DAPP::DAppSCAN-source/contracts/QuillAudits-Bond Appetit-Bond Appetit/bondappetit-protocol-355180f0aca0b29d60d808f761052956b7a3a159::ProfitSplitter,ProfitSplitter,1,i:_payToRecipients,_payToRecipients,L228,Reentrancy (SWC-107)|SWC-107-Reentrancy,DAppSCAN-source/contracts/QuillAudits-Bond Appetit-Bond Appetit/bondappetit-protocol-355180f0aca0b29d60d808f761052956b7a3a159/contracts/profit/ProfitSplitter.sol:228-228|DAppSCAN-source/contracts/QuillAudits-Bond Appetit-Bond Appetit/bondappetit-protocol-355180f0aca0b29d60d808f761052956b7a3a159/contracts/profit/ProfitSplitter.sol:L228,True,0,0
train,DAPP::DAppSCAN-source/contracts/PeckShield-ShibaNova/Contracts-b6b1ce1fcaff83d360df8944309f49958842b7b8::MasterShiba,MasterShiba,1,i:withdraw,withdraw,L339 - L341,Reentrancy (SWC-107)|SWC-107-Reentrancy,DAppSCAN-source/contracts/PeckShield-ShibaNova/Contracts-b6b1ce1fcaff83d360df8944309f49958842b7b8/shibanova/contracts/MasterShiba.sol:339-341|DAppSCAN-source/contracts/PeckShield-ShibaNova/Contracts-b6b1ce1fcaff83d360df8944309f49958842b7b8/shibanova/contracts/MasterShiba.sol:L339 - L341,True,0,0
train,DAPP::DAppSCAN-source/contracts/Chainsecurity-Compound  cToken unredacted/compound-protocol-4a54ec5c55b66ea67d44b76f3056f0ed7229db8c::Comptroller,Comptroller,1,i:liquidateBorrowAllowed,liquidateBorrowAllowed,L465-501,Reentrancy (SWC-107)|SWC-107-Reentrancy,DAppSCAN-source/contracts/Chainsecurity-Compound  cToken unredacted/compound-protocol-4a54ec5c55b66ea67d44b76f3056f0ed7229db8c/contracts/Comptroller.sol:465-465|DAppSCAN-source/contracts/Chainsecurity-Compound  cToken unredacted/compound-protocol-4a54ec5c55b66ea67d44b76f3056f0ed7229db8c/contracts/Comptroller.sol:L465-501,True,0,0
train,DAPP::DAppSCAN-source/contracts/Chainsecurity-Compound  cToken unredacted/compound-protocol-4a54ec5c55b66ea67d44b76f3056f0ed7229db8c::CToken,CToken,1,i:_setComptroller,_setComptroller,L930-947,Reentrancy (SWC-107)|SWC-107-Reentrancy,DAppSCAN-source/contracts/Chainsecurity-Compound  cToken unredacted/compound-protocol-4a54ec5c55b66ea67d44b76f3056f0ed7229db8c/contracts/CToken.sol:930-930|DAppSCAN-source/contracts/Chainsecurity-Compound  cToken unredacted/compound-protocol-4a54ec5c55b66ea67d44b76f3056f0ed7229db8c/contracts/CToken.sol:L930-947,True,0,0
train,DAPP::DAppSCAN-source/contracts/Chainsecurity-Angle Protocol/angle-core-46e6d32837cbe97a4af0adb693e63afa0d01fc3e::GenericAave,GenericAave,1,i:harvest,harvest,L104-134,Front-running / Tx Order (SWC-114)|SWC-114-Transaction Order Dependence,DAppSCAN-source/contracts/Chainsecurity-Angle Protocol/angle-core-46e6d32837cbe97a4af0adb693e63afa0d01fc3e/contracts/genericLender/GenericAave.sol:104-104|DAppSCAN-source/contracts/Chainsecurity-Angle Protocol/angle-core-46e6d32837cbe97a4af0adb693e63afa0d01fc3e/contracts/genericLender/GenericAave.sol:L104-134,True,0,0
train,DAPP::DAppSCAN-source/contracts/PeckShield-DSG/core-6f607f77698936e132e4e9b5cb4d75580636d919::SinglePool,SinglePool,1,i:emergencyWithdraw,emergencyWithdraw,L202-L214,Reentrancy (SWC-107)|SWC-107-Reentrancy,DAppSCAN-source/contracts/PeckShield-DSG/core-6f607f77698936e132e4e9b5cb4d75580636d919/contracts/pools/SinglePool.sol:202-214|DAppSCAN-source/contracts/PeckShield-DSG/core-6f607f77698936e132e4e9b5cb4d75580636d919/contracts/pools/SinglePool.sol:L202-L214,True,0,0
train,DAPP::DAppSCAN-source/contracts/PeckShield-Hegic(v8888)/Hegic-v8888-2dcd44dc1ae07881e94d52fa618f9704bfd4ffda::HegicPool,HegicPool,1,i:provideFrom,provideFrom,L373 - L409,Reentrancy (SWC-107)|SWC-107-Reentrancy,DAppSCAN-source/contracts/PeckShield-Hegic(v8888)/Hegic-v8888-2dcd44dc1ae07881e94d52fa618f9704bfd4ffda/contracts/Pool/HegicPool.sol:373-409|DAppSCAN-source/contracts/PeckShield-Hegic(v8888)/Hegic-v8888-2dcd44dc1ae07881e94d52fa618f9704bfd4ffda/contracts/Pool/HegicPool.sol:L373 - L409,True,0,0
train,DAPP::DAppSCAN-source/contracts/PeckShield-Arche/Arche_v1.0_Eros-909f35e0064d636aaf61954a6026fda7b2bade7f::D_Swap,D_Swap,1,i:Impl_Delivery,Impl_Delivery,L360-L380,Reentrancy (SWC-107)|SWC-107-Reentrancy,DAppSCAN-source/contracts/PeckShield-Arche/Arche_v1.0_Eros-909f35e0064d636aaf61954a6026fda7b2bade7f/Swap_Factory_Future.sol:360-380|DAppSCAN-source/contracts/PeckShield-Arche/Arche_v1.0_Eros-909f35e0064d636aaf61954a6026fda7b2bade7f/Swap_Factory_Future.sol:L360-L380,True,0,0
train,DAPP::DAppSCAN-source/contracts/PeckShield-PikaPerpV2/PikaPerpV2-4a0965ff90ed099b7e2d3e8dda47cd589ee8e3a2::PikaPerpV2,PikaPerpV2,1,i:closePositionWithId,closePositionWithId,L402-459,Reentrancy (SWC-107)|SWC-107-Reentrancy,DAppSCAN-source/contracts/PeckShield-PikaPerpV2/PikaPerpV2-4a0965ff90ed099b7e2d3e8dda47cd589ee8e3a2/contracts/perp/PikaPerpV2.sol:402-402|DAppSCAN-source/contracts/PeckShield-PikaPerpV2/PikaPerpV2-4a0965ff90ed099b7e2d3e8dda47cd589ee8e3a2/contracts/perp/PikaPerpV2.sol:L402-459,True,0,0
train,DAPP::DAppSCAN-source/contracts/PeckShield-CryptoHeroes/cryptoheroes-6cb0eaf8c88fdaab89d2b4c83535a189c7793001::CryptoHeroesUniverse,CryptoHeroesUniverse,1,i:deposit,deposit,L175 - L203,Reentrancy (SWC-107)|SWC-107-Reentrancy,DAppSCAN-source/contracts/PeckShield-CryptoHeroes/cryptoheroes-6cb0eaf8c88fdaab89d2b4c83535a189c7793001/CryptoHeroesUniverse.sol:175-203|DAppSCAN-source/contracts/PeckShield-CryptoHeroes/cryptoheroes-6cb0eaf8c88fdaab89d2b4c83535a189c7793001/CryptoHeroesUniverse.sol:L175 - L203,True,0,0
train,DAPP::DAppSCAN-source/contracts/PeckShield-Buffer/code::BufferBNBOptions,BufferBNBOptions,1,i:create,create,L142-L189,Reentrancy (SWC-107)|SWC-107-Reentrancy,DAppSCAN-source/contracts/PeckShield-Buffer/code/Buffer-Protocol-1c648bb35feca23bc801ce76aba63ca66af5917e/contracts/Options/BufferBNBOptions.sol:142-189|DAppSCAN-source/contracts/PeckShield-Buffer/code/Buffer-Protocol-1c648bb35feca23bc801ce76aba63ca66af5917e/contracts/Options/BufferBNBOptions.sol:L142-L189,True,0,0
train,DAPP::DAppSCAN-source/contracts/Coinbae-Pud.Fi Strategy_Bacdai/StrategyBasisBacDaiLp0x31dfcB1C5dF01A27F8b0b5F9cD1585FE92C7970e::StrategyBasisFarmBase,StrategyBasisFarmBase,1,i:harvest,harvest,L78 - L152,Unchecked Call Return (SWC-104)|SWC-104-Unchecked Call Return Value,DAppSCAN-source/contracts/Coinbae-Pud.Fi Strategy_Bacdai/StrategyBasisBacDaiLp0x31dfcB1C5dF01A27F8b0b5F9cD1585FE92C7970e/contracts/strategies/strategy-basis-farm-base.sol:78-152|DAppSCAN-source/contracts/Coinbae-Pud.Fi Strategy_Bacdai/StrategyBasisBacDaiLp0x31dfcB1C5dF01A27F8b0b5F9cD1585FE92C7970e/contracts/strategies/strategy-basis-farm-base.sol:L78 - L152,True,0,0
train,DAPP::DAppSCAN-source/contracts/Coinbae-Pud.Fi Strategy_Bacdai/StrategyBasisBacDaiLp0x31dfcB1C5dF01A27F8b0b5F9cD1585FE92C7970e::StrategyBase,StrategyBase,4,i:_swapUniswap|i:_swapUniswapWithPath|i:_swapSushiswap|i:_swapSushiswapWithPath,_swapUniswap|_swapUniswapWithPath|_swapSushiswap|_swapSushiswapWithPath,L237 - L268|L271 - L288|L291 - L322|L325 - L342,Unchecked Call Return (SWC-104)|SWC-104-Unchecked Call Return Value,DAppSCAN-source/contracts/Coinbae-Pud.Fi Strategy_Bacdai/StrategyBasisBacDaiLp0x31dfcB1C5dF01A27F8b0b5F9cD1585FE92C7970e/contracts/strategies/strategy-base.sol:237-268|DAppSCAN-source/contracts/Coinbae-Pud.Fi Strategy_Bacdai/StrategyBasisBacDaiLp0x31dfcB1C5dF01A27F8b0b5F9cD1585FE92C7970e/contracts/strategies/strategy-base.sol:L237 - L268|DAppSCAN-source/contracts/Coinbae-Pud.Fi Strategy_Bacdai/StrategyBasisBacDaiLp0x31dfcB1C5dF01A27F8b0b5F9cD1585FE92C7970e/contracts/strategies/strategy-base.sol:271-288|DAppSCAN-source/contracts/Coinbae-Pud.Fi Strategy_Bacdai/StrategyBasisBacDaiLp0x31dfcB1C5dF01A27F8b0b5F9cD1585FE92C7970e/contracts/strategies/strategy-base.sol:L271 - L288|DAppSCAN-source/contracts/Coinbae-Pud.Fi Strategy_Bacdai/StrategyBasisBacDaiLp0x31dfcB1C5dF01A27F8b0b5F9cD1585FE92C7970e/contracts/strategies/strategy-base.sol:291-322|DAppSCAN-source/contracts/Coinbae-Pud.Fi Strategy_Bacdai/StrategyBasisBacDaiLp0x31dfcB1C5dF01A27F8b0b5F9cD1585FE92C7970e/contracts/strategies/strategy-base.sol:L291 - L322|DAppSCAN-source/contracts/Coinbae-Pud.Fi Strategy_Bacdai/StrategyBasisBacDaiLp0x31dfcB1C5dF01A27F8b0b5F9cD1585FE92C7970e/contracts/strategies/strategy-base.sol:325-342|DAppSCAN-source/contracts/Coinbae-Pud.Fi Strategy_Bacdai/StrategyBasisBacDaiLp0x31dfcB1C5dF01A27F8b0b5F9cD1585FE92C7970e/contracts/strategies/strategy-base.sol:L325 - L342,True,0,0
train,DAPP::DAppSCAN-source/contracts/Chainsecurity-Angle Protocol  Borrowing Module/angle-borrow-0363b6a137a44e22ee06b3187ba74f7798c1af08::VaultManager,VaultManager,1,i:liquidate,liquidate,L692,Unchecked Call Return (SWC-104)|SWC-104-Unchecked Call Return Value,DAppSCAN-source/contracts/Chainsecurity-Angle Protocol  Borrowing Module/angle-borrow-0363b6a137a44e22ee06b3187ba74f7798c1af08/contracts/vaultManager/VaultManager.sol:692-692|DAppSCAN-source/contracts/Chainsecurity-Angle Protocol  Borrowing Module/angle-borrow-0363b6a137a44e22ee06b3187ba74f7798c1af08/contracts/vaultManager/VaultManager.sol:L692,True,0,0
train,DAPP::DAppSCAN-source/contracts/Runtime_Vеrification-Stakefish_BatchDeposit/eth2-batch-deposit-a4912b2d839305da8447b7cec6b2f09238b90e37::BatchDeposit,BatchDeposit,1,i:batchDeposit,batchDeposit,L86 - L122,Front-running / Tx Order (SWC-114)|SWC-114-Transaction Order Dependence,DAppSCAN-source/contracts/Runtime_Vеrification-Stakefish_BatchDeposit/eth2-batch-deposit-a4912b2d839305da8447b7cec6b2f09238b90e37/contracts/BatchDeposits.sol:86-122|DAppSCAN-source/contracts/Runtime_Vеrification-Stakefish_BatchDeposit/eth2-batch-deposit-a4912b2d839305da8447b7cec6b2f09238b90e37/contracts/BatchDeposits.sol:L86 - L122,True,0,0
train,DAPP::DAppSCAN-source/contracts/Trail_of_Bits-FraxFinance/frax-solidity-3f0993a70e3496fd27887db7754d68709c84015e::CurveAMO,CurveAMO,1,i:giveCollatBack,giveCollatBack,L371,Unchecked Call Return (SWC-104)|SWC-104-Unchecked Call Return Value,DAppSCAN-source/contracts/Trail_of_Bits-FraxFinance/frax-solidity-3f0993a70e3496fd27887db7754d68709c84015e/contracts/Curve/CurveAMO.sol:371-371|DAppSCAN-source/contracts/Trail_of_Bits-FraxFinance/frax-solidity-3f0993a70e3496fd27887db7754d68709c84015e/contracts/Curve/CurveAMO.sol:L371,True,0,0
train,DAPP::DAppSCAN-source/contracts/Trail_of_Bits-FraxFinance/frax-solidity-3f0993a70e3496fd27887db7754d68709c84015e::InvestorAMO_V2,InvestorAMO_V2,1,i:giveCollatBack,giveCollatBack,L263,Unchecked Call Return (SWC-104)|SWC-104-Unchecked Call Return Value,DAppSCAN-source/contracts/Trail_of_Bits-FraxFinance/frax-solidity-3f0993a70e3496fd27887db7754d68709c84015e/contracts/Misc_AMOs/InvestorAMO_V2.sol:263-263|DAppSCAN-source/contracts/Trail_of_Bits-FraxFinance/frax-solidity-3f0993a70e3496fd27887db7754d68709c84015e/contracts/Misc_AMOs/InvestorAMO_V2.sol:L263,True,0,0
train,DAPP::DAppSCAN-source/contracts/Trail_of_Bits-FraxFinance/frax-solidity-3f0993a70e3496fd27887db7754d68709c84015e::FraxPool,FraxPool,4,i:mint1t1FRAX|i:mintFractionalFRAX|i:collectRedemption|i:recollateralizeFRAX,mint1t1FRAX|mintFractionalFRAX|collectRedemption|recollateralizeFRAX,L204|L250|L366|L401,Unchecked Call Return (SWC-104)|SWC-104-Unchecked Call Return Value,DAppSCAN-source/contracts/Trail_of_Bits-FraxFinance/frax-solidity-3f0993a70e3496fd27887db7754d68709c84015e/contracts/Frax/Pools/FraxPool.sol:204-204|DAppSCAN-source/contracts/Trail_of_Bits-FraxFinance/frax-solidity-3f0993a70e3496fd27887db7754d68709c84015e/contracts/Frax/Pools/FraxPool.sol:L204|DAppSCAN-source/contracts/Trail_of_Bits-FraxFinance/frax-solidity-3f0993a70e3496fd27887db7754d68709c84015e/contracts/Frax/Pools/FraxPool.sol:250-250|DAppSCAN-source/contracts/Trail_of_Bits-FraxFinance/frax-solidity-3f0993a70e3496fd27887db7754d68709c84015e/contracts/Frax/Pools/FraxPool.sol:L250|DAppSCAN-source/contracts/Trail_of_Bits-FraxFinance/frax-solidity-3f0993a70e3496fd27887db7754d68709c84015e/contracts/Frax/Pools/FraxPool.sol:366-366|DAppSCAN-source/contracts/Trail_of_Bits-FraxFinance/frax-solidity-3f0993a70e3496fd27887db7754d68709c84015e/contracts/Frax/Pools/FraxPool.sol:L366|DAppSCAN-source/contracts/Trail_of_Bits-FraxFinance/frax-solidity-3f0993a70e3496fd27887db7754d68709c84015e/contracts/Frax/Pools/FraxPool.sol:401-401|DAppSCAN-source/contracts/Trail_of_Bits-FraxFinance/frax-solidity-3f0993a70e3496fd27887db7754d68709c84015e/contracts/Frax/Pools/FraxPool.sol:L401,True,0,0
train,DAPP::DAppSCAN-source/contracts/Hacken-TrustSwap-V1/code::StakingPool,StakingPool,2,i:ownerSetPoolRewards|i:withdrawStaking,ownerSetPoolRewards|withdrawStaking,L132|L262,Unchecked Call Return (SWC-104)|SWC-104-Unchecked Call Return Value,DAppSCAN-source/contracts/Hacken-TrustSwap-V1/code/StakingPool.sol:132-132|DAppSCAN-source/contracts/Hacken-TrustSwap-V1/code/StakingPool.sol:L132|DAppSCAN-source/contracts/Hacken-TrustSwap-V1/code/StakingPool.sol:262-262|DAppSCAN-source/contracts/Hacken-TrustSwap-V1/code/StakingPool.sol:L262,True,0,0
train,DAPP::DAppSCAN-source/contracts/ImmuneBytes-SportsIcon-Audit Report/SportsIcon-Vesting-8a26ed5c3a52b7a4d1b22a38b40dd80783ecc6a3::SportsIconPrivateVesting,SportsIconPrivateVesting,1,i:claim,claim,L60,Unchecked Call Return (SWC-104)|SWC-104-Unchecked Call Return Value,DAppSCAN-source/contracts/ImmuneBytes-SportsIcon-Audit Report/SportsIcon-Vesting-8a26ed5c3a52b7a4d1b22a38b40dd80783ecc6a3/SportsIconPrivateVesting.sol:60-60|DAppSCAN-source/contracts/ImmuneBytes-SportsIcon-Audit Report/SportsIcon-Vesting-8a26ed5c3a52b7a4d1b22a38b40dd80783ecc6a3/SportsIconPrivateVesting.sol:L60,True,0,0
train,DAPP::DAppSCAN-source/contracts/Inspex-SpookySwap Integration & Fantom Expansion/bsc-alpaca-contract-4553a34a6dcfcfbf7aebc693bb5c5c6074c73129::SpookyWorker03,SpookyWorker03,1,i:_reinvest,_reinvest,L208-L246,Front-running / Tx Order (SWC-114)|SWC-114-Transaction Order Dependence,DAppSCAN-source/contracts/Inspex-SpookySwap Integration & Fantom Expansion/bsc-alpaca-contract-4553a34a6dcfcfbf7aebc693bb5c5c6074c73129/contracts/6/protocol/workers/spookyswap/SpookyWorker03.sol:208-246|DAppSCAN-source/contracts/Inspex-SpookySwap Integration & Fantom Expansion/bsc-alpaca-contract-4553a34a6dcfcfbf7aebc693bb5c5c6074c73129/contracts/6/protocol/workers/spookyswap/SpookyWorker03.sol:L208-L246,True,0,0
train,DAPP::DAppSCAN-source/contracts/Inspex-SpookySwap Integration & Fantom Expansion/bsc-alpaca-contract-4553a34a6dcfcfbf7aebc693bb5c5c6074c73129::SpookySwapStrategyAddBaseTokenOnly,SpookySwapStrategyAddBaseTokenOnly,1,i:execute,execute,L59-L105,Front-running / Tx Order (SWC-114)|SWC-114-Transaction Order Dependence,DAppSCAN-source/contracts/Inspex-SpookySwap Integration & Fantom Expansion/bsc-alpaca-contract-4553a34a6dcfcfbf7aebc693bb5c5c6074c73129/contracts/6/protocol/strategies/spookyswap/SpookySwapStrategyAddBaseTokenOnly.sol:59-105|DAppSCAN-source/contracts/Inspex-SpookySwap Integration & Fantom Expansion/bsc-alpaca-contract-4553a34a6dcfcfbf7aebc693bb5c5c6074c73129/contracts/6/protocol/strategies/spookyswap/SpookySwapStrategyAddBaseTokenOnly.sol:L59-L105,True,0,0
train,DAPP::DAppSCAN-source/contracts/Chainsulting-Furucombo-project2/trevi-b3f7fd332873321152db48c9d43fc23a60a29f1a::FountainBase,FountainBase,2,i:_depositAngel|i:_withdrawAngel,_depositAngel|_withdrawAngel,L290-291|L295-L308,Reentrancy (SWC-107)|SWC-107-Reentrancy,DAppSCAN-source/contracts/Chainsulting-Furucombo-project2/trevi-b3f7fd332873321152db48c9d43fc23a60a29f1a/contracts/FountainBase.sol:290-290|DAppSCAN-source/contracts/Chainsulting-Furucombo-project2/trevi-b3f7fd332873321152db48c9d43fc23a60a29f1a/contracts/FountainBase.sol:L290-291|DAppSCAN-source/contracts/Chainsulting-Furucombo-project2/trevi-b3f7fd332873321152db48c9d43fc23a60a29f1a/contracts/FountainBase.sol:295-308|DAppSCAN-source/contracts/Chainsulting-Furucombo-project2/trevi-b3f7fd332873321152db48c9d43fc23a60a29f1a/contracts/FountainBase.sol:L295-L308,True,0,0
train,DAPP::DAppSCAN-source/contracts/Inspex-AutoCompound/auto-compound-v2-92626a1dcfc55a28afdf4f996d600fe8bbfd6efd::PancakeByalanLP,PancakeByalanLP,1,i:harvest,harvest,L1342,Front-running / Tx Order (SWC-114)|SWC-114-Transaction Order Dependence,DAppSCAN-source/contracts/Inspex-AutoCompound/auto-compound-v2-92626a1dcfc55a28afdf4f996d600fe8bbfd6efd/PancakeByalanLP.sol:L1342,True,0,0
train,DAPP::DAppSCAN-source/contracts/QuillAudits-LTO Network-Token Sale/lto-erc20-token-02fa2620aef4c854675230b6544461961d47f968::LTOTokenSale,LTOTokenSale,1,i:clear,clear,L238 - L245,Unchecked Call Return (SWC-104)|SWC-104-Unchecked Call Return Value,DAppSCAN-source/contracts/QuillAudits-LTO Network-Token Sale/lto-erc20-token-02fa2620aef4c854675230b6544461961d47f968/contracts/LTOTokenSale.sol:238-245|DAppSCAN-source/contracts/QuillAudits-LTO Network-Token Sale/lto-erc20-token-02fa2620aef4c854675230b6544461961d47f968/contracts/LTOTokenSale.sol:L238 - L245,True,0,0
train,DAPP::DAppSCAN-source/contracts/consensys-ENS_Permanent_Registrar/ethregistrar-e52abfc2799ac361364aca6135fc20f9175a29fd::ETHRegistrarController,ETHRegistrarController,1,i:register,register,L56-L65,Unchecked Call Return (SWC-104)|SWC-104-Unchecked Call Return Value,DAppSCAN-source/contracts/consensys-ENS_Permanent_Registrar/ethregistrar-e52abfc2799ac361364aca6135fc20f9175a29fd/contracts/ETHRegistrarController.sol:56-65|DAppSCAN-source/contracts/consensys-ENS_Permanent_Registrar/ethregistrar-e52abfc2799ac361364aca6135fc20f9175a29fd/contracts/ETHRegistrarController.sol:L56-L65,True,0,0
train,DAPP::DAppSCAN-source/contracts/Coinbae-Barnbridge_Vault/CommunityVault0xA3C299eEE1998F45c20010276684921EBE6423D9::CommunityVault,CommunityVault,1,i:setAllowance,setAllowance,L19,Reentrancy (SWC-107)|SWC-107-Reentrancy,DAppSCAN-source/contracts/Coinbae-Barnbridge_Vault/CommunityVault0xA3C299eEE1998F45c20010276684921EBE6423D9/contracts/CommunityVault.sol:19-19|DAppSCAN-source/contracts/Coinbae-Barnbridge_Vault/CommunityVault0xA3C299eEE1998F45c20010276684921EBE6423D9/contracts/CommunityVault.sol:L19,True,0,0
train,DAPP::DAppSCAN-source/contracts/consensys-Fei_Protocol/fei-protocol-core-ff892c5d0b9697f249d713bbb2b3bd1da7980ed2::Pool,Pool,1,i:_deposit,_deposit,L121,Unchecked Call Return (SWC-104)|SWC-104-Unchecked Call Return Value,DAppSCAN-source/contracts/consensys-Fei_Protocol/fei-protocol-core-ff892c5d0b9697f249d713bbb2b3bd1da7980ed2/contracts/pool/Pool.sol:121-121|DAppSCAN-source/contracts/consensys-Fei_Protocol/fei-protocol-core-ff892c5d0b9697f249d713bbb2b3bd1da7980ed2/contracts/pool/Pool.sol:L121,True,0,0
train,DAPP::DAppSCAN-source/contracts/consensys-Fei_Protocol/fei-protocol-core-ff892c5d0b9697f249d713bbb2b3bd1da7980ed2::EthUniswapPCVController,EthUniswapPCVController,1,i:_swapEth,_swapEth,L123,Unchecked Call Return (SWC-104)|SWC-104-Unchecked Call Return Value,DAppSCAN-source/contracts/consensys-Fei_Protocol/fei-protocol-core-ff892c5d0b9697f249d713bbb2b3bd1da7980ed2/contracts/pcv/EthUniswapPCVController.sol:123-123|DAppSCAN-source/contracts/consensys-Fei_Protocol/fei-protocol-core-ff892c5d0b9697f249d713bbb2b3bd1da7980ed2/contracts/pcv/EthUniswapPCVController.sol:L123,True,0,0
train,"DAPP::DAppSCAN-source/contracts/Inspex-StakingPool, Vault, Strategy & VotingEscrow/scientix-contract-main::StratAlpaca",StratAlpaca,1,i:deposit,deposit,L191-L205,Front-running / Tx Order (SWC-114)|SWC-114-Transaction Order Dependence,"DAppSCAN-source/contracts/Inspex-StakingPool, Vault, Strategy & VotingEscrow/scientix-contract-main/contracts/vaults/StratAlpaca.sol:L191-L205",True,0,0
train,DAPP::DAppSCAN-source/contracts/Inspex-Vault/aleswap-vault-efd3f777b2e9aaa2c635d3d0f463f1884e998112::StrategyWardenLP,StrategyWardenLP,1,i:harvest,harvest,L129-L136,Front-running / Tx Order (SWC-114)|SWC-114-Transaction Order Dependence,DAppSCAN-source/contracts/Inspex-Vault/aleswap-vault-efd3f777b2e9aaa2c635d3d0f463f1884e998112/contracts/strategies/Warden/StrategyWardenLP.sol:129-136|DAppSCAN-source/contracts/Inspex-Vault/aleswap-vault-efd3f777b2e9aaa2c635d3d0f463f1884e998112/contracts/strategies/Warden/StrategyWardenLP.sol:L129-L136,True,0,0
train,FORGE::vfp_00209::StakingManager,StakingManager,2,i:stake|i:withdraw,stake|withdraw,StakingManager.sol::stake|StakingManager.sol::withdraw,"CWE:CWE-670,CWE-691|Reentrancy (SWC-107)",data/FORGE-Curated/flatten/vfp-vuln/vfp_00209.json#1,True,0,0
train,FORGE::vfp_00019::OPSuccinctDisputeGame,OPSuccinctDisputeGame,1,i:initialize,initialize,OPSuccinctDisputeGame.sol::initialize,Front-running / Tx Order (heuristic)|Front-running / Tx Order (SWC-114),data/FORGE-Curated/flatten/vfp-vuln/vfp_00019.json#1,True,0,0
train,FORGE::vfp_00122::BorrowerOperations,BorrowerOperations,1,i:_adjustTrove,_adjustTrove,BorrowerOperations.sol::_adjustTrove,Front-running / Tx Order (heuristic)|Front-running / Tx Order (SWC-114),data/FORGE-Curated/flatten/vfp-vuln/vfp_00122.json#3,True,0,0
train,DAPP::DAppSCAN-source/contracts/PeckShield-Holdefi/Holdefi-5a1e6e0d582120142e8a531f6806eba6665ef2f4::Holdefi,Holdefi,1,i:repayBorrowInternal,repayBorrowInternal,L1292-L1344,Reentrancy (SWC-107)|SWC-107-Reentrancy,DAppSCAN-source/contracts/PeckShield-Holdefi/Holdefi-5a1e6e0d582120142e8a531f6806eba6665ef2f4/contracts/Holdefi.sol:L1292-L1344,True,0,0
train,DAPP::DAppSCAN-source/contracts/consensys-PoolTogether_Sushi_and_Yearn_V2_Yield_Sources/pooltogether-yearnv2-yield-source-a34857f1555908a6263d2ebd189f0cb40e1858da::YearnV2YieldSource,YearnV2YieldSource,1,i:supplyTokenTo,supplyTokenTo,L118-L129,Reentrancy (SWC-107)|SWC-107-Reentrancy,DAppSCAN-source/contracts/consensys-PoolTogether_Sushi_and_Yearn_V2_Yield_Sources/pooltogether-yearnv2-yield-source-a34857f1555908a6263d2ebd189f0cb40e1858da/contracts/yield-source/YearnV2YieldSource.sol:118-129|DAppSCAN-source/contracts/consensys-PoolTogether_Sushi_and_Yearn_V2_Yield_Sources/pooltogether-yearnv2-yield-source-a34857f1555908a6263d2ebd189f0cb40e1858da/contracts/yield-source/YearnV2YieldSource.sol:L118-L129,True,0,0
train,DAPP::DAppSCAN-source/contracts/consensys-PoolTogether_Pods/pods-v3-contracts-879dc8b911fc506dd6bead1f36eade919ccfea57::Pod,Pod,1,i:depositTo,depositTo,L275-282,Reentrancy (SWC-107)|SWC-107-Reentrancy,DAppSCAN-source/contracts/consensys-PoolTogether_Pods/pods-v3-contracts-879dc8b911fc506dd6bead1f36eade919ccfea57/contracts/Pod.sol:275-275|DAppSCAN-source/contracts/consensys-PoolTogether_Pods/pods-v3-contracts-879dc8b911fc506dd6bead1f36eade919ccfea57/contracts/Pod.sol:L275-282,True,0,0
train,DAPP::DAppSCAN-source/contracts/consensys-PoolTogether_Pods/pods-v3-contracts-879dc8b911fc506dd6bead1f36eade919ccfea57::TokenDrop,TokenDrop,1,i:claim,claim,L141-155,Reentrancy (SWC-107)|SWC-107-Reentrancy,DAppSCAN-source/contracts/consensys-PoolTogether_Pods/pods-v3-contracts-879dc8b911fc506dd6bead1f36eade919ccfea57/contracts/TokenDrop.sol:141-141|DAppSCAN-source/contracts/consensys-PoolTogether_Pods/pods-v3-contracts-879dc8b911fc506dd6bead1f36eade919ccfea57/contracts/TokenDrop.sol:L141-155,True,0,0
train,DAPP::DAppSCAN-source/contracts/QuillAudits-SushiSwap-BentoBox/bentobox-c2e150b16b8764ebfe2e1e6e267ae14e10738065::LendingPair,LendingPair,2,i:short|i:liquidate,short|liquidate,L429|L499,Unchecked Call Return (SWC-104)|SWC-104-Unchecked Call Return Value,DAppSCAN-source/contracts/QuillAudits-SushiSwap-BentoBox/bentobox-c2e150b16b8764ebfe2e1e6e267ae14e10738065/contracts/LendingPair.sol:429-429|DAppSCAN-source/contracts/QuillAudits-SushiSwap-BentoBox/bentobox-c2e150b16b8764ebfe2e1e6e267ae14e10738065/contracts/LendingPair.sol:L429|DAppSCAN-source/contracts/QuillAudits-SushiSwap-BentoBox/bentobox-c2e150b16b8764ebfe2e1e6e267ae14e10738065/contracts/LendingPair.sol:499-499|DAppSCAN-source/contracts/QuillAudits-SushiSwap-BentoBox/bentobox-c2e150b16b8764ebfe2e1e6e267ae14e10738065/contracts/LendingPair.sol:L499,True,0,0
train,DAPP::DAppSCAN-source/contracts/Trail_of_Bits-CompliFi/complifi-protocol-v1-912e93014aa16a9b6987556d971ed2b599b8cba7::Vault,Vault,1,i:initialize,initialize,L175 - L189,Front-running / Tx Order (SWC-114)|SWC-114-Transaction Order Dependence,DAppSCAN-source/contracts/Trail_of_Bits-CompliFi/complifi-protocol-v1-912e93014aa16a9b6987556d971ed2b599b8cba7/contracts/Vault.sol:175-189|DAppSCAN-source/contracts/Trail_of_Bits-CompliFi/complifi-protocol-v1-912e93014aa16a9b6987556d971ed2b599b8cba7/contracts/Vault.sol:L175 - L189,True,0,0
train,DAPP::DAppSCAN-source/contracts/openzeppelin-Fuel_Token/FUEL-Contracts-3717b751bb2fa57ae300776a93ee4d7d7beb2c07::FuelCrowdfund,FuelCrowdfund,1,i:closeCrowdfund,closeCrowdfund,L84,Unchecked Call Return (SWC-104)|SWC-104-Unchecked Call Return Value,DAppSCAN-source/contracts/openzeppelin-Fuel_Token/FUEL-Contracts-3717b751bb2fa57ae300776a93ee4d7d7beb2c07/FuelCrowdfund.sol:84-84|DAppSCAN-source/contracts/openzeppelin-Fuel_Token/FUEL-Contracts-3717b751bb2fa57ae300776a93ee4d7d7beb2c07/FuelCrowdfund.sol:L84,True,0,0
train,DAPP::DAppSCAN-source/contracts/QuillAudits-AAVE-ParaSwap Adapter/aave-protocol-v2-14e2ab47d95f42ec5ee486f367067e78a7588878::BaseParaSwapAdapter,BaseParaSwapAdapter,1,i:_pullAToken,_pullAToken,L104,Unchecked Call Return (SWC-104)|SWC-104-Unchecked Call Return Value,DAppSCAN-source/contracts/QuillAudits-AAVE-ParaSwap Adapter/aave-protocol-v2-14e2ab47d95f42ec5ee486f367067e78a7588878/contracts/adapters/BaseParaSwapAdapter.sol:104-104|DAppSCAN-source/contracts/QuillAudits-AAVE-ParaSwap Adapter/aave-protocol-v2-14e2ab47d95f42ec5ee486f367067e78a7588878/contracts/adapters/BaseParaSwapAdapter.sol:L104,True,0,0
train,DAPP::DAppSCAN-source/contracts/Iosiro-SNX FlashBurn Smart Contract Audit/flashburn-3aa02a3d63d9e0110a5b6669a4a4011ceee3cf2b::SNXFlashLoanTool,SNXFlashLoanTool,1,i:swap,swap,L143,Reentrancy (SWC-107)|SWC-107-Reentrancy,DAppSCAN-source/contracts/Iosiro-SNX FlashBurn Smart Contract Audit/flashburn-3aa02a3d63d9e0110a5b6669a4a4011ceee3cf2b/packages/contracts/contracts/SNXFlashLoanTool.sol:143-143|DAppSCAN-source/contracts/Iosiro-SNX FlashBurn Smart Contract Audit/flashburn-3aa02a3d63d9e0110a5b6669a4a4011ceee3cf2b/packages/contracts/contracts/SNXFlashLoanTool.sol:L143,True,0,0
train,DAPP::DAppSCAN-source/contracts/consensys-Idle_Finance/idle-tranches-d94ee7194e8cb17db13b16c338f3e780b62f5435::IdleCDO,IdleCDO,1,i:_deposit,_deposit,L242-258,Reentrancy (SWC-107)|SWC-107-Reentrancy,DAppSCAN-source/contracts/consensys-Idle_Finance/idle-tranches-d94ee7194e8cb17db13b16c338f3e780b62f5435/contracts/IdleCDO.sol:242-242|DAppSCAN-source/contracts/consensys-Idle_Finance/idle-tranches-d94ee7194e8cb17db13b16c338f3e780b62f5435/contracts/IdleCDO.sol:L242-258,True,0,0
train,DAPP::DAppSCAN-source/contracts/QuillAudits-1inch-Limit Order Protocol/limit-order-protocol-a14bde6a260458de5083cee117d734221e1cbc05::LimitOrderProtocol,LimitOrderProtocol,1,i:fillOrderTo,fillOrderTo,L28 - L346,Reentrancy (SWC-107)|SWC-107-Reentrancy,DAppSCAN-source/contracts/QuillAudits-1inch-Limit Order Protocol/limit-order-protocol-a14bde6a260458de5083cee117d734221e1cbc05/contracts/LimitOrderProtocol.sol:28-346|DAppSCAN-source/contracts/QuillAudits-1inch-Limit Order Protocol/limit-order-protocol-a14bde6a260458de5083cee117d734221e1cbc05/contracts/LimitOrderProtocol.sol:L28 - L346,True,0,0
train,DAPP::DAppSCAN-source/contracts/Iosiro-1inch Exchange Staking Rewards Smart Contract Audit/liquidity-protocol-c9c8bc600e8e7897f70f84b006de601d4f4bcbe3::BaseRewards,BaseRewards,1,i:getReward,getReward,L75,Reentrancy (SWC-107)|SWC-107-Reentrancy,DAppSCAN-source/contracts/Iosiro-1inch Exchange Staking Rewards Smart Contract Audit/liquidity-protocol-c9c8bc600e8e7897f70f84b006de601d4f4bcbe3/BaseRewards.sol:75-75|DAppSCAN-source/contracts/Iosiro-1inch Exchange Staking Rewards Smart Contract Audit/liquidity-protocol-c9c8bc600e8e7897f70f84b006de601d4f4bcbe3/BaseRewards.sol:L75,True,0,0
train,DAPP::DAppSCAN-source/contracts/PeckShield-KaoyaSwap/contracts-8273073f1d6914f372790399378f177573c52e37::MasterChef,MasterChef,1,i:deposit,deposit,L196 - L208,Reentrancy (SWC-107)|SWC-107-Reentrancy,DAppSCAN-source/contracts/PeckShield-KaoyaSwap/contracts-8273073f1d6914f372790399378f177573c52e37/masterchef.sol:196-208|DAppSCAN-source/contracts/PeckShield-KaoyaSwap/contracts-8273073f1d6914f372790399378f177573c52e37/masterchef.sol:L196 - L208,True,0,0
train,DAPP::DAppSCAN-source/contracts/consensys-Gamma/hypervisor-41fd4abf79864478523e87924d4e80d80df04879::UniProxy,UniProxy,1,i:deposit,deposit,L75-82,Reentrancy (SWC-107)|SWC-107-Reentrancy,DAppSCAN-source/contracts/consensys-Gamma/hypervisor-41fd4abf79864478523e87924d4e80d80df04879/contracts/UniProxy.sol:75-75|DAppSCAN-source/contracts/consensys-Gamma/hypervisor-41fd4abf79864478523e87924d4e80d80df04879/contracts/UniProxy.sol:L75-82,True,0,0
train,DAPP::DAppSCAN-source/contracts/consensys-Gamma/hypervisor-41fd4abf79864478523e87924d4e80d80df04879::Hypervisor,Hypervisor,1,i:withdraw,withdraw,L175-216,Reentrancy (SWC-107)|SWC-107-Reentrancy,DAppSCAN-source/contracts/consensys-Gamma/hypervisor-41fd4abf79864478523e87924d4e80d80df04879/contracts/Hypervisor.sol:175-175|DAppSCAN-source/contracts/consensys-Gamma/hypervisor-41fd4abf79864478523e87924d4e80d80df04879/contracts/Hypervisor.sol:L175-216,True,0,0
train,DAPP::DAppSCAN-source/contracts/Inspex-MDEX Integration/bsc-alpaca-contract-a3a14d27a4803afebdcf783c9ce8764b65f5587d::MdexWorker02,MdexWorker02,2,i:_reinvest|i:_rewardToBeneficialVault,_reinvest|_rewardToBeneficialVault,L234|L345-346、352,Front-running / Tx Order (SWC-114)|SWC-114-Transaction Order Dependence,DAppSCAN-source/contracts/Inspex-MDEX Integration/bsc-alpaca-contract-a3a14d27a4803afebdcf783c9ce8764b65f5587d/MdexWorker02.sol:234-234|DAppSCAN-source/contracts/Inspex-MDEX Integration/bsc-alpaca-contract-a3a14d27a4803afebdcf783c9ce8764b65f5587d/MdexWorker02.sol:L234|DAppSCAN-source/contracts/Inspex-MDEX Integration/bsc-alpaca-contract-a3a14d27a4803afebdcf783c9ce8764b65f5587d/MdexWorker02.sol:345-345|DAppSCAN-source/contracts/Inspex-MDEX Integration/bsc-alpaca-contract-a3a14d27a4803afebdcf783c9ce8764b65f5587d/MdexWorker02.sol:L345-346、352,True,0,0
train,DAPP::DAppSCAN-source/contracts/PeckShield-SushiSwap/sushiswap-180bc9b642bba79c1ee4a63f71a3a0d36e64aa63::MasterChef,MasterChef,1,i:withdraw,withdraw,L219-L230,Reentrancy (SWC-107)|SWC-107-Reentrancy,DAppSCAN-source/contracts/PeckShield-SushiSwap/sushiswap-180bc9b642bba79c1ee4a63f71a3a0d36e64aa63/contracts/MasterChef.sol:219-230|DAppSCAN-source/contracts/PeckShield-SushiSwap/sushiswap-180bc9b642bba79c1ee4a63f71a3a0d36e64aa63/contracts/MasterChef.sol:L219-L230,True,0,0
train,FORGE::vfp_00190::BoxAdapterCached,BoxAdapterCached,1,i:updateTotalAssets,updateTotalAssets,BoxAdapterCached.sol::updateTotalAssets,"CWE:CWE-1038,CWE-435|Reentrancy (SWC-107)",data/FORGE-Curated/flatten/vfp-vuln/vfp_00190.json#3,True,0,0
train,FORGE::vfp_00189::Box,Box,4,i:allocate|i:deallocate|i:reallocate|i:flash,allocate|deallocate|reallocate|flash,Box.sol::allocate|Box.sol::deallocate|Box.sol::reallocate|Box.sol::flash,Reentrancy (heuristic)|Reentrancy (SWC-107),data/FORGE-Curated/flatten/vfp-vuln/vfp_00189.json#2|data/FORGE-Curated/flatten/vfp-vuln/vfp_00189.json#0,True,0,0
train,FORGE::vfp_00215::ScrollChainValidium,ScrollChainValidium,2,i:registerNewEncryptionKey|i:_finalizeBundle,registerNewEncryptionKey|_finalizeBundle,ScrollChainValidium.sol::registerNewEncryptionKey|ScrollChainValidium.sol::_finalizeBundle,Reentrancy (heuristic)|Front-running / Tx Order (SWC-114),data/FORGE-Curated/flatten/vfp-vuln/vfp_00215.json#1,True,0,0
train,FORGE::vfp_00123::BalancerFlashLoan,BalancerFlashLoan,2,i:makeFlashLoan|i:receiveFlashLoan,makeFlashLoan|receiveFlashLoan,BalancerFlashLoan.sol::makeFlashLoan|BalancerFlashLoan.sol::receiveFlashLoan,Front-running / Tx Order (heuristic)|Front-running / Tx Order (SWC-114),data/FORGE-Curated/flatten/vfp-vuln/vfp_00123.json#1,True,0,0
train,FORGE::vfp_00102::StopLimit,StopLimit,2,i:performUpkeep|i:modifyOrder,performUpkeep|modifyOrder,StopLimit.sol#L75-L143|StopLimit.sol#L191-L284,Reentrancy (SWC-107),data/FORGE-Curated/flatten/vfp-vuln/vfp_00102.json#16|data/FORGE-Curated/flatten/vfp-vuln/vfp_00102.json#7,True,0,0
train,DAPP::DAppSCAN-source/contracts/openzeppelin-Endaoment/endaoment-contracts-f60aa253d3d869ad6460877f23e6092acb313add::Fund,Fund,1,i:finalizeGrant,finalizeGrant,L119-134,Reentrancy (SWC-107)|SWC-107-Reentrancy,DAppSCAN-source/contracts/openzeppelin-Endaoment/endaoment-contracts-f60aa253d3d869ad6460877f23e6092acb313add/Fund.sol:119-119|DAppSCAN-source/contracts/openzeppelin-Endaoment/endaoment-contracts-f60aa253d3d869ad6460877f23e6092acb313add/Fund.sol:L119-134,True,0,0
train,DAPP::DAppSCAN-source/contracts/QuillAudits-Keep3r.Network-Keep3r.Network/StakingRewardsV3-13ecc6966ae1a413f62224382bfd4d64b1a22351::StakingRewardsV3,StakingRewardsV3,1,i:deposit,deposit,L210 - L226,Reentrancy (SWC-107)|SWC-107-Reentrancy,DAppSCAN-source/contracts/QuillAudits-Keep3r.Network-Keep3r.Network/StakingRewardsV3-13ecc6966ae1a413f62224382bfd4d64b1a22351/contracts/StakingRewardsV3-1.sol:210-226|DAppSCAN-source/contracts/QuillAudits-Keep3r.Network-Keep3r.Network/StakingRewardsV3-13ecc6966ae1a413f62224382bfd4d64b1a22351/contracts/StakingRewardsV3-1.sol:L210 - L226,True,0,0
train,DAPP::DAppSCAN-source/contracts/Coinbae-TapCoins_Token_Contract/code::UpgradeableToken,UpgradeableToken,1,i:setUpgradeAgent,setUpgradeAgent,L373 - L394,Reentrancy (SWC-107)|SWC-107-Reentrancy,DAppSCAN-source/contracts/Coinbae-TapCoins_Token_Contract/code/Etherscan-0x9F599410D207f3D2828a8712e5e543AC2E040382.sol:373-394|DAppSCAN-source/contracts/Coinbae-TapCoins_Token_Contract/code/Etherscan-0x9F599410D207f3D2828a8712e5e543AC2E040382.sol:L373 - L394,True,0,0
train,DAPP::DAppSCAN-source/contracts/Hacken-VYNKSAFE/code::BUSDVYNCSTAKE,BUSDVYNCSTAKE,2,i:stake|i:unStake,stake|unStake,L154|L201,Unchecked Call Return (SWC-104)|SWC-104-Unchecked Call Return Value,DAppSCAN-source/contracts/Hacken-VYNKSAFE/code/main.sol:154-154|DAppSCAN-source/contracts/Hacken-VYNKSAFE/code/main.sol:L154|DAppSCAN-source/contracts/Hacken-VYNKSAFE/code/main.sol:201-201|DAppSCAN-source/contracts/Hacken-VYNKSAFE/code/main.sol:L201,True,0,0
train,"DAPP::DAppSCAN-source/contracts/Inspex-Tokens, Farm & Shop/-SpeedStar-Audit-3e39d7acf9c1aa9f3a5511c161c2035ba7d6bc1f::Staking",Staking,1,i:depositStable,depositStable,L674,Reentrancy (SWC-107)|SWC-107-Reentrancy,"DAppSCAN-source/contracts/Inspex-Tokens, Farm & Shop/-SpeedStar-Audit-3e39d7acf9c1aa9f3a5511c161c2035ba7d6bc1f/contracts/farm/Staking.sol:674-674|DAppSCAN-source/contracts/Inspex-Tokens, Farm & Shop/-SpeedStar-Audit-3e39d7acf9c1aa9f3a5511c161c2035ba7d6bc1f/contracts/farm/Staking.sol:L674",True,0,0
train,DAPP::DAppSCAN-source/contracts/QuillAudits-1inch-Fee Collector/fee-collector-3c2626763fd829500496f15476d5e98fbdf4f574::FeeCollector,FeeCollector,1,i:trade,trade,L361,Front-running / Tx Order (SWC-114)|SWC-114-Transaction Order Dependence,DAppSCAN-source/contracts/QuillAudits-1inch-Fee Collector/fee-collector-3c2626763fd829500496f15476d5e98fbdf4f574/contracts/FeeCollector.sol:361-361|DAppSCAN-source/contracts/QuillAudits-1inch-Fee Collector/fee-collector-3c2626763fd829500496f15476d5e98fbdf4f574/contracts/FeeCollector.sol:L361,True,0,0
train,DAPP::DAppSCAN-source/contracts/PeckShield-COIN98/code::C98MSiG,C98MSiG,1,i:vote,vote,L181,Reentrancy (SWC-107)|SWC-107-Reentrancy,DAppSCAN-source/contracts/PeckShield-COIN98/code/code.sol:L181,True,0,0
train,DAPP::DAppSCAN-source/contracts/PeckShield-BNPL/BNPL-0ee587a081668dcab166a3a275b8a6c4794ead4d::BankingNode,BankingNode,2,i:collectFees|i:unstake,collectFees|unstake,L453-L470|L615-L637,Front-running / Tx Order (SWC-114)|SWC-114-Transaction Order Dependence|Reentrancy (SWC-107)|SWC-107-Reentrancy,DAppSCAN-source/contracts/PeckShield-BNPL/BNPL-0ee587a081668dcab166a3a275b8a6c4794ead4d/contracts/BankingNode.sol:453-470|DAppSCAN-source/contracts/PeckShield-BNPL/BNPL-0ee587a081668dcab166a3a275b8a6c4794ead4d/contracts/BankingNode.sol:L453-L470|DAppSCAN-source/contracts/PeckShield-BNPL/BNPL-0ee587a081668dcab166a3a275b8a6c4794ead4d/contracts/BankingNode.sol:615-637|DAppSCAN-source/contracts/PeckShield-BNPL/BNPL-0ee587a081668dcab166a3a275b8a6c4794ead4d/contracts/BankingNode.sol:L615-L637,True,0,0
train,DAPP::DAppSCAN-source/contracts/QuillAudits-Abyss Finance-Abyss Eth2 Depositor/abyss-eth2depositor-a2d58dea4d79846dc682fe93ac3e0eca02323d11::AbyssEth2Depositor,AbyssEth2Depositor,1,i:deposit,deposit,L82,Reentrancy (SWC-107)|SWC-107-Reentrancy,DAppSCAN-source/contracts/QuillAudits-Abyss Finance-Abyss Eth2 Depositor/abyss-eth2depositor-a2d58dea4d79846dc682fe93ac3e0eca02323d11/contracts/AbyssEth2Depositor.sol:82-82|DAppSCAN-source/contracts/QuillAudits-Abyss Finance-Abyss Eth2 Depositor/abyss-eth2depositor-a2d58dea4d79846dc682fe93ac3e0eca02323d11/contracts/AbyssEth2Depositor.sol:L82,True,0,0
train,DAPP::DAppSCAN-source/contracts/consensys-Aave_Protocol_V2/aave-protocol-v2-f756f44a8d6a328cd545335e46e7128939db88c4::LendingPool,LendingPool,2,i:deposit|i:flashLoan,deposit|flashLoan,L92-119|L579,Reentrancy (SWC-107)|SWC-107-Reentrancy|Unchecked Call Return (SWC-104)|SWC-104-Unchecked Call Return Value,DAppSCAN-source/contracts/consensys-Aave_Protocol_V2/aave-protocol-v2-f756f44a8d6a328cd545335e46e7128939db88c4/contracts/lendingpool/LendingPool.sol:92-92|DAppSCAN-source/contracts/consensys-Aave_Protocol_V2/aave-protocol-v2-f756f44a8d6a328cd545335e46e7128939db88c4/contracts/lendingpool/LendingPool.sol:L92-119|DAppSCAN-source/contracts/consensys-Aave_Protocol_V2/aave-protocol-v2-f756f44a8d6a328cd545335e46e7128939db88c4/contracts/lendingpool/LendingPool.sol:579-579|DAppSCAN-source/contracts/consensys-Aave_Protocol_V2/aave-protocol-v2-f756f44a8d6a328cd545335e46e7128939db88c4/contracts/lendingpool/LendingPool.sol:L579,True,0,0
train,DAPP::DAppSCAN-source/contracts/QuillAudits-Pickle Finance-Strategy-Curve-scrv-v4_1/protocol-master::StrategyCurveSCRVv4_1,StrategyCurveSCRVv4_1,1,i:harvest,harvest,L153-197,Front-running / Tx Order (SWC-114)|SWC-114-Transaction Order Dependence,DAppSCAN-source/contracts/QuillAudits-Pickle Finance-Strategy-Curve-scrv-v4_1/protocol-master/strategy-curve-scrv-v4_1.sol:153-153|DAppSCAN-source/contracts/QuillAudits-Pickle Finance-Strategy-Curve-scrv-v4_1/protocol-master/strategy-curve-scrv-v4_1.sol:L153-197,True,0,0
val,FORGE::vfp_00289::BasketToken,BasketToken,1,i:proRataRedeem,proRataRedeem,BasketToken.sol::proRataRedeem,Reentrancy (heuristic)|Reentrancy (SWC-107),data/FORGE-Curated/flatten/vfp-vuln/vfp_00289.json#6,True,0,0
val,DAPP::DAppSCAN-source/contracts/Runtime_Vеrification-Tracer_Perpetual_Pools_V2/perpetual-pools-contracts-846bbf62652d7c83aee1cf3766275c4d08b00c8a::PoolCommitter,PoolCommitter,2,i:commit|i:claim,commit|claim,L139-L181|L187-L201,Front-running / Tx Order (SWC-114)|SWC-114-Transaction Order Dependence,DAppSCAN-source/contracts/Runtime_Vеrification-Tracer_Perpetual_Pools_V2/perpetual-pools-contracts-846bbf62652d7c83aee1cf3766275c4d08b00c8a/contracts/implementation/PoolCommitter.sol:139-181|DAppSCAN-source/contracts/Runtime_Vеrification-Tracer_Perpetual_Pools_V2/perpetual-pools-contracts-846bbf62652d7c83aee1cf3766275c4d08b00c8a/contracts/implementation/PoolCommitter.sol:L139-L181|DAppSCAN-source/contracts/Runtime_Vеrification-Tracer_Perpetual_Pools_V2/perpetual-pools-contracts-846bbf62652d7c83aee1cf3766275c4d08b00c8a/contracts/implementation/PoolCommitter.sol:187-201|DAppSCAN-source/contracts/Runtime_Vеrification-Tracer_Perpetual_Pools_V2/perpetual-pools-contracts-846bbf62652d7c83aee1cf3766275c4d08b00c8a/contracts/implementation/PoolCommitter.sol:L187-L201,True,0,0
val,DAPP::DAppSCAN-source/contracts/Trail_of_Bits-YieldV2/vault-v2-819a713416249da92c44eb629ed26a49425a4656::Ladle,Ladle,1,i:moduleCall,moduleCall,L187 - L198,Delegatecall (SWC-112)|SWC-112-Delegatecall to Untrusted Callee,DAppSCAN-source/contracts/Trail_of_Bits-YieldV2/vault-v2-819a713416249da92c44eb629ed26a49425a4656/contracts/Ladle.sol:L187 - L198,True,0,0
val,DAPP::DAppSCAN-source/contracts/Trail_of_Bits-OriginDollar/origin-dollar-81431fd3b2aa4c518ffc389844f9708c00b516f0::Governor,Governor,4,i:_queueOrRevert|i:execute|i:__queueSetTimelockPendingAdmin|i:__executeSetTimelockPendingAdmin,_queueOrRevert|execute|__queueSetTimelockPendingAdmin|__executeSetTimelockPendingAdmin,L158 - L172|L175 - L192|L217 - L232|L235 - L250,Unchecked Call Return (SWC-104)|SWC-104-Unchecked Call Return Value,DAppSCAN-source/contracts/Trail_of_Bits-OriginDollar/origin-dollar-81431fd3b2aa4c518ffc389844f9708c00b516f0/contracts/contracts/governance/Governor.sol:158-172|DAppSCAN-source/contracts/Trail_of_Bits-OriginDollar/origin-dollar-81431fd3b2aa4c518ffc389844f9708c00b516f0/contracts/contracts/governance/Governor.sol:L158 - L172|DAppSCAN-source/contracts/Trail_of_Bits-OriginDollar/origin-dollar-81431fd3b2aa4c518ffc389844f9708c00b516f0/contracts/contracts/governance/Governor.sol:175-192|DAppSCAN-source/contracts/Trail_of_Bits-OriginDollar/origin-dollar-81431fd3b2aa4c518ffc389844f9708c00b516f0/contracts/contracts/governance/Governor.sol:L175 - L192|DAppSCAN-source/contracts/Trail_of_Bits-OriginDollar/origin-dollar-81431fd3b2aa4c518ffc389844f9708c00b516f0/contracts/contracts/governance/Governor.sol:217-232|DAppSCAN-source/contracts/Trail_of_Bits-OriginDollar/origin-dollar-81431fd3b2aa4c518ffc389844f9708c00b516f0/contracts/contracts/governance/Governor.sol:L217 - L232|DAppSCAN-source/contracts/Trail_of_Bits-OriginDollar/origin-dollar-81431fd3b2aa4c518ffc389844f9708c00b516f0/contracts/contracts/governance/Governor.sol:235-250|DAppSCAN-source/contracts/Trail_of_Bits-OriginDollar/origin-dollar-81431fd3b2aa4c518ffc389844f9708c00b516f0/contracts/contracts/governance/Governor.sol:L235 - L250,True,0,0
val,DAPP::DAppSCAN-source/contracts/Trail_of_Bits-OriginDollar/origin-dollar-81431fd3b2aa4c518ffc389844f9708c00b516f0::CompoundStrategy,CompoundStrategy,1,i:liquidate,liquidate,L79,Unchecked Call Return (SWC-104)|SWC-104-Unchecked Call Return Value,DAppSCAN-source/contracts/Trail_of_Bits-OriginDollar/origin-dollar-81431fd3b2aa4c518ffc389844f9708c00b516f0/contracts/contracts/strategies/CompoundStrategy.sol:79-79|DAppSCAN-source/contracts/Trail_of_Bits-OriginDollar/origin-dollar-81431fd3b2aa4c518ffc389844f9708c00b516f0/contracts/contracts/strategies/CompoundStrategy.sol:L79,True,0,0
val,DAPP::DAppSCAN-source/contracts/Trail_of_Bits-OriginDollar/origin-dollar-81431fd3b2aa4c518ffc389844f9708c00b516f0::VaultCore,VaultCore,4,i:mintMultiple|i:_redeem|i:_allocate|i:rebase,mintMultiple|_redeem|_allocate|rebase,L88 - L128|L142 - L184|L210 - L293|L308 - L319,Reentrancy (SWC-107)|SWC-107-Reentrancy|Unchecked Call Return (SWC-104)|SWC-104-Unchecked Call Return Value,DAppSCAN-source/contracts/Trail_of_Bits-OriginDollar/origin-dollar-81431fd3b2aa4c518ffc389844f9708c00b516f0/contracts/contracts/vault/VaultCore.sol:88-128|DAppSCAN-source/contracts/Trail_of_Bits-OriginDollar/origin-dollar-81431fd3b2aa4c518ffc389844f9708c00b516f0/contracts/contracts/vault/VaultCore.sol:L88 - L128|DAppSCAN-source/contracts/Trail_of_Bits-OriginDollar/origin-dollar-81431fd3b2aa4c518ffc389844f9708c00b516f0/contracts/contracts/vault/VaultCore.sol:142-184|DAppSCAN-source/contracts/Trail_of_Bits-OriginDollar/origin-dollar-81431fd3b2aa4c518ffc389844f9708c00b516f0/contracts/contracts/vault/VaultCore.sol:L142 - L184|DAppSCAN-source/contracts/Trail_of_Bits-OriginDollar/origin-dollar-81431fd3b2aa4c518ffc389844f9708c00b516f0/contracts/contracts/vault/VaultCore.sol:210-293|DAppSCAN-source/contracts/Trail_of_Bits-OriginDollar/origin-dollar-81431fd3b2aa4c518ffc389844f9708c00b516f0/contracts/contracts/vault/VaultCore.sol:L210 - L293|DAppSCAN-source/contracts/Trail_of_Bits-OriginDollar/origin-dollar-81431fd3b2aa4c518ffc389844f9708c00b516f0/contracts/contracts/vault/VaultCore.sol:308-319|DAppSCAN-source/contracts/Trail_of_Bits-OriginDollar/origin-dollar-81431fd3b2aa4c518ffc389844f9708c00b516f0/contracts/contracts/vault/VaultCore.sol:L308 - L319,True,0,0
val,DAPP::DAppSCAN-source/contracts/Trail_of_Bits-OriginDollar/origin-dollar-81431fd3b2aa4c518ffc389844f9708c00b516f0::VaultAdmin,VaultAdmin,1,i:_harvest,_harvest,L266 - L298,Unchecked Call Return (SWC-104)|SWC-104-Unchecked Call Return Value,DAppSCAN-source/contracts/Trail_of_Bits-OriginDollar/origin-dollar-81431fd3b2aa4c518ffc389844f9708c00b516f0/contracts/contracts/vault/VaultAdmin.sol:266-298|DAppSCAN-source/contracts/Trail_of_Bits-OriginDollar/origin-dollar-81431fd3b2aa4c518ffc389844f9708c00b516f0/contracts/contracts/vault/VaultAdmin.sol:L266 - L298,True,0,0
val,DAPP::DAppSCAN-source/contracts/SlowMist-Starcrazy Smart Contract Security Audit Report/starcrazy-contracts-e9e11d234ac065726e108a73dfcd5efbad26f2c5::AlianaMinting,AlianaMinting,1,i:_depositFrom,_depositFrom,L254,Unchecked Call Return (SWC-104)|SWC-104-Unchecked Call Return Value,DAppSCAN-source/contracts/SlowMist-Starcrazy Smart Contract Security Audit Report/starcrazy-contracts-e9e11d234ac065726e108a73dfcd5efbad26f2c5/contract/AlianaMinting.sol:254-254|DAppSCAN-source/contracts/SlowMist-Starcrazy Smart Contract Security Audit Report/starcrazy-contracts-e9e11d234ac065726e108a73dfcd5efbad26f2c5/contract/AlianaMinting.sol:L254,True,0,0
val,DAPP::DAppSCAN-source/contracts/consensys-MCDEX_Mai_Protocol_V2/mai-protocol-v2-4b198083ec4ae2d6851e101fc44ea333eaa3cd92::AMM,AMM,1,i:mintShareTokenTo,mintShareTokenTo,L500-502,Unchecked Call Return (SWC-104)|SWC-104-Unchecked Call Return Value,DAppSCAN-source/contracts/consensys-MCDEX_Mai_Protocol_V2/mai-protocol-v2-4b198083ec4ae2d6851e101fc44ea333eaa3cd92/contracts/liquidity/AMM.sol:500-500|DAppSCAN-source/contracts/consensys-MCDEX_Mai_Protocol_V2/mai-protocol-v2-4b198083ec4ae2d6851e101fc44ea333eaa3cd92/contracts/liquidity/AMM.sol:L500-502,True,0,0
val,DAPP::DAppSCAN-source/contracts/PeckShield-Tranchessv1.0/contract-core-5ac3d997da3ef37b0135565a11c5ebcc519862aa::LiquidityStaking,LiquidityStaking,1,i:deposit,deposit,L60-L69,Reentrancy (SWC-107)|SWC-107-Reentrancy,DAppSCAN-source/contracts/PeckShield-Tranchessv1.0/contract-core-5ac3d997da3ef37b0135565a11c5ebcc519862aa/contracts/governance/LiquidityStaking.sol:60-69|DAppSCAN-source/contracts/PeckShield-Tranchessv1.0/contract-core-5ac3d997da3ef37b0135565a11c5ebcc519862aa/contracts/governance/LiquidityStaking.sol:L60-L69,True,0,0
val,DAPP::DAppSCAN-source/contracts/Trail_of_Bits-setprotocol/set-protocol-contracts-b4acf144c10b1d9f3ecde4ee2820931df1cb8e4a::ExchangeExecution,ExchangeExecution,1,i:executeExchangeOrders,executeExchangeOrders,L76,Front-running / Tx Order (SWC-114)|SWC-114-Transaction Order Dependence,DAppSCAN-source/contracts/Trail_of_Bits-setprotocol/set-protocol-contracts-b4acf144c10b1d9f3ecde4ee2820931df1cb8e4a/contracts/core/modules/lib/ExchangeExecution.sol:76-76|DAppSCAN-source/contracts/Trail_of_Bits-setprotocol/set-protocol-contracts-b4acf144c10b1d9f3ecde4ee2820931df1cb8e4a/contracts/core/modules/lib/ExchangeExecution.sol:L76,True,0,0
val,DAPP::DAppSCAN-source/contracts/Trail_of_Bits-FujiProtocol/fuji-protocol-933ea57b11889d87744efa23e95c90b7bf589402::FujiVault,FujiVault,4,i:deposit|i:withdraw|i:borrow|i:payback,deposit|withdraw|borrow|payback,L177 - L178|L227|L291|L340,Delegatecall (SWC-112)|SWC-112-Delegatecall to Untrusted Callee,DAppSCAN-source/contracts/Trail_of_Bits-FujiProtocol/fuji-protocol-933ea57b11889d87744efa23e95c90b7bf589402/contracts/FujiVault.sol:177-178|DAppSCAN-source/contracts/Trail_of_Bits-FujiProtocol/fuji-protocol-933ea57b11889d87744efa23e95c90b7bf589402/contracts/FujiVault.sol:L177 - L178|DAppSCAN-source/contracts/Trail_of_Bits-FujiProtocol/fuji-protocol-933ea57b11889d87744efa23e95c90b7bf589402/contracts/FujiVault.sol:227-227|DAppSCAN-source/contracts/Trail_of_Bits-FujiProtocol/fuji-protocol-933ea57b11889d87744efa23e95c90b7bf589402/contracts/FujiVault.sol:L227|DAppSCAN-source/contracts/Trail_of_Bits-FujiProtocol/fuji-protocol-933ea57b11889d87744efa23e95c90b7bf589402/contracts/FujiVault.sol:291-291|DAppSCAN-source/contracts/Trail_of_Bits-FujiProtocol/fuji-protocol-933ea57b11889d87744efa23e95c90b7bf589402/contracts/FujiVault.sol:L291|DAppSCAN-source/contracts/Trail_of_Bits-FujiProtocol/fuji-protocol-933ea57b11889d87744efa23e95c90b7bf589402/contracts/FujiVault.sol:340-340|DAppSCAN-source/contracts/Trail_of_Bits-FujiProtocol/fuji-protocol-933ea57b11889d87744efa23e95c90b7bf589402/contracts/FujiVault.sol:L340,True,0,0
val,DAPP::DAppSCAN-source/contracts/consensys-Zer0_zBanc/zBanc-48da0ac1eebbe31a74742f1ae4281b156f03a4bc::DynamicLiquidTokenConverter,DynamicLiquidTokenConverter,1,i:reduceWeight,reduceWeight,L124-L132,Front-running / Tx Order (SWC-114)|SWC-114-Transaction Order Dependence,DAppSCAN-source/contracts/consensys-Zer0_zBanc/zBanc-48da0ac1eebbe31a74742f1ae4281b156f03a4bc/solidity/contracts/converter/types/liquid-token/DynamicLiquidTokenConverter.sol:124-132|DAppSCAN-source/contracts/consensys-Zer0_zBanc/zBanc-48da0ac1eebbe31a74742f1ae4281b156f03a4bc/solidity/contracts/converter/types/liquid-token/DynamicLiquidTokenConverter.sol:L124-L132,True,0,0
val,DAPP::DAppSCAN-source/contracts/consensys-DeFi_Saver/defisaver-v3-contracts-cb29669a84c2d6fffaf2231c0938eb407c060919::FLAaveV2,FLAaveV2,1,i:executeOperation,executeOperation,L106-137,Reentrancy (SWC-107)|SWC-107-Reentrancy,DAppSCAN-source/contracts/consensys-DeFi_Saver/defisaver-v3-contracts-cb29669a84c2d6fffaf2231c0938eb407c060919/contracts/actions/flashloan/FLAaveV2.sol:106-106|DAppSCAN-source/contracts/consensys-DeFi_Saver/defisaver-v3-contracts-cb29669a84c2d6fffaf2231c0938eb407c060919/contracts/actions/flashloan/FLAaveV2.sol:L106-137,True,0,0
val,DAPP::DAppSCAN-source/contracts/consensys-DeFi_Saver/defisaver-v3-contracts-cb29669a84c2d6fffaf2231c0938eb407c060919::CompHelper,CompHelper,1,i:enterMarket,enterMarket,L27-138,Unchecked Call Return (SWC-104)|SWC-104-Unchecked Call Return Value,DAppSCAN-source/contracts/consensys-DeFi_Saver/defisaver-v3-contracts-cb29669a84c2d6fffaf2231c0938eb407c060919/contracts/actions/compound/helpers/CompHelper.sol:27-27|DAppSCAN-source/contracts/consensys-DeFi_Saver/defisaver-v3-contracts-cb29669a84c2d6fffaf2231c0938eb407c060919/contracts/actions/compound/helpers/CompHelper.sol:L27-138,True,0,0
val,DAPP::DAppSCAN-source/contracts/QuillAudits-Yearn Finance-Yearn Vaults V3/yearn-vaults-e390c2a6b2ba6e2ecc8f3a72a1ea4adfabd17544::yWETH,yWETH,1,i:withdrawETH,withdrawETH,L187,Reentrancy (SWC-107)|SWC-107-Reentrancy,DAppSCAN-source/contracts/QuillAudits-Yearn Finance-Yearn Vaults V3/yearn-vaults-e390c2a6b2ba6e2ecc8f3a72a1ea4adfabd17544/contracts/yToken.sol:187-187|DAppSCAN-source/contracts/QuillAudits-Yearn Finance-Yearn Vaults V3/yearn-vaults-e390c2a6b2ba6e2ecc8f3a72a1ea4adfabd17544/contracts/yToken.sol:L187,True,0,0
val,DAPP::DAppSCAN-source/contracts/QuillAudits-Yearn Finance-Yearn Vaults V3/yearn-vaults-e390c2a6b2ba6e2ecc8f3a72a1ea4adfabd17544::BaseWrapper,BaseWrapper,2,i:_deposit|i:_withdraw,_deposit|_withdraw,L138|L174,Unchecked Call Return (SWC-104)|SWC-104-Unchecked Call Return Value,DAppSCAN-source/contracts/QuillAudits-Yearn Finance-Yearn Vaults V3/yearn-vaults-e390c2a6b2ba6e2ecc8f3a72a1ea4adfabd17544/contracts/BaseWrapper.sol:138-138|DAppSCAN-source/contracts/QuillAudits-Yearn Finance-Yearn Vaults V3/yearn-vaults-e390c2a6b2ba6e2ecc8f3a72a1ea4adfabd17544/contracts/BaseWrapper.sol:L138|DAppSCAN-source/contracts/QuillAudits-Yearn Finance-Yearn Vaults V3/yearn-vaults-e390c2a6b2ba6e2ecc8f3a72a1ea4adfabd17544/contracts/BaseWrapper.sol:174-174|DAppSCAN-source/contracts/QuillAudits-Yearn Finance-Yearn Vaults V3/yearn-vaults-e390c2a6b2ba6e2ecc8f3a72a1ea4adfabd17544/contracts/BaseWrapper.sol:L174,True,0,0
val,DAPP::DAppSCAN-source/contracts/Chainsecurity-Oasis  Multiply Smart Contracts/multiply-proxy-actions-e277ac1471a95138aaa93b39cf2c16c36c769740::MultiplyProxyActions,MultiplyProxyActions,1,i:increaseMultipleDepositCollateral,increaseMultipleDepositCollateral,L172,Unchecked Call Return (SWC-104)|SWC-104-Unchecked Call Return Value,DAppSCAN-source/contracts/Chainsecurity-Oasis  Multiply Smart Contracts/multiply-proxy-actions-e277ac1471a95138aaa93b39cf2c16c36c769740/contracts/multiply/MultiplyProxyActions.sol:172-172|DAppSCAN-source/contracts/Chainsecurity-Oasis  Multiply Smart Contracts/multiply-proxy-actions-e277ac1471a95138aaa93b39cf2c16c36c769740/contracts/multiply/MultiplyProxyActions.sol:L172,True,0,0
val,DAPP::DAppSCAN-source/contracts/Runtime_Vеrification-ElementFinance/elf-contracts-637c6f959315cbb11a164555e588520c7d89122b::YVaultAssetProxy,YVaultAssetProxy,1,i:reserveDeposit,reserveDeposit,L49 - L80,Reentrancy (SWC-107)|SWC-107-Reentrancy,DAppSCAN-source/contracts/Runtime_Vеrification-ElementFinance/elf-contracts-637c6f959315cbb11a164555e588520c7d89122b/contracts/YVaultAssetProxy.sol:49-80|DAppSCAN-source/contracts/Runtime_Vеrification-ElementFinance/elf-contracts-637c6f959315cbb11a164555e588520c7d89122b/contracts/YVaultAssetProxy.sol:L49 - L80,True,0,0
val,DAPP::DAppSCAN-source/contracts/PeckShield-Donut/crossroad-550a8c3c010dc8c1a46ea9191d3841462bd58d82::DjinnAutoBuyer,DjinnAutoBuyer,1,i:buyTokenFromBnb,buyTokenFromBnb,L154-L169,Front-running / Tx Order (SWC-114)|SWC-114-Transaction Order Dependence,DAppSCAN-source/contracts/PeckShield-Donut/crossroad-550a8c3c010dc8c1a46ea9191d3841462bd58d82/contracts/DjiinAutoBuyer.sol:154-169|DAppSCAN-source/contracts/PeckShield-Donut/crossroad-550a8c3c010dc8c1a46ea9191d3841462bd58d82/contracts/DjiinAutoBuyer.sol:L154-L169,True,0,0
val,DAPP::DAppSCAN-source/contracts/QuillAudits-GearBox Protocol-GearBox Protocol/gearbox-contracts-0ac33ba87212ce056ac6b6357ad74161d417158a::PoolService,PoolService,1,i:lendCreditAccount,lendCreditAccount,L238 - L258,Reentrancy (SWC-107)|SWC-107-Reentrancy,DAppSCAN-source/contracts/QuillAudits-GearBox Protocol-GearBox Protocol/gearbox-contracts-0ac33ba87212ce056ac6b6357ad74161d417158a/contracts/pool/PoolService.sol:238-258|DAppSCAN-source/contracts/QuillAudits-GearBox Protocol-GearBox Protocol/gearbox-contracts-0ac33ba87212ce056ac6b6357ad74161d417158a/contracts/pool/PoolService.sol:L238 - L258,True,0,0
val,DAPP::DAppSCAN-source/contracts/QuillAudits-GearBox Protocol-GearBox Protocol/gearbox-contracts-0ac33ba87212ce056ac6b6357ad74161d417158a::WETHGateway,WETHGateway,3,i:addLiquidityETH|i:openCreditAccountETH|i:repayCreditAccountETH,addLiquidityETH|openCreditAccountETH|repayCreditAccountETH,L98 - L112|L151 - L171|L179 - L199,Reentrancy (SWC-107)|SWC-107-Reentrancy,DAppSCAN-source/contracts/QuillAudits-GearBox Protocol-GearBox Protocol/gearbox-contracts-0ac33ba87212ce056ac6b6357ad74161d417158a/contracts/core/WETHGateway.sol:98-112|DAppSCAN-source/contracts/QuillAudits-GearBox Protocol-GearBox Protocol/gearbox-contracts-0ac33ba87212ce056ac6b6357ad74161d417158a/contracts/core/WETHGateway.sol:L98 - L112|DAppSCAN-source/contracts/QuillAudits-GearBox Protocol-GearBox Protocol/gearbox-contracts-0ac33ba87212ce056ac6b6357ad74161d417158a/contracts/core/WETHGateway.sol:151-171|DAppSCAN-source/contracts/QuillAudits-GearBox Protocol-GearBox Protocol/gearbox-contracts-0ac33ba87212ce056ac6b6357ad74161d417158a/contracts/core/WETHGateway.sol:L151 - L171|DAppSCAN-source/contracts/QuillAudits-GearBox Protocol-GearBox Protocol/gearbox-contracts-0ac33ba87212ce056ac6b6357ad74161d417158a/contracts/core/WETHGateway.sol:179-199|DAppSCAN-source/contracts/QuillAudits-GearBox Protocol-GearBox Protocol/gearbox-contracts-0ac33ba87212ce056ac6b6357ad74161d417158a/contracts/core/WETHGateway.sol:L179 - L199,True,0,0
val,DAPP::DAppSCAN-source/contracts/QuillAudits-GearBox Protocol-GearBox Protocol/gearbox-contracts-0ac33ba87212ce056ac6b6357ad74161d417158a::CurveV1Adapter,CurveV1Adapter,1,i:exchange,exchange,L49 - L85,Reentrancy (SWC-107)|SWC-107-Reentrancy,DAppSCAN-source/contracts/QuillAudits-GearBox Protocol-GearBox Protocol/gearbox-contracts-0ac33ba87212ce056ac6b6357ad74161d417158a/contracts/adapters/CurveV1.sol:49-85|DAppSCAN-source/contracts/QuillAudits-GearBox Protocol-GearBox Protocol/gearbox-contracts-0ac33ba87212ce056ac6b6357ad74161d417158a/contracts/adapters/CurveV1.sol:L49 - L85,True,0,0
val,DAPP::DAppSCAN-source/contracts/QuillAudits-GearBox Protocol-GearBox Protocol/gearbox-contracts-0ac33ba87212ce056ac6b6357ad74161d417158a::UniswapV3Adapter,UniswapV3Adapter,4,i:exactInputSingle|i:exactInput|i:exactOutputSingle|i:exactOutput,exactInputSingle|exactInput|exactOutputSingle|exactOutput,L52|L106|L153|L210,Reentrancy (SWC-107)|SWC-107-Reentrancy,DAppSCAN-source/contracts/QuillAudits-GearBox Protocol-GearBox Protocol/gearbox-contracts-0ac33ba87212ce056ac6b6357ad74161d417158a/contracts/adapters/UniswapV3.sol:52-52|DAppSCAN-source/contracts/QuillAudits-GearBox Protocol-GearBox Protocol/gearbox-contracts-0ac33ba87212ce056ac6b6357ad74161d417158a/contracts/adapters/UniswapV3.sol:L52|DAppSCAN-source/contracts/QuillAudits-GearBox Protocol-GearBox Protocol/gearbox-contracts-0ac33ba87212ce056ac6b6357ad74161d417158a/contracts/adapters/UniswapV3.sol:106-106|DAppSCAN-source/contracts/QuillAudits-GearBox Protocol-GearBox Protocol/gearbox-contracts-0ac33ba87212ce056ac6b6357ad74161d417158a/contracts/adapters/UniswapV3.sol:L106|DAppSCAN-source/contracts/QuillAudits-GearBox Protocol-GearBox Protocol/gearbox-contracts-0ac33ba87212ce056ac6b6357ad74161d417158a/contracts/adapters/UniswapV3.sol:153-153|DAppSCAN-source/contracts/QuillAudits-GearBox Protocol-GearBox Protocol/gearbox-contracts-0ac33ba87212ce056ac6b6357ad74161d417158a/contracts/adapters/UniswapV3.sol:L153|DAppSCAN-source/contracts/QuillAudits-GearBox Protocol-GearBox Protocol/gearbox-contracts-0ac33ba87212ce056ac6b6357ad74161d417158a/contracts/adapters/UniswapV3.sol:210-210|DAppSCAN-source/contracts/QuillAudits-GearBox Protocol-GearBox Protocol/gearbox-contracts-0ac33ba87212ce056ac6b6357ad74161d417158a/contracts/adapters/UniswapV3.sol:L210,True,0,0
val,DAPP::DAppSCAN-source/contracts/QuillAudits-GearBox Protocol-GearBox Protocol/gearbox-contracts-0ac33ba87212ce056ac6b6357ad74161d417158a::YearnAdapter,YearnAdapter,2,i:withdraw|i:_deposit,withdraw|_deposit,L132|L78,Reentrancy (SWC-107)|SWC-107-Reentrancy,DAppSCAN-source/contracts/QuillAudits-GearBox Protocol-GearBox Protocol/gearbox-contracts-0ac33ba87212ce056ac6b6357ad74161d417158a/contracts/adapters/YearnV2.sol:132-132|DAppSCAN-source/contracts/QuillAudits-GearBox Protocol-GearBox Protocol/gearbox-contracts-0ac33ba87212ce056ac6b6357ad74161d417158a/contracts/adapters/YearnV2.sol:L132|DAppSCAN-source/contracts/QuillAudits-GearBox Protocol-GearBox Protocol/gearbox-contracts-0ac33ba87212ce056ac6b6357ad74161d417158a/contracts/adapters/YearnV2.sol:78-78|DAppSCAN-source/contracts/QuillAudits-GearBox Protocol-GearBox Protocol/gearbox-contracts-0ac33ba87212ce056ac6b6357ad74161d417158a/contracts/adapters/YearnV2.sol:L78,True,0,0
val,DAPP::DAppSCAN-source/contracts/QuillAudits-GearBox Protocol-GearBox Protocol/gearbox-contracts-0ac33ba87212ce056ac6b6357ad74161d417158a::UniswapV2Adapter,UniswapV2Adapter,2,i:swapExactTokensForTokens|i:swapTokensForExactTokens,swapExactTokensForTokens|swapTokensForExactTokens,L110|L56,Reentrancy (SWC-107)|SWC-107-Reentrancy,DAppSCAN-source/contracts/QuillAudits-GearBox Protocol-GearBox Protocol/gearbox-contracts-0ac33ba87212ce056ac6b6357ad74161d417158a/contracts/adapters/UniswapV2.sol:110-110|DAppSCAN-source/contracts/QuillAudits-GearBox Protocol-GearBox Protocol/gearbox-contracts-0ac33ba87212ce056ac6b6357ad74161d417158a/contracts/adapters/UniswapV2.sol:L110|DAppSCAN-source/contracts/QuillAudits-GearBox Protocol-GearBox Protocol/gearbox-contracts-0ac33ba87212ce056ac6b6357ad74161d417158a/contracts/adapters/UniswapV2.sol:56-56|DAppSCAN-source/contracts/QuillAudits-GearBox Protocol-GearBox Protocol/gearbox-contracts-0ac33ba87212ce056ac6b6357ad74161d417158a/contracts/adapters/UniswapV2.sol:L56,True,0,0
val,DAPP::DAppSCAN-source/contracts/consensys-Amp/amp-token-contracts-6871b6c64c712835b332e515cc553308dcbbc539::Amp,Amp,1,i:swap,swap,L619,Unchecked Call Return (SWC-104)|SWC-104-Unchecked Call Return Value,DAppSCAN-source/contracts/consensys-Amp/amp-token-contracts-6871b6c64c712835b332e515cc553308dcbbc539/contracts/Amp.sol:619-619|DAppSCAN-source/contracts/consensys-Amp/amp-token-contracts-6871b6c64c712835b332e515cc553308dcbbc539/contracts/Amp.sol:L619,True,0,0
val,FORGE::vfp_00001::AgentImageService,AgentImageService,3,i:requestImage|i:fulfillImage|i:requestRefund,requestImage|fulfillImage|requestRefund,AgentImageService.sol::requestImage#L191|AgentImageService.sol::fulfillImage|AgentImageService.sol::requestRefund#L260,"Front-running / Tx Order (heuristic)|Front-running / Tx Order (SWC-114)|CWE:CWE-435|Reentrancy (SWC-107)|CWE:CWE-670,CWE-691|Reentrancy (SWC-107)",data/FORGE-Curated/flatten/vfp-vuln/vfp_00001.json#3|data/FORGE-Curated/flatten/vfp-vuln/vfp_00001.json#2|data/FORGE-Curated/flatten/vfp-vuln/vfp_00001.json#4,True,0,0
val,DAPP::DAppSCAN-source/contracts/QuillAudits-Lido-WstETH/lido-dao-ea6fa222004b88e6a24b566a51e5b56b0079272d::WstETH,WstETH,2,i:wrap|i:unwrap,wrap|unwrap,L58|L75,Unchecked Call Return (SWC-104)|SWC-104-Unchecked Call Return Value,DAppSCAN-source/contracts/QuillAudits-Lido-WstETH/lido-dao-ea6fa222004b88e6a24b566a51e5b56b0079272d/contracts/0.6.12/WstETH.sol:58-58|DAppSCAN-source/contracts/QuillAudits-Lido-WstETH/lido-dao-ea6fa222004b88e6a24b566a51e5b56b0079272d/contracts/0.6.12/WstETH.sol:L58|DAppSCAN-source/contracts/QuillAudits-Lido-WstETH/lido-dao-ea6fa222004b88e6a24b566a51e5b56b0079272d/contracts/0.6.12/WstETH.sol:75-75|DAppSCAN-source/contracts/QuillAudits-Lido-WstETH/lido-dao-ea6fa222004b88e6a24b566a51e5b56b0079272d/contracts/0.6.12/WstETH.sol:L75,True,0,0
val,DAPP::DAppSCAN-source/contracts/PeckShield-TranchessV1.1/contract-core-68a86350313c1cb9e5467e791d3e9efaf228a0df::StakingV2,StakingV2,1,i:deposit,deposit,L340-L359,Reentrancy (SWC-107)|SWC-107-Reentrancy,DAppSCAN-source/contracts/PeckShield-TranchessV1.1/contract-core-68a86350313c1cb9e5467e791d3e9efaf228a0df/contracts/exchange/StakingV2.sol:340-359|DAppSCAN-source/contracts/PeckShield-TranchessV1.1/contract-core-68a86350313c1cb9e5467e791d3e9efaf228a0df/contracts/exchange/StakingV2.sol:L340-L359,True,0,0
test,FORGE::vfp_00029::AntiSandwichHook,AntiSandwichHook,1,i:_beforeSwap,_beforeSwap,AntiSandwichHook.sol::_beforeSwap#98-105|AntiSandwichHook.sol#L76,Front-running / Tx Order (heuristic)|Front-running / Tx Order (SWC-114),data/FORGE-Curated/flatten/vfp-vuln/vfp_00029.json#0,True,0,0
test,FORGE::vfp_00058::LikwidPairPosition,LikwidPairPosition,1,i:removeLiquidity,removeLiquidity,LikwidPairPosition.sol::removeLiquidity#102,Front-running / Tx Order (heuristic)|Front-running / Tx Order (SWC-114),data/FORGE-Curated/flatten/vfp-vuln/vfp_00058.json#17,True,0,0
test,FORGE::vfp_00058::LikwidMarginPosition,LikwidMarginPosition,3,i:_margin|i:_executeAddLeverage|i:modify,_margin|_executeAddLeverage|modify,LikwidMarginPosition.sol::_margin#227|LikwidMarginPosition.sol::_executeAddLeverage#303|LikwidMarginPosition.sol::modify#650,"CWE:CWE-670,CWE-691|Reentrancy (SWC-107)",data/FORGE-Curated/flatten/vfp-vuln/vfp_00058.json#15|data/FORGE-Curated/flatten/vfp-vuln/vfp_00058.json#16|data/FORGE-Curated/flatten/vfp-vuln/vfp_00058.json#19,True,0,0
test,FORGE::vfp_00260::Router_Adapter,Router_Adapter,2,i:relayMessage|i:relayTokens,relayMessage|relayTokens,Router_Adapter.sol#L79-L85|Arbitrum_Adapter.sol#L116-L119|Arbitrum_Adapter.sol#L87-L96,"Reentrancy (SWC-107)|CWE:CWE-362,CWE-691|Reentrancy (SWC-107)",data/FORGE-Curated/flatten/vfp-vuln/vfp_00260.json#3,True,0,0
test,FORGE::vfp_00126::SpokePool,SpokePool,1,i:_setOftMessenger,_setOftMessenger,SpokePool.sol::_setOftMessenger#1739,"CWE:CWE-670,CWE-691|Reentrancy (SWC-107)",data/FORGE-Curated/flatten/vfp-vuln/vfp_00126.json#2,True,0,0
test,FORGE::vfp_00288::DelegationMetaSwapAdapter,DelegationMetaSwapAdapter,1,i:swapTokens,swapTokens,src/helpers/DelegationMetaSwapAdapter.sol::swapTokens#280-317|src/helpers/DelegationMetaSwapAdapter.sol#481-499|src/helpers/DelegationMetaSwapAdapter.sol::swapTokens#280-297,Front-running / Tx Order (heuristic)|Reentrancy (heuristic)|Front-running / Tx Order (SWC-114)|Reentrancy (SWC-107),data/FORGE-Curated/flatten/vfp-vuln/vfp_00288.json#2|data/FORGE-Curated/flatten/vfp-vuln/vfp_00288.json#3,True,0,0
test,DAPP::DAppSCAN-source/contracts/SlowMist-Booster-Protocol_智能安全审计报告/boosterProtocol-946b15629c410d706856584f3aa04001d6a55bd2::BuybackBooToken,BuybackBooToken,1,i:buyback,buyback,L66,Front-running / Tx Order (SWC-114)|SWC-114-Transaction Order Dependence,DAppSCAN-source/contracts/SlowMist-Booster-Protocol_智能安全审计报告/boosterProtocol-946b15629c410d706856584f3aa04001d6a55bd2/contracts/utils/BuybackBooToken.sol:66-66|DAppSCAN-source/contracts/SlowMist-Booster-Protocol_智能安全审计报告/boosterProtocol-946b15629c410d706856584f3aa04001d6a55bd2/contracts/utils/BuybackBooToken.sol:L66,True,0,0
test,DAPP::DAppSCAN-source/contracts/SlowMist-Booster-Protocol_智能安全审计报告/boosterProtocol-946b15629c410d706856584f3aa04001d6a55bd2::StrategyUtils,StrategyUtils,2,i:getAmountOut|i:getTokenInTo,getAmountOut|getTokenInTo,L345|L395,Front-running / Tx Order (SWC-114)|SWC-114-Transaction Order Dependence,DAppSCAN-source/contracts/SlowMist-Booster-Protocol_智能安全审计报告/boosterProtocol-946b15629c410d706856584f3aa04001d6a55bd2/contracts/strategies/StrategyUtils.sol:345-345|DAppSCAN-source/contracts/SlowMist-Booster-Protocol_智能安全审计报告/boosterProtocol-946b15629c410d706856584f3aa04001d6a55bd2/contracts/strategies/StrategyUtils.sol:L345|DAppSCAN-source/contracts/SlowMist-Booster-Protocol_智能安全审计报告/boosterProtocol-946b15629c410d706856584f3aa04001d6a55bd2/contracts/strategies/StrategyUtils.sol:395-395|DAppSCAN-source/contracts/SlowMist-Booster-Protocol_智能安全审计报告/boosterProtocol-946b15629c410d706856584f3aa04001d6a55bd2/contracts/strategies/StrategyUtils.sol:L395,True,0,0
test,DAPP::DAppSCAN-source/contracts/SlowMist-Booster-Protocol_智能安全审计报告/boosterProtocol-946b15629c410d706856584f3aa04001d6a55bd2::StrategyMDex,StrategyMDex,1,i:updatePool,updatePool,L241,Front-running / Tx Order (SWC-114)|SWC-114-Transaction Order Dependence,DAppSCAN-source/contracts/SlowMist-Booster-Protocol_智能安全审计报告/boosterProtocol-946b15629c410d706856584f3aa04001d6a55bd2/contracts/strategies/StrategyMDex.sol:241-241|DAppSCAN-source/contracts/SlowMist-Booster-Protocol_智能安全审计报告/boosterProtocol-946b15629c410d706856584f3aa04001d6a55bd2/contracts/strategies/StrategyMDex.sol:L241,True,0,0
test,DAPP::DAppSCAN-source/contracts/Hacken-Powerbomb-V1/powerbomb-lite-0f86ff1eecdd723be733a9b33ff4ffa3bbdadcee::PowerBombAvaxCurve,PowerBombAvaxCurve,1,i:claimReward,claimReward,L269-293,Reentrancy (SWC-107)|SWC-107-Reentrancy,DAppSCAN-source/contracts/Hacken-Powerbomb-V1/powerbomb-lite-0f86ff1eecdd723be733a9b33ff4ffa3bbdadcee/hardhat/contracts/PowerBombAvaxCurve.sol:269-269|DAppSCAN-source/contracts/Hacken-Powerbomb-V1/powerbomb-lite-0f86ff1eecdd723be733a9b33ff4ffa3bbdadcee/hardhat/contracts/PowerBombAvaxCurve.sol:L269-293,True,0,0
test,DAPP::DAppSCAN-source/contracts/PeckShield-DarkCrypto/darkcrypto-contracts-fee5be8d36459aebed2b84e6493875b3dc0366fd::SkyRewardPool,SkyRewardPool,1,i:withdraw,withdraw,L217-L234,Reentrancy (SWC-107)|SWC-107-Reentrancy,DAppSCAN-source/contracts/PeckShield-DarkCrypto/darkcrypto-contracts-fee5be8d36459aebed2b84e6493875b3dc0366fd/contracts/distribution/SkyRewardPool.sol:217-234|DAppSCAN-source/contracts/PeckShield-DarkCrypto/darkcrypto-contracts-fee5be8d36459aebed2b84e6493875b3dc0366fd/contracts/distribution/SkyRewardPool.sol:L217-L234,True,0,0
test,DAPP::DAppSCAN-source/contracts/ImmuneBytes-Bird Money(MasterChef)-Audit Report/bird-farm-contracts-dfd2502b73c8f54c9081682c3eb070fcd3c00629::MasterChef,MasterChef,2,i:deposit|i:emergencyWithdraw,deposit|emergencyWithdraw,L262|L311,Reentrancy (SWC-107)|SWC-107-Reentrancy,DAppSCAN-source/contracts/ImmuneBytes-Bird Money(MasterChef)-Audit Report/bird-farm-contracts-dfd2502b73c8f54c9081682c3eb070fcd3c00629/contracts/MasterChef.sol:262-262|DAppSCAN-source/contracts/ImmuneBytes-Bird Money(MasterChef)-Audit Report/bird-farm-contracts-dfd2502b73c8f54c9081682c3eb070fcd3c00629/contracts/MasterChef.sol:L262|DAppSCAN-source/contracts/ImmuneBytes-Bird Money(MasterChef)-Audit Report/bird-farm-contracts-dfd2502b73c8f54c9081682c3eb070fcd3c00629/contracts/MasterChef.sol:311-311|DAppSCAN-source/contracts/ImmuneBytes-Bird Money(MasterChef)-Audit Report/bird-farm-contracts-dfd2502b73c8f54c9081682c3eb070fcd3c00629/contracts/MasterChef.sol:L311,True,0,0
test,DAPP::DAppSCAN-source/contracts/PepperSec-Aira-Robonomic/robonomics_contracts-cc35a91de187072214d215262d8371f0159c2498::RobotLiabilityLib,RobotLiabilityLib,1,i:finalize,finalize,L104,Reentrancy (SWC-107)|SWC-107-Reentrancy,DAppSCAN-source/contracts/PepperSec-Aira-Robonomic/robonomics_contracts-cc35a91de187072214d215262d8371f0159c2498/contracts/robonomics/RobotLiabilityLib.sol:104-104|DAppSCAN-source/contracts/PepperSec-Aira-Robonomic/robonomics_contracts-cc35a91de187072214d215262d8371f0159c2498/contracts/robonomics/RobotLiabilityLib.sol:L104,True,0,0
test,DAPP::DAppSCAN-source/contracts/PepperSec-Aira-Robonomic/robonomics_contracts-cc35a91de187072214d215262d8371f0159c2498::LighthouseLib,LighthouseLib,1,i:withdraw,withdraw,L24,Reentrancy (SWC-107)|SWC-107-Reentrancy,DAppSCAN-source/contracts/PepperSec-Aira-Robonomic/robonomics_contracts-cc35a91de187072214d215262d8371f0159c2498/contracts/robonomics/LighthouseLib.sol:24-24|DAppSCAN-source/contracts/PepperSec-Aira-Robonomic/robonomics_contracts-cc35a91de187072214d215262d8371f0159c2498/contracts/robonomics/LighthouseLib.sol:L24,True,0,0
test,DAPP::DAppSCAN-source/contracts/BlockSec-blocksec_impossible_finance_swap_v1.2/impossible-swap-core-29aaef89f996acdbee92b67c4d95fb608dc8b876::ImpossibleWrappedToken,ImpossibleWrappedToken,1,i:deposit,deposit,L53-61|L65-73,Reentrancy (SWC-107)|SWC-107-Reentrancy,DAppSCAN-source/contracts/BlockSec-blocksec_impossible_finance_swap_v1.2/impossible-swap-core-29aaef89f996acdbee92b67c4d95fb608dc8b876/contracts/ImpossibleWrappedToken.sol:53-53|DAppSCAN-source/contracts/BlockSec-blocksec_impossible_finance_swap_v1.2/impossible-swap-core-29aaef89f996acdbee92b67c4d95fb608dc8b876/contracts/ImpossibleWrappedToken.sol:65-65|DAppSCAN-source/contracts/BlockSec-blocksec_impossible_finance_swap_v1.2/impossible-swap-core-29aaef89f996acdbee92b67c4d95fb608dc8b876/contracts/ImpossibleWrappedToken.sol:L53-61|DAppSCAN-source/contracts/BlockSec-blocksec_impossible_finance_swap_v1.2/impossible-swap-core-29aaef89f996acdbee92b67c4d95fb608dc8b876/contracts/ImpossibleWrappedToken.sol:L65-73,True,0,0
test,DAPP::DAppSCAN-source/contracts/Solidified-Aztec Element Bridge/aztec-connect-bridges-ac2e7194b5887ea11a607b4cf8de0547b3d7fdd0::ElementBridge,ElementBridge,1,i:convert,convert,L463,Unchecked Call Return (SWC-104)|SWC-104-Unchecked Call Return Value,DAppSCAN-source/contracts/Solidified-Aztec Element Bridge/aztec-connect-bridges-ac2e7194b5887ea11a607b4cf8de0547b3d7fdd0/src/bridges/element/ElementBridge.sol:463-463|DAppSCAN-source/contracts/Solidified-Aztec Element Bridge/aztec-connect-bridges-ac2e7194b5887ea11a607b4cf8de0547b3d7fdd0/src/bridges/element/ElementBridge.sol:L463,True,0,0
test,DAPP::DAppSCAN-source/contracts/PeckShield-Duet/duet-collateral-contracts-92452dad092d6b5f76713484e30159b5fa75ea80::DYTokenERC20,DYTokenERC20,1,i:depositTo,depositTo,L29-L57,Front-running / Tx Order (SWC-114)|SWC-114-Transaction Order Dependence,DAppSCAN-source/contracts/PeckShield-Duet/duet-collateral-contracts-92452dad092d6b5f76713484e30159b5fa75ea80/contracts/DYTokenERC20.sol:29-57|DAppSCAN-source/contracts/PeckShield-Duet/duet-collateral-contracts-92452dad092d6b5f76713484e30159b5fa75ea80/contracts/DYTokenERC20.sol:L29-L57,True,0,0
test,DAPP::DAppSCAN-source/contracts/consensys-GrowthDeFi WHEAT/wheat-v1-core-8360ac0a537589bb974e8a5a169bb3e7c95d2857::Exchange,Exchange,1,i:convertFundsFromInput,convertFundsFromInput,L80-90,Reentrancy (SWC-107)|SWC-107-Reentrancy,DAppSCAN-source/contracts/consensys-GrowthDeFi WHEAT/wheat-v1-core-8360ac0a537589bb974e8a5a169bb3e7c95d2857/contracts/Exchange.sol:80-80|DAppSCAN-source/contracts/consensys-GrowthDeFi WHEAT/wheat-v1-core-8360ac0a537589bb974e8a5a169bb3e7c95d2857/contracts/Exchange.sol:L80-90,True,0,0
test,DAPP::DAppSCAN-source/contracts/ImmuneBytes-Bird Money-Final Audit Report/bird-farm-contracts-dfd2502b73c8f54c9081682c3eb070fcd3c00629::MasterChef,MasterChef,1,i:withdraw,withdraw,L287-306,Reentrancy (SWC-107)|SWC-107-Reentrancy,DAppSCAN-source/contracts/ImmuneBytes-Bird Money-Final Audit Report/bird-farm-contracts-dfd2502b73c8f54c9081682c3eb070fcd3c00629/contracts/MasterChef.sol:287-287|DAppSCAN-source/contracts/ImmuneBytes-Bird Money-Final Audit Report/bird-farm-contracts-dfd2502b73c8f54c9081682c3eb070fcd3c00629/contracts/MasterChef.sol:L287-306,True,0,0
test,DAPP::DAppSCAN-source/contracts/SlowMist-ForTube2.0 Smart Contract Security Audit Report/bond-854527d0ea7ad2ddd3504b4d4ae3fcb57cb6445d::PRA,PRA,1,i:lock,lock,L66 - L80,Reentrancy (SWC-107)|SWC-107-Reentrancy,DAppSCAN-source/contracts/SlowMist-ForTube2.0 Smart Contract Security Audit Report/bond-854527d0ea7ad2ddd3504b4d4ae3fcb57cb6445d/contracts/PRA.sol:66-80|DAppSCAN-source/contracts/SlowMist-ForTube2.0 Smart Contract Security Audit Report/bond-854527d0ea7ad2ddd3504b4d4ae3fcb57cb6445d/contracts/PRA.sol:L66 - L80,True,0,0
test,"DAPP::DAppSCAN-source/contracts/Coinfabrik-MintingFactoryV2, BaseUpgradableMarketplace & KODAV3UpgradableGatedMarketplace/known-origin-contracts-v3-d592c5f4fa4e0b6fc65a1fce43e302706aedf607::MintingFactoryV2",MintingFactoryV2,1,i:mintBatchEdition,mintBatchEdition,L93 - L112,Reentrancy (SWC-107)|SWC-107-Reentrancy,"DAppSCAN-source/contracts/Coinfabrik-MintingFactoryV2, BaseUpgradableMarketplace & KODAV3UpgradableGatedMarketplace/known-origin-contracts-v3-d592c5f4fa4e0b6fc65a1fce43e302706aedf607/contracts/minter/MintingFactoryV2.sol:93-112|DAppSCAN-source/contracts/Coinfabrik-MintingFactoryV2, BaseUpgradableMarketplace & KODAV3UpgradableGatedMarketplace/known-origin-contracts-v3-d592c5f4fa4e0b6fc65a1fce43e302706aedf607/contracts/minter/MintingFactoryV2.sol:L93 - L112",True,0,0
test,DAPP::DAppSCAN-source/contracts/Solidity_Finance-OKLG - Smart Contract/contracts-e167d0d742d21bcc62d7a5b770a1f0ed1cf31eca::MTGYTokenLocker,MTGYTokenLocker,1,i:withdrawLockedTokens,withdrawLockedTokens,L126,Reentrancy (SWC-107)|SWC-107-Reentrancy,DAppSCAN-source/contracts/Solidity_Finance-OKLG - Smart Contract/contracts-e167d0d742d21bcc62d7a5b770a1f0ed1cf31eca/contracts/OKLGTokenLocker.sol:126-126|DAppSCAN-source/contracts/Solidity_Finance-OKLG - Smart Contract/contracts-e167d0d742d21bcc62d7a5b770a1f0ed1cf31eca/contracts/OKLGTokenLocker.sol:L126,True,0,0
test,DAPP::DAppSCAN-source/contracts/Solidified-Aztec Lido Bridge/aztec-connect-bridges-d5aca13d4d0a17b21eeddf77f49f4c6613461fb0::LidoBridge,LidoBridge,1,i:wrapETH,wrapETH,L115,Unchecked Call Return (SWC-104)|SWC-104-Unchecked Call Return Value,DAppSCAN-source/contracts/Solidified-Aztec Lido Bridge/aztec-connect-bridges-d5aca13d4d0a17b21eeddf77f49f4c6613461fb0/src/bridges/lido/LidoBridge.sol:115-115|DAppSCAN-source/contracts/Solidified-Aztec Lido Bridge/aztec-connect-bridges-d5aca13d4d0a17b21eeddf77f49f4c6613461fb0/src/bridges/lido/LidoBridge.sol:L115,True,0,0
test,DAPP::DAppSCAN-source/contracts/Hacken-Tenderize/tender-core-1fd606141625171fe792045ae9233890262d2d62::Matic,Matic,2,i:_stake|i:_withdraw,_stake|_withdraw,L94|L148,Unchecked Call Return (SWC-104)|SWC-104-Unchecked Call Return Value,DAppSCAN-source/contracts/Hacken-Tenderize/tender-core-1fd606141625171fe792045ae9233890262d2d62/contracts/tenderizer/integrations/matic/Matic.sol:94-94|DAppSCAN-source/contracts/Hacken-Tenderize/tender-core-1fd606141625171fe792045ae9233890262d2d62/contracts/tenderizer/integrations/matic/Matic.sol:L94|DAppSCAN-source/contracts/Hacken-Tenderize/tender-core-1fd606141625171fe792045ae9233890262d2d62/contracts/tenderizer/integrations/matic/Matic.sol:148-148|DAppSCAN-source/contracts/Hacken-Tenderize/tender-core-1fd606141625171fe792045ae9233890262d2d62/contracts/tenderizer/integrations/matic/Matic.sol:L148,True,0,0
test,DAPP::DAppSCAN-source/contracts/Hacken-Tenderize/tender-core-1fd606141625171fe792045ae9233890262d2d62::Livepeer,Livepeer,2,i:_withdraw|i:_claimSecondaryRewards,_withdraw|_claimSecondaryRewards,L122|L162 - L164,Unchecked Call Return (SWC-104)|SWC-104-Unchecked Call Return Value,DAppSCAN-source/contracts/Hacken-Tenderize/tender-core-1fd606141625171fe792045ae9233890262d2d62/contracts/tenderizer/integrations/livepeer/Livepeer.sol:122-122|DAppSCAN-source/contracts/Hacken-Tenderize/tender-core-1fd606141625171fe792045ae9233890262d2d62/contracts/tenderizer/integrations/livepeer/Livepeer.sol:L122|DAppSCAN-source/contracts/Hacken-Tenderize/tender-core-1fd606141625171fe792045ae9233890262d2d62/contracts/tenderizer/integrations/livepeer/Livepeer.sol:162-164|DAppSCAN-source/contracts/Hacken-Tenderize/tender-core-1fd606141625171fe792045ae9233890262d2d62/contracts/tenderizer/integrations/livepeer/Livepeer.sol:L162 - L164,True,0,0
test,DAPP::DAppSCAN-source/contracts/Hacken-Tenderize/tender-core-1fd606141625171fe792045ae9233890262d2d62::Graph,Graph,2,i:_stake|i:_withdraw,_stake|_withdraw,L82|L136,Unchecked Call Return (SWC-104)|SWC-104-Unchecked Call Return Value,DAppSCAN-source/contracts/Hacken-Tenderize/tender-core-1fd606141625171fe792045ae9233890262d2d62/contracts/tenderizer/integrations/graph/Graph.sol:82-82|DAppSCAN-source/contracts/Hacken-Tenderize/tender-core-1fd606141625171fe792045ae9233890262d2d62/contracts/tenderizer/integrations/graph/Graph.sol:L82|DAppSCAN-source/contracts/Hacken-Tenderize/tender-core-1fd606141625171fe792045ae9233890262d2d62/contracts/tenderizer/integrations/graph/Graph.sol:136-136|DAppSCAN-source/contracts/Hacken-Tenderize/tender-core-1fd606141625171fe792045ae9233890262d2d62/contracts/tenderizer/integrations/graph/Graph.sol:L136,True,0,0
test,FORGE::vfp_00220::AntiSandwichHook,AntiSandwichHook,3,i:_beforeSwap|i:_afterSwap|i:_getTargetOutput,_beforeSwap|_afterSwap|_getTargetOutput,AntiSandwichHook.sol::_beforeSwap#88|AntiSandwichHook.sol#131|AntiSandwichHook.sol#119|AntiSandwichHook.sol::_afterSwap#106|AntiSandwichHook.sol::_afterSwap#167-198|AntiSandwichHook.sol::_getTargetOutput#196|AntiSandwichHook.sol::_getTargetOutput#167|AntiSandwichHook.sol#198,Front-running / Tx Order (heuristic)|Front-running / Tx Order (SWC-114),data/FORGE-Curated/flatten/vfp-vuln/vfp_00220.json#1|data/FORGE-Curated/flatten/vfp-vuln/vfp_00220.json#1|data/FORGE-Curated/flatten/vfp-vuln/vfp_00220.json#7|data/FORGE-Curated/flatten/vfp-vuln/vfp_00220.json#2|data/FORGE-Curated/flatten/vfp-vuln/vfp_00220.json#6|data/FORGE-Curated/flatten/vfp-vuln/vfp_00220.json#7,True,0,0
test,DAPP::DAppSCAN-source/contracts/consensys-The_LAO/moloch-4bc443f4dad60279b47978fc6987bb978d3dfc58::Moloch,Moloch,1,i:sponsorProposal,sponsorProposal,L266-305,Front-running / Tx Order (SWC-114)|SWC-114-Transaction Order Dependence,DAppSCAN-source/contracts/consensys-The_LAO/moloch-4bc443f4dad60279b47978fc6987bb978d3dfc58/contracts/Moloch.sol:266-266|DAppSCAN-source/contracts/consensys-The_LAO/moloch-4bc443f4dad60279b47978fc6987bb978d3dfc58/contracts/Moloch.sol:L266-305,True,0,0
test,DAPP::DAppSCAN-source/contracts/Trail_of_Bits-Liquity/dev-f0df3efa5a5f05b205752184cfce107c5bd6e06c::TroveManager,TroveManager,1,i:redeemCollateral,redeemCollateral,L920,Unchecked Call Return (SWC-104)|SWC-104-Unchecked Call Return Value,DAppSCAN-source/contracts/Trail_of_Bits-Liquity/dev-f0df3efa5a5f05b205752184cfce107c5bd6e06c/packages/contracts/contracts/TroveManager.sol:920-920|DAppSCAN-source/contracts/Trail_of_Bits-Liquity/dev-f0df3efa5a5f05b205752184cfce107c5bd6e06c/packages/contracts/contracts/TroveManager.sol:L920,True,0,0
test,DAPP::DAppSCAN-source/contracts/Trail_of_Bits-Liquity/dev-f0df3efa5a5f05b205752184cfce107c5bd6e06c::BorrowerOperations,BorrowerOperations,1,i:_moveTokensAndETHfromAdjustment,_moveTokensAndETHfromAdjustment,L351,Reentrancy (SWC-107)|SWC-107-Reentrancy,DAppSCAN-source/contracts/Trail_of_Bits-Liquity/dev-f0df3efa5a5f05b205752184cfce107c5bd6e06c/packages/contracts/contracts/BorrowerOperations.sol:351-351|DAppSCAN-source/contracts/Trail_of_Bits-Liquity/dev-f0df3efa5a5f05b205752184cfce107c5bd6e06c/packages/contracts/contracts/BorrowerOperations.sol:L351,True,0,0
