group_kind,group_key,member_count,splits,labels,members,recommended_action
exact_contract_hash,2cb70b7ce7dc1c8de3b191415505d95cf56bf3d9dd4966587e1d38d02d20b1c5,4,train,0,train:DAPP::DAppSCAN-source/contracts/PeckShield-AirSwap/airswap-protocols-b87d292aaf6e28ede564b7ea28ece39219994607::WETH9 ; train:DAPP::DAppSCAN-source/contracts/PeckShield-BabySwap/code::WBNB ; train:DAPP::DAppSCAN-source/contracts/QuillAudits-Alium Finance Smart Contract/alium-farm-e37d6af39af68049c2684085f025385407b4bd55::WBNB ; train:DAPP::DAppSCAN-source/contracts/Trail_of_Bits-YieldProtocol/fyDai-4422fda75931f2bfea49f5041ec90dc026e5c03d::WETH9,same_split_or_merge; quarantine_if_labels_conflict
exact_contract_hash,253c83e45c58e1bc37e8fc008934654e3b5b3319a1a5152bc48d0f9e5cbd07e6,2,train,0,train:DAPP::DAppSCAN-source/contracts/PeckShield-AirSwap/airswap-protocols-b87d292aaf6e28ede564b7ea28ece39219994607::KittyBase ; train:DAPP::DAppSCAN-source/contracts/PeckShield-AirSwap/airswap-protocols-b87d292aaf6e28ede564b7ea28ece39219994607::KittyOwnership,same_split_or_merge; quarantine_if_labels_conflict
exact_contract_hash,fad344dbda46305afc67081407b7e9f2855b74778564c9f0b8de57949a8bbe97,4,train,0,train:DAPP::DAppSCAN-source/contracts/PeckShield-AirSwap/airswap-protocols-b87d292aaf6e28ede564b7ea28ece39219994607::ClockAuctionBase ; train:DAPP::DAppSCAN-source/contracts/PeckShield-AirSwap/airswap-protocols-b87d292aaf6e28ede564b7ea28ece39219994607::ClockAuction ; train:DAPP::DAppSCAN-source/contracts/PeckShield-AirSwap/airswap-protocols-b87d292aaf6e28ede564b7ea28ece39219994607::SiringClockAuction ; train:DAPP::DAppSCAN-source/contracts/PeckShield-AirSwap/airswap-protocols-b87d292aaf6e28ede564b7ea28ece39219994607::SaleClockAuction,same_split_or_merge; quarantine_if_labels_conflict
exact_contract_hash,8b70ff0079ab395571349f2c79129e041c048a93fad7c42643b10ae2ef02855f,2,train,0,train:DAPP::DAppSCAN-source/contracts/PeckShield-AirSwap/airswap-protocols-b87d292aaf6e28ede564b7ea28ece39219994607::KittyMinting ; train:DAPP::DAppSCAN-source/contracts/PeckShield-AirSwap/airswap-protocols-b87d292aaf6e28ede564b7ea28ece39219994607::KittyCore,same_split_or_merge; quarantine_if_labels_conflict
exact_contract_hash,ce98735ec8b84c2b49a7f15c6bd73a99df3469ffab8e473bec015819b4b2eecd,9,test|train,0,train:DAPP::DAppSCAN-source/contracts/PeckShield-AirSwap/airswap-protocols-b87d292aaf6e28ede564b7ea28ece39219994607::Migrations ; train:DAPP::DAppSCAN-source/contracts/consensys-Skyweaver/Skyweaver-contracts-bde0c184db6168bf86656a48b12d5747950b54d9::Migrations ; train:DAPP::DAppSCAN-source/contracts/PepperSec-Aira-Robonomic/robonomics_contracts-cc35a91de187072214d215262d8371f0159c2498::Migrations ; train:DAPP::DAppSCAN-source/contracts/SlowMist-CFFv2 Smart Contract Security Audit Report/cff-contract-v2-c86bef3f13c7585f547f9cd0ca900f94664e96b7::Migrations ; train:DAPP::DAppSCAN-source/contracts/consensys-MCDEX_Mai_Protocol_V2/mai-protocol-v2-4b198083ec4ae2d6851e101fc44ea333eaa3cd92::Migrations ; train:DAPP::DAppSCAN-source/contracts/PeckShield-Buffer/code::Migrations ; train:DAPP::DAppSCAN-source/contracts/QuillAudits-LTO Network-Token Sale/lto-erc20-token-02fa2620aef4c854675230b6544461961d47f968::Migrations ; train:DAPP::DAppSCAN-source/contracts/consensys-ENS_Permanent_Registrar/ethregistrar-e52abfc2799ac361364aca6135fc20f9175a29fd::Migrations ; test:DAPP::DAppSCAN-source/contracts/Trail_of_Bits-Liquity/dev-f0df3efa5a5f05b205752184cfce107c5bd6e06c::Migrations,same_split_or_merge; quarantine_if_labels_conflict
exact_contract_hash,94c07a35112de623b24119ef6683ec3de953c6c397f7c61d279d142d9caad8da,2,train,0,train:DAPP::DAppSCAN-source/contracts/PeckShield-AirSwap/airswap-protocols-b87d292aaf6e28ede564b7ea28ece39219994607::AdaptedERC721 ; train:DAPP::DAppSCAN-source/contracts/PeckShield-AirSwap/airswap-protocols-b87d292aaf6e28ede564b7ea28ece39219994607::NonFungibleToken,same_split_or_merge; quarantine_if_labels_conflict
exact_contract_hash,d4944d1d5ef63807d5c5cdb78d8365a86bc66ec31c84b03183aeded55a9c0e07,2,train,0,train:DAPP::DAppSCAN-source/contracts/Runtime_Vеrification-Element_Finance_Governance_Security_Audit_Report/council-3d751c959b42573c78ccd0bccbc80424bf6d9a90::MerkleRewards ; train:DAPP::DAppSCAN-source/contracts/Runtime_Vеrification-Element_Finance_Governance_Security_Audit_Report/council-3d751c959b42573c78ccd0bccbc80424bf6d9a90::OptimisticRewards,same_split_or_merge; quarantine_if_labels_conflict
exact_contract_hash,d67eda6b5c6faacbc332dcaf4750f3f8644e77c9ad639d53f17ba1ddcd873928,2,train,0,train:DAPP::DAppSCAN-source/contracts/Runtime_Vеrification-Element_Finance_Governance_Security_Audit_Report/council-3d751c959b42573c78ccd0bccbc80424bf6d9a90::VestingVault ; train:DAPP::DAppSCAN-source/contracts/Runtime_Vеrification-Element_Finance_Governance_Security_Audit_Report/council-3d751c959b42573c78ccd0bccbc80424bf6d9a90::TestVestingVault,same_split_or_merge; quarantine_if_labels_conflict
exact_contract_hash,db7315b0d40f5d14ff0b12a463f0aaee19a6e309b2e73f0040771790dbf99263,2,train,0,train:DAPP::DAppSCAN-source/contracts/Runtime_Vеrification-Element_Finance_Governance_Security_Audit_Report/council-3d751c959b42573c78ccd0bccbc80424bf6d9a90::Treasury ; train:DAPP::DAppSCAN-source/contracts/Runtime_Vеrification-Element_Finance_Governance_Security_Audit_Report/council-3d751c959b42573c78ccd0bccbc80424bf6d9a90::TestTreasury,same_split_or_merge; quarantine_if_labels_conflict
exact_contract_hash,434f0f419544089bdacce244a5ef56cf59edac51b9e20d2f9c13285546c5ab1f,2,train,0,train:DAPP::DAppSCAN-source/contracts/Trail_of_Bits-FraxQ42021/frax-solidity-bd40775e283923aa9e32a107abd426430a99835e::WETH ; train:DAPP::DAppSCAN-source/contracts/Trail_of_Bits-FraxFinance/frax-solidity-3f0993a70e3496fd27887db7754d68709c84015e::WETH,same_split_or_merge; quarantine_if_labels_conflict
exact_contract_hash,16393926db839a883956256897c681d01c84f8fc3c298ff91a89d379e804eeeb,2,train,0,train:DAPP::DAppSCAN-source/contracts/Trail_of_Bits-FraxQ42021/frax-solidity-bd40775e283923aa9e32a107abd426430a99835e::SwapToPrice ; train:DAPP::DAppSCAN-source/contracts/Trail_of_Bits-FraxFinance/frax-solidity-3f0993a70e3496fd27887db7754d68709c84015e::SwapToPrice,same_split_or_merge; quarantine_if_labels_conflict
exact_contract_hash,d2922cbb28f6b8742109ca8449554b86700c3a17ade4ed2889fa92707d34d11b,3,train,0,train:DAPP::DAppSCAN-source/contracts/Trail_of_Bits-FraxQ42021/frax-solidity-bd40775e283923aa9e32a107abd426430a99835e::ChainlinkFXSUSDPriceConsumer ; train:DAPP::DAppSCAN-source/contracts/Trail_of_Bits-FraxQ42021/frax-solidity-bd40775e283923aa9e32a107abd426430a99835e::ChainlinkETHUSDPriceConsumer ; train:DAPP::DAppSCAN-source/contracts/Trail_of_Bits-FraxFinance/frax-solidity-3f0993a70e3496fd27887db7754d68709c84015e::ChainlinkETHUSDPriceConsumer,same_split_or_merge; quarantine_if_labels_conflict
exact_contract_hash,529ccf22c07521e26f1228986c7914a28df98d9eb76131b9eb94d33327597395,15,train,0,train:DAPP::DAppSCAN-source/contracts/Trail_of_Bits-FraxQ42021/frax-solidity-bd40775e283923aa9e32a107abd426430a99835e::UniswapPairOracleExtra ; train:DAPP::DAppSCAN-source/contracts/Trail_of_Bits-FraxQ42021/frax-solidity-bd40775e283923aa9e32a107abd426430a99835e::UniswapPairOracle ; train:DAPP::DAppSCAN-source/contracts/Trail_of_Bits-FraxQ42021/frax-solidity-bd40775e283923aa9e32a107abd426430a99835e::UniswapPairOracle_FRAX_WETH ; train:DAPP::DAppSCAN-source/contracts/Trail_of_Bits-FraxQ42021/frax-solidity-bd40775e283923aa9e32a107abd426430a99835e::UniswapPairOracle_FRAX_USDT ; train:DAPP::DAppSCAN-source/contracts/Trail_of_Bits-FraxQ42021/frax-solidity-bd40775e283923aa9e32a107abd426430a99835e::UniswapPairOracle_FRAX_USDC ; train:DAPP::DAppSCAN-source/contracts/Trail_of_Bits-FraxQ42021/frax-solidity-bd40775e283923aa9e32a107abd426430a99835e::UniswapPairOracleExtra_SDT_WETH ; train:DAPP::DAppSCAN-source/contracts/Trail_of_Bits-FraxQ42021/frax-solidity-bd40775e283923aa9e32a107abd426430a99835e::UniswapPairOracle_FRAX_6DEC ; train:DAPP::DAppSCAN-source/contracts/Trail_of_Bits-FraxQ42021/frax-solidity-bd40775e283923aa9e32a107abd426430a99835e::UniswapPairOracle_FXS_WETH ; train:DAPP::DAppSCAN-source/contracts/Trail_of_Bits-FraxQ42021/frax-solidity-bd40775e283923aa9e32a107abd426430a99835e::UniswapPairOracle_FXS_USDT ; train:DAPP::DAppSCAN-source/contracts/Trail_of_Bits-FraxQ42021/frax-solidity-bd40775e283923aa9e32a107abd426430a99835e::UniswapPairOracle_FXS_USDC ; train:DAPP::DAppSCAN-source/contracts/Trail_of_Bits-FraxQ42021/frax-solidity-bd40775e283923aa9e32a107abd426430a99835e::UniswapPairOracle_USDT_WETH ; train:DAPP::DAppSCAN-source/contracts/Trail_of_Bits-FraxQ42021/frax-solidity-bd40775e283923aa9e32a107abd426430a99835e::UniswapPairOracle_FRAX_FXS ; train:DAPP::DAppSCAN-source/contracts/Trail_of_Bits-FraxQ42021/frax-solidity-bd40775e283923aa9e32a107abd426430a99835e::UniswapPairOracle_6DEC_WETH ; train:DAPP::DAppSCAN-source/contracts/Trail_of_Bits-FraxQ42021/frax-solidity-bd40775e283923aa9e32a107abd426430a99835e::UniswapPairOracle_USDC_WETH ; train:DAPP::DAppSCAN-source/contracts/Trail_of_Bits-FraxQ42021/frax-solidity-bd40775e283923aa9e32a107abd426430a99835e::UniswapPairOracle_FXS_6DEC,same_split_or_merge; quarantine_if_labels_conflict
exact_contract_hash,8e1bd39a6532c90c1a989aa6873f437f84f8d9e31211b0e753a25f9acd53d987,2,train,0,train:DAPP::DAppSCAN-source/contracts/Trail_of_Bits-FraxQ42021/frax-solidity-bd40775e283923aa9e32a107abd426430a99835e::ERC1967Storage ; train:DAPP::DAppSCAN-source/contracts/Trail_of_Bits-FraxFinance/frax-solidity-3f0993a70e3496fd27887db7754d68709c84015e::ERC1967Storage,same_split_or_merge; quarantine_if_labels_conflict
exact_contract_hash,345935f1f277daa3be33d6816c44eea71f472b043d4880d73a9ff80aae79d6bd,6,train,0,train:DAPP::DAppSCAN-source/contracts/Trail_of_Bits-FraxQ42021/frax-solidity-bd40775e283923aa9e32a107abd426430a99835e::ERC1967Upgrade ; train:DAPP::DAppSCAN-source/contracts/Trail_of_Bits-FraxQ42021/frax-solidity-bd40775e283923aa9e32a107abd426430a99835e::ERC1967Proxy ; train:DAPP::DAppSCAN-source/contracts/Trail_of_Bits-FraxQ42021/frax-solidity-bd40775e283923aa9e32a107abd426430a99835e::InvestorAMOProxy ; train:DAPP::DAppSCAN-source/contracts/Trail_of_Bits-FraxFinance/frax-solidity-3f0993a70e3496fd27887db7754d68709c84015e::ERC1967Upgrade ; train:DAPP::DAppSCAN-source/contracts/Trail_of_Bits-FraxFinance/frax-solidity-3f0993a70e3496fd27887db7754d68709c84015e::ERC1967Proxy ; train:DAPP::DAppSCAN-source/contracts/Trail_of_Bits-FraxFinance/frax-solidity-3f0993a70e3496fd27887db7754d68709c84015e::InvestorAMOProxy,same_split_or_merge; quarantine_if_labels_conflict
exact_contract_hash,f774e9dc827a7576d1be80b6db9bbb16df7d2c08a36ffbd19a6dbfafe9ed4eb5,8,train,0,train:DAPP::DAppSCAN-source/contracts/Trail_of_Bits-FraxQ42021/frax-solidity-bd40775e283923aa9e32a107abd426430a99835e::UpgradeabilityProxy ; train:DAPP::DAppSCAN-source/contracts/Trail_of_Bits-FraxQ42021/frax-solidity-bd40775e283923aa9e32a107abd426430a99835e::AdminUpgradeabilityProxy ; train:DAPP::DAppSCAN-source/contracts/Inspex-Optimized Worker/bsc-alpaca-contract-1aee2ceec77e3fd3162b74858c846cdc5692928d::UpgradeabilityProxy ; train:DAPP::DAppSCAN-source/contracts/Inspex-Optimized Worker/bsc-alpaca-contract-1aee2ceec77e3fd3162b74858c846cdc5692928d::AdminUpgradeabilityProxy ; train:DAPP::DAppSCAN-source/contracts/Trail_of_Bits-FraxFinance/frax-solidity-3f0993a70e3496fd27887db7754d68709c84015e::UpgradeabilityProxy ; train:DAPP::DAppSCAN-source/contracts/Trail_of_Bits-FraxFinance/frax-solidity-3f0993a70e3496fd27887db7754d68709c84015e::AdminUpgradeabilityProxy ; train:DAPP::DAppSCAN-source/contracts/Inspex-SpookySwap Integration & Fantom Expansion/bsc-alpaca-contract-4553a34a6dcfcfbf7aebc693bb5c5c6074c73129::UpgradeabilityProxy ; train:DAPP::DAppSCAN-source/contracts/Inspex-SpookySwap Integration & Fantom Expansion/bsc-alpaca-contract-4553a34a6dcfcfbf7aebc693bb5c5c6074c73129::AdminUpgradeabilityProxy,same_split_or_merge; quarantine_if_labels_conflict
exact_contract_hash,886f3bd66ed0568ca063dc0bfcc826db8a3ab344351ddb84433117e38e7c24c1,6,train,0,train:DAPP::DAppSCAN-source/contracts/Trail_of_Bits-FraxQ42021/frax-solidity-bd40775e283923aa9e32a107abd426430a99835e::Timelock ; train:DAPP::DAppSCAN-source/contracts/PeckShield-BabySwap/code::Timelock ; train:DAPP::DAppSCAN-source/contracts/Chainsecurity-Compound  cToken unredacted/compound-protocol-4a54ec5c55b66ea67d44b76f3056f0ed7229db8c::Timelock ; train:DAPP::DAppSCAN-source/contracts/Chainsecurity-Compound  cToken unredacted/compound-protocol-4a54ec5c55b66ea67d44b76f3056f0ed7229db8c::TimelockCertora ; train:DAPP::DAppSCAN-source/contracts/Trail_of_Bits-FraxFinance/frax-solidity-3f0993a70e3496fd27887db7754d68709c84015e::Timelock ; train:DAPP::DAppSCAN-source/contracts/consensys-Fei_Protocol/fei-protocol-core-ff892c5d0b9697f249d713bbb2b3bd1da7980ed2::Timelock,same_split_or_merge; quarantine_if_labels_conflict
exact_contract_hash,96d9d99aaf9879eb714d1f4fb7043d5a1e01f366274edb208116836559ce0ce8,2,train,0,train:DAPP::DAppSCAN-source/contracts/Trail_of_Bits-FraxQ42021/frax-solidity-bd40775e283923aa9e32a107abd426430a99835e::SigRelayer2 ; train:DAPP::DAppSCAN-source/contracts/Trail_of_Bits-FraxFinance/frax-solidity-3f0993a70e3496fd27887db7754d68709c84015e::SigRelayer2,same_split_or_merge; quarantine_if_labels_conflict
exact_contract_hash,0a6c67264a2d458bb89595c93aa24d49dae23064069764d8ddd771634b63c891,10,train,0,train:DAPP::DAppSCAN-source/contracts/Trail_of_Bits-FraxQ42021/frax-solidity-bd40775e283923aa9e32a107abd426430a99835e::AccessControl ; train:DAPP::DAppSCAN-source/contracts/Trail_of_Bits-FraxQ42021/frax-solidity-bd40775e283923aa9e32a107abd426430a99835e::FRAXShares ; train:DAPP::DAppSCAN-source/contracts/Trail_of_Bits-FraxQ42021/frax-solidity-bd40775e283923aa9e32a107abd426430a99835e::FraxBond ; train:DAPP::DAppSCAN-source/contracts/Trail_of_Bits-FraxQ42021/frax-solidity-bd40775e283923aa9e32a107abd426430a99835e::FraxBondIssuerOld ; train:DAPP::DAppSCAN-source/contracts/Trail_of_Bits-FraxQ42021/frax-solidity-bd40775e283923aa9e32a107abd426430a99835e::FraxBondIssuerWithDeposits ; train:DAPP::DAppSCAN-source/contracts/Trail_of_Bits-FraxFinance/frax-solidity-3f0993a70e3496fd27887db7754d68709c84015e::FraxBond ; train:DAPP::DAppSCAN-source/contracts/Trail_of_Bits-FraxFinance/frax-solidity-3f0993a70e3496fd27887db7754d68709c84015e::FraxBondIssuerOld ; train:DAPP::DAppSCAN-source/contracts/Trail_of_Bits-FraxFinance/frax-solidity-3f0993a70e3496fd27887db7754d68709c84015e::FraxBondIssuerWithDeposits ; train:DAPP::DAppSCAN-source/contracts/Trail_of_Bits-FraxFinance/frax-solidity-3f0993a70e3496fd27887db7754d68709c84015e::AccessControl ; train:DAPP::DAppSCAN-source/contracts/Trail_of_Bits-FraxFinance/frax-solidity-3f0993a70e3496fd27887db7754d68709c84015e::FRAXShares,same_split_or_merge; quarantine_if_labels_conflict
exact_contract_hash,0c0ffeeb0b097fc1f8ebd24604dc5439c2e738844ef69db8390fe6484cdbba26,5,train,0,train:DAPP::DAppSCAN-source/contracts/Trail_of_Bits-FraxQ42021/frax-solidity-bd40775e283923aa9e32a107abd426430a99835e::FraxCrossChainFarm ; train:DAPP::DAppSCAN-source/contracts/Trail_of_Bits-FraxQ42021/frax-solidity-bd40775e283923aa9e32a107abd426430a99835e::FraxCrossChainFarm_FRAX_IF_Impossible ; train:DAPP::DAppSCAN-source/contracts/Trail_of_Bits-FraxQ42021/frax-solidity-bd40775e283923aa9e32a107abd426430a99835e::FraxCrossChainFarm_FRAX_mUSD ; train:DAPP::DAppSCAN-source/contracts/Trail_of_Bits-FraxQ42021/frax-solidity-bd40775e283923aa9e32a107abd426430a99835e::FraxCrossChainFarm_FRAX_FXS_Spirit ; train:DAPP::DAppSCAN-source/contracts/Trail_of_Bits-FraxQ42021/frax-solidity-bd40775e283923aa9e32a107abd426430a99835e::FraxCrossChainFarm_FRAX_FXS_Impossible,same_split_or_merge; quarantine_if_labels_conflict
exact_contract_hash,8c5d0320522aa07131895b0aac710dbdd6be125f3254e5d7db8a606f9138766c,2,train,0,train:DAPP::DAppSCAN-source/contracts/Trail_of_Bits-FraxQ42021/frax-solidity-bd40775e283923aa9e32a107abd426430a99835e::StakingRewardsDualV5 ; train:DAPP::DAppSCAN-source/contracts/Trail_of_Bits-FraxQ42021/frax-solidity-bd40775e283923aa9e32a107abd426430a99835e::StakingRewardsDualV5_FRAX_OHM,same_split_or_merge; quarantine_if_labels_conflict
exact_contract_hash,a53a7efa2b4c6a02f00045c99b20d7fc4ecc6ecc914440d1eba1f9259b3a345d,2,train,0,train:DAPP::DAppSCAN-source/contracts/Trail_of_Bits-FraxQ42021/frax-solidity-bd40775e283923aa9e32a107abd426430a99835e::FraxUnifiedFarm_ERC20 ; train:DAPP::DAppSCAN-source/contracts/Trail_of_Bits-FraxQ42021/frax-solidity-bd40775e283923aa9e32a107abd426430a99835e::StakingRewardsMultiGauge_Gelato_FRAX_DAI,same_split_or_merge; quarantine_if_labels_conflict
exact_contract_hash,2496b2223314d1d2bc4ce53773e5f061969d3f1133ac1c27dcd5e79ba9dc8b1e,2,train,0,train:DAPP::DAppSCAN-source/contracts/Trail_of_Bits-FraxQ42021/frax-solidity-bd40775e283923aa9e32a107abd426430a99835e::CommunalFarm ; train:DAPP::DAppSCAN-source/contracts/Trail_of_Bits-FraxQ42021/frax-solidity-bd40775e283923aa9e32a107abd426430a99835e::CommunalFarm_SaddleD4,same_split_or_merge; quarantine_if_labels_conflict
exact_contract_hash,c707ad6bd8e50fa1bf51e9715d8c56af59a240a89b8d72ca95c53bc5e2c43505,5,train,0,train:DAPP::DAppSCAN-source/contracts/Trail_of_Bits-FraxQ42021/frax-solidity-bd40775e283923aa9e32a107abd426430a99835e::StakingRewardsMultiGauge ; train:DAPP::DAppSCAN-source/contracts/Trail_of_Bits-FraxQ42021/frax-solidity-bd40775e283923aa9e32a107abd426430a99835e::StakingRewardsMultiGauge_StakeDAO ; train:DAPP::DAppSCAN-source/contracts/Trail_of_Bits-FraxQ42021/frax-solidity-bd40775e283923aa9e32a107abd426430a99835e::StakingRewardsMultiGauge_FRAX_SUSHI ; train:DAPP::DAppSCAN-source/contracts/Trail_of_Bits-FraxQ42021/frax-solidity-bd40775e283923aa9e32a107abd426430a99835e::StakingRewardsMultiGauge_FXS_WETH ; train:DAPP::DAppSCAN-source/contracts/Trail_of_Bits-FraxQ42021/frax-solidity-bd40775e283923aa9e32a107abd426430a99835e::StakingRewardsMultiGauge_StakeDAO_FRAX_Put,same_split_or_merge; quarantine_if_labels_conflict
exact_contract_hash,662f5f26b3db87032d6dbc29a4855eb32b7335723bfb23119012a37f7d217513,4,train,0,train:DAPP::DAppSCAN-source/contracts/Trail_of_Bits-FraxQ42021/frax-solidity-bd40775e283923aa9e32a107abd426430a99835e::FraxUniV3Farm_Stable ; train:DAPP::DAppSCAN-source/contracts/Trail_of_Bits-FraxQ42021/frax-solidity-bd40775e283923aa9e32a107abd426430a99835e::FraxUniV3Farm_Stable_FRAX_DAI ; train:DAPP::DAppSCAN-source/contracts/Trail_of_Bits-FraxQ42021/frax-solidity-bd40775e283923aa9e32a107abd426430a99835e::FraxUniV3Farm_Stable_FRAX_USDC ; train:DAPP::DAppSCAN-source/contracts/Trail_of_Bits-FraxQ42021/frax-solidity-bd40775e283923aa9e32a107abd426430a99835e::FraxUniV3Farm_Stable_FRAX_agEUR,same_split_or_merge; quarantine_if_labels_conflict
exact_contract_hash,38b8bbc7bfaa34d815f32fbffa8113a8b1c6544e78753e197c3c799e7739078c,2,train,0,train:DAPP::DAppSCAN-source/contracts/Trail_of_Bits-FraxQ42021/frax-solidity-bd40775e283923aa9e32a107abd426430a99835e::FraxMiddlemanGauge ; train:DAPP::DAppSCAN-source/contracts/Trail_of_Bits-FraxQ42021/frax-solidity-bd40775e283923aa9e32a107abd426430a99835e::FraxMiddlemanGauge_FRAX_mUSD,same_split_or_merge; quarantine_if_labels_conflict
exact_contract_hash,ab1e988360d820f6d1128eb1b34c9ca33162c0f084dbb4ef7e1feac62a91e011,2,train,0,train:DAPP::DAppSCAN-source/contracts/Trail_of_Bits-FraxQ42021/frax-solidity-bd40775e283923aa9e32a107abd426430a99835e::ERC721 ; train:DAPP::DAppSCAN-source/contracts/Trail_of_Bits-FraxFinance/frax-solidity-3f0993a70e3496fd27887db7754d68709c84015e::ERC721,same_split_or_merge; quarantine_if_labels_conflict
exact_contract_hash,b4077f06b037f335656f18d3671c8580568345ae284ad65728dec078eb06703a,2,train,0,train:DAPP::DAppSCAN-source/contracts/Trail_of_Bits-FraxQ42021/frax-solidity-bd40775e283923aa9e32a107abd426430a99835e::TokenVesting ; train:DAPP::DAppSCAN-source/contracts/Trail_of_Bits-FraxFinance/frax-solidity-3f0993a70e3496fd27887db7754d68709c84015e::TokenVesting,same_split_or_merge; quarantine_if_labels_conflict
exact_contract_hash,25b1edff28131f430bb62c8f9089c67663e716b046cd2f4c40262d5ff75c8a52,5,train,0,train:DAPP::DAppSCAN-source/contracts/Trail_of_Bits-FraxQ42021/frax-solidity-bd40775e283923aa9e32a107abd426430a99835e::anyFXS ; train:DAPP::DAppSCAN-source/contracts/Trail_of_Bits-FraxQ42021/frax-solidity-bd40775e283923aa9e32a107abd426430a99835e::anyFRAX ; train:DAPP::DAppSCAN-source/contracts/Trail_of_Bits-FraxQ42021/frax-solidity-bd40775e283923aa9e32a107abd426430a99835e::AnyswapV4ERC20 ; train:DAPP::DAppSCAN-source/contracts/Trail_of_Bits-FraxQ42021/frax-solidity-bd40775e283923aa9e32a107abd426430a99835e::AnyswapV5ERC20 ; train:DAPP::DAppSCAN-source/contracts/Trail_of_Bits-FraxFinance/frax-solidity-3f0993a70e3496fd27887db7754d68709c84015e::AnyswapV4ERC20,same_split_or_merge; quarantine_if_labels_conflict
exact_contract_hash,7aeaaa8562892e3fa69f7e265da3e0b96cd5ca6150f62b9295974c6bdf8a9091,3,train,0,train:DAPP::DAppSCAN-source/contracts/Trail_of_Bits-FraxQ42021/frax-solidity-bd40775e283923aa9e32a107abd426430a99835e::CrossChainCanonical ; train:DAPP::DAppSCAN-source/contracts/Trail_of_Bits-FraxQ42021/frax-solidity-bd40775e283923aa9e32a107abd426430a99835e::CrossChainCanonicalFXS ; train:DAPP::DAppSCAN-source/contracts/Trail_of_Bits-FraxQ42021/frax-solidity-bd40775e283923aa9e32a107abd426430a99835e::CrossChainCanonicalFRAX,same_split_or_merge; quarantine_if_labels_conflict
exact_contract_hash,2b4b62a36cabe3ab8fd31ca459f1668479c6a190f08462b4caeac4685ce4036f,3,train,0,train:DAPP::DAppSCAN-source/contracts/Trail_of_Bits-FraxQ42021/frax-solidity-bd40775e283923aa9e32a107abd426430a99835e::FraxFarmBSC_Dual_V5 ; train:DAPP::DAppSCAN-source/contracts/Trail_of_Bits-FraxQ42021/frax-solidity-bd40775e283923aa9e32a107abd426430a99835e::FraxFarmBSC_Dual_FXS_IF ; train:DAPP::DAppSCAN-source/contracts/Trail_of_Bits-FraxQ42021/frax-solidity-bd40775e283923aa9e32a107abd426430a99835e::FraxFarmBSC_Dual_FRAX_IF,same_split_or_merge; quarantine_if_labels_conflict
exact_contract_hash,4a6dcd18de4f650f1e90ff605fd59499098f1c81be0cc788258b7e38330e0a49,2,train,0,train:DAPP::DAppSCAN-source/contracts/Trail_of_Bits-FraxQ42021/frax-solidity-bd40775e283923aa9e32a107abd426430a99835e::MigratableFarmBSC ; train:DAPP::DAppSCAN-source/contracts/Trail_of_Bits-FraxQ42021/frax-solidity-bd40775e283923aa9e32a107abd426430a99835e::MigratableFarmBSC_FRAX_FXS,same_split_or_merge; quarantine_if_labels_conflict
exact_contract_hash,a68ec9b0684e7cebd0b208df48792a2d74c2ac2558de9ef90d06d970f291ee42,2,train,0,train:DAPP::DAppSCAN-source/contracts/Trail_of_Bits-FraxQ42021/frax-solidity-bd40775e283923aa9e32a107abd426430a99835e::FraxLiquidityBridger_MOON_AnySwap ; train:DAPP::DAppSCAN-source/contracts/Trail_of_Bits-FraxQ42021/frax-solidity-bd40775e283923aa9e32a107abd426430a99835e::FraxLiquidityBridger_FTM_AnySwap,same_split_or_merge; quarantine_if_labels_conflict
exact_contract_hash,7db4b586a245a0f2ec97be37f18e7e85fc2ebf773db83a52226d59e1d2538205,2,train,0,train:DAPP::DAppSCAN-source/contracts/Trail_of_Bits-FraxQ42021/frax-solidity-bd40775e283923aa9e32a107abd426430a99835e::CrossChainBridgeBacker_MOON_AnySwap ; train:DAPP::DAppSCAN-source/contracts/Trail_of_Bits-FraxQ42021/frax-solidity-bd40775e283923aa9e32a107abd426430a99835e::CrossChainBridgeBacker_FTM_AnySwap,same_split_or_merge; quarantine_if_labels_conflict
exact_contract_hash,305ca727a931bf26c79be05cb38de71afdb5960609edd8c329d958b0bb46326c,2,train,0,train:DAPP::DAppSCAN-source/contracts/Trail_of_Bits-FraxQ42021/frax-solidity-bd40775e283923aa9e32a107abd426430a99835e::FraxPoolvAMM ; train:DAPP::DAppSCAN-source/contracts/Trail_of_Bits-FraxQ42021/frax-solidity-bd40775e283923aa9e32a107abd426430a99835e::PoolvAMM_USDC,same_split_or_merge; quarantine_if_labels_conflict
exact_contract_hash,981e9260b2a4317c7e0832ff8646cf672e0c399a98dff79cf96423c70ec6d0ea,2,train,0,train:DAPP::DAppSCAN-source/contracts/Trail_of_Bits-FraxQ42021/frax-solidity-bd40775e283923aa9e32a107abd426430a99835e::Pool_USDC ; train:DAPP::DAppSCAN-source/contracts/Trail_of_Bits-FraxQ42021/frax-solidity-bd40775e283923aa9e32a107abd426430a99835e::FraxPool,same_split_or_merge; quarantine_if_labels_conflict
exact_contract_hash,9dfd85366410f99260e67422b9b1cb61104b54f0c9b6c82debce18e6e1f54810,2,train,0,train:DAPP::DAppSCAN-source/contracts/Trail_of_Bits-FraxQ42021/frax-solidity-bd40775e283923aa9e32a107abd426430a99835e::TestDriftingReserves ; train:DAPP::DAppSCAN-source/contracts/Trail_of_Bits-FraxFinance/frax-solidity-3f0993a70e3496fd27887db7754d68709c84015e::TestDriftingReserves,same_split_or_merge; quarantine_if_labels_conflict
exact_contract_hash,ef102dbc842c9b46807ac0768bfd6845e79f03281864806b3da0582eda23c3db,2,train,0,train:DAPP::DAppSCAN-source/contracts/Trail_of_Bits-FraxQ42021/frax-solidity-bd40775e283923aa9e32a107abd426430a99835e::FraxBondIssuer ; train:DAPP::DAppSCAN-source/contracts/Trail_of_Bits-FraxFinance/frax-solidity-3f0993a70e3496fd27887db7754d68709c84015e::FraxBondIssuer,same_split_or_merge; quarantine_if_labels_conflict
exact_contract_hash,40cc55c91bd511d794306f74e7c11b40bf912c16b7f6be1b4e58e3bcc8b62300,4,train,0,train:DAPP::DAppSCAN-source/contracts/Trail_of_Bits-FraxQ42021/frax-solidity-bd40775e283923aa9e32a107abd426430a99835e::StakingRewardsDual ; train:DAPP::DAppSCAN-source/contracts/Trail_of_Bits-FraxQ42021/frax-solidity-bd40775e283923aa9e32a107abd426430a99835e::StakingRewardsDual_FXS_WETH_Sushi ; train:DAPP::DAppSCAN-source/contracts/Trail_of_Bits-FraxQ42021/frax-solidity-bd40775e283923aa9e32a107abd426430a99835e::StakingRewardsDual_FRAX3CRV ; train:DAPP::DAppSCAN-source/contracts/Trail_of_Bits-FraxQ42021/frax-solidity-bd40775e283923aa9e32a107abd426430a99835e::StakingRewardsDual_FRAX_FXS_Sushi,same_split_or_merge; quarantine_if_labels_conflict
exact_contract_hash,a6a869b2014576df50c358b7f4d17c52485ac822ef22df694345d0144184e918,2,train,0,train:DAPP::DAppSCAN-source/contracts/Trail_of_Bits-FraxQ42021/frax-solidity-bd40775e283923aa9e32a107abd426430a99835e::StakingRewardsDualV2 ; train:DAPP::DAppSCAN-source/contracts/Trail_of_Bits-FraxQ42021/frax-solidity-bd40775e283923aa9e32a107abd426430a99835e::StakingRewardsDualV2_FRAX3CRV_V2,same_split_or_merge; quarantine_if_labels_conflict
exact_contract_hash,4d578f7bc91cffa9417382e45272e3a2990364883d85c3e8ee47a9bc2cc4aab1,2,train,0,train:DAPP::DAppSCAN-source/contracts/Trail_of_Bits-FraxQ42021/frax-solidity-bd40775e283923aa9e32a107abd426430a99835e::StakingRewardsDualV4 ; train:DAPP::DAppSCAN-source/contracts/Trail_of_Bits-FraxQ42021/frax-solidity-bd40775e283923aa9e32a107abd426430a99835e::StakingRewardsDualV4_FRAX_OHM,same_split_or_merge; quarantine_if_labels_conflict
exact_contract_hash,51bb8f18fdbc3565ec98a09fdb8b1ca97e2dc022928c56f99f304e299d392e28,5,train,0,train:DAPP::DAppSCAN-source/contracts/Trail_of_Bits-FraxQ42021/frax-solidity-bd40775e283923aa9e32a107abd426430a99835e::StakingRewards ; train:DAPP::DAppSCAN-source/contracts/Trail_of_Bits-FraxQ42021/frax-solidity-bd40775e283923aa9e32a107abd426430a99835e::Stake_FRAX_WETH ; train:DAPP::DAppSCAN-source/contracts/Trail_of_Bits-FraxQ42021/frax-solidity-bd40775e283923aa9e32a107abd426430a99835e::Stake_FXS_WETH ; train:DAPP::DAppSCAN-source/contracts/Trail_of_Bits-FraxQ42021/frax-solidity-bd40775e283923aa9e32a107abd426430a99835e::Stake_FRAX_USDC ; train:DAPP::DAppSCAN-source/contracts/Trail_of_Bits-FraxQ42021/frax-solidity-bd40775e283923aa9e32a107abd426430a99835e::Stake_FRAX_FXS,same_split_or_merge; quarantine_if_labels_conflict
exact_contract_hash,0fdb72f5714198d3e729bf4a23e6702899f5de93d8a84d09c39a19b8240746cd,2,train,0,train:DAPP::DAppSCAN-source/contracts/Trail_of_Bits-FraxQ42021/frax-solidity-bd40775e283923aa9e32a107abd426430a99835e::StakingRewardsDualV3 ; train:DAPP::DAppSCAN-source/contracts/Trail_of_Bits-FraxQ42021/frax-solidity-bd40775e283923aa9e32a107abd426430a99835e::StakingRewardsDualV3_FRAX_IQ,same_split_or_merge; quarantine_if_labels_conflict
exact_contract_hash,fa99e11c39509f1359ff731167154ae2b1852180aac11b9725fa15337aca1f11,4,train,0,train:DAPP::DAppSCAN-source/contracts/Trail_of_Bits-FraxQ42021/frax-solidity-bd40775e283923aa9e32a107abd426430a99835e::FraxBond_NFT ; train:DAPP::DAppSCAN-source/contracts/Trail_of_Bits-FraxQ42021/frax-solidity-bd40775e283923aa9e32a107abd426430a99835e::FXBA10000M3 ; train:DAPP::DAppSCAN-source/contracts/Trail_of_Bits-FraxFinance/frax-solidity-3f0993a70e3496fd27887db7754d68709c84015e::FraxBond_NFT ; train:DAPP::DAppSCAN-source/contracts/Trail_of_Bits-FraxFinance/frax-solidity-3f0993a70e3496fd27887db7754d68709c84015e::FXBA10000M3,same_split_or_merge; quarantine_if_labels_conflict
exact_contract_hash,e823afd68f02275bf279305888b909a1ef96ddf9ed4d8b7eed6eed0d25714530,2,train,0,train:DAPP::DAppSCAN-source/contracts/Trail_of_Bits-88mph/88mph-contracts-76cd9d1fc45e65f5d0f686621fe6af85c40aa140::DInterest ; train:DAPP::DAppSCAN-source/contracts/Trail_of_Bits-88mph/88mph-contracts-76cd9d1fc45e65f5d0f686621fe6af85c40aa140::DInterestWithDepositFee,same_split_or_merge; quarantine_if_labels_conflict
exact_contract_hash,9222e072e5b4b2627403f86f668ad463e1fdbc4a2b2b4436a9e36180c869af64,2,train,0,train:DAPP::DAppSCAN-source/contracts/Trail_of_Bits-88mph/88mph-contracts-76cd9d1fc45e65f5d0f686621fe6af85c40aa140::OneSplitDumper ; train:DAPP::DAppSCAN-source/contracts/Trail_of_Bits-88mph/88mph-contracts-76cd9d1fc45e65f5d0f686621fe6af85c40aa140::Dumper,same_split_or_merge; quarantine_if_labels_conflict
exact_contract_hash,1e6d657ed000de61c6ea073c7a7c7f301b30eff5a41554251c1e12e8276e0bb5,2,train,0,train:DAPP::DAppSCAN-source/contracts/Runtime_Vеrification-Tracer_Perpetual_Pools_V2/perpetual-pools-contracts-846bbf62652d7c83aee1cf3766275c4d08b00c8a::ExposedLeveragedPool ; train:DAPP::DAppSCAN-source/contracts/Runtime_Vеrification-Tracer_Perpetual_Pools_V2/perpetual-pools-contracts-846bbf62652d7c83aee1cf3766275c4d08b00c8a::LeveragedPool,same_split_or_merge; quarantine_if_labels_conflict
exact_contract_hash,c628ad8534ec333423ee91976ddd6f2fd8271d757424b0ba261dc0854e632074,2,train,0,train:DAPP::DAppSCAN-source/contracts/openzeppelin-Solo_Margin_Protocol/solo-17df84db351d5438e1b7437572722b4f52c8b2b4::TestSoloMargin ; train:DAPP::DAppSCAN-source/contracts/openzeppelin-Solo_Margin_Protocol/solo-17df84db351d5438e1b7437572722b4f52c8b2b4::SoloMargin,same_split_or_merge; quarantine_if_labels_conflict
exact_contract_hash,78921d909d59f978456f3fc6ca643d1076972ae3ce6ff8f506b8ddc4d59de57e,3,train,0,train:DAPP::DAppSCAN-source/contracts/PeckShield-Rikkei/rifi-protocol-b33243fb3a218cc195f0727fe1499cb57f5ea0b2::Reservoir ; train:DAPP::DAppSCAN-source/contracts/PeckShield-Atlantis/atlantis-protocol-bsc-766acebba9316eced1c15abf6158b31f470a947f::Reservoir ; train:DAPP::DAppSCAN-source/contracts/Chainsecurity-Compound  cToken unredacted/compound-protocol-4a54ec5c55b66ea67d44b76f3056f0ed7229db8c::Reservoir,same_split_or_merge; quarantine_if_labels_conflict
exact_contract_hash,173181fab9c6a4b504dabd325d94f9cd20d6e7b6595d5c134c743c266f84984a,4,train,0,train:DAPP::DAppSCAN-source/contracts/PeckShield-Rikkei/rifi-protocol-b33243fb3a218cc195f0727fe1499cb57f5ea0b2::RBep20Immutable ; train:DAPP::DAppSCAN-source/contracts/PeckShield-Rikkei/rifi-protocol-b33243fb3a218cc195f0727fe1499cb57f5ea0b2::RBep20 ; train:DAPP::DAppSCAN-source/contracts/PeckShield-Rikkei/rifi-protocol-b33243fb3a218cc195f0727fe1499cb57f5ea0b2::RBep20Delegate ; train:DAPP::DAppSCAN-source/contracts/PeckShield-Rikkei/rifi-protocol-b33243fb3a218cc195f0727fe1499cb57f5ea0b2::RBep20DelegateCertora,same_split_or_merge; quarantine_if_labels_conflict
exact_contract_hash,a508460981d406ef99f0304b28519f2e759a7923bb5ef9d0df4598a99e6ae912,2,train,0,train:DAPP::DAppSCAN-source/contracts/PeckShield-Rikkei/rifi-protocol-b33243fb3a218cc195f0727fe1499cb57f5ea0b2::RBinance ; train:DAPP::DAppSCAN-source/contracts/PeckShield-Rikkei/rifi-protocol-b33243fb3a218cc195f0727fe1499cb57f5ea0b2::RBinanceCertora,same_split_or_merge; quarantine_if_labels_conflict
exact_contract_hash,9e89668bb215eba9cecd2e5553bdbff12766a903d58e34c242832d1771b229f3,3,train,0,train:DAPP::DAppSCAN-source/contracts/PeckShield-Rikkei/rifi-protocol-b33243fb3a218cc195f0727fe1499cb57f5ea0b2::Cointroller ; train:DAPP::DAppSCAN-source/contracts/PeckShield-Rikkei/rifi-protocol-b33243fb3a218cc195f0727fe1499cb57f5ea0b2::CointrollerKovan ; train:DAPP::DAppSCAN-source/contracts/PeckShield-Rikkei/rifi-protocol-b33243fb3a218cc195f0727fe1499cb57f5ea0b2::CointrollerRopsten,same_split_or_merge; quarantine_if_labels_conflict
exact_contract_hash,23713ad887048b60addbc7084a5cb35327f8084d702491c9b7c80228efe3a85e,6,train,0,train:DAPP::DAppSCAN-source/contracts/PeckShield-Rikkei/rifi-protocol-b33243fb3a218cc195f0727fe1499cb57f5ea0b2::CanReclaimToken ; train:DAPP::DAppSCAN-source/contracts/PeckShield-Rikkei/rifi-protocol-b33243fb3a218cc195f0727fe1499cb57f5ea0b2::OwnableContract ; train:DAPP::DAppSCAN-source/contracts/PeckShield-Rikkei/rifi-protocol-b33243fb3a218cc195f0727fe1499cb57f5ea0b2::WBTRToken ; train:DAPP::DAppSCAN-source/contracts/PeckShield-Atlantis/atlantis-protocol-bsc-766acebba9316eced1c15abf6158b31f470a947f::CanReclaimToken ; train:DAPP::DAppSCAN-source/contracts/PeckShield-Atlantis/atlantis-protocol-bsc-766acebba9316eced1c15abf6158b31f470a947f::OwnableContract ; train:DAPP::DAppSCAN-source/contracts/PeckShield-Atlantis/atlantis-protocol-bsc-766acebba9316eced1c15abf6158b31f470a947f::WBTAToken,same_split_or_merge; quarantine_if_labels_conflict
exact_contract_hash,0c2e5a19564d1f68db51795edde71b6ed7929a96cec9538fe785b0d5e43b2dae,4,train,0,train:DAPP::DAppSCAN-source/contracts/PeckShield-Rikkei/rifi-protocol-b33243fb3a218cc195f0727fe1499cb57f5ea0b2::RBep20Scenario ; train:DAPP::DAppSCAN-source/contracts/PeckShield-Rikkei/rifi-protocol-b33243fb3a218cc195f0727fe1499cb57f5ea0b2::CEvil ; train:DAPP::DAppSCAN-source/contracts/PeckShield-Rikkei/rifi-protocol-b33243fb3a218cc195f0727fe1499cb57f5ea0b2::RBep20DelegateScenario ; train:DAPP::DAppSCAN-source/contracts/PeckShield-Rikkei/rifi-protocol-b33243fb3a218cc195f0727fe1499cb57f5ea0b2::RBep20DelegateScenarioExtra,same_split_or_merge; quarantine_if_labels_conflict
exact_contract_hash,8ac7da97ea985d02594d45a40164074b8673cb4dd80adf5db0bb5130c82f22fc,3,train,0,train:DAPP::DAppSCAN-source/contracts/PeckShield-Rikkei/rifi-protocol-b33243fb3a218cc195f0727fe1499cb57f5ea0b2::RBep20DelegatorCertora ; train:DAPP::DAppSCAN-source/contracts/PeckShield-Atlantis/atlantis-protocol-bsc-766acebba9316eced1c15abf6158b31f470a947f::ABep20DelegatorCertora ; train:DAPP::DAppSCAN-source/contracts/Chainsecurity-Compound  cToken unredacted/compound-protocol-4a54ec5c55b66ea67d44b76f3056f0ed7229db8c::CErc20DelegatorCertora,same_split_or_merge; quarantine_if_labels_conflict
exact_contract_hash,78a13e0a2d3092aa486fbaac1e75a4ce8a30ecf128e1d208570b6e0fd146c3a2,4,train,0,train:DAPP::DAppSCAN-source/contracts/PeckShield-Rikkei/rifi-protocol-b33243fb3a218cc195f0727fe1499cb57f5ea0b2::GemJoin ; train:DAPP::DAppSCAN-source/contracts/PeckShield-Atlantis/atlantis-protocol-bsc-766acebba9316eced1c15abf6158b31f470a947f::GemJoin ; train:DAPP::DAppSCAN-source/contracts/Trail_of_Bits-YieldProtocol/fyDai-4422fda75931f2bfea49f5041ec90dc026e5c03d::GemJoin ; train:DAPP::DAppSCAN-source/contracts/Chainsecurity-Compound  cToken unredacted/compound-protocol-4a54ec5c55b66ea67d44b76f3056f0ed7229db8c::GemJoin,same_split_or_merge; quarantine_if_labels_conflict
exact_contract_hash,8962cca7cf76c1b04bf08e01265a49b78fc7bf3006c3ab37f9c7febe8573a95e,3,train,0,train:DAPP::DAppSCAN-source/contracts/PeckShield-Rikkei/rifi-protocol-b33243fb3a218cc195f0727fe1499cb57f5ea0b2::ETHJoin ; train:DAPP::DAppSCAN-source/contracts/Trail_of_Bits-YieldProtocol/fyDai-4422fda75931f2bfea49f5041ec90dc026e5c03d::ETHJoin ; train:DAPP::DAppSCAN-source/contracts/Chainsecurity-Compound  cToken unredacted/compound-protocol-4a54ec5c55b66ea67d44b76f3056f0ed7229db8c::ETHJoin,same_split_or_merge; quarantine_if_labels_conflict
exact_contract_hash,699e07e5cc4678378cfb24f5f2862c69f6924647a9517e110c7680b08aea294d,4,train,0,train:DAPP::DAppSCAN-source/contracts/PeckShield-Rikkei/rifi-protocol-b33243fb3a218cc195f0727fe1499cb57f5ea0b2::DaiJoin ; train:DAPP::DAppSCAN-source/contracts/PeckShield-Atlantis/atlantis-protocol-bsc-766acebba9316eced1c15abf6158b31f470a947f::DaiJoin ; train:DAPP::DAppSCAN-source/contracts/Trail_of_Bits-YieldProtocol/fyDai-4422fda75931f2bfea49f5041ec90dc026e5c03d::DaiJoin ; train:DAPP::DAppSCAN-source/contracts/Chainsecurity-Compound  cToken unredacted/compound-protocol-4a54ec5c55b66ea67d44b76f3056f0ed7229db8c::DaiJoin,same_split_or_merge; quarantine_if_labels_conflict
exact_contract_hash,de2ff9b2bdefbea80026553698185e992d069a429d90c44d5dbd9614cfc5bf68,3,train,0,train:DAPP::DAppSCAN-source/contracts/PeckShield-Rikkei/rifi-protocol-b33243fb3a218cc195f0727fe1499cb57f5ea0b2::Pot ; train:DAPP::DAppSCAN-source/contracts/PeckShield-Atlantis/atlantis-protocol-bsc-766acebba9316eced1c15abf6158b31f470a947f::Pot ; train:DAPP::DAppSCAN-source/contracts/Chainsecurity-Compound  cToken unredacted/compound-protocol-4a54ec5c55b66ea67d44b76f3056f0ed7229db8c::Pot,same_split_or_merge; quarantine_if_labels_conflict
exact_contract_hash,e17100050ef678ef25b84ffe2d94c61528b8c0d6a15cd8d41ad2a79f2430292c,4,test|train,0,train:DAPP::DAppSCAN-source/contracts/PeckShield-DarkCrypto/darkcrypto-contracts-fee5be8d36459aebed2b84e6493875b3dc0366fd::Timelock ; train:DAPP::DAppSCAN-source/contracts/QuillAudits-Bond Appetit-Bond Appetit/bondappetit-protocol-355180f0aca0b29d60d808f761052956b7a3a159::Timelock ; train:DAPP::DAppSCAN-source/contracts/PeckShield-DSG/core-6f607f77698936e132e4e9b5cb4d75580636d919::Timelock ; test:DAPP::DAppSCAN-source/contracts/PeckShield-TranchessV1.1/contract-core-68a86350313c1cb9e5467e791d3e9efaf228a0df::Timelock,same_split_or_merge; quarantine_if_labels_conflict
exact_contract_hash,ac3f4c999c64a7f83761bbb752e33efca73a6b0a58789683a57c38df52d1e9fc,2,train,0,train:DAPP::DAppSCAN-source/contracts/PeckShield-DarkCrypto/darkcrypto-contracts-fee5be8d36459aebed2b84e6493875b3dc0366fd::DarkCrypto ; train:DAPP::DAppSCAN-source/contracts/PeckShield-DarkCrypto/darkcrypto-contracts-fee5be8d36459aebed2b84e6493875b3dc0366fd::MorkDarkCrypto,same_split_or_merge; quarantine_if_labels_conflict
exact_contract_hash,703c8c517a0cef662cff53c65b715d736b7524a7c1b24406ff77240576e6f770,3,train,0,train:DAPP::DAppSCAN-source/contracts/consensys-Skyweaver/Skyweaver-contracts-bde0c184db6168bf86656a48b12d5747950b54d9::SkyweaverCurrencies ; train:DAPP::DAppSCAN-source/contracts/consensys-Skyweaver/Skyweaver-contracts-bde0c184db6168bf86656a48b12d5747950b54d9::SkyweaverAssets ; train:DAPP::DAppSCAN-source/contracts/consensys-Skyweaver/Skyweaver-contracts-bde0c184db6168bf86656a48b12d5747950b54d9::SWSupplyManager,same_split_or_merge; quarantine_if_labels_conflict
exact_contract_hash,792895b8022e5bf35bb6fbd5b6b66c9927cf7908e266692cce420cfc8fe6757d,2,train,1,train:DAPP::DAppSCAN-source/contracts/ImmuneBytes-Bird Money(MasterChef)-Audit Report/bird-farm-contracts-dfd2502b73c8f54c9081682c3eb070fcd3c00629::MasterChef ; train:DAPP::DAppSCAN-source/contracts/ImmuneBytes-Bird Money-Final Audit Report/bird-farm-contracts-dfd2502b73c8f54c9081682c3eb070fcd3c00629::MasterChef,same_split_or_merge; quarantine_if_labels_conflict
exact_contract_hash,968f78fd3ee15925ac65afe52055d50fff6dc121e25d5f3bb6b9e7eee79697e5,3,train,0,train:DAPP::DAppSCAN-source/contracts/PeckShield-BabySwap/code::SyrupBar ; train:DAPP::DAppSCAN-source/contracts/Inspex-Optimized Worker/bsc-alpaca-contract-1aee2ceec77e3fd3162b74858c846cdc5692928d::SyrupBar ; train:DAPP::DAppSCAN-source/contracts/Inspex-SpookySwap Integration & Fantom Expansion/bsc-alpaca-contract-4553a34a6dcfcfbf7aebc693bb5c5c6074c73129::SyrupBar,same_split_or_merge; quarantine_if_labels_conflict
exact_contract_hash,03fbaa6f909dd74775cb6abdb15edd790da003c9ce2b7f54236c83b6d62afebf,2,train,0,train:DAPP::DAppSCAN-source/contracts/PeckShield-Atlantis/atlantis-protocol-bsc-766acebba9316eced1c15abf6158b31f470a947f::ComptrollerG5 ; train:DAPP::DAppSCAN-source/contracts/PeckShield-Atlantis/atlantis-protocol-bsc-766acebba9316eced1c15abf6158b31f470a947f::ComptrollerScenarioG5,same_split_or_merge; quarantine_if_labels_conflict
exact_contract_hash,e56ea6c4a438eacb4ec85812d2262bbf8668c902495f9d0f34ec55d32755715a,2,train,0,train:DAPP::DAppSCAN-source/contracts/PeckShield-Atlantis/atlantis-protocol-bsc-766acebba9316eced1c15abf6158b31f470a947f::ABNB ; train:DAPP::DAppSCAN-source/contracts/PeckShield-Atlantis/atlantis-protocol-bsc-766acebba9316eced1c15abf6158b31f470a947f::ABNBCertora,same_split_or_merge; quarantine_if_labels_conflict
exact_contract_hash,4210631daeb084b773358c98679dc31a83bea352d44aeac968ee486cf3ab7aaf,4,train,0,train:DAPP::DAppSCAN-source/contracts/PeckShield-Atlantis/atlantis-protocol-bsc-766acebba9316eced1c15abf6158b31f470a947f::ABep20Immutable ; train:DAPP::DAppSCAN-source/contracts/PeckShield-Atlantis/atlantis-protocol-bsc-766acebba9316eced1c15abf6158b31f470a947f::ABep20 ; train:DAPP::DAppSCAN-source/contracts/PeckShield-Atlantis/atlantis-protocol-bsc-766acebba9316eced1c15abf6158b31f470a947f::ABep20Delegate ; train:DAPP::DAppSCAN-source/contracts/PeckShield-Atlantis/atlantis-protocol-bsc-766acebba9316eced1c15abf6158b31f470a947f::ABep20DelegateCertora,same_split_or_merge; quarantine_if_labels_conflict
exact_contract_hash,a7c9509c1bc0b56dc4afd18b902c4bec2a9abd2c2340e1bdb18a675f44100a8e,2,train,0,train:DAPP::DAppSCAN-source/contracts/PeckShield-Atlantis/atlantis-protocol-bsc-766acebba9316eced1c15abf6158b31f470a947f::ComptrollerG2 ; train:DAPP::DAppSCAN-source/contracts/PeckShield-Atlantis/atlantis-protocol-bsc-766acebba9316eced1c15abf6158b31f470a947f::ComptrollerScenarioG2,same_split_or_merge; quarantine_if_labels_conflict
exact_contract_hash,a0449c46fcbfb557acf6504eed659c2008b900347242f11dd3938f6b86cbde57,3,train,0,train:DAPP::DAppSCAN-source/contracts/PeckShield-Atlantis/atlantis-protocol-bsc-766acebba9316eced1c15abf6158b31f470a947f::Comptroller ; train:DAPP::DAppSCAN-source/contracts/PeckShield-Atlantis/atlantis-protocol-bsc-766acebba9316eced1c15abf6158b31f470a947f::ComptrollerKovan ; train:DAPP::DAppSCAN-source/contracts/PeckShield-Atlantis/atlantis-protocol-bsc-766acebba9316eced1c15abf6158b31f470a947f::ComptrollerRopsten,same_split_or_merge; quarantine_if_labels_conflict
exact_contract_hash,5b12ffe99e16bd1e14a1c8c67730d2d4334e52ed3de05029d8bca45d79096457,2,train,0,train:DAPP::DAppSCAN-source/contracts/PeckShield-Atlantis/atlantis-protocol-bsc-766acebba9316eced1c15abf6158b31f470a947f::ComptrollerG3 ; train:DAPP::DAppSCAN-source/contracts/PeckShield-Atlantis/atlantis-protocol-bsc-766acebba9316eced1c15abf6158b31f470a947f::ComptrollerScenarioG3,same_split_or_merge; quarantine_if_labels_conflict
exact_contract_hash,76c482625f19c18bef313f1340876da1b6fe62376d21334b856d8242daee79ee,2,train,0,train:DAPP::DAppSCAN-source/contracts/PeckShield-Atlantis/atlantis-protocol-bsc-766acebba9316eced1c15abf6158b31f470a947f::ComptrollerG4 ; train:DAPP::DAppSCAN-source/contracts/PeckShield-Atlantis/atlantis-protocol-bsc-766acebba9316eced1c15abf6158b31f470a947f::ComptrollerScenarioG4,same_split_or_merge; quarantine_if_labels_conflict
exact_contract_hash,dbf9ab93fd459095b5f57c11572517fe8fa52c8f90ede3c8bc5331cd7f81a833,2,train,0,train:DAPP::DAppSCAN-source/contracts/PeckShield-Atlantis/atlantis-protocol-bsc-766acebba9316eced1c15abf6158b31f470a947f::ComptrollerG6 ; train:DAPP::DAppSCAN-source/contracts/PeckShield-Atlantis/atlantis-protocol-bsc-766acebba9316eced1c15abf6158b31f470a947f::ComptrollerScenarioG6,same_split_or_merge; quarantine_if_labels_conflict
exact_contract_hash,7032c843a8b868859fe1ebf4c66482aec96a933d3bf98048009d7beabbaef7e1,4,train,0,train:DAPP::DAppSCAN-source/contracts/PeckShield-Atlantis/atlantis-protocol-bsc-766acebba9316eced1c15abf6158b31f470a947f::ABep20Scenario ; train:DAPP::DAppSCAN-source/contracts/PeckShield-Atlantis/atlantis-protocol-bsc-766acebba9316eced1c15abf6158b31f470a947f::CEvil ; train:DAPP::DAppSCAN-source/contracts/PeckShield-Atlantis/atlantis-protocol-bsc-766acebba9316eced1c15abf6158b31f470a947f::ABep20DelegateScenario ; train:DAPP::DAppSCAN-source/contracts/PeckShield-Atlantis/atlantis-protocol-bsc-766acebba9316eced1c15abf6158b31f470a947f::ABep20DelegateScenarioExtra,same_split_or_merge; quarantine_if_labels_conflict
exact_contract_hash,e3c20de415a8776adb5fec3e2b559017fd4c9b0fca87ba08f156330673b219db,7,train,0,train:DAPP::DAppSCAN-source/contracts/SlowMist-CFFv2 Smart Contract Security Audit Report/cff-contract-v2-c86bef3f13c7585f547f9cd0ca900f94664e96b7::ERC20Base ; train:DAPP::DAppSCAN-source/contracts/SlowMist-CFFv2 Smart Contract Security Audit Report/cff-contract-v2-c86bef3f13c7585f547f9cd0ca900f94664e96b7::CRV ; train:DAPP::DAppSCAN-source/contracts/SlowMist-CFFv2 Smart Contract Security Audit Report/cff-contract-v2-c86bef3f13c7585f547f9cd0ca900f94664e96b7::WBTC ; train:DAPP::DAppSCAN-source/contracts/SlowMist-CFFv2 Smart Contract Security Audit Report/cff-contract-v2-c86bef3f13c7585f547f9cd0ca900f94664e96b7::USDT ; train:DAPP::DAppSCAN-source/contracts/SlowMist-CFFv2 Smart Contract Security Audit Report/cff-contract-v2-c86bef3f13c7585f547f9cd0ca900f94664e96b7::StdERC20 ; train:DAPP::DAppSCAN-source/contracts/SlowMist-CFFv2 Smart Contract Security Audit Report/cff-contract-v2-c86bef3f13c7585f547f9cd0ca900f94664e96b7::USDC ; train:DAPP::DAppSCAN-source/contracts/SlowMist-CFFv2 Smart Contract Security Audit Report/cff-contract-v2-c86bef3f13c7585f547f9cd0ca900f94664e96b7::TestERC20,same_split_or_merge; quarantine_if_labels_conflict
exact_contract_hash,7e17e79f3c8784e0de8f364a1e913077752606fed3eb309505e38ebbef15d2ed,2,train,0,train:DAPP::DAppSCAN-source/contracts/SlowMist-CFFv2 Smart Contract Security Audit Report/cff-contract-v2-c86bef3f13c7585f547f9cd0ca900f94664e96b7::hack2eth ; train:DAPP::DAppSCAN-source/contracts/SlowMist-CFFv2 Smart Contract Security Audit Report/cff-contract-v2-c86bef3f13c7585f547f9cd0ca900f94664e96b7::hack2,same_split_or_merge; quarantine_if_labels_conflict
exact_contract_hash,778498a13c55998e90c8764ad8adb52b0e7e85b9408ab25dfa52b36f181fae0b,2,train,0,train:DAPP::DAppSCAN-source/contracts/SlowMist-CFFv2 Smart Contract Security Audit Report/cff-contract-v2-c86bef3f13c7585f547f9cd0ca900f94664e96b7::AlusdPoolV2 ; train:DAPP::DAppSCAN-source/contracts/SlowMist-CFFv2 Smart Contract Security Audit Report/cff-contract-v2-c86bef3f13c7585f547f9cd0ca900f94664e96b7::LusdPool,same_split_or_merge; quarantine_if_labels_conflict
exact_contract_hash,183822a0dca935c10ad3c4a3a489e50710f27d9d52773f69c8644ca8b0f88c75,2,train,0,train:DAPP::DAppSCAN-source/contracts/SlowMist-CFFv2 Smart Contract Security Audit Report/cff-contract-v2-c86bef3f13c7585f547f9cd0ca900f94664e96b7::YPool ; train:DAPP::DAppSCAN-source/contracts/SlowMist-CFFv2 Smart Contract Security Audit Report/cff-contract-v2-c86bef3f13c7585f547f9cd0ca900f94664e96b7::BUSDPool,same_split_or_merge; quarantine_if_labels_conflict
exact_contract_hash,eadebe78399e47f88a969160fa46dfe6f5da9aea9d71c2cafae14bd7026a9077,2,train,0,train:DAPP::DAppSCAN-source/contracts/SlowMist-CFFv2 Smart Contract Security Audit Report/cff-contract-v2-c86bef3f13c7585f547f9cd0ca900f94664e96b7::TbtcPool ; train:DAPP::DAppSCAN-source/contracts/SlowMist-CFFv2 Smart Contract Security Audit Report/cff-contract-v2-c86bef3f13c7585f547f9cd0ca900f94664e96b7::BbtcPool,same_split_or_merge; quarantine_if_labels_conflict
exact_contract_hash,a12ebe2668443dff9e3a0ef029ddafd0f98981baa2b003f272c4a1b6c45477ec,2,train,0,train:DAPP::DAppSCAN-source/contracts/SlowMist-CFFv2 Smart Contract Security Audit Report/cff-contract-v2-c86bef3f13c7585f547f9cd0ca900f94664e96b7::StethPool ; train:DAPP::DAppSCAN-source/contracts/SlowMist-CFFv2 Smart Contract Security Audit Report/cff-contract-v2-c86bef3f13c7585f547f9cd0ca900f94664e96b7::SethPool,same_split_or_merge; quarantine_if_labels_conflict
exact_contract_hash,a4170a1e4bf5c2fba0e35930ac0e79b9d7a6b23c6906f24d1251100ccf709c3f,2,train|val,0,train:DAPP::DAppSCAN-source/contracts/PeckShield-MilkySwap/milkyswap-59f163e9959cf8bae4a521a9648219b553312e07::UniswapV2Factory ; val:DAPP::DAppSCAN-source/contracts/PeckShield-SushiSwap/sushiswap-180bc9b642bba79c1ee4a63f71a3a0d36e64aa63::UniswapV2Factory,same_split_or_merge; quarantine_if_labels_conflict
exact_contract_hash,5d162c4fce02b519ba2b2b34be3ba049f6ae116ae51e8bef25751bb49465d50d,2,train,0,"train:DAPP::DAppSCAN-source/contracts/PeckShield-MilkySwap/milkyswap-59f163e9959cf8bae4a521a9648219b553312e07::UniswapV2Router02 ; train:DAPP::DAppSCAN-source/contracts/Inspex-StakingPool, Vault, Strategy & VotingEscrow/scientix-contract-main::UniswapV2Router02",same_split_or_merge; quarantine_if_labels_conflict
exact_contract_hash,5d320e30ffdf5f460d8ca9ef63a0cd7ff63ae71cb241b77e47303ab379a94748,15,train,0,train:DAPP::DAppSCAN-source/contracts/consensys-Fei_Protocol_v2_Phase_1/fei-protocol-core-5e3e2ab889f06831f4fe2e8460066ded40ccf0a8::ConstantOracle ; train:DAPP::DAppSCAN-source/contracts/consensys-Fei_Protocol_v2_Phase_1/fei-protocol-core-5e3e2ab889f06831f4fe2e8460066ded40ccf0a8::CoreRef ; train:DAPP::DAppSCAN-source/contracts/consensys-Fei_Protocol_v2_Phase_1/fei-protocol-core-5e3e2ab889f06831f4fe2e8460066ded40ccf0a8::Incentivized ; train:DAPP::DAppSCAN-source/contracts/consensys-Fei_Protocol_v2_Phase_1/fei-protocol-core-5e3e2ab889f06831f4fe2e8460066ded40ccf0a8::RateLimited ; train:DAPP::DAppSCAN-source/contracts/consensys-Fei_Protocol_v2_Phase_1/fei-protocol-core-5e3e2ab889f06831f4fe2e8460066ded40ccf0a8::RateLimitedMinter ; train:DAPP::DAppSCAN-source/contracts/consensys-Fei_Protocol_v2_Phase_1/fei-protocol-core-5e3e2ab889f06831f4fe2e8460066ded40ccf0a8::PCVDeposit ; train:DAPP::DAppSCAN-source/contracts/consensys-Fei_Protocol_v2_Phase_1/fei-protocol-core-5e3e2ab889f06831f4fe2e8460066ded40ccf0a8::OptimisticTimelock ; train:DAPP::DAppSCAN-source/contracts/consensys-Fei_Protocol_v2_Phase_1/fei-protocol-core-5e3e2ab889f06831f4fe2e8460066ded40ccf0a8::FeiTimedMinter ; train:DAPP::DAppSCAN-source/contracts/consensys-Fei_Protocol_v2_Phase_1/fei-protocol-core-5e3e2ab889f06831f4fe2e8460066ded40ccf0a8::TestOldRatioPCVController ; train:DAPP::DAppSCAN-source/contracts/consensys-Fei_Protocol_v2_Phase_1/fei-protocol-core-5e3e2ab889f06831f4fe2e8460066ded40ccf0a8::RatioPCVController ; train:DAPP::DAppSCAN-source/contracts/consensys-Fei_Protocol_v2_Phase_1/fei-protocol-core-5e3e2ab889f06831f4fe2e8460066ded40ccf0a8::PCVSplitter ; train:DAPP::DAppSCAN-source/contracts/consensys-Fei_Protocol_v2_Phase_1/fei-protocol-core-5e3e2ab889f06831f4fe2e8460066ded40ccf0a8::StaticPCVDepositWrapper ; train:DAPP::DAppSCAN-source/contracts/consensys-Fei_Protocol_v2_Phase_1/fei-protocol-core-5e3e2ab889f06831f4fe2e8460066ded40ccf0a8::WethPCVDeposit ; train:DAPP::DAppSCAN-source/contracts/consensys-Fei_Protocol_v2_Phase_1/fei-protocol-core-5e3e2ab889f06831f4fe2e8460066ded40ccf0a8::BaseBalancerPoolManager ; train:DAPP::DAppSCAN-source/contracts/consensys-Fei_Protocol_v2_Phase_1/fei-protocol-core-5e3e2ab889f06831f4fe2e8460066ded40ccf0a8::WeightedBalancerPoolManager,same_split_or_merge; quarantine_if_labels_conflict
exact_contract_hash,0e7c4adbe95e91ef6b5958cc6737238c90d52b47d948c9443dd9377b357d79e6,2,train,0,train:DAPP::DAppSCAN-source/contracts/consensys-Fei_Protocol_v2_Phase_1/fei-protocol-core-5e3e2ab889f06831f4fe2e8460066ded40ccf0a8::OracleRef ; train:DAPP::DAppSCAN-source/contracts/consensys-Fei_Protocol_v2_Phase_1/fei-protocol-core-5e3e2ab889f06831f4fe2e8460066ded40ccf0a8::EthReserveStabilizer,same_split_or_merge; quarantine_if_labels_conflict
exact_contract_hash,9de38a486b6c79a0f2cdb92862fe08526f52b8b571d87aa44dc8f56c9515ffc3,2,train,0,train:DAPP::DAppSCAN-source/contracts/consensys-Fei_Protocol_v2_Phase_1/fei-protocol-core-5e3e2ab889f06831f4fe2e8460066ded40ccf0a8::Decimal ; train:DAPP::DAppSCAN-source/contracts/consensys-Fei_Protocol/fei-protocol-core-ff892c5d0b9697f249d713bbb2b3bd1da7980ed2::Decimal,same_split_or_merge; quarantine_if_labels_conflict
exact_contract_hash,6f814edff15ef76504a01db9bafc4f6a9924780137b522ad5aaf963800735ca5,6,train,0,train:DAPP::DAppSCAN-source/contracts/openzeppelin-Optimism/contracts-18e128343731b9bde23812ce932e24d81440b6b7::Lib_AddressResolver ; train:DAPP::DAppSCAN-source/contracts/openzeppelin-Optimism/contracts-18e128343731b9bde23812ce932e24d81440b6b7::OVM_StateTransitionerFactory ; train:DAPP::DAppSCAN-source/contracts/openzeppelin-Optimism/contracts-18e128343731b9bde23812ce932e24d81440b6b7::Abs_FraudContributor ; train:DAPP::DAppSCAN-source/contracts/openzeppelin-Optimism/contracts-18e128343731b9bde23812ce932e24d81440b6b7::OVM_L1ETHGateway ; train:DAPP::DAppSCAN-source/contracts/openzeppelin-Optimism/contracts-18e128343731b9bde23812ce932e24d81440b6b7::OVM_L1MultiMessageRelayer ; train:DAPP::DAppSCAN-source/contracts/openzeppelin-Optimism/contracts-18e128343731b9bde23812ce932e24d81440b6b7::mockOVM_BondManager,same_split_or_merge; quarantine_if_labels_conflict
exact_contract_hash,33a4dd590f285f2710fb8f55f8cd6888efc84c78aa66ea3832a08742ecc51c2e,2,train,0,train:DAPP::DAppSCAN-source/contracts/BlockSec-blocksec_impossible_finance_swap_v1.2/impossible-swap-core-29aaef89f996acdbee92b67c4d95fb608dc8b876::ImpossibleERC20 ; train:DAPP::DAppSCAN-source/contracts/BlockSec-blocksec_impossible_finance_swap_v1.2/impossible-swap-core-29aaef89f996acdbee92b67c4d95fb608dc8b876::ERC20,same_split_or_merge; quarantine_if_labels_conflict
exact_contract_hash,229f00a2d708d18fccc33beae2dda1814be0b0e70b3abcb582c5bf998f21a6e9,2,train,0,train:DAPP::DAppSCAN-source/contracts/SlowMist-Starcrazy Smart Contract Security Audit Report/starcrazy-contracts-e9e11d234ac065726e108a73dfcd5efbad26f2c5::DSToken ; train:DAPP::DAppSCAN-source/contracts/SlowMist-Starcrazy Smart Contract Security Audit Report/starcrazy-contracts-e9e11d234ac065726e108a73dfcd5efbad26f2c5::DSAuth,same_split_or_merge; quarantine_if_labels_conflict
exact_contract_hash,7026a35bcd142abf9d806c08d3bfa2abb98011cae52a1f5ca1abe8c9d0fba9db,2,train,0,train:DAPP::DAppSCAN-source/contracts/SlowMist-Starcrazy Smart Contract Security Audit Report/starcrazy-contracts-e9e11d234ac065726e108a73dfcd5efbad26f2c5::AlianaOwnership ; train:DAPP::DAppSCAN-source/contracts/SlowMist-Starcrazy Smart Contract Security Audit Report/starcrazy-contracts-e9e11d234ac065726e108a73dfcd5efbad26f2c5::AlianaBase,same_split_or_merge; quarantine_if_labels_conflict
exact_contract_hash,c124c9c277393c7bbc2e083bfa580d9674607ee6087622e909f2e14c18c237b9,3,train,0,train:DAPP::DAppSCAN-source/contracts/SlowMist-Starcrazy Smart Contract Security Audit Report/starcrazy-contracts-e9e11d234ac065726e108a73dfcd5efbad26f2c5::NFTokenMetadata ; train:DAPP::DAppSCAN-source/contracts/SlowMist-Starcrazy Smart Contract Security Audit Report/starcrazy-contracts-e9e11d234ac065726e108a73dfcd5efbad26f2c5::NFToken ; train:DAPP::DAppSCAN-source/contracts/SlowMist-Starcrazy Smart Contract Security Audit Report/starcrazy-contracts-e9e11d234ac065726e108a73dfcd5efbad26f2c5::NFTokenEnumerable,same_split_or_merge; quarantine_if_labels_conflict
exact_contract_hash,f31af83891cc86f1c9b42a4140e34ad4c2eca53703a5b05c8d865732b6d8c44b,2,train,0,train:DAPP::DAppSCAN-source/contracts/consensys-MCDEX_Mai_Protocol_V2/mai-protocol-v2-4b198083ec4ae2d6851e101fc44ea333eaa3cd92::Collateral ; train:DAPP::DAppSCAN-source/contracts/consensys-MCDEX_Mai_Protocol_V2/mai-protocol-v2-4b198083ec4ae2d6851e101fc44ea333eaa3cd92::TestCollateral,same_split_or_merge; quarantine_if_labels_conflict
exact_contract_hash,9be3d3b6462409e58eac6f26d951a566731297095fa2c39903f026696d079275,2,train,0,train:DAPP::DAppSCAN-source/contracts/consensys-MCDEX_Mai_Protocol_V2/mai-protocol-v2-4b198083ec4ae2d6851e101fc44ea333eaa3cd92::Position ; train:DAPP::DAppSCAN-source/contracts/consensys-MCDEX_Mai_Protocol_V2/mai-protocol-v2-4b198083ec4ae2d6851e101fc44ea333eaa3cd92::TestPosition,same_split_or_merge; quarantine_if_labels_conflict
exact_contract_hash,2d45abde48991bde31d93f27c6a9ccf172530f6cf3275fa0722bd3210d324d39,2,train,0,train:DAPP::DAppSCAN-source/contracts/consensys-MCDEX_Mai_Protocol_V2/mai-protocol-v2-4b198083ec4ae2d6851e101fc44ea333eaa3cd92::Perpetual ; train:DAPP::DAppSCAN-source/contracts/consensys-MCDEX_Mai_Protocol_V2/mai-protocol-v2-4b198083ec4ae2d6851e101fc44ea333eaa3cd92::TestPerpetual,same_split_or_merge; quarantine_if_labels_conflict
exact_contract_hash,64597197c856cb54f63bd721c1d7e88f85b8303265d02c0cb75d7c29b2c40e22,2,test|train,0,train:DAPP::DAppSCAN-source/contracts/PeckShield-Tranchessv1.0/contract-core-5ac3d997da3ef37b0135565a11c5ebcc519862aa::BscAprOracle ; test:DAPP::DAppSCAN-source/contracts/PeckShield-TranchessV1.1/contract-core-68a86350313c1cb9e5467e791d3e9efaf228a0df::BscAprOracle,same_split_or_merge; quarantine_if_labels_conflict
exact_contract_hash,55a16e7b939cd36a84e2f9214302c214804ba1219d3d05607c5bbf6216b08d8c,2,test|train,0,train:DAPP::DAppSCAN-source/contracts/PeckShield-Tranchessv1.0/contract-core-5ac3d997da3ef37b0135565a11c5ebcc519862aa::AprOracle ; test:DAPP::DAppSCAN-source/contracts/PeckShield-TranchessV1.1/contract-core-68a86350313c1cb9e5467e791d3e9efaf228a0df::AprOracle,same_split_or_merge; quarantine_if_labels_conflict
exact_contract_hash,fe7594876cd89c7f450396df743464d7d7ca564931df01363ead23b8eddf97c8,2,test|train,0,train:DAPP::DAppSCAN-source/contracts/PeckShield-Tranchessv1.0/contract-core-5ac3d997da3ef37b0135565a11c5ebcc519862aa::ExchangeRoles ; test:DAPP::DAppSCAN-source/contracts/PeckShield-TranchessV1.1/contract-core-68a86350313c1cb9e5467e791d3e9efaf228a0df::ExchangeRoles,same_split_or_merge; quarantine_if_labels_conflict
exact_contract_hash,e6a2a457e3062b91e8adf62d5472ab3cebd2a0dd3e1701d7f0bfb130b96cd51c,2,train,0,train:DAPP::DAppSCAN-source/contracts/PeckShield-Tranchessv1.0/contract-core-5ac3d997da3ef37b0135565a11c5ebcc519862aa::Staking ; train:DAPP::DAppSCAN-source/contracts/PeckShield-Tranchessv1.0/contract-core-5ac3d997da3ef37b0135565a11c5ebcc519862aa::StakingTestWrapper,same_split_or_merge; quarantine_if_labels_conflict
exact_contract_hash,e67fb3a3f4e0ca02453e25db9dc722bba8db532e79d0c488964966387896ec48,2,test|train,0,train:DAPP::DAppSCAN-source/contracts/PeckShield-Tranchessv1.0/contract-core-5ac3d997da3ef37b0135565a11c5ebcc519862aa::Share ; test:DAPP::DAppSCAN-source/contracts/PeckShield-TranchessV1.1/contract-core-68a86350313c1cb9e5467e791d3e9efaf228a0df::Share,same_split_or_merge; quarantine_if_labels_conflict
exact_contract_hash,da03ee533e2dab919286e48c2cefefb2b31038440512bf68846723339ade18fa,2,test|train,0,train:DAPP::DAppSCAN-source/contracts/PeckShield-Tranchessv1.0/contract-core-5ac3d997da3ef37b0135565a11c5ebcc519862aa::FundRoles ; test:DAPP::DAppSCAN-source/contracts/PeckShield-TranchessV1.1/contract-core-68a86350313c1cb9e5467e791d3e9efaf228a0df::FundRoles,same_split_or_merge; quarantine_if_labels_conflict
exact_contract_hash,fa31b8fdb711e8ecb863842dfdc9ae5b9732cb5204406591a9ecd78175298c7b,2,test|train,0,train:DAPP::DAppSCAN-source/contracts/PeckShield-Tranchessv1.0/contract-core-5ac3d997da3ef37b0135565a11c5ebcc519862aa::OrderQueueTestWrapper ; test:DAPP::DAppSCAN-source/contracts/PeckShield-TranchessV1.1/contract-core-68a86350313c1cb9e5467e791d3e9efaf228a0df::OrderQueueTestWrapper,same_split_or_merge; quarantine_if_labels_conflict
exact_contract_hash,b8246d8cefb7f04e031b61137790e037812601652b74f2b696ef7a234980ff12,2,test|train,0,train:DAPP::DAppSCAN-source/contracts/PeckShield-Tranchessv1.0/contract-core-5ac3d997da3ef37b0135565a11c5ebcc519862aa::ChessRoles ; test:DAPP::DAppSCAN-source/contracts/PeckShield-TranchessV1.1/contract-core-68a86350313c1cb9e5467e791d3e9efaf228a0df::ChessRoles,same_split_or_merge; quarantine_if_labels_conflict
exact_contract_hash,3973b7f3019616a57e212f719d4116910c9d8c1ad0973a8beb3e35e9d368056f,2,train|val,0,train:DAPP::DAppSCAN-source/contracts/Solidified-Aztec Element Bridge/aztec-connect-bridges-ac2e7194b5887ea11a607b4cf8de0547b3d7fdd0::HeapTestContract ; val:DAPP::DAppSCAN-source/contracts/Solidified-Aztec Lido Bridge/aztec-connect-bridges-d5aca13d4d0a17b21eeddf77f49f4c6613461fb0::HeapTestContract,same_split_or_merge; quarantine_if_labels_conflict
exact_contract_hash,dc0bb1678153080ee9d60f421974aef779151fd764665a348216326fff984cee,2,train|val,0,train:DAPP::DAppSCAN-source/contracts/Solidified-Aztec Element Bridge/aztec-connect-bridges-ac2e7194b5887ea11a607b4cf8de0547b3d7fdd0::StakingBridgeTestInternal ; val:DAPP::DAppSCAN-source/contracts/Solidified-Aztec Lido Bridge/aztec-connect-bridges-d5aca13d4d0a17b21eeddf77f49f4c6613461fb0::StakingBridgeTestInternal,same_split_or_merge; quarantine_if_labels_conflict
exact_contract_hash,b53628f05f93ab3b01c0beeae16124c86db430277af9b6fd1f5fc9db067c1e17,2,train|val,0,train:DAPP::DAppSCAN-source/contracts/Solidified-Aztec Element Bridge/aztec-connect-bridges-ac2e7194b5887ea11a607b4cf8de0547b3d7fdd0::StabilityPoolBridgeTestInternal ; val:DAPP::DAppSCAN-source/contracts/Solidified-Aztec Lido Bridge/aztec-connect-bridges-d5aca13d4d0a17b21eeddf77f49f4c6613461fb0::StabilityPoolBridgeTestInternal,same_split_or_merge; quarantine_if_labels_conflict
exact_contract_hash,2100ed649ae715de0768f188410bb6e085837a89d9b78d36bf485e4a4f99fc5d,2,train|val,0,train:DAPP::DAppSCAN-source/contracts/Solidified-Aztec Element Bridge/aztec-connect-bridges-ac2e7194b5887ea11a607b4cf8de0547b3d7fdd0::TestUtil ; val:DAPP::DAppSCAN-source/contracts/Solidified-Aztec Lido Bridge/aztec-connect-bridges-d5aca13d4d0a17b21eeddf77f49f4c6613461fb0::TestUtil,same_split_or_merge; quarantine_if_labels_conflict
exact_contract_hash,85d71b1c9407445ed6177f98d80d6304caa089627ee6cc624945f54d986e1b78,2,train|val,0,train:DAPP::DAppSCAN-source/contracts/Solidified-Aztec Element Bridge/aztec-connect-bridges-ac2e7194b5887ea11a607b4cf8de0547b3d7fdd0::MinHeap ; val:DAPP::DAppSCAN-source/contracts/Solidified-Aztec Lido Bridge/aztec-connect-bridges-d5aca13d4d0a17b21eeddf77f49f4c6613461fb0::MinHeap,same_split_or_merge; quarantine_if_labels_conflict
exact_contract_hash,458ccb401f00890e52ba12262f77c49867c9c25a2822e959436b68992a51375a,2,train|val,0,train:DAPP::DAppSCAN-source/contracts/Solidified-Aztec Element Bridge/aztec-connect-bridges-ac2e7194b5887ea11a607b4cf8de0547b3d7fdd0::ExampleBridgeContract ; val:DAPP::DAppSCAN-source/contracts/Solidified-Aztec Lido Bridge/aztec-connect-bridges-d5aca13d4d0a17b21eeddf77f49f4c6613461fb0::ExampleBridgeContract,same_split_or_merge; quarantine_if_labels_conflict
exact_contract_hash,3e6174dad8fa84de45027362de3aa42816113044395fc82156ac280d3d9986ca,2,train|val,0,train:DAPP::DAppSCAN-source/contracts/Solidified-Aztec Element Bridge/aztec-connect-bridges-ac2e7194b5887ea11a607b4cf8de0547b3d7fdd0::TroveBridge ; val:DAPP::DAppSCAN-source/contracts/Solidified-Aztec Lido Bridge/aztec-connect-bridges-d5aca13d4d0a17b21eeddf77f49f4c6613461fb0::TroveBridge,same_split_or_merge; quarantine_if_labels_conflict
exact_contract_hash,663014548f846ccd4e4444f06acbd2c76bcedace6535b1d99ff79e543f87f170,2,train|val,0,train:DAPP::DAppSCAN-source/contracts/Solidified-Aztec Element Bridge/aztec-connect-bridges-ac2e7194b5887ea11a607b4cf8de0547b3d7fdd0::StabilityPoolBridge ; val:DAPP::DAppSCAN-source/contracts/Solidified-Aztec Lido Bridge/aztec-connect-bridges-d5aca13d4d0a17b21eeddf77f49f4c6613461fb0::StabilityPoolBridge,same_split_or_merge; quarantine_if_labels_conflict
exact_contract_hash,8ae17ee0c0ebdd564c9362d5905fd2fc9a9bcd283cd7c07be57993dbcdf7e45a,2,train|val,0,train:DAPP::DAppSCAN-source/contracts/Solidified-Aztec Element Bridge/aztec-connect-bridges-ac2e7194b5887ea11a607b4cf8de0547b3d7fdd0::StakingBridge ; val:DAPP::DAppSCAN-source/contracts/Solidified-Aztec Lido Bridge/aztec-connect-bridges-d5aca13d4d0a17b21eeddf77f49f4c6613461fb0::StakingBridge,same_split_or_merge; quarantine_if_labels_conflict
exact_contract_hash,f87024a6138f3c21b300a85e6c531a17a820dd7b9740e68f0e66e9b742faf41f,2,train|val,0,train:DAPP::DAppSCAN-source/contracts/Solidified-Aztec Element Bridge/aztec-connect-bridges-ac2e7194b5887ea11a607b4cf8de0547b3d7fdd0::IssuanceBridge ; val:DAPP::DAppSCAN-source/contracts/Solidified-Aztec Lido Bridge/aztec-connect-bridges-d5aca13d4d0a17b21eeddf77f49f4c6613461fb0::IssuanceBridge,same_split_or_merge; quarantine_if_labels_conflict
exact_contract_hash,baff7af9c5ad4fb9887ae81287dc3e216a119780c3d23202d7468a453bc6b805,2,train|val,0,train:DAPP::DAppSCAN-source/contracts/Solidified-Aztec Element Bridge/aztec-connect-bridges-ac2e7194b5887ea11a607b4cf8de0547b3d7fdd0::AaveLendingBridge ; val:DAPP::DAppSCAN-source/contracts/Solidified-Aztec Lido Bridge/aztec-connect-bridges-d5aca13d4d0a17b21eeddf77f49f4c6613461fb0::AaveLendingBridge,same_split_or_merge; quarantine_if_labels_conflict
exact_contract_hash,dc1e571d2b5c0c0ce8d480358f61c8d6318048f4248d2b51299b69b508dd1d2f,2,train|val,0,train:DAPP::DAppSCAN-source/contracts/Solidified-Aztec Element Bridge/aztec-connect-bridges-ac2e7194b5887ea11a607b4cf8de0547b3d7fdd0::MStableBridge ; val:DAPP::DAppSCAN-source/contracts/Solidified-Aztec Lido Bridge/aztec-connect-bridges-d5aca13d4d0a17b21eeddf77f49f4c6613461fb0::MStableBridge,same_split_or_merge; quarantine_if_labels_conflict
exact_contract_hash,656f1f37ca5a40312f077b829548850492c57e3dd74d13832741d6e1e4c26345,2,train|val,0,train:DAPP::DAppSCAN-source/contracts/Solidified-Aztec Element Bridge/aztec-connect-bridges-ac2e7194b5887ea11a607b4cf8de0547b3d7fdd0::RaiBridge ; val:DAPP::DAppSCAN-source/contracts/Solidified-Aztec Lido Bridge/aztec-connect-bridges-d5aca13d4d0a17b21eeddf77f49f4c6613461fb0::RaiBridge,same_split_or_merge; quarantine_if_labels_conflict
exact_contract_hash,c045e130da4ea37d6c1719545ad81263dc305d2120c3eff002662df8e3d7e6ff,7,train,0,train:DAPP::DAppSCAN-source/contracts/Trail_of_Bits-setprotocol/set-protocol-contracts-b4acf144c10b1d9f3ecde4ee2820931df1cb8e4a::DSAuth ; train:DAPP::DAppSCAN-source/contracts/Trail_of_Bits-setprotocol/set-protocol-contracts-b4acf144c10b1d9f3ecde4ee2820931df1cb8e4a::DSThing ; train:DAPP::DAppSCAN-source/contracts/Trail_of_Bits-setprotocol/set-protocol-contracts-b4acf144c10b1d9f3ecde4ee2820931df1cb8e4a::Median ; train:DAPP::DAppSCAN-source/contracts/consensys-DeFi_Saver/defisaver-v3-contracts-cb29669a84c2d6fffaf2231c0938eb407c060919::DSProxy ; train:DAPP::DAppSCAN-source/contracts/consensys-DeFi_Saver/defisaver-v3-contracts-cb29669a84c2d6fffaf2231c0938eb407c060919::DSAuth ; train:DAPP::DAppSCAN-source/contracts/Chainsecurity-Oasis  Multiply Smart Contracts/multiply-proxy-actions-e277ac1471a95138aaa93b39cf2c16c36c769740::DSProxy ; train:DAPP::DAppSCAN-source/contracts/Chainsecurity-Oasis  Multiply Smart Contracts/multiply-proxy-actions-e277ac1471a95138aaa93b39cf2c16c36c769740::DSAuth,same_split_or_merge; quarantine_if_labels_conflict
exact_contract_hash,801651fc8fc9ae5bc91c9addff7527b178a8429a424c3afdabbcb4f2ab474505,2,train,0,train:DAPP::DAppSCAN-source/contracts/PeckShield-Convex_Frax/frax-cvx-platform-2f8573ee796daa022c1050b4a749bf08049c439b::FraxUnifiedFarm_ERC20 ; train:DAPP::DAppSCAN-source/contracts/PeckShield-Convex_Frax/frax-cvx-platform-2f8573ee796daa022c1050b4a749bf08049c439b::FraxUnifiedFarm_ERC20_Vesper_Orbit_FRAX,same_split_or_merge; quarantine_if_labels_conflict
exact_contract_hash,7902e22ae8a64601c75cf534c546d43bed7f087e78c8e9750f9f4179403f8133,2,train,0,train:DAPP::DAppSCAN-source/contracts/consensys-Zer0_zBanc/zBanc-48da0ac1eebbe31a74742f1ae4281b156f03a4bc::BancorNetwork ; train:DAPP::DAppSCAN-source/contracts/consensys-Zer0_zBanc/zBanc-48da0ac1eebbe31a74742f1ae4281b156f03a4bc::TestBancorNetwork,same_split_or_merge; quarantine_if_labels_conflict
exact_contract_hash,15f642ee7fc46349272cf18a673a047de7cd0310863d157f346275501eed9eec,2,train,0,train:DAPP::DAppSCAN-source/contracts/consensys-Zer0_zBanc/zBanc-48da0ac1eebbe31a74742f1ae4281b156f03a4bc::TestLiquidityPoolV1Converter ; train:DAPP::DAppSCAN-source/contracts/consensys-Zer0_zBanc/zBanc-48da0ac1eebbe31a74742f1ae4281b156f03a4bc::LiquidityPoolV1Converter,same_split_or_merge; quarantine_if_labels_conflict
exact_contract_hash,d7cdf0dcd9a34780e463a0e68f81c892702a36467f7d0702e29a709b4a56eee9,4,train,0,train:DAPP::DAppSCAN-source/contracts/consensys-Zer0_zBanc/zBanc-48da0ac1eebbe31a74742f1ae4281b156f03a4bc::TestDynamicLiquidTokenConverterFactory ; train:DAPP::DAppSCAN-source/contracts/consensys-Zer0_zBanc/zBanc-48da0ac1eebbe31a74742f1ae4281b156f03a4bc::TestTokenHandler ; train:DAPP::DAppSCAN-source/contracts/consensys-Zer0_zBanc/zBanc-48da0ac1eebbe31a74742f1ae4281b156f03a4bc::TokenHandler ; train:DAPP::DAppSCAN-source/contracts/consensys-Zer0_zBanc/zBanc-48da0ac1eebbe31a74742f1ae4281b156f03a4bc::TokenHolder,same_split_or_merge; quarantine_if_labels_conflict
exact_contract_hash,cd93e0e1db5d47d1ad3332840781da1960da35136d25f0e62fcfe72af98e7f5d,2,train,0,train:DAPP::DAppSCAN-source/contracts/consensys-Zer0_zBanc/zBanc-48da0ac1eebbe31a74742f1ae4281b156f03a4bc::TestContractRegistryClient ; train:DAPP::DAppSCAN-source/contracts/consensys-Zer0_zBanc/zBanc-48da0ac1eebbe31a74742f1ae4281b156f03a4bc::ContractRegistryClient,same_split_or_merge; quarantine_if_labels_conflict
exact_contract_hash,3ebd1a7e8e1352b297bb30bfa5568edf87277fb6dd0001b5b5421cf095a3bdba,2,train,0,train:DAPP::DAppSCAN-source/contracts/consensys-Zer0_zBanc/zBanc-48da0ac1eebbe31a74742f1ae4281b156f03a4bc::TestLiquidityPoolV2Converter ; train:DAPP::DAppSCAN-source/contracts/consensys-Zer0_zBanc/zBanc-48da0ac1eebbe31a74742f1ae4281b156f03a4bc::LiquidityPoolV2Converter,same_split_or_merge; quarantine_if_labels_conflict
exact_contract_hash,ceb2a6360751b7457b01ece70d9d178a800752f2b41326ec587bf06c6af24a94,2,train,0,"train:DAPP::DAppSCAN-source/contracts/Inspex-FairLaunch, Token, Vault & Workers/Meow-Finance-4a4f13efaf5e5fbed74c0ed23b665751e655d715::Timelock ; train:DAPP::DAppSCAN-source/contracts/Inspex-SpookySwap Integration & Fantom Expansion/bsc-alpaca-contract-4553a34a6dcfcfbf7aebc693bb5c5c6074c73129::Timelock",same_split_or_merge; quarantine_if_labels_conflict
exact_contract_hash,1dbcd59def57780bf6e367235b0002b3ea69ddcad18415b2495b90732cddc61b,3,train,0,"train:DAPP::DAppSCAN-source/contracts/Inspex-FairLaunch, Token, Vault & Workers/Meow-Finance-4a4f13efaf5e5fbed74c0ed23b665751e655d715::WNativeRelayer ; train:DAPP::DAppSCAN-source/contracts/Inspex-Optimized Worker/bsc-alpaca-contract-1aee2ceec77e3fd3162b74858c846cdc5692928d::WNativeRelayer ; train:DAPP::DAppSCAN-source/contracts/Inspex-SpookySwap Integration & Fantom Expansion/bsc-alpaca-contract-4553a34a6dcfcfbf7aebc693bb5c5c6074c73129::WNativeRelayer",same_split_or_merge; quarantine_if_labels_conflict
exact_contract_hash,cf3fd17bbce6fd1ba2a05425a21d424305593e29950470011fc50b5a06de3a99,3,train,0,"train:DAPP::DAppSCAN-source/contracts/Inspex-FairLaunch, Token, Vault & Workers/Meow-Finance-4a4f13efaf5e5fbed74c0ed23b665751e655d715::MasterChef ; train:DAPP::DAppSCAN-source/contracts/Inspex-Optimized Worker/bsc-alpaca-contract-1aee2ceec77e3fd3162b74858c846cdc5692928d::MasterChef ; train:DAPP::DAppSCAN-source/contracts/Inspex-SpookySwap Integration & Fantom Expansion/bsc-alpaca-contract-4553a34a6dcfcfbf7aebc693bb5c5c6074c73129::MasterChef",same_split_or_merge; quarantine_if_labels_conflict
exact_contract_hash,6118c492ab0dc7ba563266e11b895295918c476d440a05aeca5d296ea2ef8744,2,train,0,train:DAPP::DAppSCAN-source/contracts/consensys-DeFi_Saver/defisaver-v3-contracts-cb29669a84c2d6fffaf2231c0938eb407c060919::AaveView ; train:DAPP::DAppSCAN-source/contracts/consensys-DeFi_Saver/defisaver-v3-contracts-cb29669a84c2d6fffaf2231c0938eb407c060919::AaveHelper,same_split_or_merge; quarantine_if_labels_conflict
exact_contract_hash,6ada741866f0492dbd769b59aceb9254aba87336616b0eee628c5c7dc1028f51,2,train,0,train:DAPP::DAppSCAN-source/contracts/consensys-DeFi_Saver/defisaver-v3-contracts-cb29669a84c2d6fffaf2231c0938eb407c060919::TokenUtils ; train:DAPP::DAppSCAN-source/contracts/Chainsecurity-Oasis  Multiply Smart Contracts/multiply-proxy-actions-e277ac1471a95138aaa93b39cf2c16c36c769740::TokenUtils,same_split_or_merge; quarantine_if_labels_conflict
exact_contract_hash,300a103359678bafbb605d97687247bdcf5392af015037b4afd5f4b50fd4163d,2,train,0,train:DAPP::DAppSCAN-source/contracts/QuillAudits-Yearn Finance-Yearn Vaults V3/yearn-vaults-e390c2a6b2ba6e2ecc8f3a72a1ea4adfabd17544::yToken ; train:DAPP::DAppSCAN-source/contracts/QuillAudits-Yearn Finance-Yearn Vaults V3/yearn-vaults-e390c2a6b2ba6e2ecc8f3a72a1ea4adfabd17544::AffiliateToken,same_split_or_merge; quarantine_if_labels_conflict
exact_contract_hash,37b7ddc7d04c368ec4f2c4d3868b0a23eb1b99dffe9a09f81d43168eb9046db1,2,train,0,train:DAPP::DAppSCAN-source/contracts/QuillAudits-Yearn Finance-Yearn Vaults V3/yearn-vaults-e390c2a6b2ba6e2ecc8f3a72a1ea4adfabd17544::BaseStrategy ; train:DAPP::DAppSCAN-source/contracts/QuillAudits-Yearn Finance-Yearn Vaults V3/yearn-vaults-e390c2a6b2ba6e2ecc8f3a72a1ea4adfabd17544::BaseStrategyInitializable,same_split_or_merge; quarantine_if_labels_conflict
exact_contract_hash,40dccfcfccc2c402aa47532a9626a49b396cf5da4cf4e162f47ab8d3f71a1ec3,6,train|val,0,train:DAPP::DAppSCAN-source/contracts/Coinspect-Incognito Audit/bridge-eth-4879219669a38d601265582f815596b6775855b6::UpgradeabilityProxy ; train:DAPP::DAppSCAN-source/contracts/Coinspect-Incognito Audit/bridge-eth-4879219669a38d601265582f815596b6775855b6::AdminUpgradeabilityProxy ; train:DAPP::DAppSCAN-source/contracts/Coinspect-Incognito Audit/bridge-eth-4879219669a38d601265582f815596b6775855b6::FiatTokenProxy ; val:DAPP::DAppSCAN-source/contracts/PeckShield-KaoyaSwap/contracts-8273073f1d6914f372790399378f177573c52e37::UpgradeabilityProxy ; val:DAPP::DAppSCAN-source/contracts/PeckShield-KaoyaSwap/contracts-8273073f1d6914f372790399378f177573c52e37::AdminUpgradeabilityProxy ; val:DAPP::DAppSCAN-source/contracts/PeckShield-KaoyaSwap/contracts-8273073f1d6914f372790399378f177573c52e37::KaoyaProxy,same_split_or_merge; quarantine_if_labels_conflict
exact_contract_hash,54a1d967e93a9a5468710464f89072b30b8a71f31dc4a34d46786141ca42d120,3,train,0,train:DAPP::DAppSCAN-source/contracts/Coinspect-Incognito Audit/bridge-eth-4879219669a38d601265582f815596b6775855b6::DSAuth ; train:DAPP::DAppSCAN-source/contracts/Coinspect-Incognito Audit/bridge-eth-4879219669a38d601265582f815596b6775855b6::DSStop ; train:DAPP::DAppSCAN-source/contracts/Coinspect-Incognito Audit/bridge-eth-4879219669a38d601265582f815596b6775855b6::DSToken,same_split_or_merge; quarantine_if_labels_conflict
exact_contract_hash,f01a6c5cd049869f3b46764740f397e93b46310500dd35781b13d3591384820b,2,train,0,train:DAPP::DAppSCAN-source/contracts/Inspex-Optimized Worker/bsc-alpaca-contract-1aee2ceec77e3fd3162b74858c846cdc5692928d::WaultSwapPair ; train:DAPP::DAppSCAN-source/contracts/Inspex-SpookySwap Integration & Fantom Expansion/bsc-alpaca-contract-4553a34a6dcfcfbf7aebc693bb5c5c6074c73129::WaultSwapPair,same_split_or_merge; quarantine_if_labels_conflict
exact_contract_hash,e14d10b682fb591ee5b0428188a20bf490ac074a944dace3ec3ca7c8c5e64e87,2,train,0,train:DAPP::DAppSCAN-source/contracts/Inspex-Optimized Worker/bsc-alpaca-contract-1aee2ceec77e3fd3162b74858c846cdc5692928d::WaultSwapFactory ; train:DAPP::DAppSCAN-source/contracts/Inspex-SpookySwap Integration & Fantom Expansion/bsc-alpaca-contract-4553a34a6dcfcfbf7aebc693bb5c5c6074c73129::WaultSwapFactory,same_split_or_merge; quarantine_if_labels_conflict
exact_contract_hash,eb1e2d284f6a3665aeb142727a5146c99befeb6bdfab201948aed80d796a357c,2,train,0,train:DAPP::DAppSCAN-source/contracts/Inspex-Optimized Worker/bsc-alpaca-contract-1aee2ceec77e3fd3162b74858c846cdc5692928d::WexMaster ; train:DAPP::DAppSCAN-source/contracts/Inspex-SpookySwap Integration & Fantom Expansion/bsc-alpaca-contract-4553a34a6dcfcfbf7aebc693bb5c5c6074c73129::WexMaster,same_split_or_merge; quarantine_if_labels_conflict
exact_contract_hash,3e4b97413726ce5df40cf4492472c83095037d1b9425c3269b0fdfbe12137fdf,2,train,0,train:DAPP::DAppSCAN-source/contracts/Inspex-Optimized Worker/bsc-alpaca-contract-1aee2ceec77e3fd3162b74858c846cdc5692928d::StronkAlpacaRelayer ; train:DAPP::DAppSCAN-source/contracts/Inspex-SpookySwap Integration & Fantom Expansion/bsc-alpaca-contract-4553a34a6dcfcfbf7aebc693bb5c5c6074c73129::StronkAlpacaRelayer,same_split_or_merge; quarantine_if_labels_conflict
exact_contract_hash,3d6b2b2ca7ab5f979756ab59a288e7eef732b82aa076786a87b080eb00a22e50,2,train,0,train:DAPP::DAppSCAN-source/contracts/Inspex-Optimized Worker/bsc-alpaca-contract-1aee2ceec77e3fd3162b74858c846cdc5692928d::FairLaunchV2 ; train:DAPP::DAppSCAN-source/contracts/Inspex-SpookySwap Integration & Fantom Expansion/bsc-alpaca-contract-4553a34a6dcfcfbf7aebc693bb5c5c6074c73129::FairLaunchV2,same_split_or_merge; quarantine_if_labels_conflict
exact_contract_hash,34903229ed7f9870f719ee3b8d109e9c6177d32f513c5c5098e7f3bf0f5e729c,2,train,0,train:DAPP::DAppSCAN-source/contracts/Inspex-Optimized Worker/bsc-alpaca-contract-1aee2ceec77e3fd3162b74858c846cdc5692928d::StronkAlpaca ; train:DAPP::DAppSCAN-source/contracts/Inspex-SpookySwap Integration & Fantom Expansion/bsc-alpaca-contract-4553a34a6dcfcfbf7aebc693bb5c5c6074c73129::StronkAlpaca,same_split_or_merge; quarantine_if_labels_conflict
exact_contract_hash,2583bb4134431dd5b1f6ce26ed061c5fc6fd6978ba621fa78d1d15b8fcb752eb,2,train,0,train:DAPP::DAppSCAN-source/contracts/Inspex-Optimized Worker/bsc-alpaca-contract-1aee2ceec77e3fd3162b74858c846cdc5692928d::MerkleDistributor ; train:DAPP::DAppSCAN-source/contracts/Inspex-SpookySwap Integration & Fantom Expansion/bsc-alpaca-contract-4553a34a6dcfcfbf7aebc693bb5c5c6074c73129::MerkleDistributor,same_split_or_merge; quarantine_if_labels_conflict
exact_contract_hash,ebd4378897dfca81ce7720128cb02368678a945386d411279f3f6f81d10deab9,2,train,0,train:DAPP::DAppSCAN-source/contracts/Inspex-Optimized Worker/bsc-alpaca-contract-1aee2ceec77e3fd3162b74858c846cdc5692928d::Shield ; train:DAPP::DAppSCAN-source/contracts/Inspex-SpookySwap Integration & Fantom Expansion/bsc-alpaca-contract-4553a34a6dcfcfbf7aebc693bb5c5c6074c73129::Shield,same_split_or_merge; quarantine_if_labels_conflict
exact_contract_hash,971ad247dde5fae28327aad7b2deb80c1808c6b47a1b04e6016021529d7069a8,2,train,0,train:DAPP::DAppSCAN-source/contracts/Inspex-Optimized Worker/bsc-alpaca-contract-1aee2ceec77e3fd3162b74858c846cdc5692928d::FairLaunch ; train:DAPP::DAppSCAN-source/contracts/Inspex-SpookySwap Integration & Fantom Expansion/bsc-alpaca-contract-4553a34a6dcfcfbf7aebc693bb5c5c6074c73129::FairLaunch,same_split_or_merge; quarantine_if_labels_conflict
exact_contract_hash,23aa03a2fe1efd43e2f449a5c016c7b186465e41a7a4d43790dd784c5f67e4c4,2,train,0,train:DAPP::DAppSCAN-source/contracts/Inspex-Optimized Worker/bsc-alpaca-contract-1aee2ceec77e3fd3162b74858c846cdc5692928d::LinearRelease ; train:DAPP::DAppSCAN-source/contracts/Inspex-SpookySwap Integration & Fantom Expansion/bsc-alpaca-contract-4553a34a6dcfcfbf7aebc693bb5c5c6074c73129::LinearRelease,same_split_or_merge; quarantine_if_labels_conflict
exact_contract_hash,3776f18d9f905bb9e4f11981c6ea6b9fe0ecc823f3286afe6a4fb1021cd58b2a,2,train,0,train:DAPP::DAppSCAN-source/contracts/Inspex-Optimized Worker/bsc-alpaca-contract-1aee2ceec77e3fd3162b74858c846cdc5692928d::ChainLinkPriceOracle ; train:DAPP::DAppSCAN-source/contracts/Inspex-SpookySwap Integration & Fantom Expansion/bsc-alpaca-contract-4553a34a6dcfcfbf7aebc693bb5c5c6074c73129::ChainLinkPriceOracle,same_split_or_merge; quarantine_if_labels_conflict
exact_contract_hash,169d117279af886520d3b06744a31475d8f4ef7952241683718d5bd4ea9c42b4,2,train,0,train:DAPP::DAppSCAN-source/contracts/Inspex-Optimized Worker/bsc-alpaca-contract-1aee2ceec77e3fd3162b74858c846cdc5692928d::CakeMaxiWorker ; train:DAPP::DAppSCAN-source/contracts/Inspex-SpookySwap Integration & Fantom Expansion/bsc-alpaca-contract-4553a34a6dcfcfbf7aebc693bb5c5c6074c73129::CakeMaxiWorker,same_split_or_merge; quarantine_if_labels_conflict
exact_contract_hash,fdae77ad89ab19d08111d88729252b12cb34a6df0ab80c794ccb3eda1c46ca24,2,train,0,train:DAPP::DAppSCAN-source/contracts/Inspex-Optimized Worker/bsc-alpaca-contract-1aee2ceec77e3fd3162b74858c846cdc5692928d::WaultSwapWorker ; train:DAPP::DAppSCAN-source/contracts/Inspex-SpookySwap Integration & Fantom Expansion/bsc-alpaca-contract-4553a34a6dcfcfbf7aebc693bb5c5c6074c73129::WaultSwapWorker,same_split_or_merge; quarantine_if_labels_conflict
exact_contract_hash,ce43d38381b42258da54fbad8031efc9376565318e698001cc37478a1944caae,2,train,0,train:DAPP::DAppSCAN-source/contracts/Inspex-Optimized Worker/bsc-alpaca-contract-1aee2ceec77e3fd3162b74858c846cdc5692928d::PancakeswapV2Worker ; train:DAPP::DAppSCAN-source/contracts/Inspex-SpookySwap Integration & Fantom Expansion/bsc-alpaca-contract-4553a34a6dcfcfbf7aebc693bb5c5c6074c73129::PancakeswapV2Worker,same_split_or_merge; quarantine_if_labels_conflict
exact_contract_hash,1e347dc7e87c7cf1f15f7fc353c175586430e1fb3bfe1ed06c638eb37395e61f,2,train,0,train:DAPP::DAppSCAN-source/contracts/Inspex-Optimized Worker/bsc-alpaca-contract-1aee2ceec77e3fd3162b74858c846cdc5692928d::PancakeswapWorker ; train:DAPP::DAppSCAN-source/contracts/Inspex-SpookySwap Integration & Fantom Expansion/bsc-alpaca-contract-4553a34a6dcfcfbf7aebc693bb5c5c6074c73129::PancakeswapWorker,same_split_or_merge; quarantine_if_labels_conflict
exact_contract_hash,af7472a54d3d3789affebe88f7e798643a9ac1883437156df61d7a71c44589d4,2,train,0,train:DAPP::DAppSCAN-source/contracts/Inspex-Optimized Worker/bsc-alpaca-contract-1aee2ceec77e3fd3162b74858c846cdc5692928d::PancakeswapV2WorkerMigrate ; train:DAPP::DAppSCAN-source/contracts/Inspex-SpookySwap Integration & Fantom Expansion/bsc-alpaca-contract-4553a34a6dcfcfbf7aebc693bb5c5c6074c73129::PancakeswapV2WorkerMigrate,same_split_or_merge; quarantine_if_labels_conflict
exact_contract_hash,95f5bf0cf9b73ef2eee4a88819904d40fa75b274d6512fcd1d030825a32591fb,2,train,0,train:DAPP::DAppSCAN-source/contracts/Inspex-Optimized Worker/bsc-alpaca-contract-1aee2ceec77e3fd3162b74858c846cdc5692928d::WaultSwapRouter ; train:DAPP::DAppSCAN-source/contracts/Inspex-SpookySwap Integration & Fantom Expansion/bsc-alpaca-contract-4553a34a6dcfcfbf7aebc693bb5c5c6074c73129::WaultSwapRouter,same_split_or_merge; quarantine_if_labels_conflict
exact_contract_hash,88e61bba11ba4f10ba5a52b6007e6035810a3d4274fc231994d9cab756882d5e,2,train,0,train:DAPP::DAppSCAN-source/contracts/Inspex-Optimized Worker/bsc-alpaca-contract-1aee2ceec77e3fd3162b74858c846cdc5692928d::PancakeRouter ; train:DAPP::DAppSCAN-source/contracts/Inspex-SpookySwap Integration & Fantom Expansion/bsc-alpaca-contract-4553a34a6dcfcfbf7aebc693bb5c5c6074c73129::PancakeRouter,same_split_or_merge; quarantine_if_labels_conflict
exact_contract_hash,a7bffbf366f83a2947df56c05d30a760800fd4aa826afb21b57cad366dc20d3f,2,train,0,train:DAPP::DAppSCAN-source/contracts/Inspex-Optimized Worker/bsc-alpaca-contract-1aee2ceec77e3fd3162b74858c846cdc5692928d::PancakeMasterChef ; train:DAPP::DAppSCAN-source/contracts/Inspex-SpookySwap Integration & Fantom Expansion/bsc-alpaca-contract-4553a34a6dcfcfbf7aebc693bb5c5c6074c73129::PancakeMasterChef,same_split_or_merge; quarantine_if_labels_conflict
exact_contract_hash,2c00067175e4f5b37c9b32f89039019863b83857d83d3f75d5c18bb193fa147f,2,train,0,train:DAPP::DAppSCAN-source/contracts/Inspex-Optimized Worker/bsc-alpaca-contract-1aee2ceec77e3fd3162b74858c846cdc5692928d::WETH ; train:DAPP::DAppSCAN-source/contracts/Inspex-SpookySwap Integration & Fantom Expansion/bsc-alpaca-contract-4553a34a6dcfcfbf7aebc693bb5c5c6074c73129::WETH,same_split_or_merge; quarantine_if_labels_conflict
exact_contract_hash,0f46471b94cb0d3a88e268c267895ae3a1c7b5acae7d42a65163c6b3f1daaafd,2,train,0,train:DAPP::DAppSCAN-source/contracts/Inspex-Optimized Worker/bsc-alpaca-contract-1aee2ceec77e3fd3162b74858c846cdc5692928d::PancakeswapV2RestrictedStrategyAddTwoSidesOptimal ; train:DAPP::DAppSCAN-source/contracts/Inspex-SpookySwap Integration & Fantom Expansion/bsc-alpaca-contract-4553a34a6dcfcfbf7aebc693bb5c5c6074c73129::PancakeswapV2RestrictedStrategyAddTwoSidesOptimal,same_split_or_merge; quarantine_if_labels_conflict
exact_contract_hash,8b192ea107748dd4bf8e432556475e9dc0b4a12d0713defb9ed83e6dd2fafc54,2,train,0,train:DAPP::DAppSCAN-source/contracts/Inspex-Optimized Worker/bsc-alpaca-contract-1aee2ceec77e3fd3162b74858c846cdc5692928d::PancakeswapV2StrategyAddTwoSidesOptimalMigrate ; train:DAPP::DAppSCAN-source/contracts/Inspex-SpookySwap Integration & Fantom Expansion/bsc-alpaca-contract-4553a34a6dcfcfbf7aebc693bb5c5c6074c73129::PancakeswapV2StrategyAddTwoSidesOptimalMigrate,same_split_or_merge; quarantine_if_labels_conflict
exact_contract_hash,978f6a562b7d0fa0d44796864f7ab1b2e46503acd0e0d4a030c1938cdb438561,2,train,0,train:DAPP::DAppSCAN-source/contracts/Inspex-Optimized Worker/bsc-alpaca-contract-1aee2ceec77e3fd3162b74858c846cdc5692928d::PancakeswapV2StrategyAddBaseTokenOnly ; train:DAPP::DAppSCAN-source/contracts/Inspex-SpookySwap Integration & Fantom Expansion/bsc-alpaca-contract-4553a34a6dcfcfbf7aebc693bb5c5c6074c73129::PancakeswapV2StrategyAddBaseTokenOnly,same_split_or_merge; quarantine_if_labels_conflict
exact_contract_hash,9da1eccb27961613f8b9bbf677702c431a95ed6b243a6b0142388d02d43557ad,2,train,0,train:DAPP::DAppSCAN-source/contracts/Inspex-Optimized Worker/bsc-alpaca-contract-1aee2ceec77e3fd3162b74858c846cdc5692928d::PancakeswapV2StrategyLiquidate ; train:DAPP::DAppSCAN-source/contracts/Inspex-SpookySwap Integration & Fantom Expansion/bsc-alpaca-contract-4553a34a6dcfcfbf7aebc693bb5c5c6074c73129::PancakeswapV2StrategyLiquidate,same_split_or_merge; quarantine_if_labels_conflict
exact_contract_hash,afb896ef7b028836f29a365faae0dfe4f12fb2dba302df30d71a6bb69f56f36e,2,train,0,train:DAPP::DAppSCAN-source/contracts/Inspex-Optimized Worker/bsc-alpaca-contract-1aee2ceec77e3fd3162b74858c846cdc5692928d::PancakeswapV2StrategyAddTwoSidesOptimal ; train:DAPP::DAppSCAN-source/contracts/Inspex-SpookySwap Integration & Fantom Expansion/bsc-alpaca-contract-4553a34a6dcfcfbf7aebc693bb5c5c6074c73129::PancakeswapV2StrategyAddTwoSidesOptimal,same_split_or_merge; quarantine_if_labels_conflict
exact_contract_hash,56d8fcde03834cdfd76cbfb96ce4dda0ae943118f0edd60429803e7b15ead5b6,2,train,0,train:DAPP::DAppSCAN-source/contracts/Inspex-Optimized Worker/bsc-alpaca-contract-1aee2ceec77e3fd3162b74858c846cdc5692928d::PancakeswapV2StrategyWithdrawMinimizeTrading ; train:DAPP::DAppSCAN-source/contracts/Inspex-SpookySwap Integration & Fantom Expansion/bsc-alpaca-contract-4553a34a6dcfcfbf7aebc693bb5c5c6074c73129::PancakeswapV2StrategyWithdrawMinimizeTrading,same_split_or_merge; quarantine_if_labels_conflict
exact_contract_hash,cc9371c8ca48f236e877c741dbc91d14c195967313f3594731b50cebd5771235,2,train,0,train:DAPP::DAppSCAN-source/contracts/Inspex-Optimized Worker/bsc-alpaca-contract-1aee2ceec77e3fd3162b74858c846cdc5692928d::PancakeswapV2RestrictedSingleAssetStrategyAddBaseWithFarm ; train:DAPP::DAppSCAN-source/contracts/Inspex-SpookySwap Integration & Fantom Expansion/bsc-alpaca-contract-4553a34a6dcfcfbf7aebc693bb5c5c6074c73129::PancakeswapV2RestrictedSingleAssetStrategyAddBaseWithFarm,same_split_or_merge; quarantine_if_labels_conflict
exact_contract_hash,69d60f3e848a31f6c7a9d981d1b3e2a43bd18832b62f04c936c8413b3f0f9529,2,train,0,train:DAPP::DAppSCAN-source/contracts/Inspex-Optimized Worker/bsc-alpaca-contract-1aee2ceec77e3fd3162b74858c846cdc5692928d::WaultSwapRestrictedStrategyAddTwoSidesOptimal ; train:DAPP::DAppSCAN-source/contracts/Inspex-SpookySwap Integration & Fantom Expansion/bsc-alpaca-contract-4553a34a6dcfcfbf7aebc693bb5c5c6074c73129::WaultSwapRestrictedStrategyAddTwoSidesOptimal,same_split_or_merge; quarantine_if_labels_conflict
exact_contract_hash,01e716b7c5927df52646ad7f46f7d741759d5bc673afc602e171384f200f61a5,2,train,0,train:DAPP::DAppSCAN-source/contracts/Inspex-Optimized Worker/bsc-alpaca-contract-1aee2ceec77e3fd3162b74858c846cdc5692928d::WaultSwapRestrictedStrategyWithdrawMinimizeTrading ; train:DAPP::DAppSCAN-source/contracts/Inspex-SpookySwap Integration & Fantom Expansion/bsc-alpaca-contract-4553a34a6dcfcfbf7aebc693bb5c5c6074c73129::WaultSwapRestrictedStrategyWithdrawMinimizeTrading,same_split_or_merge; quarantine_if_labels_conflict
exact_contract_hash,10ee867af704d413d3464a3e097a916db3e16b7a2060490e8a86b5492eee1391,2,train,0,train:DAPP::DAppSCAN-source/contracts/Inspex-Optimized Worker/bsc-alpaca-contract-1aee2ceec77e3fd3162b74858c846cdc5692928d::WaultSwapRestrictedStrategyAddBaseTokenOnly ; train:DAPP::DAppSCAN-source/contracts/Inspex-SpookySwap Integration & Fantom Expansion/bsc-alpaca-contract-4553a34a6dcfcfbf7aebc693bb5c5c6074c73129::WaultSwapRestrictedStrategyAddBaseTokenOnly,same_split_or_merge; quarantine_if_labels_conflict
exact_contract_hash,55ecf57425181b7243b62ec3575d431d8b9b9f8dfb67e02495bf2abc4eed90e7,2,train,0,train:DAPP::DAppSCAN-source/contracts/Inspex-Optimized Worker/bsc-alpaca-contract-1aee2ceec77e3fd3162b74858c846cdc5692928d::StrategyPartialCloseLiquidate ; train:DAPP::DAppSCAN-source/contracts/Inspex-SpookySwap Integration & Fantom Expansion/bsc-alpaca-contract-4553a34a6dcfcfbf7aebc693bb5c5c6074c73129::StrategyPartialCloseLiquidate,same_split_or_merge; quarantine_if_labels_conflict
exact_contract_hash,ba899c2aa7a16eb6a4b7930dd080f5daae452b0310cd680eb53cb66144faff23,2,train,0,train:DAPP::DAppSCAN-source/contracts/Inspex-Optimized Worker/bsc-alpaca-contract-1aee2ceec77e3fd3162b74858c846cdc5692928d::StrategyWithdrawMinimizeTrading ; train:DAPP::DAppSCAN-source/contracts/Inspex-SpookySwap Integration & Fantom Expansion/bsc-alpaca-contract-4553a34a6dcfcfbf7aebc693bb5c5c6074c73129::StrategyWithdrawMinimizeTrading,same_split_or_merge; quarantine_if_labels_conflict
exact_contract_hash,81704e472d11f40e1d47af9b1d68eb660df15cf1886bca0afa8739786b6202c3,2,train,0,train:DAPP::DAppSCAN-source/contracts/Inspex-Optimized Worker/bsc-alpaca-contract-1aee2ceec77e3fd3162b74858c846cdc5692928d::StrategyAddTwoSidesOptimal ; train:DAPP::DAppSCAN-source/contracts/Inspex-SpookySwap Integration & Fantom Expansion/bsc-alpaca-contract-4553a34a6dcfcfbf7aebc693bb5c5c6074c73129::StrategyAddTwoSidesOptimal,same_split_or_merge; quarantine_if_labels_conflict
exact_contract_hash,525f793c5ac1ce11b177499dd6cd496f87c58228cde689cf594cbf4bcec40614,2,train,0,train:DAPP::DAppSCAN-source/contracts/Inspex-Optimized Worker/bsc-alpaca-contract-1aee2ceec77e3fd3162b74858c846cdc5692928d::StrategyAddBaseTokenOnly ; train:DAPP::DAppSCAN-source/contracts/Inspex-SpookySwap Integration & Fantom Expansion/bsc-alpaca-contract-4553a34a6dcfcfbf7aebc693bb5c5c6074c73129::StrategyAddBaseTokenOnly,same_split_or_merge; quarantine_if_labels_conflict
exact_contract_hash,71b8848a976a473741c7fc65e26de4999ca6e24cae21a1dbf335c098669cdf61,2,train,0,train:DAPP::DAppSCAN-source/contracts/Inspex-Optimized Worker/bsc-alpaca-contract-1aee2ceec77e3fd3162b74858c846cdc5692928d::StrategyLiquidate ; train:DAPP::DAppSCAN-source/contracts/Inspex-SpookySwap Integration & Fantom Expansion/bsc-alpaca-contract-4553a34a6dcfcfbf7aebc693bb5c5c6074c73129::StrategyLiquidate,same_split_or_merge; quarantine_if_labels_conflict
exact_contract_hash,427725a10a578bed8d032e1d3ff373affa060e6bb7c66265db2ff59defc7d5a8,3,train,0,train:DAPP::DAppSCAN-source/contracts/QuillAudits-Bond Appetit-Bond Appetit/bondappetit-protocol-355180f0aca0b29d60d808f761052956b7a3a159::Treasury ; train:DAPP::DAppSCAN-source/contracts/QuillAudits-Bond Appetit-Bond Appetit/bondappetit-protocol-355180f0aca0b29d60d808f761052956b7a3a159::StableToken ; train:DAPP::DAppSCAN-source/contracts/QuillAudits-Bond Appetit-Bond Appetit/bondappetit-protocol-355180f0aca0b29d60d808f761052956b7a3a159::AccessControl,same_split_or_merge; quarantine_if_labels_conflict
exact_contract_hash,d60d6d72a0273da2306ef75e8f1f43fee64c14ea2ff5c34152ed4524335aead8,4,train,0,train:DAPP::DAppSCAN-source/contracts/Chainsecurity-Compound  cToken unredacted/compound-protocol-4a54ec5c55b66ea67d44b76f3056f0ed7229db8c::CErc20Immutable ; train:DAPP::DAppSCAN-source/contracts/Chainsecurity-Compound  cToken unredacted/compound-protocol-4a54ec5c55b66ea67d44b76f3056f0ed7229db8c::CErc20Delegate ; train:DAPP::DAppSCAN-source/contracts/Chainsecurity-Compound  cToken unredacted/compound-protocol-4a54ec5c55b66ea67d44b76f3056f0ed7229db8c::CErc20 ; train:DAPP::DAppSCAN-source/contracts/Chainsecurity-Compound  cToken unredacted/compound-protocol-4a54ec5c55b66ea67d44b76f3056f0ed7229db8c::CErc20DelegateCertora,same_split_or_merge; quarantine_if_labels_conflict
exact_contract_hash,aeb57d04bfd7e89dcb99a7c7e7371cab4be3df8b2f86bd40256f5a0a18b10846,2,train,0,train:DAPP::DAppSCAN-source/contracts/Chainsecurity-Compound  cToken unredacted/compound-protocol-4a54ec5c55b66ea67d44b76f3056f0ed7229db8c::CEther ; train:DAPP::DAppSCAN-source/contracts/Chainsecurity-Compound  cToken unredacted/compound-protocol-4a54ec5c55b66ea67d44b76f3056f0ed7229db8c::CEtherCertora,same_split_or_merge; quarantine_if_labels_conflict
exact_contract_hash,9ea2666da619e06450cb73fa0ec6df414defcb0121f7d1027bf240654783a5a6,2,train,0,train:DAPP::DAppSCAN-source/contracts/Chainsecurity-Compound  cToken unredacted/compound-protocol-4a54ec5c55b66ea67d44b76f3056f0ed7229db8c::ComptrollerKovan ; train:DAPP::DAppSCAN-source/contracts/Chainsecurity-Compound  cToken unredacted/compound-protocol-4a54ec5c55b66ea67d44b76f3056f0ed7229db8c::ComptrollerRopsten,same_split_or_merge; quarantine_if_labels_conflict
exact_contract_hash,48f26a2a75820715aef3fc221414ba9a50cbaade863336b021c0174c8009787c,3,train,0,train:DAPP::DAppSCAN-source/contracts/Chainsecurity-Compound  cToken unredacted/compound-protocol-4a54ec5c55b66ea67d44b76f3056f0ed7229db8c::CanReclaimToken ; train:DAPP::DAppSCAN-source/contracts/Chainsecurity-Compound  cToken unredacted/compound-protocol-4a54ec5c55b66ea67d44b76f3056f0ed7229db8c::OwnableContract ; train:DAPP::DAppSCAN-source/contracts/Chainsecurity-Compound  cToken unredacted/compound-protocol-4a54ec5c55b66ea67d44b76f3056f0ed7229db8c::WBTCToken,same_split_or_merge; quarantine_if_labels_conflict
exact_contract_hash,5c229570b17426ea2bb435a4c4d21c0f5c1787ef1ecd8129781d03f35c43b20f,4,train,0,train:DAPP::DAppSCAN-source/contracts/Chainsecurity-Compound  cToken unredacted/compound-protocol-4a54ec5c55b66ea67d44b76f3056f0ed7229db8c::CErc20Scenario ; train:DAPP::DAppSCAN-source/contracts/Chainsecurity-Compound  cToken unredacted/compound-protocol-4a54ec5c55b66ea67d44b76f3056f0ed7229db8c::CEvil ; train:DAPP::DAppSCAN-source/contracts/Chainsecurity-Compound  cToken unredacted/compound-protocol-4a54ec5c55b66ea67d44b76f3056f0ed7229db8c::CErc20DelegateScenario ; train:DAPP::DAppSCAN-source/contracts/Chainsecurity-Compound  cToken unredacted/compound-protocol-4a54ec5c55b66ea67d44b76f3056f0ed7229db8c::CErc20DelegateScenarioExtra,same_split_or_merge; quarantine_if_labels_conflict
exact_contract_hash,c43f8b2f16fe794d5aeb430ba8d1977bba35e1ce1fc4a9fdabd2d9be2e89a74d,2,train,0,train:DAPP::DAppSCAN-source/contracts/Chainsecurity-Angle Protocol/angle-core-46e6d32837cbe97a4af0adb693e63afa0d01fc3e::OracleMulti ; train:DAPP::DAppSCAN-source/contracts/Chainsecurity-Angle Protocol/angle-core-46e6d32837cbe97a4af0adb693e63afa0d01fc3e::ModuleUniswapMulti,same_split_or_merge; quarantine_if_labels_conflict
exact_contract_hash,0f789d2b93c53fa80bd2ee3f7c1fb1df11c3932dd90f5a6f72e4617b805e81ec,2,train,0,train:DAPP::DAppSCAN-source/contracts/Chainsecurity-Angle Protocol/angle-core-46e6d32837cbe97a4af0adb693e63afa0d01fc3e::AgToken ; train:DAPP::DAppSCAN-source/contracts/Chainsecurity-Angle Protocol  Borrowing Module/angle-borrow-0363b6a137a44e22ee06b3187ba74f7798c1af08::AgTokenIntermediateUpgrade,same_split_or_merge; quarantine_if_labels_conflict
exact_contract_hash,08368703a1aa8f6fa4ee7aa86b59484001a33170775c85ee0b3be4611ecff006,2,train,0,train:DAPP::DAppSCAN-source/contracts/Runtime_Vеrification-ElementFinance/elf-contracts-637c6f959315cbb11a164555e588520c7d89122b::UserProxy ; train:DAPP::DAppSCAN-source/contracts/Runtime_Vеrification-ElementFinance/elf-contracts-637c6f959315cbb11a164555e588520c7d89122b::TestUserProxy,same_split_or_merge; quarantine_if_labels_conflict
exact_contract_hash,5fc8b84ae2ac1720cc94929ad2ba5abdf4e2e7634c726ff1947be7802b410104,3,train,0,train:DAPP::DAppSCAN-source/contracts/Runtime_Vеrification-ElementFinance/elf-contracts-637c6f959315cbb11a164555e588520c7d89122b::BaseMinimalSwapInfoPool ; train:DAPP::DAppSCAN-source/contracts/Runtime_Vеrification-ElementFinance/elf-contracts-637c6f959315cbb11a164555e588520c7d89122b::BasePool ; train:DAPP::DAppSCAN-source/contracts/Runtime_Vеrification-ElementFinance/elf-contracts-637c6f959315cbb11a164555e588520c7d89122b::BaseGeneralPool,same_split_or_merge; quarantine_if_labels_conflict
exact_contract_hash,c2e001530f2993bb9514d72bb9b7398dc652f45be9eaa82fcd52fae232b43a6d,2,train,0,train:DAPP::DAppSCAN-source/contracts/Runtime_Vеrification-ElementFinance/elf-contracts-637c6f959315cbb11a164555e588520c7d89122b::Swaps ; train:DAPP::DAppSCAN-source/contracts/Runtime_Vеrification-ElementFinance/elf-contracts-637c6f959315cbb11a164555e588520c7d89122b::Vault,same_split_or_merge; quarantine_if_labels_conflict
exact_contract_hash,998cecf7ddde77494130c9b76964097909fdf2c416f0ce03c88d0305e3d27f42,3,train,0,train:DAPP::DAppSCAN-source/contracts/Runtime_Vеrification-ElementFinance/elf-contracts-637c6f959315cbb11a164555e588520c7d89122b::InternalBalance ; train:DAPP::DAppSCAN-source/contracts/Runtime_Vеrification-ElementFinance/elf-contracts-637c6f959315cbb11a164555e588520c7d89122b::Fees ; train:DAPP::DAppSCAN-source/contracts/Runtime_Vеrification-ElementFinance/elf-contracts-637c6f959315cbb11a164555e588520c7d89122b::FlashLoanProvider,same_split_or_merge; quarantine_if_labels_conflict
exact_contract_hash,3cfe0632a16da2870f12e10ea62c9b1671c3edfe18f713b02d422a9870a65491,5,train,0,train:DAPP::DAppSCAN-source/contracts/Chainsecurity-Angle Protocol  Borrowing Module/angle-borrow-0363b6a137a44e22ee06b3187ba74f7798c1af08::OracleChainlinkMultiTemplate ; train:DAPP::DAppSCAN-source/contracts/Chainsecurity-Angle Protocol  Borrowing Module/angle-borrow-0363b6a137a44e22ee06b3187ba74f7798c1af08::BaseOracleChainlinkMulti ; train:DAPP::DAppSCAN-source/contracts/Chainsecurity-Angle Protocol  Borrowing Module/angle-borrow-0363b6a137a44e22ee06b3187ba74f7798c1af08::OracleChainlinkMulti ; train:DAPP::DAppSCAN-source/contracts/Chainsecurity-Angle Protocol  Borrowing Module/angle-borrow-0363b6a137a44e22ee06b3187ba74f7798c1af08::OracleBTCEURChainlink ; train:DAPP::DAppSCAN-source/contracts/Chainsecurity-Angle Protocol  Borrowing Module/angle-borrow-0363b6a137a44e22ee06b3187ba74f7798c1af08::OracleETHEURChainlink,same_split_or_merge; quarantine_if_labels_conflict
exact_contract_hash,fb919667b922cfb095078a8cb1653b8ac7a6ce9d45f1819455623a335f992523,2,train,0,train:DAPP::DAppSCAN-source/contracts/Chainsecurity-Angle Protocol  Borrowing Module/angle-borrow-0363b6a137a44e22ee06b3187ba74f7798c1af08::BaseReactor ; train:DAPP::DAppSCAN-source/contracts/Chainsecurity-Angle Protocol  Borrowing Module/angle-borrow-0363b6a137a44e22ee06b3187ba74f7798c1af08::Reactor,same_split_or_merge; quarantine_if_labels_conflict
exact_contract_hash,3ee0c76e755ad49f96071927ca2414ec8c3f6310a266d0e669ca8f2abf2e1f58,2,train,0,train:DAPP::DAppSCAN-source/contracts/Chainsecurity-Angle Protocol  Borrowing Module/angle-borrow-0363b6a137a44e22ee06b3187ba74f7798c1af08::AgTokenSideChain ; train:DAPP::DAppSCAN-source/contracts/Chainsecurity-Angle Protocol  Borrowing Module/angle-borrow-0363b6a137a44e22ee06b3187ba74f7798c1af08::BaseAgTokenSideChain,same_split_or_merge; quarantine_if_labels_conflict
exact_contract_hash,47de305c2430e3bc01262c89618bc72dd1a304e97bfb4ef20edefa89e794099d,13,train,0,train:DAPP::DAppSCAN-source/contracts/Trail_of_Bits-FraxFinance/frax-solidity-3f0993a70e3496fd27887db7754d68709c84015e::UniswapPairOracle ; train:DAPP::DAppSCAN-source/contracts/Trail_of_Bits-FraxFinance/frax-solidity-3f0993a70e3496fd27887db7754d68709c84015e::UniswapPairOracle_FRAX_WETH ; train:DAPP::DAppSCAN-source/contracts/Trail_of_Bits-FraxFinance/frax-solidity-3f0993a70e3496fd27887db7754d68709c84015e::UniswapPairOracle_FRAX_USDT ; train:DAPP::DAppSCAN-source/contracts/Trail_of_Bits-FraxFinance/frax-solidity-3f0993a70e3496fd27887db7754d68709c84015e::UniswapPairOracle_FRAX_USDC ; train:DAPP::DAppSCAN-source/contracts/Trail_of_Bits-FraxFinance/frax-solidity-3f0993a70e3496fd27887db7754d68709c84015e::UniswapPairOracle_FRAX_6DEC ; train:DAPP::DAppSCAN-source/contracts/Trail_of_Bits-FraxFinance/frax-solidity-3f0993a70e3496fd27887db7754d68709c84015e::UniswapPairOracle_FXS_WETH ; train:DAPP::DAppSCAN-source/contracts/Trail_of_Bits-FraxFinance/frax-solidity-3f0993a70e3496fd27887db7754d68709c84015e::UniswapPairOracle_FXS_USDT ; train:DAPP::DAppSCAN-source/contracts/Trail_of_Bits-FraxFinance/frax-solidity-3f0993a70e3496fd27887db7754d68709c84015e::UniswapPairOracle_FXS_USDC ; train:DAPP::DAppSCAN-source/contracts/Trail_of_Bits-FraxFinance/frax-solidity-3f0993a70e3496fd27887db7754d68709c84015e::UniswapPairOracle_USDT_WETH ; train:DAPP::DAppSCAN-source/contracts/Trail_of_Bits-FraxFinance/frax-solidity-3f0993a70e3496fd27887db7754d68709c84015e::UniswapPairOracle_FRAX_FXS ; train:DAPP::DAppSCAN-source/contracts/Trail_of_Bits-FraxFinance/frax-solidity-3f0993a70e3496fd27887db7754d68709c84015e::UniswapPairOracle_6DEC_WETH ; train:DAPP::DAppSCAN-source/contracts/Trail_of_Bits-FraxFinance/frax-solidity-3f0993a70e3496fd27887db7754d68709c84015e::UniswapPairOracle_USDC_WETH ; train:DAPP::DAppSCAN-source/contracts/Trail_of_Bits-FraxFinance/frax-solidity-3f0993a70e3496fd27887db7754d68709c84015e::UniswapPairOracle_FXS_6DEC,same_split_or_merge; quarantine_if_labels_conflict
exact_contract_hash,e02ba46311fe4558a0942dda535a514f3a7ef4243f8ae7dd56533033be5c5f93,4,train,0,train:DAPP::DAppSCAN-source/contracts/Trail_of_Bits-FraxFinance/frax-solidity-3f0993a70e3496fd27887db7754d68709c84015e::StakingRewardsDual ; train:DAPP::DAppSCAN-source/contracts/Trail_of_Bits-FraxFinance/frax-solidity-3f0993a70e3496fd27887db7754d68709c84015e::StakingRewardsDual_FXS_WETH_Sushi ; train:DAPP::DAppSCAN-source/contracts/Trail_of_Bits-FraxFinance/frax-solidity-3f0993a70e3496fd27887db7754d68709c84015e::StakingRewardsDual_FRAX3CRV ; train:DAPP::DAppSCAN-source/contracts/Trail_of_Bits-FraxFinance/frax-solidity-3f0993a70e3496fd27887db7754d68709c84015e::StakingRewardsDual_FRAX_FXS_Sushi,same_split_or_merge; quarantine_if_labels_conflict
exact_contract_hash,1d319395a6e35921e1a6e7930ba5f871cf2c55e305df5f5e7023a4589e9d88a8,2,train,0,train:DAPP::DAppSCAN-source/contracts/Trail_of_Bits-FraxFinance/frax-solidity-3f0993a70e3496fd27887db7754d68709c84015e::StakingRewardsDualV2 ; train:DAPP::DAppSCAN-source/contracts/Trail_of_Bits-FraxFinance/frax-solidity-3f0993a70e3496fd27887db7754d68709c84015e::StakingRewardsDualV2_FRAX3CRV_V2,same_split_or_merge; quarantine_if_labels_conflict
exact_contract_hash,f5e3fb8be032348b942b89c74b153d05201b365a286b49d3230bcbcdc2085ff1,5,train,0,train:DAPP::DAppSCAN-source/contracts/Trail_of_Bits-FraxFinance/frax-solidity-3f0993a70e3496fd27887db7754d68709c84015e::StakingRewards ; train:DAPP::DAppSCAN-source/contracts/Trail_of_Bits-FraxFinance/frax-solidity-3f0993a70e3496fd27887db7754d68709c84015e::Stake_FRAX_WETH ; train:DAPP::DAppSCAN-source/contracts/Trail_of_Bits-FraxFinance/frax-solidity-3f0993a70e3496fd27887db7754d68709c84015e::Stake_FXS_WETH ; train:DAPP::DAppSCAN-source/contracts/Trail_of_Bits-FraxFinance/frax-solidity-3f0993a70e3496fd27887db7754d68709c84015e::Stake_FRAX_USDC ; train:DAPP::DAppSCAN-source/contracts/Trail_of_Bits-FraxFinance/frax-solidity-3f0993a70e3496fd27887db7754d68709c84015e::Stake_FRAX_FXS,same_split_or_merge; quarantine_if_labels_conflict
exact_contract_hash,fb223a5da3e40570a9cac4e82aeda2f467339f3b8cb13d1775836e7d3acaf9ba,2,train,0,train:DAPP::DAppSCAN-source/contracts/Trail_of_Bits-FraxFinance/frax-solidity-3f0993a70e3496fd27887db7754d68709c84015e::MigratableFarmBSC ; train:DAPP::DAppSCAN-source/contracts/Trail_of_Bits-FraxFinance/frax-solidity-3f0993a70e3496fd27887db7754d68709c84015e::MigratableFarmBSC_FRAX_FXS,same_split_or_merge; quarantine_if_labels_conflict
exact_contract_hash,f0944c87b766804e3859962dad8808fd7ba6f493b1b6cb286ad922280c846fe4,2,train,0,train:DAPP::DAppSCAN-source/contracts/Trail_of_Bits-FraxFinance/frax-solidity-3f0993a70e3496fd27887db7754d68709c84015e::FraxPoolvAMM ; train:DAPP::DAppSCAN-source/contracts/Trail_of_Bits-FraxFinance/frax-solidity-3f0993a70e3496fd27887db7754d68709c84015e::PoolvAMM_USDC,same_split_or_merge; quarantine_if_labels_conflict
exact_contract_hash,3ece2acfe134061dca6e705c51559250565c6784161fe2b31dfdf9907f18686d,4,train,0,train:DAPP::DAppSCAN-source/contracts/Trail_of_Bits-FraxFinance/frax-solidity-3f0993a70e3496fd27887db7754d68709c84015e::Pool_DAI ; train:DAPP::DAppSCAN-source/contracts/Trail_of_Bits-FraxFinance/frax-solidity-3f0993a70e3496fd27887db7754d68709c84015e::Pool_USDT ; train:DAPP::DAppSCAN-source/contracts/Trail_of_Bits-FraxFinance/frax-solidity-3f0993a70e3496fd27887db7754d68709c84015e::Pool_USDC ; train:DAPP::DAppSCAN-source/contracts/Trail_of_Bits-FraxFinance/frax-solidity-3f0993a70e3496fd27887db7754d68709c84015e::Pool_6DEC,same_split_or_merge; quarantine_if_labels_conflict
exact_contract_hash,1044e6f9798b02e85c15996872307b74fd4c509a835f310b48040dafea8af018,3,train,0,train:DAPP::DAppSCAN-source/contracts/Inspex-SpookySwap Integration & Fantom Expansion/bsc-alpaca-contract-4553a34a6dcfcfbf7aebc693bb5c5c6074c73129::PauserRole ; train:DAPP::DAppSCAN-source/contracts/Inspex-SpookySwap Integration & Fantom Expansion/bsc-alpaca-contract-4553a34a6dcfcfbf7aebc693bb5c5c6074c73129::Pausable ; train:DAPP::DAppSCAN-source/contracts/Inspex-SpookySwap Integration & Fantom Expansion/bsc-alpaca-contract-4553a34a6dcfcfbf7aebc693bb5c5c6074c73129::ERC20Pausable,same_split_or_merge; quarantine_if_labels_conflict
exact_contract_hash,e6baf9f010d3887b0480877902f5dc74cbd6b1f85f62e877d39cb18f57115ead,2,train,0,train:DAPP::DAppSCAN-source/contracts/Chainsulting-Furucombo-project2/trevi-b3f7fd332873321152db48c9d43fc23a60a29f1a::FountainToken ; train:DAPP::DAppSCAN-source/contracts/Chainsulting-Furucombo-project2/trevi-b3f7fd332873321152db48c9d43fc23a60a29f1a::ERC20Permit,same_split_or_merge; quarantine_if_labels_conflict
exact_contract_hash,a943a97b0f30b4f53ac25effa048e3905101222118da90c7623bbba2e0d42555,2,train,0,train:DAPP::DAppSCAN-source/contracts/QuillAudits-GearBox Protocol-GearBox Protocol/gearbox-contracts-0ac33ba87212ce056ac6b6357ad74161d417158a::ACLTrait ; train:DAPP::DAppSCAN-source/contracts/QuillAudits-GearBox Protocol-GearBox Protocol/gearbox-contracts-0ac33ba87212ce056ac6b6357ad74161d417158a::ContractsRegister,same_split_or_merge; quarantine_if_labels_conflict
exact_contract_hash,b40c07530f359f7948f8c12f29fb6fd5de703ea3fcd58e3a0fe879fc08212b18,3,train,0,"train:DAPP::DAppSCAN-source/contracts/Coinfabrik-MintingFactoryV2, BaseUpgradableMarketplace & KODAV3UpgradableGatedMarketplace/known-origin-contracts-v3-d592c5f4fa4e0b6fc65a1fce43e302706aedf607::BaseMarketplace ; train:DAPP::DAppSCAN-source/contracts/Coinfabrik-MintingFactoryV2, BaseUpgradableMarketplace & KODAV3UpgradableGatedMarketplace/known-origin-contracts-v3-d592c5f4fa4e0b6fc65a1fce43e302706aedf607::BuyNowMarketplace ; train:DAPP::DAppSCAN-source/contracts/Coinfabrik-MintingFactoryV2, BaseUpgradableMarketplace & KODAV3UpgradableGatedMarketplace/known-origin-contracts-v3-d592c5f4fa4e0b6fc65a1fce43e302706aedf607::ReserveAuctionMarketplace",same_split_or_merge; quarantine_if_labels_conflict
exact_contract_hash,bd4aa5cb104ecea870887d2f46daf44381e0a8a1fc5cfa14adf1b3e8f0a785b9,2,train,0,"train:DAPP::DAppSCAN-source/contracts/Coinfabrik-MintingFactoryV2, BaseUpgradableMarketplace & KODAV3UpgradableGatedMarketplace/known-origin-contracts-v3-d592c5f4fa4e0b6fc65a1fce43e302706aedf607::ERC1967UpgradeUpgradeable ; train:DAPP::DAppSCAN-source/contracts/Coinfabrik-MintingFactoryV2, BaseUpgradableMarketplace & KODAV3UpgradableGatedMarketplace/known-origin-contracts-v3-d592c5f4fa4e0b6fc65a1fce43e302706aedf607::UUPSUpgradeable",same_split_or_merge; quarantine_if_labels_conflict
exact_contract_hash,b654ae4f54038495195d4a4fefdd3da8e3e182d700542ea582a38b04b72b1d49,2,train,0,"train:DAPP::DAppSCAN-source/contracts/Coinfabrik-MintingFactoryV2, BaseUpgradableMarketplace & KODAV3UpgradableGatedMarketplace/known-origin-contracts-v3-d592c5f4fa4e0b6fc65a1fce43e302706aedf607::ClaimableFundsReceiverV1 ; train:DAPP::DAppSCAN-source/contracts/Coinfabrik-MintingFactoryV2, BaseUpgradableMarketplace & KODAV3UpgradableGatedMarketplace/known-origin-contracts-v3-d592c5f4fa4e0b6fc65a1fce43e302706aedf607::ClaimableFundsSplitterV1",same_split_or_merge; quarantine_if_labels_conflict
exact_contract_hash,821b55210d7c86ae7f88d2fe48a579da56ab69e8820e68185b7560e2ae996d42,2,train,0,"train:DAPP::DAppSCAN-source/contracts/Coinfabrik-MintingFactoryV2, BaseUpgradableMarketplace & KODAV3UpgradableGatedMarketplace/known-origin-contracts-v3-d592c5f4fa4e0b6fc65a1fce43e302706aedf607::Whitelist ; train:DAPP::DAppSCAN-source/contracts/Coinfabrik-MintingFactoryV2, BaseUpgradableMarketplace & KODAV3UpgradableGatedMarketplace/known-origin-contracts-v3-d592c5f4fa4e0b6fc65a1fce43e302706aedf607::RBAC",same_split_or_merge; quarantine_if_labels_conflict
exact_contract_hash,6ab19769ff8a643003c02b69a8c3724ac9ea319daaf9e84bd2debd296217ff03,3,train,0,"train:DAPP::DAppSCAN-source/contracts/Coinfabrik-MintingFactoryV2, BaseUpgradableMarketplace & KODAV3UpgradableGatedMarketplace/known-origin-contracts-v3-d592c5f4fa4e0b6fc65a1fce43e302706aedf607::RoyaltyImplV1R1 ; train:DAPP::DAppSCAN-source/contracts/Coinfabrik-MintingFactoryV2, BaseUpgradableMarketplace & KODAV3UpgradableGatedMarketplace/known-origin-contracts-v3-d592c5f4fa4e0b6fc65a1fce43e302706aedf607::RoyaltyImplV1R2 ; train:DAPP::DAppSCAN-source/contracts/Coinfabrik-MintingFactoryV2, BaseUpgradableMarketplace & KODAV3UpgradableGatedMarketplace/known-origin-contracts-v3-d592c5f4fa4e0b6fc65a1fce43e302706aedf607::FundsReceiver",same_split_or_merge; quarantine_if_labels_conflict
exact_contract_hash,fdda2cd1a37e66bd7d596c836eef79e43715b4913db867a5e1d3a70abb821b01,2,train,0,train:DAPP::DAppSCAN-source/contracts/consensys-Fei_Protocol/fei-protocol-core-ff892c5d0b9697f249d713bbb2b3bd1da7980ed2::UniRef ; train:DAPP::DAppSCAN-source/contracts/consensys-Fei_Protocol/fei-protocol-core-ff892c5d0b9697f249d713bbb2b3bd1da7980ed2::UniswapPCVDeposit,same_split_or_merge; quarantine_if_labels_conflict
exact_contract_hash,23e67dcd303ec7b2591bb46353cf2ec5e4f91e1b859eebbfc0c640b488784535,2,val,0,val:FORGE::vfp_00156::DstOFTHandler ; val:FORGE::vfp_00156::SponsoredCCTPDstPeriphery,same_split_or_merge; quarantine_if_labels_conflict
exact_contract_hash,8b1fbc1a705f65ffb62f8d7cb4382f25a6dd5e9e80d7ed059ff4c0bd5853e58c,2,val,0,val:DAPP::DAppSCAN-source/contracts/QuillAudits-SushiSwap-BentoBox/bentobox-c2e150b16b8764ebfe2e1e6e267ae14e10738065::SimpleSLPTWAP0Oracle ; val:DAPP::DAppSCAN-source/contracts/QuillAudits-SushiSwap-BentoBox/bentobox-c2e150b16b8764ebfe2e1e6e267ae14e10738065::SimpleSLPTWAP1Oracle,same_split_or_merge; quarantine_if_labels_conflict
exact_contract_hash,0c61fd8c76eee61f470d0120755507dcb09826a56eedb0c568f7e83350daadba,9,test|val,0,val:DAPP::DAppSCAN-source/contracts/QuillAudits-AAVE-ParaSwap Adapter/aave-protocol-v2-14e2ab47d95f42ec5ee486f367067e78a7588878::BaseAdminUpgradeabilityProxy ; val:DAPP::DAppSCAN-source/contracts/QuillAudits-AAVE-ParaSwap Adapter/aave-protocol-v2-14e2ab47d95f42ec5ee486f367067e78a7588878::UpgradeabilityProxy ; val:DAPP::DAppSCAN-source/contracts/QuillAudits-AAVE-ParaSwap Adapter/aave-protocol-v2-14e2ab47d95f42ec5ee486f367067e78a7588878::AdminUpgradeabilityProxy ; val:DAPP::DAppSCAN-source/contracts/QuillAudits-AAVE-ParaSwap Adapter/aave-protocol-v2-14e2ab47d95f42ec5ee486f367067e78a7588878::BaseUpgradeabilityProxy ; val:DAPP::DAppSCAN-source/contracts/QuillAudits-AAVE-ParaSwap Adapter/aave-protocol-v2-14e2ab47d95f42ec5ee486f367067e78a7588878::BaseImmutableAdminUpgradeabilityProxy ; test:DAPP::DAppSCAN-source/contracts/consensys-Aave_Protocol_V2/aave-protocol-v2-f756f44a8d6a328cd545335e46e7128939db88c4::BaseAdminUpgradeabilityProxy ; test:DAPP::DAppSCAN-source/contracts/consensys-Aave_Protocol_V2/aave-protocol-v2-f756f44a8d6a328cd545335e46e7128939db88c4::UpgradeabilityProxy ; test:DAPP::DAppSCAN-source/contracts/consensys-Aave_Protocol_V2/aave-protocol-v2-f756f44a8d6a328cd545335e46e7128939db88c4::AdminUpgradeabilityProxy ; test:DAPP::DAppSCAN-source/contracts/consensys-Aave_Protocol_V2/aave-protocol-v2-f756f44a8d6a328cd545335e46e7128939db88c4::BaseUpgradeabilityProxy,same_split_or_merge; quarantine_if_labels_conflict
exact_contract_hash,27c19e71fa17cc060e837671d7b98bcfd0485a3e77ede711eff750677690eef0,2,test|val,0,val:DAPP::DAppSCAN-source/contracts/QuillAudits-AAVE-ParaSwap Adapter/aave-protocol-v2-14e2ab47d95f42ec5ee486f367067e78a7588878::InitializableAdminUpgradeabilityProxy ; test:DAPP::DAppSCAN-source/contracts/consensys-Aave_Protocol_V2/aave-protocol-v2-f756f44a8d6a328cd545335e46e7128939db88c4::InitializableAdminUpgradeabilityProxy,same_split_or_merge; quarantine_if_labels_conflict
exact_contract_hash,044dfaecd3f2ce4ffa022c7bdb13eaf55e531bf94d5c1cdf5cdc837e58930977,3,test|val,0,val:DAPP::DAppSCAN-source/contracts/QuillAudits-AAVE-ParaSwap Adapter/aave-protocol-v2-14e2ab47d95f42ec5ee486f367067e78a7588878::InitializableUpgradeabilityProxy ; val:DAPP::DAppSCAN-source/contracts/QuillAudits-AAVE-ParaSwap Adapter/aave-protocol-v2-14e2ab47d95f42ec5ee486f367067e78a7588878::InitializableImmutableAdminUpgradeabilityProxy ; test:DAPP::DAppSCAN-source/contracts/consensys-Aave_Protocol_V2/aave-protocol-v2-f756f44a8d6a328cd545335e46e7128939db88c4::InitializableUpgradeabilityProxy,same_split_or_merge; quarantine_if_labels_conflict
exact_contract_hash,f9708d7ad033c701e2fc515ede644bd280d2e5fa7a82ba4737249bb6e01ff88b,2,val,0,val:DAPP::DAppSCAN-source/contracts/Solidity_Finance-OKLG - Smart Contract/contracts-e167d0d742d21bcc62d7a5b770a1f0ed1cf31eca::OKLGAirdropper ; val:DAPP::DAppSCAN-source/contracts/Solidity_Finance-OKLG - Smart Contract/contracts-e167d0d742d21bcc62d7a5b770a1f0ed1cf31eca::OKLGProduct,same_split_or_merge; quarantine_if_labels_conflict
exact_contract_hash,3775bf8cecc82d179b591f0375c955f3788ec9cf798bce365884224de1192466,2,val,0,val:DAPP::DAppSCAN-source/contracts/consensys-Amp/amp-token-contracts-6871b6c64c712835b332e515cc553308dcbbc539::ERC1820Client ; val:DAPP::DAppSCAN-source/contracts/consensys-Amp/amp-token-contracts-6871b6c64c712835b332e515cc553308dcbbc539::AmpPartitionStrategyValidatorBase,same_split_or_merge; quarantine_if_labels_conflict
exact_contract_hash,fd406492139294762bd6e541110016214f583a5129508242394c59587b0729ba,2,test,0,test:DAPP::DAppSCAN-source/contracts/Coinbae-TapCoins_Token_Contract/code::CrowdsaleToken ; test:DAPP::DAppSCAN-source/contracts/Coinbae-TapCoins_Token_Contract/code::TapcoinToken,same_split_or_merge; quarantine_if_labels_conflict
exact_contract_hash,2d4ad70808eda5b0404fda2fb5ca602e81a400f1c116ceae3eee1d10a5e7627c,3,test,0,"test:DAPP::DAppSCAN-source/contracts/Inspex-Tokens, Farm & Shop/-SpeedStar-Audit-3e39d7acf9c1aa9f3a5511c161c2035ba7d6bc1f::Facility ; test:DAPP::DAppSCAN-source/contracts/Inspex-Tokens, Farm & Shop/-SpeedStar-Audit-3e39d7acf9c1aa9f3a5511c161c2035ba7d6bc1f::Horse ; test:DAPP::DAppSCAN-source/contracts/Inspex-Tokens, Farm & Shop/-SpeedStar-Audit-3e39d7acf9c1aa9f3a5511c161c2035ba7d6bc1f::ERC721URIStorage",same_split_or_merge; quarantine_if_labels_conflict
exact_contract_hash,372c377b52aa3f08724a2084299b92416c80970b0e8362ecee67430919cccabd,2,test,0,test:DAPP::DAppSCAN-source/contracts/PeckShield-TranchessV1.1/contract-core-68a86350313c1cb9e5467e791d3e9efaf228a0df::Staking ; test:DAPP::DAppSCAN-source/contracts/PeckShield-TranchessV1.1/contract-core-68a86350313c1cb9e5467e791d3e9efaf228a0df::StakingTestWrapper,same_split_or_merge; quarantine_if_labels_conflict
exact_contract_hash,ffc34fe57a04449fcadbe60e28341adcb490615a25d327eb87abd978dd805286,4,test,0,test:DAPP::DAppSCAN-source/contracts/PeckShield-btdotfinance/bt-finance-6300bc1271b73a1755fae02594d25fdf6fa39a9c::StrategyWBTCUNIFarm ; test:DAPP::DAppSCAN-source/contracts/PeckShield-btdotfinance/bt-finance-6300bc1271b73a1755fae02594d25fdf6fa39a9c::StrategyUSDCUNIFarm ; test:DAPP::DAppSCAN-source/contracts/PeckShield-btdotfinance/bt-finance-6300bc1271b73a1755fae02594d25fdf6fa39a9c::StrategyUSDTUNIFarm ; test:DAPP::DAppSCAN-source/contracts/PeckShield-btdotfinance/bt-finance-6300bc1271b73a1755fae02594d25fdf6fa39a9c::StrategyDAIUNIFarm,same_split_or_merge; quarantine_if_labels_conflict
exact_contract_hash,8bbf8f9d4cccd6321f6b13ce087f4f371dda328f1149b9e4b53142d36e936c66,2,test,0,test:DAPP::DAppSCAN-source/contracts/consensys-Aave_Protocol_V2/aave-protocol-v2-f756f44a8d6a328cd545335e46e7128939db88c4::IncentivizedERC20 ; test:DAPP::DAppSCAN-source/contracts/consensys-Aave_Protocol_V2/aave-protocol-v2-f756f44a8d6a328cd545335e46e7128939db88c4::DebtTokenBase,same_split_or_merge; quarantine_if_labels_conflict
exact_interaction_set_hash,2cb70b7ce7dc1c8de3b191415505d95cf56bf3d9dd4966587e1d38d02d20b1c5,4,train,0,train:DAPP::DAppSCAN-source/contracts/PeckShield-AirSwap/airswap-protocols-b87d292aaf6e28ede564b7ea28ece39219994607::WETH9 ; train:DAPP::DAppSCAN-source/contracts/PeckShield-BabySwap/code::WBNB ; train:DAPP::DAppSCAN-source/contracts/QuillAudits-Alium Finance Smart Contract/alium-farm-e37d6af39af68049c2684085f025385407b4bd55::WBNB ; train:DAPP::DAppSCAN-source/contracts/Trail_of_Bits-YieldProtocol/fyDai-4422fda75931f2bfea49f5041ec90dc026e5c03d::WETH9,same_split_or_merge; quarantine_if_labels_conflict
exact_interaction_set_hash,253c83e45c58e1bc37e8fc008934654e3b5b3319a1a5152bc48d0f9e5cbd07e6,2,train,0,train:DAPP::DAppSCAN-source/contracts/PeckShield-AirSwap/airswap-protocols-b87d292aaf6e28ede564b7ea28ece39219994607::KittyBase ; train:DAPP::DAppSCAN-source/contracts/PeckShield-AirSwap/airswap-protocols-b87d292aaf6e28ede564b7ea28ece39219994607::KittyOwnership,same_split_or_merge; quarantine_if_labels_conflict
exact_interaction_set_hash,fad344dbda46305afc67081407b7e9f2855b74778564c9f0b8de57949a8bbe97,4,train,0,train:DAPP::DAppSCAN-source/contracts/PeckShield-AirSwap/airswap-protocols-b87d292aaf6e28ede564b7ea28ece39219994607::ClockAuctionBase ; train:DAPP::DAppSCAN-source/contracts/PeckShield-AirSwap/airswap-protocols-b87d292aaf6e28ede564b7ea28ece39219994607::ClockAuction ; train:DAPP::DAppSCAN-source/contracts/PeckShield-AirSwap/airswap-protocols-b87d292aaf6e28ede564b7ea28ece39219994607::SiringClockAuction ; train:DAPP::DAppSCAN-source/contracts/PeckShield-AirSwap/airswap-protocols-b87d292aaf6e28ede564b7ea28ece39219994607::SaleClockAuction,same_split_or_merge; quarantine_if_labels_conflict
exact_interaction_set_hash,8b70ff0079ab395571349f2c79129e041c048a93fad7c42643b10ae2ef02855f,2,train,0,train:DAPP::DAppSCAN-source/contracts/PeckShield-AirSwap/airswap-protocols-b87d292aaf6e28ede564b7ea28ece39219994607::KittyMinting ; train:DAPP::DAppSCAN-source/contracts/PeckShield-AirSwap/airswap-protocols-b87d292aaf6e28ede564b7ea28ece39219994607::KittyCore,same_split_or_merge; quarantine_if_labels_conflict
exact_interaction_set_hash,ce98735ec8b84c2b49a7f15c6bd73a99df3469ffab8e473bec015819b4b2eecd,9,test|train,0,train:DAPP::DAppSCAN-source/contracts/PeckShield-AirSwap/airswap-protocols-b87d292aaf6e28ede564b7ea28ece39219994607::Migrations ; train:DAPP::DAppSCAN-source/contracts/consensys-Skyweaver/Skyweaver-contracts-bde0c184db6168bf86656a48b12d5747950b54d9::Migrations ; train:DAPP::DAppSCAN-source/contracts/PepperSec-Aira-Robonomic/robonomics_contracts-cc35a91de187072214d215262d8371f0159c2498::Migrations ; train:DAPP::DAppSCAN-source/contracts/SlowMist-CFFv2 Smart Contract Security Audit Report/cff-contract-v2-c86bef3f13c7585f547f9cd0ca900f94664e96b7::Migrations ; train:DAPP::DAppSCAN-source/contracts/consensys-MCDEX_Mai_Protocol_V2/mai-protocol-v2-4b198083ec4ae2d6851e101fc44ea333eaa3cd92::Migrations ; train:DAPP::DAppSCAN-source/contracts/PeckShield-Buffer/code::Migrations ; train:DAPP::DAppSCAN-source/contracts/QuillAudits-LTO Network-Token Sale/lto-erc20-token-02fa2620aef4c854675230b6544461961d47f968::Migrations ; train:DAPP::DAppSCAN-source/contracts/consensys-ENS_Permanent_Registrar/ethregistrar-e52abfc2799ac361364aca6135fc20f9175a29fd::Migrations ; test:DAPP::DAppSCAN-source/contracts/Trail_of_Bits-Liquity/dev-f0df3efa5a5f05b205752184cfce107c5bd6e06c::Migrations,same_split_or_merge; quarantine_if_labels_conflict
exact_interaction_set_hash,94c07a35112de623b24119ef6683ec3de953c6c397f7c61d279d142d9caad8da,2,train,0,train:DAPP::DAppSCAN-source/contracts/PeckShield-AirSwap/airswap-protocols-b87d292aaf6e28ede564b7ea28ece39219994607::AdaptedERC721 ; train:DAPP::DAppSCAN-source/contracts/PeckShield-AirSwap/airswap-protocols-b87d292aaf6e28ede564b7ea28ece39219994607::NonFungibleToken,same_split_or_merge; quarantine_if_labels_conflict
exact_interaction_set_hash,d4944d1d5ef63807d5c5cdb78d8365a86bc66ec31c84b03183aeded55a9c0e07,2,train,0,train:DAPP::DAppSCAN-source/contracts/Runtime_Vеrification-Element_Finance_Governance_Security_Audit_Report/council-3d751c959b42573c78ccd0bccbc80424bf6d9a90::MerkleRewards ; train:DAPP::DAppSCAN-source/contracts/Runtime_Vеrification-Element_Finance_Governance_Security_Audit_Report/council-3d751c959b42573c78ccd0bccbc80424bf6d9a90::OptimisticRewards,same_split_or_merge; quarantine_if_labels_conflict
exact_interaction_set_hash,d67eda6b5c6faacbc332dcaf4750f3f8644e77c9ad639d53f17ba1ddcd873928,2,train,0,train:DAPP::DAppSCAN-source/contracts/Runtime_Vеrification-Element_Finance_Governance_Security_Audit_Report/council-3d751c959b42573c78ccd0bccbc80424bf6d9a90::VestingVault ; train:DAPP::DAppSCAN-source/contracts/Runtime_Vеrification-Element_Finance_Governance_Security_Audit_Report/council-3d751c959b42573c78ccd0bccbc80424bf6d9a90::TestVestingVault,same_split_or_merge; quarantine_if_labels_conflict
exact_interaction_set_hash,db7315b0d40f5d14ff0b12a463f0aaee19a6e309b2e73f0040771790dbf99263,2,train,0,train:DAPP::DAppSCAN-source/contracts/Runtime_Vеrification-Element_Finance_Governance_Security_Audit_Report/council-3d751c959b42573c78ccd0bccbc80424bf6d9a90::Treasury ; train:DAPP::DAppSCAN-source/contracts/Runtime_Vеrification-Element_Finance_Governance_Security_Audit_Report/council-3d751c959b42573c78ccd0bccbc80424bf6d9a90::TestTreasury,same_split_or_merge; quarantine_if_labels_conflict
exact_interaction_set_hash,434f0f419544089bdacce244a5ef56cf59edac51b9e20d2f9c13285546c5ab1f,2,train,0,train:DAPP::DAppSCAN-source/contracts/Trail_of_Bits-FraxQ42021/frax-solidity-bd40775e283923aa9e32a107abd426430a99835e::WETH ; train:DAPP::DAppSCAN-source/contracts/Trail_of_Bits-FraxFinance/frax-solidity-3f0993a70e3496fd27887db7754d68709c84015e::WETH,same_split_or_merge; quarantine_if_labels_conflict
exact_interaction_set_hash,16393926db839a883956256897c681d01c84f8fc3c298ff91a89d379e804eeeb,2,train,0,train:DAPP::DAppSCAN-source/contracts/Trail_of_Bits-FraxQ42021/frax-solidity-bd40775e283923aa9e32a107abd426430a99835e::SwapToPrice ; train:DAPP::DAppSCAN-source/contracts/Trail_of_Bits-FraxFinance/frax-solidity-3f0993a70e3496fd27887db7754d68709c84015e::SwapToPrice,same_split_or_merge; quarantine_if_labels_conflict
exact_interaction_set_hash,d2922cbb28f6b8742109ca8449554b86700c3a17ade4ed2889fa92707d34d11b,3,train,0,train:DAPP::DAppSCAN-source/contracts/Trail_of_Bits-FraxQ42021/frax-solidity-bd40775e283923aa9e32a107abd426430a99835e::ChainlinkFXSUSDPriceConsumer ; train:DAPP::DAppSCAN-source/contracts/Trail_of_Bits-FraxQ42021/frax-solidity-bd40775e283923aa9e32a107abd426430a99835e::ChainlinkETHUSDPriceConsumer ; train:DAPP::DAppSCAN-source/contracts/Trail_of_Bits-FraxFinance/frax-solidity-3f0993a70e3496fd27887db7754d68709c84015e::ChainlinkETHUSDPriceConsumer,same_split_or_merge; quarantine_if_labels_conflict
exact_interaction_set_hash,529ccf22c07521e26f1228986c7914a28df98d9eb76131b9eb94d33327597395,15,train,0,train:DAPP::DAppSCAN-source/contracts/Trail_of_Bits-FraxQ42021/frax-solidity-bd40775e283923aa9e32a107abd426430a99835e::UniswapPairOracleExtra ; train:DAPP::DAppSCAN-source/contracts/Trail_of_Bits-FraxQ42021/frax-solidity-bd40775e283923aa9e32a107abd426430a99835e::UniswapPairOracle ; train:DAPP::DAppSCAN-source/contracts/Trail_of_Bits-FraxQ42021/frax-solidity-bd40775e283923aa9e32a107abd426430a99835e::UniswapPairOracle_FRAX_WETH ; train:DAPP::DAppSCAN-source/contracts/Trail_of_Bits-FraxQ42021/frax-solidity-bd40775e283923aa9e32a107abd426430a99835e::UniswapPairOracle_FRAX_USDT ; train:DAPP::DAppSCAN-source/contracts/Trail_of_Bits-FraxQ42021/frax-solidity-bd40775e283923aa9e32a107abd426430a99835e::UniswapPairOracle_FRAX_USDC ; train:DAPP::DAppSCAN-source/contracts/Trail_of_Bits-FraxQ42021/frax-solidity-bd40775e283923aa9e32a107abd426430a99835e::UniswapPairOracleExtra_SDT_WETH ; train:DAPP::DAppSCAN-source/contracts/Trail_of_Bits-FraxQ42021/frax-solidity-bd40775e283923aa9e32a107abd426430a99835e::UniswapPairOracle_FRAX_6DEC ; train:DAPP::DAppSCAN-source/contracts/Trail_of_Bits-FraxQ42021/frax-solidity-bd40775e283923aa9e32a107abd426430a99835e::UniswapPairOracle_FXS_WETH ; train:DAPP::DAppSCAN-source/contracts/Trail_of_Bits-FraxQ42021/frax-solidity-bd40775e283923aa9e32a107abd426430a99835e::UniswapPairOracle_FXS_USDT ; train:DAPP::DAppSCAN-source/contracts/Trail_of_Bits-FraxQ42021/frax-solidity-bd40775e283923aa9e32a107abd426430a99835e::UniswapPairOracle_FXS_USDC ; train:DAPP::DAppSCAN-source/contracts/Trail_of_Bits-FraxQ42021/frax-solidity-bd40775e283923aa9e32a107abd426430a99835e::UniswapPairOracle_USDT_WETH ; train:DAPP::DAppSCAN-source/contracts/Trail_of_Bits-FraxQ42021/frax-solidity-bd40775e283923aa9e32a107abd426430a99835e::UniswapPairOracle_FRAX_FXS ; train:DAPP::DAppSCAN-source/contracts/Trail_of_Bits-FraxQ42021/frax-solidity-bd40775e283923aa9e32a107abd426430a99835e::UniswapPairOracle_6DEC_WETH ; train:DAPP::DAppSCAN-source/contracts/Trail_of_Bits-FraxQ42021/frax-solidity-bd40775e283923aa9e32a107abd426430a99835e::UniswapPairOracle_USDC_WETH ; train:DAPP::DAppSCAN-source/contracts/Trail_of_Bits-FraxQ42021/frax-solidity-bd40775e283923aa9e32a107abd426430a99835e::UniswapPairOracle_FXS_6DEC,same_split_or_merge; quarantine_if_labels_conflict
exact_interaction_set_hash,8e1bd39a6532c90c1a989aa6873f437f84f8d9e31211b0e753a25f9acd53d987,2,train,0,train:DAPP::DAppSCAN-source/contracts/Trail_of_Bits-FraxQ42021/frax-solidity-bd40775e283923aa9e32a107abd426430a99835e::ERC1967Storage ; train:DAPP::DAppSCAN-source/contracts/Trail_of_Bits-FraxFinance/frax-solidity-3f0993a70e3496fd27887db7754d68709c84015e::ERC1967Storage,same_split_or_merge; quarantine_if_labels_conflict
exact_interaction_set_hash,345935f1f277daa3be33d6816c44eea71f472b043d4880d73a9ff80aae79d6bd,6,train,0,train:DAPP::DAppSCAN-source/contracts/Trail_of_Bits-FraxQ42021/frax-solidity-bd40775e283923aa9e32a107abd426430a99835e::ERC1967Upgrade ; train:DAPP::DAppSCAN-source/contracts/Trail_of_Bits-FraxQ42021/frax-solidity-bd40775e283923aa9e32a107abd426430a99835e::ERC1967Proxy ; train:DAPP::DAppSCAN-source/contracts/Trail_of_Bits-FraxQ42021/frax-solidity-bd40775e283923aa9e32a107abd426430a99835e::InvestorAMOProxy ; train:DAPP::DAppSCAN-source/contracts/Trail_of_Bits-FraxFinance/frax-solidity-3f0993a70e3496fd27887db7754d68709c84015e::ERC1967Upgrade ; train:DAPP::DAppSCAN-source/contracts/Trail_of_Bits-FraxFinance/frax-solidity-3f0993a70e3496fd27887db7754d68709c84015e::ERC1967Proxy ; train:DAPP::DAppSCAN-source/contracts/Trail_of_Bits-FraxFinance/frax-solidity-3f0993a70e3496fd27887db7754d68709c84015e::InvestorAMOProxy,same_split_or_merge; quarantine_if_labels_conflict
exact_interaction_set_hash,f774e9dc827a7576d1be80b6db9bbb16df7d2c08a36ffbd19a6dbfafe9ed4eb5,8,train,0,train:DAPP::DAppSCAN-source/contracts/Trail_of_Bits-FraxQ42021/frax-solidity-bd40775e283923aa9e32a107abd426430a99835e::UpgradeabilityProxy ; train:DAPP::DAppSCAN-source/contracts/Trail_of_Bits-FraxQ42021/frax-solidity-bd40775e283923aa9e32a107abd426430a99835e::AdminUpgradeabilityProxy ; train:DAPP::DAppSCAN-source/contracts/Inspex-Optimized Worker/bsc-alpaca-contract-1aee2ceec77e3fd3162b74858c846cdc5692928d::UpgradeabilityProxy ; train:DAPP::DAppSCAN-source/contracts/Inspex-Optimized Worker/bsc-alpaca-contract-1aee2ceec77e3fd3162b74858c846cdc5692928d::AdminUpgradeabilityProxy ; train:DAPP::DAppSCAN-source/contracts/Trail_of_Bits-FraxFinance/frax-solidity-3f0993a70e3496fd27887db7754d68709c84015e::UpgradeabilityProxy ; train:DAPP::DAppSCAN-source/contracts/Trail_of_Bits-FraxFinance/frax-solidity-3f0993a70e3496fd27887db7754d68709c84015e::AdminUpgradeabilityProxy ; train:DAPP::DAppSCAN-source/contracts/Inspex-SpookySwap Integration & Fantom Expansion/bsc-alpaca-contract-4553a34a6dcfcfbf7aebc693bb5c5c6074c73129::UpgradeabilityProxy ; train:DAPP::DAppSCAN-source/contracts/Inspex-SpookySwap Integration & Fantom Expansion/bsc-alpaca-contract-4553a34a6dcfcfbf7aebc693bb5c5c6074c73129::AdminUpgradeabilityProxy,same_split_or_merge; quarantine_if_labels_conflict
exact_interaction_set_hash,886f3bd66ed0568ca063dc0bfcc826db8a3ab344351ddb84433117e38e7c24c1,6,train,0,train:DAPP::DAppSCAN-source/contracts/Trail_of_Bits-FraxQ42021/frax-solidity-bd40775e283923aa9e32a107abd426430a99835e::Timelock ; train:DAPP::DAppSCAN-source/contracts/PeckShield-BabySwap/code::Timelock ; train:DAPP::DAppSCAN-source/contracts/Chainsecurity-Compound  cToken unredacted/compound-protocol-4a54ec5c55b66ea67d44b76f3056f0ed7229db8c::Timelock ; train:DAPP::DAppSCAN-source/contracts/Chainsecurity-Compound  cToken unredacted/compound-protocol-4a54ec5c55b66ea67d44b76f3056f0ed7229db8c::TimelockCertora ; train:DAPP::DAppSCAN-source/contracts/Trail_of_Bits-FraxFinance/frax-solidity-3f0993a70e3496fd27887db7754d68709c84015e::Timelock ; train:DAPP::DAppSCAN-source/contracts/consensys-Fei_Protocol/fei-protocol-core-ff892c5d0b9697f249d713bbb2b3bd1da7980ed2::Timelock,same_split_or_merge; quarantine_if_labels_conflict
exact_interaction_set_hash,96d9d99aaf9879eb714d1f4fb7043d5a1e01f366274edb208116836559ce0ce8,2,train,0,train:DAPP::DAppSCAN-source/contracts/Trail_of_Bits-FraxQ42021/frax-solidity-bd40775e283923aa9e32a107abd426430a99835e::SigRelayer2 ; train:DAPP::DAppSCAN-source/contracts/Trail_of_Bits-FraxFinance/frax-solidity-3f0993a70e3496fd27887db7754d68709c84015e::SigRelayer2,same_split_or_merge; quarantine_if_labels_conflict
exact_interaction_set_hash,0a6c67264a2d458bb89595c93aa24d49dae23064069764d8ddd771634b63c891,10,train,0,train:DAPP::DAppSCAN-source/contracts/Trail_of_Bits-FraxQ42021/frax-solidity-bd40775e283923aa9e32a107abd426430a99835e::AccessControl ; train:DAPP::DAppSCAN-source/contracts/Trail_of_Bits-FraxQ42021/frax-solidity-bd40775e283923aa9e32a107abd426430a99835e::FRAXShares ; train:DAPP::DAppSCAN-source/contracts/Trail_of_Bits-FraxQ42021/frax-solidity-bd40775e283923aa9e32a107abd426430a99835e::FraxBond ; train:DAPP::DAppSCAN-source/contracts/Trail_of_Bits-FraxQ42021/frax-solidity-bd40775e283923aa9e32a107abd426430a99835e::FraxBondIssuerOld ; train:DAPP::DAppSCAN-source/contracts/Trail_of_Bits-FraxQ42021/frax-solidity-bd40775e283923aa9e32a107abd426430a99835e::FraxBondIssuerWithDeposits ; train:DAPP::DAppSCAN-source/contracts/Trail_of_Bits-FraxFinance/frax-solidity-3f0993a70e3496fd27887db7754d68709c84015e::FraxBond ; train:DAPP::DAppSCAN-source/contracts/Trail_of_Bits-FraxFinance/frax-solidity-3f0993a70e3496fd27887db7754d68709c84015e::FraxBondIssuerOld ; train:DAPP::DAppSCAN-source/contracts/Trail_of_Bits-FraxFinance/frax-solidity-3f0993a70e3496fd27887db7754d68709c84015e::FraxBondIssuerWithDeposits ; train:DAPP::DAppSCAN-source/contracts/Trail_of_Bits-FraxFinance/frax-solidity-3f0993a70e3496fd27887db7754d68709c84015e::AccessControl ; train:DAPP::DAppSCAN-source/contracts/Trail_of_Bits-FraxFinance/frax-solidity-3f0993a70e3496fd27887db7754d68709c84015e::FRAXShares,same_split_or_merge; quarantine_if_labels_conflict
exact_interaction_set_hash,0c0ffeeb0b097fc1f8ebd24604dc5439c2e738844ef69db8390fe6484cdbba26,5,train,0,train:DAPP::DAppSCAN-source/contracts/Trail_of_Bits-FraxQ42021/frax-solidity-bd40775e283923aa9e32a107abd426430a99835e::FraxCrossChainFarm ; train:DAPP::DAppSCAN-source/contracts/Trail_of_Bits-FraxQ42021/frax-solidity-bd40775e283923aa9e32a107abd426430a99835e::FraxCrossChainFarm_FRAX_IF_Impossible ; train:DAPP::DAppSCAN-source/contracts/Trail_of_Bits-FraxQ42021/frax-solidity-bd40775e283923aa9e32a107abd426430a99835e::FraxCrossChainFarm_FRAX_mUSD ; train:DAPP::DAppSCAN-source/contracts/Trail_of_Bits-FraxQ42021/frax-solidity-bd40775e283923aa9e32a107abd426430a99835e::FraxCrossChainFarm_FRAX_FXS_Spirit ; train:DAPP::DAppSCAN-source/contracts/Trail_of_Bits-FraxQ42021/frax-solidity-bd40775e283923aa9e32a107abd426430a99835e::FraxCrossChainFarm_FRAX_FXS_Impossible,same_split_or_merge; quarantine_if_labels_conflict
exact_interaction_set_hash,8c5d0320522aa07131895b0aac710dbdd6be125f3254e5d7db8a606f9138766c,2,train,0,train:DAPP::DAppSCAN-source/contracts/Trail_of_Bits-FraxQ42021/frax-solidity-bd40775e283923aa9e32a107abd426430a99835e::StakingRewardsDualV5 ; train:DAPP::DAppSCAN-source/contracts/Trail_of_Bits-FraxQ42021/frax-solidity-bd40775e283923aa9e32a107abd426430a99835e::StakingRewardsDualV5_FRAX_OHM,same_split_or_merge; quarantine_if_labels_conflict
exact_interaction_set_hash,a53a7efa2b4c6a02f00045c99b20d7fc4ecc6ecc914440d1eba1f9259b3a345d,2,train,0,train:DAPP::DAppSCAN-source/contracts/Trail_of_Bits-FraxQ42021/frax-solidity-bd40775e283923aa9e32a107abd426430a99835e::FraxUnifiedFarm_ERC20 ; train:DAPP::DAppSCAN-source/contracts/Trail_of_Bits-FraxQ42021/frax-solidity-bd40775e283923aa9e32a107abd426430a99835e::StakingRewardsMultiGauge_Gelato_FRAX_DAI,same_split_or_merge; quarantine_if_labels_conflict
exact_interaction_set_hash,2496b2223314d1d2bc4ce53773e5f061969d3f1133ac1c27dcd5e79ba9dc8b1e,2,train,0,train:DAPP::DAppSCAN-source/contracts/Trail_of_Bits-FraxQ42021/frax-solidity-bd40775e283923aa9e32a107abd426430a99835e::CommunalFarm ; train:DAPP::DAppSCAN-source/contracts/Trail_of_Bits-FraxQ42021/frax-solidity-bd40775e283923aa9e32a107abd426430a99835e::CommunalFarm_SaddleD4,same_split_or_merge; quarantine_if_labels_conflict
exact_interaction_set_hash,c707ad6bd8e50fa1bf51e9715d8c56af59a240a89b8d72ca95c53bc5e2c43505,5,train,0,train:DAPP::DAppSCAN-source/contracts/Trail_of_Bits-FraxQ42021/frax-solidity-bd40775e283923aa9e32a107abd426430a99835e::StakingRewardsMultiGauge ; train:DAPP::DAppSCAN-source/contracts/Trail_of_Bits-FraxQ42021/frax-solidity-bd40775e283923aa9e32a107abd426430a99835e::StakingRewardsMultiGauge_StakeDAO ; train:DAPP::DAppSCAN-source/contracts/Trail_of_Bits-FraxQ42021/frax-solidity-bd40775e283923aa9e32a107abd426430a99835e::StakingRewardsMultiGauge_FRAX_SUSHI ; train:DAPP::DAppSCAN-source/contracts/Trail_of_Bits-FraxQ42021/frax-solidity-bd40775e283923aa9e32a107abd426430a99835e::StakingRewardsMultiGauge_FXS_WETH ; train:DAPP::DAppSCAN-source/contracts/Trail_of_Bits-FraxQ42021/frax-solidity-bd40775e283923aa9e32a107abd426430a99835e::StakingRewardsMultiGauge_StakeDAO_FRAX_Put,same_split_or_merge; quarantine_if_labels_conflict
exact_interaction_set_hash,662f5f26b3db87032d6dbc29a4855eb32b7335723bfb23119012a37f7d217513,4,train,0,train:DAPP::DAppSCAN-source/contracts/Trail_of_Bits-FraxQ42021/frax-solidity-bd40775e283923aa9e32a107abd426430a99835e::FraxUniV3Farm_Stable ; train:DAPP::DAppSCAN-source/contracts/Trail_of_Bits-FraxQ42021/frax-solidity-bd40775e283923aa9e32a107abd426430a99835e::FraxUniV3Farm_Stable_FRAX_DAI ; train:DAPP::DAppSCAN-source/contracts/Trail_of_Bits-FraxQ42021/frax-solidity-bd40775e283923aa9e32a107abd426430a99835e::FraxUniV3Farm_Stable_FRAX_USDC ; train:DAPP::DAppSCAN-source/contracts/Trail_of_Bits-FraxQ42021/frax-solidity-bd40775e283923aa9e32a107abd426430a99835e::FraxUniV3Farm_Stable_FRAX_agEUR,same_split_or_merge; quarantine_if_labels_conflict
exact_interaction_set_hash,38b8bbc7bfaa34d815f32fbffa8113a8b1c6544e78753e197c3c799e7739078c,2,train,0,train:DAPP::DAppSCAN-source/contracts/Trail_of_Bits-FraxQ42021/frax-solidity-bd40775e283923aa9e32a107abd426430a99835e::FraxMiddlemanGauge ; train:DAPP::DAppSCAN-source/contracts/Trail_of_Bits-FraxQ42021/frax-solidity-bd40775e283923aa9e32a107abd426430a99835e::FraxMiddlemanGauge_FRAX_mUSD,same_split_or_merge; quarantine_if_labels_conflict
exact_interaction_set_hash,ab1e988360d820f6d1128eb1b34c9ca33162c0f084dbb4ef7e1feac62a91e011,2,train,0,train:DAPP::DAppSCAN-source/contracts/Trail_of_Bits-FraxQ42021/frax-solidity-bd40775e283923aa9e32a107abd426430a99835e::ERC721 ; train:DAPP::DAppSCAN-source/contracts/Trail_of_Bits-FraxFinance/frax-solidity-3f0993a70e3496fd27887db7754d68709c84015e::ERC721,same_split_or_merge; quarantine_if_labels_conflict
exact_interaction_set_hash,b4077f06b037f335656f18d3671c8580568345ae284ad65728dec078eb06703a,2,train,0,train:DAPP::DAppSCAN-source/contracts/Trail_of_Bits-FraxQ42021/frax-solidity-bd40775e283923aa9e32a107abd426430a99835e::TokenVesting ; train:DAPP::DAppSCAN-source/contracts/Trail_of_Bits-FraxFinance/frax-solidity-3f0993a70e3496fd27887db7754d68709c84015e::TokenVesting,same_split_or_merge; quarantine_if_labels_conflict
exact_interaction_set_hash,25b1edff28131f430bb62c8f9089c67663e716b046cd2f4c40262d5ff75c8a52,5,train,0,train:DAPP::DAppSCAN-source/contracts/Trail_of_Bits-FraxQ42021/frax-solidity-bd40775e283923aa9e32a107abd426430a99835e::anyFXS ; train:DAPP::DAppSCAN-source/contracts/Trail_of_Bits-FraxQ42021/frax-solidity-bd40775e283923aa9e32a107abd426430a99835e::anyFRAX ; train:DAPP::DAppSCAN-source/contracts/Trail_of_Bits-FraxQ42021/frax-solidity-bd40775e283923aa9e32a107abd426430a99835e::AnyswapV4ERC20 ; train:DAPP::DAppSCAN-source/contracts/Trail_of_Bits-FraxQ42021/frax-solidity-bd40775e283923aa9e32a107abd426430a99835e::AnyswapV5ERC20 ; train:DAPP::DAppSCAN-source/contracts/Trail_of_Bits-FraxFinance/frax-solidity-3f0993a70e3496fd27887db7754d68709c84015e::AnyswapV4ERC20,same_split_or_merge; quarantine_if_labels_conflict
exact_interaction_set_hash,7aeaaa8562892e3fa69f7e265da3e0b96cd5ca6150f62b9295974c6bdf8a9091,3,train,0,train:DAPP::DAppSCAN-source/contracts/Trail_of_Bits-FraxQ42021/frax-solidity-bd40775e283923aa9e32a107abd426430a99835e::CrossChainCanonical ; train:DAPP::DAppSCAN-source/contracts/Trail_of_Bits-FraxQ42021/frax-solidity-bd40775e283923aa9e32a107abd426430a99835e::CrossChainCanonicalFXS ; train:DAPP::DAppSCAN-source/contracts/Trail_of_Bits-FraxQ42021/frax-solidity-bd40775e283923aa9e32a107abd426430a99835e::CrossChainCanonicalFRAX,same_split_or_merge; quarantine_if_labels_conflict
exact_interaction_set_hash,2b4b62a36cabe3ab8fd31ca459f1668479c6a190f08462b4caeac4685ce4036f,3,train,0,train:DAPP::DAppSCAN-source/contracts/Trail_of_Bits-FraxQ42021/frax-solidity-bd40775e283923aa9e32a107abd426430a99835e::FraxFarmBSC_Dual_V5 ; train:DAPP::DAppSCAN-source/contracts/Trail_of_Bits-FraxQ42021/frax-solidity-bd40775e283923aa9e32a107abd426430a99835e::FraxFarmBSC_Dual_FXS_IF ; train:DAPP::DAppSCAN-source/contracts/Trail_of_Bits-FraxQ42021/frax-solidity-bd40775e283923aa9e32a107abd426430a99835e::FraxFarmBSC_Dual_FRAX_IF,same_split_or_merge; quarantine_if_labels_conflict
exact_interaction_set_hash,4a6dcd18de4f650f1e90ff605fd59499098f1c81be0cc788258b7e38330e0a49,2,train,0,train:DAPP::DAppSCAN-source/contracts/Trail_of_Bits-FraxQ42021/frax-solidity-bd40775e283923aa9e32a107abd426430a99835e::MigratableFarmBSC ; train:DAPP::DAppSCAN-source/contracts/Trail_of_Bits-FraxQ42021/frax-solidity-bd40775e283923aa9e32a107abd426430a99835e::MigratableFarmBSC_FRAX_FXS,same_split_or_merge; quarantine_if_labels_conflict
exact_interaction_set_hash,a68ec9b0684e7cebd0b208df48792a2d74c2ac2558de9ef90d06d970f291ee42,2,train,0,train:DAPP::DAppSCAN-source/contracts/Trail_of_Bits-FraxQ42021/frax-solidity-bd40775e283923aa9e32a107abd426430a99835e::FraxLiquidityBridger_MOON_AnySwap ; train:DAPP::DAppSCAN-source/contracts/Trail_of_Bits-FraxQ42021/frax-solidity-bd40775e283923aa9e32a107abd426430a99835e::FraxLiquidityBridger_FTM_AnySwap,same_split_or_merge; quarantine_if_labels_conflict
exact_interaction_set_hash,7db4b586a245a0f2ec97be37f18e7e85fc2ebf773db83a52226d59e1d2538205,2,train,0,train:DAPP::DAppSCAN-source/contracts/Trail_of_Bits-FraxQ42021/frax-solidity-bd40775e283923aa9e32a107abd426430a99835e::CrossChainBridgeBacker_MOON_AnySwap ; train:DAPP::DAppSCAN-source/contracts/Trail_of_Bits-FraxQ42021/frax-solidity-bd40775e283923aa9e32a107abd426430a99835e::CrossChainBridgeBacker_FTM_AnySwap,same_split_or_merge; quarantine_if_labels_conflict
exact_interaction_set_hash,305ca727a931bf26c79be05cb38de71afdb5960609edd8c329d958b0bb46326c,2,train,0,train:DAPP::DAppSCAN-source/contracts/Trail_of_Bits-FraxQ42021/frax-solidity-bd40775e283923aa9e32a107abd426430a99835e::FraxPoolvAMM ; train:DAPP::DAppSCAN-source/contracts/Trail_of_Bits-FraxQ42021/frax-solidity-bd40775e283923aa9e32a107abd426430a99835e::PoolvAMM_USDC,same_split_or_merge; quarantine_if_labels_conflict
exact_interaction_set_hash,981e9260b2a4317c7e0832ff8646cf672e0c399a98dff79cf96423c70ec6d0ea,2,train,0,train:DAPP::DAppSCAN-source/contracts/Trail_of_Bits-FraxQ42021/frax-solidity-bd40775e283923aa9e32a107abd426430a99835e::Pool_USDC ; train:DAPP::DAppSCAN-source/contracts/Trail_of_Bits-FraxQ42021/frax-solidity-bd40775e283923aa9e32a107abd426430a99835e::FraxPool,same_split_or_merge; quarantine_if_labels_conflict
exact_interaction_set_hash,9dfd85366410f99260e67422b9b1cb61104b54f0c9b6c82debce18e6e1f54810,2,train,0,train:DAPP::DAppSCAN-source/contracts/Trail_of_Bits-FraxQ42021/frax-solidity-bd40775e283923aa9e32a107abd426430a99835e::TestDriftingReserves ; train:DAPP::DAppSCAN-source/contracts/Trail_of_Bits-FraxFinance/frax-solidity-3f0993a70e3496fd27887db7754d68709c84015e::TestDriftingReserves,same_split_or_merge; quarantine_if_labels_conflict
exact_interaction_set_hash,ef102dbc842c9b46807ac0768bfd6845e79f03281864806b3da0582eda23c3db,2,train,0,train:DAPP::DAppSCAN-source/contracts/Trail_of_Bits-FraxQ42021/frax-solidity-bd40775e283923aa9e32a107abd426430a99835e::FraxBondIssuer ; train:DAPP::DAppSCAN-source/contracts/Trail_of_Bits-FraxFinance/frax-solidity-3f0993a70e3496fd27887db7754d68709c84015e::FraxBondIssuer,same_split_or_merge; quarantine_if_labels_conflict
exact_interaction_set_hash,40cc55c91bd511d794306f74e7c11b40bf912c16b7f6be1b4e58e3bcc8b62300,4,train,0,train:DAPP::DAppSCAN-source/contracts/Trail_of_Bits-FraxQ42021/frax-solidity-bd40775e283923aa9e32a107abd426430a99835e::StakingRewardsDual ; train:DAPP::DAppSCAN-source/contracts/Trail_of_Bits-FraxQ42021/frax-solidity-bd40775e283923aa9e32a107abd426430a99835e::StakingRewardsDual_FXS_WETH_Sushi ; train:DAPP::DAppSCAN-source/contracts/Trail_of_Bits-FraxQ42021/frax-solidity-bd40775e283923aa9e32a107abd426430a99835e::StakingRewardsDual_FRAX3CRV ; train:DAPP::DAppSCAN-source/contracts/Trail_of_Bits-FraxQ42021/frax-solidity-bd40775e283923aa9e32a107abd426430a99835e::StakingRewardsDual_FRAX_FXS_Sushi,same_split_or_merge; quarantine_if_labels_conflict
exact_interaction_set_hash,a6a869b2014576df50c358b7f4d17c52485ac822ef22df694345d0144184e918,2,train,0,train:DAPP::DAppSCAN-source/contracts/Trail_of_Bits-FraxQ42021/frax-solidity-bd40775e283923aa9e32a107abd426430a99835e::StakingRewardsDualV2 ; train:DAPP::DAppSCAN-source/contracts/Trail_of_Bits-FraxQ42021/frax-solidity-bd40775e283923aa9e32a107abd426430a99835e::StakingRewardsDualV2_FRAX3CRV_V2,same_split_or_merge; quarantine_if_labels_conflict
exact_interaction_set_hash,4d578f7bc91cffa9417382e45272e3a2990364883d85c3e8ee47a9bc2cc4aab1,2,train,0,train:DAPP::DAppSCAN-source/contracts/Trail_of_Bits-FraxQ42021/frax-solidity-bd40775e283923aa9e32a107abd426430a99835e::StakingRewardsDualV4 ; train:DAPP::DAppSCAN-source/contracts/Trail_of_Bits-FraxQ42021/frax-solidity-bd40775e283923aa9e32a107abd426430a99835e::StakingRewardsDualV4_FRAX_OHM,same_split_or_merge; quarantine_if_labels_conflict
exact_interaction_set_hash,51bb8f18fdbc3565ec98a09fdb8b1ca97e2dc022928c56f99f304e299d392e28,5,train,0,train:DAPP::DAppSCAN-source/contracts/Trail_of_Bits-FraxQ42021/frax-solidity-bd40775e283923aa9e32a107abd426430a99835e::StakingRewards ; train:DAPP::DAppSCAN-source/contracts/Trail_of_Bits-FraxQ42021/frax-solidity-bd40775e283923aa9e32a107abd426430a99835e::Stake_FRAX_WETH ; train:DAPP::DAppSCAN-source/contracts/Trail_of_Bits-FraxQ42021/frax-solidity-bd40775e283923aa9e32a107abd426430a99835e::Stake_FXS_WETH ; train:DAPP::DAppSCAN-source/contracts/Trail_of_Bits-FraxQ42021/frax-solidity-bd40775e283923aa9e32a107abd426430a99835e::Stake_FRAX_USDC ; train:DAPP::DAppSCAN-source/contracts/Trail_of_Bits-FraxQ42021/frax-solidity-bd40775e283923aa9e32a107abd426430a99835e::Stake_FRAX_FXS,same_split_or_merge; quarantine_if_labels_conflict
exact_interaction_set_hash,0fdb72f5714198d3e729bf4a23e6702899f5de93d8a84d09c39a19b8240746cd,2,train,0,train:DAPP::DAppSCAN-source/contracts/Trail_of_Bits-FraxQ42021/frax-solidity-bd40775e283923aa9e32a107abd426430a99835e::StakingRewardsDualV3 ; train:DAPP::DAppSCAN-source/contracts/Trail_of_Bits-FraxQ42021/frax-solidity-bd40775e283923aa9e32a107abd426430a99835e::StakingRewardsDualV3_FRAX_IQ,same_split_or_merge; quarantine_if_labels_conflict
exact_interaction_set_hash,fa99e11c39509f1359ff731167154ae2b1852180aac11b9725fa15337aca1f11,4,train,0,train:DAPP::DAppSCAN-source/contracts/Trail_of_Bits-FraxQ42021/frax-solidity-bd40775e283923aa9e32a107abd426430a99835e::FraxBond_NFT ; train:DAPP::DAppSCAN-source/contracts/Trail_of_Bits-FraxQ42021/frax-solidity-bd40775e283923aa9e32a107abd426430a99835e::FXBA10000M3 ; train:DAPP::DAppSCAN-source/contracts/Trail_of_Bits-FraxFinance/frax-solidity-3f0993a70e3496fd27887db7754d68709c84015e::FraxBond_NFT ; train:DAPP::DAppSCAN-source/contracts/Trail_of_Bits-FraxFinance/frax-solidity-3f0993a70e3496fd27887db7754d68709c84015e::FXBA10000M3,same_split_or_merge; quarantine_if_labels_conflict
exact_interaction_set_hash,e823afd68f02275bf279305888b909a1ef96ddf9ed4d8b7eed6eed0d25714530,2,train,0,train:DAPP::DAppSCAN-source/contracts/Trail_of_Bits-88mph/88mph-contracts-76cd9d1fc45e65f5d0f686621fe6af85c40aa140::DInterest ; train:DAPP::DAppSCAN-source/contracts/Trail_of_Bits-88mph/88mph-contracts-76cd9d1fc45e65f5d0f686621fe6af85c40aa140::DInterestWithDepositFee,same_split_or_merge; quarantine_if_labels_conflict
exact_interaction_set_hash,9222e072e5b4b2627403f86f668ad463e1fdbc4a2b2b4436a9e36180c869af64,2,train,0,train:DAPP::DAppSCAN-source/contracts/Trail_of_Bits-88mph/88mph-contracts-76cd9d1fc45e65f5d0f686621fe6af85c40aa140::OneSplitDumper ; train:DAPP::DAppSCAN-source/contracts/Trail_of_Bits-88mph/88mph-contracts-76cd9d1fc45e65f5d0f686621fe6af85c40aa140::Dumper,same_split_or_merge; quarantine_if_labels_conflict
exact_interaction_set_hash,1e6d657ed000de61c6ea073c7a7c7f301b30eff5a41554251c1e12e8276e0bb5,2,train,0,train:DAPP::DAppSCAN-source/contracts/Runtime_Vеrification-Tracer_Perpetual_Pools_V2/perpetual-pools-contracts-846bbf62652d7c83aee1cf3766275c4d08b00c8a::ExposedLeveragedPool ; train:DAPP::DAppSCAN-source/contracts/Runtime_Vеrification-Tracer_Perpetual_Pools_V2/perpetual-pools-contracts-846bbf62652d7c83aee1cf3766275c4d08b00c8a::LeveragedPool,same_split_or_merge; quarantine_if_labels_conflict
exact_interaction_set_hash,c628ad8534ec333423ee91976ddd6f2fd8271d757424b0ba261dc0854e632074,2,train,0,train:DAPP::DAppSCAN-source/contracts/openzeppelin-Solo_Margin_Protocol/solo-17df84db351d5438e1b7437572722b4f52c8b2b4::TestSoloMargin ; train:DAPP::DAppSCAN-source/contracts/openzeppelin-Solo_Margin_Protocol/solo-17df84db351d5438e1b7437572722b4f52c8b2b4::SoloMargin,same_split_or_merge; quarantine_if_labels_conflict
exact_interaction_set_hash,78921d909d59f978456f3fc6ca643d1076972ae3ce6ff8f506b8ddc4d59de57e,3,train,0,train:DAPP::DAppSCAN-source/contracts/PeckShield-Rikkei/rifi-protocol-b33243fb3a218cc195f0727fe1499cb57f5ea0b2::Reservoir ; train:DAPP::DAppSCAN-source/contracts/PeckShield-Atlantis/atlantis-protocol-bsc-766acebba9316eced1c15abf6158b31f470a947f::Reservoir ; train:DAPP::DAppSCAN-source/contracts/Chainsecurity-Compound  cToken unredacted/compound-protocol-4a54ec5c55b66ea67d44b76f3056f0ed7229db8c::Reservoir,same_split_or_merge; quarantine_if_labels_conflict
exact_interaction_set_hash,173181fab9c6a4b504dabd325d94f9cd20d6e7b6595d5c134c743c266f84984a,4,train,0,train:DAPP::DAppSCAN-source/contracts/PeckShield-Rikkei/rifi-protocol-b33243fb3a218cc195f0727fe1499cb57f5ea0b2::RBep20Immutable ; train:DAPP::DAppSCAN-source/contracts/PeckShield-Rikkei/rifi-protocol-b33243fb3a218cc195f0727fe1499cb57f5ea0b2::RBep20 ; train:DAPP::DAppSCAN-source/contracts/PeckShield-Rikkei/rifi-protocol-b33243fb3a218cc195f0727fe1499cb57f5ea0b2::RBep20Delegate ; train:DAPP::DAppSCAN-source/contracts/PeckShield-Rikkei/rifi-protocol-b33243fb3a218cc195f0727fe1499cb57f5ea0b2::RBep20DelegateCertora,same_split_or_merge; quarantine_if_labels_conflict
exact_interaction_set_hash,a508460981d406ef99f0304b28519f2e759a7923bb5ef9d0df4598a99e6ae912,2,train,0,train:DAPP::DAppSCAN-source/contracts/PeckShield-Rikkei/rifi-protocol-b33243fb3a218cc195f0727fe1499cb57f5ea0b2::RBinance ; train:DAPP::DAppSCAN-source/contracts/PeckShield-Rikkei/rifi-protocol-b33243fb3a218cc195f0727fe1499cb57f5ea0b2::RBinanceCertora,same_split_or_merge; quarantine_if_labels_conflict
exact_interaction_set_hash,9e89668bb215eba9cecd2e5553bdbff12766a903d58e34c242832d1771b229f3,3,train,0,train:DAPP::DAppSCAN-source/contracts/PeckShield-Rikkei/rifi-protocol-b33243fb3a218cc195f0727fe1499cb57f5ea0b2::Cointroller ; train:DAPP::DAppSCAN-source/contracts/PeckShield-Rikkei/rifi-protocol-b33243fb3a218cc195f0727fe1499cb57f5ea0b2::CointrollerKovan ; train:DAPP::DAppSCAN-source/contracts/PeckShield-Rikkei/rifi-protocol-b33243fb3a218cc195f0727fe1499cb57f5ea0b2::CointrollerRopsten,same_split_or_merge; quarantine_if_labels_conflict
exact_interaction_set_hash,23713ad887048b60addbc7084a5cb35327f8084d702491c9b7c80228efe3a85e,6,train,0,train:DAPP::DAppSCAN-source/contracts/PeckShield-Rikkei/rifi-protocol-b33243fb3a218cc195f0727fe1499cb57f5ea0b2::CanReclaimToken ; train:DAPP::DAppSCAN-source/contracts/PeckShield-Rikkei/rifi-protocol-b33243fb3a218cc195f0727fe1499cb57f5ea0b2::OwnableContract ; train:DAPP::DAppSCAN-source/contracts/PeckShield-Rikkei/rifi-protocol-b33243fb3a218cc195f0727fe1499cb57f5ea0b2::WBTRToken ; train:DAPP::DAppSCAN-source/contracts/PeckShield-Atlantis/atlantis-protocol-bsc-766acebba9316eced1c15abf6158b31f470a947f::CanReclaimToken ; train:DAPP::DAppSCAN-source/contracts/PeckShield-Atlantis/atlantis-protocol-bsc-766acebba9316eced1c15abf6158b31f470a947f::OwnableContract ; train:DAPP::DAppSCAN-source/contracts/PeckShield-Atlantis/atlantis-protocol-bsc-766acebba9316eced1c15abf6158b31f470a947f::WBTAToken,same_split_or_merge; quarantine_if_labels_conflict
exact_interaction_set_hash,0c2e5a19564d1f68db51795edde71b6ed7929a96cec9538fe785b0d5e43b2dae,4,train,0,train:DAPP::DAppSCAN-source/contracts/PeckShield-Rikkei/rifi-protocol-b33243fb3a218cc195f0727fe1499cb57f5ea0b2::RBep20Scenario ; train:DAPP::DAppSCAN-source/contracts/PeckShield-Rikkei/rifi-protocol-b33243fb3a218cc195f0727fe1499cb57f5ea0b2::CEvil ; train:DAPP::DAppSCAN-source/contracts/PeckShield-Rikkei/rifi-protocol-b33243fb3a218cc195f0727fe1499cb57f5ea0b2::RBep20DelegateScenario ; train:DAPP::DAppSCAN-source/contracts/PeckShield-Rikkei/rifi-protocol-b33243fb3a218cc195f0727fe1499cb57f5ea0b2::RBep20DelegateScenarioExtra,same_split_or_merge; quarantine_if_labels_conflict
exact_interaction_set_hash,8ac7da97ea985d02594d45a40164074b8673cb4dd80adf5db0bb5130c82f22fc,3,train,0,train:DAPP::DAppSCAN-source/contracts/PeckShield-Rikkei/rifi-protocol-b33243fb3a218cc195f0727fe1499cb57f5ea0b2::RBep20DelegatorCertora ; train:DAPP::DAppSCAN-source/contracts/PeckShield-Atlantis/atlantis-protocol-bsc-766acebba9316eced1c15abf6158b31f470a947f::ABep20DelegatorCertora ; train:DAPP::DAppSCAN-source/contracts/Chainsecurity-Compound  cToken unredacted/compound-protocol-4a54ec5c55b66ea67d44b76f3056f0ed7229db8c::CErc20DelegatorCertora,same_split_or_merge; quarantine_if_labels_conflict
exact_interaction_set_hash,78a13e0a2d3092aa486fbaac1e75a4ce8a30ecf128e1d208570b6e0fd146c3a2,4,train,0,train:DAPP::DAppSCAN-source/contracts/PeckShield-Rikkei/rifi-protocol-b33243fb3a218cc195f0727fe1499cb57f5ea0b2::GemJoin ; train:DAPP::DAppSCAN-source/contracts/PeckShield-Atlantis/atlantis-protocol-bsc-766acebba9316eced1c15abf6158b31f470a947f::GemJoin ; train:DAPP::DAppSCAN-source/contracts/Trail_of_Bits-YieldProtocol/fyDai-4422fda75931f2bfea49f5041ec90dc026e5c03d::GemJoin ; train:DAPP::DAppSCAN-source/contracts/Chainsecurity-Compound  cToken unredacted/compound-protocol-4a54ec5c55b66ea67d44b76f3056f0ed7229db8c::GemJoin,same_split_or_merge; quarantine_if_labels_conflict
exact_interaction_set_hash,8962cca7cf76c1b04bf08e01265a49b78fc7bf3006c3ab37f9c7febe8573a95e,3,train,0,train:DAPP::DAppSCAN-source/contracts/PeckShield-Rikkei/rifi-protocol-b33243fb3a218cc195f0727fe1499cb57f5ea0b2::ETHJoin ; train:DAPP::DAppSCAN-source/contracts/Trail_of_Bits-YieldProtocol/fyDai-4422fda75931f2bfea49f5041ec90dc026e5c03d::ETHJoin ; train:DAPP::DAppSCAN-source/contracts/Chainsecurity-Compound  cToken unredacted/compound-protocol-4a54ec5c55b66ea67d44b76f3056f0ed7229db8c::ETHJoin,same_split_or_merge; quarantine_if_labels_conflict
exact_interaction_set_hash,699e07e5cc4678378cfb24f5f2862c69f6924647a9517e110c7680b08aea294d,4,train,0,train:DAPP::DAppSCAN-source/contracts/PeckShield-Rikkei/rifi-protocol-b33243fb3a218cc195f0727fe1499cb57f5ea0b2::DaiJoin ; train:DAPP::DAppSCAN-source/contracts/PeckShield-Atlantis/atlantis-protocol-bsc-766acebba9316eced1c15abf6158b31f470a947f::DaiJoin ; train:DAPP::DAppSCAN-source/contracts/Trail_of_Bits-YieldProtocol/fyDai-4422fda75931f2bfea49f5041ec90dc026e5c03d::DaiJoin ; train:DAPP::DAppSCAN-source/contracts/Chainsecurity-Compound  cToken unredacted/compound-protocol-4a54ec5c55b66ea67d44b76f3056f0ed7229db8c::DaiJoin,same_split_or_merge; quarantine_if_labels_conflict
exact_interaction_set_hash,de2ff9b2bdefbea80026553698185e992d069a429d90c44d5dbd9614cfc5bf68,3,train,0,train:DAPP::DAppSCAN-source/contracts/PeckShield-Rikkei/rifi-protocol-b33243fb3a218cc195f0727fe1499cb57f5ea0b2::Pot ; train:DAPP::DAppSCAN-source/contracts/PeckShield-Atlantis/atlantis-protocol-bsc-766acebba9316eced1c15abf6158b31f470a947f::Pot ; train:DAPP::DAppSCAN-source/contracts/Chainsecurity-Compound  cToken unredacted/compound-protocol-4a54ec5c55b66ea67d44b76f3056f0ed7229db8c::Pot,same_split_or_merge; quarantine_if_labels_conflict
exact_interaction_set_hash,e17100050ef678ef25b84ffe2d94c61528b8c0d6a15cd8d41ad2a79f2430292c,4,test|train,0,train:DAPP::DAppSCAN-source/contracts/PeckShield-DarkCrypto/darkcrypto-contracts-fee5be8d36459aebed2b84e6493875b3dc0366fd::Timelock ; train:DAPP::DAppSCAN-source/contracts/QuillAudits-Bond Appetit-Bond Appetit/bondappetit-protocol-355180f0aca0b29d60d808f761052956b7a3a159::Timelock ; train:DAPP::DAppSCAN-source/contracts/PeckShield-DSG/core-6f607f77698936e132e4e9b5cb4d75580636d919::Timelock ; test:DAPP::DAppSCAN-source/contracts/PeckShield-TranchessV1.1/contract-core-68a86350313c1cb9e5467e791d3e9efaf228a0df::Timelock,same_split_or_merge; quarantine_if_labels_conflict
exact_interaction_set_hash,ac3f4c999c64a7f83761bbb752e33efca73a6b0a58789683a57c38df52d1e9fc,2,train,0,train:DAPP::DAppSCAN-source/contracts/PeckShield-DarkCrypto/darkcrypto-contracts-fee5be8d36459aebed2b84e6493875b3dc0366fd::DarkCrypto ; train:DAPP::DAppSCAN-source/contracts/PeckShield-DarkCrypto/darkcrypto-contracts-fee5be8d36459aebed2b84e6493875b3dc0366fd::MorkDarkCrypto,same_split_or_merge; quarantine_if_labels_conflict
exact_interaction_set_hash,703c8c517a0cef662cff53c65b715d736b7524a7c1b24406ff77240576e6f770,3,train,0,train:DAPP::DAppSCAN-source/contracts/consensys-Skyweaver/Skyweaver-contracts-bde0c184db6168bf86656a48b12d5747950b54d9::SkyweaverCurrencies ; train:DAPP::DAppSCAN-source/contracts/consensys-Skyweaver/Skyweaver-contracts-bde0c184db6168bf86656a48b12d5747950b54d9::SkyweaverAssets ; train:DAPP::DAppSCAN-source/contracts/consensys-Skyweaver/Skyweaver-contracts-bde0c184db6168bf86656a48b12d5747950b54d9::SWSupplyManager,same_split_or_merge; quarantine_if_labels_conflict
exact_interaction_set_hash,968f78fd3ee15925ac65afe52055d50fff6dc121e25d5f3bb6b9e7eee79697e5,3,train,0,train:DAPP::DAppSCAN-source/contracts/PeckShield-BabySwap/code::SyrupBar ; train:DAPP::DAppSCAN-source/contracts/Inspex-Optimized Worker/bsc-alpaca-contract-1aee2ceec77e3fd3162b74858c846cdc5692928d::SyrupBar ; train:DAPP::DAppSCAN-source/contracts/Inspex-SpookySwap Integration & Fantom Expansion/bsc-alpaca-contract-4553a34a6dcfcfbf7aebc693bb5c5c6074c73129::SyrupBar,same_split_or_merge; quarantine_if_labels_conflict
exact_interaction_set_hash,03fbaa6f909dd74775cb6abdb15edd790da003c9ce2b7f54236c83b6d62afebf,2,train,0,train:DAPP::DAppSCAN-source/contracts/PeckShield-Atlantis/atlantis-protocol-bsc-766acebba9316eced1c15abf6158b31f470a947f::ComptrollerG5 ; train:DAPP::DAppSCAN-source/contracts/PeckShield-Atlantis/atlantis-protocol-bsc-766acebba9316eced1c15abf6158b31f470a947f::ComptrollerScenarioG5,same_split_or_merge; quarantine_if_labels_conflict
exact_interaction_set_hash,e56ea6c4a438eacb4ec85812d2262bbf8668c902495f9d0f34ec55d32755715a,2,train,0,train:DAPP::DAppSCAN-source/contracts/PeckShield-Atlantis/atlantis-protocol-bsc-766acebba9316eced1c15abf6158b31f470a947f::ABNB ; train:DAPP::DAppSCAN-source/contracts/PeckShield-Atlantis/atlantis-protocol-bsc-766acebba9316eced1c15abf6158b31f470a947f::ABNBCertora,same_split_or_merge; quarantine_if_labels_conflict
exact_interaction_set_hash,4210631daeb084b773358c98679dc31a83bea352d44aeac968ee486cf3ab7aaf,4,train,0,train:DAPP::DAppSCAN-source/contracts/PeckShield-Atlantis/atlantis-protocol-bsc-766acebba9316eced1c15abf6158b31f470a947f::ABep20Immutable ; train:DAPP::DAppSCAN-source/contracts/PeckShield-Atlantis/atlantis-protocol-bsc-766acebba9316eced1c15abf6158b31f470a947f::ABep20 ; train:DAPP::DAppSCAN-source/contracts/PeckShield-Atlantis/atlantis-protocol-bsc-766acebba9316eced1c15abf6158b31f470a947f::ABep20Delegate ; train:DAPP::DAppSCAN-source/contracts/PeckShield-Atlantis/atlantis-protocol-bsc-766acebba9316eced1c15abf6158b31f470a947f::ABep20DelegateCertora,same_split_or_merge; quarantine_if_labels_conflict
exact_interaction_set_hash,a7c9509c1bc0b56dc4afd18b902c4bec2a9abd2c2340e1bdb18a675f44100a8e,2,train,0,train:DAPP::DAppSCAN-source/contracts/PeckShield-Atlantis/atlantis-protocol-bsc-766acebba9316eced1c15abf6158b31f470a947f::ComptrollerG2 ; train:DAPP::DAppSCAN-source/contracts/PeckShield-Atlantis/atlantis-protocol-bsc-766acebba9316eced1c15abf6158b31f470a947f::ComptrollerScenarioG2,same_split_or_merge; quarantine_if_labels_conflict
exact_interaction_set_hash,a0449c46fcbfb557acf6504eed659c2008b900347242f11dd3938f6b86cbde57,3,train,0,train:DAPP::DAppSCAN-source/contracts/PeckShield-Atlantis/atlantis-protocol-bsc-766acebba9316eced1c15abf6158b31f470a947f::Comptroller ; train:DAPP::DAppSCAN-source/contracts/PeckShield-Atlantis/atlantis-protocol-bsc-766acebba9316eced1c15abf6158b31f470a947f::ComptrollerKovan ; train:DAPP::DAppSCAN-source/contracts/PeckShield-Atlantis/atlantis-protocol-bsc-766acebba9316eced1c15abf6158b31f470a947f::ComptrollerRopsten,same_split_or_merge; quarantine_if_labels_conflict
exact_interaction_set_hash,5b12ffe99e16bd1e14a1c8c67730d2d4334e52ed3de05029d8bca45d79096457,2,train,0,train:DAPP::DAppSCAN-source/contracts/PeckShield-Atlantis/atlantis-protocol-bsc-766acebba9316eced1c15abf6158b31f470a947f::ComptrollerG3 ; train:DAPP::DAppSCAN-source/contracts/PeckShield-Atlantis/atlantis-protocol-bsc-766acebba9316eced1c15abf6158b31f470a947f::ComptrollerScenarioG3,same_split_or_merge; quarantine_if_labels_conflict
exact_interaction_set_hash,76c482625f19c18bef313f1340876da1b6fe62376d21334b856d8242daee79ee,2,train,0,train:DAPP::DAppSCAN-source/contracts/PeckShield-Atlantis/atlantis-protocol-bsc-766acebba9316eced1c15abf6158b31f470a947f::ComptrollerG4 ; train:DAPP::DAppSCAN-source/contracts/PeckShield-Atlantis/atlantis-protocol-bsc-766acebba9316eced1c15abf6158b31f470a947f::ComptrollerScenarioG4,same_split_or_merge; quarantine_if_labels_conflict
exact_interaction_set_hash,dbf9ab93fd459095b5f57c11572517fe8fa52c8f90ede3c8bc5331cd7f81a833,2,train,0,train:DAPP::DAppSCAN-source/contracts/PeckShield-Atlantis/atlantis-protocol-bsc-766acebba9316eced1c15abf6158b31f470a947f::ComptrollerG6 ; train:DAPP::DAppSCAN-source/contracts/PeckShield-Atlantis/atlantis-protocol-bsc-766acebba9316eced1c15abf6158b31f470a947f::ComptrollerScenarioG6,same_split_or_merge; quarantine_if_labels_conflict
exact_interaction_set_hash,7032c843a8b868859fe1ebf4c66482aec96a933d3bf98048009d7beabbaef7e1,4,train,0,train:DAPP::DAppSCAN-source/contracts/PeckShield-Atlantis/atlantis-protocol-bsc-766acebba9316eced1c15abf6158b31f470a947f::ABep20Scenario ; train:DAPP::DAppSCAN-source/contracts/PeckShield-Atlantis/atlantis-protocol-bsc-766acebba9316eced1c15abf6158b31f470a947f::CEvil ; train:DAPP::DAppSCAN-source/contracts/PeckShield-Atlantis/atlantis-protocol-bsc-766acebba9316eced1c15abf6158b31f470a947f::ABep20DelegateScenario ; train:DAPP::DAppSCAN-source/contracts/PeckShield-Atlantis/atlantis-protocol-bsc-766acebba9316eced1c15abf6158b31f470a947f::ABep20DelegateScenarioExtra,same_split_or_merge; quarantine_if_labels_conflict
exact_interaction_set_hash,e3c20de415a8776adb5fec3e2b559017fd4c9b0fca87ba08f156330673b219db,7,train,0,train:DAPP::DAppSCAN-source/contracts/SlowMist-CFFv2 Smart Contract Security Audit Report/cff-contract-v2-c86bef3f13c7585f547f9cd0ca900f94664e96b7::ERC20Base ; train:DAPP::DAppSCAN-source/contracts/SlowMist-CFFv2 Smart Contract Security Audit Report/cff-contract-v2-c86bef3f13c7585f547f9cd0ca900f94664e96b7::CRV ; train:DAPP::DAppSCAN-source/contracts/SlowMist-CFFv2 Smart Contract Security Audit Report/cff-contract-v2-c86bef3f13c7585f547f9cd0ca900f94664e96b7::WBTC ; train:DAPP::DAppSCAN-source/contracts/SlowMist-CFFv2 Smart Contract Security Audit Report/cff-contract-v2-c86bef3f13c7585f547f9cd0ca900f94664e96b7::USDT ; train:DAPP::DAppSCAN-source/contracts/SlowMist-CFFv2 Smart Contract Security Audit Report/cff-contract-v2-c86bef3f13c7585f547f9cd0ca900f94664e96b7::StdERC20 ; train:DAPP::DAppSCAN-source/contracts/SlowMist-CFFv2 Smart Contract Security Audit Report/cff-contract-v2-c86bef3f13c7585f547f9cd0ca900f94664e96b7::USDC ; train:DAPP::DAppSCAN-source/contracts/SlowMist-CFFv2 Smart Contract Security Audit Report/cff-contract-v2-c86bef3f13c7585f547f9cd0ca900f94664e96b7::TestERC20,same_split_or_merge; quarantine_if_labels_conflict
exact_interaction_set_hash,7e17e79f3c8784e0de8f364a1e913077752606fed3eb309505e38ebbef15d2ed,2,train,0,train:DAPP::DAppSCAN-source/contracts/SlowMist-CFFv2 Smart Contract Security Audit Report/cff-contract-v2-c86bef3f13c7585f547f9cd0ca900f94664e96b7::hack2eth ; train:DAPP::DAppSCAN-source/contracts/SlowMist-CFFv2 Smart Contract Security Audit Report/cff-contract-v2-c86bef3f13c7585f547f9cd0ca900f94664e96b7::hack2,same_split_or_merge; quarantine_if_labels_conflict
exact_interaction_set_hash,778498a13c55998e90c8764ad8adb52b0e7e85b9408ab25dfa52b36f181fae0b,2,train,0,train:DAPP::DAppSCAN-source/contracts/SlowMist-CFFv2 Smart Contract Security Audit Report/cff-contract-v2-c86bef3f13c7585f547f9cd0ca900f94664e96b7::AlusdPoolV2 ; train:DAPP::DAppSCAN-source/contracts/SlowMist-CFFv2 Smart Contract Security Audit Report/cff-contract-v2-c86bef3f13c7585f547f9cd0ca900f94664e96b7::LusdPool,same_split_or_merge; quarantine_if_labels_conflict
exact_interaction_set_hash,183822a0dca935c10ad3c4a3a489e50710f27d9d52773f69c8644ca8b0f88c75,2,train,0,train:DAPP::DAppSCAN-source/contracts/SlowMist-CFFv2 Smart Contract Security Audit Report/cff-contract-v2-c86bef3f13c7585f547f9cd0ca900f94664e96b7::YPool ; train:DAPP::DAppSCAN-source/contracts/SlowMist-CFFv2 Smart Contract Security Audit Report/cff-contract-v2-c86bef3f13c7585f547f9cd0ca900f94664e96b7::BUSDPool,same_split_or_merge; quarantine_if_labels_conflict
exact_interaction_set_hash,eadebe78399e47f88a969160fa46dfe6f5da9aea9d71c2cafae14bd7026a9077,2,train,0,train:DAPP::DAppSCAN-source/contracts/SlowMist-CFFv2 Smart Contract Security Audit Report/cff-contract-v2-c86bef3f13c7585f547f9cd0ca900f94664e96b7::TbtcPool ; train:DAPP::DAppSCAN-source/contracts/SlowMist-CFFv2 Smart Contract Security Audit Report/cff-contract-v2-c86bef3f13c7585f547f9cd0ca900f94664e96b7::BbtcPool,same_split_or_merge; quarantine_if_labels_conflict
exact_interaction_set_hash,a12ebe2668443dff9e3a0ef029ddafd0f98981baa2b003f272c4a1b6c45477ec,2,train,0,train:DAPP::DAppSCAN-source/contracts/SlowMist-CFFv2 Smart Contract Security Audit Report/cff-contract-v2-c86bef3f13c7585f547f9cd0ca900f94664e96b7::StethPool ; train:DAPP::DAppSCAN-source/contracts/SlowMist-CFFv2 Smart Contract Security Audit Report/cff-contract-v2-c86bef3f13c7585f547f9cd0ca900f94664e96b7::SethPool,same_split_or_merge; quarantine_if_labels_conflict
exact_interaction_set_hash,a4170a1e4bf5c2fba0e35930ac0e79b9d7a6b23c6906f24d1251100ccf709c3f,2,train|val,0,train:DAPP::DAppSCAN-source/contracts/PeckShield-MilkySwap/milkyswap-59f163e9959cf8bae4a521a9648219b553312e07::UniswapV2Factory ; val:DAPP::DAppSCAN-source/contracts/PeckShield-SushiSwap/sushiswap-180bc9b642bba79c1ee4a63f71a3a0d36e64aa63::UniswapV2Factory,same_split_or_merge; quarantine_if_labels_conflict
exact_interaction_set_hash,5d162c4fce02b519ba2b2b34be3ba049f6ae116ae51e8bef25751bb49465d50d,2,train,0,"train:DAPP::DAppSCAN-source/contracts/PeckShield-MilkySwap/milkyswap-59f163e9959cf8bae4a521a9648219b553312e07::UniswapV2Router02 ; train:DAPP::DAppSCAN-source/contracts/Inspex-StakingPool, Vault, Strategy & VotingEscrow/scientix-contract-main::UniswapV2Router02",same_split_or_merge; quarantine_if_labels_conflict
exact_interaction_set_hash,5d320e30ffdf5f460d8ca9ef63a0cd7ff63ae71cb241b77e47303ab379a94748,15,train,0,train:DAPP::DAppSCAN-source/contracts/consensys-Fei_Protocol_v2_Phase_1/fei-protocol-core-5e3e2ab889f06831f4fe2e8460066ded40ccf0a8::ConstantOracle ; train:DAPP::DAppSCAN-source/contracts/consensys-Fei_Protocol_v2_Phase_1/fei-protocol-core-5e3e2ab889f06831f4fe2e8460066ded40ccf0a8::CoreRef ; train:DAPP::DAppSCAN-source/contracts/consensys-Fei_Protocol_v2_Phase_1/fei-protocol-core-5e3e2ab889f06831f4fe2e8460066ded40ccf0a8::Incentivized ; train:DAPP::DAppSCAN-source/contracts/consensys-Fei_Protocol_v2_Phase_1/fei-protocol-core-5e3e2ab889f06831f4fe2e8460066ded40ccf0a8::RateLimited ; train:DAPP::DAppSCAN-source/contracts/consensys-Fei_Protocol_v2_Phase_1/fei-protocol-core-5e3e2ab889f06831f4fe2e8460066ded40ccf0a8::RateLimitedMinter ; train:DAPP::DAppSCAN-source/contracts/consensys-Fei_Protocol_v2_Phase_1/fei-protocol-core-5e3e2ab889f06831f4fe2e8460066ded40ccf0a8::PCVDeposit ; train:DAPP::DAppSCAN-source/contracts/consensys-Fei_Protocol_v2_Phase_1/fei-protocol-core-5e3e2ab889f06831f4fe2e8460066ded40ccf0a8::OptimisticTimelock ; train:DAPP::DAppSCAN-source/contracts/consensys-Fei_Protocol_v2_Phase_1/fei-protocol-core-5e3e2ab889f06831f4fe2e8460066ded40ccf0a8::FeiTimedMinter ; train:DAPP::DAppSCAN-source/contracts/consensys-Fei_Protocol_v2_Phase_1/fei-protocol-core-5e3e2ab889f06831f4fe2e8460066ded40ccf0a8::TestOldRatioPCVController ; train:DAPP::DAppSCAN-source/contracts/consensys-Fei_Protocol_v2_Phase_1/fei-protocol-core-5e3e2ab889f06831f4fe2e8460066ded40ccf0a8::RatioPCVController ; train:DAPP::DAppSCAN-source/contracts/consensys-Fei_Protocol_v2_Phase_1/fei-protocol-core-5e3e2ab889f06831f4fe2e8460066ded40ccf0a8::PCVSplitter ; train:DAPP::DAppSCAN-source/contracts/consensys-Fei_Protocol_v2_Phase_1/fei-protocol-core-5e3e2ab889f06831f4fe2e8460066ded40ccf0a8::StaticPCVDepositWrapper ; train:DAPP::DAppSCAN-source/contracts/consensys-Fei_Protocol_v2_Phase_1/fei-protocol-core-5e3e2ab889f06831f4fe2e8460066ded40ccf0a8::WethPCVDeposit ; train:DAPP::DAppSCAN-source/contracts/consensys-Fei_Protocol_v2_Phase_1/fei-protocol-core-5e3e2ab889f06831f4fe2e8460066ded40ccf0a8::BaseBalancerPoolManager ; train:DAPP::DAppSCAN-source/contracts/consensys-Fei_Protocol_v2_Phase_1/fei-protocol-core-5e3e2ab889f06831f4fe2e8460066ded40ccf0a8::WeightedBalancerPoolManager,same_split_or_merge; quarantine_if_labels_conflict
exact_interaction_set_hash,0e7c4adbe95e91ef6b5958cc6737238c90d52b47d948c9443dd9377b357d79e6,2,train,0,train:DAPP::DAppSCAN-source/contracts/consensys-Fei_Protocol_v2_Phase_1/fei-protocol-core-5e3e2ab889f06831f4fe2e8460066ded40ccf0a8::OracleRef ; train:DAPP::DAppSCAN-source/contracts/consensys-Fei_Protocol_v2_Phase_1/fei-protocol-core-5e3e2ab889f06831f4fe2e8460066ded40ccf0a8::EthReserveStabilizer,same_split_or_merge; quarantine_if_labels_conflict
exact_interaction_set_hash,9de38a486b6c79a0f2cdb92862fe08526f52b8b571d87aa44dc8f56c9515ffc3,2,train,0,train:DAPP::DAppSCAN-source/contracts/consensys-Fei_Protocol_v2_Phase_1/fei-protocol-core-5e3e2ab889f06831f4fe2e8460066ded40ccf0a8::Decimal ; train:DAPP::DAppSCAN-source/contracts/consensys-Fei_Protocol/fei-protocol-core-ff892c5d0b9697f249d713bbb2b3bd1da7980ed2::Decimal,same_split_or_merge; quarantine_if_labels_conflict
exact_interaction_set_hash,6f814edff15ef76504a01db9bafc4f6a9924780137b522ad5aaf963800735ca5,6,train,0,train:DAPP::DAppSCAN-source/contracts/openzeppelin-Optimism/contracts-18e128343731b9bde23812ce932e24d81440b6b7::Lib_AddressResolver ; train:DAPP::DAppSCAN-source/contracts/openzeppelin-Optimism/contracts-18e128343731b9bde23812ce932e24d81440b6b7::OVM_StateTransitionerFactory ; train:DAPP::DAppSCAN-source/contracts/openzeppelin-Optimism/contracts-18e128343731b9bde23812ce932e24d81440b6b7::Abs_FraudContributor ; train:DAPP::DAppSCAN-source/contracts/openzeppelin-Optimism/contracts-18e128343731b9bde23812ce932e24d81440b6b7::OVM_L1ETHGateway ; train:DAPP::DAppSCAN-source/contracts/openzeppelin-Optimism/contracts-18e128343731b9bde23812ce932e24d81440b6b7::OVM_L1MultiMessageRelayer ; train:DAPP::DAppSCAN-source/contracts/openzeppelin-Optimism/contracts-18e128343731b9bde23812ce932e24d81440b6b7::mockOVM_BondManager,same_split_or_merge; quarantine_if_labels_conflict
exact_interaction_set_hash,33a4dd590f285f2710fb8f55f8cd6888efc84c78aa66ea3832a08742ecc51c2e,2,train,0,train:DAPP::DAppSCAN-source/contracts/BlockSec-blocksec_impossible_finance_swap_v1.2/impossible-swap-core-29aaef89f996acdbee92b67c4d95fb608dc8b876::ImpossibleERC20 ; train:DAPP::DAppSCAN-source/contracts/BlockSec-blocksec_impossible_finance_swap_v1.2/impossible-swap-core-29aaef89f996acdbee92b67c4d95fb608dc8b876::ERC20,same_split_or_merge; quarantine_if_labels_conflict
exact_interaction_set_hash,229f00a2d708d18fccc33beae2dda1814be0b0e70b3abcb582c5bf998f21a6e9,2,train,0,train:DAPP::DAppSCAN-source/contracts/SlowMist-Starcrazy Smart Contract Security Audit Report/starcrazy-contracts-e9e11d234ac065726e108a73dfcd5efbad26f2c5::DSToken ; train:DAPP::DAppSCAN-source/contracts/SlowMist-Starcrazy Smart Contract Security Audit Report/starcrazy-contracts-e9e11d234ac065726e108a73dfcd5efbad26f2c5::DSAuth,same_split_or_merge; quarantine_if_labels_conflict
exact_interaction_set_hash,7026a35bcd142abf9d806c08d3bfa2abb98011cae52a1f5ca1abe8c9d0fba9db,2,train,0,train:DAPP::DAppSCAN-source/contracts/SlowMist-Starcrazy Smart Contract Security Audit Report/starcrazy-contracts-e9e11d234ac065726e108a73dfcd5efbad26f2c5::AlianaOwnership ; train:DAPP::DAppSCAN-source/contracts/SlowMist-Starcrazy Smart Contract Security Audit Report/starcrazy-contracts-e9e11d234ac065726e108a73dfcd5efbad26f2c5::AlianaBase,same_split_or_merge; quarantine_if_labels_conflict
exact_interaction_set_hash,c124c9c277393c7bbc2e083bfa580d9674607ee6087622e909f2e14c18c237b9,3,train,0,train:DAPP::DAppSCAN-source/contracts/SlowMist-Starcrazy Smart Contract Security Audit Report/starcrazy-contracts-e9e11d234ac065726e108a73dfcd5efbad26f2c5::NFTokenMetadata ; train:DAPP::DAppSCAN-source/contracts/SlowMist-Starcrazy Smart Contract Security Audit Report/starcrazy-contracts-e9e11d234ac065726e108a73dfcd5efbad26f2c5::NFToken ; train:DAPP::DAppSCAN-source/contracts/SlowMist-Starcrazy Smart Contract Security Audit Report/starcrazy-contracts-e9e11d234ac065726e108a73dfcd5efbad26f2c5::NFTokenEnumerable,same_split_or_merge; quarantine_if_labels_conflict
exact_interaction_set_hash,f31af83891cc86f1c9b42a4140e34ad4c2eca53703a5b05c8d865732b6d8c44b,2,train,0,train:DAPP::DAppSCAN-source/contracts/consensys-MCDEX_Mai_Protocol_V2/mai-protocol-v2-4b198083ec4ae2d6851e101fc44ea333eaa3cd92::Collateral ; train:DAPP::DAppSCAN-source/contracts/consensys-MCDEX_Mai_Protocol_V2/mai-protocol-v2-4b198083ec4ae2d6851e101fc44ea333eaa3cd92::TestCollateral,same_split_or_merge; quarantine_if_labels_conflict
exact_interaction_set_hash,9be3d3b6462409e58eac6f26d951a566731297095fa2c39903f026696d079275,2,train,0,train:DAPP::DAppSCAN-source/contracts/consensys-MCDEX_Mai_Protocol_V2/mai-protocol-v2-4b198083ec4ae2d6851e101fc44ea333eaa3cd92::Position ; train:DAPP::DAppSCAN-source/contracts/consensys-MCDEX_Mai_Protocol_V2/mai-protocol-v2-4b198083ec4ae2d6851e101fc44ea333eaa3cd92::TestPosition,same_split_or_merge; quarantine_if_labels_conflict
exact_interaction_set_hash,2d45abde48991bde31d93f27c6a9ccf172530f6cf3275fa0722bd3210d324d39,2,train,0,train:DAPP::DAppSCAN-source/contracts/consensys-MCDEX_Mai_Protocol_V2/mai-protocol-v2-4b198083ec4ae2d6851e101fc44ea333eaa3cd92::Perpetual ; train:DAPP::DAppSCAN-source/contracts/consensys-MCDEX_Mai_Protocol_V2/mai-protocol-v2-4b198083ec4ae2d6851e101fc44ea333eaa3cd92::TestPerpetual,same_split_or_merge; quarantine_if_labels_conflict
exact_interaction_set_hash,64597197c856cb54f63bd721c1d7e88f85b8303265d02c0cb75d7c29b2c40e22,2,test|train,0,train:DAPP::DAppSCAN-source/contracts/PeckShield-Tranchessv1.0/contract-core-5ac3d997da3ef37b0135565a11c5ebcc519862aa::BscAprOracle ; test:DAPP::DAppSCAN-source/contracts/PeckShield-TranchessV1.1/contract-core-68a86350313c1cb9e5467e791d3e9efaf228a0df::BscAprOracle,same_split_or_merge; quarantine_if_labels_conflict
exact_interaction_set_hash,55a16e7b939cd36a84e2f9214302c214804ba1219d3d05607c5bbf6216b08d8c,2,test|train,0,train:DAPP::DAppSCAN-source/contracts/PeckShield-Tranchessv1.0/contract-core-5ac3d997da3ef37b0135565a11c5ebcc519862aa::AprOracle ; test:DAPP::DAppSCAN-source/contracts/PeckShield-TranchessV1.1/contract-core-68a86350313c1cb9e5467e791d3e9efaf228a0df::AprOracle,same_split_or_merge; quarantine_if_labels_conflict
exact_interaction_set_hash,fe7594876cd89c7f450396df743464d7d7ca564931df01363ead23b8eddf97c8,2,test|train,0,train:DAPP::DAppSCAN-source/contracts/PeckShield-Tranchessv1.0/contract-core-5ac3d997da3ef37b0135565a11c5ebcc519862aa::ExchangeRoles ; test:DAPP::DAppSCAN-source/contracts/PeckShield-TranchessV1.1/contract-core-68a86350313c1cb9e5467e791d3e9efaf228a0df::ExchangeRoles,same_split_or_merge; quarantine_if_labels_conflict
exact_interaction_set_hash,e6a2a457e3062b91e8adf62d5472ab3cebd2a0dd3e1701d7f0bfb130b96cd51c,2,train,0,train:DAPP::DAppSCAN-source/contracts/PeckShield-Tranchessv1.0/contract-core-5ac3d997da3ef37b0135565a11c5ebcc519862aa::Staking ; train:DAPP::DAppSCAN-source/contracts/PeckShield-Tranchessv1.0/contract-core-5ac3d997da3ef37b0135565a11c5ebcc519862aa::StakingTestWrapper,same_split_or_merge; quarantine_if_labels_conflict
exact_interaction_set_hash,e67fb3a3f4e0ca02453e25db9dc722bba8db532e79d0c488964966387896ec48,2,test|train,0,train:DAPP::DAppSCAN-source/contracts/PeckShield-Tranchessv1.0/contract-core-5ac3d997da3ef37b0135565a11c5ebcc519862aa::Share ; test:DAPP::DAppSCAN-source/contracts/PeckShield-TranchessV1.1/contract-core-68a86350313c1cb9e5467e791d3e9efaf228a0df::Share,same_split_or_merge; quarantine_if_labels_conflict
exact_interaction_set_hash,da03ee533e2dab919286e48c2cefefb2b31038440512bf68846723339ade18fa,2,test|train,0,train:DAPP::DAppSCAN-source/contracts/PeckShield-Tranchessv1.0/contract-core-5ac3d997da3ef37b0135565a11c5ebcc519862aa::FundRoles ; test:DAPP::DAppSCAN-source/contracts/PeckShield-TranchessV1.1/contract-core-68a86350313c1cb9e5467e791d3e9efaf228a0df::FundRoles,same_split_or_merge; quarantine_if_labels_conflict
exact_interaction_set_hash,fa31b8fdb711e8ecb863842dfdc9ae5b9732cb5204406591a9ecd78175298c7b,2,test|train,0,train:DAPP::DAppSCAN-source/contracts/PeckShield-Tranchessv1.0/contract-core-5ac3d997da3ef37b0135565a11c5ebcc519862aa::OrderQueueTestWrapper ; test:DAPP::DAppSCAN-source/contracts/PeckShield-TranchessV1.1/contract-core-68a86350313c1cb9e5467e791d3e9efaf228a0df::OrderQueueTestWrapper,same_split_or_merge; quarantine_if_labels_conflict
exact_interaction_set_hash,b8246d8cefb7f04e031b61137790e037812601652b74f2b696ef7a234980ff12,2,test|train,0,train:DAPP::DAppSCAN-source/contracts/PeckShield-Tranchessv1.0/contract-core-5ac3d997da3ef37b0135565a11c5ebcc519862aa::ChessRoles ; test:DAPP::DAppSCAN-source/contracts/PeckShield-TranchessV1.1/contract-core-68a86350313c1cb9e5467e791d3e9efaf228a0df::ChessRoles,same_split_or_merge; quarantine_if_labels_conflict
exact_interaction_set_hash,3973b7f3019616a57e212f719d4116910c9d8c1ad0973a8beb3e35e9d368056f,2,train|val,0,train:DAPP::DAppSCAN-source/contracts/Solidified-Aztec Element Bridge/aztec-connect-bridges-ac2e7194b5887ea11a607b4cf8de0547b3d7fdd0::HeapTestContract ; val:DAPP::DAppSCAN-source/contracts/Solidified-Aztec Lido Bridge/aztec-connect-bridges-d5aca13d4d0a17b21eeddf77f49f4c6613461fb0::HeapTestContract,same_split_or_merge; quarantine_if_labels_conflict
exact_interaction_set_hash,dc0bb1678153080ee9d60f421974aef779151fd764665a348216326fff984cee,2,train|val,0,train:DAPP::DAppSCAN-source/contracts/Solidified-Aztec Element Bridge/aztec-connect-bridges-ac2e7194b5887ea11a607b4cf8de0547b3d7fdd0::StakingBridgeTestInternal ; val:DAPP::DAppSCAN-source/contracts/Solidified-Aztec Lido Bridge/aztec-connect-bridges-d5aca13d4d0a17b21eeddf77f49f4c6613461fb0::StakingBridgeTestInternal,same_split_or_merge; quarantine_if_labels_conflict
exact_interaction_set_hash,b53628f05f93ab3b01c0beeae16124c86db430277af9b6fd1f5fc9db067c1e17,2,train|val,0,train:DAPP::DAppSCAN-source/contracts/Solidified-Aztec Element Bridge/aztec-connect-bridges-ac2e7194b5887ea11a607b4cf8de0547b3d7fdd0::StabilityPoolBridgeTestInternal ; val:DAPP::DAppSCAN-source/contracts/Solidified-Aztec Lido Bridge/aztec-connect-bridges-d5aca13d4d0a17b21eeddf77f49f4c6613461fb0::StabilityPoolBridgeTestInternal,same_split_or_merge; quarantine_if_labels_conflict
exact_interaction_set_hash,2100ed649ae715de0768f188410bb6e085837a89d9b78d36bf485e4a4f99fc5d,2,train|val,0,train:DAPP::DAppSCAN-source/contracts/Solidified-Aztec Element Bridge/aztec-connect-bridges-ac2e7194b5887ea11a607b4cf8de0547b3d7fdd0::TestUtil ; val:DAPP::DAppSCAN-source/contracts/Solidified-Aztec Lido Bridge/aztec-connect-bridges-d5aca13d4d0a17b21eeddf77f49f4c6613461fb0::TestUtil,same_split_or_merge; quarantine_if_labels_conflict
exact_interaction_set_hash,85d71b1c9407445ed6177f98d80d6304caa089627ee6cc624945f54d986e1b78,2,train|val,0,train:DAPP::DAppSCAN-source/contracts/Solidified-Aztec Element Bridge/aztec-connect-bridges-ac2e7194b5887ea11a607b4cf8de0547b3d7fdd0::MinHeap ; val:DAPP::DAppSCAN-source/contracts/Solidified-Aztec Lido Bridge/aztec-connect-bridges-d5aca13d4d0a17b21eeddf77f49f4c6613461fb0::MinHeap,same_split_or_merge; quarantine_if_labels_conflict
exact_interaction_set_hash,458ccb401f00890e52ba12262f77c49867c9c25a2822e959436b68992a51375a,2,train|val,0,train:DAPP::DAppSCAN-source/contracts/Solidified-Aztec Element Bridge/aztec-connect-bridges-ac2e7194b5887ea11a607b4cf8de0547b3d7fdd0::ExampleBridgeContract ; val:DAPP::DAppSCAN-source/contracts/Solidified-Aztec Lido Bridge/aztec-connect-bridges-d5aca13d4d0a17b21eeddf77f49f4c6613461fb0::ExampleBridgeContract,same_split_or_merge; quarantine_if_labels_conflict
exact_interaction_set_hash,3e6174dad8fa84de45027362de3aa42816113044395fc82156ac280d3d9986ca,2,train|val,0,train:DAPP::DAppSCAN-source/contracts/Solidified-Aztec Element Bridge/aztec-connect-bridges-ac2e7194b5887ea11a607b4cf8de0547b3d7fdd0::TroveBridge ; val:DAPP::DAppSCAN-source/contracts/Solidified-Aztec Lido Bridge/aztec-connect-bridges-d5aca13d4d0a17b21eeddf77f49f4c6613461fb0::TroveBridge,same_split_or_merge; quarantine_if_labels_conflict
exact_interaction_set_hash,663014548f846ccd4e4444f06acbd2c76bcedace6535b1d99ff79e543f87f170,2,train|val,0,train:DAPP::DAppSCAN-source/contracts/Solidified-Aztec Element Bridge/aztec-connect-bridges-ac2e7194b5887ea11a607b4cf8de0547b3d7fdd0::StabilityPoolBridge ; val:DAPP::DAppSCAN-source/contracts/Solidified-Aztec Lido Bridge/aztec-connect-bridges-d5aca13d4d0a17b21eeddf77f49f4c6613461fb0::StabilityPoolBridge,same_split_or_merge; quarantine_if_labels_conflict
exact_interaction_set_hash,8ae17ee0c0ebdd564c9362d5905fd2fc9a9bcd283cd7c07be57993dbcdf7e45a,2,train|val,0,train:DAPP::DAppSCAN-source/contracts/Solidified-Aztec Element Bridge/aztec-connect-bridges-ac2e7194b5887ea11a607b4cf8de0547b3d7fdd0::StakingBridge ; val:DAPP::DAppSCAN-source/contracts/Solidified-Aztec Lido Bridge/aztec-connect-bridges-d5aca13d4d0a17b21eeddf77f49f4c6613461fb0::StakingBridge,same_split_or_merge; quarantine_if_labels_conflict
exact_interaction_set_hash,f87024a6138f3c21b300a85e6c531a17a820dd7b9740e68f0e66e9b742faf41f,2,train|val,0,train:DAPP::DAppSCAN-source/contracts/Solidified-Aztec Element Bridge/aztec-connect-bridges-ac2e7194b5887ea11a607b4cf8de0547b3d7fdd0::IssuanceBridge ; val:DAPP::DAppSCAN-source/contracts/Solidified-Aztec Lido Bridge/aztec-connect-bridges-d5aca13d4d0a17b21eeddf77f49f4c6613461fb0::IssuanceBridge,same_split_or_merge; quarantine_if_labels_conflict
exact_interaction_set_hash,baff7af9c5ad4fb9887ae81287dc3e216a119780c3d23202d7468a453bc6b805,2,train|val,0,train:DAPP::DAppSCAN-source/contracts/Solidified-Aztec Element Bridge/aztec-connect-bridges-ac2e7194b5887ea11a607b4cf8de0547b3d7fdd0::AaveLendingBridge ; val:DAPP::DAppSCAN-source/contracts/Solidified-Aztec Lido Bridge/aztec-connect-bridges-d5aca13d4d0a17b21eeddf77f49f4c6613461fb0::AaveLendingBridge,same_split_or_merge; quarantine_if_labels_conflict
exact_interaction_set_hash,dc1e571d2b5c0c0ce8d480358f61c8d6318048f4248d2b51299b69b508dd1d2f,2,train|val,0,train:DAPP::DAppSCAN-source/contracts/Solidified-Aztec Element Bridge/aztec-connect-bridges-ac2e7194b5887ea11a607b4cf8de0547b3d7fdd0::MStableBridge ; val:DAPP::DAppSCAN-source/contracts/Solidified-Aztec Lido Bridge/aztec-connect-bridges-d5aca13d4d0a17b21eeddf77f49f4c6613461fb0::MStableBridge,same_split_or_merge; quarantine_if_labels_conflict
exact_interaction_set_hash,656f1f37ca5a40312f077b829548850492c57e3dd74d13832741d6e1e4c26345,2,train|val,0,train:DAPP::DAppSCAN-source/contracts/Solidified-Aztec Element Bridge/aztec-connect-bridges-ac2e7194b5887ea11a607b4cf8de0547b3d7fdd0::RaiBridge ; val:DAPP::DAppSCAN-source/contracts/Solidified-Aztec Lido Bridge/aztec-connect-bridges-d5aca13d4d0a17b21eeddf77f49f4c6613461fb0::RaiBridge,same_split_or_merge; quarantine_if_labels_conflict
exact_interaction_set_hash,c045e130da4ea37d6c1719545ad81263dc305d2120c3eff002662df8e3d7e6ff,7,train,0,train:DAPP::DAppSCAN-source/contracts/Trail_of_Bits-setprotocol/set-protocol-contracts-b4acf144c10b1d9f3ecde4ee2820931df1cb8e4a::DSAuth ; train:DAPP::DAppSCAN-source/contracts/Trail_of_Bits-setprotocol/set-protocol-contracts-b4acf144c10b1d9f3ecde4ee2820931df1cb8e4a::DSThing ; train:DAPP::DAppSCAN-source/contracts/Trail_of_Bits-setprotocol/set-protocol-contracts-b4acf144c10b1d9f3ecde4ee2820931df1cb8e4a::Median ; train:DAPP::DAppSCAN-source/contracts/consensys-DeFi_Saver/defisaver-v3-contracts-cb29669a84c2d6fffaf2231c0938eb407c060919::DSProxy ; train:DAPP::DAppSCAN-source/contracts/consensys-DeFi_Saver/defisaver-v3-contracts-cb29669a84c2d6fffaf2231c0938eb407c060919::DSAuth ; train:DAPP::DAppSCAN-source/contracts/Chainsecurity-Oasis  Multiply Smart Contracts/multiply-proxy-actions-e277ac1471a95138aaa93b39cf2c16c36c769740::DSProxy ; train:DAPP::DAppSCAN-source/contracts/Chainsecurity-Oasis  Multiply Smart Contracts/multiply-proxy-actions-e277ac1471a95138aaa93b39cf2c16c36c769740::DSAuth,same_split_or_merge; quarantine_if_labels_conflict
exact_interaction_set_hash,801651fc8fc9ae5bc91c9addff7527b178a8429a424c3afdabbcb4f2ab474505,2,train,0,train:DAPP::DAppSCAN-source/contracts/PeckShield-Convex_Frax/frax-cvx-platform-2f8573ee796daa022c1050b4a749bf08049c439b::FraxUnifiedFarm_ERC20 ; train:DAPP::DAppSCAN-source/contracts/PeckShield-Convex_Frax/frax-cvx-platform-2f8573ee796daa022c1050b4a749bf08049c439b::FraxUnifiedFarm_ERC20_Vesper_Orbit_FRAX,same_split_or_merge; quarantine_if_labels_conflict
exact_interaction_set_hash,7902e22ae8a64601c75cf534c546d43bed7f087e78c8e9750f9f4179403f8133,2,train,0,train:DAPP::DAppSCAN-source/contracts/consensys-Zer0_zBanc/zBanc-48da0ac1eebbe31a74742f1ae4281b156f03a4bc::BancorNetwork ; train:DAPP::DAppSCAN-source/contracts/consensys-Zer0_zBanc/zBanc-48da0ac1eebbe31a74742f1ae4281b156f03a4bc::TestBancorNetwork,same_split_or_merge; quarantine_if_labels_conflict
exact_interaction_set_hash,15f642ee7fc46349272cf18a673a047de7cd0310863d157f346275501eed9eec,2,train,0,train:DAPP::DAppSCAN-source/contracts/consensys-Zer0_zBanc/zBanc-48da0ac1eebbe31a74742f1ae4281b156f03a4bc::TestLiquidityPoolV1Converter ; train:DAPP::DAppSCAN-source/contracts/consensys-Zer0_zBanc/zBanc-48da0ac1eebbe31a74742f1ae4281b156f03a4bc::LiquidityPoolV1Converter,same_split_or_merge; quarantine_if_labels_conflict
exact_interaction_set_hash,d7cdf0dcd9a34780e463a0e68f81c892702a36467f7d0702e29a709b4a56eee9,4,train,0,train:DAPP::DAppSCAN-source/contracts/consensys-Zer0_zBanc/zBanc-48da0ac1eebbe31a74742f1ae4281b156f03a4bc::TestDynamicLiquidTokenConverterFactory ; train:DAPP::DAppSCAN-source/contracts/consensys-Zer0_zBanc/zBanc-48da0ac1eebbe31a74742f1ae4281b156f03a4bc::TestTokenHandler ; train:DAPP::DAppSCAN-source/contracts/consensys-Zer0_zBanc/zBanc-48da0ac1eebbe31a74742f1ae4281b156f03a4bc::TokenHandler ; train:DAPP::DAppSCAN-source/contracts/consensys-Zer0_zBanc/zBanc-48da0ac1eebbe31a74742f1ae4281b156f03a4bc::TokenHolder,same_split_or_merge; quarantine_if_labels_conflict
exact_interaction_set_hash,cd93e0e1db5d47d1ad3332840781da1960da35136d25f0e62fcfe72af98e7f5d,2,train,0,train:DAPP::DAppSCAN-source/contracts/consensys-Zer0_zBanc/zBanc-48da0ac1eebbe31a74742f1ae4281b156f03a4bc::TestContractRegistryClient ; train:DAPP::DAppSCAN-source/contracts/consensys-Zer0_zBanc/zBanc-48da0ac1eebbe31a74742f1ae4281b156f03a4bc::ContractRegistryClient,same_split_or_merge; quarantine_if_labels_conflict
exact_interaction_set_hash,3ebd1a7e8e1352b297bb30bfa5568edf87277fb6dd0001b5b5421cf095a3bdba,2,train,0,train:DAPP::DAppSCAN-source/contracts/consensys-Zer0_zBanc/zBanc-48da0ac1eebbe31a74742f1ae4281b156f03a4bc::TestLiquidityPoolV2Converter ; train:DAPP::DAppSCAN-source/contracts/consensys-Zer0_zBanc/zBanc-48da0ac1eebbe31a74742f1ae4281b156f03a4bc::LiquidityPoolV2Converter,same_split_or_merge; quarantine_if_labels_conflict
exact_interaction_set_hash,ceb2a6360751b7457b01ece70d9d178a800752f2b41326ec587bf06c6af24a94,2,train,0,"train:DAPP::DAppSCAN-source/contracts/Inspex-FairLaunch, Token, Vault & Workers/Meow-Finance-4a4f13efaf5e5fbed74c0ed23b665751e655d715::Timelock ; train:DAPP::DAppSCAN-source/contracts/Inspex-SpookySwap Integration & Fantom Expansion/bsc-alpaca-contract-4553a34a6dcfcfbf7aebc693bb5c5c6074c73129::Timelock",same_split_or_merge; quarantine_if_labels_conflict
exact_interaction_set_hash,1dbcd59def57780bf6e367235b0002b3ea69ddcad18415b2495b90732cddc61b,3,train,0,"train:DAPP::DAppSCAN-source/contracts/Inspex-FairLaunch, Token, Vault & Workers/Meow-Finance-4a4f13efaf5e5fbed74c0ed23b665751e655d715::WNativeRelayer ; train:DAPP::DAppSCAN-source/contracts/Inspex-Optimized Worker/bsc-alpaca-contract-1aee2ceec77e3fd3162b74858c846cdc5692928d::WNativeRelayer ; train:DAPP::DAppSCAN-source/contracts/Inspex-SpookySwap Integration & Fantom Expansion/bsc-alpaca-contract-4553a34a6dcfcfbf7aebc693bb5c5c6074c73129::WNativeRelayer",same_split_or_merge; quarantine_if_labels_conflict
exact_interaction_set_hash,cf3fd17bbce6fd1ba2a05425a21d424305593e29950470011fc50b5a06de3a99,3,train,0,"train:DAPP::DAppSCAN-source/contracts/Inspex-FairLaunch, Token, Vault & Workers/Meow-Finance-4a4f13efaf5e5fbed74c0ed23b665751e655d715::MasterChef ; train:DAPP::DAppSCAN-source/contracts/Inspex-Optimized Worker/bsc-alpaca-contract-1aee2ceec77e3fd3162b74858c846cdc5692928d::MasterChef ; train:DAPP::DAppSCAN-source/contracts/Inspex-SpookySwap Integration & Fantom Expansion/bsc-alpaca-contract-4553a34a6dcfcfbf7aebc693bb5c5c6074c73129::MasterChef",same_split_or_merge; quarantine_if_labels_conflict
exact_interaction_set_hash,6118c492ab0dc7ba563266e11b895295918c476d440a05aeca5d296ea2ef8744,2,train,0,train:DAPP::DAppSCAN-source/contracts/consensys-DeFi_Saver/defisaver-v3-contracts-cb29669a84c2d6fffaf2231c0938eb407c060919::AaveView ; train:DAPP::DAppSCAN-source/contracts/consensys-DeFi_Saver/defisaver-v3-contracts-cb29669a84c2d6fffaf2231c0938eb407c060919::AaveHelper,same_split_or_merge; quarantine_if_labels_conflict
exact_interaction_set_hash,6ada741866f0492dbd769b59aceb9254aba87336616b0eee628c5c7dc1028f51,2,train,0,train:DAPP::DAppSCAN-source/contracts/consensys-DeFi_Saver/defisaver-v3-contracts-cb29669a84c2d6fffaf2231c0938eb407c060919::TokenUtils ; train:DAPP::DAppSCAN-source/contracts/Chainsecurity-Oasis  Multiply Smart Contracts/multiply-proxy-actions-e277ac1471a95138aaa93b39cf2c16c36c769740::TokenUtils,same_split_or_merge; quarantine_if_labels_conflict
exact_interaction_set_hash,300a103359678bafbb605d97687247bdcf5392af015037b4afd5f4b50fd4163d,2,train,0,train:DAPP::DAppSCAN-source/contracts/QuillAudits-Yearn Finance-Yearn Vaults V3/yearn-vaults-e390c2a6b2ba6e2ecc8f3a72a1ea4adfabd17544::yToken ; train:DAPP::DAppSCAN-source/contracts/QuillAudits-Yearn Finance-Yearn Vaults V3/yearn-vaults-e390c2a6b2ba6e2ecc8f3a72a1ea4adfabd17544::AffiliateToken,same_split_or_merge; quarantine_if_labels_conflict
exact_interaction_set_hash,37b7ddc7d04c368ec4f2c4d3868b0a23eb1b99dffe9a09f81d43168eb9046db1,2,train,0,train:DAPP::DAppSCAN-source/contracts/QuillAudits-Yearn Finance-Yearn Vaults V3/yearn-vaults-e390c2a6b2ba6e2ecc8f3a72a1ea4adfabd17544::BaseStrategy ; train:DAPP::DAppSCAN-source/contracts/QuillAudits-Yearn Finance-Yearn Vaults V3/yearn-vaults-e390c2a6b2ba6e2ecc8f3a72a1ea4adfabd17544::BaseStrategyInitializable,same_split_or_merge; quarantine_if_labels_conflict
exact_interaction_set_hash,40dccfcfccc2c402aa47532a9626a49b396cf5da4cf4e162f47ab8d3f71a1ec3,6,train|val,0,train:DAPP::DAppSCAN-source/contracts/Coinspect-Incognito Audit/bridge-eth-4879219669a38d601265582f815596b6775855b6::UpgradeabilityProxy ; train:DAPP::DAppSCAN-source/contracts/Coinspect-Incognito Audit/bridge-eth-4879219669a38d601265582f815596b6775855b6::AdminUpgradeabilityProxy ; train:DAPP::DAppSCAN-source/contracts/Coinspect-Incognito Audit/bridge-eth-4879219669a38d601265582f815596b6775855b6::FiatTokenProxy ; val:DAPP::DAppSCAN-source/contracts/PeckShield-KaoyaSwap/contracts-8273073f1d6914f372790399378f177573c52e37::UpgradeabilityProxy ; val:DAPP::DAppSCAN-source/contracts/PeckShield-KaoyaSwap/contracts-8273073f1d6914f372790399378f177573c52e37::AdminUpgradeabilityProxy ; val:DAPP::DAppSCAN-source/contracts/PeckShield-KaoyaSwap/contracts-8273073f1d6914f372790399378f177573c52e37::KaoyaProxy,same_split_or_merge; quarantine_if_labels_conflict
exact_interaction_set_hash,54a1d967e93a9a5468710464f89072b30b8a71f31dc4a34d46786141ca42d120,3,train,0,train:DAPP::DAppSCAN-source/contracts/Coinspect-Incognito Audit/bridge-eth-4879219669a38d601265582f815596b6775855b6::DSAuth ; train:DAPP::DAppSCAN-source/contracts/Coinspect-Incognito Audit/bridge-eth-4879219669a38d601265582f815596b6775855b6::DSStop ; train:DAPP::DAppSCAN-source/contracts/Coinspect-Incognito Audit/bridge-eth-4879219669a38d601265582f815596b6775855b6::DSToken,same_split_or_merge; quarantine_if_labels_conflict
exact_interaction_set_hash,f01a6c5cd049869f3b46764740f397e93b46310500dd35781b13d3591384820b,2,train,0,train:DAPP::DAppSCAN-source/contracts/Inspex-Optimized Worker/bsc-alpaca-contract-1aee2ceec77e3fd3162b74858c846cdc5692928d::WaultSwapPair ; train:DAPP::DAppSCAN-source/contracts/Inspex-SpookySwap Integration & Fantom Expansion/bsc-alpaca-contract-4553a34a6dcfcfbf7aebc693bb5c5c6074c73129::WaultSwapPair,same_split_or_merge; quarantine_if_labels_conflict
exact_interaction_set_hash,e14d10b682fb591ee5b0428188a20bf490ac074a944dace3ec3ca7c8c5e64e87,2,train,0,train:DAPP::DAppSCAN-source/contracts/Inspex-Optimized Worker/bsc-alpaca-contract-1aee2ceec77e3fd3162b74858c846cdc5692928d::WaultSwapFactory ; train:DAPP::DAppSCAN-source/contracts/Inspex-SpookySwap Integration & Fantom Expansion/bsc-alpaca-contract-4553a34a6dcfcfbf7aebc693bb5c5c6074c73129::WaultSwapFactory,same_split_or_merge; quarantine_if_labels_conflict
exact_interaction_set_hash,eb1e2d284f6a3665aeb142727a5146c99befeb6bdfab201948aed80d796a357c,2,train,0,train:DAPP::DAppSCAN-source/contracts/Inspex-Optimized Worker/bsc-alpaca-contract-1aee2ceec77e3fd3162b74858c846cdc5692928d::WexMaster ; train:DAPP::DAppSCAN-source/contracts/Inspex-SpookySwap Integration & Fantom Expansion/bsc-alpaca-contract-4553a34a6dcfcfbf7aebc693bb5c5c6074c73129::WexMaster,same_split_or_merge; quarantine_if_labels_conflict
exact_interaction_set_hash,3e4b97413726ce5df40cf4492472c83095037d1b9425c3269b0fdfbe12137fdf,2,train,0,train:DAPP::DAppSCAN-source/contracts/Inspex-Optimized Worker/bsc-alpaca-contract-1aee2ceec77e3fd3162b74858c846cdc5692928d::StronkAlpacaRelayer ; train:DAPP::DAppSCAN-source/contracts/Inspex-SpookySwap Integration & Fantom Expansion/bsc-alpaca-contract-4553a34a6dcfcfbf7aebc693bb5c5c6074c73129::StronkAlpacaRelayer,same_split_or_merge; quarantine_if_labels_conflict
exact_interaction_set_hash,3d6b2b2ca7ab5f979756ab59a288e7eef732b82aa076786a87b080eb00a22e50,2,train,0,train:DAPP::DAppSCAN-source/contracts/Inspex-Optimized Worker/bsc-alpaca-contract-1aee2ceec77e3fd3162b74858c846cdc5692928d::FairLaunchV2 ; train:DAPP::DAppSCAN-source/contracts/Inspex-SpookySwap Integration & Fantom Expansion/bsc-alpaca-contract-4553a34a6dcfcfbf7aebc693bb5c5c6074c73129::FairLaunchV2,same_split_or_merge; quarantine_if_labels_conflict
exact_interaction_set_hash,34903229ed7f9870f719ee3b8d109e9c6177d32f513c5c5098e7f3bf0f5e729c,2,train,0,train:DAPP::DAppSCAN-source/contracts/Inspex-Optimized Worker/bsc-alpaca-contract-1aee2ceec77e3fd3162b74858c846cdc5692928d::StronkAlpaca ; train:DAPP::DAppSCAN-source/contracts/Inspex-SpookySwap Integration & Fantom Expansion/bsc-alpaca-contract-4553a34a6dcfcfbf7aebc693bb5c5c6074c73129::StronkAlpaca,same_split_or_merge; quarantine_if_labels_conflict
exact_interaction_set_hash,2583bb4134431dd5b1f6ce26ed061c5fc6fd6978ba621fa78d1d15b8fcb752eb,2,train,0,train:DAPP::DAppSCAN-source/contracts/Inspex-Optimized Worker/bsc-alpaca-contract-1aee2ceec77e3fd3162b74858c846cdc5692928d::MerkleDistributor ; train:DAPP::DAppSCAN-source/contracts/Inspex-SpookySwap Integration & Fantom Expansion/bsc-alpaca-contract-4553a34a6dcfcfbf7aebc693bb5c5c6074c73129::MerkleDistributor,same_split_or_merge; quarantine_if_labels_conflict
exact_interaction_set_hash,ebd4378897dfca81ce7720128cb02368678a945386d411279f3f6f81d10deab9,2,train,0,train:DAPP::DAppSCAN-source/contracts/Inspex-Optimized Worker/bsc-alpaca-contract-1aee2ceec77e3fd3162b74858c846cdc5692928d::Shield ; train:DAPP::DAppSCAN-source/contracts/Inspex-SpookySwap Integration & Fantom Expansion/bsc-alpaca-contract-4553a34a6dcfcfbf7aebc693bb5c5c6074c73129::Shield,same_split_or_merge; quarantine_if_labels_conflict
exact_interaction_set_hash,971ad247dde5fae28327aad7b2deb80c1808c6b47a1b04e6016021529d7069a8,2,train,0,train:DAPP::DAppSCAN-source/contracts/Inspex-Optimized Worker/bsc-alpaca-contract-1aee2ceec77e3fd3162b74858c846cdc5692928d::FairLaunch ; train:DAPP::DAppSCAN-source/contracts/Inspex-SpookySwap Integration & Fantom Expansion/bsc-alpaca-contract-4553a34a6dcfcfbf7aebc693bb5c5c6074c73129::FairLaunch,same_split_or_merge; quarantine_if_labels_conflict
exact_interaction_set_hash,23aa03a2fe1efd43e2f449a5c016c7b186465e41a7a4d43790dd784c5f67e4c4,2,train,0,train:DAPP::DAppSCAN-source/contracts/Inspex-Optimized Worker/bsc-alpaca-contract-1aee2ceec77e3fd3162b74858c846cdc5692928d::LinearRelease ; train:DAPP::DAppSCAN-source/contracts/Inspex-SpookySwap Integration & Fantom Expansion/bsc-alpaca-contract-4553a34a6dcfcfbf7aebc693bb5c5c6074c73129::LinearRelease,same_split_or_merge; quarantine_if_labels_conflict
exact_interaction_set_hash,3776f18d9f905bb9e4f11981c6ea6b9fe0ecc823f3286afe6a4fb1021cd58b2a,2,train,0,train:DAPP::DAppSCAN-source/contracts/Inspex-Optimized Worker/bsc-alpaca-contract-1aee2ceec77e3fd3162b74858c846cdc5692928d::ChainLinkPriceOracle ; train:DAPP::DAppSCAN-source/contracts/Inspex-SpookySwap Integration & Fantom Expansion/bsc-alpaca-contract-4553a34a6dcfcfbf7aebc693bb5c5c6074c73129::ChainLinkPriceOracle,same_split_or_merge; quarantine_if_labels_conflict
exact_interaction_set_hash,169d117279af886520d3b06744a31475d8f4ef7952241683718d5bd4ea9c42b4,2,train,0,train:DAPP::DAppSCAN-source/contracts/Inspex-Optimized Worker/bsc-alpaca-contract-1aee2ceec77e3fd3162b74858c846cdc5692928d::CakeMaxiWorker ; train:DAPP::DAppSCAN-source/contracts/Inspex-SpookySwap Integration & Fantom Expansion/bsc-alpaca-contract-4553a34a6dcfcfbf7aebc693bb5c5c6074c73129::CakeMaxiWorker,same_split_or_merge; quarantine_if_labels_conflict
exact_interaction_set_hash,fdae77ad89ab19d08111d88729252b12cb34a6df0ab80c794ccb3eda1c46ca24,2,train,0,train:DAPP::DAppSCAN-source/contracts/Inspex-Optimized Worker/bsc-alpaca-contract-1aee2ceec77e3fd3162b74858c846cdc5692928d::WaultSwapWorker ; train:DAPP::DAppSCAN-source/contracts/Inspex-SpookySwap Integration & Fantom Expansion/bsc-alpaca-contract-4553a34a6dcfcfbf7aebc693bb5c5c6074c73129::WaultSwapWorker,same_split_or_merge; quarantine_if_labels_conflict
exact_interaction_set_hash,ce43d38381b42258da54fbad8031efc9376565318e698001cc37478a1944caae,2,train,0,train:DAPP::DAppSCAN-source/contracts/Inspex-Optimized Worker/bsc-alpaca-contract-1aee2ceec77e3fd3162b74858c846cdc5692928d::PancakeswapV2Worker ; train:DAPP::DAppSCAN-source/contracts/Inspex-SpookySwap Integration & Fantom Expansion/bsc-alpaca-contract-4553a34a6dcfcfbf7aebc693bb5c5c6074c73129::PancakeswapV2Worker,same_split_or_merge; quarantine_if_labels_conflict
exact_interaction_set_hash,1e347dc7e87c7cf1f15f7fc353c175586430e1fb3bfe1ed06c638eb37395e61f,2,train,0,train:DAPP::DAppSCAN-source/contracts/Inspex-Optimized Worker/bsc-alpaca-contract-1aee2ceec77e3fd3162b74858c846cdc5692928d::PancakeswapWorker ; train:DAPP::DAppSCAN-source/contracts/Inspex-SpookySwap Integration & Fantom Expansion/bsc-alpaca-contract-4553a34a6dcfcfbf7aebc693bb5c5c6074c73129::PancakeswapWorker,same_split_or_merge; quarantine_if_labels_conflict
exact_interaction_set_hash,af7472a54d3d3789affebe88f7e798643a9ac1883437156df61d7a71c44589d4,2,train,0,train:DAPP::DAppSCAN-source/contracts/Inspex-Optimized Worker/bsc-alpaca-contract-1aee2ceec77e3fd3162b74858c846cdc5692928d::PancakeswapV2WorkerMigrate ; train:DAPP::DAppSCAN-source/contracts/Inspex-SpookySwap Integration & Fantom Expansion/bsc-alpaca-contract-4553a34a6dcfcfbf7aebc693bb5c5c6074c73129::PancakeswapV2WorkerMigrate,same_split_or_merge; quarantine_if_labels_conflict
exact_interaction_set_hash,95f5bf0cf9b73ef2eee4a88819904d40fa75b274d6512fcd1d030825a32591fb,2,train,0,train:DAPP::DAppSCAN-source/contracts/Inspex-Optimized Worker/bsc-alpaca-contract-1aee2ceec77e3fd3162b74858c846cdc5692928d::WaultSwapRouter ; train:DAPP::DAppSCAN-source/contracts/Inspex-SpookySwap Integration & Fantom Expansion/bsc-alpaca-contract-4553a34a6dcfcfbf7aebc693bb5c5c6074c73129::WaultSwapRouter,same_split_or_merge; quarantine_if_labels_conflict
exact_interaction_set_hash,88e61bba11ba4f10ba5a52b6007e6035810a3d4274fc231994d9cab756882d5e,2,train,0,train:DAPP::DAppSCAN-source/contracts/Inspex-Optimized Worker/bsc-alpaca-contract-1aee2ceec77e3fd3162b74858c846cdc5692928d::PancakeRouter ; train:DAPP::DAppSCAN-source/contracts/Inspex-SpookySwap Integration & Fantom Expansion/bsc-alpaca-contract-4553a34a6dcfcfbf7aebc693bb5c5c6074c73129::PancakeRouter,same_split_or_merge; quarantine_if_labels_conflict
exact_interaction_set_hash,a7bffbf366f83a2947df56c05d30a760800fd4aa826afb21b57cad366dc20d3f,2,train,0,train:DAPP::DAppSCAN-source/contracts/Inspex-Optimized Worker/bsc-alpaca-contract-1aee2ceec77e3fd3162b74858c846cdc5692928d::PancakeMasterChef ; train:DAPP::DAppSCAN-source/contracts/Inspex-SpookySwap Integration & Fantom Expansion/bsc-alpaca-contract-4553a34a6dcfcfbf7aebc693bb5c5c6074c73129::PancakeMasterChef,same_split_or_merge; quarantine_if_labels_conflict
exact_interaction_set_hash,2c00067175e4f5b37c9b32f89039019863b83857d83d3f75d5c18bb193fa147f,2,train,0,train:DAPP::DAppSCAN-source/contracts/Inspex-Optimized Worker/bsc-alpaca-contract-1aee2ceec77e3fd3162b74858c846cdc5692928d::WETH ; train:DAPP::DAppSCAN-source/contracts/Inspex-SpookySwap Integration & Fantom Expansion/bsc-alpaca-contract-4553a34a6dcfcfbf7aebc693bb5c5c6074c73129::WETH,same_split_or_merge; quarantine_if_labels_conflict
exact_interaction_set_hash,0f46471b94cb0d3a88e268c267895ae3a1c7b5acae7d42a65163c6b3f1daaafd,2,train,0,train:DAPP::DAppSCAN-source/contracts/Inspex-Optimized Worker/bsc-alpaca-contract-1aee2ceec77e3fd3162b74858c846cdc5692928d::PancakeswapV2RestrictedStrategyAddTwoSidesOptimal ; train:DAPP::DAppSCAN-source/contracts/Inspex-SpookySwap Integration & Fantom Expansion/bsc-alpaca-contract-4553a34a6dcfcfbf7aebc693bb5c5c6074c73129::PancakeswapV2RestrictedStrategyAddTwoSidesOptimal,same_split_or_merge; quarantine_if_labels_conflict
exact_interaction_set_hash,8b192ea107748dd4bf8e432556475e9dc0b4a12d0713defb9ed83e6dd2fafc54,2,train,0,train:DAPP::DAppSCAN-source/contracts/Inspex-Optimized Worker/bsc-alpaca-contract-1aee2ceec77e3fd3162b74858c846cdc5692928d::PancakeswapV2StrategyAddTwoSidesOptimalMigrate ; train:DAPP::DAppSCAN-source/contracts/Inspex-SpookySwap Integration & Fantom Expansion/bsc-alpaca-contract-4553a34a6dcfcfbf7aebc693bb5c5c6074c73129::PancakeswapV2StrategyAddTwoSidesOptimalMigrate,same_split_or_merge; quarantine_if_labels_conflict
exact_interaction_set_hash,978f6a562b7d0fa0d44796864f7ab1b2e46503acd0e0d4a030c1938cdb438561,2,train,0,train:DAPP::DAppSCAN-source/contracts/Inspex-Optimized Worker/bsc-alpaca-contract-1aee2ceec77e3fd3162b74858c846cdc5692928d::PancakeswapV2StrategyAddBaseTokenOnly ; train:DAPP::DAppSCAN-source/contracts/Inspex-SpookySwap Integration & Fantom Expansion/bsc-alpaca-contract-4553a34a6dcfcfbf7aebc693bb5c5c6074c73129::PancakeswapV2StrategyAddBaseTokenOnly,same_split_or_merge; quarantine_if_labels_conflict
exact_interaction_set_hash,9da1eccb27961613f8b9bbf677702c431a95ed6b243a6b0142388d02d43557ad,2,train,0,train:DAPP::DAppSCAN-source/contracts/Inspex-Optimized Worker/bsc-alpaca-contract-1aee2ceec77e3fd3162b74858c846cdc5692928d::PancakeswapV2StrategyLiquidate ; train:DAPP::DAppSCAN-source/contracts/Inspex-SpookySwap Integration & Fantom Expansion/bsc-alpaca-contract-4553a34a6dcfcfbf7aebc693bb5c5c6074c73129::PancakeswapV2StrategyLiquidate,same_split_or_merge; quarantine_if_labels_conflict
exact_interaction_set_hash,afb896ef7b028836f29a365faae0dfe4f12fb2dba302df30d71a6bb69f56f36e,2,train,0,train:DAPP::DAppSCAN-source/contracts/Inspex-Optimized Worker/bsc-alpaca-contract-1aee2ceec77e3fd3162b74858c846cdc5692928d::PancakeswapV2StrategyAddTwoSidesOptimal ; train:DAPP::DAppSCAN-source/contracts/Inspex-SpookySwap Integration & Fantom Expansion/bsc-alpaca-contract-4553a34a6dcfcfbf7aebc693bb5c5c6074c73129::PancakeswapV2StrategyAddTwoSidesOptimal,same_split_or_merge; quarantine_if_labels_conflict
exact_interaction_set_hash,56d8fcde03834cdfd76cbfb96ce4dda0ae943118f0edd60429803e7b15ead5b6,2,train,0,train:DAPP::DAppSCAN-source/contracts/Inspex-Optimized Worker/bsc-alpaca-contract-1aee2ceec77e3fd3162b74858c846cdc5692928d::PancakeswapV2StrategyWithdrawMinimizeTrading ; train:DAPP::DAppSCAN-source/contracts/Inspex-SpookySwap Integration & Fantom Expansion/bsc-alpaca-contract-4553a34a6dcfcfbf7aebc693bb5c5c6074c73129::PancakeswapV2StrategyWithdrawMinimizeTrading,same_split_or_merge; quarantine_if_labels_conflict
exact_interaction_set_hash,cc9371c8ca48f236e877c741dbc91d14c195967313f3594731b50cebd5771235,2,train,0,train:DAPP::DAppSCAN-source/contracts/Inspex-Optimized Worker/bsc-alpaca-contract-1aee2ceec77e3fd3162b74858c846cdc5692928d::PancakeswapV2RestrictedSingleAssetStrategyAddBaseWithFarm ; train:DAPP::DAppSCAN-source/contracts/Inspex-SpookySwap Integration & Fantom Expansion/bsc-alpaca-contract-4553a34a6dcfcfbf7aebc693bb5c5c6074c73129::PancakeswapV2RestrictedSingleAssetStrategyAddBaseWithFarm,same_split_or_merge; quarantine_if_labels_conflict
exact_interaction_set_hash,69d60f3e848a31f6c7a9d981d1b3e2a43bd18832b62f04c936c8413b3f0f9529,2,train,0,train:DAPP::DAppSCAN-source/contracts/Inspex-Optimized Worker/bsc-alpaca-contract-1aee2ceec77e3fd3162b74858c846cdc5692928d::WaultSwapRestrictedStrategyAddTwoSidesOptimal ; train:DAPP::DAppSCAN-source/contracts/Inspex-SpookySwap Integration & Fantom Expansion/bsc-alpaca-contract-4553a34a6dcfcfbf7aebc693bb5c5c6074c73129::WaultSwapRestrictedStrategyAddTwoSidesOptimal,same_split_or_merge; quarantine_if_labels_conflict
exact_interaction_set_hash,01e716b7c5927df52646ad7f46f7d741759d5bc673afc602e171384f200f61a5,2,train,0,train:DAPP::DAppSCAN-source/contracts/Inspex-Optimized Worker/bsc-alpaca-contract-1aee2ceec77e3fd3162b74858c846cdc5692928d::WaultSwapRestrictedStrategyWithdrawMinimizeTrading ; train:DAPP::DAppSCAN-source/contracts/Inspex-SpookySwap Integration & Fantom Expansion/bsc-alpaca-contract-4553a34a6dcfcfbf7aebc693bb5c5c6074c73129::WaultSwapRestrictedStrategyWithdrawMinimizeTrading,same_split_or_merge; quarantine_if_labels_conflict
exact_interaction_set_hash,10ee867af704d413d3464a3e097a916db3e16b7a2060490e8a86b5492eee1391,2,train,0,train:DAPP::DAppSCAN-source/contracts/Inspex-Optimized Worker/bsc-alpaca-contract-1aee2ceec77e3fd3162b74858c846cdc5692928d::WaultSwapRestrictedStrategyAddBaseTokenOnly ; train:DAPP::DAppSCAN-source/contracts/Inspex-SpookySwap Integration & Fantom Expansion/bsc-alpaca-contract-4553a34a6dcfcfbf7aebc693bb5c5c6074c73129::WaultSwapRestrictedStrategyAddBaseTokenOnly,same_split_or_merge; quarantine_if_labels_conflict
exact_interaction_set_hash,55ecf57425181b7243b62ec3575d431d8b9b9f8dfb67e02495bf2abc4eed90e7,2,train,0,train:DAPP::DAppSCAN-source/contracts/Inspex-Optimized Worker/bsc-alpaca-contract-1aee2ceec77e3fd3162b74858c846cdc5692928d::StrategyPartialCloseLiquidate ; train:DAPP::DAppSCAN-source/contracts/Inspex-SpookySwap Integration & Fantom Expansion/bsc-alpaca-contract-4553a34a6dcfcfbf7aebc693bb5c5c6074c73129::StrategyPartialCloseLiquidate,same_split_or_merge; quarantine_if_labels_conflict
exact_interaction_set_hash,ba899c2aa7a16eb6a4b7930dd080f5daae452b0310cd680eb53cb66144faff23,2,train,0,train:DAPP::DAppSCAN-source/contracts/Inspex-Optimized Worker/bsc-alpaca-contract-1aee2ceec77e3fd3162b74858c846cdc5692928d::StrategyWithdrawMinimizeTrading ; train:DAPP::DAppSCAN-source/contracts/Inspex-SpookySwap Integration & Fantom Expansion/bsc-alpaca-contract-4553a34a6dcfcfbf7aebc693bb5c5c6074c73129::StrategyWithdrawMinimizeTrading,same_split_or_merge; quarantine_if_labels_conflict
exact_interaction_set_hash,81704e472d11f40e1d47af9b1d68eb660df15cf1886bca0afa8739786b6202c3,2,train,0,train:DAPP::DAppSCAN-source/contracts/Inspex-Optimized Worker/bsc-alpaca-contract-1aee2ceec77e3fd3162b74858c846cdc5692928d::StrategyAddTwoSidesOptimal ; train:DAPP::DAppSCAN-source/contracts/Inspex-SpookySwap Integration & Fantom Expansion/bsc-alpaca-contract-4553a34a6dcfcfbf7aebc693bb5c5c6074c73129::StrategyAddTwoSidesOptimal,same_split_or_merge; quarantine_if_labels_conflict
exact_interaction_set_hash,525f793c5ac1ce11b177499dd6cd496f87c58228cde689cf594cbf4bcec40614,2,train,0,train:DAPP::DAppSCAN-source/contracts/Inspex-Optimized Worker/bsc-alpaca-contract-1aee2ceec77e3fd3162b74858c846cdc5692928d::StrategyAddBaseTokenOnly ; train:DAPP::DAppSCAN-source/contracts/Inspex-SpookySwap Integration & Fantom Expansion/bsc-alpaca-contract-4553a34a6dcfcfbf7aebc693bb5c5c6074c73129::StrategyAddBaseTokenOnly,same_split_or_merge; quarantine_if_labels_conflict
exact_interaction_set_hash,71b8848a976a473741c7fc65e26de4999ca6e24cae21a1dbf335c098669cdf61,2,train,0,train:DAPP::DAppSCAN-source/contracts/Inspex-Optimized Worker/bsc-alpaca-contract-1aee2ceec77e3fd3162b74858c846cdc5692928d::StrategyLiquidate ; train:DAPP::DAppSCAN-source/contracts/Inspex-SpookySwap Integration & Fantom Expansion/bsc-alpaca-contract-4553a34a6dcfcfbf7aebc693bb5c5c6074c73129::StrategyLiquidate,same_split_or_merge; quarantine_if_labels_conflict
exact_interaction_set_hash,427725a10a578bed8d032e1d3ff373affa060e6bb7c66265db2ff59defc7d5a8,3,train,0,train:DAPP::DAppSCAN-source/contracts/QuillAudits-Bond Appetit-Bond Appetit/bondappetit-protocol-355180f0aca0b29d60d808f761052956b7a3a159::Treasury ; train:DAPP::DAppSCAN-source/contracts/QuillAudits-Bond Appetit-Bond Appetit/bondappetit-protocol-355180f0aca0b29d60d808f761052956b7a3a159::StableToken ; train:DAPP::DAppSCAN-source/contracts/QuillAudits-Bond Appetit-Bond Appetit/bondappetit-protocol-355180f0aca0b29d60d808f761052956b7a3a159::AccessControl,same_split_or_merge; quarantine_if_labels_conflict
exact_interaction_set_hash,d60d6d72a0273da2306ef75e8f1f43fee64c14ea2ff5c34152ed4524335aead8,4,train,0,train:DAPP::DAppSCAN-source/contracts/Chainsecurity-Compound  cToken unredacted/compound-protocol-4a54ec5c55b66ea67d44b76f3056f0ed7229db8c::CErc20Immutable ; train:DAPP::DAppSCAN-source/contracts/Chainsecurity-Compound  cToken unredacted/compound-protocol-4a54ec5c55b66ea67d44b76f3056f0ed7229db8c::CErc20Delegate ; train:DAPP::DAppSCAN-source/contracts/Chainsecurity-Compound  cToken unredacted/compound-protocol-4a54ec5c55b66ea67d44b76f3056f0ed7229db8c::CErc20 ; train:DAPP::DAppSCAN-source/contracts/Chainsecurity-Compound  cToken unredacted/compound-protocol-4a54ec5c55b66ea67d44b76f3056f0ed7229db8c::CErc20DelegateCertora,same_split_or_merge; quarantine_if_labels_conflict
exact_interaction_set_hash,aeb57d04bfd7e89dcb99a7c7e7371cab4be3df8b2f86bd40256f5a0a18b10846,2,train,0,train:DAPP::DAppSCAN-source/contracts/Chainsecurity-Compound  cToken unredacted/compound-protocol-4a54ec5c55b66ea67d44b76f3056f0ed7229db8c::CEther ; train:DAPP::DAppSCAN-source/contracts/Chainsecurity-Compound  cToken unredacted/compound-protocol-4a54ec5c55b66ea67d44b76f3056f0ed7229db8c::CEtherCertora,same_split_or_merge; quarantine_if_labels_conflict
exact_interaction_set_hash,9ea2666da619e06450cb73fa0ec6df414defcb0121f7d1027bf240654783a5a6,2,train,0,train:DAPP::DAppSCAN-source/contracts/Chainsecurity-Compound  cToken unredacted/compound-protocol-4a54ec5c55b66ea67d44b76f3056f0ed7229db8c::ComptrollerKovan ; train:DAPP::DAppSCAN-source/contracts/Chainsecurity-Compound  cToken unredacted/compound-protocol-4a54ec5c55b66ea67d44b76f3056f0ed7229db8c::ComptrollerRopsten,same_split_or_merge; quarantine_if_labels_conflict
exact_interaction_set_hash,48f26a2a75820715aef3fc221414ba9a50cbaade863336b021c0174c8009787c,3,train,0,train:DAPP::DAppSCAN-source/contracts/Chainsecurity-Compound  cToken unredacted/compound-protocol-4a54ec5c55b66ea67d44b76f3056f0ed7229db8c::CanReclaimToken ; train:DAPP::DAppSCAN-source/contracts/Chainsecurity-Compound  cToken unredacted/compound-protocol-4a54ec5c55b66ea67d44b76f3056f0ed7229db8c::OwnableContract ; train:DAPP::DAppSCAN-source/contracts/Chainsecurity-Compound  cToken unredacted/compound-protocol-4a54ec5c55b66ea67d44b76f3056f0ed7229db8c::WBTCToken,same_split_or_merge; quarantine_if_labels_conflict
exact_interaction_set_hash,5c229570b17426ea2bb435a4c4d21c0f5c1787ef1ecd8129781d03f35c43b20f,4,train,0,train:DAPP::DAppSCAN-source/contracts/Chainsecurity-Compound  cToken unredacted/compound-protocol-4a54ec5c55b66ea67d44b76f3056f0ed7229db8c::CErc20Scenario ; train:DAPP::DAppSCAN-source/contracts/Chainsecurity-Compound  cToken unredacted/compound-protocol-4a54ec5c55b66ea67d44b76f3056f0ed7229db8c::CEvil ; train:DAPP::DAppSCAN-source/contracts/Chainsecurity-Compound  cToken unredacted/compound-protocol-4a54ec5c55b66ea67d44b76f3056f0ed7229db8c::CErc20DelegateScenario ; train:DAPP::DAppSCAN-source/contracts/Chainsecurity-Compound  cToken unredacted/compound-protocol-4a54ec5c55b66ea67d44b76f3056f0ed7229db8c::CErc20DelegateScenarioExtra,same_split_or_merge; quarantine_if_labels_conflict
exact_interaction_set_hash,c43f8b2f16fe794d5aeb430ba8d1977bba35e1ce1fc4a9fdabd2d9be2e89a74d,2,train,0,train:DAPP::DAppSCAN-source/contracts/Chainsecurity-Angle Protocol/angle-core-46e6d32837cbe97a4af0adb693e63afa0d01fc3e::OracleMulti ; train:DAPP::DAppSCAN-source/contracts/Chainsecurity-Angle Protocol/angle-core-46e6d32837cbe97a4af0adb693e63afa0d01fc3e::ModuleUniswapMulti,same_split_or_merge; quarantine_if_labels_conflict
exact_interaction_set_hash,0f789d2b93c53fa80bd2ee3f7c1fb1df11c3932dd90f5a6f72e4617b805e81ec,2,train,0,train:DAPP::DAppSCAN-source/contracts/Chainsecurity-Angle Protocol/angle-core-46e6d32837cbe97a4af0adb693e63afa0d01fc3e::AgToken ; train:DAPP::DAppSCAN-source/contracts/Chainsecurity-Angle Protocol  Borrowing Module/angle-borrow-0363b6a137a44e22ee06b3187ba74f7798c1af08::AgTokenIntermediateUpgrade,same_split_or_merge; quarantine_if_labels_conflict
exact_interaction_set_hash,08368703a1aa8f6fa4ee7aa86b59484001a33170775c85ee0b3be4611ecff006,2,train,0,train:DAPP::DAppSCAN-source/contracts/Runtime_Vеrification-ElementFinance/elf-contracts-637c6f959315cbb11a164555e588520c7d89122b::UserProxy ; train:DAPP::DAppSCAN-source/contracts/Runtime_Vеrification-ElementFinance/elf-contracts-637c6f959315cbb11a164555e588520c7d89122b::TestUserProxy,same_split_or_merge; quarantine_if_labels_conflict
exact_interaction_set_hash,5fc8b84ae2ac1720cc94929ad2ba5abdf4e2e7634c726ff1947be7802b410104,3,train,0,train:DAPP::DAppSCAN-source/contracts/Runtime_Vеrification-ElementFinance/elf-contracts-637c6f959315cbb11a164555e588520c7d89122b::BaseMinimalSwapInfoPool ; train:DAPP::DAppSCAN-source/contracts/Runtime_Vеrification-ElementFinance/elf-contracts-637c6f959315cbb11a164555e588520c7d89122b::BasePool ; train:DAPP::DAppSCAN-source/contracts/Runtime_Vеrification-ElementFinance/elf-contracts-637c6f959315cbb11a164555e588520c7d89122b::BaseGeneralPool,same_split_or_merge; quarantine_if_labels_conflict
exact_interaction_set_hash,c2e001530f2993bb9514d72bb9b7398dc652f45be9eaa82fcd52fae232b43a6d,2,train,0,train:DAPP::DAppSCAN-source/contracts/Runtime_Vеrification-ElementFinance/elf-contracts-637c6f959315cbb11a164555e588520c7d89122b::Swaps ; train:DAPP::DAppSCAN-source/contracts/Runtime_Vеrification-ElementFinance/elf-contracts-637c6f959315cbb11a164555e588520c7d89122b::Vault,same_split_or_merge; quarantine_if_labels_conflict
exact_interaction_set_hash,998cecf7ddde77494130c9b76964097909fdf2c416f0ce03c88d0305e3d27f42,3,train,0,train:DAPP::DAppSCAN-source/contracts/Runtime_Vеrification-ElementFinance/elf-contracts-637c6f959315cbb11a164555e588520c7d89122b::InternalBalance ; train:DAPP::DAppSCAN-source/contracts/Runtime_Vеrification-ElementFinance/elf-contracts-637c6f959315cbb11a164555e588520c7d89122b::Fees ; train:DAPP::DAppSCAN-source/contracts/Runtime_Vеrification-ElementFinance/elf-contracts-637c6f959315cbb11a164555e588520c7d89122b::FlashLoanProvider,same_split_or_merge; quarantine_if_labels_conflict
exact_interaction_set_hash,3cfe0632a16da2870f12e10ea62c9b1671c3edfe18f713b02d422a9870a65491,5,train,0,train:DAPP::DAppSCAN-source/contracts/Chainsecurity-Angle Protocol  Borrowing Module/angle-borrow-0363b6a137a44e22ee06b3187ba74f7798c1af08::OracleChainlinkMultiTemplate ; train:DAPP::DAppSCAN-source/contracts/Chainsecurity-Angle Protocol  Borrowing Module/angle-borrow-0363b6a137a44e22ee06b3187ba74f7798c1af08::BaseOracleChainlinkMulti ; train:DAPP::DAppSCAN-source/contracts/Chainsecurity-Angle Protocol  Borrowing Module/angle-borrow-0363b6a137a44e22ee06b3187ba74f7798c1af08::OracleChainlinkMulti ; train:DAPP::DAppSCAN-source/contracts/Chainsecurity-Angle Protocol  Borrowing Module/angle-borrow-0363b6a137a44e22ee06b3187ba74f7798c1af08::OracleBTCEURChainlink ; train:DAPP::DAppSCAN-source/contracts/Chainsecurity-Angle Protocol  Borrowing Module/angle-borrow-0363b6a137a44e22ee06b3187ba74f7798c1af08::OracleETHEURChainlink,same_split_or_merge; quarantine_if_labels_conflict
exact_interaction_set_hash,fb919667b922cfb095078a8cb1653b8ac7a6ce9d45f1819455623a335f992523,2,train,0,train:DAPP::DAppSCAN-source/contracts/Chainsecurity-Angle Protocol  Borrowing Module/angle-borrow-0363b6a137a44e22ee06b3187ba74f7798c1af08::BaseReactor ; train:DAPP::DAppSCAN-source/contracts/Chainsecurity-Angle Protocol  Borrowing Module/angle-borrow-0363b6a137a44e22ee06b3187ba74f7798c1af08::Reactor,same_split_or_merge; quarantine_if_labels_conflict
exact_interaction_set_hash,3ee0c76e755ad49f96071927ca2414ec8c3f6310a266d0e669ca8f2abf2e1f58,2,train,0,train:DAPP::DAppSCAN-source/contracts/Chainsecurity-Angle Protocol  Borrowing Module/angle-borrow-0363b6a137a44e22ee06b3187ba74f7798c1af08::AgTokenSideChain ; train:DAPP::DAppSCAN-source/contracts/Chainsecurity-Angle Protocol  Borrowing Module/angle-borrow-0363b6a137a44e22ee06b3187ba74f7798c1af08::BaseAgTokenSideChain,same_split_or_merge; quarantine_if_labels_conflict
exact_interaction_set_hash,47de305c2430e3bc01262c89618bc72dd1a304e97bfb4ef20edefa89e794099d,13,train,0,train:DAPP::DAppSCAN-source/contracts/Trail_of_Bits-FraxFinance/frax-solidity-3f0993a70e3496fd27887db7754d68709c84015e::UniswapPairOracle ; train:DAPP::DAppSCAN-source/contracts/Trail_of_Bits-FraxFinance/frax-solidity-3f0993a70e3496fd27887db7754d68709c84015e::UniswapPairOracle_FRAX_WETH ; train:DAPP::DAppSCAN-source/contracts/Trail_of_Bits-FraxFinance/frax-solidity-3f0993a70e3496fd27887db7754d68709c84015e::UniswapPairOracle_FRAX_USDT ; train:DAPP::DAppSCAN-source/contracts/Trail_of_Bits-FraxFinance/frax-solidity-3f0993a70e3496fd27887db7754d68709c84015e::UniswapPairOracle_FRAX_USDC ; train:DAPP::DAppSCAN-source/contracts/Trail_of_Bits-FraxFinance/frax-solidity-3f0993a70e3496fd27887db7754d68709c84015e::UniswapPairOracle_FRAX_6DEC ; train:DAPP::DAppSCAN-source/contracts/Trail_of_Bits-FraxFinance/frax-solidity-3f0993a70e3496fd27887db7754d68709c84015e::UniswapPairOracle_FXS_WETH ; train:DAPP::DAppSCAN-source/contracts/Trail_of_Bits-FraxFinance/frax-solidity-3f0993a70e3496fd27887db7754d68709c84015e::UniswapPairOracle_FXS_USDT ; train:DAPP::DAppSCAN-source/contracts/Trail_of_Bits-FraxFinance/frax-solidity-3f0993a70e3496fd27887db7754d68709c84015e::UniswapPairOracle_FXS_USDC ; train:DAPP::DAppSCAN-source/contracts/Trail_of_Bits-FraxFinance/frax-solidity-3f0993a70e3496fd27887db7754d68709c84015e::UniswapPairOracle_USDT_WETH ; train:DAPP::DAppSCAN-source/contracts/Trail_of_Bits-FraxFinance/frax-solidity-3f0993a70e3496fd27887db7754d68709c84015e::UniswapPairOracle_FRAX_FXS ; train:DAPP::DAppSCAN-source/contracts/Trail_of_Bits-FraxFinance/frax-solidity-3f0993a70e3496fd27887db7754d68709c84015e::UniswapPairOracle_6DEC_WETH ; train:DAPP::DAppSCAN-source/contracts/Trail_of_Bits-FraxFinance/frax-solidity-3f0993a70e3496fd27887db7754d68709c84015e::UniswapPairOracle_USDC_WETH ; train:DAPP::DAppSCAN-source/contracts/Trail_of_Bits-FraxFinance/frax-solidity-3f0993a70e3496fd27887db7754d68709c84015e::UniswapPairOracle_FXS_6DEC,same_split_or_merge; quarantine_if_labels_conflict
exact_interaction_set_hash,e02ba46311fe4558a0942dda535a514f3a7ef4243f8ae7dd56533033be5c5f93,4,train,0,train:DAPP::DAppSCAN-source/contracts/Trail_of_Bits-FraxFinance/frax-solidity-3f0993a70e3496fd27887db7754d68709c84015e::StakingRewardsDual ; train:DAPP::DAppSCAN-source/contracts/Trail_of_Bits-FraxFinance/frax-solidity-3f0993a70e3496fd27887db7754d68709c84015e::StakingRewardsDual_FXS_WETH_Sushi ; train:DAPP::DAppSCAN-source/contracts/Trail_of_Bits-FraxFinance/frax-solidity-3f0993a70e3496fd27887db7754d68709c84015e::StakingRewardsDual_FRAX3CRV ; train:DAPP::DAppSCAN-source/contracts/Trail_of_Bits-FraxFinance/frax-solidity-3f0993a70e3496fd27887db7754d68709c84015e::StakingRewardsDual_FRAX_FXS_Sushi,same_split_or_merge; quarantine_if_labels_conflict
exact_interaction_set_hash,1d319395a6e35921e1a6e7930ba5f871cf2c55e305df5f5e7023a4589e9d88a8,2,train,0,train:DAPP::DAppSCAN-source/contracts/Trail_of_Bits-FraxFinance/frax-solidity-3f0993a70e3496fd27887db7754d68709c84015e::StakingRewardsDualV2 ; train:DAPP::DAppSCAN-source/contracts/Trail_of_Bits-FraxFinance/frax-solidity-3f0993a70e3496fd27887db7754d68709c84015e::StakingRewardsDualV2_FRAX3CRV_V2,same_split_or_merge; quarantine_if_labels_conflict
exact_interaction_set_hash,f5e3fb8be032348b942b89c74b153d05201b365a286b49d3230bcbcdc2085ff1,5,train,0,train:DAPP::DAppSCAN-source/contracts/Trail_of_Bits-FraxFinance/frax-solidity-3f0993a70e3496fd27887db7754d68709c84015e::StakingRewards ; train:DAPP::DAppSCAN-source/contracts/Trail_of_Bits-FraxFinance/frax-solidity-3f0993a70e3496fd27887db7754d68709c84015e::Stake_FRAX_WETH ; train:DAPP::DAppSCAN-source/contracts/Trail_of_Bits-FraxFinance/frax-solidity-3f0993a70e3496fd27887db7754d68709c84015e::Stake_FXS_WETH ; train:DAPP::DAppSCAN-source/contracts/Trail_of_Bits-FraxFinance/frax-solidity-3f0993a70e3496fd27887db7754d68709c84015e::Stake_FRAX_USDC ; train:DAPP::DAppSCAN-source/contracts/Trail_of_Bits-FraxFinance/frax-solidity-3f0993a70e3496fd27887db7754d68709c84015e::Stake_FRAX_FXS,same_split_or_merge; quarantine_if_labels_conflict
exact_interaction_set_hash,fb223a5da3e40570a9cac4e82aeda2f467339f3b8cb13d1775836e7d3acaf9ba,2,train,0,train:DAPP::DAppSCAN-source/contracts/Trail_of_Bits-FraxFinance/frax-solidity-3f0993a70e3496fd27887db7754d68709c84015e::MigratableFarmBSC ; train:DAPP::DAppSCAN-source/contracts/Trail_of_Bits-FraxFinance/frax-solidity-3f0993a70e3496fd27887db7754d68709c84015e::MigratableFarmBSC_FRAX_FXS,same_split_or_merge; quarantine_if_labels_conflict
exact_interaction_set_hash,f0944c87b766804e3859962dad8808fd7ba6f493b1b6cb286ad922280c846fe4,2,train,0,train:DAPP::DAppSCAN-source/contracts/Trail_of_Bits-FraxFinance/frax-solidity-3f0993a70e3496fd27887db7754d68709c84015e::FraxPoolvAMM ; train:DAPP::DAppSCAN-source/contracts/Trail_of_Bits-FraxFinance/frax-solidity-3f0993a70e3496fd27887db7754d68709c84015e::PoolvAMM_USDC,same_split_or_merge; quarantine_if_labels_conflict
exact_interaction_set_hash,3ece2acfe134061dca6e705c51559250565c6784161fe2b31dfdf9907f18686d,4,train,0,train:DAPP::DAppSCAN-source/contracts/Trail_of_Bits-FraxFinance/frax-solidity-3f0993a70e3496fd27887db7754d68709c84015e::Pool_DAI ; train:DAPP::DAppSCAN-source/contracts/Trail_of_Bits-FraxFinance/frax-solidity-3f0993a70e3496fd27887db7754d68709c84015e::Pool_USDT ; train:DAPP::DAppSCAN-source/contracts/Trail_of_Bits-FraxFinance/frax-solidity-3f0993a70e3496fd27887db7754d68709c84015e::Pool_USDC ; train:DAPP::DAppSCAN-source/contracts/Trail_of_Bits-FraxFinance/frax-solidity-3f0993a70e3496fd27887db7754d68709c84015e::Pool_6DEC,same_split_or_merge; quarantine_if_labels_conflict
exact_interaction_set_hash,1044e6f9798b02e85c15996872307b74fd4c509a835f310b48040dafea8af018,3,train,0,train:DAPP::DAppSCAN-source/contracts/Inspex-SpookySwap Integration & Fantom Expansion/bsc-alpaca-contract-4553a34a6dcfcfbf7aebc693bb5c5c6074c73129::PauserRole ; train:DAPP::DAppSCAN-source/contracts/Inspex-SpookySwap Integration & Fantom Expansion/bsc-alpaca-contract-4553a34a6dcfcfbf7aebc693bb5c5c6074c73129::Pausable ; train:DAPP::DAppSCAN-source/contracts/Inspex-SpookySwap Integration & Fantom Expansion/bsc-alpaca-contract-4553a34a6dcfcfbf7aebc693bb5c5c6074c73129::ERC20Pausable,same_split_or_merge; quarantine_if_labels_conflict
exact_interaction_set_hash,e6baf9f010d3887b0480877902f5dc74cbd6b1f85f62e877d39cb18f57115ead,2,train,0,train:DAPP::DAppSCAN-source/contracts/Chainsulting-Furucombo-project2/trevi-b3f7fd332873321152db48c9d43fc23a60a29f1a::FountainToken ; train:DAPP::DAppSCAN-source/contracts/Chainsulting-Furucombo-project2/trevi-b3f7fd332873321152db48c9d43fc23a60a29f1a::ERC20Permit,same_split_or_merge; quarantine_if_labels_conflict
exact_interaction_set_hash,a943a97b0f30b4f53ac25effa048e3905101222118da90c7623bbba2e0d42555,2,train,0,train:DAPP::DAppSCAN-source/contracts/QuillAudits-GearBox Protocol-GearBox Protocol/gearbox-contracts-0ac33ba87212ce056ac6b6357ad74161d417158a::ACLTrait ; train:DAPP::DAppSCAN-source/contracts/QuillAudits-GearBox Protocol-GearBox Protocol/gearbox-contracts-0ac33ba87212ce056ac6b6357ad74161d417158a::ContractsRegister,same_split_or_merge; quarantine_if_labels_conflict
exact_interaction_set_hash,b40c07530f359f7948f8c12f29fb6fd5de703ea3fcd58e3a0fe879fc08212b18,3,train,0,"train:DAPP::DAppSCAN-source/contracts/Coinfabrik-MintingFactoryV2, BaseUpgradableMarketplace & KODAV3UpgradableGatedMarketplace/known-origin-contracts-v3-d592c5f4fa4e0b6fc65a1fce43e302706aedf607::BaseMarketplace ; train:DAPP::DAppSCAN-source/contracts/Coinfabrik-MintingFactoryV2, BaseUpgradableMarketplace & KODAV3UpgradableGatedMarketplace/known-origin-contracts-v3-d592c5f4fa4e0b6fc65a1fce43e302706aedf607::BuyNowMarketplace ; train:DAPP::DAppSCAN-source/contracts/Coinfabrik-MintingFactoryV2, BaseUpgradableMarketplace & KODAV3UpgradableGatedMarketplace/known-origin-contracts-v3-d592c5f4fa4e0b6fc65a1fce43e302706aedf607::ReserveAuctionMarketplace",same_split_or_merge; quarantine_if_labels_conflict
exact_interaction_set_hash,bd4aa5cb104ecea870887d2f46daf44381e0a8a1fc5cfa14adf1b3e8f0a785b9,2,train,0,"train:DAPP::DAppSCAN-source/contracts/Coinfabrik-MintingFactoryV2, BaseUpgradableMarketplace & KODAV3UpgradableGatedMarketplace/known-origin-contracts-v3-d592c5f4fa4e0b6fc65a1fce43e302706aedf607::ERC1967UpgradeUpgradeable ; train:DAPP::DAppSCAN-source/contracts/Coinfabrik-MintingFactoryV2, BaseUpgradableMarketplace & KODAV3UpgradableGatedMarketplace/known-origin-contracts-v3-d592c5f4fa4e0b6fc65a1fce43e302706aedf607::UUPSUpgradeable",same_split_or_merge; quarantine_if_labels_conflict
exact_interaction_set_hash,b654ae4f54038495195d4a4fefdd3da8e3e182d700542ea582a38b04b72b1d49,2,train,0,"train:DAPP::DAppSCAN-source/contracts/Coinfabrik-MintingFactoryV2, BaseUpgradableMarketplace & KODAV3UpgradableGatedMarketplace/known-origin-contracts-v3-d592c5f4fa4e0b6fc65a1fce43e302706aedf607::ClaimableFundsReceiverV1 ; train:DAPP::DAppSCAN-source/contracts/Coinfabrik-MintingFactoryV2, BaseUpgradableMarketplace & KODAV3UpgradableGatedMarketplace/known-origin-contracts-v3-d592c5f4fa4e0b6fc65a1fce43e302706aedf607::ClaimableFundsSplitterV1",same_split_or_merge; quarantine_if_labels_conflict
exact_interaction_set_hash,821b55210d7c86ae7f88d2fe48a579da56ab69e8820e68185b7560e2ae996d42,2,train,0,"train:DAPP::DAppSCAN-source/contracts/Coinfabrik-MintingFactoryV2, BaseUpgradableMarketplace & KODAV3UpgradableGatedMarketplace/known-origin-contracts-v3-d592c5f4fa4e0b6fc65a1fce43e302706aedf607::Whitelist ; train:DAPP::DAppSCAN-source/contracts/Coinfabrik-MintingFactoryV2, BaseUpgradableMarketplace & KODAV3UpgradableGatedMarketplace/known-origin-contracts-v3-d592c5f4fa4e0b6fc65a1fce43e302706aedf607::RBAC",same_split_or_merge; quarantine_if_labels_conflict
exact_interaction_set_hash,6ab19769ff8a643003c02b69a8c3724ac9ea319daaf9e84bd2debd296217ff03,3,train,0,"train:DAPP::DAppSCAN-source/contracts/Coinfabrik-MintingFactoryV2, BaseUpgradableMarketplace & KODAV3UpgradableGatedMarketplace/known-origin-contracts-v3-d592c5f4fa4e0b6fc65a1fce43e302706aedf607::RoyaltyImplV1R1 ; train:DAPP::DAppSCAN-source/contracts/Coinfabrik-MintingFactoryV2, BaseUpgradableMarketplace & KODAV3UpgradableGatedMarketplace/known-origin-contracts-v3-d592c5f4fa4e0b6fc65a1fce43e302706aedf607::RoyaltyImplV1R2 ; train:DAPP::DAppSCAN-source/contracts/Coinfabrik-MintingFactoryV2, BaseUpgradableMarketplace & KODAV3UpgradableGatedMarketplace/known-origin-contracts-v3-d592c5f4fa4e0b6fc65a1fce43e302706aedf607::FundsReceiver",same_split_or_merge; quarantine_if_labels_conflict
exact_interaction_set_hash,fdda2cd1a37e66bd7d596c836eef79e43715b4913db867a5e1d3a70abb821b01,2,train,0,train:DAPP::DAppSCAN-source/contracts/consensys-Fei_Protocol/fei-protocol-core-ff892c5d0b9697f249d713bbb2b3bd1da7980ed2::UniRef ; train:DAPP::DAppSCAN-source/contracts/consensys-Fei_Protocol/fei-protocol-core-ff892c5d0b9697f249d713bbb2b3bd1da7980ed2::UniswapPCVDeposit,same_split_or_merge; quarantine_if_labels_conflict
exact_interaction_set_hash,23e67dcd303ec7b2591bb46353cf2ec5e4f91e1b859eebbfc0c640b488784535,2,val,0,val:FORGE::vfp_00156::DstOFTHandler ; val:FORGE::vfp_00156::SponsoredCCTPDstPeriphery,same_split_or_merge; quarantine_if_labels_conflict
exact_interaction_set_hash,8b1fbc1a705f65ffb62f8d7cb4382f25a6dd5e9e80d7ed059ff4c0bd5853e58c,2,val,0,val:DAPP::DAppSCAN-source/contracts/QuillAudits-SushiSwap-BentoBox/bentobox-c2e150b16b8764ebfe2e1e6e267ae14e10738065::SimpleSLPTWAP0Oracle ; val:DAPP::DAppSCAN-source/contracts/QuillAudits-SushiSwap-BentoBox/bentobox-c2e150b16b8764ebfe2e1e6e267ae14e10738065::SimpleSLPTWAP1Oracle,same_split_or_merge; quarantine_if_labels_conflict
exact_interaction_set_hash,0c61fd8c76eee61f470d0120755507dcb09826a56eedb0c568f7e83350daadba,9,test|val,0,val:DAPP::DAppSCAN-source/contracts/QuillAudits-AAVE-ParaSwap Adapter/aave-protocol-v2-14e2ab47d95f42ec5ee486f367067e78a7588878::BaseAdminUpgradeabilityProxy ; val:DAPP::DAppSCAN-source/contracts/QuillAudits-AAVE-ParaSwap Adapter/aave-protocol-v2-14e2ab47d95f42ec5ee486f367067e78a7588878::UpgradeabilityProxy ; val:DAPP::DAppSCAN-source/contracts/QuillAudits-AAVE-ParaSwap Adapter/aave-protocol-v2-14e2ab47d95f42ec5ee486f367067e78a7588878::AdminUpgradeabilityProxy ; val:DAPP::DAppSCAN-source/contracts/QuillAudits-AAVE-ParaSwap Adapter/aave-protocol-v2-14e2ab47d95f42ec5ee486f367067e78a7588878::BaseUpgradeabilityProxy ; val:DAPP::DAppSCAN-source/contracts/QuillAudits-AAVE-ParaSwap Adapter/aave-protocol-v2-14e2ab47d95f42ec5ee486f367067e78a7588878::BaseImmutableAdminUpgradeabilityProxy ; test:DAPP::DAppSCAN-source/contracts/consensys-Aave_Protocol_V2/aave-protocol-v2-f756f44a8d6a328cd545335e46e7128939db88c4::BaseAdminUpgradeabilityProxy ; test:DAPP::DAppSCAN-source/contracts/consensys-Aave_Protocol_V2/aave-protocol-v2-f756f44a8d6a328cd545335e46e7128939db88c4::UpgradeabilityProxy ; test:DAPP::DAppSCAN-source/contracts/consensys-Aave_Protocol_V2/aave-protocol-v2-f756f44a8d6a328cd545335e46e7128939db88c4::AdminUpgradeabilityProxy ; test:DAPP::DAppSCAN-source/contracts/consensys-Aave_Protocol_V2/aave-protocol-v2-f756f44a8d6a328cd545335e46e7128939db88c4::BaseUpgradeabilityProxy,same_split_or_merge; quarantine_if_labels_conflict
exact_interaction_set_hash,27c19e71fa17cc060e837671d7b98bcfd0485a3e77ede711eff750677690eef0,2,test|val,0,val:DAPP::DAppSCAN-source/contracts/QuillAudits-AAVE-ParaSwap Adapter/aave-protocol-v2-14e2ab47d95f42ec5ee486f367067e78a7588878::InitializableAdminUpgradeabilityProxy ; test:DAPP::DAppSCAN-source/contracts/consensys-Aave_Protocol_V2/aave-protocol-v2-f756f44a8d6a328cd545335e46e7128939db88c4::InitializableAdminUpgradeabilityProxy,same_split_or_merge; quarantine_if_labels_conflict
exact_interaction_set_hash,044dfaecd3f2ce4ffa022c7bdb13eaf55e531bf94d5c1cdf5cdc837e58930977,3,test|val,0,val:DAPP::DAppSCAN-source/contracts/QuillAudits-AAVE-ParaSwap Adapter/aave-protocol-v2-14e2ab47d95f42ec5ee486f367067e78a7588878::InitializableUpgradeabilityProxy ; val:DAPP::DAppSCAN-source/contracts/QuillAudits-AAVE-ParaSwap Adapter/aave-protocol-v2-14e2ab47d95f42ec5ee486f367067e78a7588878::InitializableImmutableAdminUpgradeabilityProxy ; test:DAPP::DAppSCAN-source/contracts/consensys-Aave_Protocol_V2/aave-protocol-v2-f756f44a8d6a328cd545335e46e7128939db88c4::InitializableUpgradeabilityProxy,same_split_or_merge; quarantine_if_labels_conflict
exact_interaction_set_hash,f9708d7ad033c701e2fc515ede644bd280d2e5fa7a82ba4737249bb6e01ff88b,2,val,0,val:DAPP::DAppSCAN-source/contracts/Solidity_Finance-OKLG - Smart Contract/contracts-e167d0d742d21bcc62d7a5b770a1f0ed1cf31eca::OKLGAirdropper ; val:DAPP::DAppSCAN-source/contracts/Solidity_Finance-OKLG - Smart Contract/contracts-e167d0d742d21bcc62d7a5b770a1f0ed1cf31eca::OKLGProduct,same_split_or_merge; quarantine_if_labels_conflict
exact_interaction_set_hash,3775bf8cecc82d179b591f0375c955f3788ec9cf798bce365884224de1192466,2,val,0,val:DAPP::DAppSCAN-source/contracts/consensys-Amp/amp-token-contracts-6871b6c64c712835b332e515cc553308dcbbc539::ERC1820Client ; val:DAPP::DAppSCAN-source/contracts/consensys-Amp/amp-token-contracts-6871b6c64c712835b332e515cc553308dcbbc539::AmpPartitionStrategyValidatorBase,same_split_or_merge; quarantine_if_labels_conflict
exact_interaction_set_hash,fd406492139294762bd6e541110016214f583a5129508242394c59587b0729ba,2,test,0,test:DAPP::DAppSCAN-source/contracts/Coinbae-TapCoins_Token_Contract/code::CrowdsaleToken ; test:DAPP::DAppSCAN-source/contracts/Coinbae-TapCoins_Token_Contract/code::TapcoinToken,same_split_or_merge; quarantine_if_labels_conflict
exact_interaction_set_hash,2d4ad70808eda5b0404fda2fb5ca602e81a400f1c116ceae3eee1d10a5e7627c,3,test,0,"test:DAPP::DAppSCAN-source/contracts/Inspex-Tokens, Farm & Shop/-SpeedStar-Audit-3e39d7acf9c1aa9f3a5511c161c2035ba7d6bc1f::Facility ; test:DAPP::DAppSCAN-source/contracts/Inspex-Tokens, Farm & Shop/-SpeedStar-Audit-3e39d7acf9c1aa9f3a5511c161c2035ba7d6bc1f::Horse ; test:DAPP::DAppSCAN-source/contracts/Inspex-Tokens, Farm & Shop/-SpeedStar-Audit-3e39d7acf9c1aa9f3a5511c161c2035ba7d6bc1f::ERC721URIStorage",same_split_or_merge; quarantine_if_labels_conflict
exact_interaction_set_hash,372c377b52aa3f08724a2084299b92416c80970b0e8362ecee67430919cccabd,2,test,0,test:DAPP::DAppSCAN-source/contracts/PeckShield-TranchessV1.1/contract-core-68a86350313c1cb9e5467e791d3e9efaf228a0df::Staking ; test:DAPP::DAppSCAN-source/contracts/PeckShield-TranchessV1.1/contract-core-68a86350313c1cb9e5467e791d3e9efaf228a0df::StakingTestWrapper,same_split_or_merge; quarantine_if_labels_conflict
exact_interaction_set_hash,ffc34fe57a04449fcadbe60e28341adcb490615a25d327eb87abd978dd805286,4,test,0,test:DAPP::DAppSCAN-source/contracts/PeckShield-btdotfinance/bt-finance-6300bc1271b73a1755fae02594d25fdf6fa39a9c::StrategyWBTCUNIFarm ; test:DAPP::DAppSCAN-source/contracts/PeckShield-btdotfinance/bt-finance-6300bc1271b73a1755fae02594d25fdf6fa39a9c::StrategyUSDCUNIFarm ; test:DAPP::DAppSCAN-source/contracts/PeckShield-btdotfinance/bt-finance-6300bc1271b73a1755fae02594d25fdf6fa39a9c::StrategyUSDTUNIFarm ; test:DAPP::DAppSCAN-source/contracts/PeckShield-btdotfinance/bt-finance-6300bc1271b73a1755fae02594d25fdf6fa39a9c::StrategyDAIUNIFarm,same_split_or_merge; quarantine_if_labels_conflict
exact_interaction_set_hash,8bbf8f9d4cccd6321f6b13ce087f4f371dda328f1149b9e4b53142d36e936c66,2,test,0,test:DAPP::DAppSCAN-source/contracts/consensys-Aave_Protocol_V2/aave-protocol-v2-f756f44a8d6a328cd545335e46e7128939db88c4::IncentivizedERC20 ; test:DAPP::DAppSCAN-source/contracts/consensys-Aave_Protocol_V2/aave-protocol-v2-f756f44a8d6a328cd545335e46e7128939db88c4::DebtTokenBase,same_split_or_merge; quarantine_if_labels_conflict
near_duplicate_same_contract_name,MerkleDistributor:1.000,2,train,0,train:DAPP::DAppSCAN-source/contracts/Inspex-Optimized Worker/bsc-alpaca-contract-1aee2ceec77e3fd3162b74858c846cdc5692928d::MerkleDistributor ; train:DAPP::DAppSCAN-source/contracts/Inspex-SpookySwap Integration & Fantom Expansion/bsc-alpaca-contract-4553a34a6dcfcfbf7aebc693bb5c5c6074c73129::MerkleDistributor,same_split_or_quarantine
near_duplicate_same_contract_name,WETH9:1.000,2,train,0,train:DAPP::DAppSCAN-source/contracts/PeckShield-AirSwap/airswap-protocols-b87d292aaf6e28ede564b7ea28ece39219994607::WETH9 ; train:DAPP::DAppSCAN-source/contracts/Trail_of_Bits-YieldProtocol/fyDai-4422fda75931f2bfea49f5041ec90dc026e5c03d::WETH9,same_split_or_quarantine
near_duplicate_same_contract_name,Migrations:1.000,2,train,0,train:DAPP::DAppSCAN-source/contracts/PeckShield-AirSwap/airswap-protocols-b87d292aaf6e28ede564b7ea28ece39219994607::Migrations ; train:DAPP::DAppSCAN-source/contracts/consensys-Skyweaver/Skyweaver-contracts-bde0c184db6168bf86656a48b12d5747950b54d9::Migrations,same_split_or_quarantine
near_duplicate_same_contract_name,Migrations:1.000,2,train,0,train:DAPP::DAppSCAN-source/contracts/PeckShield-AirSwap/airswap-protocols-b87d292aaf6e28ede564b7ea28ece39219994607::Migrations ; train:DAPP::DAppSCAN-source/contracts/PepperSec-Aira-Robonomic/robonomics_contracts-cc35a91de187072214d215262d8371f0159c2498::Migrations,same_split_or_quarantine
near_duplicate_same_contract_name,Migrations:1.000,2,train,0,train:DAPP::DAppSCAN-source/contracts/PeckShield-AirSwap/airswap-protocols-b87d292aaf6e28ede564b7ea28ece39219994607::Migrations ; train:DAPP::DAppSCAN-source/contracts/SlowMist-CFFv2 Smart Contract Security Audit Report/cff-contract-v2-c86bef3f13c7585f547f9cd0ca900f94664e96b7::Migrations,same_split_or_quarantine
near_duplicate_same_contract_name,Migrations:1.000,2,train,0,train:DAPP::DAppSCAN-source/contracts/PeckShield-AirSwap/airswap-protocols-b87d292aaf6e28ede564b7ea28ece39219994607::Migrations ; train:DAPP::DAppSCAN-source/contracts/consensys-MCDEX_Mai_Protocol_V2/mai-protocol-v2-4b198083ec4ae2d6851e101fc44ea333eaa3cd92::Migrations,same_split_or_quarantine
near_duplicate_same_contract_name,Migrations:1.000,2,train,0,train:DAPP::DAppSCAN-source/contracts/PeckShield-AirSwap/airswap-protocols-b87d292aaf6e28ede564b7ea28ece39219994607::Migrations ; train:DAPP::DAppSCAN-source/contracts/PeckShield-Buffer/code::Migrations,same_split_or_quarantine
near_duplicate_same_contract_name,Migrations:1.000,2,train,0,train:DAPP::DAppSCAN-source/contracts/PeckShield-AirSwap/airswap-protocols-b87d292aaf6e28ede564b7ea28ece39219994607::Migrations ; train:DAPP::DAppSCAN-source/contracts/QuillAudits-LTO Network-Token Sale/lto-erc20-token-02fa2620aef4c854675230b6544461961d47f968::Migrations,same_split_or_quarantine
near_duplicate_same_contract_name,Migrations:1.000,2,train,0,train:DAPP::DAppSCAN-source/contracts/PeckShield-AirSwap/airswap-protocols-b87d292aaf6e28ede564b7ea28ece39219994607::Migrations ; train:DAPP::DAppSCAN-source/contracts/consensys-ENS_Permanent_Registrar/ethregistrar-e52abfc2799ac361364aca6135fc20f9175a29fd::Migrations,same_split_or_quarantine
near_duplicate_same_contract_name,Migrations:1.000,2,test|train,0,train:DAPP::DAppSCAN-source/contracts/PeckShield-AirSwap/airswap-protocols-b87d292aaf6e28ede564b7ea28ece39219994607::Migrations ; test:DAPP::DAppSCAN-source/contracts/Trail_of_Bits-Liquity/dev-f0df3efa5a5f05b205752184cfce107c5bd6e06c::Migrations,same_split_or_quarantine
near_duplicate_same_contract_name,Migrations:1.000,2,train,0,train:DAPP::DAppSCAN-source/contracts/consensys-Skyweaver/Skyweaver-contracts-bde0c184db6168bf86656a48b12d5747950b54d9::Migrations ; train:DAPP::DAppSCAN-source/contracts/PepperSec-Aira-Robonomic/robonomics_contracts-cc35a91de187072214d215262d8371f0159c2498::Migrations,same_split_or_quarantine
near_duplicate_same_contract_name,Migrations:1.000,2,train,0,train:DAPP::DAppSCAN-source/contracts/consensys-Skyweaver/Skyweaver-contracts-bde0c184db6168bf86656a48b12d5747950b54d9::Migrations ; train:DAPP::DAppSCAN-source/contracts/SlowMist-CFFv2 Smart Contract Security Audit Report/cff-contract-v2-c86bef3f13c7585f547f9cd0ca900f94664e96b7::Migrations,same_split_or_quarantine
near_duplicate_same_contract_name,Migrations:1.000,2,train,0,train:DAPP::DAppSCAN-source/contracts/consensys-Skyweaver/Skyweaver-contracts-bde0c184db6168bf86656a48b12d5747950b54d9::Migrations ; train:DAPP::DAppSCAN-source/contracts/consensys-MCDEX_Mai_Protocol_V2/mai-protocol-v2-4b198083ec4ae2d6851e101fc44ea333eaa3cd92::Migrations,same_split_or_quarantine
near_duplicate_same_contract_name,Migrations:1.000,2,train,0,train:DAPP::DAppSCAN-source/contracts/consensys-Skyweaver/Skyweaver-contracts-bde0c184db6168bf86656a48b12d5747950b54d9::Migrations ; train:DAPP::DAppSCAN-source/contracts/PeckShield-Buffer/code::Migrations,same_split_or_quarantine
near_duplicate_same_contract_name,Migrations:1.000,2,train,0,train:DAPP::DAppSCAN-source/contracts/consensys-Skyweaver/Skyweaver-contracts-bde0c184db6168bf86656a48b12d5747950b54d9::Migrations ; train:DAPP::DAppSCAN-source/contracts/QuillAudits-LTO Network-Token Sale/lto-erc20-token-02fa2620aef4c854675230b6544461961d47f968::Migrations,same_split_or_quarantine
near_duplicate_same_contract_name,Migrations:1.000,2,train,0,train:DAPP::DAppSCAN-source/contracts/consensys-Skyweaver/Skyweaver-contracts-bde0c184db6168bf86656a48b12d5747950b54d9::Migrations ; train:DAPP::DAppSCAN-source/contracts/consensys-ENS_Permanent_Registrar/ethregistrar-e52abfc2799ac361364aca6135fc20f9175a29fd::Migrations,same_split_or_quarantine
near_duplicate_same_contract_name,Migrations:1.000,2,test|train,0,train:DAPP::DAppSCAN-source/contracts/consensys-Skyweaver/Skyweaver-contracts-bde0c184db6168bf86656a48b12d5747950b54d9::Migrations ; test:DAPP::DAppSCAN-source/contracts/Trail_of_Bits-Liquity/dev-f0df3efa5a5f05b205752184cfce107c5bd6e06c::Migrations,same_split_or_quarantine
near_duplicate_same_contract_name,Migrations:1.000,2,train,0,train:DAPP::DAppSCAN-source/contracts/PepperSec-Aira-Robonomic/robonomics_contracts-cc35a91de187072214d215262d8371f0159c2498::Migrations ; train:DAPP::DAppSCAN-source/contracts/SlowMist-CFFv2 Smart Contract Security Audit Report/cff-contract-v2-c86bef3f13c7585f547f9cd0ca900f94664e96b7::Migrations,same_split_or_quarantine
near_duplicate_same_contract_name,Migrations:1.000,2,train,0,train:DAPP::DAppSCAN-source/contracts/PepperSec-Aira-Robonomic/robonomics_contracts-cc35a91de187072214d215262d8371f0159c2498::Migrations ; train:DAPP::DAppSCAN-source/contracts/consensys-MCDEX_Mai_Protocol_V2/mai-protocol-v2-4b198083ec4ae2d6851e101fc44ea333eaa3cd92::Migrations,same_split_or_quarantine
near_duplicate_same_contract_name,Migrations:1.000,2,train,0,train:DAPP::DAppSCAN-source/contracts/PepperSec-Aira-Robonomic/robonomics_contracts-cc35a91de187072214d215262d8371f0159c2498::Migrations ; train:DAPP::DAppSCAN-source/contracts/PeckShield-Buffer/code::Migrations,same_split_or_quarantine
near_duplicate_same_contract_name,Migrations:1.000,2,train,0,train:DAPP::DAppSCAN-source/contracts/PepperSec-Aira-Robonomic/robonomics_contracts-cc35a91de187072214d215262d8371f0159c2498::Migrations ; train:DAPP::DAppSCAN-source/contracts/QuillAudits-LTO Network-Token Sale/lto-erc20-token-02fa2620aef4c854675230b6544461961d47f968::Migrations,same_split_or_quarantine
near_duplicate_same_contract_name,Migrations:1.000,2,train,0,train:DAPP::DAppSCAN-source/contracts/PepperSec-Aira-Robonomic/robonomics_contracts-cc35a91de187072214d215262d8371f0159c2498::Migrations ; train:DAPP::DAppSCAN-source/contracts/consensys-ENS_Permanent_Registrar/ethregistrar-e52abfc2799ac361364aca6135fc20f9175a29fd::Migrations,same_split_or_quarantine
near_duplicate_same_contract_name,Migrations:1.000,2,test|train,0,train:DAPP::DAppSCAN-source/contracts/PepperSec-Aira-Robonomic/robonomics_contracts-cc35a91de187072214d215262d8371f0159c2498::Migrations ; test:DAPP::DAppSCAN-source/contracts/Trail_of_Bits-Liquity/dev-f0df3efa5a5f05b205752184cfce107c5bd6e06c::Migrations,same_split_or_quarantine
near_duplicate_same_contract_name,Migrations:1.000,2,train,0,train:DAPP::DAppSCAN-source/contracts/SlowMist-CFFv2 Smart Contract Security Audit Report/cff-contract-v2-c86bef3f13c7585f547f9cd0ca900f94664e96b7::Migrations ; train:DAPP::DAppSCAN-source/contracts/consensys-MCDEX_Mai_Protocol_V2/mai-protocol-v2-4b198083ec4ae2d6851e101fc44ea333eaa3cd92::Migrations,same_split_or_quarantine
near_duplicate_same_contract_name,Migrations:1.000,2,train,0,train:DAPP::DAppSCAN-source/contracts/SlowMist-CFFv2 Smart Contract Security Audit Report/cff-contract-v2-c86bef3f13c7585f547f9cd0ca900f94664e96b7::Migrations ; train:DAPP::DAppSCAN-source/contracts/PeckShield-Buffer/code::Migrations,same_split_or_quarantine
near_duplicate_same_contract_name,Migrations:1.000,2,train,0,train:DAPP::DAppSCAN-source/contracts/SlowMist-CFFv2 Smart Contract Security Audit Report/cff-contract-v2-c86bef3f13c7585f547f9cd0ca900f94664e96b7::Migrations ; train:DAPP::DAppSCAN-source/contracts/QuillAudits-LTO Network-Token Sale/lto-erc20-token-02fa2620aef4c854675230b6544461961d47f968::Migrations,same_split_or_quarantine
near_duplicate_same_contract_name,Migrations:1.000,2,train,0,train:DAPP::DAppSCAN-source/contracts/SlowMist-CFFv2 Smart Contract Security Audit Report/cff-contract-v2-c86bef3f13c7585f547f9cd0ca900f94664e96b7::Migrations ; train:DAPP::DAppSCAN-source/contracts/consensys-ENS_Permanent_Registrar/ethregistrar-e52abfc2799ac361364aca6135fc20f9175a29fd::Migrations,same_split_or_quarantine
near_duplicate_same_contract_name,Migrations:1.000,2,test|train,0,train:DAPP::DAppSCAN-source/contracts/SlowMist-CFFv2 Smart Contract Security Audit Report/cff-contract-v2-c86bef3f13c7585f547f9cd0ca900f94664e96b7::Migrations ; test:DAPP::DAppSCAN-source/contracts/Trail_of_Bits-Liquity/dev-f0df3efa5a5f05b205752184cfce107c5bd6e06c::Migrations,same_split_or_quarantine
near_duplicate_same_contract_name,Migrations:1.000,2,train,0,train:DAPP::DAppSCAN-source/contracts/consensys-MCDEX_Mai_Protocol_V2/mai-protocol-v2-4b198083ec4ae2d6851e101fc44ea333eaa3cd92::Migrations ; train:DAPP::DAppSCAN-source/contracts/PeckShield-Buffer/code::Migrations,same_split_or_quarantine
near_duplicate_same_contract_name,Migrations:1.000,2,train,0,train:DAPP::DAppSCAN-source/contracts/consensys-MCDEX_Mai_Protocol_V2/mai-protocol-v2-4b198083ec4ae2d6851e101fc44ea333eaa3cd92::Migrations ; train:DAPP::DAppSCAN-source/contracts/QuillAudits-LTO Network-Token Sale/lto-erc20-token-02fa2620aef4c854675230b6544461961d47f968::Migrations,same_split_or_quarantine
near_duplicate_same_contract_name,Migrations:1.000,2,train,0,train:DAPP::DAppSCAN-source/contracts/consensys-MCDEX_Mai_Protocol_V2/mai-protocol-v2-4b198083ec4ae2d6851e101fc44ea333eaa3cd92::Migrations ; train:DAPP::DAppSCAN-source/contracts/consensys-ENS_Permanent_Registrar/ethregistrar-e52abfc2799ac361364aca6135fc20f9175a29fd::Migrations,same_split_or_quarantine
near_duplicate_same_contract_name,Migrations:1.000,2,test|train,0,train:DAPP::DAppSCAN-source/contracts/consensys-MCDEX_Mai_Protocol_V2/mai-protocol-v2-4b198083ec4ae2d6851e101fc44ea333eaa3cd92::Migrations ; test:DAPP::DAppSCAN-source/contracts/Trail_of_Bits-Liquity/dev-f0df3efa5a5f05b205752184cfce107c5bd6e06c::Migrations,same_split_or_quarantine
near_duplicate_same_contract_name,Migrations:1.000,2,train,0,train:DAPP::DAppSCAN-source/contracts/PeckShield-Buffer/code::Migrations ; train:DAPP::DAppSCAN-source/contracts/QuillAudits-LTO Network-Token Sale/lto-erc20-token-02fa2620aef4c854675230b6544461961d47f968::Migrations,same_split_or_quarantine
near_duplicate_same_contract_name,Migrations:1.000,2,train,0,train:DAPP::DAppSCAN-source/contracts/PeckShield-Buffer/code::Migrations ; train:DAPP::DAppSCAN-source/contracts/consensys-ENS_Permanent_Registrar/ethregistrar-e52abfc2799ac361364aca6135fc20f9175a29fd::Migrations,same_split_or_quarantine
near_duplicate_same_contract_name,Migrations:1.000,2,test|train,0,train:DAPP::DAppSCAN-source/contracts/PeckShield-Buffer/code::Migrations ; test:DAPP::DAppSCAN-source/contracts/Trail_of_Bits-Liquity/dev-f0df3efa5a5f05b205752184cfce107c5bd6e06c::Migrations,same_split_or_quarantine
near_duplicate_same_contract_name,Migrations:1.000,2,train,0,train:DAPP::DAppSCAN-source/contracts/QuillAudits-LTO Network-Token Sale/lto-erc20-token-02fa2620aef4c854675230b6544461961d47f968::Migrations ; train:DAPP::DAppSCAN-source/contracts/consensys-ENS_Permanent_Registrar/ethregistrar-e52abfc2799ac361364aca6135fc20f9175a29fd::Migrations,same_split_or_quarantine
near_duplicate_same_contract_name,Migrations:1.000,2,test|train,0,train:DAPP::DAppSCAN-source/contracts/QuillAudits-LTO Network-Token Sale/lto-erc20-token-02fa2620aef4c854675230b6544461961d47f968::Migrations ; test:DAPP::DAppSCAN-source/contracts/Trail_of_Bits-Liquity/dev-f0df3efa5a5f05b205752184cfce107c5bd6e06c::Migrations,same_split_or_quarantine
near_duplicate_same_contract_name,Migrations:1.000,2,test|train,0,train:DAPP::DAppSCAN-source/contracts/consensys-ENS_Permanent_Registrar/ethregistrar-e52abfc2799ac361364aca6135fc20f9175a29fd::Migrations ; test:DAPP::DAppSCAN-source/contracts/Trail_of_Bits-Liquity/dev-f0df3efa5a5f05b205752184cfce107c5bd6e06c::Migrations,same_split_or_quarantine
near_duplicate_same_contract_name,Timelock:1.000,2,train,0,train:DAPP::DAppSCAN-source/contracts/Trail_of_Bits-FraxQ42021/frax-solidity-bd40775e283923aa9e32a107abd426430a99835e::Timelock ; train:DAPP::DAppSCAN-source/contracts/PeckShield-BabySwap/code::Timelock,same_split_or_quarantine
near_duplicate_same_contract_name,Timelock:1.000,2,train,0,train:DAPP::DAppSCAN-source/contracts/Trail_of_Bits-FraxQ42021/frax-solidity-bd40775e283923aa9e32a107abd426430a99835e::Timelock ; train:DAPP::DAppSCAN-source/contracts/Chainsecurity-Compound  cToken unredacted/compound-protocol-4a54ec5c55b66ea67d44b76f3056f0ed7229db8c::Timelock,same_split_or_quarantine
near_duplicate_same_contract_name,Timelock:1.000,2,train,0,train:DAPP::DAppSCAN-source/contracts/Trail_of_Bits-FraxQ42021/frax-solidity-bd40775e283923aa9e32a107abd426430a99835e::Timelock ; train:DAPP::DAppSCAN-source/contracts/Trail_of_Bits-FraxFinance/frax-solidity-3f0993a70e3496fd27887db7754d68709c84015e::Timelock,same_split_or_quarantine
near_duplicate_same_contract_name,Timelock:1.000,2,train,0,train:DAPP::DAppSCAN-source/contracts/Trail_of_Bits-FraxQ42021/frax-solidity-bd40775e283923aa9e32a107abd426430a99835e::Timelock ; train:DAPP::DAppSCAN-source/contracts/consensys-Fei_Protocol/fei-protocol-core-ff892c5d0b9697f249d713bbb2b3bd1da7980ed2::Timelock,same_split_or_quarantine
near_duplicate_same_contract_name,Timelock:1.000,2,train,0,train:DAPP::DAppSCAN-source/contracts/PeckShield-DarkCrypto/darkcrypto-contracts-fee5be8d36459aebed2b84e6493875b3dc0366fd::Timelock ; train:DAPP::DAppSCAN-source/contracts/QuillAudits-Bond Appetit-Bond Appetit/bondappetit-protocol-355180f0aca0b29d60d808f761052956b7a3a159::Timelock,same_split_or_quarantine
near_duplicate_same_contract_name,Timelock:1.000,2,train,0,train:DAPP::DAppSCAN-source/contracts/PeckShield-DarkCrypto/darkcrypto-contracts-fee5be8d36459aebed2b84e6493875b3dc0366fd::Timelock ; train:DAPP::DAppSCAN-source/contracts/PeckShield-DSG/core-6f607f77698936e132e4e9b5cb4d75580636d919::Timelock,same_split_or_quarantine
near_duplicate_same_contract_name,Timelock:1.000,2,test|train,0,train:DAPP::DAppSCAN-source/contracts/PeckShield-DarkCrypto/darkcrypto-contracts-fee5be8d36459aebed2b84e6493875b3dc0366fd::Timelock ; test:DAPP::DAppSCAN-source/contracts/PeckShield-TranchessV1.1/contract-core-68a86350313c1cb9e5467e791d3e9efaf228a0df::Timelock,same_split_or_quarantine
near_duplicate_same_contract_name,Timelock:1.000,2,train,0,train:DAPP::DAppSCAN-source/contracts/PeckShield-BabySwap/code::Timelock ; train:DAPP::DAppSCAN-source/contracts/Chainsecurity-Compound  cToken unredacted/compound-protocol-4a54ec5c55b66ea67d44b76f3056f0ed7229db8c::Timelock,same_split_or_quarantine
near_duplicate_same_contract_name,Timelock:1.000,2,train,0,train:DAPP::DAppSCAN-source/contracts/PeckShield-BabySwap/code::Timelock ; train:DAPP::DAppSCAN-source/contracts/Trail_of_Bits-FraxFinance/frax-solidity-3f0993a70e3496fd27887db7754d68709c84015e::Timelock,same_split_or_quarantine
near_duplicate_same_contract_name,Timelock:1.000,2,train,0,train:DAPP::DAppSCAN-source/contracts/PeckShield-BabySwap/code::Timelock ; train:DAPP::DAppSCAN-source/contracts/consensys-Fei_Protocol/fei-protocol-core-ff892c5d0b9697f249d713bbb2b3bd1da7980ed2::Timelock,same_split_or_quarantine
near_duplicate_same_contract_name,Timelock:1.000,2,train,0,"train:DAPP::DAppSCAN-source/contracts/Inspex-FairLaunch, Token, Vault & Workers/Meow-Finance-4a4f13efaf5e5fbed74c0ed23b665751e655d715::Timelock ; train:DAPP::DAppSCAN-source/contracts/Inspex-SpookySwap Integration & Fantom Expansion/bsc-alpaca-contract-4553a34a6dcfcfbf7aebc693bb5c5c6074c73129::Timelock",same_split_or_quarantine
near_duplicate_same_contract_name,Timelock:1.000,2,train,0,train:DAPP::DAppSCAN-source/contracts/QuillAudits-Bond Appetit-Bond Appetit/bondappetit-protocol-355180f0aca0b29d60d808f761052956b7a3a159::Timelock ; train:DAPP::DAppSCAN-source/contracts/PeckShield-DSG/core-6f607f77698936e132e4e9b5cb4d75580636d919::Timelock,same_split_or_quarantine
near_duplicate_same_contract_name,Timelock:1.000,2,test|train,0,train:DAPP::DAppSCAN-source/contracts/QuillAudits-Bond Appetit-Bond Appetit/bondappetit-protocol-355180f0aca0b29d60d808f761052956b7a3a159::Timelock ; test:DAPP::DAppSCAN-source/contracts/PeckShield-TranchessV1.1/contract-core-68a86350313c1cb9e5467e791d3e9efaf228a0df::Timelock,same_split_or_quarantine
near_duplicate_same_contract_name,Timelock:1.000,2,train,0,train:DAPP::DAppSCAN-source/contracts/Chainsecurity-Compound  cToken unredacted/compound-protocol-4a54ec5c55b66ea67d44b76f3056f0ed7229db8c::Timelock ; train:DAPP::DAppSCAN-source/contracts/Trail_of_Bits-FraxFinance/frax-solidity-3f0993a70e3496fd27887db7754d68709c84015e::Timelock,same_split_or_quarantine
near_duplicate_same_contract_name,Timelock:1.000,2,train,0,train:DAPP::DAppSCAN-source/contracts/Chainsecurity-Compound  cToken unredacted/compound-protocol-4a54ec5c55b66ea67d44b76f3056f0ed7229db8c::Timelock ; train:DAPP::DAppSCAN-source/contracts/consensys-Fei_Protocol/fei-protocol-core-ff892c5d0b9697f249d713bbb2b3bd1da7980ed2::Timelock,same_split_or_quarantine
near_duplicate_same_contract_name,Timelock:1.000,2,test|train,0,train:DAPP::DAppSCAN-source/contracts/PeckShield-DSG/core-6f607f77698936e132e4e9b5cb4d75580636d919::Timelock ; test:DAPP::DAppSCAN-source/contracts/PeckShield-TranchessV1.1/contract-core-68a86350313c1cb9e5467e791d3e9efaf228a0df::Timelock,same_split_or_quarantine
near_duplicate_same_contract_name,Timelock:1.000,2,train,0,train:DAPP::DAppSCAN-source/contracts/Trail_of_Bits-FraxFinance/frax-solidity-3f0993a70e3496fd27887db7754d68709c84015e::Timelock ; train:DAPP::DAppSCAN-source/contracts/consensys-Fei_Protocol/fei-protocol-core-ff892c5d0b9697f249d713bbb2b3bd1da7980ed2::Timelock,same_split_or_quarantine
near_duplicate_same_contract_name,WETH:1.000,2,train,0,train:DAPP::DAppSCAN-source/contracts/Trail_of_Bits-FraxQ42021/frax-solidity-bd40775e283923aa9e32a107abd426430a99835e::WETH ; train:DAPP::DAppSCAN-source/contracts/Trail_of_Bits-FraxFinance/frax-solidity-3f0993a70e3496fd27887db7754d68709c84015e::WETH,same_split_or_quarantine
near_duplicate_same_contract_name,WETH:1.000,2,train,0,train:DAPP::DAppSCAN-source/contracts/Inspex-Optimized Worker/bsc-alpaca-contract-1aee2ceec77e3fd3162b74858c846cdc5692928d::WETH ; train:DAPP::DAppSCAN-source/contracts/Inspex-SpookySwap Integration & Fantom Expansion/bsc-alpaca-contract-4553a34a6dcfcfbf7aebc693bb5c5c6074c73129::WETH,same_split_or_quarantine
near_duplicate_same_contract_name,SwapToPrice:1.000,2,train,0,train:DAPP::DAppSCAN-source/contracts/Trail_of_Bits-FraxQ42021/frax-solidity-bd40775e283923aa9e32a107abd426430a99835e::SwapToPrice ; train:DAPP::DAppSCAN-source/contracts/Trail_of_Bits-FraxFinance/frax-solidity-3f0993a70e3496fd27887db7754d68709c84015e::SwapToPrice,same_split_or_quarantine
near_duplicate_same_contract_name,ChainlinkETHUSDPriceConsumer:1.000,2,train,0,train:DAPP::DAppSCAN-source/contracts/Trail_of_Bits-FraxQ42021/frax-solidity-bd40775e283923aa9e32a107abd426430a99835e::ChainlinkETHUSDPriceConsumer ; train:DAPP::DAppSCAN-source/contracts/Trail_of_Bits-FraxFinance/frax-solidity-3f0993a70e3496fd27887db7754d68709c84015e::ChainlinkETHUSDPriceConsumer,same_split_or_quarantine
near_duplicate_same_contract_name,ERC1967Storage:1.000,2,train,0,train:DAPP::DAppSCAN-source/contracts/Trail_of_Bits-FraxQ42021/frax-solidity-bd40775e283923aa9e32a107abd426430a99835e::ERC1967Storage ; train:DAPP::DAppSCAN-source/contracts/Trail_of_Bits-FraxFinance/frax-solidity-3f0993a70e3496fd27887db7754d68709c84015e::ERC1967Storage,same_split_or_quarantine
near_duplicate_same_contract_name,ERC1967Upgrade:1.000,2,train,0,train:DAPP::DAppSCAN-source/contracts/Trail_of_Bits-FraxQ42021/frax-solidity-bd40775e283923aa9e32a107abd426430a99835e::ERC1967Upgrade ; train:DAPP::DAppSCAN-source/contracts/Trail_of_Bits-FraxFinance/frax-solidity-3f0993a70e3496fd27887db7754d68709c84015e::ERC1967Upgrade,same_split_or_quarantine
near_duplicate_same_contract_name,UpgradeabilityProxy:1.000,2,train,0,train:DAPP::DAppSCAN-source/contracts/Trail_of_Bits-FraxQ42021/frax-solidity-bd40775e283923aa9e32a107abd426430a99835e::UpgradeabilityProxy ; train:DAPP::DAppSCAN-source/contracts/Inspex-Optimized Worker/bsc-alpaca-contract-1aee2ceec77e3fd3162b74858c846cdc5692928d::UpgradeabilityProxy,same_split_or_quarantine
near_duplicate_same_contract_name,UpgradeabilityProxy:1.000,2,train,0,train:DAPP::DAppSCAN-source/contracts/Trail_of_Bits-FraxQ42021/frax-solidity-bd40775e283923aa9e32a107abd426430a99835e::UpgradeabilityProxy ; train:DAPP::DAppSCAN-source/contracts/Trail_of_Bits-FraxFinance/frax-solidity-3f0993a70e3496fd27887db7754d68709c84015e::UpgradeabilityProxy,same_split_or_quarantine
near_duplicate_same_contract_name,UpgradeabilityProxy:1.000,2,train,0,train:DAPP::DAppSCAN-source/contracts/Trail_of_Bits-FraxQ42021/frax-solidity-bd40775e283923aa9e32a107abd426430a99835e::UpgradeabilityProxy ; train:DAPP::DAppSCAN-source/contracts/Inspex-SpookySwap Integration & Fantom Expansion/bsc-alpaca-contract-4553a34a6dcfcfbf7aebc693bb5c5c6074c73129::UpgradeabilityProxy,same_split_or_quarantine
near_duplicate_same_contract_name,UpgradeabilityProxy:1.000,2,train|val,0,train:DAPP::DAppSCAN-source/contracts/Coinspect-Incognito Audit/bridge-eth-4879219669a38d601265582f815596b6775855b6::UpgradeabilityProxy ; val:DAPP::DAppSCAN-source/contracts/PeckShield-KaoyaSwap/contracts-8273073f1d6914f372790399378f177573c52e37::UpgradeabilityProxy,same_split_or_quarantine
near_duplicate_same_contract_name,UpgradeabilityProxy:1.000,2,train,0,train:DAPP::DAppSCAN-source/contracts/Inspex-Optimized Worker/bsc-alpaca-contract-1aee2ceec77e3fd3162b74858c846cdc5692928d::UpgradeabilityProxy ; train:DAPP::DAppSCAN-source/contracts/Trail_of_Bits-FraxFinance/frax-solidity-3f0993a70e3496fd27887db7754d68709c84015e::UpgradeabilityProxy,same_split_or_quarantine
near_duplicate_same_contract_name,UpgradeabilityProxy:1.000,2,train,0,train:DAPP::DAppSCAN-source/contracts/Inspex-Optimized Worker/bsc-alpaca-contract-1aee2ceec77e3fd3162b74858c846cdc5692928d::UpgradeabilityProxy ; train:DAPP::DAppSCAN-source/contracts/Inspex-SpookySwap Integration & Fantom Expansion/bsc-alpaca-contract-4553a34a6dcfcfbf7aebc693bb5c5c6074c73129::UpgradeabilityProxy,same_split_or_quarantine
near_duplicate_same_contract_name,UpgradeabilityProxy:1.000,2,train,0,train:DAPP::DAppSCAN-source/contracts/Trail_of_Bits-FraxFinance/frax-solidity-3f0993a70e3496fd27887db7754d68709c84015e::UpgradeabilityProxy ; train:DAPP::DAppSCAN-source/contracts/Inspex-SpookySwap Integration & Fantom Expansion/bsc-alpaca-contract-4553a34a6dcfcfbf7aebc693bb5c5c6074c73129::UpgradeabilityProxy,same_split_or_quarantine
near_duplicate_same_contract_name,UpgradeabilityProxy:1.000,2,test|val,0,val:DAPP::DAppSCAN-source/contracts/QuillAudits-AAVE-ParaSwap Adapter/aave-protocol-v2-14e2ab47d95f42ec5ee486f367067e78a7588878::UpgradeabilityProxy ; test:DAPP::DAppSCAN-source/contracts/consensys-Aave_Protocol_V2/aave-protocol-v2-f756f44a8d6a328cd545335e46e7128939db88c4::UpgradeabilityProxy,same_split_or_quarantine
near_duplicate_same_contract_name,AdminUpgradeabilityProxy:1.000,2,train,0,train:DAPP::DAppSCAN-source/contracts/Trail_of_Bits-FraxQ42021/frax-solidity-bd40775e283923aa9e32a107abd426430a99835e::AdminUpgradeabilityProxy ; train:DAPP::DAppSCAN-source/contracts/Inspex-Optimized Worker/bsc-alpaca-contract-1aee2ceec77e3fd3162b74858c846cdc5692928d::AdminUpgradeabilityProxy,same_split_or_quarantine
near_duplicate_same_contract_name,AdminUpgradeabilityProxy:1.000,2,train,0,train:DAPP::DAppSCAN-source/contracts/Trail_of_Bits-FraxQ42021/frax-solidity-bd40775e283923aa9e32a107abd426430a99835e::AdminUpgradeabilityProxy ; train:DAPP::DAppSCAN-source/contracts/Trail_of_Bits-FraxFinance/frax-solidity-3f0993a70e3496fd27887db7754d68709c84015e::AdminUpgradeabilityProxy,same_split_or_quarantine
near_duplicate_same_contract_name,AdminUpgradeabilityProxy:1.000,2,train,0,train:DAPP::DAppSCAN-source/contracts/Trail_of_Bits-FraxQ42021/frax-solidity-bd40775e283923aa9e32a107abd426430a99835e::AdminUpgradeabilityProxy ; train:DAPP::DAppSCAN-source/contracts/Inspex-SpookySwap Integration & Fantom Expansion/bsc-alpaca-contract-4553a34a6dcfcfbf7aebc693bb5c5c6074c73129::AdminUpgradeabilityProxy,same_split_or_quarantine
near_duplicate_same_contract_name,AdminUpgradeabilityProxy:1.000,2,train|val,0,train:DAPP::DAppSCAN-source/contracts/Coinspect-Incognito Audit/bridge-eth-4879219669a38d601265582f815596b6775855b6::AdminUpgradeabilityProxy ; val:DAPP::DAppSCAN-source/contracts/PeckShield-KaoyaSwap/contracts-8273073f1d6914f372790399378f177573c52e37::AdminUpgradeabilityProxy,same_split_or_quarantine
near_duplicate_same_contract_name,AdminUpgradeabilityProxy:1.000,2,train,0,train:DAPP::DAppSCAN-source/contracts/Inspex-Optimized Worker/bsc-alpaca-contract-1aee2ceec77e3fd3162b74858c846cdc5692928d::AdminUpgradeabilityProxy ; train:DAPP::DAppSCAN-source/contracts/Trail_of_Bits-FraxFinance/frax-solidity-3f0993a70e3496fd27887db7754d68709c84015e::AdminUpgradeabilityProxy,same_split_or_quarantine
near_duplicate_same_contract_name,AdminUpgradeabilityProxy:1.000,2,train,0,train:DAPP::DAppSCAN-source/contracts/Inspex-Optimized Worker/bsc-alpaca-contract-1aee2ceec77e3fd3162b74858c846cdc5692928d::AdminUpgradeabilityProxy ; train:DAPP::DAppSCAN-source/contracts/Inspex-SpookySwap Integration & Fantom Expansion/bsc-alpaca-contract-4553a34a6dcfcfbf7aebc693bb5c5c6074c73129::AdminUpgradeabilityProxy,same_split_or_quarantine
near_duplicate_same_contract_name,AdminUpgradeabilityProxy:1.000,2,train,0,train:DAPP::DAppSCAN-source/contracts/Trail_of_Bits-FraxFinance/frax-solidity-3f0993a70e3496fd27887db7754d68709c84015e::AdminUpgradeabilityProxy ; train:DAPP::DAppSCAN-source/contracts/Inspex-SpookySwap Integration & Fantom Expansion/bsc-alpaca-contract-4553a34a6dcfcfbf7aebc693bb5c5c6074c73129::AdminUpgradeabilityProxy,same_split_or_quarantine
near_duplicate_same_contract_name,AdminUpgradeabilityProxy:1.000,2,test|val,0,val:DAPP::DAppSCAN-source/contracts/QuillAudits-AAVE-ParaSwap Adapter/aave-protocol-v2-14e2ab47d95f42ec5ee486f367067e78a7588878::AdminUpgradeabilityProxy ; test:DAPP::DAppSCAN-source/contracts/consensys-Aave_Protocol_V2/aave-protocol-v2-f756f44a8d6a328cd545335e46e7128939db88c4::AdminUpgradeabilityProxy,same_split_or_quarantine
near_duplicate_same_contract_name,ERC1967Proxy:1.000,2,train,0,train:DAPP::DAppSCAN-source/contracts/Trail_of_Bits-FraxQ42021/frax-solidity-bd40775e283923aa9e32a107abd426430a99835e::ERC1967Proxy ; train:DAPP::DAppSCAN-source/contracts/Trail_of_Bits-FraxFinance/frax-solidity-3f0993a70e3496fd27887db7754d68709c84015e::ERC1967Proxy,same_split_or_quarantine
near_duplicate_same_contract_name,SigRelayer2:1.000,2,train,0,train:DAPP::DAppSCAN-source/contracts/Trail_of_Bits-FraxQ42021/frax-solidity-bd40775e283923aa9e32a107abd426430a99835e::SigRelayer2 ; train:DAPP::DAppSCAN-source/contracts/Trail_of_Bits-FraxFinance/frax-solidity-3f0993a70e3496fd27887db7754d68709c84015e::SigRelayer2,same_split_or_quarantine
near_duplicate_same_contract_name,GovernorAlpha:0.818,2,train,0,train:DAPP::DAppSCAN-source/contracts/Trail_of_Bits-FraxQ42021/frax-solidity-bd40775e283923aa9e32a107abd426430a99835e::GovernorAlpha ; train:DAPP::DAppSCAN-source/contracts/Trail_of_Bits-FraxFinance/frax-solidity-3f0993a70e3496fd27887db7754d68709c84015e::GovernorAlpha,same_split_or_quarantine
near_duplicate_same_contract_name,AccessControl:1.000,2,train,0,train:DAPP::DAppSCAN-source/contracts/Trail_of_Bits-FraxQ42021/frax-solidity-bd40775e283923aa9e32a107abd426430a99835e::AccessControl ; train:DAPP::DAppSCAN-source/contracts/Trail_of_Bits-FraxFinance/frax-solidity-3f0993a70e3496fd27887db7754d68709c84015e::AccessControl,same_split_or_quarantine
near_duplicate_same_contract_name,ERC721:1.000,2,train,0,train:DAPP::DAppSCAN-source/contracts/Trail_of_Bits-FraxQ42021/frax-solidity-bd40775e283923aa9e32a107abd426430a99835e::ERC721 ; train:DAPP::DAppSCAN-source/contracts/Trail_of_Bits-FraxFinance/frax-solidity-3f0993a70e3496fd27887db7754d68709c84015e::ERC721,same_split_or_quarantine
near_duplicate_same_contract_name,FRAXShares:1.000,2,train,0,train:DAPP::DAppSCAN-source/contracts/Trail_of_Bits-FraxQ42021/frax-solidity-bd40775e283923aa9e32a107abd426430a99835e::FRAXShares ; train:DAPP::DAppSCAN-source/contracts/Trail_of_Bits-FraxFinance/frax-solidity-3f0993a70e3496fd27887db7754d68709c84015e::FRAXShares,same_split_or_quarantine
near_duplicate_same_contract_name,TokenVesting:1.000,2,train,0,train:DAPP::DAppSCAN-source/contracts/Trail_of_Bits-FraxQ42021/frax-solidity-bd40775e283923aa9e32a107abd426430a99835e::TokenVesting ; train:DAPP::DAppSCAN-source/contracts/Trail_of_Bits-FraxFinance/frax-solidity-3f0993a70e3496fd27887db7754d68709c84015e::TokenVesting,same_split_or_quarantine
near_duplicate_same_contract_name,AnyswapV4ERC20:1.000,2,train,0,train:DAPP::DAppSCAN-source/contracts/Trail_of_Bits-FraxQ42021/frax-solidity-bd40775e283923aa9e32a107abd426430a99835e::AnyswapV4ERC20 ; train:DAPP::DAppSCAN-source/contracts/Trail_of_Bits-FraxFinance/frax-solidity-3f0993a70e3496fd27887db7754d68709c84015e::AnyswapV4ERC20,same_split_or_quarantine
near_duplicate_same_contract_name,FraxPoolvAMM:0.800,2,train,0,train:DAPP::DAppSCAN-source/contracts/Trail_of_Bits-FraxQ42021/frax-solidity-bd40775e283923aa9e32a107abd426430a99835e::FraxPoolvAMM ; train:DAPP::DAppSCAN-source/contracts/Trail_of_Bits-FraxFinance/frax-solidity-3f0993a70e3496fd27887db7754d68709c84015e::FraxPoolvAMM,same_split_or_quarantine
near_duplicate_same_contract_name,TestDriftingReserves:1.000,2,train,0,train:DAPP::DAppSCAN-source/contracts/Trail_of_Bits-FraxQ42021/frax-solidity-bd40775e283923aa9e32a107abd426430a99835e::TestDriftingReserves ; train:DAPP::DAppSCAN-source/contracts/Trail_of_Bits-FraxFinance/frax-solidity-3f0993a70e3496fd27887db7754d68709c84015e::TestDriftingReserves,same_split_or_quarantine
near_duplicate_same_contract_name,PoolvAMM_USDC:0.800,2,train,0,train:DAPP::DAppSCAN-source/contracts/Trail_of_Bits-FraxQ42021/frax-solidity-bd40775e283923aa9e32a107abd426430a99835e::PoolvAMM_USDC ; train:DAPP::DAppSCAN-source/contracts/Trail_of_Bits-FraxFinance/frax-solidity-3f0993a70e3496fd27887db7754d68709c84015e::PoolvAMM_USDC,same_split_or_quarantine
near_duplicate_same_contract_name,FraxBondIssuer:1.000,2,train,0,train:DAPP::DAppSCAN-source/contracts/Trail_of_Bits-FraxQ42021/frax-solidity-bd40775e283923aa9e32a107abd426430a99835e::FraxBondIssuer ; train:DAPP::DAppSCAN-source/contracts/Trail_of_Bits-FraxFinance/frax-solidity-3f0993a70e3496fd27887db7754d68709c84015e::FraxBondIssuer,same_split_or_quarantine
near_duplicate_same_contract_name,FraxBond:1.000,2,train,0,train:DAPP::DAppSCAN-source/contracts/Trail_of_Bits-FraxQ42021/frax-solidity-bd40775e283923aa9e32a107abd426430a99835e::FraxBond ; train:DAPP::DAppSCAN-source/contracts/Trail_of_Bits-FraxFinance/frax-solidity-3f0993a70e3496fd27887db7754d68709c84015e::FraxBond,same_split_or_quarantine
near_duplicate_same_contract_name,FraxBondIssuerOld:1.000,2,train,0,train:DAPP::DAppSCAN-source/contracts/Trail_of_Bits-FraxQ42021/frax-solidity-bd40775e283923aa9e32a107abd426430a99835e::FraxBondIssuerOld ; train:DAPP::DAppSCAN-source/contracts/Trail_of_Bits-FraxFinance/frax-solidity-3f0993a70e3496fd27887db7754d68709c84015e::FraxBondIssuerOld,same_split_or_quarantine
near_duplicate_same_contract_name,FraxBondIssuerWithDeposits:1.000,2,train,0,train:DAPP::DAppSCAN-source/contracts/Trail_of_Bits-FraxQ42021/frax-solidity-bd40775e283923aa9e32a107abd426430a99835e::FraxBondIssuerWithDeposits ; train:DAPP::DAppSCAN-source/contracts/Trail_of_Bits-FraxFinance/frax-solidity-3f0993a70e3496fd27887db7754d68709c84015e::FraxBondIssuerWithDeposits,same_split_or_quarantine
near_duplicate_same_contract_name,InvestorAMOProxy:1.000,2,train,0,train:DAPP::DAppSCAN-source/contracts/Trail_of_Bits-FraxQ42021/frax-solidity-bd40775e283923aa9e32a107abd426430a99835e::InvestorAMOProxy ; train:DAPP::DAppSCAN-source/contracts/Trail_of_Bits-FraxFinance/frax-solidity-3f0993a70e3496fd27887db7754d68709c84015e::InvestorAMOProxy,same_split_or_quarantine
near_duplicate_same_contract_name,FraxBond_NFT:1.000,2,train,0,train:DAPP::DAppSCAN-source/contracts/Trail_of_Bits-FraxQ42021/frax-solidity-bd40775e283923aa9e32a107abd426430a99835e::FraxBond_NFT ; train:DAPP::DAppSCAN-source/contracts/Trail_of_Bits-FraxFinance/frax-solidity-3f0993a70e3496fd27887db7754d68709c84015e::FraxBond_NFT,same_split_or_quarantine
near_duplicate_same_contract_name,FXBA10000M3:1.000,2,train,0,train:DAPP::DAppSCAN-source/contracts/Trail_of_Bits-FraxQ42021/frax-solidity-bd40775e283923aa9e32a107abd426430a99835e::FXBA10000M3 ; train:DAPP::DAppSCAN-source/contracts/Trail_of_Bits-FraxFinance/frax-solidity-3f0993a70e3496fd27887db7754d68709c84015e::FXBA10000M3,same_split_or_quarantine
near_duplicate_same_contract_name,Decimal:1.000,2,train,0,train:DAPP::DAppSCAN-source/contracts/consensys-Fei_Protocol_v2_Phase_1/fei-protocol-core-5e3e2ab889f06831f4fe2e8460066ded40ccf0a8::Decimal ; train:DAPP::DAppSCAN-source/contracts/consensys-Fei_Protocol/fei-protocol-core-ff892c5d0b9697f249d713bbb2b3bd1da7980ed2::Decimal,same_split_or_quarantine
near_duplicate_same_contract_name,Reservoir:1.000,2,train,0,train:DAPP::DAppSCAN-source/contracts/PeckShield-Rikkei/rifi-protocol-b33243fb3a218cc195f0727fe1499cb57f5ea0b2::Reservoir ; train:DAPP::DAppSCAN-source/contracts/PeckShield-Atlantis/atlantis-protocol-bsc-766acebba9316eced1c15abf6158b31f470a947f::Reservoir,same_split_or_quarantine
near_duplicate_same_contract_name,Reservoir:1.000,2,train,0,train:DAPP::DAppSCAN-source/contracts/PeckShield-Rikkei/rifi-protocol-b33243fb3a218cc195f0727fe1499cb57f5ea0b2::Reservoir ; train:DAPP::DAppSCAN-source/contracts/Chainsecurity-Compound  cToken unredacted/compound-protocol-4a54ec5c55b66ea67d44b76f3056f0ed7229db8c::Reservoir,same_split_or_quarantine
near_duplicate_same_contract_name,Reservoir:1.000,2,train,0,train:DAPP::DAppSCAN-source/contracts/PeckShield-Atlantis/atlantis-protocol-bsc-766acebba9316eced1c15abf6158b31f470a947f::Reservoir ; train:DAPP::DAppSCAN-source/contracts/Chainsecurity-Compound  cToken unredacted/compound-protocol-4a54ec5c55b66ea67d44b76f3056f0ed7229db8c::Reservoir,same_split_or_quarantine
near_duplicate_same_contract_name,CanReclaimToken:1.000,2,train,0,train:DAPP::DAppSCAN-source/contracts/PeckShield-Rikkei/rifi-protocol-b33243fb3a218cc195f0727fe1499cb57f5ea0b2::CanReclaimToken ; train:DAPP::DAppSCAN-source/contracts/PeckShield-Atlantis/atlantis-protocol-bsc-766acebba9316eced1c15abf6158b31f470a947f::CanReclaimToken,same_split_or_quarantine
near_duplicate_same_contract_name,OwnableContract:1.000,2,train,0,train:DAPP::DAppSCAN-source/contracts/PeckShield-Rikkei/rifi-protocol-b33243fb3a218cc195f0727fe1499cb57f5ea0b2::OwnableContract ; train:DAPP::DAppSCAN-source/contracts/PeckShield-Atlantis/atlantis-protocol-bsc-766acebba9316eced1c15abf6158b31f470a947f::OwnableContract,same_split_or_quarantine
near_duplicate_same_contract_name,GemJoin:1.000,2,train,0,train:DAPP::DAppSCAN-source/contracts/PeckShield-Rikkei/rifi-protocol-b33243fb3a218cc195f0727fe1499cb57f5ea0b2::GemJoin ; train:DAPP::DAppSCAN-source/contracts/PeckShield-Atlantis/atlantis-protocol-bsc-766acebba9316eced1c15abf6158b31f470a947f::GemJoin,same_split_or_quarantine
near_duplicate_same_contract_name,GemJoin:1.000,2,train,0,train:DAPP::DAppSCAN-source/contracts/PeckShield-Rikkei/rifi-protocol-b33243fb3a218cc195f0727fe1499cb57f5ea0b2::GemJoin ; train:DAPP::DAppSCAN-source/contracts/Trail_of_Bits-YieldProtocol/fyDai-4422fda75931f2bfea49f5041ec90dc026e5c03d::GemJoin,same_split_or_quarantine
near_duplicate_same_contract_name,GemJoin:1.000,2,train,0,train:DAPP::DAppSCAN-source/contracts/PeckShield-Rikkei/rifi-protocol-b33243fb3a218cc195f0727fe1499cb57f5ea0b2::GemJoin ; train:DAPP::DAppSCAN-source/contracts/Chainsecurity-Compound  cToken unredacted/compound-protocol-4a54ec5c55b66ea67d44b76f3056f0ed7229db8c::GemJoin,same_split_or_quarantine
near_duplicate_same_contract_name,GemJoin:1.000,2,train,0,train:DAPP::DAppSCAN-source/contracts/PeckShield-Atlantis/atlantis-protocol-bsc-766acebba9316eced1c15abf6158b31f470a947f::GemJoin ; train:DAPP::DAppSCAN-source/contracts/Trail_of_Bits-YieldProtocol/fyDai-4422fda75931f2bfea49f5041ec90dc026e5c03d::GemJoin,same_split_or_quarantine
near_duplicate_same_contract_name,GemJoin:1.000,2,train,0,train:DAPP::DAppSCAN-source/contracts/PeckShield-Atlantis/atlantis-protocol-bsc-766acebba9316eced1c15abf6158b31f470a947f::GemJoin ; train:DAPP::DAppSCAN-source/contracts/Chainsecurity-Compound  cToken unredacted/compound-protocol-4a54ec5c55b66ea67d44b76f3056f0ed7229db8c::GemJoin,same_split_or_quarantine
near_duplicate_same_contract_name,GemJoin:1.000,2,train,0,train:DAPP::DAppSCAN-source/contracts/Trail_of_Bits-YieldProtocol/fyDai-4422fda75931f2bfea49f5041ec90dc026e5c03d::GemJoin ; train:DAPP::DAppSCAN-source/contracts/Chainsecurity-Compound  cToken unredacted/compound-protocol-4a54ec5c55b66ea67d44b76f3056f0ed7229db8c::GemJoin,same_split_or_quarantine
near_duplicate_same_contract_name,ETHJoin:1.000,2,train,0,train:DAPP::DAppSCAN-source/contracts/PeckShield-Rikkei/rifi-protocol-b33243fb3a218cc195f0727fe1499cb57f5ea0b2::ETHJoin ; train:DAPP::DAppSCAN-source/contracts/Trail_of_Bits-YieldProtocol/fyDai-4422fda75931f2bfea49f5041ec90dc026e5c03d::ETHJoin,same_split_or_quarantine
near_duplicate_same_contract_name,ETHJoin:1.000,2,train,0,train:DAPP::DAppSCAN-source/contracts/PeckShield-Rikkei/rifi-protocol-b33243fb3a218cc195f0727fe1499cb57f5ea0b2::ETHJoin ; train:DAPP::DAppSCAN-source/contracts/Chainsecurity-Compound  cToken unredacted/compound-protocol-4a54ec5c55b66ea67d44b76f3056f0ed7229db8c::ETHJoin,same_split_or_quarantine
near_duplicate_same_contract_name,ETHJoin:1.000,2,train,0,train:DAPP::DAppSCAN-source/contracts/Trail_of_Bits-YieldProtocol/fyDai-4422fda75931f2bfea49f5041ec90dc026e5c03d::ETHJoin ; train:DAPP::DAppSCAN-source/contracts/Chainsecurity-Compound  cToken unredacted/compound-protocol-4a54ec5c55b66ea67d44b76f3056f0ed7229db8c::ETHJoin,same_split_or_quarantine
near_duplicate_same_contract_name,DaiJoin:1.000,2,train,0,train:DAPP::DAppSCAN-source/contracts/PeckShield-Rikkei/rifi-protocol-b33243fb3a218cc195f0727fe1499cb57f5ea0b2::DaiJoin ; train:DAPP::DAppSCAN-source/contracts/PeckShield-Atlantis/atlantis-protocol-bsc-766acebba9316eced1c15abf6158b31f470a947f::DaiJoin,same_split_or_quarantine
near_duplicate_same_contract_name,DaiJoin:1.000,2,train,0,train:DAPP::DAppSCAN-source/contracts/PeckShield-Rikkei/rifi-protocol-b33243fb3a218cc195f0727fe1499cb57f5ea0b2::DaiJoin ; train:DAPP::DAppSCAN-source/contracts/Trail_of_Bits-YieldProtocol/fyDai-4422fda75931f2bfea49f5041ec90dc026e5c03d::DaiJoin,same_split_or_quarantine
near_duplicate_same_contract_name,DaiJoin:1.000,2,train,0,train:DAPP::DAppSCAN-source/contracts/PeckShield-Rikkei/rifi-protocol-b33243fb3a218cc195f0727fe1499cb57f5ea0b2::DaiJoin ; train:DAPP::DAppSCAN-source/contracts/Chainsecurity-Compound  cToken unredacted/compound-protocol-4a54ec5c55b66ea67d44b76f3056f0ed7229db8c::DaiJoin,same_split_or_quarantine
near_duplicate_same_contract_name,DaiJoin:1.000,2,train,0,train:DAPP::DAppSCAN-source/contracts/PeckShield-Atlantis/atlantis-protocol-bsc-766acebba9316eced1c15abf6158b31f470a947f::DaiJoin ; train:DAPP::DAppSCAN-source/contracts/Trail_of_Bits-YieldProtocol/fyDai-4422fda75931f2bfea49f5041ec90dc026e5c03d::DaiJoin,same_split_or_quarantine
near_duplicate_same_contract_name,DaiJoin:1.000,2,train,0,train:DAPP::DAppSCAN-source/contracts/PeckShield-Atlantis/atlantis-protocol-bsc-766acebba9316eced1c15abf6158b31f470a947f::DaiJoin ; train:DAPP::DAppSCAN-source/contracts/Chainsecurity-Compound  cToken unredacted/compound-protocol-4a54ec5c55b66ea67d44b76f3056f0ed7229db8c::DaiJoin,same_split_or_quarantine
near_duplicate_same_contract_name,DaiJoin:1.000,2,train,0,train:DAPP::DAppSCAN-source/contracts/Trail_of_Bits-YieldProtocol/fyDai-4422fda75931f2bfea49f5041ec90dc026e5c03d::DaiJoin ; train:DAPP::DAppSCAN-source/contracts/Chainsecurity-Compound  cToken unredacted/compound-protocol-4a54ec5c55b66ea67d44b76f3056f0ed7229db8c::DaiJoin,same_split_or_quarantine
near_duplicate_same_contract_name,Pot:1.000,2,train,0,train:DAPP::DAppSCAN-source/contracts/PeckShield-Rikkei/rifi-protocol-b33243fb3a218cc195f0727fe1499cb57f5ea0b2::Pot ; train:DAPP::DAppSCAN-source/contracts/PeckShield-Atlantis/atlantis-protocol-bsc-766acebba9316eced1c15abf6158b31f470a947f::Pot,same_split_or_quarantine
near_duplicate_same_contract_name,Pot:1.000,2,train,0,train:DAPP::DAppSCAN-source/contracts/PeckShield-Rikkei/rifi-protocol-b33243fb3a218cc195f0727fe1499cb57f5ea0b2::Pot ; train:DAPP::DAppSCAN-source/contracts/Chainsecurity-Compound  cToken unredacted/compound-protocol-4a54ec5c55b66ea67d44b76f3056f0ed7229db8c::Pot,same_split_or_quarantine
near_duplicate_same_contract_name,Pot:1.000,2,train,0,train:DAPP::DAppSCAN-source/contracts/PeckShield-Atlantis/atlantis-protocol-bsc-766acebba9316eced1c15abf6158b31f470a947f::Pot ; train:DAPP::DAppSCAN-source/contracts/Chainsecurity-Compound  cToken unredacted/compound-protocol-4a54ec5c55b66ea67d44b76f3056f0ed7229db8c::Pot,same_split_or_quarantine
near_duplicate_same_contract_name,CakeMaxiWorker:1.000,2,train,0,train:DAPP::DAppSCAN-source/contracts/Inspex-Optimized Worker/bsc-alpaca-contract-1aee2ceec77e3fd3162b74858c846cdc5692928d::CakeMaxiWorker ; train:DAPP::DAppSCAN-source/contracts/Inspex-SpookySwap Integration & Fantom Expansion/bsc-alpaca-contract-4553a34a6dcfcfbf7aebc693bb5c5c6074c73129::CakeMaxiWorker,same_split_or_quarantine
near_duplicate_same_contract_name,MasterChef:1.000,2,train,0,"train:DAPP::DAppSCAN-source/contracts/Inspex-FairLaunch, Token, Vault & Workers/Meow-Finance-4a4f13efaf5e5fbed74c0ed23b665751e655d715::MasterChef ; train:DAPP::DAppSCAN-source/contracts/Inspex-Optimized Worker/bsc-alpaca-contract-1aee2ceec77e3fd3162b74858c846cdc5692928d::MasterChef",same_split_or_quarantine
near_duplicate_same_contract_name,MasterChef:1.000,2,train,0,"train:DAPP::DAppSCAN-source/contracts/Inspex-FairLaunch, Token, Vault & Workers/Meow-Finance-4a4f13efaf5e5fbed74c0ed23b665751e655d715::MasterChef ; train:DAPP::DAppSCAN-source/contracts/Inspex-SpookySwap Integration & Fantom Expansion/bsc-alpaca-contract-4553a34a6dcfcfbf7aebc693bb5c5c6074c73129::MasterChef",same_split_or_quarantine
near_duplicate_same_contract_name,MasterChef:1.000,2,train,0,train:DAPP::DAppSCAN-source/contracts/Inspex-Optimized Worker/bsc-alpaca-contract-1aee2ceec77e3fd3162b74858c846cdc5692928d::MasterChef ; train:DAPP::DAppSCAN-source/contracts/Inspex-SpookySwap Integration & Fantom Expansion/bsc-alpaca-contract-4553a34a6dcfcfbf7aebc693bb5c5c6074c73129::MasterChef,same_split_or_quarantine
near_duplicate_same_contract_name,WBNB:1.000,2,train,0,train:DAPP::DAppSCAN-source/contracts/PeckShield-BabySwap/code::WBNB ; train:DAPP::DAppSCAN-source/contracts/QuillAudits-Alium Finance Smart Contract/alium-farm-e37d6af39af68049c2684085f025385407b4bd55::WBNB,same_split_or_quarantine
near_duplicate_same_contract_name,SyrupBar:1.000,2,train,0,train:DAPP::DAppSCAN-source/contracts/PeckShield-BabySwap/code::SyrupBar ; train:DAPP::DAppSCAN-source/contracts/Inspex-Optimized Worker/bsc-alpaca-contract-1aee2ceec77e3fd3162b74858c846cdc5692928d::SyrupBar,same_split_or_quarantine
near_duplicate_same_contract_name,SyrupBar:1.000,2,train,0,train:DAPP::DAppSCAN-source/contracts/PeckShield-BabySwap/code::SyrupBar ; train:DAPP::DAppSCAN-source/contracts/Inspex-SpookySwap Integration & Fantom Expansion/bsc-alpaca-contract-4553a34a6dcfcfbf7aebc693bb5c5c6074c73129::SyrupBar,same_split_or_quarantine
near_duplicate_same_contract_name,SyrupBar:1.000,2,train,0,train:DAPP::DAppSCAN-source/contracts/Inspex-Optimized Worker/bsc-alpaca-contract-1aee2ceec77e3fd3162b74858c846cdc5692928d::SyrupBar ; train:DAPP::DAppSCAN-source/contracts/Inspex-SpookySwap Integration & Fantom Expansion/bsc-alpaca-contract-4553a34a6dcfcfbf7aebc693bb5c5c6074c73129::SyrupBar,same_split_or_quarantine
near_duplicate_same_contract_name,UniswapV2Factory:1.000,2,train|val,0,train:DAPP::DAppSCAN-source/contracts/PeckShield-MilkySwap/milkyswap-59f163e9959cf8bae4a521a9648219b553312e07::UniswapV2Factory ; val:DAPP::DAppSCAN-source/contracts/PeckShield-SushiSwap/sushiswap-180bc9b642bba79c1ee4a63f71a3a0d36e64aa63::UniswapV2Factory,same_split_or_quarantine
near_duplicate_same_contract_name,UniswapV2Router02:1.000,2,train,0,"train:DAPP::DAppSCAN-source/contracts/PeckShield-MilkySwap/milkyswap-59f163e9959cf8bae4a521a9648219b553312e07::UniswapV2Router02 ; train:DAPP::DAppSCAN-source/contracts/Inspex-StakingPool, Vault, Strategy & VotingEscrow/scientix-contract-main::UniswapV2Router02",same_split_or_quarantine
near_duplicate_same_contract_name,DSAuth:1.000,2,train,0,train:DAPP::DAppSCAN-source/contracts/Trail_of_Bits-setprotocol/set-protocol-contracts-b4acf144c10b1d9f3ecde4ee2820931df1cb8e4a::DSAuth ; train:DAPP::DAppSCAN-source/contracts/consensys-DeFi_Saver/defisaver-v3-contracts-cb29669a84c2d6fffaf2231c0938eb407c060919::DSAuth,same_split_or_quarantine
near_duplicate_same_contract_name,DSAuth:1.000,2,train,0,train:DAPP::DAppSCAN-source/contracts/Trail_of_Bits-setprotocol/set-protocol-contracts-b4acf144c10b1d9f3ecde4ee2820931df1cb8e4a::DSAuth ; train:DAPP::DAppSCAN-source/contracts/Chainsecurity-Oasis  Multiply Smart Contracts/multiply-proxy-actions-e277ac1471a95138aaa93b39cf2c16c36c769740::DSAuth,same_split_or_quarantine
near_duplicate_same_contract_name,DSAuth:1.000,2,train,0,train:DAPP::DAppSCAN-source/contracts/consensys-DeFi_Saver/defisaver-v3-contracts-cb29669a84c2d6fffaf2231c0938eb407c060919::DSAuth ; train:DAPP::DAppSCAN-source/contracts/Chainsecurity-Oasis  Multiply Smart Contracts/multiply-proxy-actions-e277ac1471a95138aaa93b39cf2c16c36c769740::DSAuth,same_split_or_quarantine
near_duplicate_same_contract_name,BscAprOracle:1.000,2,test|train,0,train:DAPP::DAppSCAN-source/contracts/PeckShield-Tranchessv1.0/contract-core-5ac3d997da3ef37b0135565a11c5ebcc519862aa::BscAprOracle ; test:DAPP::DAppSCAN-source/contracts/PeckShield-TranchessV1.1/contract-core-68a86350313c1cb9e5467e791d3e9efaf228a0df::BscAprOracle,same_split_or_quarantine
near_duplicate_same_contract_name,AprOracle:1.000,2,test|train,0,train:DAPP::DAppSCAN-source/contracts/PeckShield-Tranchessv1.0/contract-core-5ac3d997da3ef37b0135565a11c5ebcc519862aa::AprOracle ; test:DAPP::DAppSCAN-source/contracts/PeckShield-TranchessV1.1/contract-core-68a86350313c1cb9e5467e791d3e9efaf228a0df::AprOracle,same_split_or_quarantine
near_duplicate_same_contract_name,ExchangeRoles:1.000,2,test|train,0,train:DAPP::DAppSCAN-source/contracts/PeckShield-Tranchessv1.0/contract-core-5ac3d997da3ef37b0135565a11c5ebcc519862aa::ExchangeRoles ; test:DAPP::DAppSCAN-source/contracts/PeckShield-TranchessV1.1/contract-core-68a86350313c1cb9e5467e791d3e9efaf228a0df::ExchangeRoles,same_split_or_quarantine
near_duplicate_same_contract_name,Share:1.000,2,test|train,0,train:DAPP::DAppSCAN-source/contracts/PeckShield-Tranchessv1.0/contract-core-5ac3d997da3ef37b0135565a11c5ebcc519862aa::Share ; test:DAPP::DAppSCAN-source/contracts/PeckShield-TranchessV1.1/contract-core-68a86350313c1cb9e5467e791d3e9efaf228a0df::Share,same_split_or_quarantine
near_duplicate_same_contract_name,FundRoles:1.000,2,test|train,0,train:DAPP::DAppSCAN-source/contracts/PeckShield-Tranchessv1.0/contract-core-5ac3d997da3ef37b0135565a11c5ebcc519862aa::FundRoles ; test:DAPP::DAppSCAN-source/contracts/PeckShield-TranchessV1.1/contract-core-68a86350313c1cb9e5467e791d3e9efaf228a0df::FundRoles,same_split_or_quarantine
near_duplicate_same_contract_name,OrderQueueTestWrapper:1.000,2,test|train,0,train:DAPP::DAppSCAN-source/contracts/PeckShield-Tranchessv1.0/contract-core-5ac3d997da3ef37b0135565a11c5ebcc519862aa::OrderQueueTestWrapper ; test:DAPP::DAppSCAN-source/contracts/PeckShield-TranchessV1.1/contract-core-68a86350313c1cb9e5467e791d3e9efaf228a0df::OrderQueueTestWrapper,same_split_or_quarantine
near_duplicate_same_contract_name,ChessRoles:1.000,2,test|train,0,train:DAPP::DAppSCAN-source/contracts/PeckShield-Tranchessv1.0/contract-core-5ac3d997da3ef37b0135565a11c5ebcc519862aa::ChessRoles ; test:DAPP::DAppSCAN-source/contracts/PeckShield-TranchessV1.1/contract-core-68a86350313c1cb9e5467e791d3e9efaf228a0df::ChessRoles,same_split_or_quarantine
near_duplicate_same_contract_name,HeapTestContract:1.000,2,train|val,0,train:DAPP::DAppSCAN-source/contracts/Solidified-Aztec Element Bridge/aztec-connect-bridges-ac2e7194b5887ea11a607b4cf8de0547b3d7fdd0::HeapTestContract ; val:DAPP::DAppSCAN-source/contracts/Solidified-Aztec Lido Bridge/aztec-connect-bridges-d5aca13d4d0a17b21eeddf77f49f4c6613461fb0::HeapTestContract,same_split_or_quarantine
near_duplicate_same_contract_name,StakingBridgeTestInternal:1.000,2,train|val,0,train:DAPP::DAppSCAN-source/contracts/Solidified-Aztec Element Bridge/aztec-connect-bridges-ac2e7194b5887ea11a607b4cf8de0547b3d7fdd0::StakingBridgeTestInternal ; val:DAPP::DAppSCAN-source/contracts/Solidified-Aztec Lido Bridge/aztec-connect-bridges-d5aca13d4d0a17b21eeddf77f49f4c6613461fb0::StakingBridgeTestInternal,same_split_or_quarantine
near_duplicate_same_contract_name,StabilityPoolBridgeTestInternal:1.000,2,train|val,0,train:DAPP::DAppSCAN-source/contracts/Solidified-Aztec Element Bridge/aztec-connect-bridges-ac2e7194b5887ea11a607b4cf8de0547b3d7fdd0::StabilityPoolBridgeTestInternal ; val:DAPP::DAppSCAN-source/contracts/Solidified-Aztec Lido Bridge/aztec-connect-bridges-d5aca13d4d0a17b21eeddf77f49f4c6613461fb0::StabilityPoolBridgeTestInternal,same_split_or_quarantine
near_duplicate_same_contract_name,TestUtil:1.000,2,train|val,0,train:DAPP::DAppSCAN-source/contracts/Solidified-Aztec Element Bridge/aztec-connect-bridges-ac2e7194b5887ea11a607b4cf8de0547b3d7fdd0::TestUtil ; val:DAPP::DAppSCAN-source/contracts/Solidified-Aztec Lido Bridge/aztec-connect-bridges-d5aca13d4d0a17b21eeddf77f49f4c6613461fb0::TestUtil,same_split_or_quarantine
near_duplicate_same_contract_name,ElementBridge:0.875,2,train|val,0|1,train:DAPP::DAppSCAN-source/contracts/Solidified-Aztec Element Bridge/aztec-connect-bridges-ac2e7194b5887ea11a607b4cf8de0547b3d7fdd0::ElementBridge ; val:DAPP::DAppSCAN-source/contracts/Solidified-Aztec Lido Bridge/aztec-connect-bridges-d5aca13d4d0a17b21eeddf77f49f4c6613461fb0::ElementBridge,same_split_or_quarantine
near_duplicate_same_contract_name,MinHeap:1.000,2,train|val,0,train:DAPP::DAppSCAN-source/contracts/Solidified-Aztec Element Bridge/aztec-connect-bridges-ac2e7194b5887ea11a607b4cf8de0547b3d7fdd0::MinHeap ; val:DAPP::DAppSCAN-source/contracts/Solidified-Aztec Lido Bridge/aztec-connect-bridges-d5aca13d4d0a17b21eeddf77f49f4c6613461fb0::MinHeap,same_split_or_quarantine
near_duplicate_same_contract_name,ExampleBridgeContract:1.000,2,train|val,0,train:DAPP::DAppSCAN-source/contracts/Solidified-Aztec Element Bridge/aztec-connect-bridges-ac2e7194b5887ea11a607b4cf8de0547b3d7fdd0::ExampleBridgeContract ; val:DAPP::DAppSCAN-source/contracts/Solidified-Aztec Lido Bridge/aztec-connect-bridges-d5aca13d4d0a17b21eeddf77f49f4c6613461fb0::ExampleBridgeContract,same_split_or_quarantine
near_duplicate_same_contract_name,TroveBridge:1.000,2,train|val,0,train:DAPP::DAppSCAN-source/contracts/Solidified-Aztec Element Bridge/aztec-connect-bridges-ac2e7194b5887ea11a607b4cf8de0547b3d7fdd0::TroveBridge ; val:DAPP::DAppSCAN-source/contracts/Solidified-Aztec Lido Bridge/aztec-connect-bridges-d5aca13d4d0a17b21eeddf77f49f4c6613461fb0::TroveBridge,same_split_or_quarantine
near_duplicate_same_contract_name,StabilityPoolBridge:1.000,2,train|val,0,train:DAPP::DAppSCAN-source/contracts/Solidified-Aztec Element Bridge/aztec-connect-bridges-ac2e7194b5887ea11a607b4cf8de0547b3d7fdd0::StabilityPoolBridge ; val:DAPP::DAppSCAN-source/contracts/Solidified-Aztec Lido Bridge/aztec-connect-bridges-d5aca13d4d0a17b21eeddf77f49f4c6613461fb0::StabilityPoolBridge,same_split_or_quarantine
near_duplicate_same_contract_name,StakingBridge:1.000,2,train|val,0,train:DAPP::DAppSCAN-source/contracts/Solidified-Aztec Element Bridge/aztec-connect-bridges-ac2e7194b5887ea11a607b4cf8de0547b3d7fdd0::StakingBridge ; val:DAPP::DAppSCAN-source/contracts/Solidified-Aztec Lido Bridge/aztec-connect-bridges-d5aca13d4d0a17b21eeddf77f49f4c6613461fb0::StakingBridge,same_split_or_quarantine
near_duplicate_same_contract_name,IssuanceBridge:1.000,2,train|val,0,train:DAPP::DAppSCAN-source/contracts/Solidified-Aztec Element Bridge/aztec-connect-bridges-ac2e7194b5887ea11a607b4cf8de0547b3d7fdd0::IssuanceBridge ; val:DAPP::DAppSCAN-source/contracts/Solidified-Aztec Lido Bridge/aztec-connect-bridges-d5aca13d4d0a17b21eeddf77f49f4c6613461fb0::IssuanceBridge,same_split_or_quarantine
near_duplicate_same_contract_name,AaveLendingBridge:1.000,2,train|val,0,train:DAPP::DAppSCAN-source/contracts/Solidified-Aztec Element Bridge/aztec-connect-bridges-ac2e7194b5887ea11a607b4cf8de0547b3d7fdd0::AaveLendingBridge ; val:DAPP::DAppSCAN-source/contracts/Solidified-Aztec Lido Bridge/aztec-connect-bridges-d5aca13d4d0a17b21eeddf77f49f4c6613461fb0::AaveLendingBridge,same_split_or_quarantine
near_duplicate_same_contract_name,MStableBridge:1.000,2,train|val,0,train:DAPP::DAppSCAN-source/contracts/Solidified-Aztec Element Bridge/aztec-connect-bridges-ac2e7194b5887ea11a607b4cf8de0547b3d7fdd0::MStableBridge ; val:DAPP::DAppSCAN-source/contracts/Solidified-Aztec Lido Bridge/aztec-connect-bridges-d5aca13d4d0a17b21eeddf77f49f4c6613461fb0::MStableBridge,same_split_or_quarantine
near_duplicate_same_contract_name,RaiBridge:1.000,2,train|val,0,train:DAPP::DAppSCAN-source/contracts/Solidified-Aztec Element Bridge/aztec-connect-bridges-ac2e7194b5887ea11a607b4cf8de0547b3d7fdd0::RaiBridge ; val:DAPP::DAppSCAN-source/contracts/Solidified-Aztec Lido Bridge/aztec-connect-bridges-d5aca13d4d0a17b21eeddf77f49f4c6613461fb0::RaiBridge,same_split_or_quarantine
near_duplicate_same_contract_name,WNativeRelayer:1.000,2,train,0,"train:DAPP::DAppSCAN-source/contracts/Inspex-FairLaunch, Token, Vault & Workers/Meow-Finance-4a4f13efaf5e5fbed74c0ed23b665751e655d715::WNativeRelayer ; train:DAPP::DAppSCAN-source/contracts/Inspex-Optimized Worker/bsc-alpaca-contract-1aee2ceec77e3fd3162b74858c846cdc5692928d::WNativeRelayer",same_split_or_quarantine
near_duplicate_same_contract_name,WNativeRelayer:1.000,2,train,0,"train:DAPP::DAppSCAN-source/contracts/Inspex-FairLaunch, Token, Vault & Workers/Meow-Finance-4a4f13efaf5e5fbed74c0ed23b665751e655d715::WNativeRelayer ; train:DAPP::DAppSCAN-source/contracts/Inspex-SpookySwap Integration & Fantom Expansion/bsc-alpaca-contract-4553a34a6dcfcfbf7aebc693bb5c5c6074c73129::WNativeRelayer",same_split_or_quarantine
near_duplicate_same_contract_name,WNativeRelayer:1.000,2,train,0,train:DAPP::DAppSCAN-source/contracts/Inspex-Optimized Worker/bsc-alpaca-contract-1aee2ceec77e3fd3162b74858c846cdc5692928d::WNativeRelayer ; train:DAPP::DAppSCAN-source/contracts/Inspex-SpookySwap Integration & Fantom Expansion/bsc-alpaca-contract-4553a34a6dcfcfbf7aebc693bb5c5c6074c73129::WNativeRelayer,same_split_or_quarantine
near_duplicate_same_contract_name,TokenUtils:1.000,2,train,0,train:DAPP::DAppSCAN-source/contracts/consensys-DeFi_Saver/defisaver-v3-contracts-cb29669a84c2d6fffaf2231c0938eb407c060919::TokenUtils ; train:DAPP::DAppSCAN-source/contracts/Chainsecurity-Oasis  Multiply Smart Contracts/multiply-proxy-actions-e277ac1471a95138aaa93b39cf2c16c36c769740::TokenUtils,same_split_or_quarantine
near_duplicate_same_contract_name,DSProxy:1.000,2,train,0,train:DAPP::DAppSCAN-source/contracts/consensys-DeFi_Saver/defisaver-v3-contracts-cb29669a84c2d6fffaf2231c0938eb407c060919::DSProxy ; train:DAPP::DAppSCAN-source/contracts/Chainsecurity-Oasis  Multiply Smart Contracts/multiply-proxy-actions-e277ac1471a95138aaa93b39cf2c16c36c769740::DSProxy,same_split_or_quarantine
near_duplicate_same_contract_name,WaultSwapPair:1.000,2,train,0,train:DAPP::DAppSCAN-source/contracts/Inspex-Optimized Worker/bsc-alpaca-contract-1aee2ceec77e3fd3162b74858c846cdc5692928d::WaultSwapPair ; train:DAPP::DAppSCAN-source/contracts/Inspex-SpookySwap Integration & Fantom Expansion/bsc-alpaca-contract-4553a34a6dcfcfbf7aebc693bb5c5c6074c73129::WaultSwapPair,same_split_or_quarantine
near_duplicate_same_contract_name,WaultSwapFactory:1.000,2,train,0,train:DAPP::DAppSCAN-source/contracts/Inspex-Optimized Worker/bsc-alpaca-contract-1aee2ceec77e3fd3162b74858c846cdc5692928d::WaultSwapFactory ; train:DAPP::DAppSCAN-source/contracts/Inspex-SpookySwap Integration & Fantom Expansion/bsc-alpaca-contract-4553a34a6dcfcfbf7aebc693bb5c5c6074c73129::WaultSwapFactory,same_split_or_quarantine
near_duplicate_same_contract_name,WexMaster:1.000,2,train,0,train:DAPP::DAppSCAN-source/contracts/Inspex-Optimized Worker/bsc-alpaca-contract-1aee2ceec77e3fd3162b74858c846cdc5692928d::WexMaster ; train:DAPP::DAppSCAN-source/contracts/Inspex-SpookySwap Integration & Fantom Expansion/bsc-alpaca-contract-4553a34a6dcfcfbf7aebc693bb5c5c6074c73129::WexMaster,same_split_or_quarantine
near_duplicate_same_contract_name,StronkAlpacaRelayer:1.000,2,train,0,train:DAPP::DAppSCAN-source/contracts/Inspex-Optimized Worker/bsc-alpaca-contract-1aee2ceec77e3fd3162b74858c846cdc5692928d::StronkAlpacaRelayer ; train:DAPP::DAppSCAN-source/contracts/Inspex-SpookySwap Integration & Fantom Expansion/bsc-alpaca-contract-4553a34a6dcfcfbf7aebc693bb5c5c6074c73129::StronkAlpacaRelayer,same_split_or_quarantine
near_duplicate_same_contract_name,FairLaunchV2:1.000,2,train,0,train:DAPP::DAppSCAN-source/contracts/Inspex-Optimized Worker/bsc-alpaca-contract-1aee2ceec77e3fd3162b74858c846cdc5692928d::FairLaunchV2 ; train:DAPP::DAppSCAN-source/contracts/Inspex-SpookySwap Integration & Fantom Expansion/bsc-alpaca-contract-4553a34a6dcfcfbf7aebc693bb5c5c6074c73129::FairLaunchV2,same_split_or_quarantine
near_duplicate_same_contract_name,StronkAlpaca:1.000,2,train,0,train:DAPP::DAppSCAN-source/contracts/Inspex-Optimized Worker/bsc-alpaca-contract-1aee2ceec77e3fd3162b74858c846cdc5692928d::StronkAlpaca ; train:DAPP::DAppSCAN-source/contracts/Inspex-SpookySwap Integration & Fantom Expansion/bsc-alpaca-contract-4553a34a6dcfcfbf7aebc693bb5c5c6074c73129::StronkAlpaca,same_split_or_quarantine
near_duplicate_same_contract_name,Shield:1.000,2,train,0,train:DAPP::DAppSCAN-source/contracts/Inspex-Optimized Worker/bsc-alpaca-contract-1aee2ceec77e3fd3162b74858c846cdc5692928d::Shield ; train:DAPP::DAppSCAN-source/contracts/Inspex-SpookySwap Integration & Fantom Expansion/bsc-alpaca-contract-4553a34a6dcfcfbf7aebc693bb5c5c6074c73129::Shield,same_split_or_quarantine
near_duplicate_same_contract_name,FairLaunch:1.000,2,train,0,train:DAPP::DAppSCAN-source/contracts/Inspex-Optimized Worker/bsc-alpaca-contract-1aee2ceec77e3fd3162b74858c846cdc5692928d::FairLaunch ; train:DAPP::DAppSCAN-source/contracts/Inspex-SpookySwap Integration & Fantom Expansion/bsc-alpaca-contract-4553a34a6dcfcfbf7aebc693bb5c5c6074c73129::FairLaunch,same_split_or_quarantine
near_duplicate_same_contract_name,LinearRelease:1.000,2,train,0,train:DAPP::DAppSCAN-source/contracts/Inspex-Optimized Worker/bsc-alpaca-contract-1aee2ceec77e3fd3162b74858c846cdc5692928d::LinearRelease ; train:DAPP::DAppSCAN-source/contracts/Inspex-SpookySwap Integration & Fantom Expansion/bsc-alpaca-contract-4553a34a6dcfcfbf7aebc693bb5c5c6074c73129::LinearRelease,same_split_or_quarantine
near_duplicate_same_contract_name,ChainLinkPriceOracle:1.000,2,train,0,train:DAPP::DAppSCAN-source/contracts/Inspex-Optimized Worker/bsc-alpaca-contract-1aee2ceec77e3fd3162b74858c846cdc5692928d::ChainLinkPriceOracle ; train:DAPP::DAppSCAN-source/contracts/Inspex-SpookySwap Integration & Fantom Expansion/bsc-alpaca-contract-4553a34a6dcfcfbf7aebc693bb5c5c6074c73129::ChainLinkPriceOracle,same_split_or_quarantine
near_duplicate_same_contract_name,WaultSwapWorker:1.000,2,train,0,train:DAPP::DAppSCAN-source/contracts/Inspex-Optimized Worker/bsc-alpaca-contract-1aee2ceec77e3fd3162b74858c846cdc5692928d::WaultSwapWorker ; train:DAPP::DAppSCAN-source/contracts/Inspex-SpookySwap Integration & Fantom Expansion/bsc-alpaca-contract-4553a34a6dcfcfbf7aebc693bb5c5c6074c73129::WaultSwapWorker,same_split_or_quarantine
near_duplicate_same_contract_name,PancakeswapV2Worker:1.000,2,train,0,train:DAPP::DAppSCAN-source/contracts/Inspex-Optimized Worker/bsc-alpaca-contract-1aee2ceec77e3fd3162b74858c846cdc5692928d::PancakeswapV2Worker ; train:DAPP::DAppSCAN-source/contracts/Inspex-SpookySwap Integration & Fantom Expansion/bsc-alpaca-contract-4553a34a6dcfcfbf7aebc693bb5c5c6074c73129::PancakeswapV2Worker,same_split_or_quarantine
near_duplicate_same_contract_name,PancakeswapWorker:1.000,2,train,0,train:DAPP::DAppSCAN-source/contracts/Inspex-Optimized Worker/bsc-alpaca-contract-1aee2ceec77e3fd3162b74858c846cdc5692928d::PancakeswapWorker ; train:DAPP::DAppSCAN-source/contracts/Inspex-SpookySwap Integration & Fantom Expansion/bsc-alpaca-contract-4553a34a6dcfcfbf7aebc693bb5c5c6074c73129::PancakeswapWorker,same_split_or_quarantine
near_duplicate_same_contract_name,PancakeswapV2WorkerMigrate:1.000,2,train,0,train:DAPP::DAppSCAN-source/contracts/Inspex-Optimized Worker/bsc-alpaca-contract-1aee2ceec77e3fd3162b74858c846cdc5692928d::PancakeswapV2WorkerMigrate ; train:DAPP::DAppSCAN-source/contracts/Inspex-SpookySwap Integration & Fantom Expansion/bsc-alpaca-contract-4553a34a6dcfcfbf7aebc693bb5c5c6074c73129::PancakeswapV2WorkerMigrate,same_split_or_quarantine
near_duplicate_same_contract_name,WaultSwapRouter:1.000,2,train,0,train:DAPP::DAppSCAN-source/contracts/Inspex-Optimized Worker/bsc-alpaca-contract-1aee2ceec77e3fd3162b74858c846cdc5692928d::WaultSwapRouter ; train:DAPP::DAppSCAN-source/contracts/Inspex-SpookySwap Integration & Fantom Expansion/bsc-alpaca-contract-4553a34a6dcfcfbf7aebc693bb5c5c6074c73129::WaultSwapRouter,same_split_or_quarantine
near_duplicate_same_contract_name,PancakeRouter:1.000,2,train,0,train:DAPP::DAppSCAN-source/contracts/Inspex-Optimized Worker/bsc-alpaca-contract-1aee2ceec77e3fd3162b74858c846cdc5692928d::PancakeRouter ; train:DAPP::DAppSCAN-source/contracts/Inspex-SpookySwap Integration & Fantom Expansion/bsc-alpaca-contract-4553a34a6dcfcfbf7aebc693bb5c5c6074c73129::PancakeRouter,same_split_or_quarantine
near_duplicate_same_contract_name,PancakeMasterChef:1.000,2,train,0,train:DAPP::DAppSCAN-source/contracts/Inspex-Optimized Worker/bsc-alpaca-contract-1aee2ceec77e3fd3162b74858c846cdc5692928d::PancakeMasterChef ; train:DAPP::DAppSCAN-source/contracts/Inspex-SpookySwap Integration & Fantom Expansion/bsc-alpaca-contract-4553a34a6dcfcfbf7aebc693bb5c5c6074c73129::PancakeMasterChef,same_split_or_quarantine
near_duplicate_same_contract_name,PancakeswapV2RestrictedStrategyAddTwoSidesOptimal:1.000,2,train,0,train:DAPP::DAppSCAN-source/contracts/Inspex-Optimized Worker/bsc-alpaca-contract-1aee2ceec77e3fd3162b74858c846cdc5692928d::PancakeswapV2RestrictedStrategyAddTwoSidesOptimal ; train:DAPP::DAppSCAN-source/contracts/Inspex-SpookySwap Integration & Fantom Expansion/bsc-alpaca-contract-4553a34a6dcfcfbf7aebc693bb5c5c6074c73129::PancakeswapV2RestrictedStrategyAddTwoSidesOptimal,same_split_or_quarantine
near_duplicate_same_contract_name,PancakeswapV2StrategyAddTwoSidesOptimalMigrate:1.000,2,train,0,train:DAPP::DAppSCAN-source/contracts/Inspex-Optimized Worker/bsc-alpaca-contract-1aee2ceec77e3fd3162b74858c846cdc5692928d::PancakeswapV2StrategyAddTwoSidesOptimalMigrate ; train:DAPP::DAppSCAN-source/contracts/Inspex-SpookySwap Integration & Fantom Expansion/bsc-alpaca-contract-4553a34a6dcfcfbf7aebc693bb5c5c6074c73129::PancakeswapV2StrategyAddTwoSidesOptimalMigrate,same_split_or_quarantine
near_duplicate_same_contract_name,PancakeswapV2StrategyAddBaseTokenOnly:1.000,2,train,0,train:DAPP::DAppSCAN-source/contracts/Inspex-Optimized Worker/bsc-alpaca-contract-1aee2ceec77e3fd3162b74858c846cdc5692928d::PancakeswapV2StrategyAddBaseTokenOnly ; train:DAPP::DAppSCAN-source/contracts/Inspex-SpookySwap Integration & Fantom Expansion/bsc-alpaca-contract-4553a34a6dcfcfbf7aebc693bb5c5c6074c73129::PancakeswapV2StrategyAddBaseTokenOnly,same_split_or_quarantine
near_duplicate_same_contract_name,PancakeswapV2StrategyLiquidate:1.000,2,train,0,train:DAPP::DAppSCAN-source/contracts/Inspex-Optimized Worker/bsc-alpaca-contract-1aee2ceec77e3fd3162b74858c846cdc5692928d::PancakeswapV2StrategyLiquidate ; train:DAPP::DAppSCAN-source/contracts/Inspex-SpookySwap Integration & Fantom Expansion/bsc-alpaca-contract-4553a34a6dcfcfbf7aebc693bb5c5c6074c73129::PancakeswapV2StrategyLiquidate,same_split_or_quarantine
near_duplicate_same_contract_name,PancakeswapV2StrategyAddTwoSidesOptimal:1.000,2,train,0,train:DAPP::DAppSCAN-source/contracts/Inspex-Optimized Worker/bsc-alpaca-contract-1aee2ceec77e3fd3162b74858c846cdc5692928d::PancakeswapV2StrategyAddTwoSidesOptimal ; train:DAPP::DAppSCAN-source/contracts/Inspex-SpookySwap Integration & Fantom Expansion/bsc-alpaca-contract-4553a34a6dcfcfbf7aebc693bb5c5c6074c73129::PancakeswapV2StrategyAddTwoSidesOptimal,same_split_or_quarantine
near_duplicate_same_contract_name,PancakeswapV2StrategyWithdrawMinimizeTrading:1.000,2,train,0,train:DAPP::DAppSCAN-source/contracts/Inspex-Optimized Worker/bsc-alpaca-contract-1aee2ceec77e3fd3162b74858c846cdc5692928d::PancakeswapV2StrategyWithdrawMinimizeTrading ; train:DAPP::DAppSCAN-source/contracts/Inspex-SpookySwap Integration & Fantom Expansion/bsc-alpaca-contract-4553a34a6dcfcfbf7aebc693bb5c5c6074c73129::PancakeswapV2StrategyWithdrawMinimizeTrading,same_split_or_quarantine
near_duplicate_same_contract_name,PancakeswapV2RestrictedSingleAssetStrategyAddBaseWithFarm:1.000,2,train,0,train:DAPP::DAppSCAN-source/contracts/Inspex-Optimized Worker/bsc-alpaca-contract-1aee2ceec77e3fd3162b74858c846cdc5692928d::PancakeswapV2RestrictedSingleAssetStrategyAddBaseWithFarm ; train:DAPP::DAppSCAN-source/contracts/Inspex-SpookySwap Integration & Fantom Expansion/bsc-alpaca-contract-4553a34a6dcfcfbf7aebc693bb5c5c6074c73129::PancakeswapV2RestrictedSingleAssetStrategyAddBaseWithFarm,same_split_or_quarantine
near_duplicate_same_contract_name,WaultSwapRestrictedStrategyAddTwoSidesOptimal:1.000,2,train,0,train:DAPP::DAppSCAN-source/contracts/Inspex-Optimized Worker/bsc-alpaca-contract-1aee2ceec77e3fd3162b74858c846cdc5692928d::WaultSwapRestrictedStrategyAddTwoSidesOptimal ; train:DAPP::DAppSCAN-source/contracts/Inspex-SpookySwap Integration & Fantom Expansion/bsc-alpaca-contract-4553a34a6dcfcfbf7aebc693bb5c5c6074c73129::WaultSwapRestrictedStrategyAddTwoSidesOptimal,same_split_or_quarantine
near_duplicate_same_contract_name,WaultSwapRestrictedStrategyWithdrawMinimizeTrading:1.000,2,train,0,train:DAPP::DAppSCAN-source/contracts/Inspex-Optimized Worker/bsc-alpaca-contract-1aee2ceec77e3fd3162b74858c846cdc5692928d::WaultSwapRestrictedStrategyWithdrawMinimizeTrading ; train:DAPP::DAppSCAN-source/contracts/Inspex-SpookySwap Integration & Fantom Expansion/bsc-alpaca-contract-4553a34a6dcfcfbf7aebc693bb5c5c6074c73129::WaultSwapRestrictedStrategyWithdrawMinimizeTrading,same_split_or_quarantine
near_duplicate_same_contract_name,WaultSwapRestrictedStrategyAddBaseTokenOnly:1.000,2,train,0,train:DAPP::DAppSCAN-source/contracts/Inspex-Optimized Worker/bsc-alpaca-contract-1aee2ceec77e3fd3162b74858c846cdc5692928d::WaultSwapRestrictedStrategyAddBaseTokenOnly ; train:DAPP::DAppSCAN-source/contracts/Inspex-SpookySwap Integration & Fantom Expansion/bsc-alpaca-contract-4553a34a6dcfcfbf7aebc693bb5c5c6074c73129::WaultSwapRestrictedStrategyAddBaseTokenOnly,same_split_or_quarantine
near_duplicate_same_contract_name,StrategyPartialCloseLiquidate:1.000,2,train,0,train:DAPP::DAppSCAN-source/contracts/Inspex-Optimized Worker/bsc-alpaca-contract-1aee2ceec77e3fd3162b74858c846cdc5692928d::StrategyPartialCloseLiquidate ; train:DAPP::DAppSCAN-source/contracts/Inspex-SpookySwap Integration & Fantom Expansion/bsc-alpaca-contract-4553a34a6dcfcfbf7aebc693bb5c5c6074c73129::StrategyPartialCloseLiquidate,same_split_or_quarantine
near_duplicate_same_contract_name,StrategyWithdrawMinimizeTrading:1.000,2,train,0,train:DAPP::DAppSCAN-source/contracts/Inspex-Optimized Worker/bsc-alpaca-contract-1aee2ceec77e3fd3162b74858c846cdc5692928d::StrategyWithdrawMinimizeTrading ; train:DAPP::DAppSCAN-source/contracts/Inspex-SpookySwap Integration & Fantom Expansion/bsc-alpaca-contract-4553a34a6dcfcfbf7aebc693bb5c5c6074c73129::StrategyWithdrawMinimizeTrading,same_split_or_quarantine
near_duplicate_same_contract_name,StrategyAddTwoSidesOptimal:1.000,2,train,0,train:DAPP::DAppSCAN-source/contracts/Inspex-Optimized Worker/bsc-alpaca-contract-1aee2ceec77e3fd3162b74858c846cdc5692928d::StrategyAddTwoSidesOptimal ; train:DAPP::DAppSCAN-source/contracts/Inspex-SpookySwap Integration & Fantom Expansion/bsc-alpaca-contract-4553a34a6dcfcfbf7aebc693bb5c5c6074c73129::StrategyAddTwoSidesOptimal,same_split_or_quarantine
near_duplicate_same_contract_name,StrategyAddBaseTokenOnly:1.000,2,train,0,train:DAPP::DAppSCAN-source/contracts/Inspex-Optimized Worker/bsc-alpaca-contract-1aee2ceec77e3fd3162b74858c846cdc5692928d::StrategyAddBaseTokenOnly ; train:DAPP::DAppSCAN-source/contracts/Inspex-SpookySwap Integration & Fantom Expansion/bsc-alpaca-contract-4553a34a6dcfcfbf7aebc693bb5c5c6074c73129::StrategyAddBaseTokenOnly,same_split_or_quarantine
near_duplicate_same_contract_name,StrategyLiquidate:1.000,2,train,0,train:DAPP::DAppSCAN-source/contracts/Inspex-Optimized Worker/bsc-alpaca-contract-1aee2ceec77e3fd3162b74858c846cdc5692928d::StrategyLiquidate ; train:DAPP::DAppSCAN-source/contracts/Inspex-SpookySwap Integration & Fantom Expansion/bsc-alpaca-contract-4553a34a6dcfcfbf7aebc693bb5c5c6074c73129::StrategyLiquidate,same_split_or_quarantine
near_duplicate_same_contract_name,MdexWorker02:0.846,2,train|val,0|1,train:DAPP::DAppSCAN-source/contracts/Inspex-SpookySwap Integration & Fantom Expansion/bsc-alpaca-contract-4553a34a6dcfcfbf7aebc693bb5c5c6074c73129::MdexWorker02 ; val:DAPP::DAppSCAN-source/contracts/Inspex-MDEX Integration/bsc-alpaca-contract-a3a14d27a4803afebdcf783c9ce8764b65f5587d::MdexWorker02,same_split_or_quarantine
near_duplicate_same_contract_name,BaseAdminUpgradeabilityProxy:1.000,2,test|val,0,val:DAPP::DAppSCAN-source/contracts/QuillAudits-AAVE-ParaSwap Adapter/aave-protocol-v2-14e2ab47d95f42ec5ee486f367067e78a7588878::BaseAdminUpgradeabilityProxy ; test:DAPP::DAppSCAN-source/contracts/consensys-Aave_Protocol_V2/aave-protocol-v2-f756f44a8d6a328cd545335e46e7128939db88c4::BaseAdminUpgradeabilityProxy,same_split_or_quarantine
near_duplicate_same_contract_name,InitializableAdminUpgradeabilityProxy:1.000,2,test|val,0,val:DAPP::DAppSCAN-source/contracts/QuillAudits-AAVE-ParaSwap Adapter/aave-protocol-v2-14e2ab47d95f42ec5ee486f367067e78a7588878::InitializableAdminUpgradeabilityProxy ; test:DAPP::DAppSCAN-source/contracts/consensys-Aave_Protocol_V2/aave-protocol-v2-f756f44a8d6a328cd545335e46e7128939db88c4::InitializableAdminUpgradeabilityProxy,same_split_or_quarantine
near_duplicate_same_contract_name,InitializableUpgradeabilityProxy:1.000,2,test|val,0,val:DAPP::DAppSCAN-source/contracts/QuillAudits-AAVE-ParaSwap Adapter/aave-protocol-v2-14e2ab47d95f42ec5ee486f367067e78a7588878::InitializableUpgradeabilityProxy ; test:DAPP::DAppSCAN-source/contracts/consensys-Aave_Protocol_V2/aave-protocol-v2-f756f44a8d6a328cd545335e46e7128939db88c4::InitializableUpgradeabilityProxy,same_split_or_quarantine
near_duplicate_same_contract_name,BaseUpgradeabilityProxy:1.000,2,test|val,0,val:DAPP::DAppSCAN-source/contracts/QuillAudits-AAVE-ParaSwap Adapter/aave-protocol-v2-14e2ab47d95f42ec5ee486f367067e78a7588878::BaseUpgradeabilityProxy ; test:DAPP::DAppSCAN-source/contracts/consensys-Aave_Protocol_V2/aave-protocol-v2-f756f44a8d6a328cd545335e46e7128939db88c4::BaseUpgradeabilityProxy,same_split_or_quarantine
