split,graph_id,contract,source_path,function,interaction_id,score,category,evidence,state_update_before_external_call,state_update_after_external_call,return_value_checked,require_assert_guard_before_call,nonreentrant_modifier,only_owner_or_access_control,callee_user_controlled,trusted_or_fixed_callee,safe_erc20_wrapper,delegatecall_target_fixed,delegatecall_target_user_controlled,try_catch_presence,contract_many_risky_interactions,contract_modifier_access_summary,contract_inheritance_modifier_summary
train,DAPP::DAppSCAN-source/contracts/Hacken-The Next War/Contracts-334fe81ea7282ac4f768de077c37a7932c0302de::Distribution,Distribution,DAppSCAN-source/contracts/Hacken-The Next War/Contracts-334fe81ea7282ac4f768de077c37a7932c0302de/contracts/Distribution.sol,claim,i:claim,0.986448525385967,protected reentrancy-like pattern,external call plus guard/modifier/state-update signal,0.0,0.0,0.0,1.0,0.0,0.0,1.0,0.0,0.0,0.0,0.0,0.0,0.0,0.0,1.0
train,DAPP::DAppSCAN-source/contracts/PeckShield-BabySwap/code::HoldStake,HoldStake,DAppSCAN-source/contracts/PeckShield-BabySwap/code/baby-swap-contract-cac289bf978d969c95721c2adb9f199cee72ffa6/contracts/farm/HoldStake.sol,addPool,i:addPool,0.9826690809161039,protected reentrancy-like pattern,external call plus guard/modifier/state-update signal,0.0,1.0,0.0,1.0,0.0,1.0,1.0,0.0,0.0,0.0,0.0,0.0,0.0,1.0,1.0
train,DAPP::DAppSCAN-source/contracts/openzeppelin-Solo_Margin_Protocol/solo-17df84db351d5438e1b7437572722b4f52c8b2b4::PayableProxyForSoloMargin,PayableProxyForSoloMargin,DAppSCAN-source/contracts/openzeppelin-Solo_Margin_Protocol/solo-17df84db351d5438e1b7437572722b4f52c8b2b4/contracts/external/proxies/PayableProxyForSoloMargin.sol,operate,i:operate,0.9826424245645164,protected reentrancy-like pattern,external call plus guard/modifier/state-update signal,0.0,0.0,0.0,0.0,1.0,0.0,1.0,1.0,0.0,0.0,0.0,0.0,0.0,1.0,0.0
train,DAPP::DAppSCAN-source/contracts/PeckShield-StackerVC/StackerVC_VentureFund001-3cfb98b21f4731dfd62993feb7c7d1540837f59b::GaugeD1,GaugeD1,DAppSCAN-source/contracts/PeckShield-StackerVC/StackerVC_VentureFund001-3cfb98b21f4731dfd62993feb7c7d1540837f59b/contracts/Token/GaugeD1.sol,deposit,i:deposit,0.9823820231697554,protected reentrancy-like pattern,external call plus guard/modifier/state-update signal,0.0,0.0,0.0,1.0,1.0,0.0,0.0,1.0,1.0,0.0,0.0,0.0,0.0,1.0,1.0
train,DAPP::DAppSCAN-source/contracts/Coinspect-Incognito Audit/bridge-eth-4879219669a38d601265582f815596b6775855b6::IncognitoProxy,IncognitoProxy,DAppSCAN-source/contracts/Coinspect-Incognito Audit/bridge-eth-4879219669a38d601265582f815596b6775855b6/bridge/contracts/incognito_proxy.sol,swapBridgeCommittee,i:swapBridgeCommittee,0.980475517489832,protected reentrancy-like pattern,external call plus guard/modifier/state-update signal,0.0,0.0,0.0,1.0,0.0,0.0,0.0,0.0,0.0,0.0,0.0,0.0,0.0,0.0,0.0
train,DAPP::DAppSCAN-source/contracts/Inspex-AutoCompound/auto-compound-v2-92626a1dcfc55a28afdf4f996d600fe8bbfd6efd::Emperium,Emperium,DAppSCAN-source/contracts/Inspex-AutoCompound/auto-compound-v2-92626a1dcfc55a28afdf4f996d600fe8bbfd6efd/Emperium.sol,add,i:add,0.9798872694101567,protected reentrancy-like pattern,external call plus guard/modifier/state-update signal,1.0,0.0,0.0,1.0,0.0,1.0,0.0,0.0,0.0,0.0,0.0,0.0,0.0,1.0,0.0
train,DAPP::DAppSCAN-source/contracts/Runtime_Vеrification-stakefish_ethereum_staking_audit_report/eth2-validation-services-contract-d91928f3a270f6115831fe3a21a69eb98bf57b26::StakefishServicesContract,StakefishServicesContract,DAppSCAN-source/contracts/Runtime_Vеrification-stakefish_ethereum_staking_audit_report/eth2-validation-services-contract-d91928f3a270f6115831fe3a21a69eb98bf57b26/contracts/StakefishServicesContract.sol,createValidator,i:createValidator,0.9734371169176306,protected reentrancy-like pattern,external call plus guard/modifier/state-update signal,1.0,0.0,0.0,1.0,0.0,1.0,0.0,0.0,0.0,0.0,0.0,0.0,0.0,1.0,1.0
train,DAPP::DAppSCAN-source/contracts/PeckShield-Buffer/code::BufferBNBPool,BufferBNBPool,DAppSCAN-source/contracts/PeckShield-Buffer/code/Buffer-Protocol-1c648bb35feca23bc801ce76aba63ca66af5917e/contracts/Pool/BufferBNBPool.sol,send,i:send,0.9729928102876043,protected reentrancy-like pattern,external call plus guard/modifier/state-update signal,1.0,0.0,0.0,1.0,0.0,1.0,1.0,0.0,0.0,0.0,0.0,0.0,0.0,1.0,1.0
train,DAPP::DAppSCAN-source/contracts/PeckShield-StackerVC/StackerVC_VentureFund001-3cfb98b21f4731dfd62993feb7c7d1540837f59b::VCTreasuryV1,VCTreasuryV1,DAppSCAN-source/contracts/PeckShield-StackerVC/StackerVC_VentureFund001-3cfb98b21f4731dfd62993feb7c7d1540837f59b/contracts/Treasury/VCTreasuryV1.sol,investExecute,i:investExecute,0.9728160250018606,protected reentrancy-like pattern,external call plus guard/modifier/state-update signal,1.0,0.0,0.0,1.0,1.0,0.0,0.0,1.0,1.0,0.0,0.0,0.0,0.0,1.0,1.0
train,FORGE::vfp_00122::TroveManager,TroveManager,TroveManager.sol,_updateSystemSnapshots_excludeCollRemainder,i:_updateSystemSnapshots_excludeCollRemainder,0.9723386897386972,protected reentrancy-like pattern,external call plus guard/modifier/state-update signal,1.0,1.0,0.0,0.0,0.0,0.0,1.0,0.0,0.0,0.0,0.0,0.0,1.0,0.0,1.0
train,DAPP::DAppSCAN-source/contracts/PeckShield-BabySwap/code::IDO,IDO,DAppSCAN-source/contracts/PeckShield-BabySwap/code/baby-swap-contract-cac289bf978d969c95721c2adb9f199cee72ffa6/contracts/ido/IDO.sol,createIDO,i:createIDO,0.9721695135807521,protected reentrancy-like pattern,external call plus guard/modifier/state-update signal,1.0,0.0,0.0,1.0,0.0,1.0,1.0,0.0,1.0,0.0,0.0,0.0,0.0,1.0,1.0
train,DAPP::DAppSCAN-source/contracts/Trail_of_Bits-88mph/88mph-contracts-76cd9d1fc45e65f5d0f686621fe6af85c40aa140::ERC1155DividendToken,ERC1155DividendToken,DAppSCAN-source/contracts/Trail_of_Bits-88mph/88mph-contracts-76cd9d1fc45e65f5d0f686621fe6af85c40aa140/contracts/libs/ERC1155DividendToken.sol,_distributeDividends,i:_distributeDividends,0.9718086695576891,protected reentrancy-like pattern,external call plus guard/modifier/state-update signal,0.0,0.0,0.0,1.0,0.0,0.0,0.0,1.0,1.0,0.0,0.0,0.0,0.0,0.0,0.0
train,DAPP::DAppSCAN-source/contracts/PeckShield-DSG/core-6f607f77698936e132e4e9b5cb4d75580636d919::DepositPool,DepositPool,DAppSCAN-source/contracts/PeckShield-DSG/core-6f607f77698936e132e4e9b5cb4d75580636d919/contracts/pools/DepositPool.sol,withdraw,i:withdraw,0.9705888365967381,protected reentrancy-like pattern,external call plus guard/modifier/state-update signal,0.0,0.0,0.0,1.0,0.0,0.0,1.0,1.0,1.0,0.0,0.0,0.0,1.0,1.0,1.0
train,DAPP::DAppSCAN-source/contracts/QuillAudits-BCUBE Smart Contract/b-cube-ico-13f9f8a991a65f3e0ca60a2078121fdd5a921fb0::NewSaleTreasury,NewSaleTreasury,DAppSCAN-source/contracts/QuillAudits-BCUBE Smart Contract/b-cube-ico-13f9f8a991a65f3e0ca60a2078121fdd5a921fb0/contracts/NewSaleTreasury.sol,shareWithdraw,i:shareWithdraw,0.9704820067673641,protected reentrancy-like pattern,external call plus guard/modifier/state-update signal,0.0,0.0,0.0,1.0,1.0,0.0,1.0,0.0,1.0,0.0,0.0,0.0,0.0,1.0,0.0
train,DAPP::DAppSCAN-source/contracts/Inspex-SpookySwap Integration & Fantom Expansion/bsc-alpaca-contract-4553a34a6dcfcfbf7aebc693bb5c5c6074c73129::SwapMining,SwapMining,DAppSCAN-source/contracts/Inspex-SpookySwap Integration & Fantom Expansion/bsc-alpaca-contract-4553a34a6dcfcfbf7aebc693bb5c5c6074c73129/contracts/6/protocol/apis/mdex/SwapMining.sol,addPair,i:addPair,0.9696182582280936,protected reentrancy-like pattern,external call plus guard/modifier/state-update signal,1.0,0.0,0.0,1.0,0.0,1.0,0.0,0.0,0.0,0.0,0.0,0.0,0.0,1.0,1.0
train,DAPP::DAppSCAN-source/contracts/Chainsecurity-Angle Protocol  Borrowing Module/angle-borrow-0363b6a137a44e22ee06b3187ba74f7798c1af08::BaseReactor,BaseReactor,DAppSCAN-source/contracts/Chainsecurity-Angle Protocol  Borrowing Module/angle-borrow-0363b6a137a44e22ee06b3187ba74f7798c1af08/contracts/reactor/BaseReactor.sol,recoverERC20,i:recoverERC20,0.9677991085253339,protected reentrancy-like pattern,external call plus guard/modifier/state-update signal,0.0,0.0,0.0,1.0,0.0,1.0,0.0,1.0,1.0,0.0,0.0,0.0,0.0,1.0,1.0
train,DAPP::DAppSCAN-source/contracts/Chainsecurity-Angle Protocol  Borrowing Module/angle-borrow-0363b6a137a44e22ee06b3187ba74f7798c1af08::Reactor,Reactor,DAppSCAN-source/contracts/Chainsecurity-Angle Protocol  Borrowing Module/angle-borrow-0363b6a137a44e22ee06b3187ba74f7798c1af08/contracts/reactor/BaseReactor.sol,recoverERC20,i:recoverERC20,0.9677985512650337,protected reentrancy-like pattern,external call plus guard/modifier/state-update signal,0.0,0.0,0.0,1.0,0.0,1.0,0.0,1.0,1.0,0.0,0.0,0.0,0.0,1.0,1.0
train,DAPP::DAppSCAN-source/contracts/PeckShield-DSG/core-6f607f77698936e132e4e9b5cb4d75580636d919::LiquidityPool,LiquidityPool,DAppSCAN-source/contracts/PeckShield-DSG/core-6f607f77698936e132e4e9b5cb4d75580636d919/contracts/pools/LiquidityPoolOther.sol,additionalNft,i:additionalNft,0.9677361981879732,protected reentrancy-like pattern,external call plus guard/modifier/state-update signal,0.0,0.0,0.0,1.0,0.0,0.0,1.0,1.0,1.0,0.0,0.0,0.0,1.0,1.0,1.0
train,DAPP::DAppSCAN-source/contracts/Trail_of_Bits-FraxQ42021/frax-solidity-bd40775e283923aa9e32a107abd426430a99835e::LeveragePool,LeveragePool,DAppSCAN-source/contracts/Trail_of_Bits-FraxQ42021/frax-solidity-bd40775e283923aa9e32a107abd426430a99835e/src/hardhat/contracts/LeveragePool/LeveragePool.sol,withdrawAdminFees,i:withdrawAdminFees,0.9671897545726628,protected reentrancy-like pattern,external call plus guard/modifier/state-update signal,1.0,0.0,0.0,1.0,0.0,1.0,1.0,0.0,0.0,0.0,0.0,0.0,0.0,1.0,0.0
train,DAPP::DAppSCAN-source/contracts/PeckShield-BabySwap/code::SwapMining,SwapMining,DAppSCAN-source/contracts/PeckShield-BabySwap/code/baby-swap-contract-cac289bf978d969c95721c2adb9f199cee72ffa6/contracts/farm/SwapMining.sol,addPair,i:addPair,0.9671502375425632,protected reentrancy-like pattern,external call plus guard/modifier/state-update signal,1.0,0.0,0.0,1.0,0.0,1.0,0.0,0.0,0.0,0.0,0.0,0.0,0.0,1.0,1.0
train,DAPP::DAppSCAN-source/contracts/PeckShield-BabySwap/code::ILO,ILO,DAppSCAN-source/contracts/PeckShield-BabySwap/code/baby-swap-contract-cac289bf978d969c95721c2adb9f199cee72ffa6/contracts/farm/ILO.sol,deposit,i:deposit,0.9650959340812876,protected reentrancy-like pattern,external call plus guard/modifier/state-update signal,0.0,0.0,0.0,1.0,0.0,0.0,1.0,0.0,1.0,0.0,0.0,0.0,0.0,1.0,0.0
train,DAPP::DAppSCAN-source/contracts/PeckShield-BNPL/BNPL-0ee587a081668dcab166a3a275b8a6c4794ead4d::BNPLRewardsController,BNPLRewardsController,DAppSCAN-source/contracts/PeckShield-BNPL/BNPL-0ee587a081668dcab166a3a275b8a6c4794ead4d/contracts/BNPLRewardsController.sol,withdraw,i:withdraw,0.9641992293720776,protected reentrancy-like pattern,external call plus guard/modifier/state-update signal,0.0,0.0,0.0,1.0,0.0,0.0,0.0,0.0,1.0,0.0,0.0,0.0,0.0,0.0,0.0
train,DAPP::DAppSCAN-source/contracts/Chainsecurity-Angle Protocol/angle-core-46e6d32837cbe97a4af0adb693e63afa0d01fc3e::StableMasterFront,StableMasterFront,DAppSCAN-source/contracts/Chainsecurity-Angle Protocol/angle-core-46e6d32837cbe97a4af0adb693e63afa0d01fc3e/contracts/stableMaster/StableMasterFront.sol,revokeCollateral,i:revokeCollateral,0.9622940683625312,protected reentrancy-like pattern,external call plus guard/modifier/state-update signal,0.0,0.0,0.0,1.0,0.0,1.0,1.0,0.0,1.0,0.0,0.0,0.0,1.0,1.0,1.0
train,DAPP::DAppSCAN-source/contracts/Inspex-Optimized Worker/bsc-alpaca-contract-1aee2ceec77e3fd3162b74858c846cdc5692928d::WexMaster,WexMaster,DAppSCAN-source/contracts/Inspex-Optimized Worker/bsc-alpaca-contract-1aee2ceec77e3fd3162b74858c846cdc5692928d/contracts/6.12/protocol/apis/wault/WexMaster.sol,withdraw,i:withdraw,0.9599553634838434,protected reentrancy-like pattern,external call plus guard/modifier/state-update signal,0.0,0.0,0.0,1.0,0.0,0.0,1.0,0.0,1.0,0.0,0.0,0.0,0.0,1.0,0.0
train,DAPP::DAppSCAN-source/contracts/Inspex-SpookySwap Integration & Fantom Expansion/bsc-alpaca-contract-4553a34a6dcfcfbf7aebc693bb5c5c6074c73129::WexMaster,WexMaster,DAppSCAN-source/contracts/Inspex-SpookySwap Integration & Fantom Expansion/bsc-alpaca-contract-4553a34a6dcfcfbf7aebc693bb5c5c6074c73129/contracts/6.12/protocol/apis/wault/WexMaster.sol,withdraw,i:withdraw,0.9599535670927349,protected reentrancy-like pattern,external call plus guard/modifier/state-update signal,0.0,0.0,0.0,1.0,0.0,0.0,1.0,0.0,1.0,0.0,0.0,0.0,0.0,1.0,0.0
train,DAPP::DAppSCAN-source/contracts/QuillAudits-BCUBE Smart Contract/b-cube-ico-13f9f8a991a65f3e0ca60a2078121fdd5a921fb0::PublicSaleTreasury,PublicSaleTreasury,DAppSCAN-source/contracts/QuillAudits-BCUBE Smart Contract/b-cube-ico-13f9f8a991a65f3e0ca60a2078121fdd5a921fb0/contracts/PublicSaleTreasury.sol,shareWithdraw,i:shareWithdraw,0.9595132099874032,protected reentrancy-like pattern,external call plus guard/modifier/state-update signal,0.0,0.0,0.0,1.0,1.0,0.0,1.0,0.0,1.0,0.0,0.0,0.0,0.0,1.0,0.0
train,DAPP::DAppSCAN-source/contracts/Inspex-Optimized Worker/bsc-alpaca-contract-1aee2ceec77e3fd3162b74858c846cdc5692928d::FairLaunch,FairLaunch,DAppSCAN-source/contracts/Inspex-Optimized Worker/bsc-alpaca-contract-1aee2ceec77e3fd3162b74858c846cdc5692928d/contracts/6/token/FairLaunch.sol,deposit,i:deposit,0.9581983193610619,protected reentrancy-like pattern,external call plus guard/modifier/state-update signal,0.0,0.0,0.0,1.0,1.0,0.0,1.0,1.0,1.0,0.0,0.0,0.0,1.0,1.0,1.0
train,DAPP::DAppSCAN-source/contracts/Inspex-SpookySwap Integration & Fantom Expansion/bsc-alpaca-contract-4553a34a6dcfcfbf7aebc693bb5c5c6074c73129::FairLaunch,FairLaunch,DAppSCAN-source/contracts/Inspex-SpookySwap Integration & Fantom Expansion/bsc-alpaca-contract-4553a34a6dcfcfbf7aebc693bb5c5c6074c73129/contracts/6/token/FairLaunch.sol,deposit,i:deposit,0.9581970969837358,protected reentrancy-like pattern,external call plus guard/modifier/state-update signal,0.0,0.0,0.0,1.0,1.0,0.0,1.0,1.0,1.0,0.0,0.0,0.0,1.0,1.0,1.0
train,"DAPP::DAppSCAN-source/contracts/Inspex-FairLaunch, Token, Vault & Workers/Meow-Finance-4a4f13efaf5e5fbed74c0ed23b665751e655d715::FeeDistribute",FeeDistribute,"DAppSCAN-source/contracts/Inspex-FairLaunch, Token, Vault & Workers/Meow-Finance-4a4f13efaf5e5fbed74c0ed23b665751e655d715/contracts/token/FeeDistribute.sol",deposit,i:deposit,0.9571723424919258,protected reentrancy-like pattern,external call plus guard/modifier/state-update signal,0.0,0.0,0.0,1.0,1.0,0.0,1.0,1.0,1.0,0.0,0.0,0.0,1.0,1.0,0.0
train,DAPP::DAppSCAN-source/contracts/PeckShield-KaoyaSwap/contracts-8273073f1d6914f372790399378f177573c52e37::Staking,Staking,DAppSCAN-source/contracts/PeckShield-KaoyaSwap/contracts-8273073f1d6914f372790399378f177573c52e37/staking.sol,rewardWithdraw,i:rewardWithdraw,0.9565679238433863,protected reentrancy-like pattern,external call plus guard/modifier/state-update signal,0.0,0.0,0.0,1.0,0.0,1.0,1.0,0.0,1.0,0.0,0.0,0.0,1.0,1.0,0.0
train,DAPP::DAppSCAN-source/contracts/Chainsecurity-Angle Protocol  Borrowing Module/angle-borrow-0363b6a137a44e22ee06b3187ba74f7798c1af08::EulerReactor,EulerReactor,DAppSCAN-source/contracts/Chainsecurity-Angle Protocol  Borrowing Module/angle-borrow-0363b6a137a44e22ee06b3187ba74f7798c1af08/contracts/reactor/EulerReactor.sol,recoverERC20,i:recoverERC20,0.9561258878973242,protected reentrancy-like pattern,external call plus guard/modifier/state-update signal,0.0,0.0,0.0,1.0,0.0,1.0,0.0,1.0,1.0,0.0,0.0,0.0,1.0,1.0,1.0
train,DAPP::DAppSCAN-source/contracts/openzeppelin-Solo_Margin_Protocol/solo-17df84db351d5438e1b7437572722b4f52c8b2b4::OperationImpl,OperationImpl,DAppSCAN-source/contracts/openzeppelin-Solo_Margin_Protocol/solo-17df84db351d5438e1b7437572722b4f52c8b2b4/contracts/protocol/impl/OperationImpl.sol,_runPreprocessing,i:_runPreprocessing,0.9548136923559051,many risky interactions but no confirmed finding,contract has many risky-looking interactions,0.0,0.0,0.0,0.0,0.0,0.0,1.0,0.0,0.0,0.0,0.0,0.0,1.0,0.0,1.0
train,DAPP::DAppSCAN-source/contracts/PeckShield-DSG/core-6f607f77698936e132e4e9b5cb4d75580636d919::NFTMarket,NFTMarket,DAppSCAN-source/contracts/PeckShield-DSG/core-6f607f77698936e132e4e9b5cb4d75580636d919/contracts/nft/NftMarket.sol,startSales,i:startSales,0.9543605740560404,protected reentrancy-like pattern,external call plus guard/modifier/state-update signal,0.0,0.0,0.0,1.0,1.0,0.0,0.0,1.0,1.0,0.0,0.0,0.0,0.0,1.0,1.0
train,DAPP::DAppSCAN-source/contracts/QuillAudits-Yearn Finance-Generic Lender/yearnV2-generic-lender-strat-979ef2f0e5da39ca59a5907c37ba2064fcd6be82::Withdrawable,Withdrawable,DAppSCAN-source/contracts/QuillAudits-Yearn Finance-Generic Lender/yearnV2-generic-lender-strat-979ef2f0e5da39ca59a5907c37ba2064fcd6be82/contracts/Interfaces/utils/Withdrawable.sol,withdraw,i:withdraw,0.95399967402164,owner-only/admin-only risky function,access-control modifier or msg.sender guard detected,0.0,0.0,0.0,0.0,0.0,1.0,0.0,1.0,1.0,0.0,0.0,0.0,0.0,1.0,0.0
train,DAPP::DAppSCAN-source/contracts/PeckShield-DSG/core-6f607f77698936e132e4e9b5cb4d75580636d919::TradingPool,TradingPool,DAppSCAN-source/contracts/PeckShield-DSG/core-6f607f77698936e132e4e9b5cb4d75580636d919/contracts/pools/TradingPool.sol,add,i:add,0.9534170001639816,protected reentrancy-like pattern,external call plus guard/modifier/state-update signal,1.0,0.0,0.0,1.0,0.0,1.0,0.0,0.0,0.0,0.0,0.0,0.0,1.0,1.0,1.0
train,DAPP::DAppSCAN-source/contracts/openzeppelin-Endaoment/endaoment-contracts-f60aa253d3d869ad6460877f23e6092acb313add::Org,Org,DAppSCAN-source/contracts/openzeppelin-Endaoment/endaoment-contracts-f60aa253d3d869ad6460877f23e6092acb313add/Org.sol,claimRequest,i:claimRequest,0.9530477148687192,protected reentrancy-like pattern,external call plus guard/modifier/state-update signal,0.0,0.0,0.0,1.0,0.0,1.0,0.0,0.0,0.0,0.0,0.0,0.0,0.0,1.0,0.0
train,DAPP::DAppSCAN-source/contracts/consensys-Aave_Protocol_V2/aave-protocol-v2-f756f44a8d6a328cd545335e46e7128939db88c4::LendingPoolCollateralManager,LendingPoolCollateralManager,DAppSCAN-source/contracts/consensys-Aave_Protocol_V2/aave-protocol-v2-f756f44a8d6a328cd545335e46e7128939db88c4/contracts/lendingpool/LendingPoolCollateralManager.sol,liquidationCall,i:liquidationCall,0.9525743745537839,trusted/fixed callee,callee receiver appears fixed/trusted,0.0,0.0,0.0,0.0,0.0,0.0,1.0,1.0,1.0,0.0,0.0,0.0,0.0,0.0,1.0
train,DAPP::DAppSCAN-source/contracts/Inspex-Optimized Worker/bsc-alpaca-contract-1aee2ceec77e3fd3162b74858c846cdc5692928d::GrazingRange,GrazingRange,DAppSCAN-source/contracts/Inspex-Optimized Worker/bsc-alpaca-contract-1aee2ceec77e3fd3162b74858c846cdc5692928d/contracts/6.12/GrazingRange.sol,emergencyRewardWithdraw,i:emergencyRewardWithdraw,0.9483883293314287,protected reentrancy-like pattern,external call plus guard/modifier/state-update signal,0.0,0.0,0.0,1.0,1.0,1.0,1.0,0.0,1.0,0.0,0.0,0.0,1.0,1.0,1.0
train,DAPP::DAppSCAN-source/contracts/QuillAudits-Alium Finance Smart Contract/alium-farm-e37d6af39af68049c2684085f025385407b4bd55::BnbStaking,BnbStaking,DAppSCAN-source/contracts/QuillAudits-Alium Finance Smart Contract/alium-farm-e37d6af39af68049c2684085f025385407b4bd55/contracts/BnbStaking.sol,deposit,i:deposit,0.9448246194631,protected reentrancy-like pattern,external call plus guard/modifier/state-update signal,0.0,0.0,0.0,1.0,0.0,0.0,1.0,1.0,1.0,0.0,0.0,0.0,0.0,1.0,0.0
train,DAPP::DAppSCAN-source/contracts/PeckShield-BabySwap/code::BnbStaking,BnbStaking,DAppSCAN-source/contracts/PeckShield-BabySwap/code/baby-swap-contract-cac289bf978d969c95721c2adb9f199cee72ffa6/contracts/farm/BnbStaking.sol,deposit,i:deposit,0.9445747374204572,protected reentrancy-like pattern,external call plus guard/modifier/state-update signal,0.0,0.0,0.0,1.0,0.0,0.0,1.0,1.0,1.0,0.0,0.0,0.0,0.0,1.0,0.0
train,DAPP::DAppSCAN-source/contracts/Inspex-SpookySwap Integration & Fantom Expansion/bsc-alpaca-contract-4553a34a6dcfcfbf7aebc693bb5c5c6074c73129::GrazingRange,GrazingRange,DAppSCAN-source/contracts/Inspex-SpookySwap Integration & Fantom Expansion/bsc-alpaca-contract-4553a34a6dcfcfbf7aebc693bb5c5c6074c73129/contracts/6.12/GrazingRange.sol,emergencyRewardWithdraw,i:emergencyRewardWithdraw,0.9439201662177242,protected reentrancy-like pattern,external call plus guard/modifier/state-update signal,0.0,0.0,0.0,1.0,1.0,1.0,1.0,0.0,1.0,0.0,0.0,0.0,1.0,1.0,1.0
train,"DAPP::DAppSCAN-source/contracts/Inspex-FairLaunch, Token, Vault & Workers/Meow-Finance-4a4f13efaf5e5fbed74c0ed23b665751e655d715::MeowMining",MeowMining,"DAppSCAN-source/contracts/Inspex-FairLaunch, Token, Vault & Workers/Meow-Finance-4a4f13efaf5e5fbed74c0ed23b665751e655d715/contracts/token/MeowMining.sol",deposit,i:deposit,0.9428064767001731,protected reentrancy-like pattern,external call plus guard/modifier/state-update signal,0.0,0.0,0.0,1.0,1.0,0.0,1.0,1.0,1.0,0.0,0.0,0.0,1.0,1.0,0.0
train,DAPP::DAppSCAN-source/contracts/Chainsecurity-Angle Protocol  Borrowing Module/angle-borrow-0363b6a137a44e22ee06b3187ba74f7798c1af08::Settlement,Settlement,DAppSCAN-source/contracts/Chainsecurity-Angle Protocol  Borrowing Module/angle-borrow-0363b6a137a44e22ee06b3187ba74f7798c1af08/contracts/settlement/Settlement.sol,recoverERC20,i:recoverERC20,0.9427035924425126,protected reentrancy-like pattern,external call plus guard/modifier/state-update signal,1.0,0.0,0.0,1.0,0.0,1.0,0.0,1.0,1.0,0.0,0.0,0.0,0.0,1.0,1.0
train,DAPP::DAppSCAN-source/contracts/PeckShield-AirSwap/airswap-protocols-b87d292aaf6e28ede564b7ea28ece39219994607::Indexer,Indexer,DAppSCAN-source/contracts/PeckShield-AirSwap/airswap-protocols-b87d292aaf6e28ede564b7ea28ece39219994607/source/indexer/contracts/Indexer.sol,setIntent,i:setIntent,0.9422066723979963,protected reentrancy-like pattern,external call plus guard/modifier/state-update signal,0.0,0.0,0.0,1.0,0.0,0.0,1.0,0.0,0.0,0.0,0.0,0.0,0.0,0.0,1.0
train,DAPP::DAppSCAN-source/contracts/PeckShield-Hegic(v8888)/Hegic-v8888-2dcd44dc1ae07881e94d52fa618f9704bfd4ffda::HegicPUT,HegicPUT,DAppSCAN-source/contracts/PeckShield-Hegic(v8888)/Hegic-v8888-2dcd44dc1ae07881e94d52fa618f9704bfd4ffda/contracts/Pool/HegicPut.sol,sellOption,i:sellOption,0.9421252562347245,protected reentrancy-like pattern,external call plus guard/modifier/state-update signal,1.0,0.0,0.0,1.0,0.0,0.0,1.0,0.0,1.0,0.0,0.0,0.0,1.0,0.0,1.0
train,DAPP::DAppSCAN-source/contracts/PeckShield-Hegic(v8888)/Hegic-v8888-2dcd44dc1ae07881e94d52fa618f9704bfd4ffda::HegicCALL,HegicCALL,DAppSCAN-source/contracts/PeckShield-Hegic(v8888)/Hegic-v8888-2dcd44dc1ae07881e94d52fa618f9704bfd4ffda/contracts/Pool/HegicCall.sol,sellOption,i:sellOption,0.9421246322395119,protected reentrancy-like pattern,external call plus guard/modifier/state-update signal,1.0,0.0,0.0,1.0,0.0,0.0,1.0,0.0,1.0,0.0,0.0,0.0,1.0,0.0,1.0
train,"DAPP::DAppSCAN-source/contracts/Inspex-StakingPool, Vault, Strategy & VotingEscrow/scientix-contract-main::Scientist",Scientist,"DAppSCAN-source/contracts/Inspex-StakingPool, Vault, Strategy & VotingEscrow/scientix-contract-main/contracts/Scientist.sol",deposit,i:deposit,0.941945545185581,protected reentrancy-like pattern,external call plus guard/modifier/state-update signal,0.0,0.0,0.0,1.0,1.0,0.0,1.0,0.0,1.0,0.0,0.0,0.0,1.0,1.0,1.0
train,DAPP::DAppSCAN-source/contracts/Inspex-SpookySwap Integration & Fantom Expansion/bsc-alpaca-contract-4553a34a6dcfcfbf7aebc693bb5c5c6074c73129::BSCPool,BSCPool,DAppSCAN-source/contracts/Inspex-SpookySwap Integration & Fantom Expansion/bsc-alpaca-contract-4553a34a6dcfcfbf7aebc693bb5c5c6074c73129/contracts/6/protocol/apis/mdex/BSCPool.sol,withdrawMdxAndToken,i:withdrawMdxAndToken,0.9412849178521223,protected reentrancy-like pattern,external call plus guard/modifier/state-update signal,0.0,0.0,0.0,1.0,0.0,0.0,1.0,1.0,1.0,0.0,0.0,0.0,1.0,1.0,1.0
train,DAPP::DAppSCAN-source/contracts/PeckShield-Hegic(v8888)/Hegic-v8888-2dcd44dc1ae07881e94d52fa618f9704bfd4ffda::HegicStaking,HegicStaking,DAppSCAN-source/contracts/PeckShield-Hegic(v8888)/Hegic-v8888-2dcd44dc1ae07881e94d52fa618f9704bfd4ffda/contracts/Staking/HegicStaking.sol,buyMicroLot,i:buyMicroLot,0.940805259519743,protected reentrancy-like pattern,external call plus guard/modifier/state-update signal,1.0,0.0,0.0,1.0,0.0,0.0,0.0,1.0,1.0,0.0,0.0,0.0,0.0,0.0,1.0
train,DAPP::DAppSCAN-source/contracts/Chainsecurity-Angle Protocol/angle-core-46e6d32837cbe97a4af0adb693e63afa0d01fc3e::CollateralSettlerERC20,CollateralSettlerERC20,DAppSCAN-source/contracts/Chainsecurity-Angle Protocol/angle-core-46e6d32837cbe97a4af0adb693e63afa0d01fc3e/contracts/collateralSettler/CollateralSettlerERC20.sol,recoverERC20,i:recoverERC20,0.9406413996977702,protected reentrancy-like pattern,external call plus guard/modifier/state-update signal,1.0,0.0,0.0,1.0,0.0,1.0,1.0,1.0,1.0,0.0,0.0,0.0,1.0,1.0,1.0
train,DAPP::DAppSCAN-source/contracts/openzeppelin-Optimism/contracts-18e128343731b9bde23812ce932e24d81440b6b7::OVM_BondManager,OVM_BondManager,DAppSCAN-source/contracts/openzeppelin-Optimism/contracts-18e128343731b9bde23812ce932e24d81440b6b7/contracts/optimistic-ethereum/OVM/verification/OVM_BondManager.sol,deposit,i:deposit,0.9386733816600221,protected reentrancy-like pattern,external call plus guard/modifier/state-update signal,0.0,0.0,0.0,1.0,0.0,0.0,1.0,0.0,0.0,0.0,0.0,0.0,0.0,0.0,1.0
train,DAPP::DAppSCAN-source/contracts/PeckShield-BabySwap/code::SousChef,SousChef,DAppSCAN-source/contracts/PeckShield-BabySwap/code/baby-swap-contract-cac289bf978d969c95721c2adb9f199cee72ffa6/contracts/farm/SousChef.sol,deposit,i:deposit,0.9383174436958364,protected reentrancy-like pattern,external call plus guard/modifier/state-update signal,0.0,0.0,0.0,1.0,0.0,0.0,1.0,0.0,1.0,0.0,0.0,0.0,0.0,0.0,0.0
train,DAPP::DAppSCAN-source/contracts/Trail_of_Bits-88mph/88mph-contracts-76cd9d1fc45e65f5d0f686621fe6af85c40aa140::ZeroCouponBond,ZeroCouponBond,DAppSCAN-source/contracts/Trail_of_Bits-88mph/88mph-contracts-76cd9d1fc45e65f5d0f686621fe6af85c40aa140/contracts/zero-coupon-bond/ZeroCouponBond.sol,initialize,i:initialize,0.9373055684266527,protected reentrancy-like pattern,external call plus guard/modifier/state-update signal,1.0,0.0,0.0,0.0,1.0,0.0,1.0,0.0,1.0,0.0,0.0,0.0,0.0,1.0,0.0
train,DAPP::DAppSCAN-source/contracts/consensys-Skyweaver/Skyweaver-contracts-bde0c184db6168bf86656a48b12d5747950b54d9::SilverCardsFactory,SilverCardsFactory,DAppSCAN-source/contracts/consensys-Skyweaver/Skyweaver-contracts-bde0c184db6168bf86656a48b12d5747950b54d9/contracts/shop/SilverCardsFactory.sol,withdraw,i:withdraw,0.9360056382861929,protected reentrancy-like pattern,external call plus guard/modifier/state-update signal,0.0,0.0,0.0,1.0,0.0,1.0,0.0,0.0,1.0,0.0,0.0,0.0,0.0,1.0,0.0
train,DAPP::DAppSCAN-source/contracts/consensys-Gamma/hypervisor-41fd4abf79864478523e87924d4e80d80df04879::HypervisorFactory,HypervisorFactory,DAppSCAN-source/contracts/consensys-Gamma/hypervisor-41fd4abf79864478523e87924d4e80d80df04879/contracts/HypervisorFactory.sol,createHypervisor,i:createHypervisor,0.9357564113673196,protected reentrancy-like pattern,external call plus guard/modifier/state-update signal,0.0,0.0,0.0,1.0,0.0,1.0,1.0,0.0,0.0,0.0,0.0,0.0,0.0,1.0,0.0
train,DAPP::DAppSCAN-source/contracts/openzeppelin-Solo_Margin_Protocol/solo-17df84db351d5438e1b7437572722b4f52c8b2b4::TestAutoTrader,TestAutoTrader,DAppSCAN-source/contracts/openzeppelin-Solo_Margin_Protocol/solo-17df84db351d5438e1b7437572722b4f52c8b2b4/contracts/testing/TestAutoTrader.sol,deleteDataInternal,i:deleteDataInternal,0.9344851789146141,other recurring pattern,no stronger taxonomy signal,0.0,1.0,0.0,0.0,0.0,0.0,0.0,0.0,0.0,0.0,0.0,0.0,0.0,0.0,0.0
train,DAPP::DAppSCAN-source/contracts/openzeppelin-Optimism/contracts-18e128343731b9bde23812ce932e24d81440b6b7::OVM_StateTransitioner,OVM_StateTransitioner,DAppSCAN-source/contracts/openzeppelin-Optimism/contracts-18e128343731b9bde23812ce932e24d81440b6b7/contracts/optimistic-ethereum/OVM/verification/OVM_StateTransitioner.sol,applyTransaction,i:applyTransaction,0.9340414227948417,protected reentrancy-like pattern,external call plus guard/modifier/state-update signal,0.0,1.0,0.0,1.0,0.0,0.0,1.0,0.0,0.0,0.0,0.0,0.0,0.0,0.0,1.0
train,DAPP::DAppSCAN-source/contracts/Inspex-SpookySwap Integration & Fantom Expansion/bsc-alpaca-contract-4553a34a6dcfcfbf7aebc693bb5c5c6074c73129::Vault,Vault,DAppSCAN-source/contracts/Inspex-SpookySwap Integration & Fantom Expansion/bsc-alpaca-contract-4553a34a6dcfcfbf7aebc693bb5c5c6074c73129/contracts/6/protocol/Vault.sol,work,i:work,0.9339819094232309,protected reentrancy-like pattern,external call plus guard/modifier/state-update signal,1.0,1.0,0.0,1.0,1.0,1.0,1.0,0.0,1.0,0.0,0.0,0.0,1.0,1.0,1.0
train,DAPP::DAppSCAN-source/contracts/PeckShield-Rikkei/rifi-protocol-b33243fb3a218cc195f0727fe1499cb57f5ea0b2::RIFIChainBridge,RIFIChainBridge,DAppSCAN-source/contracts/PeckShield-Rikkei/rifi-protocol-b33243fb3a218cc195f0727fe1499cb57f5ea0b2/tests/Contracts/RIFIChainBridge.sol,_lockRifi,i:_lockRifi,0.9335767508893414,safe ERC20 wrapper,SafeERC20-style method detected,0.0,0.0,0.0,0.0,0.0,0.0,1.0,0.0,1.0,0.0,0.0,0.0,0.0,0.0,0.0
train,DAPP::DAppSCAN-source/contracts/Trail_of_Bits-88mph/88mph-contracts-76cd9d1fc45e65f5d0f686621fe6af85c40aa140::DInterestWithDepositFee,DInterestWithDepositFee,DAppSCAN-source/contracts/Trail_of_Bits-88mph/88mph-contracts-76cd9d1fc45e65f5d0f686621fe6af85c40aa140/contracts/DInterestWithDepositFee.sol,setInterestOracle,i:setInterestOracle,0.9335063266495799,protected reentrancy-like pattern,external call plus guard/modifier/state-update signal,1.0,0.0,0.0,1.0,0.0,1.0,1.0,0.0,0.0,0.0,0.0,0.0,1.0,1.0,1.0
train,DAPP::DAppSCAN-source/contracts/Trail_of_Bits-88mph/88mph-contracts-76cd9d1fc45e65f5d0f686621fe6af85c40aa140::DInterest,DInterest,DAppSCAN-source/contracts/Trail_of_Bits-88mph/88mph-contracts-76cd9d1fc45e65f5d0f686621fe6af85c40aa140/contracts/DInterest.sol,setInterestOracle,i:setInterestOracle,0.9335063266495799,protected reentrancy-like pattern,external call plus guard/modifier/state-update signal,1.0,0.0,0.0,1.0,0.0,1.0,1.0,0.0,0.0,0.0,0.0,0.0,1.0,1.0,1.0
train,"DAPP::DAppSCAN-source/contracts/Inspex-Tokens, Farm & Shop/-SpeedStar-Audit-3e39d7acf9c1aa9f3a5511c161c2035ba7d6bc1f::SwapHorse",SwapHorse,"DAppSCAN-source/contracts/Inspex-Tokens, Farm & Shop/-SpeedStar-Audit-3e39d7acf9c1aa9f3a5511c161c2035ba7d6bc1f/contracts/SwapHorse.sol",swapHorses,i:swapHorses,0.933470666544321,protected reentrancy-like pattern,external call plus guard/modifier/state-update signal,0.0,0.0,0.0,1.0,0.0,1.0,0.0,0.0,0.0,0.0,0.0,0.0,0.0,1.0,1.0
train,DAPP::DAppSCAN-source/contracts/QuillAudits-AAVE-ParaSwap Adapter/aave-protocol-v2-14e2ab47d95f42ec5ee486f367067e78a7588878::UniswapLiquiditySwapAdapter,UniswapLiquiditySwapAdapter,DAppSCAN-source/contracts/QuillAudits-AAVE-ParaSwap Adapter/aave-protocol-v2-14e2ab47d95f42ec5ee486f367067e78a7588878/contracts/adapters/UniswapLiquiditySwapAdapter.sol,swapAndDeposit,i:swapAndDeposit,0.9315945044511336,protected reentrancy-like pattern,external call plus guard/modifier/state-update signal,0.0,0.0,0.0,1.0,0.0,0.0,0.0,1.0,1.0,0.0,0.0,0.0,0.0,0.0,0.0
train,DAPP::DAppSCAN-source/contracts/QuillAudits-BCUBE Smart Contract/b-cube-ico-13f9f8a991a65f3e0ca60a2078121fdd5a921fb0::Treasury,Treasury,DAppSCAN-source/contracts/QuillAudits-BCUBE Smart Contract/b-cube-ico-13f9f8a991a65f3e0ca60a2078121fdd5a921fb0/contracts/Treasury.sol,devFundShareWithdraw,i:devFundShareWithdraw,0.9311685921060757,protected reentrancy-like pattern,external call plus guard/modifier/state-update signal,1.0,0.0,0.0,1.0,0.0,0.0,1.0,0.0,1.0,0.0,0.0,0.0,1.0,0.0,0.0
train,DAPP::DAppSCAN-source/contracts/openzeppelin-Solo_Margin_Protocol/solo-17df84db351d5438e1b7437572722b4f52c8b2b4::Expiry,Expiry,DAppSCAN-source/contracts/openzeppelin-Solo_Margin_Protocol/solo-17df84db351d5438e1b7437572722b4f52c8b2b4/contracts/external/traders/Expiry.sol,getTradeCost,i:getTradeCost,0.9292041587745314,trusted/fixed callee,callee receiver appears fixed/trusted,0.0,0.0,0.0,0.0,0.0,0.0,1.0,1.0,0.0,0.0,0.0,0.0,0.0,0.0,1.0
train,DAPP::DAppSCAN-source/contracts/PeckShield-AirSwap/airswap-protocols-b87d292aaf6e28ede564b7ea28ece39219994607::Delegate,Delegate,DAppSCAN-source/contracts/PeckShield-AirSwap/airswap-protocols-b87d292aaf6e28ede564b7ea28ece39219994607/source/delegate/contracts/Delegate.sol,setRuleAndIntent,i:setRuleAndIntent,0.9284123659822094,protected reentrancy-like pattern,external call plus guard/modifier/state-update signal,0.0,0.0,0.0,1.0,0.0,1.0,0.0,1.0,0.0,0.0,0.0,0.0,0.0,1.0,1.0
train,DAPP::DAppSCAN-source/contracts/PeckShield-DSG/core-6f607f77698936e132e4e9b5cb4d75580636d919::SwapRouter,SwapRouter,DAppSCAN-source/contracts/PeckShield-DSG/core-6f607f77698936e132e4e9b5cb4d75580636d919/contracts/swap/SwapRouter.sol,externalSwap,i:externalSwap,0.9275690585347921,protected reentrancy-like pattern,external call plus guard/modifier/state-update signal,0.0,0.0,1.0,1.0,0.0,0.0,1.0,0.0,1.0,0.0,0.0,0.0,0.0,0.0,1.0
train,DAPP::DAppSCAN-source/contracts/openzeppelin-Optimism/contracts-18e128343731b9bde23812ce932e24d81440b6b7::mockOVM_CrossDomainMessenger,mockOVM_CrossDomainMessenger,DAppSCAN-source/contracts/openzeppelin-Optimism/contracts-18e128343731b9bde23812ce932e24d81440b6b7/contracts/optimistic-ethereum/mockOVM/bridge/mockOVM_CrossDomainMessenger.sol,relayNextMessage,i:relayNextMessage,0.9273997896162911,protected reentrancy-like pattern,external call plus guard/modifier/state-update signal,1.0,1.0,1.0,1.0,0.0,0.0,0.0,0.0,0.0,0.0,0.0,0.0,0.0,0.0,1.0
train,DAPP::DAppSCAN-source/contracts/consensys-Fei_Protocol_v2_Phase_1/fei-protocol-core-5e3e2ab889f06831f4fe2e8460066ded40ccf0a8::Core,Core,DAppSCAN-source/contracts/consensys-Fei_Protocol_v2_Phase_1/fei-protocol-core-5e3e2ab889f06831f4fe2e8460066ded40ccf0a8/contracts/core/Core.sol,allocateTribe,i:allocateTribe,0.9266103449266271,protected reentrancy-like pattern,external call plus guard/modifier/state-update signal,0.0,0.0,0.0,1.0,0.0,1.0,0.0,0.0,0.0,0.0,0.0,0.0,0.0,1.0,1.0
train,DAPP::DAppSCAN-source/contracts/openzeppelin-Solo_Margin_Protocol/solo-17df84db351d5438e1b7437572722b4f52c8b2b4::TestCallee,TestCallee,DAppSCAN-source/contracts/openzeppelin-Solo_Margin_Protocol/solo-17df84db351d5438e1b7437572722b4f52c8b2b4/contracts/testing/TestCallee.sol,parseData,i:parseData,0.9266061455648464,possible mislabeled negative,high score without detected safety signal,0.0,0.0,0.0,0.0,0.0,0.0,0.0,0.0,0.0,0.0,0.0,0.0,0.0,0.0,0.0
train,DAPP::DAppSCAN-source/contracts/Hacken-Hyksos/hyksos-contracts-audit::HyksosBase,HyksosBase,DAppSCAN-source/contracts/Hacken-Hyksos/hyksos-contracts-audit/HyksosBase.sol,payRewardAccordingToStrategy,i:payRewardAccordingToStrategy,0.9259682225692115,other recurring pattern,no stronger taxonomy signal,0.0,1.0,0.0,0.0,0.0,0.0,1.0,0.0,0.0,0.0,0.0,0.0,0.0,0.0,0.0
train,DAPP::DAppSCAN-source/contracts/Trail_of_Bits-FraxQ42021/frax-solidity-bd40775e283923aa9e32a107abd426430a99835e::CommunalFarm,CommunalFarm,DAppSCAN-source/contracts/Trail_of_Bits-FraxQ42021/frax-solidity-bd40775e283923aa9e32a107abd426430a99835e/src/hardhat/contracts/Staking/CommunalFarm.sol,_stakeLocked,i:_stakeLocked,0.9257640581674426,protected reentrancy-like pattern,external call plus guard/modifier/state-update signal,0.0,1.0,0.0,1.0,0.0,0.0,0.0,0.0,1.0,0.0,0.0,0.0,0.0,0.0,1.0
train,DAPP::DAppSCAN-source/contracts/Trail_of_Bits-FraxQ42021/frax-solidity-bd40775e283923aa9e32a107abd426430a99835e::CommunalFarm_SaddleD4,CommunalFarm_SaddleD4,DAppSCAN-source/contracts/Trail_of_Bits-FraxQ42021/frax-solidity-bd40775e283923aa9e32a107abd426430a99835e/src/hardhat/contracts/Staking/Variants/CommunalFarm_SaddleD4.sol,_stakeLocked,i:_stakeLocked,0.9257640581674426,protected reentrancy-like pattern,external call plus guard/modifier/state-update signal,0.0,1.0,0.0,1.0,0.0,0.0,0.0,0.0,1.0,0.0,0.0,0.0,0.0,0.0,1.0
train,DAPP::DAppSCAN-source/contracts/Inspex-Optimized Worker/bsc-alpaca-contract-1aee2ceec77e3fd3162b74858c846cdc5692928d::MasterChef,MasterChef,DAppSCAN-source/contracts/Inspex-Optimized Worker/bsc-alpaca-contract-1aee2ceec77e3fd3162b74858c846cdc5692928d/contracts/6/protocol/apis/sushi/MasterChef.sol,migrate,i:migrate,0.9250295599511811,protected reentrancy-like pattern,external call plus guard/modifier/state-update signal,0.0,0.0,0.0,1.0,0.0,0.0,1.0,0.0,1.0,0.0,0.0,0.0,0.0,1.0,0.0
train,DAPP::DAppSCAN-source/contracts/Inspex-SpookySwap Integration & Fantom Expansion/bsc-alpaca-contract-4553a34a6dcfcfbf7aebc693bb5c5c6074c73129::MasterChef,MasterChef,DAppSCAN-source/contracts/Inspex-SpookySwap Integration & Fantom Expansion/bsc-alpaca-contract-4553a34a6dcfcfbf7aebc693bb5c5c6074c73129/contracts/6/protocol/apis/sushi/MasterChef.sol,migrate,i:migrate,0.9250294607453313,protected reentrancy-like pattern,external call plus guard/modifier/state-update signal,0.0,0.0,0.0,1.0,0.0,0.0,1.0,0.0,1.0,0.0,0.0,0.0,0.0,1.0,0.0
train,DAPP::DAppSCAN-source/contracts/Iosiro-Synthetix Phase 2 Smart Contract Audit/synthetix-fdd4782ebebd7b4892c8a68000f76708d5d1aa7b::FeePool,FeePool,DAppSCAN-source/contracts/Iosiro-Synthetix Phase 2 Smart Contract Audit/synthetix-fdd4782ebebd7b4892c8a68000f76708d5d1aa7b/FeePool.sol,closeCurrentFeePeriod,i:closeCurrentFeePeriod,0.9250064417274092,protected reentrancy-like pattern,external call plus guard/modifier/state-update signal,0.0,0.0,0.0,1.0,0.0,0.0,0.0,0.0,0.0,0.0,0.0,0.0,0.0,0.0,1.0
train,DAPP::DAppSCAN-source/contracts/Runtime_Vеrification-Element_Finance_Governance_Security_Audit_Report/council-3d751c959b42573c78ccd0bccbc80424bf6d9a90::TestVestingVault,TestVestingVault,DAppSCAN-source/contracts/Runtime_Vеrification-Element_Finance_Governance_Security_Audit_Report/council-3d751c959b42573c78ccd0bccbc80424bf6d9a90/contracts/test/TestVestingVault.sol,withdraw,i:withdraw,0.9247318970265701,protected reentrancy-like pattern,external call plus guard/modifier/state-update signal,0.0,0.0,0.0,1.0,0.0,0.0,1.0,0.0,0.0,0.0,0.0,0.0,0.0,0.0,1.0
train,DAPP::DAppSCAN-source/contracts/Runtime_Vеrification-Element_Finance_Governance_Security_Audit_Report/council-3d751c959b42573c78ccd0bccbc80424bf6d9a90::VestingVault,VestingVault,DAppSCAN-source/contracts/Runtime_Vеrification-Element_Finance_Governance_Security_Audit_Report/council-3d751c959b42573c78ccd0bccbc80424bf6d9a90/contracts/vaults/VestingVault.sol,withdraw,i:withdraw,0.9247318638373545,protected reentrancy-like pattern,external call plus guard/modifier/state-update signal,0.0,0.0,0.0,1.0,0.0,0.0,1.0,0.0,0.0,0.0,0.0,0.0,0.0,0.0,1.0
train,DAPP::DAppSCAN-source/contracts/Inspex-SpookySwap Integration & Fantom Expansion/bsc-alpaca-contract-4553a34a6dcfcfbf7aebc693bb5c5c6074c73129::SpookyMasterChef,SpookyMasterChef,DAppSCAN-source/contracts/Inspex-SpookySwap Integration & Fantom Expansion/bsc-alpaca-contract-4553a34a6dcfcfbf7aebc693bb5c5c6074c73129/contracts/6/protocol/apis/spooky/SpookyMasterChef.sol,add,i:add,0.9242479026235347,protected reentrancy-like pattern,external call plus guard/modifier/state-update signal,1.0,0.0,0.0,1.0,0.0,1.0,0.0,0.0,0.0,0.0,0.0,0.0,0.0,1.0,0.0
train,DAPP::DAppSCAN-source/contracts/Runtime_Vеrification-stakefish_ethereum_staking_audit_report/eth2-validation-services-contract-d91928f3a270f6115831fe3a21a69eb98bf57b26::StakefishServicesContractFactory,StakefishServicesContractFactory,DAppSCAN-source/contracts/Runtime_Vеrification-stakefish_ethereum_staking_audit_report/eth2-validation-services-contract-d91928f3a270f6115831fe3a21a69eb98bf57b26/contracts/StakefishServicesContractFactory.sol,createContract,i:createContract,0.9240460600184269,protected reentrancy-like pattern,external call plus guard/modifier/state-update signal,0.0,0.0,0.0,1.0,0.0,0.0,0.0,0.0,0.0,0.0,0.0,0.0,0.0,0.0,1.0
train,DAPP::DAppSCAN-source/contracts/Runtime_Vеrification-Element_Finance_Governance_Security_Audit_Report/council-3d751c959b42573c78ccd0bccbc80424bf6d9a90::OptimisticRewards,OptimisticRewards,DAppSCAN-source/contracts/Runtime_Vеrification-Element_Finance_Governance_Security_Audit_Report/council-3d751c959b42573c78ccd0bccbc80424bf6d9a90/contracts/vaults/OptimisticRewards.sol,claim,i:claim,0.9238909804233402,other recurring pattern,no stronger taxonomy signal,0.0,0.0,0.0,0.0,0.0,0.0,1.0,0.0,0.0,0.0,0.0,0.0,0.0,0.0,0.0
train,DAPP::DAppSCAN-source/contracts/Runtime_Vеrification-Element_Finance_Governance_Security_Audit_Report/council-3d751c959b42573c78ccd0bccbc80424bf6d9a90::MerkleRewards,MerkleRewards,DAppSCAN-source/contracts/Runtime_Vеrification-Element_Finance_Governance_Security_Audit_Report/council-3d751c959b42573c78ccd0bccbc80424bf6d9a90/contracts/libraries/MerkleRewards.sol,claim,i:claim,0.9238909636585936,other recurring pattern,no stronger taxonomy signal,0.0,0.0,0.0,0.0,0.0,0.0,1.0,0.0,0.0,0.0,0.0,0.0,0.0,0.0,0.0
train,DAPP::DAppSCAN-source/contracts/Chainsecurity-Angle Protocol/angle-core-46e6d32837cbe97a4af0adb693e63afa0d01fc3e::Strategy,Strategy,DAppSCAN-source/contracts/Chainsecurity-Angle Protocol/angle-core-46e6d32837cbe97a4af0adb693e63afa0d01fc3e/contracts/strategies/Strategy.sol,sweep,i:sweep,0.9238609325590427,protected reentrancy-like pattern,external call plus guard/modifier/state-update signal,0.0,0.0,0.0,1.0,0.0,1.0,0.0,1.0,1.0,0.0,0.0,0.0,0.0,1.0,1.0
train,DAPP::DAppSCAN-source/contracts/Inspex-SpookySwap Integration & Fantom Expansion/bsc-alpaca-contract-4553a34a6dcfcfbf7aebc693bb5c5c6074c73129::Actions,Actions,DAppSCAN-source/contracts/Inspex-SpookySwap Integration & Fantom Expansion/bsc-alpaca-contract-4553a34a6dcfcfbf7aebc693bb5c5c6074c73129/contracts/6/protocol/actions/Actions.sol,_doWork,i:_doWork,0.9226940994184194,protected reentrancy-like pattern,external call plus guard/modifier/state-update signal,0.0,0.0,0.0,1.0,0.0,1.0,0.0,0.0,0.0,0.0,0.0,0.0,0.0,1.0,1.0
train,DAPP::DAppSCAN-source/contracts/Trail_of_Bits-FraxQ42021/frax-solidity-bd40775e283923aa9e32a107abd426430a99835e::veFXSYieldDistributorV4,veFXSYieldDistributorV4,DAppSCAN-source/contracts/Trail_of_Bits-FraxQ42021/frax-solidity-bd40775e283923aa9e32a107abd426430a99835e/src/hardhat/contracts/Staking/veFXSYieldDistributorV4.sol,notifyRewardAmount,i:notifyRewardAmount,0.9226517940853814,protected reentrancy-like pattern,external call plus guard/modifier/state-update signal,0.0,1.0,0.0,1.0,0.0,0.0,1.0,0.0,1.0,0.0,0.0,0.0,0.0,1.0,1.0
train,DAPP::DAppSCAN-source/contracts/Chainsecurity-Angle Protocol  Borrowing Module/angle-borrow-0363b6a137a44e22ee06b3187ba74f7798c1af08::Treasury,Treasury,DAppSCAN-source/contracts/Chainsecurity-Angle Protocol  Borrowing Module/angle-borrow-0363b6a137a44e22ee06b3187ba74f7798c1af08/contracts/treasury/Treasury.sol,removeVaultManager,i:removeVaultManager,0.9225529821103674,protected reentrancy-like pattern,external call plus guard/modifier/state-update signal,1.0,0.0,0.0,1.0,0.0,1.0,0.0,0.0,0.0,0.0,0.0,0.0,0.0,1.0,1.0
train,DAPP::DAppSCAN-source/contracts/Chainsecurity-Angle Protocol  Borrowing Module/angle-borrow-0363b6a137a44e22ee06b3187ba74f7798c1af08::AgTokenSideChainMultiBridge,AgTokenSideChainMultiBridge,DAppSCAN-source/contracts/Chainsecurity-Angle Protocol  Borrowing Module/angle-borrow-0363b6a137a44e22ee06b3187ba74f7798c1af08/contracts/agToken/AgTokenSideChainMultiBridge.sol,swapIn,i:swapIn,0.9213816453664276,protected reentrancy-like pattern,external call plus guard/modifier/state-update signal,0.0,0.0,0.0,1.0,0.0,0.0,0.0,1.0,1.0,0.0,0.0,0.0,0.0,1.0,0.0
train,DAPP::DAppSCAN-source/contracts/Trail_of_Bits-88mph/88mph-contracts-76cd9d1fc45e65f5d0f686621fe6af85c40aa140::Vesting02,Vesting02,DAppSCAN-source/contracts/Trail_of_Bits-88mph/88mph-contracts-76cd9d1fc45e65f5d0f686621fe6af85c40aa140/contracts/rewards/Vesting02.sol,updateVestForDeposit,i:updateVestForDeposit,0.9213520732736409,protected reentrancy-like pattern,external call plus guard/modifier/state-update signal,0.0,0.0,0.0,1.0,0.0,0.0,1.0,0.0,0.0,0.0,0.0,0.0,0.0,1.0,0.0
train,DAPP::DAppSCAN-source/contracts/Chainsecurity-Angle Protocol  Borrowing Module/angle-borrow-0363b6a137a44e22ee06b3187ba74f7798c1af08::TokenPolygonUpgradeable,TokenPolygonUpgradeable,DAppSCAN-source/contracts/Chainsecurity-Angle Protocol  Borrowing Module/angle-borrow-0363b6a137a44e22ee06b3187ba74f7798c1af08/contracts/agToken/polygon/TokenPolygonUpgradeable.sol,setUpTreasury,i:setUpTreasury,0.920918382827758,protected reentrancy-like pattern,external call plus guard/modifier/state-update signal,0.0,1.0,0.0,1.0,0.0,0.0,0.0,1.0,0.0,0.0,0.0,0.0,0.0,1.0,0.0
train,DAPP::DAppSCAN-source/contracts/Trail_of_Bits-88mph/88mph-contracts-76cd9d1fc45e65f5d0f686621fe6af85c40aa140::FundingMultitoken,FundingMultitoken,DAppSCAN-source/contracts/Trail_of_Bits-88mph/88mph-contracts-76cd9d1fc45e65f5d0f686621fe6af85c40aa140/contracts/tokens/FundingMultitoken.sol,_distributeDividends,i:_distributeDividends,0.9206253130038203,protected reentrancy-like pattern,external call plus guard/modifier/state-update signal,0.0,0.0,0.0,1.0,0.0,0.0,0.0,1.0,1.0,0.0,0.0,0.0,0.0,0.0,0.0
train,DAPP::DAppSCAN-source/contracts/Inspex-SpookySwap Integration & Fantom Expansion/bsc-alpaca-contract-4553a34a6dcfcfbf7aebc693bb5c5c6074c73129::Vault2,Vault2,DAppSCAN-source/contracts/Inspex-SpookySwap Integration & Fantom Expansion/bsc-alpaca-contract-4553a34a6dcfcfbf7aebc693bb5c5c6074c73129/contracts/6/protocol/Vault2.sol,work,i:work,0.9204580201866551,protected reentrancy-like pattern,external call plus guard/modifier/state-update signal,1.0,1.0,0.0,1.0,1.0,1.0,1.0,0.0,1.0,0.0,0.0,0.0,1.0,1.0,1.0
train,DAPP::DAppSCAN-source/contracts/consensys-Fei_Protocol_v2_Phase_1/fei-protocol-core-5e3e2ab889f06831f4fe2e8460066ded40ccf0a8::TribalChief,TribalChief,DAppSCAN-source/contracts/consensys-Fei_Protocol_v2_Phase_1/fei-protocol-core-5e3e2ab889f06831f4fe2e8460066ded40ccf0a8/contracts/staking/TribalChief.sol,emergencyWithdraw,i:emergencyWithdraw,0.9198606149578916,protected reentrancy-like pattern,external call plus guard/modifier/state-update signal,1.0,0.0,0.0,1.0,1.0,0.0,1.0,0.0,1.0,0.0,0.0,0.0,1.0,1.0,1.0
train,DAPP::DAppSCAN-source/contracts/Inspex-Optimized Worker/bsc-alpaca-contract-1aee2ceec77e3fd3162b74858c846cdc5692928d::FairLaunchV2,FairLaunchV2,DAppSCAN-source/contracts/Inspex-Optimized Worker/bsc-alpaca-contract-1aee2ceec77e3fd3162b74858c846cdc5692928d/contracts/6/token/FairLaunchV2.sol,init,i:init,0.9195137114070124,external call after state update,state assignment detected before external call,1.0,0.0,0.0,0.0,0.0,1.0,1.0,1.0,1.0,0.0,0.0,0.0,1.0,1.0,1.0
train,DAPP::DAppSCAN-source/contracts/Inspex-SpookySwap Integration & Fantom Expansion/bsc-alpaca-contract-4553a34a6dcfcfbf7aebc693bb5c5c6074c73129::FairLaunchV2,FairLaunchV2,DAppSCAN-source/contracts/Inspex-SpookySwap Integration & Fantom Expansion/bsc-alpaca-contract-4553a34a6dcfcfbf7aebc693bb5c5c6074c73129/contracts/6/token/FairLaunchV2.sol,init,i:init,0.919513552602402,external call after state update,state assignment detected before external call,1.0,0.0,0.0,0.0,0.0,1.0,1.0,1.0,1.0,0.0,0.0,0.0,1.0,1.0,1.0
train,DAPP::DAppSCAN-source/contracts/Trail_of_Bits-FraxFinance/frax-solidity-3f0993a70e3496fd27887db7754d68709c84015e::FraxPoolvAMM,FraxPoolvAMM,DAppSCAN-source/contracts/Trail_of_Bits-FraxFinance/frax-solidity-3f0993a70e3496fd27887db7754d68709c84015e/contracts/Frax/Pools/FraxPoolvAMM.sol,collectRedemption,i:collectRedemption,0.9191688570059385,protected reentrancy-like pattern,external call plus guard/modifier/state-update signal,1.0,0.0,0.0,1.0,0.0,0.0,1.0,1.0,0.0,0.0,0.0,0.0,1.0,1.0,1.0
train,DAPP::DAppSCAN-source/contracts/Trail_of_Bits-FraxQ42021/frax-solidity-bd40775e283923aa9e32a107abd426430a99835e::FraxPoolvAMM,FraxPoolvAMM,DAppSCAN-source/contracts/Trail_of_Bits-FraxQ42021/frax-solidity-bd40775e283923aa9e32a107abd426430a99835e/src/hardhat/contracts/Frax/Pools/FraxPoolvAMM.sol,collectRedemption,i:collectRedemption,0.9191624974887316,protected reentrancy-like pattern,external call plus guard/modifier/state-update signal,1.0,0.0,0.0,1.0,0.0,0.0,1.0,1.0,0.0,0.0,0.0,0.0,1.0,1.0,1.0
train,DAPP::DAppSCAN-source/contracts/Trail_of_Bits-FraxFinance/frax-solidity-3f0993a70e3496fd27887db7754d68709c84015e::PoolvAMM_USDC,PoolvAMM_USDC,DAppSCAN-source/contracts/Trail_of_Bits-FraxFinance/frax-solidity-3f0993a70e3496fd27887db7754d68709c84015e/contracts/Frax/Pools/PoolvAMM_USDC.sol,collectRedemption,i:collectRedemption,0.9191621254694194,protected reentrancy-like pattern,external call plus guard/modifier/state-update signal,1.0,0.0,0.0,1.0,0.0,0.0,1.0,1.0,0.0,0.0,0.0,0.0,1.0,1.0,1.0
train,DAPP::DAppSCAN-source/contracts/Trail_of_Bits-FraxQ42021/frax-solidity-bd40775e283923aa9e32a107abd426430a99835e::PoolvAMM_USDC,PoolvAMM_USDC,DAppSCAN-source/contracts/Trail_of_Bits-FraxQ42021/frax-solidity-bd40775e283923aa9e32a107abd426430a99835e/src/hardhat/contracts/Frax/Pools/PoolvAMM_USDC.sol,collectRedemption,i:collectRedemption,0.9191621254694194,protected reentrancy-like pattern,external call plus guard/modifier/state-update signal,1.0,0.0,0.0,1.0,0.0,0.0,1.0,1.0,0.0,0.0,0.0,0.0,1.0,1.0,1.0
train,DAPP::DAppSCAN-source/contracts/Chainsecurity-Angle Protocol/angle-core-46e6d32837cbe97a4af0adb693e63afa0d01fc3e::StableMaster,StableMaster,DAppSCAN-source/contracts/Chainsecurity-Angle Protocol/angle-core-46e6d32837cbe97a4af0adb693e63afa0d01fc3e/contracts/stableMaster/StableMaster.sol,revokeCollateral,i:revokeCollateral,0.9190003973882763,protected reentrancy-like pattern,external call plus guard/modifier/state-update signal,0.0,0.0,0.0,1.0,0.0,1.0,1.0,0.0,1.0,0.0,0.0,0.0,1.0,1.0,1.0
train,DAPP::DAppSCAN-source/contracts/Trail_of_Bits-FraxQ42021/frax-solidity-bd40775e283923aa9e32a107abd426430a99835e::FraxPoolV3,FraxPoolV3,DAppSCAN-source/contracts/Trail_of_Bits-FraxQ42021/frax-solidity-bd40775e283923aa9e32a107abd426430a99835e/src/hardhat/contracts/Frax/Pools/FraxPoolV3.sol,mintFrax,i:mintFrax,0.9180570246128062,protected reentrancy-like pattern,external call plus guard/modifier/state-update signal,0.0,0.0,0.0,1.0,0.0,0.0,1.0,1.0,1.0,0.0,0.0,0.0,0.0,0.0,1.0
train,DAPP::DAppSCAN-source/contracts/QuillAudits-AAVE-ParaSwap Adapter/aave-protocol-v2-14e2ab47d95f42ec5ee486f367067e78a7588878::ParaSwapLiquiditySwapAdapter,ParaSwapLiquiditySwapAdapter,DAppSCAN-source/contracts/QuillAudits-AAVE-ParaSwap Adapter/aave-protocol-v2-14e2ab47d95f42ec5ee486f367067e78a7588878/contracts/adapters/ParaSwapLiquiditySwapAdapter.sol,_sellOnParaSwap,i:_sellOnParaSwap,0.9162286920749594,protected reentrancy-like pattern,external call plus guard/modifier/state-update signal,0.0,0.0,1.0,1.0,0.0,0.0,1.0,1.0,1.0,0.0,0.0,0.0,0.0,0.0,0.0
train,DAPP::DAppSCAN-source/contracts/openzeppelin-Solo_Margin_Protocol/solo-17df84db351d5438e1b7437572722b4f52c8b2b4::Exchange,Exchange,DAppSCAN-source/contracts/openzeppelin-Solo_Margin_Protocol/solo-17df84db351d5438e1b7437572722b4f52c8b2b4/contracts/protocol/lib/Exchange.sol,transferOut,i:transferOut,0.9145788807739753,other recurring pattern,no stronger taxonomy signal,0.0,0.0,0.0,0.0,0.0,0.0,1.0,0.0,0.0,0.0,0.0,0.0,0.0,0.0,0.0
train,DAPP::DAppSCAN-source/contracts/openzeppelin-Solo_Margin_Protocol/solo-17df84db351d5438e1b7437572722b4f52c8b2b4::Storage,Storage,DAppSCAN-source/contracts/openzeppelin-Solo_Margin_Protocol/solo-17df84db351d5438e1b7437572722b4f52c8b2b4/contracts/protocol/lib/Storage.sol,fetchPrice,i:fetchPrice,0.9142993893464324,other recurring pattern,no stronger taxonomy signal,0.0,0.0,0.0,0.0,0.0,0.0,1.0,0.0,0.0,0.0,0.0,0.0,0.0,0.0,0.0
train,"DAPP::DAppSCAN-source/contracts/Inspex-FairLaunch, Token, Vault & Workers/Meow-Finance-4a4f13efaf5e5fbed74c0ed23b665751e655d715::MasterChef",MasterChef,"DAppSCAN-source/contracts/Inspex-FairLaunch, Token, Vault & Workers/Meow-Finance-4a4f13efaf5e5fbed74c0ed23b665751e655d715/contracts/protocol/apis/sushi/MasterChef.sol",migrate,i:migrate,0.9134209104949274,protected reentrancy-like pattern,external call plus guard/modifier/state-update signal,0.0,0.0,0.0,1.0,0.0,0.0,1.0,0.0,1.0,0.0,0.0,0.0,0.0,1.0,0.0
train,DAPP::DAppSCAN-source/contracts/PeckShield-BabySwap/code::AutoBabyPool,AutoBabyPool,DAppSCAN-source/contracts/PeckShield-BabySwap/code/baby-swap-contract-cac289bf978d969c95721c2adb9f199cee72ffa6/contracts/farm/AutoBabyPool.sol,deposit,i:deposit,0.9123494687640653,protected reentrancy-like pattern,external call plus guard/modifier/state-update signal,0.0,0.0,0.0,1.0,1.0,0.0,1.0,0.0,1.0,0.0,0.0,0.0,1.0,1.0,0.0
train,DAPP::DAppSCAN-source/contracts/PeckShield-DSG/core-6f607f77698936e132e4e9b5cb4d75580636d919::Erc20EarnNftPool,Erc20EarnNftPool,DAppSCAN-source/contracts/PeckShield-DSG/core-6f607f77698936e132e4e9b5cb4d75580636d919/contracts/pools/Erc20EarnNftPool.sol,stake,i:stake,0.911946152773806,protected reentrancy-like pattern,external call plus guard/modifier/state-update signal,0.0,0.0,0.0,1.0,0.0,1.0,1.0,0.0,0.0,0.0,0.0,0.0,0.0,1.0,1.0
train,DAPP::DAppSCAN-source/contracts/Trail_of_Bits-FraxQ42021/frax-solidity-bd40775e283923aa9e32a107abd426430a99835e::StakingRewardsMultiGauge,StakingRewardsMultiGauge,DAppSCAN-source/contracts/Trail_of_Bits-FraxQ42021/frax-solidity-bd40775e283923aa9e32a107abd426430a99835e/src/hardhat/contracts/Staking/StakingRewardsMultiGauge.sol,_stakeLocked,i:_stakeLocked,0.9117089632239999,protected reentrancy-like pattern,external call plus guard/modifier/state-update signal,0.0,1.0,0.0,1.0,0.0,0.0,0.0,0.0,1.0,0.0,0.0,0.0,0.0,0.0,1.0
train,DAPP::DAppSCAN-source/contracts/Trail_of_Bits-FraxQ42021/frax-solidity-bd40775e283923aa9e32a107abd426430a99835e::StakingRewardsMultiGauge_FXS_WETH,StakingRewardsMultiGauge_FXS_WETH,DAppSCAN-source/contracts/Trail_of_Bits-FraxQ42021/frax-solidity-bd40775e283923aa9e32a107abd426430a99835e/src/hardhat/contracts/Staking/Variants/StakingRewardsMultiGauge_FXS_WETH.sol,_stakeLocked,i:_stakeLocked,0.9117088288821652,protected reentrancy-like pattern,external call plus guard/modifier/state-update signal,0.0,1.0,0.0,1.0,0.0,0.0,0.0,0.0,1.0,0.0,0.0,0.0,0.0,0.0,1.0
train,DAPP::DAppSCAN-source/contracts/Trail_of_Bits-FraxQ42021/frax-solidity-bd40775e283923aa9e32a107abd426430a99835e::StakingRewardsMultiGauge_FRAX_SUSHI,StakingRewardsMultiGauge_FRAX_SUSHI,DAppSCAN-source/contracts/Trail_of_Bits-FraxQ42021/frax-solidity-bd40775e283923aa9e32a107abd426430a99835e/src/hardhat/contracts/Staking/Variants/StakingRewardsMultiGauge_FRAX_SUSHI.sol,_stakeLocked,i:_stakeLocked,0.9117086753484138,protected reentrancy-like pattern,external call plus guard/modifier/state-update signal,0.0,1.0,0.0,1.0,0.0,0.0,0.0,0.0,1.0,0.0,0.0,0.0,0.0,0.0,1.0
train,DAPP::DAppSCAN-source/contracts/Trail_of_Bits-FraxQ42021/frax-solidity-bd40775e283923aa9e32a107abd426430a99835e::StakingRewardsMultiGauge_StakeDAO,StakingRewardsMultiGauge_StakeDAO,DAppSCAN-source/contracts/Trail_of_Bits-FraxQ42021/frax-solidity-bd40775e283923aa9e32a107abd426430a99835e/src/hardhat/contracts/Staking/Variants/StakingRewardsMultiGauge_StakeDAO.sol,_stakeLocked,i:_stakeLocked,0.9117086753484138,protected reentrancy-like pattern,external call plus guard/modifier/state-update signal,0.0,1.0,0.0,1.0,0.0,0.0,0.0,0.0,1.0,0.0,0.0,0.0,0.0,0.0,1.0
train,DAPP::DAppSCAN-source/contracts/Trail_of_Bits-FraxQ42021/frax-solidity-bd40775e283923aa9e32a107abd426430a99835e::StakingRewardsMultiGauge_StakeDAO_FRAX_Put,StakingRewardsMultiGauge_StakeDAO_FRAX_Put,DAppSCAN-source/contracts/Trail_of_Bits-FraxQ42021/frax-solidity-bd40775e283923aa9e32a107abd426430a99835e/src/hardhat/contracts/Staking/Variants/StakingRewardsMultiGauge_StakeDAO_FRAX_Put.sol,_stakeLocked,i:_stakeLocked,0.9117086177731949,protected reentrancy-like pattern,external call plus guard/modifier/state-update signal,0.0,1.0,0.0,1.0,0.0,0.0,0.0,0.0,1.0,0.0,0.0,0.0,0.0,0.0,1.0
train,"DAPP::DAppSCAN-source/contracts/Inspex-StakingPool, Vault, Strategy & VotingEscrow/scientix-contract-main::TransmuterB",TransmuterB,"DAppSCAN-source/contracts/Inspex-StakingPool, Vault, Strategy & VotingEscrow/scientix-contract-main/contracts/TransmuterB.sol",unstake,i:unstake,0.9109881098724358,protected reentrancy-like pattern,external call plus guard/modifier/state-update signal,1.0,0.0,0.0,1.0,0.0,0.0,0.0,0.0,1.0,0.0,0.0,0.0,1.0,0.0,0.0
train,DAPP::DAppSCAN-source/contracts/QuillAudits-AAVE-ParaSwap Adapter/aave-protocol-v2-14e2ab47d95f42ec5ee486f367067e78a7588878::LendingPoolCollateralManager,LendingPoolCollateralManager,DAppSCAN-source/contracts/QuillAudits-AAVE-ParaSwap Adapter/aave-protocol-v2-14e2ab47d95f42ec5ee486f367067e78a7588878/contracts/protocol/lendingpool/LendingPoolCollateralManager.sol,liquidationCall,i:liquidationCall,0.9098262540046538,trusted/fixed callee,callee receiver appears fixed/trusted,0.0,0.0,0.0,0.0,0.0,0.0,1.0,1.0,1.0,0.0,0.0,0.0,0.0,0.0,1.0
train,DAPP::DAppSCAN-source/contracts/Inspex-AutoCompound/auto-compound-v2-92626a1dcfc55a28afdf4f996d600fe8bbfd6efd::PronteraV2,PronteraV2,DAppSCAN-source/contracts/Inspex-AutoCompound/auto-compound-v2-92626a1dcfc55a28afdf4f996d600fe8bbfd6efd/PronteraV2.sol,depositToken,i:depositToken,0.9094649285982394,protected reentrancy-like pattern,external call plus guard/modifier/state-update signal,0.0,0.0,0.0,1.0,1.0,0.0,1.0,0.0,1.0,0.0,0.0,0.0,1.0,1.0,0.0
train,DAPP::DAppSCAN-source/contracts/Trail_of_Bits-Primitive/rmm-core-5dcf4306fc32fb9a4e3c154deb86f6b9d513c344::TestAllocateCallback,TestAllocateCallback,DAppSCAN-source/contracts/Trail_of_Bits-Primitive/rmm-core-5dcf4306fc32fb9a4e3c154deb86f6b9d513c344/contracts/test/callbacks/TestAllocateCallback.sol,allocateCallback,i:allocateCallback,0.9093824248472437,protected reentrancy-like pattern,external call plus guard/modifier/state-update signal,1.0,1.0,0.0,0.0,0.0,0.0,0.0,1.0,0.0,0.0,0.0,0.0,0.0,0.0,0.0
train,DAPP::DAppSCAN-source/contracts/consensys-Fei_Protocol_v2_Phase_1/fei-protocol-core-5e3e2ab889f06831f4fe2e8460066ded40ccf0a8::UniswapPCVDeposit,UniswapPCVDeposit,DAppSCAN-source/contracts/consensys-Fei_Protocol_v2_Phase_1/fei-protocol-core-5e3e2ab889f06831f4fe2e8460066ded40ccf0a8/contracts/pcv/uniswap/UniswapPCVDeposit.sol,withdraw,i:withdraw,0.9067939703457306,protected reentrancy-like pattern,external call plus guard/modifier/state-update signal,0.0,0.0,0.0,1.0,0.0,0.0,1.0,0.0,1.0,0.0,0.0,0.0,0.0,1.0,1.0
train,FORGE::vfp_00116::L2Mailbox,L2Mailbox,L2Mailbox.sol,relayMsg,i:relayMsg,0.9066038348032383,protected reentrancy-like pattern,external call plus guard/modifier/state-update signal,0.0,0.0,1.0,1.0,1.0,0.0,1.0,0.0,0.0,0.0,0.0,0.0,0.0,1.0,1.0
train,DAPP::DAppSCAN-source/contracts/consensys-Fei_Protocol_v2_Phase_1/fei-protocol-core-5e3e2ab889f06831f4fe2e8460066ded40ccf0a8::OtcEscrow,OtcEscrow,DAppSCAN-source/contracts/consensys-Fei_Protocol_v2_Phase_1/fei-protocol-core-5e3e2ab889f06831f4fe2e8460066ded40ccf0a8/contracts/utils/OtcEscrow.sol,revoke,i:revoke,0.9053552559690505,protected reentrancy-like pattern,external call plus guard/modifier/state-update signal,0.0,0.0,0.0,1.0,0.0,0.0,0.0,1.0,1.0,0.0,0.0,0.0,0.0,0.0,0.0
train,DAPP::DAppSCAN-source/contracts/Inspex-Optimized Worker/bsc-alpaca-contract-1aee2ceec77e3fd3162b74858c846cdc5692928d::Vault,Vault,DAppSCAN-source/contracts/Inspex-Optimized Worker/bsc-alpaca-contract-1aee2ceec77e3fd3162b74858c846cdc5692928d/contracts/6/protocol/Vault.sol,work,i:work,0.9029832968057404,protected reentrancy-like pattern,external call plus guard/modifier/state-update signal,1.0,0.0,0.0,1.0,1.0,1.0,1.0,0.0,1.0,0.0,0.0,0.0,1.0,1.0,1.0
train,DAPP::DAppSCAN-source/contracts/QuillAudits-BCUBE Smart Contract/b-cube-ico-13f9f8a991a65f3e0ca60a2078121fdd5a921fb0::B3NewSale,B3NewSale,DAppSCAN-source/contracts/QuillAudits-BCUBE Smart Contract/b-cube-ico-13f9f8a991a65f3e0ca60a2078121fdd5a921fb0/contracts/B3NewSale.sol,buyBcubeUsingETH,i:buyBcubeUsingETH,0.9006188501812321,protected reentrancy-like pattern,external call plus guard/modifier/state-update signal,0.0,0.0,0.0,0.0,1.0,0.0,0.0,0.0,0.0,0.0,0.0,0.0,0.0,1.0,0.0
train,DAPP::DAppSCAN-source/contracts/Trail_of_Bits-FraxFinance/frax-solidity-3f0993a70e3496fd27887db7754d68709c84015e::veFXS_Solidity,veFXS_Solidity,DAppSCAN-source/contracts/Trail_of_Bits-FraxFinance/frax-solidity-3f0993a70e3496fd27887db7754d68709c84015e/contracts/FXS/veFXS_Solidity.sol,withdraw,i:withdraw,0.8986519901189919,protected reentrancy-like pattern,external call plus guard/modifier/state-update signal,1.0,0.0,0.0,1.0,1.0,0.0,0.0,1.0,0.0,0.0,0.0,0.0,0.0,1.0,1.0
train,DAPP::DAppSCAN-source/contracts/Trail_of_Bits-Primitive/rmm-core-5dcf4306fc32fb9a4e3c154deb86f6b9d513c344::TestDepositCallback,TestDepositCallback,DAppSCAN-source/contracts/Trail_of_Bits-Primitive/rmm-core-5dcf4306fc32fb9a4e3c154deb86f6b9d513c344/contracts/test/callbacks/TestDepositCallback.sol,depositCallback,i:depositCallback,0.89685849900248,external call after state update,state assignment detected before external call,1.0,0.0,0.0,0.0,0.0,0.0,0.0,1.0,0.0,0.0,0.0,0.0,0.0,0.0,0.0
train,DAPP::DAppSCAN-source/contracts/Trail_of_Bits-FraxQ42021/frax-solidity-bd40775e283923aa9e32a107abd426430a99835e::StakingRewardsMultiGauge_Gelato_FRAX_DAI,StakingRewardsMultiGauge_Gelato_FRAX_DAI,DAppSCAN-source/contracts/Trail_of_Bits-FraxQ42021/frax-solidity-bd40775e283923aa9e32a107abd426430a99835e/src/hardhat/contracts/Staking/Variants/StakingRewardsMultiGauge_Gelato_FRAX_DAI.sol,_stakeLocked,i:_stakeLocked,0.8961228094030186,protected reentrancy-like pattern,external call plus guard/modifier/state-update signal,1.0,1.0,0.0,1.0,0.0,0.0,0.0,0.0,1.0,0.0,0.0,0.0,0.0,0.0,1.0
train,DAPP::DAppSCAN-source/contracts/Trail_of_Bits-FraxQ42021/frax-solidity-bd40775e283923aa9e32a107abd426430a99835e::FraxUnifiedFarm_ERC20,FraxUnifiedFarm_ERC20,DAppSCAN-source/contracts/Trail_of_Bits-FraxQ42021/frax-solidity-bd40775e283923aa9e32a107abd426430a99835e/src/hardhat/contracts/Staking/FraxUnifiedFarm_ERC20.sol,_stakeLocked,i:_stakeLocked,0.896122787209413,protected reentrancy-like pattern,external call plus guard/modifier/state-update signal,1.0,1.0,0.0,1.0,0.0,0.0,0.0,0.0,1.0,0.0,0.0,0.0,0.0,0.0,1.0
train,DAPP::DAppSCAN-source/contracts/Trail_of_Bits-FraxQ42021/frax-solidity-bd40775e283923aa9e32a107abd426430a99835e::Pool_USDC,Pool_USDC,DAppSCAN-source/contracts/Trail_of_Bits-FraxQ42021/frax-solidity-bd40775e283923aa9e32a107abd426430a99835e/src/hardhat/contracts/Frax/Pools/Pool_USDC.sol,recollateralizeFRAX,i:recollateralizeFRAX,0.8950457565204482,protected reentrancy-like pattern,external call plus guard/modifier/state-update signal,1.0,0.0,0.0,1.0,0.0,0.0,1.0,1.0,1.0,0.0,0.0,0.0,1.0,1.0,1.0
train,DAPP::DAppSCAN-source/contracts/Trail_of_Bits-FraxQ42021/frax-solidity-bd40775e283923aa9e32a107abd426430a99835e::FraxPool,FraxPool,DAppSCAN-source/contracts/Trail_of_Bits-FraxQ42021/frax-solidity-bd40775e283923aa9e32a107abd426430a99835e/src/hardhat/contracts/Frax/Pools/FraxPool.sol,recollateralizeFRAX,i:recollateralizeFRAX,0.8950452637905487,protected reentrancy-like pattern,external call plus guard/modifier/state-update signal,1.0,0.0,0.0,1.0,0.0,0.0,1.0,1.0,1.0,0.0,0.0,0.0,1.0,1.0,1.0
train,DAPP::DAppSCAN-source/contracts/PeckShield-DSG/core-6f607f77698936e132e4e9b5cb4d75580636d919::Treasury,Treasury,DAppSCAN-source/contracts/PeckShield-DSG/core-6f607f77698936e132e4e9b5cb4d75580636d919/contracts/governance/Treasury.sol,distribute,i:distribute,0.8948823495184001,protected reentrancy-like pattern,external call plus guard/modifier/state-update signal,0.0,1.0,0.0,1.0,0.0,0.0,0.0,1.0,1.0,0.0,0.0,0.0,0.0,1.0,1.0
train,DAPP::DAppSCAN-source/contracts/Chainsecurity-Angle Protocol/angle-core-46e6d32837cbe97a4af0adb693e63afa0d01fc3e::BaseStrategy,BaseStrategy,DAppSCAN-source/contracts/Chainsecurity-Angle Protocol/angle-core-46e6d32837cbe97a4af0adb693e63afa0d01fc3e/contracts/strategies/BaseStrategy.sol,sweep,i:sweep,0.8937747656069625,protected reentrancy-like pattern,external call plus guard/modifier/state-update signal,0.0,0.0,0.0,1.0,0.0,1.0,0.0,1.0,1.0,0.0,0.0,0.0,0.0,1.0,1.0
train,DAPP::DAppSCAN-source/contracts/Trail_of_Bits-YieldProtocol/fyDai-4422fda75931f2bfea49f5041ec90dc026e5c03d::Splitter,Splitter,DAppSCAN-source/contracts/Trail_of_Bits-YieldProtocol/fyDai-4422fda75931f2bfea49f5041ec90dc026e5c03d/contracts/peripheral/Splitter.sol,yieldToMaker,i:yieldToMaker,0.8927355883995332,protected reentrancy-like pattern,external call plus guard/modifier/state-update signal,0.0,0.0,0.0,1.0,0.0,0.0,1.0,1.0,0.0,0.0,0.0,0.0,0.0,0.0,1.0
train,DAPP::DAppSCAN-source/contracts/Trail_of_Bits-FraxQ42021/frax-solidity-bd40775e283923aa9e32a107abd426430a99835e::FraxUnifiedFarm_UniV3,FraxUnifiedFarm_UniV3,DAppSCAN-source/contracts/Trail_of_Bits-FraxQ42021/frax-solidity-bd40775e283923aa9e32a107abd426430a99835e/src/hardhat/contracts/Staking/FraxUnifiedFarm_UniV3.sol,_stakeLocked,i:_stakeLocked,0.892617862342756,protected reentrancy-like pattern,external call plus guard/modifier/state-update signal,1.0,1.0,0.0,1.0,0.0,0.0,1.0,0.0,1.0,0.0,0.0,0.0,0.0,0.0,1.0
train,DAPP::DAppSCAN-source/contracts/Chainsulting-Furucombo-project2/trevi-b3f7fd332873321152db48c9d43fc23a60a29f1a::Angel,Angel,DAppSCAN-source/contracts/Chainsulting-Furucombo-project2/trevi-b3f7fd332873321152db48c9d43fc23a60a29f1a/contracts/Angel.sol,add,i:add,0.8897165111585076,external call after state update,state assignment detected before external call,1.0,0.0,0.0,0.0,0.0,1.0,1.0,0.0,0.0,0.0,0.0,0.0,1.0,1.0,1.0
train,DAPP::DAppSCAN-source/contracts/Inspex-SpookySwap Integration & Fantom Expansion/bsc-alpaca-contract-4553a34a6dcfcfbf7aebc693bb5c5c6074c73129::PancakeMasterChef,PancakeMasterChef,DAppSCAN-source/contracts/Inspex-SpookySwap Integration & Fantom Expansion/bsc-alpaca-contract-4553a34a6dcfcfbf7aebc693bb5c5c6074c73129/contracts/6/protocol/apis/pancake/PancakeMasterChef.sol,migrate,i:migrate,0.8895269717916177,protected reentrancy-like pattern,external call plus guard/modifier/state-update signal,0.0,0.0,0.0,1.0,0.0,0.0,1.0,0.0,1.0,0.0,0.0,0.0,1.0,1.0,0.0
train,DAPP::DAppSCAN-source/contracts/Inspex-Optimized Worker/bsc-alpaca-contract-1aee2ceec77e3fd3162b74858c846cdc5692928d::PancakeMasterChef,PancakeMasterChef,DAppSCAN-source/contracts/Inspex-Optimized Worker/bsc-alpaca-contract-1aee2ceec77e3fd3162b74858c846cdc5692928d/contracts/6/protocol/apis/pancake/PancakeMasterChef.sol,migrate,i:migrate,0.8895261517706992,protected reentrancy-like pattern,external call plus guard/modifier/state-update signal,0.0,0.0,0.0,1.0,0.0,0.0,1.0,0.0,1.0,0.0,0.0,0.0,1.0,1.0,0.0
train,DAPP::DAppSCAN-source/contracts/Trail_of_Bits-YieldProtocol/fyDai-4422fda75931f2bfea49f5041ec90dc026e5c03d::Treasury,Treasury,DAppSCAN-source/contracts/Trail_of_Bits-YieldProtocol/fyDai-4422fda75931f2bfea49f5041ec90dc026e5c03d/contracts/Treasury.sol,registerUnwind,i:registerUnwind,0.8893884532893096,protected reentrancy-like pattern,external call plus guard/modifier/state-update signal,1.0,0.0,0.0,1.0,0.0,1.0,0.0,0.0,0.0,0.0,0.0,0.0,0.0,1.0,1.0
train,DAPP::DAppSCAN-source/contracts/Runtime_Vеrification-Element_Finance_Governance_Security_Audit_Report/council-3d751c959b42573c78ccd0bccbc80424bf6d9a90::LockingVault,LockingVault,DAppSCAN-source/contracts/Runtime_Vеrification-Element_Finance_Governance_Security_Audit_Report/council-3d751c959b42573c78ccd0bccbc80424bf6d9a90/contracts/vaults/LockingVault.sol,deposit,i:deposit,0.8878356014778641,other recurring pattern,no stronger taxonomy signal,0.0,0.0,0.0,0.0,0.0,0.0,1.0,0.0,0.0,0.0,0.0,0.0,0.0,0.0,1.0
train,DAPP::DAppSCAN-source/contracts/Chainsecurity-Angle Protocol/angle-core-46e6d32837cbe97a4af0adb693e63afa0d01fc3e::Governor,Governor,DAppSCAN-source/contracts/Chainsecurity-Angle Protocol/angle-core-46e6d32837cbe97a4af0adb693e63afa0d01fc3e/contracts/dao/Governor.sol,initialize,i:initialize,0.8865777541727784,protected reentrancy-like pattern,external call plus guard/modifier/state-update signal,1.0,0.0,0.0,1.0,0.0,0.0,1.0,0.0,0.0,0.0,0.0,0.0,0.0,0.0,1.0
train,DAPP::DAppSCAN-source/contracts/Chainsecurity-Angle Protocol/angle-core-46e6d32837cbe97a4af0adb693e63afa0d01fc3e::BondingCurve,BondingCurve,DAppSCAN-source/contracts/Chainsecurity-Angle Protocol/angle-core-46e6d32837cbe97a4af0adb693e63afa0d01fc3e/contracts/bondingCurve/BondingCurve.sol,recoverERC20,i:recoverERC20,0.8860769179718868,owner-only/admin-only risky function,access-control modifier or msg.sender guard detected,0.0,0.0,0.0,0.0,0.0,1.0,1.0,1.0,1.0,0.0,0.0,0.0,0.0,1.0,1.0
train,DAPP::DAppSCAN-source/contracts/consensys-Gamma/hypervisor-41fd4abf79864478523e87924d4e80d80df04879::Swap,Swap,DAppSCAN-source/contracts/consensys-Gamma/hypervisor-41fd4abf79864478523e87924d4e80d80df04879/contracts/Swap.sol,swap,i:swap,0.8857940168384221,owner-only/admin-only risky function,access-control modifier or msg.sender guard detected,0.0,0.0,0.0,0.0,0.0,1.0,0.0,1.0,0.0,0.0,0.0,0.0,0.0,1.0,0.0
train,DAPP::DAppSCAN-source/contracts/QuillAudits-AAVE-ParaSwap Adapter/aave-protocol-v2-14e2ab47d95f42ec5ee486f367067e78a7588878::LendingPoolConfigurator,LendingPoolConfigurator,DAppSCAN-source/contracts/QuillAudits-AAVE-ParaSwap Adapter/aave-protocol-v2-14e2ab47d95f42ec5ee486f367067e78a7588878/contracts/protocol/lendingpool/LendingPoolConfigurator.sol,initialize,i:initialize,0.885330933970964,external call after state update,state assignment detected before external call,1.0,0.0,0.0,0.0,0.0,0.0,1.0,0.0,0.0,0.0,0.0,0.0,0.0,0.0,1.0
train,DAPP::DAppSCAN-source/contracts/PeckShield-DSG/core-6f607f77698936e132e4e9b5cb4d75580636d919::NftEarnErc20Pool,NftEarnErc20Pool,DAppSCAN-source/contracts/PeckShield-DSG/core-6f607f77698936e132e4e9b5cb4d75580636d919/contracts/pools/NftEarnErc20Pool.sol,slotStake,i:slotStake,0.8839830306911015,protected reentrancy-like pattern,external call plus guard/modifier/state-update signal,0.0,1.0,0.0,1.0,0.0,0.0,1.0,0.0,1.0,0.0,0.0,0.0,1.0,0.0,0.0
train,DAPP::DAppSCAN-source/contracts/consensys-Fei_Protocol/fei-protocol-core-ff892c5d0b9697f249d713bbb2b3bd1da7980ed2::GenesisGroup,GenesisGroup,DAppSCAN-source/contracts/consensys-Fei_Protocol/fei-protocol-core-ff892c5d0b9697f249d713bbb2b3bd1da7980ed2/contracts/genesis/GenesisGroup.sol,redeem,i:redeem,0.8828803415196109,protected reentrancy-like pattern,external call plus guard/modifier/state-update signal,1.0,0.0,0.0,1.0,0.0,0.0,0.0,0.0,0.0,0.0,0.0,0.0,0.0,0.0,1.0
train,DAPP::DAppSCAN-source/contracts/QuillAudits-Bond Appetit-Bond Appetit/bondappetit-protocol-355180f0aca0b29d60d808f761052956b7a3a159::Vesting,Vesting,DAppSCAN-source/contracts/QuillAudits-Bond Appetit-Bond Appetit/bondappetit-protocol-355180f0aca0b29d60d808f761052956b7a3a159/contracts/Vesting.sol,lock,i:lock,0.8823215603778299,protected reentrancy-like pattern,external call plus guard/modifier/state-update signal,0.0,0.0,0.0,1.0,0.0,1.0,1.0,0.0,1.0,0.0,0.0,0.0,0.0,1.0,1.0
train,DAPP::DAppSCAN-source/contracts/PeckShield-Buffer/code::BufferStakingBNB,BufferStakingBNB,DAppSCAN-source/contracts/PeckShield-Buffer/code/Buffer-Protocol-1c648bb35feca23bc801ce76aba63ca66af5917e/contracts/Staking/BufferStakingBNB.sol,sendProfit,i:sendProfit,0.8814560027824048,external call after state update,state assignment detected before external call,1.0,0.0,0.0,0.0,0.0,0.0,1.0,1.0,0.0,0.0,0.0,0.0,0.0,0.0,1.0
train,"DAPP::DAppSCAN-source/contracts/Inspex-StakingPool, Vault, Strategy & VotingEscrow/scientix-contract-main::VotingEscrow",VotingEscrow,"DAppSCAN-source/contracts/Inspex-StakingPool, Vault, Strategy & VotingEscrow/scientix-contract-main/contracts/VotingEscrow.sol",_collectReward,i:_collectReward,0.8810204613218434,protected reentrancy-like pattern,external call plus guard/modifier/state-update signal,1.0,1.0,0.0,0.0,0.0,0.0,0.0,1.0,1.0,0.0,0.0,0.0,0.0,1.0,0.0
train,DAPP::DAppSCAN-source/contracts/PeckShield-BabySwap/code::SmartChefInitializable,SmartChefInitializable,DAppSCAN-source/contracts/PeckShield-BabySwap/code/baby-swap-contract-cac289bf978d969c95721c2adb9f199cee72ffa6/contracts/farm/PoolFactory.sol,initialize,i:initialize,0.8795244935622106,protected reentrancy-like pattern,external call plus guard/modifier/state-update signal,1.0,1.0,0.0,1.0,0.0,0.0,1.0,0.0,0.0,0.0,0.0,0.0,1.0,1.0,0.0
train,DAPP::DAppSCAN-source/contracts/Trail_of_Bits-FraxQ42021/frax-solidity-bd40775e283923aa9e32a107abd426430a99835e::StakingRewardsDualV4_FRAX_OHM,StakingRewardsDualV4_FRAX_OHM,DAppSCAN-source/contracts/Trail_of_Bits-FraxQ42021/frax-solidity-bd40775e283923aa9e32a107abd426430a99835e/src/hardhat/old_contracts/Staking/Variants/StakingRewardsDualV4_FRAX_OHM.sol,_stakeLocked,i:_stakeLocked,0.875343596888746,protected reentrancy-like pattern,external call plus guard/modifier/state-update signal,1.0,1.0,0.0,1.0,1.0,0.0,0.0,0.0,1.0,0.0,0.0,0.0,1.0,1.0,1.0
train,DAPP::DAppSCAN-source/contracts/Trail_of_Bits-FraxQ42021/frax-solidity-bd40775e283923aa9e32a107abd426430a99835e::StakingRewardsDualV4,StakingRewardsDualV4,DAppSCAN-source/contracts/Trail_of_Bits-FraxQ42021/frax-solidity-bd40775e283923aa9e32a107abd426430a99835e/src/hardhat/old_contracts/Staking/StakingRewardsDualV4.sol,_stakeLocked,i:_stakeLocked,0.8753435708731796,protected reentrancy-like pattern,external call plus guard/modifier/state-update signal,1.0,1.0,0.0,1.0,1.0,0.0,0.0,0.0,1.0,0.0,0.0,0.0,1.0,1.0,1.0
train,DAPP::DAppSCAN-source/contracts/Trail_of_Bits-FraxQ42021/frax-solidity-bd40775e283923aa9e32a107abd426430a99835e::TWAMMSwap,TWAMMSwap,DAppSCAN-source/contracts/Trail_of_Bits-FraxQ42021/frax-solidity-bd40775e283923aa9e32a107abd426430a99835e/src/hardhat/contracts/FPI/TWAMMSwap.sol,swapExactTokensForTokens,i:swapExactTokensForTokens,0.8753326699411694,protected reentrancy-like pattern,external call plus guard/modifier/state-update signal,0.0,0.0,0.0,1.0,0.0,0.0,1.0,1.0,1.0,0.0,0.0,0.0,0.0,1.0,0.0
train,DAPP::DAppSCAN-source/contracts/PeckShield-BNPL/BNPL-0ee587a081668dcab166a3a275b8a6c4794ead4d::BNPLFactory,BNPLFactory,DAppSCAN-source/contracts/PeckShield-BNPL/BNPL-0ee587a081668dcab166a3a275b8a6c4794ead4d/contracts/BNPLFactory.sol,createNewNode,i:createNewNode,0.873520316604016,safe ERC20 wrapper,SafeERC20-style method detected,0.0,0.0,0.0,0.0,0.0,0.0,0.0,0.0,1.0,0.0,0.0,0.0,0.0,0.0,0.0
train,DAPP::DAppSCAN-source/contracts/QuillAudits-AAVE-ParaSwap Adapter/aave-protocol-v2-14e2ab47d95f42ec5ee486f367067e78a7588878::LendingPool,LendingPool,DAppSCAN-source/contracts/QuillAudits-AAVE-ParaSwap Adapter/aave-protocol-v2-14e2ab47d95f42ec5ee486f367067e78a7588878/contracts/protocol/lendingpool/LendingPool.sol,deposit,i:deposit,0.8729625224275014,trusted/fixed callee,callee receiver appears fixed/trusted,0.0,0.0,0.0,0.0,0.0,0.0,1.0,1.0,1.0,0.0,0.0,0.0,1.0,0.0,1.0
train,"DAPP::DAppSCAN-source/contracts/Inspex-FairLaunch, Token, Vault & Workers/Meow-Finance-4a4f13efaf5e5fbed74c0ed23b665751e655d715::Vault",Vault,"DAppSCAN-source/contracts/Inspex-FairLaunch, Token, Vault & Workers/Meow-Finance-4a4f13efaf5e5fbed74c0ed23b665751e655d715/contracts/protocol/Vault.sol",work,i:work,0.8721619430466887,protected reentrancy-like pattern,external call plus guard/modifier/state-update signal,1.0,0.0,0.0,1.0,1.0,1.0,1.0,0.0,1.0,0.0,0.0,0.0,1.0,1.0,1.0
train,"DAPP::DAppSCAN-source/contracts/Inspex-StakingPool, Vault, Strategy & VotingEscrow/scientix-contract-main::StakingPools",StakingPools,"DAppSCAN-source/contracts/Inspex-StakingPool, Vault, Strategy & VotingEscrow/scientix-contract-main/contracts/StakingPools.sol",deposit,i:deposit,0.8716671169441662,protected reentrancy-like pattern,external call plus guard/modifier/state-update signal,0.0,0.0,0.0,0.0,1.0,0.0,1.0,0.0,0.0,0.0,0.0,0.0,1.0,1.0,0.0
train,DAPP::DAppSCAN-source/contracts/PeckShield-Convex_Frax/frax-cvx-platform-2f8573ee796daa022c1050b4a749bf08049c439b::PoolRegistry,PoolRegistry,DAppSCAN-source/contracts/PeckShield-Convex_Frax/frax-cvx-platform-2f8573ee796daa022c1050b4a749bf08049c439b/contracts/contracts/PoolRegistry.sol,addPool,i:addPool,0.8713255094731673,protected reentrancy-like pattern,external call plus guard/modifier/state-update signal,0.0,0.0,0.0,1.0,0.0,1.0,1.0,0.0,0.0,0.0,0.0,0.0,0.0,1.0,0.0
train,DAPP::DAppSCAN-source/contracts/Runtime_Vеrification-Element_Finance_Governance_Security_Audit_Report/council-3d751c959b42573c78ccd0bccbc80424bf6d9a90::Airdrop,Airdrop,DAppSCAN-source/contracts/Runtime_Vеrification-Element_Finance_Governance_Security_Audit_Report/council-3d751c959b42573c78ccd0bccbc80424bf6d9a90/contracts/features/Airdrop.sol,reclaim,i:reclaim,0.8702636414150577,protected reentrancy-like pattern,external call plus guard/modifier/state-update signal,0.0,0.0,0.0,1.0,0.0,1.0,1.0,0.0,0.0,0.0,0.0,0.0,0.0,1.0,0.0
train,DAPP::DAppSCAN-source/contracts/Trail_of_Bits-88mph/88mph-contracts-76cd9d1fc45e65f5d0f686621fe6af85c40aa140::DInterestLens,DInterestLens,DAppSCAN-source/contracts/Trail_of_Bits-88mph/88mph-contracts-76cd9d1fc45e65f5d0f686621fe6af85c40aa140/contracts/DInterestLens.sol,withdrawableAmountOfDeposit,i:withdrawableAmountOfDeposit,0.8688996474125076,other recurring pattern,no stronger taxonomy signal,0.0,0.0,0.0,0.0,0.0,0.0,1.0,0.0,0.0,0.0,0.0,0.0,0.0,0.0,0.0
train,FORGE::vfp_00116::L1ETHBridge,L1ETHBridge,L1ETHBridge.sol,finalizeWithdraw,i:finalizeWithdraw,0.8685217982603103,protected reentrancy-like pattern,external call plus guard/modifier/state-update signal,1.0,0.0,1.0,1.0,1.0,0.0,1.0,0.0,0.0,0.0,0.0,0.0,0.0,1.0,1.0
train,DAPP::DAppSCAN-source/contracts/PeckShield-Buffer/code::BufferStakingIBFR,BufferStakingIBFR,DAppSCAN-source/contracts/PeckShield-Buffer/code/Buffer-Protocol-1c648bb35feca23bc801ce76aba63ca66af5917e/contracts/Staking/BufferStakingIBFR.sol,buy,i:buy,0.867193189507169,protected reentrancy-like pattern,external call plus guard/modifier/state-update signal,0.0,0.0,0.0,1.0,0.0,0.0,0.0,1.0,0.0,0.0,0.0,0.0,0.0,0.0,1.0
train,DAPP::DAppSCAN-source/contracts/Chainsecurity-Angle Protocol/angle-core-46e6d32837cbe97a4af0adb693e63afa0d01fc3e::StakingRewards,StakingRewards,DAppSCAN-source/contracts/Chainsecurity-Angle Protocol/angle-core-46e6d32837cbe97a4af0adb693e63afa0d01fc3e/contracts/staking/StakingRewards.sol,withdraw,i:withdraw,0.86568353432549,protected reentrancy-like pattern,external call plus guard/modifier/state-update signal,1.0,0.0,0.0,1.0,1.0,0.0,1.0,0.0,1.0,0.0,0.0,0.0,0.0,1.0,1.0
train,DAPP::DAppSCAN-source/contracts/openzeppelin-Solo_Margin_Protocol/solo-17df84db351d5438e1b7437572722b4f52c8b2b4::TestLib,TestLib,DAppSCAN-source/contracts/openzeppelin-Solo_Margin_Protocol/solo-17df84db351d5438e1b7437572722b4f52c8b2b4/contracts/testing/TestLib.sol,RequireThat0,i:RequireThat0,0.8645146650133722,possible mislabeled negative,high score without detected safety signal,0.0,0.0,0.0,0.0,0.0,0.0,0.0,0.0,0.0,0.0,0.0,0.0,0.0,0.0,0.0
train,DAPP::DAppSCAN-source/contracts/Chainsecurity-Angle Protocol/angle-core-46e6d32837cbe97a4af0adb693e63afa0d01fc3e::PerpetualManagerFront,PerpetualManagerFront,DAppSCAN-source/contracts/Chainsecurity-Angle Protocol/angle-core-46e6d32837cbe97a4af0adb693e63afa0d01fc3e/contracts/perpetualManager/PerpetualManagerFront.sol,openPerpetual,i:openPerpetual,0.8643827315541897,protected reentrancy-like pattern,external call plus guard/modifier/state-update signal,0.0,1.0,0.0,1.0,0.0,0.0,1.0,0.0,1.0,0.0,0.0,0.0,1.0,1.0,1.0
train,DAPP::DAppSCAN-source/contracts/Chainsulting-Furucombo-project2/trevi-b3f7fd332873321152db48c9d43fc23a60a29f1a::AngelBase,AngelBase,DAppSCAN-source/contracts/Chainsulting-Furucombo-project2/trevi-b3f7fd332873321152db48c9d43fc23a60a29f1a/contracts/AngelBase.sol,add,i:add,0.8641786887664994,external call after state update,state assignment detected before external call,1.0,0.0,0.0,0.0,0.0,1.0,1.0,0.0,0.0,0.0,0.0,0.0,1.0,1.0,1.0
train,DAPP::DAppSCAN-source/contracts/PeckShield-Convex_Frax/frax-cvx-platform-2f8573ee796daa022c1050b4a749bf08049c439b::MultiRewards,MultiRewards,DAppSCAN-source/contracts/PeckShield-Convex_Frax/frax-cvx-platform-2f8573ee796daa022c1050b4a749bf08049c439b/contracts/contracts/MultiRewards.sol,recoverERC20,i:recoverERC20,0.8628357841916259,protected reentrancy-like pattern,external call plus guard/modifier/state-update signal,0.0,0.0,0.0,1.0,0.0,1.0,0.0,1.0,1.0,0.0,0.0,0.0,0.0,1.0,0.0
train,DAPP::DAppSCAN-source/contracts/SlowMist-CFFv2 Smart Contract Security Audit Report/cff-contract-v2-c86bef3f13c7585f547f9cd0ca900f94664e96b7::CFControllerV2,CFControllerV2,DAppSCAN-source/contracts/SlowMist-CFFv2 Smart Contract Security Audit Report/cff-contract-v2-c86bef3f13c7585f547f9cd0ca900f94664e96b7/contracts/core/CFController.sol,earnReward,i:earnReward,0.8614110861780291,protected reentrancy-like pattern,external call plus guard/modifier/state-update signal,1.0,0.0,0.0,1.0,0.0,1.0,1.0,1.0,0.0,0.0,0.0,0.0,0.0,1.0,0.0
train,DAPP::DAppSCAN-source/contracts/consensys-Fei_Protocol_v2_Phase_1/fei-protocol-core-5e3e2ab889f06831f4fe2e8460066ded40ccf0a8::BondingCurve,BondingCurve,DAppSCAN-source/contracts/consensys-Fei_Protocol_v2_Phase_1/fei-protocol-core-5e3e2ab889f06831f4fe2e8460066ded40ccf0a8/contracts/bondingcurve/BondingCurve.sol,purchase,i:purchase,0.8609671528435267,protected reentrancy-like pattern,external call plus guard/modifier/state-update signal,0.0,0.0,0.0,1.0,0.0,0.0,0.0,0.0,1.0,0.0,0.0,0.0,0.0,1.0,1.0
train,DAPP::DAppSCAN-source/contracts/Inspex-SpookySwap Integration & Fantom Expansion/bsc-alpaca-contract-4553a34a6dcfcfbf7aebc693bb5c5c6074c73129::WaultSwapWorker02,WaultSwapWorker02,DAppSCAN-source/contracts/Inspex-SpookySwap Integration & Fantom Expansion/bsc-alpaca-contract-4553a34a6dcfcfbf7aebc693bb5c5c6074c73129/contracts/6/protocol/workers/waultswap/WaultSwapWorker02.sol,work,i:work,0.8602590689264223,protected reentrancy-like pattern,external call plus guard/modifier/state-update signal,0.0,0.0,0.0,1.0,1.0,1.0,1.0,0.0,1.0,0.0,0.0,0.0,1.0,1.0,1.0
train,DAPP::DAppSCAN-source/contracts/consensys-Fei_Protocol/fei-protocol-core-ff892c5d0b9697f249d713bbb2b3bd1da7980ed2::Core,Core,DAppSCAN-source/contracts/consensys-Fei_Protocol/fei-protocol-core-ff892c5d0b9697f249d713bbb2b3bd1da7980ed2/contracts/core/Core.sol,allocateTribe,i:allocateTribe,0.8600447469493333,protected reentrancy-like pattern,external call plus guard/modifier/state-update signal,0.0,0.0,0.0,1.0,0.0,1.0,0.0,0.0,0.0,0.0,0.0,0.0,0.0,1.0,1.0
train,DAPP::DAppSCAN-source/contracts/PeckShield-Buffer/code::BufferStaking,BufferStaking,DAppSCAN-source/contracts/PeckShield-Buffer/code/Buffer-Protocol-1c648bb35feca23bc801ce76aba63ca66af5917e/contracts/Staking/BufferStaking.sol,buy,i:buy,0.8592086168039006,protected reentrancy-like pattern,external call plus guard/modifier/state-update signal,0.0,0.0,0.0,1.0,0.0,0.0,0.0,1.0,0.0,0.0,0.0,0.0,0.0,0.0,1.0
train,DAPP::DAppSCAN-source/contracts/Inspex-SpookySwap Integration & Fantom Expansion/bsc-alpaca-contract-4553a34a6dcfcfbf7aebc693bb5c5c6074c73129::PancakeswapV2Worker02,PancakeswapV2Worker02,DAppSCAN-source/contracts/Inspex-SpookySwap Integration & Fantom Expansion/bsc-alpaca-contract-4553a34a6dcfcfbf7aebc693bb5c5c6074c73129/contracts/6/protocol/workers/pcs/PancakeswapV2Worker02.sol,work,i:work,0.8591835951194067,protected reentrancy-like pattern,external call plus guard/modifier/state-update signal,0.0,0.0,0.0,1.0,1.0,1.0,1.0,0.0,1.0,0.0,0.0,0.0,1.0,1.0,1.0
train,DAPP::DAppSCAN-source/contracts/QuillAudits-AAVE-ParaSwap Adapter/aave-protocol-v2-14e2ab47d95f42ec5ee486f367067e78a7588878::ATokensAndRatesHelper,ATokensAndRatesHelper,DAppSCAN-source/contracts/QuillAudits-AAVE-ParaSwap Adapter/aave-protocol-v2-14e2ab47d95f42ec5ee486f367067e78a7588878/contracts/deployments/ATokensAndRatesHelper.sol,configureReserves,i:configureReserves,0.8587169063308233,owner-only/admin-only risky function,access-control modifier or msg.sender guard detected,0.0,0.0,0.0,0.0,0.0,1.0,1.0,0.0,0.0,0.0,0.0,0.0,0.0,1.0,0.0
train,DAPP::DAppSCAN-source/contracts/Trail_of_Bits-88mph/88mph-contracts-76cd9d1fc45e65f5d0f686621fe6af85c40aa140::ZapCurve,ZapCurve,DAppSCAN-source/contracts/Trail_of_Bits-88mph/88mph-contracts-76cd9d1fc45e65f5d0f686621fe6af85c40aa140/contracts/zaps/ZapCurve.sol,zapCurveFund,i:zapCurveFund,0.8586545315346737,safe ERC20 wrapper,SafeERC20-style method detected,0.0,0.0,0.0,0.0,0.0,0.0,1.0,0.0,1.0,0.0,0.0,0.0,0.0,0.0,0.0
train,DAPP::DAppSCAN-source/contracts/Chainsulting-Furucombo-project2/trevi-b3f7fd332873321152db48c9d43fc23a60a29f1a::Fountain,Fountain,DAppSCAN-source/contracts/Chainsulting-Furucombo-project2/trevi-b3f7fd332873321152db48c9d43fc23a60a29f1a/contracts/Fountain.sol,permit,i:permit,0.8579153406732402,protected reentrancy-like pattern,external call plus guard/modifier/state-update signal,0.0,0.0,0.0,1.0,0.0,0.0,0.0,1.0,0.0,0.0,0.0,0.0,1.0,1.0,1.0
train,DAPP::DAppSCAN-source/contracts/QuillAudits-AAVE-ParaSwap Adapter/aave-protocol-v2-14e2ab47d95f42ec5ee486f367067e78a7588878::UiPoolDataProvider,UiPoolDataProvider,DAppSCAN-source/contracts/QuillAudits-AAVE-ParaSwap Adapter/aave-protocol-v2-14e2ab47d95f42ec5ee486f367067e78a7588878/contracts/misc/UiPoolDataProvider.sol,getReservesData,i:getReservesData,0.8560217359015013,other recurring pattern,no stronger taxonomy signal,0.0,0.0,0.0,0.0,0.0,0.0,1.0,0.0,0.0,0.0,0.0,0.0,0.0,0.0,1.0
train,DAPP::DAppSCAN-source/contracts/Trail_of_Bits-YieldProtocol/fyDai-4422fda75931f2bfea49f5041ec90dc026e5c03d::Unwind,Unwind,DAppSCAN-source/contracts/Trail_of_Bits-YieldProtocol/fyDai-4422fda75931f2bfea49f5041ec90dc026e5c03d/contracts/Unwind.sol,settleTreasury,i:settleTreasury,0.8551816527072221,protected reentrancy-like pattern,external call plus guard/modifier/state-update signal,1.0,1.0,0.0,1.0,0.0,0.0,0.0,1.0,0.0,0.0,0.0,0.0,0.0,0.0,1.0
train,DAPP::DAppSCAN-source/contracts/Trail_of_Bits-FraxQ42021/frax-solidity-bd40775e283923aa9e32a107abd426430a99835e::FraxFarmBSC_Dual_V5,FraxFarmBSC_Dual_V5,DAppSCAN-source/contracts/Trail_of_Bits-FraxQ42021/frax-solidity-bd40775e283923aa9e32a107abd426430a99835e/src/hardhat/contracts/__BSC/Staking/FraxFarmBSC_Dual_V5.sol,_stakeLocked,i:_stakeLocked,0.8535743247978298,protected reentrancy-like pattern,external call plus guard/modifier/state-update signal,1.0,1.0,0.0,1.0,0.0,0.0,0.0,0.0,1.0,0.0,0.0,0.0,0.0,0.0,1.0
train,DAPP::DAppSCAN-source/contracts/Trail_of_Bits-FraxQ42021/frax-solidity-bd40775e283923aa9e32a107abd426430a99835e::FraxFarmBSC_Dual_FRAX_IF,FraxFarmBSC_Dual_FRAX_IF,DAppSCAN-source/contracts/Trail_of_Bits-FraxQ42021/frax-solidity-bd40775e283923aa9e32a107abd426430a99835e/src/hardhat/contracts/__BSC/Staking/Variants/FraxFarmBSC_Dual_FRAX_IF.sol,_stakeLocked,i:_stakeLocked,0.8535742800996347,protected reentrancy-like pattern,external call plus guard/modifier/state-update signal,1.0,1.0,0.0,1.0,0.0,0.0,0.0,0.0,1.0,0.0,0.0,0.0,0.0,0.0,1.0
train,DAPP::DAppSCAN-source/contracts/Trail_of_Bits-FraxQ42021/frax-solidity-bd40775e283923aa9e32a107abd426430a99835e::FraxFarmBSC_Dual_FXS_IF,FraxFarmBSC_Dual_FXS_IF,DAppSCAN-source/contracts/Trail_of_Bits-FraxQ42021/frax-solidity-bd40775e283923aa9e32a107abd426430a99835e/src/hardhat/contracts/__BSC/Staking/Variants/FraxFarmBSC_Dual_FXS_IF.sol,_stakeLocked,i:_stakeLocked,0.8535742800996347,protected reentrancy-like pattern,external call plus guard/modifier/state-update signal,1.0,1.0,0.0,1.0,0.0,0.0,0.0,0.0,1.0,0.0,0.0,0.0,0.0,0.0,1.0
train,DAPP::DAppSCAN-source/contracts/Trail_of_Bits-MapleFinance/liquidations-35c628e5ab45fbffaab7aef43a030a98b712a94a::SushiswapStrategy,SushiswapStrategy,DAppSCAN-source/contracts/Trail_of_Bits-MapleFinance/liquidations-35c628e5ab45fbffaab7aef43a030a98b712a94a/contracts/SushiswapStrategy.sol,swap,i:swap,0.8535177129264213,protected reentrancy-like pattern,external call plus guard/modifier/state-update signal,0.0,0.0,0.0,1.0,0.0,0.0,0.0,1.0,0.0,0.0,0.0,0.0,0.0,0.0,1.0
train,DAPP::DAppSCAN-source/contracts/QuillAudits-Bond Appetit-Bond Appetit/bondappetit-protocol-355180f0aca0b29d60d808f761052956b7a3a159::DepositorCollateral,DepositorCollateral,DAppSCAN-source/contracts/QuillAudits-Bond Appetit-Bond Appetit/bondappetit-protocol-355180f0aca0b29d60d808f761052956b7a3a159/contracts/depositary/DepositorCollateral.sol,lock,i:lock,0.8527312061836677,protected reentrancy-like pattern,external call plus guard/modifier/state-update signal,0.0,0.0,0.0,1.0,0.0,1.0,1.0,1.0,1.0,0.0,0.0,0.0,0.0,1.0,0.0
train,DAPP::DAppSCAN-source/contracts/consensys-Skyweaver/Skyweaver-contracts-bde0c184db6168bf86656a48b12d5747950b54d9::GoldCardsFactory,GoldCardsFactory,DAppSCAN-source/contracts/consensys-Skyweaver/Skyweaver-contracts-bde0c184db6168bf86656a48b12d5747950b54d9/contracts/shop/GoldCardsFactory.sol,mineGolds,i:mineGolds,0.8523903490071545,protected reentrancy-like pattern,external call plus guard/modifier/state-update signal,0.0,0.0,0.0,1.0,0.0,0.0,1.0,0.0,1.0,0.0,0.0,0.0,0.0,0.0,1.0
train,DAPP::DAppSCAN-source/contracts/Trail_of_Bits-YieldProtocol/fyDai-4422fda75931f2bfea49f5041ec90dc026e5c03d::Controller,Controller,DAppSCAN-source/contracts/Trail_of_Bits-YieldProtocol/fyDai-4422fda75931f2bfea49f5041ec90dc026e5c03d/contracts/Controller.sol,shutdown,i:shutdown,0.851806067941061,protected reentrancy-like pattern,external call plus guard/modifier/state-update signal,0.0,1.0,0.0,1.0,0.0,0.0,0.0,1.0,0.0,0.0,0.0,0.0,0.0,1.0,1.0
train,DAPP::DAppSCAN-source/contracts/Coinbae-Pud.Fi Strategy_Bacdai/StrategyBasisBacDaiLp0x31dfcB1C5dF01A27F8b0b5F9cD1585FE92C7970e::StrategyBasisBacDaiLp,StrategyBasisBacDaiLp,DAppSCAN-source/contracts/Coinbae-Pud.Fi Strategy_Bacdai/StrategyBasisBacDaiLp0x31dfcB1C5dF01A27F8b0b5F9cD1585FE92C7970e/contracts/strategies/basis/strategy-basis-bac-dai-lp.sol,withdraw,i:withdraw,0.8508396467928158,protected reentrancy-like pattern,external call plus guard/modifier/state-update signal,0.0,0.0,0.0,1.0,0.0,0.0,0.0,1.0,1.0,0.0,0.0,0.0,0.0,0.0,1.0
train,DAPP::DAppSCAN-source/contracts/Inspex-Optimized Worker/bsc-alpaca-contract-1aee2ceec77e3fd3162b74858c846cdc5692928d::WaultSwapWorker02,WaultSwapWorker02,DAppSCAN-source/contracts/Inspex-Optimized Worker/bsc-alpaca-contract-1aee2ceec77e3fd3162b74858c846cdc5692928d/contracts/6/protocol/workers/waultswap/WaultSwapWorker02.sol,work,i:work,0.8508262117109711,protected reentrancy-like pattern,external call plus guard/modifier/state-update signal,1.0,0.0,0.0,1.0,1.0,1.0,1.0,0.0,1.0,0.0,0.0,0.0,1.0,1.0,1.0
train,DAPP::DAppSCAN-source/contracts/PeckShield-ShibaNova/Contracts-b6b1ce1fcaff83d360df8944309f49958842b7b8::ShibaRouter,ShibaRouter,DAppSCAN-source/contracts/PeckShield-ShibaNova/Contracts-b6b1ce1fcaff83d360df8944309f49958842b7b8/shibanova/contracts/ShibaRouter.sol,swapTokensForExactETH,i:swapTokensForExactETH,0.8505703615677879,protected reentrancy-like pattern,external call plus guard/modifier/state-update signal,0.0,0.0,0.0,1.0,0.0,0.0,0.0,1.0,1.0,0.0,0.0,0.0,0.0,0.0,1.0
train,DAPP::DAppSCAN-source/contracts/Runtime_Vеrification-Element_Finance_Governance_Security_Audit_Report/council-3d751c959b42573c78ccd0bccbc80424bf6d9a90::Spender,Spender,DAppSCAN-source/contracts/Runtime_Vеrification-Element_Finance_Governance_Security_Audit_Report/council-3d751c959b42573c78ccd0bccbc80424bf6d9a90/contracts/features/Spender.sol,_spend,i:_spend,0.8503829613133945,protected reentrancy-like pattern,external call plus guard/modifier/state-update signal,0.0,0.0,0.0,1.0,0.0,0.0,1.0,0.0,0.0,0.0,0.0,0.0,0.0,1.0,1.0
train,DAPP::DAppSCAN-source/contracts/Inspex-Vault/aleswap-vault-efd3f777b2e9aaa2c635d3d0f463f1884e998112::WardenSwapper,WardenSwapper,DAppSCAN-source/contracts/Inspex-Vault/aleswap-vault-efd3f777b2e9aaa2c635d3d0f463f1884e998112/contracts/swapper/WardenSwapper.sol,initialize,i:initialize,0.850141779164422,trusted/fixed callee,callee receiver appears fixed/trusted,0.0,0.0,0.0,0.0,0.0,0.0,0.0,1.0,1.0,0.0,0.0,0.0,0.0,0.0,0.0
train,DAPP::DAppSCAN-source/contracts/QuillAudits-AAVE-ParaSwap Adapter/aave-protocol-v2-14e2ab47d95f42ec5ee486f367067e78a7588878::UniswapRepayAdapter,UniswapRepayAdapter,DAppSCAN-source/contracts/QuillAudits-AAVE-ParaSwap Adapter/aave-protocol-v2-14e2ab47d95f42ec5ee486f367067e78a7588878/contracts/adapters/UniswapRepayAdapter.sol,_swapExactTokensForTokens,i:_swapExactTokensForTokens,0.8494261302894576,trusted/fixed callee,callee receiver appears fixed/trusted,0.0,0.0,0.0,0.0,0.0,0.0,0.0,1.0,1.0,0.0,0.0,0.0,0.0,0.0,0.0
train,DAPP::DAppSCAN-source/contracts/Trail_of_Bits-Primitive/rmm-core-5dcf4306fc32fb9a4e3c154deb86f6b9d513c344::TestBase,TestBase,DAppSCAN-source/contracts/Trail_of_Bits-Primitive/rmm-core-5dcf4306fc32fb9a4e3c154deb86f6b9d513c344/contracts/test/TestBase.sol,allocateCallback,i:allocateCallback,0.8483328402492359,protected reentrancy-like pattern,external call plus guard/modifier/state-update signal,1.0,1.0,0.0,0.0,0.0,0.0,0.0,1.0,0.0,0.0,0.0,0.0,0.0,0.0,1.0
train,DAPP::DAppSCAN-source/contracts/Trail_of_Bits-MapleFinance/liquidations-35c628e5ab45fbffaab7aef43a030a98b712a94a::UniswapV2Strategy,UniswapV2Strategy,DAppSCAN-source/contracts/Trail_of_Bits-MapleFinance/liquidations-35c628e5ab45fbffaab7aef43a030a98b712a94a/contracts/UniswapV2Strategy.sol,swap,i:swap,0.8482202098726349,protected reentrancy-like pattern,external call plus guard/modifier/state-update signal,0.0,0.0,0.0,1.0,0.0,0.0,0.0,1.0,0.0,0.0,0.0,0.0,0.0,0.0,1.0
train,DAPP::DAppSCAN-source/contracts/Chainsecurity-Angle Protocol/angle-core-46e6d32837cbe97a4af0adb693e63afa0d01fc3e::PoolManager,PoolManager,DAppSCAN-source/contracts/Chainsecurity-Angle Protocol/angle-core-46e6d32837cbe97a4af0adb693e63afa0d01fc3e/contracts/poolManager/PoolManager.sol,deployCollateral,i:deployCollateral,0.8476422955507568,external call after state update,state assignment detected before external call,1.0,0.0,0.0,0.0,0.0,1.0,1.0,0.0,1.0,0.0,0.0,0.0,1.0,1.0,1.0
train,DAPP::DAppSCAN-source/contracts/PeckShield-Hegic(v8888)/Hegic-v8888-2dcd44dc1ae07881e94d52fa618f9704bfd4ffda::Facade,Facade,DAppSCAN-source/contracts/PeckShield-Hegic(v8888)/Hegic-v8888-2dcd44dc1ae07881e94d52fa618f9704bfd4ffda/contracts/Facade/Facade.sol,createOption,i:createOption,0.8437541371614987,safe ERC20 wrapper,SafeERC20-style method detected,0.0,0.0,0.0,0.0,0.0,0.0,1.0,0.0,1.0,0.0,0.0,0.0,0.0,0.0,0.0
train,DAPP::DAppSCAN-source/contracts/PeckShield-PikaPerpV2/PikaPerpV2-4a0965ff90ed099b7e2d3e8dda47cd589ee8e3a2::PikaStaking,PikaStaking,DAppSCAN-source/contracts/PeckShield-PikaPerpV2/PikaPerpV2-4a0965ff90ed099b7e2d3e8dda47cd589ee8e3a2/contracts/staking/PikaStaking.sol,stake,i:stake,0.8434108817569425,protected reentrancy-like pattern,external call plus guard/modifier/state-update signal,1.0,0.0,0.0,1.0,1.0,0.0,0.0,1.0,1.0,0.0,0.0,0.0,0.0,1.0,0.0
train,DAPP::DAppSCAN-source/contracts/Runtime_Vеrification-stakefish_ethereum_staking_audit_report/eth2-validation-services-contract-d91928f3a270f6115831fe3a21a69eb98bf57b26::StakefishERC20Wrapper,StakefishERC20Wrapper,DAppSCAN-source/contracts/Runtime_Vеrification-stakefish_ethereum_staking_audit_report/eth2-validation-services-contract-d91928f3a270f6115831fe3a21a69eb98bf57b26/contracts/StakefishERC20Wrapper.sol,mintTo,i:mintTo,0.8427831130348654,protected reentrancy-like pattern,external call plus guard/modifier/state-update signal,0.0,0.0,0.0,1.0,1.0,0.0,0.0,0.0,0.0,0.0,0.0,0.0,0.0,1.0,0.0
train,DAPP::DAppSCAN-source/contracts/consensys-Idle_Finance/idle-tranches-d94ee7194e8cb17db13b16c338f3e780b62f5435::IdleCDOTrancheRewards,IdleCDOTrancheRewards,DAppSCAN-source/contracts/consensys-Idle_Finance/idle-tranches-d94ee7194e8cb17db13b16c338f3e780b62f5435/contracts/IdleCDOTrancheRewards.sol,unstake,i:unstake,0.8418427897043239,protected reentrancy-like pattern,external call plus guard/modifier/state-update signal,0.0,1.0,0.0,1.0,1.0,0.0,0.0,0.0,1.0,0.0,0.0,0.0,0.0,1.0,1.0
train,DAPP::DAppSCAN-source/contracts/PeckShield-BabySwap/code::BabyRouter,BabyRouter,DAppSCAN-source/contracts/PeckShield-BabySwap/code/baby-swap-contract-cac289bf978d969c95721c2adb9f199cee72ffa6/contracts/router/BabyRouter.sol,swapTokensForExactETH,i:swapTokensForExactETH,0.8416881197291348,protected reentrancy-like pattern,external call plus guard/modifier/state-update signal,0.0,0.0,0.0,1.0,0.0,0.0,0.0,1.0,1.0,0.0,0.0,0.0,0.0,0.0,1.0
train,DAPP::DAppSCAN-source/contracts/Trail_of_Bits-FraxQ42021/frax-solidity-bd40775e283923aa9e32a107abd426430a99835e::StakingRewardsDualV3_FRAX_IQ,StakingRewardsDualV3_FRAX_IQ,DAppSCAN-source/contracts/Trail_of_Bits-FraxQ42021/frax-solidity-bd40775e283923aa9e32a107abd426430a99835e/src/hardhat/old_contracts/Staking/Variants/StakingRewardsDualV3_FRAX_IQ.sol,_stakeLocked,i:_stakeLocked,0.8414009701210893,protected reentrancy-like pattern,external call plus guard/modifier/state-update signal,1.0,1.0,0.0,1.0,1.0,0.0,0.0,0.0,1.0,0.0,0.0,0.0,1.0,1.0,1.0
train,DAPP::DAppSCAN-source/contracts/Trail_of_Bits-FraxQ42021/frax-solidity-bd40775e283923aa9e32a107abd426430a99835e::StakingRewardsDualV3,StakingRewardsDualV3,DAppSCAN-source/contracts/Trail_of_Bits-FraxQ42021/frax-solidity-bd40775e283923aa9e32a107abd426430a99835e/src/hardhat/old_contracts/Staking/StakingRewardsDualV3.sol,_stakeLocked,i:_stakeLocked,0.8413971521809198,protected reentrancy-like pattern,external call plus guard/modifier/state-update signal,1.0,1.0,0.0,1.0,1.0,0.0,0.0,0.0,1.0,0.0,0.0,0.0,1.0,1.0,1.0
train,DAPP::DAppSCAN-source/contracts/PeckShield-MilkySwap/milkyswap-59f163e9959cf8bae4a521a9648219b553312e07::MilkyMaker,MilkyMaker,DAppSCAN-source/contracts/PeckShield-MilkySwap/milkyswap-59f163e9959cf8bae4a521a9648219b553312e07/contracts/MilkyMaker.sol,_convert,i:_convert,0.8411938665201972,trusted/fixed callee,callee receiver appears fixed/trusted,0.0,0.0,0.0,0.0,0.0,0.0,1.0,1.0,1.0,0.0,0.0,0.0,0.0,0.0,0.0
train,DAPP::DAppSCAN-source/contracts/Trail_of_Bits-FraxFinance/frax-solidity-3f0993a70e3496fd27887db7754d68709c84015e::UniswapV2Router02,UniswapV2Router02,DAppSCAN-source/contracts/Trail_of_Bits-FraxFinance/frax-solidity-3f0993a70e3496fd27887db7754d68709c84015e/contracts/Uniswap/UniswapV2Router02.sol,swapTokensForExactETH,i:swapTokensForExactETH,0.8409850291251402,protected reentrancy-like pattern,external call plus guard/modifier/state-update signal,0.0,0.0,0.0,1.0,0.0,0.0,0.0,1.0,1.0,0.0,0.0,0.0,0.0,0.0,1.0
train,"DAPP::DAppSCAN-source/contracts/Inspex-FairLaunch, Token, Vault & Workers/Meow-Finance-4a4f13efaf5e5fbed74c0ed23b665751e655d715::SushiswapWorker",SushiswapWorker,"DAppSCAN-source/contracts/Inspex-FairLaunch, Token, Vault & Workers/Meow-Finance-4a4f13efaf5e5fbed74c0ed23b665751e655d715/contracts/protocol/workers/SushiswapWorker.sol",work,i:work,0.8400185633572728,protected reentrancy-like pattern,external call plus guard/modifier/state-update signal,0.0,0.0,0.0,1.0,1.0,1.0,1.0,0.0,1.0,0.0,0.0,0.0,1.0,1.0,1.0
train,DAPP::DAppSCAN-source/contracts/PeckShield-Holdefi/Holdefi-5a1e6e0d582120142e8a531f6806eba6665ef2f4::HoldefiSettings,HoldefiSettings,DAppSCAN-source/contracts/PeckShield-Holdefi/Holdefi-5a1e6e0d582120142e8a531f6806eba6665ef2f4/contracts/HoldefiSettings.sol,setHoldefiContract,i:setHoldefiContract,0.8392397325650528,protected reentrancy-like pattern,external call plus guard/modifier/state-update signal,0.0,1.0,0.0,1.0,0.0,1.0,1.0,0.0,0.0,0.0,0.0,0.0,0.0,1.0,1.0
train,DAPP::DAppSCAN-source/contracts/PeckShield-AirSwap/airswap-protocols-b87d292aaf6e28ede564b7ea28ece39219994607::KittyOwnership,KittyOwnership,DAppSCAN-source/contracts/PeckShield-AirSwap/airswap-protocols-b87d292aaf6e28ede564b7ea28ece39219994607/source/tokens/contracts/KittyCore.sol,_createKitty,i:_createKitty,0.8386939548611827,protected reentrancy-like pattern,external call plus guard/modifier/state-update signal,0.0,0.0,0.0,1.0,0.0,0.0,0.0,0.0,0.0,0.0,0.0,0.0,0.0,0.0,1.0
train,DAPP::DAppSCAN-source/contracts/PeckShield-AirSwap/airswap-protocols-b87d292aaf6e28ede564b7ea28ece39219994607::KittyBase,KittyBase,DAppSCAN-source/contracts/PeckShield-AirSwap/airswap-protocols-b87d292aaf6e28ede564b7ea28ece39219994607/source/tokens/contracts/KittyCore.sol,_createKitty,i:_createKitty,0.8386937774597454,protected reentrancy-like pattern,external call plus guard/modifier/state-update signal,0.0,0.0,0.0,1.0,0.0,0.0,0.0,0.0,0.0,0.0,0.0,0.0,0.0,0.0,1.0
train,DAPP::DAppSCAN-source/contracts/Runtime_Vеrification-Element_Finance_Governance_Security_Audit_Report/council-3d751c959b42573c78ccd0bccbc80424bf6d9a90::TestTreasury,TestTreasury,DAppSCAN-source/contracts/Runtime_Vеrification-Element_Finance_Governance_Security_Audit_Report/council-3d751c959b42573c78ccd0bccbc80424bf6d9a90/contracts/mocks/TestTreasury.sol,sendFunds,i:sendFunds,0.837593711181807,trusted/fixed callee,callee receiver appears fixed/trusted,0.0,0.0,0.0,0.0,0.0,0.0,0.0,1.0,0.0,0.0,0.0,0.0,0.0,0.0,0.0
train,DAPP::DAppSCAN-source/contracts/Runtime_Vеrification-Element_Finance_Governance_Security_Audit_Report/council-3d751c959b42573c78ccd0bccbc80424bf6d9a90::Treasury,Treasury,DAppSCAN-source/contracts/Runtime_Vеrification-Element_Finance_Governance_Security_Audit_Report/council-3d751c959b42573c78ccd0bccbc80424bf6d9a90/contracts/features/Treasury.sol,sendFunds,i:sendFunds,0.83759223551152,trusted/fixed callee,callee receiver appears fixed/trusted,0.0,0.0,0.0,0.0,0.0,0.0,0.0,1.0,0.0,0.0,0.0,0.0,0.0,0.0,0.0
train,DAPP::DAppSCAN-source/contracts/PeckShield-ShibaNova/Contracts-b6b1ce1fcaff83d360df8944309f49958842b7b8::ShibaMoneyPot,ShibaMoneyPot,DAppSCAN-source/contracts/PeckShield-ShibaNova/Contracts-b6b1ce1fcaff83d360df8944309f49958842b7b8/shibanova/contracts/ShibaMoneyPot.sol,depositRewards,i:depositRewards,0.8373941382031759,protected reentrancy-like pattern,external call plus guard/modifier/state-update signal,0.0,0.0,0.0,1.0,0.0,0.0,0.0,1.0,1.0,0.0,0.0,0.0,0.0,1.0,1.0
train,DAPP::DAppSCAN-source/contracts/QuillAudits-Yearn Finance-Yearn Protocol V1/yearn-protocol-9ff0dc0ea73642c529383d0675930a41bf033295::yDelegatedVault,yDelegatedVault,DAppSCAN-source/contracts/QuillAudits-Yearn Finance-Yearn Protocol V1/yearn-protocol-9ff0dc0ea73642c529383d0675930a41bf033295/contracts/vaults/yDelegatedVault.sol,claimInsurance,i:claimInsurance,0.8359612527452165,protected reentrancy-like pattern,external call plus guard/modifier/state-update signal,0.0,1.0,0.0,1.0,0.0,0.0,1.0,0.0,1.0,0.0,0.0,0.0,1.0,0.0,1.0
train,DAPP::DAppSCAN-source/contracts/PeckShield-MilkySwap/milkyswap-59f163e9959cf8bae4a521a9648219b553312e07::UniswapV2Router02,UniswapV2Router02,DAppSCAN-source/contracts/PeckShield-MilkySwap/milkyswap-59f163e9959cf8bae4a521a9648219b553312e07/contracts/uniswapv2/UniswapV2Router02.sol,swapTokensForExactETH,i:swapTokensForExactETH,0.8356066692188823,protected reentrancy-like pattern,external call plus guard/modifier/state-update signal,0.0,0.0,0.0,1.0,0.0,0.0,0.0,1.0,1.0,0.0,0.0,0.0,0.0,0.0,1.0
train,"DAPP::DAppSCAN-source/contracts/Inspex-StakingPool, Vault, Strategy & VotingEscrow/scientix-contract-main::UniswapV2Router02",UniswapV2Router02,"DAppSCAN-source/contracts/Inspex-StakingPool, Vault, Strategy & VotingEscrow/scientix-contract-main/contracts/libraries/sushi/UniswapV2Router02.sol",swapTokensForExactETH,i:swapTokensForExactETH,0.8356056048046372,protected reentrancy-like pattern,external call plus guard/modifier/state-update signal,0.0,0.0,0.0,1.0,0.0,0.0,0.0,1.0,1.0,0.0,0.0,0.0,0.0,0.0,1.0
train,DAPP::DAppSCAN-source/contracts/Chainsecurity-Angle Protocol/angle-core-46e6d32837cbe97a4af0adb693e63afa0d01fc3e::PerpetualManager,PerpetualManager,DAppSCAN-source/contracts/Chainsecurity-Angle Protocol/angle-core-46e6d32837cbe97a4af0adb693e63afa0d01fc3e/contracts/perpetualManager/PerpetualManager.sol,setTargetAndLimitHAHedge,i:setTargetAndLimitHAHedge,0.8346378342869496,protected reentrancy-like pattern,external call plus guard/modifier/state-update signal,1.0,0.0,0.0,1.0,0.0,1.0,0.0,0.0,0.0,0.0,0.0,0.0,0.0,1.0,1.0
train,DAPP::DAppSCAN-source/contracts/QuillAudits-AAVE-ParaSwap Adapter/aave-protocol-v2-14e2ab47d95f42ec5ee486f367067e78a7588878::AaveProtocolDataProvider,AaveProtocolDataProvider,DAppSCAN-source/contracts/QuillAudits-AAVE-ParaSwap Adapter/aave-protocol-v2-14e2ab47d95f42ec5ee486f367067e78a7588878/contracts/misc/AaveProtocolDataProvider.sol,getAllReservesTokens,i:getAllReservesTokens,0.8319608996767085,trusted/fixed callee,callee receiver appears fixed/trusted,0.0,0.0,0.0,0.0,0.0,0.0,1.0,1.0,0.0,0.0,0.0,0.0,1.0,0.0,0.0
train,DAPP::DAppSCAN-source/contracts/openzeppelin-Optimism/contracts-18e128343731b9bde23812ce932e24d81440b6b7::TestLib_RingBuffer,TestLib_RingBuffer,DAppSCAN-source/contracts/openzeppelin-Optimism/contracts-18e128343731b9bde23812ce932e24d81440b6b7/contracts/test-libraries/utils/TestLib_RingBuffer.sol,push,i:push,0.8314192361902925,possible mislabeled negative,high score without detected safety signal,0.0,0.0,0.0,0.0,0.0,0.0,0.0,0.0,0.0,0.0,0.0,0.0,0.0,0.0,0.0
train,DAPP::DAppSCAN-source/contracts/Inspex-SpookySwap Integration & Fantom Expansion/bsc-alpaca-contract-4553a34a6dcfcfbf7aebc693bb5c5c6074c73129::MerkleDistributor,MerkleDistributor,DAppSCAN-source/contracts/Inspex-SpookySwap Integration & Fantom Expansion/bsc-alpaca-contract-4553a34a6dcfcfbf7aebc693bb5c5c6074c73129/contracts/6/token/MerkleDistributor.sol,deposit,i:deposit,0.8309287912601205,owner-only/admin-only risky function,access-control modifier or msg.sender guard detected,0.0,0.0,0.0,0.0,0.0,1.0,0.0,1.0,1.0,0.0,0.0,0.0,0.0,1.0,1.0
train,DAPP::DAppSCAN-source/contracts/Inspex-Optimized Worker/bsc-alpaca-contract-1aee2ceec77e3fd3162b74858c846cdc5692928d::MerkleDistributor,MerkleDistributor,DAppSCAN-source/contracts/Inspex-Optimized Worker/bsc-alpaca-contract-1aee2ceec77e3fd3162b74858c846cdc5692928d/contracts/6/token/MerkleDistributor.sol,deposit,i:deposit,0.8309287912601205,owner-only/admin-only risky function,access-control modifier or msg.sender guard detected,0.0,0.0,0.0,0.0,0.0,1.0,0.0,1.0,1.0,0.0,0.0,0.0,0.0,1.0,1.0
train,DAPP::DAppSCAN-source/contracts/Trail_of_Bits-FraxQ42021/frax-solidity-bd40775e283923aa9e32a107abd426430a99835e::UniV3LiquidityAMO_V2,UniV3LiquidityAMO_V2,DAppSCAN-source/contracts/Trail_of_Bits-FraxQ42021/frax-solidity-bd40775e283923aa9e32a107abd426430a99835e/src/hardhat/contracts/Misc_AMOs/UniV3LiquidityAMO_V2.sol,swap,i:swap,0.83001206748366,protected reentrancy-like pattern,external call plus guard/modifier/state-update signal,0.0,0.0,0.0,1.0,0.0,0.0,0.0,1.0,1.0,0.0,0.0,0.0,0.0,0.0,1.0
train,DAPP::DAppSCAN-source/contracts/Trail_of_Bits-FraxQ42021/frax-solidity-bd40775e283923aa9e32a107abd426430a99835e::FRAX3CRV_Curve_FXS_Distributor,FRAX3CRV_Curve_FXS_Distributor,DAppSCAN-source/contracts/Trail_of_Bits-FraxQ42021/frax-solidity-bd40775e283923aa9e32a107abd426430a99835e/src/hardhat/contracts/Staking/FRAX3CRV_Curve_FXS_Distributor.sol,stake,i:stake,0.8297946829923638,protected reentrancy-like pattern,external call plus guard/modifier/state-update signal,1.0,0.0,0.0,1.0,1.0,0.0,1.0,0.0,1.0,0.0,0.0,0.0,0.0,1.0,0.0
train,DAPP::DAppSCAN-source/contracts/Inspex-SpookySwap Integration & Fantom Expansion/bsc-alpaca-contract-4553a34a6dcfcfbf7aebc693bb5c5c6074c73129::WaultSwapWorker,WaultSwapWorker,DAppSCAN-source/contracts/Inspex-SpookySwap Integration & Fantom Expansion/bsc-alpaca-contract-4553a34a6dcfcfbf7aebc693bb5c5c6074c73129/contracts/6/protocol/workers/waultswap/WaultSwapWorker.sol,work,i:work,0.8293637725072239,protected reentrancy-like pattern,external call plus guard/modifier/state-update signal,0.0,0.0,0.0,1.0,1.0,1.0,1.0,0.0,1.0,0.0,0.0,0.0,1.0,1.0,1.0
train,DAPP::DAppSCAN-source/contracts/Inspex-Optimized Worker/bsc-alpaca-contract-1aee2ceec77e3fd3162b74858c846cdc5692928d::WaultSwapWorker,WaultSwapWorker,DAppSCAN-source/contracts/Inspex-Optimized Worker/bsc-alpaca-contract-1aee2ceec77e3fd3162b74858c846cdc5692928d/contracts/6/protocol/workers/waultswap/WaultSwapWorker.sol,work,i:work,0.8293637725072239,protected reentrancy-like pattern,external call plus guard/modifier/state-update signal,0.0,0.0,0.0,1.0,1.0,1.0,1.0,0.0,1.0,0.0,0.0,0.0,1.0,1.0,1.0
train,DAPP::DAppSCAN-source/contracts/Runtime_Vеrification-Element_Finance_Governance_Security_Audit_Report/council-3d751c959b42573c78ccd0bccbc80424bf6d9a90::TestCoreVoting,TestCoreVoting,DAppSCAN-source/contracts/Runtime_Vеrification-Element_Finance_Governance_Security_Audit_Report/council-3d751c959b42573c78ccd0bccbc80424bf6d9a90/contracts/mocks/TestCoreVoting.sol,vote,i:vote,0.8289883476330776,protected reentrancy-like pattern,external call plus guard/modifier/state-update signal,0.0,0.0,0.0,1.0,0.0,0.0,0.0,0.0,0.0,0.0,0.0,0.0,0.0,0.0,1.0
train,DAPP::DAppSCAN-source/contracts/PeckShield-AirSwap/airswap-protocols-b87d292aaf6e28ede564b7ea28ece39219994607::KittyCore,KittyCore,DAppSCAN-source/contracts/PeckShield-AirSwap/airswap-protocols-b87d292aaf6e28ede564b7ea28ece39219994607/source/tokens/contracts/KittyCore.sol,setGeneScienceAddress,i:setGeneScienceAddress,0.828509024342485,protected reentrancy-like pattern,external call plus guard/modifier/state-update signal,0.0,1.0,0.0,1.0,0.0,0.0,0.0,0.0,0.0,0.0,0.0,0.0,0.0,0.0,1.0
train,DAPP::DAppSCAN-source/contracts/PeckShield-AirSwap/airswap-protocols-b87d292aaf6e28ede564b7ea28ece39219994607::KittyAuction,KittyAuction,DAppSCAN-source/contracts/PeckShield-AirSwap/airswap-protocols-b87d292aaf6e28ede564b7ea28ece39219994607/source/tokens/contracts/KittyCore.sol,setGeneScienceAddress,i:setGeneScienceAddress,0.8285089396551037,protected reentrancy-like pattern,external call plus guard/modifier/state-update signal,0.0,1.0,0.0,1.0,0.0,0.0,0.0,0.0,0.0,0.0,0.0,0.0,0.0,0.0,1.0
train,DAPP::DAppSCAN-source/contracts/PeckShield-AirSwap/airswap-protocols-b87d292aaf6e28ede564b7ea28ece39219994607::KittyMinting,KittyMinting,DAppSCAN-source/contracts/PeckShield-AirSwap/airswap-protocols-b87d292aaf6e28ede564b7ea28ece39219994607/source/tokens/contracts/KittyCore.sol,setGeneScienceAddress,i:setGeneScienceAddress,0.8285089396551037,protected reentrancy-like pattern,external call plus guard/modifier/state-update signal,0.0,1.0,0.0,1.0,0.0,0.0,0.0,0.0,0.0,0.0,0.0,0.0,0.0,0.0,1.0
train,DAPP::DAppSCAN-source/contracts/QuillAudits-AAVE-ParaSwap Adapter/aave-protocol-v2-14e2ab47d95f42ec5ee486f367067e78a7588878::FlashLiquidationAdapter,FlashLiquidationAdapter,DAppSCAN-source/contracts/QuillAudits-AAVE-ParaSwap Adapter/aave-protocol-v2-14e2ab47d95f42ec5ee486f367067e78a7588878/contracts/adapters/FlashLiquidationAdapter.sol,_swapExactTokensForTokens,i:_swapExactTokensForTokens,0.8283470245251258,trusted/fixed callee,callee receiver appears fixed/trusted,0.0,0.0,0.0,0.0,0.0,0.0,0.0,1.0,1.0,0.0,0.0,0.0,0.0,0.0,0.0
train,DAPP::DAppSCAN-source/contracts/Trail_of_Bits-FraxQ42021/frax-solidity-bd40775e283923aa9e32a107abd426430a99835e::UniV3LiquidityAMO_V2_old,UniV3LiquidityAMO_V2_old,DAppSCAN-source/contracts/Trail_of_Bits-FraxQ42021/frax-solidity-bd40775e283923aa9e32a107abd426430a99835e/src/hardhat/contracts/Misc_AMOs/UniV3LiquidityAMO_V2_old.sol,swap,i:swap,0.8273006654102449,protected reentrancy-like pattern,external call plus guard/modifier/state-update signal,0.0,0.0,0.0,1.0,0.0,0.0,0.0,1.0,1.0,0.0,0.0,0.0,0.0,0.0,1.0
train,DAPP::DAppSCAN-source/contracts/consensys-Fei_Protocol_v2_Phase_1/fei-protocol-core-5e3e2ab889f06831f4fe2e8460066ded40ccf0a8::StableSwapOperatorV1,StableSwapOperatorV1,DAppSCAN-source/contracts/consensys-Fei_Protocol_v2_Phase_1/fei-protocol-core-5e3e2ab889f06831f4fe2e8460066ded40ccf0a8/contracts/pcv/curve/StableSwapOperatorV1.sol,withdraw,i:withdraw,0.8272769556610516,protected reentrancy-like pattern,external call plus guard/modifier/state-update signal,0.0,0.0,0.0,1.0,0.0,0.0,0.0,1.0,1.0,0.0,0.0,0.0,0.0,1.0,1.0
train,DAPP::DAppSCAN-source/contracts/Runtime_Vеrification-Element_Finance_Governance_Security_Audit_Report/council-3d751c959b42573c78ccd0bccbc80424bf6d9a90::GSCVault,GSCVault,DAppSCAN-source/contracts/Runtime_Vеrification-Element_Finance_Governance_Security_Audit_Report/council-3d751c959b42573c78ccd0bccbc80424bf6d9a90/contracts/vaults/GSCVault.sol,proveMembership,i:proveMembership,0.8271103357101378,protected reentrancy-like pattern,external call plus guard/modifier/state-update signal,0.0,0.0,0.0,1.0,0.0,0.0,0.0,0.0,0.0,0.0,0.0,0.0,0.0,0.0,1.0
train,DAPP::DAppSCAN-source/contracts/PeckShield-Convex_Frax/frax-cvx-platform-2f8573ee796daa022c1050b4a749bf08049c439b::StakingProxyERC20,StakingProxyERC20,DAppSCAN-source/contracts/PeckShield-Convex_Frax/frax-cvx-platform-2f8573ee796daa022c1050b4a749bf08049c439b/contracts/contracts/StakingProxyERC20.sol,initialize,i:initialize,0.8269878713837414,protected reentrancy-like pattern,external call plus guard/modifier/state-update signal,1.0,0.0,0.0,1.0,0.0,0.0,0.0,1.0,0.0,0.0,0.0,0.0,0.0,1.0,1.0
train,DAPP::DAppSCAN-source/contracts/Trail_of_Bits-YieldProtocol/fyDai-4422fda75931f2bfea49f5041ec90dc026e5c03d::Liquidations,Liquidations,DAppSCAN-source/contracts/Trail_of_Bits-YieldProtocol/fyDai-4422fda75931f2bfea49f5041ec90dc026e5c03d/contracts/Liquidations.sol,shutdown,i:shutdown,0.8267938036493313,protected reentrancy-like pattern,external call plus guard/modifier/state-update signal,0.0,1.0,0.0,1.0,0.0,0.0,0.0,1.0,0.0,0.0,0.0,0.0,0.0,0.0,1.0
train,DAPP::DAppSCAN-source/contracts/Inspex-Optimized Worker/bsc-alpaca-contract-1aee2ceec77e3fd3162b74858c846cdc5692928d::PancakeswapV2Worker,PancakeswapV2Worker,DAppSCAN-source/contracts/Inspex-Optimized Worker/bsc-alpaca-contract-1aee2ceec77e3fd3162b74858c846cdc5692928d/contracts/6/protocol/workers/pcs/PancakeswapV2Worker.sol,work,i:work,0.8263646855949393,protected reentrancy-like pattern,external call plus guard/modifier/state-update signal,0.0,0.0,0.0,1.0,1.0,1.0,1.0,0.0,1.0,0.0,0.0,0.0,1.0,1.0,1.0
train,DAPP::DAppSCAN-source/contracts/Inspex-SpookySwap Integration & Fantom Expansion/bsc-alpaca-contract-4553a34a6dcfcfbf7aebc693bb5c5c6074c73129::PancakeswapV2Worker,PancakeswapV2Worker,DAppSCAN-source/contracts/Inspex-SpookySwap Integration & Fantom Expansion/bsc-alpaca-contract-4553a34a6dcfcfbf7aebc693bb5c5c6074c73129/contracts/6/protocol/workers/pcs/PancakeswapV2Worker.sol,work,i:work,0.8263025519097605,protected reentrancy-like pattern,external call plus guard/modifier/state-update signal,0.0,0.0,0.0,1.0,1.0,1.0,1.0,0.0,1.0,0.0,0.0,0.0,1.0,1.0,1.0
train,DAPP::DAppSCAN-source/contracts/Coinbae-Barnbridge_Vault/CommunityVault0xA3C299eEE1998F45c20010276684921EBE6423D9::Staking,Staking,DAppSCAN-source/contracts/Coinbae-Barnbridge_Vault/CommunityVault0xA3C299eEE1998F45c20010276684921EBE6423D9/contracts/Staking.sol,deposit,i:deposit,0.8250754935615968,protected reentrancy-like pattern,external call plus guard/modifier/state-update signal,0.0,0.0,0.0,1.0,1.0,0.0,1.0,0.0,0.0,0.0,0.0,0.0,0.0,1.0,1.0
train,DAPP::DAppSCAN-source/contracts/PeckShield-DSG/core-6f607f77698936e132e4e9b5cb4d75580636d919::GovernorV1,GovernorV1,DAppSCAN-source/contracts/PeckShield-DSG/core-6f607f77698936e132e4e9b5cb4d75580636d919/contracts/governance/GovernorV1.sol,propose,i:propose,0.8244230876180815,protected reentrancy-like pattern,external call plus guard/modifier/state-update signal,0.0,1.0,0.0,1.0,0.0,0.0,1.0,0.0,0.0,0.0,0.0,0.0,0.0,1.0,1.0
train,DAPP::DAppSCAN-source/contracts/Inspex-SpookySwap Integration & Fantom Expansion/bsc-alpaca-contract-4553a34a6dcfcfbf7aebc693bb5c5c6074c73129::PancakeswapWorker,PancakeswapWorker,DAppSCAN-source/contracts/Inspex-SpookySwap Integration & Fantom Expansion/bsc-alpaca-contract-4553a34a6dcfcfbf7aebc693bb5c5c6074c73129/contracts/6/protocol/workers/pcs/PancakeswapWorker.sol,work,i:work,0.8241224324276422,protected reentrancy-like pattern,external call plus guard/modifier/state-update signal,0.0,0.0,0.0,1.0,1.0,1.0,1.0,0.0,1.0,0.0,0.0,0.0,1.0,1.0,1.0
train,DAPP::DAppSCAN-source/contracts/Inspex-Optimized Worker/bsc-alpaca-contract-1aee2ceec77e3fd3162b74858c846cdc5692928d::PancakeswapV2WorkerMigrate,PancakeswapV2WorkerMigrate,DAppSCAN-source/contracts/Inspex-Optimized Worker/bsc-alpaca-contract-1aee2ceec77e3fd3162b74858c846cdc5692928d/contracts/6/protocol/workers/pcs/PancakeswapV2WorkerMigrate.sol,work,i:work,0.8240734245268456,protected reentrancy-like pattern,external call plus guard/modifier/state-update signal,0.0,0.0,0.0,1.0,1.0,1.0,1.0,0.0,1.0,0.0,0.0,0.0,1.0,1.0,1.0
train,DAPP::DAppSCAN-source/contracts/Inspex-SpookySwap Integration & Fantom Expansion/bsc-alpaca-contract-4553a34a6dcfcfbf7aebc693bb5c5c6074c73129::PancakeswapV2WorkerMigrate,PancakeswapV2WorkerMigrate,DAppSCAN-source/contracts/Inspex-SpookySwap Integration & Fantom Expansion/bsc-alpaca-contract-4553a34a6dcfcfbf7aebc693bb5c5c6074c73129/contracts/6/protocol/workers/pcs/PancakeswapV2WorkerMigrate.sol,work,i:work,0.8240647139593568,protected reentrancy-like pattern,external call plus guard/modifier/state-update signal,0.0,0.0,0.0,1.0,1.0,1.0,1.0,0.0,1.0,0.0,0.0,0.0,1.0,1.0,1.0
train,DAPP::DAppSCAN-source/contracts/Inspex-Optimized Worker/bsc-alpaca-contract-1aee2ceec77e3fd3162b74858c846cdc5692928d::PancakeswapWorker,PancakeswapWorker,DAppSCAN-source/contracts/Inspex-Optimized Worker/bsc-alpaca-contract-1aee2ceec77e3fd3162b74858c846cdc5692928d/contracts/6/protocol/workers/pcs/PancakeswapWorker.sol,work,i:work,0.8240489338334293,protected reentrancy-like pattern,external call plus guard/modifier/state-update signal,0.0,0.0,0.0,1.0,1.0,1.0,1.0,0.0,1.0,0.0,0.0,0.0,1.0,1.0,1.0
train,DAPP::DAppSCAN-source/contracts/Trail_of_Bits-Primitive/rmm-core-5dcf4306fc32fb9a4e3c154deb86f6b9d513c344::TestRouter,TestRouter,DAppSCAN-source/contracts/Trail_of_Bits-Primitive/rmm-core-5dcf4306fc32fb9a4e3c154deb86f6b9d513c344/contracts/test/TestRouter.sol,allocateCallback,i:allocateCallback,0.8235320347868385,protected reentrancy-like pattern,external call plus guard/modifier/state-update signal,1.0,1.0,0.0,0.0,0.0,0.0,0.0,1.0,0.0,0.0,0.0,0.0,1.0,0.0,1.0
train,"DAPP::DAppSCAN-source/contracts/Inspex-FairLaunch, Token, Vault & Workers/Meow-Finance-4a4f13efaf5e5fbed74c0ed23b665751e655d715::QuickswapWorker",QuickswapWorker,"DAppSCAN-source/contracts/Inspex-FairLaunch, Token, Vault & Workers/Meow-Finance-4a4f13efaf5e5fbed74c0ed23b665751e655d715/contracts/protocol/workers/QuickswapWorker.sol",work,i:work,0.8226182297703936,protected reentrancy-like pattern,external call plus guard/modifier/state-update signal,0.0,0.0,0.0,1.0,1.0,1.0,1.0,0.0,1.0,0.0,0.0,0.0,1.0,1.0,1.0
train,DAPP::DAppSCAN-source/contracts/Chainsulting-Furucombo-project2/trevi-b3f7fd332873321152db48c9d43fc23a60a29f1a::HarvestPermit,HarvestPermit,DAppSCAN-source/contracts/Chainsulting-Furucombo-project2/trevi-b3f7fd332873321152db48c9d43fc23a60a29f1a/contracts/HarvestPermit.sol,permit,i:permit,0.8220405455873668,protected reentrancy-like pattern,external call plus guard/modifier/state-update signal,0.0,0.0,0.0,1.0,0.0,0.0,0.0,1.0,0.0,0.0,0.0,0.0,1.0,1.0,1.0
train,DAPP::DAppSCAN-source/contracts/PeckShield-DSG/core-6f607f77698936e132e4e9b5cb4d75580636d919::vDSGToken,vDSGToken,DAppSCAN-source/contracts/PeckShield-DSG/core-6f607f77698936e132e4e9b5cb4d75580636d919/contracts/token/vDSGToken.sol,_updateAlpha,i:_updateAlpha,0.8202493543272381,protected reentrancy-like pattern,external call plus guard/modifier/state-update signal,1.0,1.0,0.0,1.0,0.0,0.0,1.0,0.0,0.0,0.0,0.0,0.0,0.0,1.0,0.0
train,DAPP::DAppSCAN-source/contracts/PeckShield-Convex_Frax/frax-cvx-platform-2f8573ee796daa022c1050b4a749bf08049c439b::FraxUnifiedFarm_UniV3,FraxUnifiedFarm_UniV3,DAppSCAN-source/contracts/PeckShield-Convex_Frax/frax-cvx-platform-2f8573ee796daa022c1050b4a749bf08049c439b/contracts/references/FraxPool_UniV3.sol,_stakeLocked,i:_stakeLocked,0.8172633577297398,protected reentrancy-like pattern,external call plus guard/modifier/state-update signal,1.0,1.0,0.0,1.0,0.0,0.0,1.0,0.0,1.0,0.0,0.0,0.0,1.0,0.0,1.0
train,DAPP::DAppSCAN-source/contracts/PeckShield-Convex_Frax/frax-cvx-platform-2f8573ee796daa022c1050b4a749bf08049c439b::FraxUnifiedFarm_ERC20_Vesper_Orbit_FRAX,FraxUnifiedFarm_ERC20_Vesper_Orbit_FRAX,DAppSCAN-source/contracts/PeckShield-Convex_Frax/frax-cvx-platform-2f8573ee796daa022c1050b4a749bf08049c439b/contracts/references/FraxPool_ERC20.sol,_stakeLocked,i:_stakeLocked,0.8161410152846675,protected reentrancy-like pattern,external call plus guard/modifier/state-update signal,1.0,1.0,0.0,1.0,0.0,0.0,0.0,0.0,1.0,0.0,0.0,0.0,1.0,0.0,1.0
train,DAPP::DAppSCAN-source/contracts/PeckShield-Convex_Frax/frax-cvx-platform-2f8573ee796daa022c1050b4a749bf08049c439b::FraxUnifiedFarm_ERC20,FraxUnifiedFarm_ERC20,DAppSCAN-source/contracts/PeckShield-Convex_Frax/frax-cvx-platform-2f8573ee796daa022c1050b4a749bf08049c439b/contracts/references/FraxPool_ERC20.sol,_stakeLocked,i:_stakeLocked,0.8161401387743286,protected reentrancy-like pattern,external call plus guard/modifier/state-update signal,1.0,1.0,0.0,1.0,0.0,0.0,0.0,0.0,1.0,0.0,0.0,0.0,1.0,0.0,1.0
train,DAPP::DAppSCAN-source/contracts/QuillAudits-Alium Finance Smart Contract/alium-farm-e37d6af39af68049c2684085f025385407b4bd55::WBNB,WBNB,DAppSCAN-source/contracts/QuillAudits-Alium Finance Smart Contract/alium-farm-e37d6af39af68049c2684085f025385407b4bd55/contracts/libs/WBNB.sol,withdraw,i:withdraw,0.8159537263287734,protected reentrancy-like pattern,external call plus guard/modifier/state-update signal,0.0,0.0,0.0,1.0,0.0,0.0,0.0,0.0,0.0,0.0,0.0,0.0,0.0,0.0,0.0
train,DAPP::DAppSCAN-source/contracts/Trail_of_Bits-YieldProtocol/fyDai-4422fda75931f2bfea49f5041ec90dc026e5c03d::WETH9,WETH9,DAppSCAN-source/contracts/Trail_of_Bits-YieldProtocol/fyDai-4422fda75931f2bfea49f5041ec90dc026e5c03d/contracts/external/maker/weth.sol,withdraw,i:withdraw,0.8159536368185285,protected reentrancy-like pattern,external call plus guard/modifier/state-update signal,0.0,0.0,0.0,1.0,0.0,0.0,0.0,0.0,0.0,0.0,0.0,0.0,0.0,0.0,0.0
train,DAPP::DAppSCAN-source/contracts/PeckShield-BabySwap/code::WBNB,WBNB,DAppSCAN-source/contracts/PeckShield-BabySwap/code/baby-swap-contract-cac289bf978d969c95721c2adb9f199cee72ffa6/contracts/token/WBNB.sol,withdraw,i:withdraw,0.8159536010144213,protected reentrancy-like pattern,external call plus guard/modifier/state-update signal,0.0,0.0,0.0,1.0,0.0,0.0,0.0,0.0,0.0,0.0,0.0,0.0,0.0,0.0,0.0
train,DAPP::DAppSCAN-source/contracts/PeckShield-AirSwap/airswap-protocols-b87d292aaf6e28ede564b7ea28ece39219994607::WETH9,WETH9,DAppSCAN-source/contracts/PeckShield-AirSwap/airswap-protocols-b87d292aaf6e28ede564b7ea28ece39219994607/source/tokens/contracts/WETH9.sol,withdraw,i:withdraw,0.8159536010144213,protected reentrancy-like pattern,external call plus guard/modifier/state-update signal,0.0,0.0,0.0,1.0,0.0,0.0,0.0,0.0,0.0,0.0,0.0,0.0,0.0,0.0,0.0
train,DAPP::DAppSCAN-source/contracts/Trail_of_Bits-FraxFinance/frax-solidity-3f0993a70e3496fd27887db7754d68709c84015e::MigratableFarmBSC_FRAX_FXS,MigratableFarmBSC_FRAX_FXS,DAppSCAN-source/contracts/Trail_of_Bits-FraxFinance/frax-solidity-3f0993a70e3496fd27887db7754d68709c84015e/contracts/__BSC/Staking/Variants/MigratableFarmBSC_FRAX_FXS.sol,_stake,i:_stake,0.8155536194597438,protected reentrancy-like pattern,external call plus guard/modifier/state-update signal,1.0,1.0,0.0,1.0,1.0,0.0,0.0,0.0,1.0,0.0,0.0,0.0,1.0,1.0,1.0
train,DAPP::DAppSCAN-source/contracts/Trail_of_Bits-FraxFinance/frax-solidity-3f0993a70e3496fd27887db7754d68709c84015e::MigratableFarmBSC,MigratableFarmBSC,DAppSCAN-source/contracts/Trail_of_Bits-FraxFinance/frax-solidity-3f0993a70e3496fd27887db7754d68709c84015e/contracts/__BSC/Staking/MigratableFarmBSC.sol,_stake,i:_stake,0.8155528125108967,protected reentrancy-like pattern,external call plus guard/modifier/state-update signal,1.0,1.0,0.0,1.0,1.0,0.0,0.0,0.0,1.0,0.0,0.0,0.0,1.0,1.0,1.0
train,DAPP::DAppSCAN-source/contracts/Trail_of_Bits-88mph/88mph-contracts-76cd9d1fc45e65f5d0f686621fe6af85c40aa140::AaveMarket,AaveMarket,DAppSCAN-source/contracts/Trail_of_Bits-88mph/88mph-contracts-76cd9d1fc45e65f5d0f686621fe6af85c40aa140/contracts/moneymarkets/aave/AaveMarket.sol,deposit,i:deposit,0.81465771819356,protected reentrancy-like pattern,external call plus guard/modifier/state-update signal,0.0,0.0,0.0,1.0,0.0,1.0,0.0,0.0,1.0,0.0,0.0,0.0,0.0,1.0,1.0
train,DAPP::DAppSCAN-source/contracts/Chainsecurity-Compound  cToken unredacted/compound-protocol-4a54ec5c55b66ea67d44b76f3056f0ed7229db8c::CTokenCollateral,CTokenCollateral,DAppSCAN-source/contracts/Chainsecurity-Compound  cToken unredacted/compound-protocol-4a54ec5c55b66ea67d44b76f3056f0ed7229db8c/spec/certora/contracts/CTokenCollateral.sol,liquidateBorrowInternal,i:liquidateBorrowInternal,0.8146544422671712,protected reentrancy-like pattern,external call plus guard/modifier/state-update signal,0.0,0.0,0.0,1.0,1.0,0.0,1.0,0.0,0.0,0.0,0.0,0.0,1.0,1.0,1.0
val,DAPP::DAppSCAN-source/contracts/Trail_of_Bits-FujiProtocol/fuji-protocol-933ea57b11889d87744efa23e95c90b7bf589402::Fliquidator,Fliquidator,DAppSCAN-source/contracts/Trail_of_Bits-FujiProtocol/fuji-protocol-933ea57b11889d87744efa23e95c90b7bf589402/contracts/Fliquidator.sol,batchLiquidate,i:batchLiquidate,0.9847546359032936,protected reentrancy-like pattern,external call plus guard/modifier/state-update signal,0.0,0.0,0.0,0.0,1.0,0.0,0.0,1.0,1.0,0.0,0.0,0.0,0.0,1.0,1.0
val,DAPP::DAppSCAN-source/contracts/PeckShield-TranchessV1.1/contract-core-68a86350313c1cb9e5467e791d3e9efaf228a0df::ExchangeV2,ExchangeV2,DAppSCAN-source/contracts/PeckShield-TranchessV1.1/contract-core-68a86350313c1cb9e5467e791d3e9efaf228a0df/contracts/exchange/ExchangeV2.sol,_initializeStaking,i:_initializeStaking,0.9818597053142305,protected reentrancy-like pattern,external call plus guard/modifier/state-update signal,1.0,0.0,0.0,1.0,0.0,0.0,0.0,0.0,0.0,0.0,0.0,0.0,0.0,0.0,1.0
val,DAPP::DAppSCAN-source/contracts/QuillAudits-GearBox Protocol-GearBox Protocol/gearbox-contracts-0ac33ba87212ce056ac6b6357ad74161d417158a::CreditManager,CreditManager,DAppSCAN-source/contracts/QuillAudits-GearBox Protocol-GearBox Protocol/gearbox-contracts-0ac33ba87212ce056ac6b6357ad74161d417158a/contracts/credit/CreditManager.sol,openCreditAccount,i:openCreditAccount,0.9794524906369877,protected reentrancy-like pattern,external call plus guard/modifier/state-update signal,0.0,0.0,0.0,1.0,1.0,0.0,1.0,1.0,1.0,0.0,0.0,0.0,0.0,1.0,1.0
val,DAPP::DAppSCAN-source/contracts/PeckShield-Tranchessv1.0/contract-core-5ac3d997da3ef37b0135565a11c5ebcc519862aa::Exchange,Exchange,DAppSCAN-source/contracts/PeckShield-Tranchessv1.0/contract-core-5ac3d997da3ef37b0135565a11c5ebcc519862aa/contracts/exchange/Exchange.sol,_buy,i:_buy,0.9787942113594686,protected reentrancy-like pattern,external call plus guard/modifier/state-update signal,0.0,0.0,0.0,1.0,0.0,0.0,1.0,0.0,0.0,0.0,0.0,0.0,1.0,0.0,1.0
val,DAPP::DAppSCAN-source/contracts/PeckShield-TranchessV1.1/contract-core-68a86350313c1cb9e5467e791d3e9efaf228a0df::Exchange,Exchange,DAppSCAN-source/contracts/PeckShield-TranchessV1.1/contract-core-68a86350313c1cb9e5467e791d3e9efaf228a0df/contracts/exchange/Exchange.sol,deposit,i:deposit,0.978794201462185,safe ERC20 wrapper,SafeERC20-style method detected,0.0,0.0,0.0,0.0,0.0,0.0,1.0,0.0,1.0,0.0,0.0,0.0,1.0,0.0,1.0
val,DAPP::DAppSCAN-source/contracts/PeckShield-Donut/crossroad-550a8c3c010dc8c1a46ea9191d3841462bd58d82::Crossroad,Crossroad,DAppSCAN-source/contracts/PeckShield-Donut/crossroad-550a8c3c010dc8c1a46ea9191d3841462bd58d82/contracts/Crossroad.sol,cancelOrder,i:cancelOrder,0.9785034815241731,protected reentrancy-like pattern,external call plus guard/modifier/state-update signal,0.0,0.0,0.0,1.0,0.0,0.0,0.0,1.0,1.0,0.0,0.0,0.0,0.0,0.0,1.0
val,DAPP::DAppSCAN-source/contracts/Trail_of_Bits-setprotocol/set-protocol-contracts-b4acf144c10b1d9f3ecde4ee2820931df1cb8e4a::RebalancingSetExchangeIssuanceModule,RebalancingSetExchangeIssuanceModule,DAppSCAN-source/contracts/Trail_of_Bits-setprotocol/set-protocol-contracts-b4acf144c10b1d9f3ecde4ee2820931df1cb8e4a/contracts/core/modules/RebalancingSetExchangeIssuanceModule.sol,validateRedeemInputs,i:validateRedeemInputs,0.9759942874718133,protected reentrancy-like pattern,external call plus guard/modifier/state-update signal,1.0,0.0,0.0,1.0,0.0,0.0,1.0,0.0,0.0,0.0,0.0,0.0,0.0,1.0,1.0
val,FORGE::vfp_00001::AutonomousAgentDeployer,AutonomousAgentDeployer,AutonomousAgentDeployer.sol,swapExactSPECForTokens,i:swapExactSPECForTokens,0.9748777665229649,protected reentrancy-like pattern,external call plus guard/modifier/state-update signal,0.0,0.0,0.0,1.0,1.0,0.0,0.0,1.0,1.0,0.0,0.0,0.0,0.0,1.0,1.0
val,DAPP::DAppSCAN-source/contracts/Trail_of_Bits-setprotocol/set-protocol-contracts-b4acf144c10b1d9f3ecde4ee2820931df1cb8e4a::Core,Core,DAppSCAN-source/contracts/Trail_of_Bits-setprotocol/set-protocol-contracts-b4acf144c10b1d9f3ecde4ee2820931df1cb8e4a/contracts/core/Core.sol,removeFactory,i:removeFactory,0.9731879627186301,protected reentrancy-like pattern,external call plus guard/modifier/state-update signal,0.0,0.0,0.0,1.0,0.0,1.0,0.0,0.0,0.0,0.0,0.0,0.0,0.0,1.0,1.0
val,DAPP::DAppSCAN-source/contracts/Trail_of_Bits-setprotocol/set-protocol-contracts-b4acf144c10b1d9f3ecde4ee2820931df1cb8e4a::CoreAccounting,CoreAccounting,DAppSCAN-source/contracts/Trail_of_Bits-setprotocol/set-protocol-contracts-b4acf144c10b1d9f3ecde4ee2820931df1cb8e4a/contracts/core/extensions/CoreAccounting.sol,deposit,i:deposit,0.9731879627186301,protected reentrancy-like pattern,external call plus guard/modifier/state-update signal,0.0,0.0,0.0,0.0,1.0,0.0,0.0,0.0,0.0,0.0,0.0,0.0,0.0,1.0,1.0
val,DAPP::DAppSCAN-source/contracts/Trail_of_Bits-FujiProtocol/fuji-protocol-933ea57b11889d87744efa23e95c90b7bf589402::Flasher,Flasher,DAppSCAN-source/contracts/Trail_of_Bits-FujiProtocol/fuji-protocol-933ea57b11889d87744efa23e95c90b7bf589402/contracts/flashloans/Flasher.sol,executeOperation,i:executeOperation,0.9730956367902479,protected reentrancy-like pattern,external call plus guard/modifier/state-update signal,0.0,0.0,0.0,1.0,0.0,0.0,0.0,1.0,0.0,0.0,0.0,0.0,0.0,0.0,1.0
val,DAPP::DAppSCAN-source/contracts/Trail_of_Bits-YieldV2/vault-v2-819a713416249da92c44eb629ed26a49425a4656::FlashBorrower,FlashBorrower,DAppSCAN-source/contracts/Trail_of_Bits-YieldV2/vault-v2-819a713416249da92c44eb629ed26a49425a4656/contracts/mocks/FlashBorrower.sol,onFlashLoan,i:onFlashLoan,0.9700907982525714,protected reentrancy-like pattern,external call plus guard/modifier/state-update signal,1.0,0.0,0.0,1.0,0.0,0.0,0.0,1.0,0.0,0.0,0.0,0.0,0.0,0.0,1.0
val,DAPP::DAppSCAN-source/contracts/Trail_of_Bits-YieldV2/vault-v2-819a713416249da92c44eb629ed26a49425a4656::MakerImportModule,MakerImportModule,DAppSCAN-source/contracts/Trail_of_Bits-YieldV2/vault-v2-819a713416249da92c44eb629ed26a49425a4656/contracts/modules/MakerImportModule.sol,_importCdpPosition,i:_importCdpPosition,0.9681260583166184,trusted/fixed callee,callee receiver appears fixed/trusted,0.0,0.0,0.0,0.0,0.0,0.0,1.0,1.0,0.0,0.0,0.0,0.0,0.0,1.0,0.0
val,DAPP::DAppSCAN-source/contracts/QuillAudits-GearBox Protocol-GearBox Protocol/gearbox-contracts-0ac33ba87212ce056ac6b6357ad74161d417158a::AccountMining,AccountMining,DAppSCAN-source/contracts/QuillAudits-GearBox Protocol-GearBox Protocol/gearbox-contracts-0ac33ba87212ce056ac6b6357ad74161d417158a/contracts/core/AccountMining.sol,claim,i:claim,0.9675840896541997,protected reentrancy-like pattern,external call plus guard/modifier/state-update signal,0.0,0.0,0.0,1.0,0.0,0.0,1.0,1.0,0.0,0.0,0.0,0.0,0.0,0.0,1.0
val,DAPP::DAppSCAN-source/contracts/Trail_of_Bits-setprotocol/set-protocol-contracts-b4acf144c10b1d9f3ecde4ee2820931df1cb8e4a::RebalancingSetToken,RebalancingSetToken,DAppSCAN-source/contracts/Trail_of_Bits-setprotocol/set-protocol-contracts-b4acf144c10b1d9f3ecde4ee2820931df1cb8e4a/contracts/core/tokens/RebalancingSetToken.sol,settleRebalance,i:settleRebalance,0.9644909347500703,protected reentrancy-like pattern,external call plus guard/modifier/state-update signal,1.0,1.0,0.0,0.0,0.0,0.0,0.0,0.0,0.0,0.0,0.0,0.0,0.0,0.0,1.0
val,DAPP::DAppSCAN-source/contracts/QuillAudits-GearBox Protocol-GearBox Protocol/gearbox-contracts-0ac33ba87212ce056ac6b6357ad74161d417158a::CreditFilter,CreditFilter,DAppSCAN-source/contracts/QuillAudits-GearBox Protocol-GearBox Protocol/gearbox-contracts-0ac33ba87212ce056ac6b6357ad74161d417158a/contracts/credit/CreditFilter.sol,pause,i:pause,0.9599913941369538,protected reentrancy-like pattern,external call plus guard/modifier/state-update signal,0.0,0.0,0.0,1.0,0.0,1.0,0.0,0.0,0.0,0.0,0.0,0.0,0.0,1.0,1.0
val,DAPP::DAppSCAN-source/contracts/Trail_of_Bits-FujiProtocol/fuji-protocol-933ea57b11889d87744efa23e95c90b7bf589402::Controller,Controller,DAppSCAN-source/contracts/Trail_of_Bits-FujiProtocol/fuji-protocol-933ea57b11889d87744efa23e95c90b7bf589402/contracts/Controller.sol,doRefinancing,i:doRefinancing,0.9599089716946723,other recurring pattern,no stronger taxonomy signal,0.0,0.0,0.0,0.0,0.0,0.0,1.0,0.0,0.0,0.0,0.0,0.0,0.0,0.0,0.0
val,DAPP::DAppSCAN-source/contracts/consensys-MCDEX_Mai_Protocol_V2/mai-protocol-v2-4b198083ec4ae2d6851e101fc44ea333eaa3cd92::Exchange,Exchange,DAppSCAN-source/contracts/consensys-MCDEX_Mai_Protocol_V2/mai-protocol-v2-4b198083ec4ae2d6851e101fc44ea333eaa3cd92/contracts/exchange/Exchange.sol,matchOrders,i:matchOrders,0.9555043363147943,protected reentrancy-like pattern,external call plus guard/modifier/state-update signal,0.0,0.0,0.0,1.0,0.0,0.0,1.0,0.0,0.0,0.0,0.0,0.0,0.0,0.0,1.0
val,DAPP::DAppSCAN-source/contracts/consensys-MCDEX_Mai_Protocol_V2/mai-protocol-v2-4b198083ec4ae2d6851e101fc44ea333eaa3cd92::Position,Position,DAppSCAN-source/contracts/consensys-MCDEX_Mai_Protocol_V2/mai-protocol-v2-4b198083ec4ae2d6851e101fc44ea333eaa3cd92/contracts/perpetual/Position.sol,_withdraw,i:_withdraw,0.9541721382728344,protected reentrancy-like pattern,external call plus guard/modifier/state-update signal,0.0,0.0,0.0,1.0,0.0,0.0,1.0,1.0,1.0,0.0,0.0,0.0,1.0,0.0,0.0
val,DAPP::DAppSCAN-source/contracts/consensys-MCDEX_Mai_Protocol_V2/mai-protocol-v2-4b198083ec4ae2d6851e101fc44ea333eaa3cd92::TestPosition,TestPosition,DAppSCAN-source/contracts/consensys-MCDEX_Mai_Protocol_V2/mai-protocol-v2-4b198083ec4ae2d6851e101fc44ea333eaa3cd92/contracts/test/TestPosition.sol,_withdraw,i:_withdraw,0.9541721382728344,protected reentrancy-like pattern,external call plus guard/modifier/state-update signal,0.0,0.0,0.0,1.0,0.0,0.0,1.0,1.0,1.0,0.0,0.0,0.0,1.0,0.0,0.0
val,DAPP::DAppSCAN-source/contracts/PeckShield-Tranchessv1.0/contract-core-5ac3d997da3ef37b0135565a11c5ebcc519862aa::PrimaryMarket,PrimaryMarket,DAppSCAN-source/contracts/PeckShield-Tranchessv1.0/contract-core-5ac3d997da3ef37b0135565a11c5ebcc519862aa/contracts/fund/PrimaryMarket.sol,settle,i:settle,0.9524703594396333,protected reentrancy-like pattern,external call plus guard/modifier/state-update signal,0.0,1.0,0.0,1.0,1.0,0.0,1.0,1.0,0.0,0.0,0.0,0.0,0.0,1.0,1.0
val,DAPP::DAppSCAN-source/contracts/consensys-Zer0_zBanc/zBanc-48da0ac1eebbe31a74742f1ae4281b156f03a4bc::LiquidityPoolV1Converter,LiquidityPoolV1Converter,DAppSCAN-source/contracts/consensys-Zer0_zBanc/zBanc-48da0ac1eebbe31a74742f1ae4281b156f03a4bc/solidity/contracts/converter/types/liquidity-pool-v1/LiquidityPoolV1Converter.sol,withdrawETH,i:withdrawETH,0.9492667180092673,protected reentrancy-like pattern,external call plus guard/modifier/state-update signal,1.0,0.0,0.0,1.0,0.0,0.0,1.0,0.0,0.0,0.0,0.0,0.0,1.0,1.0,1.0
val,DAPP::DAppSCAN-source/contracts/consensys-Zer0_zBanc/zBanc-48da0ac1eebbe31a74742f1ae4281b156f03a4bc::TestLiquidityPoolV1Converter,TestLiquidityPoolV1Converter,DAppSCAN-source/contracts/consensys-Zer0_zBanc/zBanc-48da0ac1eebbe31a74742f1ae4281b156f03a4bc/solidity/contracts/helpers/TestLiquidityPoolV1Converter.sol,withdrawETH,i:withdrawETH,0.9492476428483887,protected reentrancy-like pattern,external call plus guard/modifier/state-update signal,1.0,0.0,0.0,1.0,0.0,0.0,1.0,0.0,0.0,0.0,0.0,0.0,1.0,1.0,1.0
val,DAPP::DAppSCAN-source/contracts/Trail_of_Bits-setprotocol/set-protocol-contracts-b4acf144c10b1d9f3ecde4ee2820931df1cb8e4a::RebalanceAuctionModule,RebalanceAuctionModule,DAppSCAN-source/contracts/Trail_of_Bits-setprotocol/set-protocol-contracts-b4acf144c10b1d9f3ecde4ee2820931df1cb8e4a/contracts/core/modules/RebalanceAuctionModule.sol,withdrawFromFailedRebalance,i:withdrawFromFailedRebalance,0.9489758364530887,protected reentrancy-like pattern,external call plus guard/modifier/state-update signal,0.0,0.0,0.0,1.0,1.0,0.0,1.0,0.0,0.0,0.0,0.0,0.0,0.0,1.0,1.0
val,DAPP::DAppSCAN-source/contracts/consensys-MCDEX_Mai_Protocol_V2/mai-protocol-v2-4b198083ec4ae2d6851e101fc44ea333eaa3cd92::Collateral,Collateral,DAppSCAN-source/contracts/consensys-MCDEX_Mai_Protocol_V2/mai-protocol-v2-4b198083ec4ae2d6851e101fc44ea333eaa3cd92/contracts/perpetual/Collateral.sol,_withdraw,i:_withdraw,0.9486122611306339,protected reentrancy-like pattern,external call plus guard/modifier/state-update signal,0.0,0.0,0.0,1.0,0.0,0.0,1.0,1.0,1.0,0.0,0.0,0.0,0.0,0.0,0.0
val,DAPP::DAppSCAN-source/contracts/consensys-MCDEX_Mai_Protocol_V2/mai-protocol-v2-4b198083ec4ae2d6851e101fc44ea333eaa3cd92::TestCollateral,TestCollateral,DAppSCAN-source/contracts/consensys-MCDEX_Mai_Protocol_V2/mai-protocol-v2-4b198083ec4ae2d6851e101fc44ea333eaa3cd92/contracts/test/TestCollateral.sol,_withdraw,i:_withdraw,0.9486122611306339,protected reentrancy-like pattern,external call plus guard/modifier/state-update signal,0.0,0.0,0.0,1.0,0.0,0.0,1.0,1.0,1.0,0.0,0.0,0.0,0.0,0.0,0.0
val,DAPP::DAppSCAN-source/contracts/Trail_of_Bits-setprotocol/set-protocol-contracts-b4acf144c10b1d9f3ecde4ee2820931df1cb8e4a::ExchangeIssuanceModule,ExchangeIssuanceModule,DAppSCAN-source/contracts/Trail_of_Bits-setprotocol/set-protocol-contracts-b4acf144c10b1d9f3ecde4ee2820931df1cb8e4a/contracts/core/modules/ExchangeIssuanceModule.sol,validateExchangeIssuanceParams,i:validateExchangeIssuanceParams,0.9429668763803142,protected reentrancy-like pattern,external call plus guard/modifier/state-update signal,0.0,0.0,0.0,1.0,0.0,0.0,1.0,0.0,0.0,0.0,0.0,0.0,1.0,1.0,1.0
val,DAPP::DAppSCAN-source/contracts/PeckShield-Tranchessv1.0/contract-core-5ac3d997da3ef37b0135565a11c5ebcc519862aa::VestingEscrow,VestingEscrow,DAppSCAN-source/contracts/PeckShield-Tranchessv1.0/contract-core-5ac3d997da3ef37b0135565a11c5ebcc519862aa/contracts/governance/VestingEscrow.sol,initialize,i:initialize,0.9397838208109293,protected reentrancy-like pattern,external call plus guard/modifier/state-update signal,1.0,1.0,0.0,1.0,0.0,0.0,0.0,1.0,0.0,0.0,0.0,0.0,0.0,1.0,0.0
val,DAPP::DAppSCAN-source/contracts/consensys-MCDEX_Mai_Protocol_V2/mai-protocol-v2-4b198083ec4ae2d6851e101fc44ea333eaa3cd92::Perpetual,Perpetual,DAppSCAN-source/contracts/consensys-MCDEX_Mai_Protocol_V2/mai-protocol-v2-4b198083ec4ae2d6851e101fc44ea333eaa3cd92/contracts/perpetual/Perpetual.sol,_withdraw,i:_withdraw,0.9373054423330136,protected reentrancy-like pattern,external call plus guard/modifier/state-update signal,0.0,0.0,0.0,1.0,0.0,0.0,1.0,1.0,1.0,0.0,0.0,0.0,1.0,0.0,0.0
val,DAPP::DAppSCAN-source/contracts/consensys-MCDEX_Mai_Protocol_V2/mai-protocol-v2-4b198083ec4ae2d6851e101fc44ea333eaa3cd92::TestPerpetual,TestPerpetual,DAppSCAN-source/contracts/consensys-MCDEX_Mai_Protocol_V2/mai-protocol-v2-4b198083ec4ae2d6851e101fc44ea333eaa3cd92/contracts/test/TestPerpetual.sol,_withdraw,i:_withdraw,0.9373054423330136,protected reentrancy-like pattern,external call plus guard/modifier/state-update signal,0.0,0.0,0.0,1.0,0.0,0.0,1.0,1.0,1.0,0.0,0.0,0.0,1.0,0.0,0.0
val,DAPP::DAppSCAN-source/contracts/Trail_of_Bits-OriginDollar/origin-dollar-81431fd3b2aa4c518ffc389844f9708c00b516f0::ThreePoolStrategy,ThreePoolStrategy,DAppSCAN-source/contracts/Trail_of_Bits-OriginDollar/origin-dollar-81431fd3b2aa4c518ffc389844f9708c00b516f0/contracts/contracts/strategies/ThreePoolStrategy.sol,withdraw,i:withdraw,0.9358701490191655,protected reentrancy-like pattern,external call plus guard/modifier/state-update signal,0.0,0.0,0.0,1.0,0.0,0.0,0.0,1.0,1.0,0.0,0.0,0.0,0.0,1.0,0.0
val,DAPP::DAppSCAN-source/contracts/Trail_of_Bits-setprotocol/set-protocol-contracts-b4acf144c10b1d9f3ecde4ee2820931df1cb8e4a::CoreIssuance,CoreIssuance,DAppSCAN-source/contracts/Trail_of_Bits-setprotocol/set-protocol-contracts-b4acf144c10b1d9f3ecde4ee2820931df1cb8e4a/contracts/core/extensions/CoreIssuance.sol,redeemAndWithdrawTo,i:redeemAndWithdrawTo,0.9351457688899972,protected reentrancy-like pattern,external call plus guard/modifier/state-update signal,0.0,0.0,0.0,0.0,1.0,0.0,1.0,0.0,0.0,0.0,0.0,0.0,0.0,1.0,1.0
val,DAPP::DAppSCAN-source/contracts/PeckShield-TranchessV1.1/contract-core-68a86350313c1cb9e5467e791d3e9efaf228a0df::PrimaryMarket,PrimaryMarket,DAppSCAN-source/contracts/PeckShield-TranchessV1.1/contract-core-68a86350313c1cb9e5467e791d3e9efaf228a0df/contracts/fund/PrimaryMarket.sol,settle,i:settle,0.9345429577932879,protected reentrancy-like pattern,external call plus guard/modifier/state-update signal,0.0,1.0,0.0,1.0,1.0,0.0,1.0,1.0,1.0,0.0,0.0,0.0,0.0,1.0,1.0
val,DAPP::DAppSCAN-source/contracts/Trail_of_Bits-setprotocol/set-protocol-contracts-b4acf144c10b1d9f3ecde4ee2820931df1cb8e4a::ZeroExExchangeWrapper,ZeroExExchangeWrapper,DAppSCAN-source/contracts/Trail_of_Bits-setprotocol/set-protocol-contracts-b4acf144c10b1d9f3ecde4ee2820931df1cb8e4a/contracts/core/exchange-wrappers/ZeroExExchangeWrapper.sol,exchange,i:exchange,0.9326958872686587,protected reentrancy-like pattern,external call plus guard/modifier/state-update signal,0.0,0.0,0.0,1.0,0.0,0.0,1.0,0.0,0.0,0.0,0.0,0.0,0.0,0.0,1.0
val,DAPP::DAppSCAN-source/contracts/Runtime_Vеrification-ElementFinance/elf-contracts-637c6f959315cbb11a164555e588520c7d89122b::UserProxy,UserProxy,DAppSCAN-source/contracts/Runtime_Vеrification-ElementFinance/elf-contracts-637c6f959315cbb11a164555e588520c7d89122b/contracts/UserProxy.sol,mint,i:mint,0.932418522136393,protected reentrancy-like pattern,external call plus guard/modifier/state-update signal,0.0,0.0,0.0,1.0,0.0,0.0,1.0,1.0,0.0,0.0,0.0,0.0,0.0,0.0,0.0
val,DAPP::DAppSCAN-source/contracts/Runtime_Vеrification-ElementFinance/elf-contracts-637c6f959315cbb11a164555e588520c7d89122b::TestUserProxy,TestUserProxy,DAppSCAN-source/contracts/Runtime_Vеrification-ElementFinance/elf-contracts-637c6f959315cbb11a164555e588520c7d89122b/contracts/test/TestUserProxy.sol,mint,i:mint,0.932418522136393,protected reentrancy-like pattern,external call plus guard/modifier/state-update signal,0.0,0.0,0.0,1.0,0.0,0.0,1.0,1.0,0.0,0.0,0.0,0.0,0.0,0.0,0.0
val,DAPP::DAppSCAN-source/contracts/Trail_of_Bits-setprotocol/set-protocol-contracts-b4acf144c10b1d9f3ecde4ee2820931df1cb8e4a::CoreModuleInteraction,CoreModuleInteraction,DAppSCAN-source/contracts/Trail_of_Bits-setprotocol/set-protocol-contracts-b4acf144c10b1d9f3ecde4ee2820931df1cb8e4a/contracts/core/extensions/CoreModuleInteraction.sol,batchIncrementTokenOwnerModule,i:batchIncrementTokenOwnerModule,0.9304154178318076,possible mislabeled negative,high score without detected safety signal,0.0,0.0,0.0,0.0,0.0,0.0,0.0,0.0,0.0,0.0,0.0,0.0,0.0,0.0,0.0
val,DAPP::DAppSCAN-source/contracts/PeckShield-TranchessV1.1/contract-core-68a86350313c1cb9e5467e791d3e9efaf228a0df::VotingEscrow,VotingEscrow,DAppSCAN-source/contracts/PeckShield-TranchessV1.1/contract-core-68a86350313c1cb9e5467e791d3e9efaf228a0df/contracts/governance/VotingEscrow.sol,createLock,i:createLock,0.9296902904606867,protected reentrancy-like pattern,external call plus guard/modifier/state-update signal,0.0,0.0,0.0,1.0,1.0,0.0,0.0,1.0,1.0,0.0,0.0,0.0,0.0,1.0,1.0
val,DAPP::DAppSCAN-source/contracts/SlowMist-Starcrazy Smart Contract Security Audit Report/starcrazy-contracts-e9e11d234ac065726e108a73dfcd5efbad26f2c5::GFSBonus,GFSBonus,DAppSCAN-source/contracts/SlowMist-Starcrazy Smart Contract Security Audit Report/starcrazy-contracts-e9e11d234ac065726e108a73dfcd5efbad26f2c5/contract/GFSBonus.sol,withdraw,i:withdraw,0.9250694970369738,protected reentrancy-like pattern,external call plus guard/modifier/state-update signal,0.0,1.0,0.0,1.0,0.0,0.0,1.0,0.0,1.0,0.0,0.0,0.0,1.0,0.0,0.0
val,DAPP::DAppSCAN-source/contracts/consensys-DeFi_Saver/defisaver-v3-contracts-cb29669a84c2d6fffaf2231c0938eb407c060919::DFSExchangeCore,DFSExchangeCore,DAppSCAN-source/contracts/consensys-DeFi_Saver/defisaver-v3-contracts-cb29669a84c2d6fffaf2231c0938eb407c060919/contracts/exchangeV3/DFSExchangeCore.sol,onChainSwap,i:onChainSwap,0.9248694171298671,protected reentrancy-like pattern,external call plus guard/modifier/state-update signal,0.0,0.0,0.0,1.0,0.0,0.0,0.0,1.0,1.0,0.0,0.0,0.0,0.0,0.0,0.0
val,DAPP::DAppSCAN-source/contracts/consensys-DeFi_Saver/defisaver-v3-contracts-cb29669a84c2d6fffaf2231c0938eb407c060919::DFSExchange,DFSExchange,DAppSCAN-source/contracts/consensys-DeFi_Saver/defisaver-v3-contracts-cb29669a84c2d6fffaf2231c0938eb407c060919/contracts/exchangeV3/DFSExchange.sol,onChainSwap,i:onChainSwap,0.9248694171298671,protected reentrancy-like pattern,external call plus guard/modifier/state-update signal,0.0,0.0,0.0,1.0,0.0,0.0,0.0,1.0,1.0,0.0,0.0,0.0,0.0,0.0,0.0
val,DAPP::DAppSCAN-source/contracts/consensys-DeFi_Saver/defisaver-v3-contracts-cb29669a84c2d6fffaf2231c0938eb407c060919::DFSSell,DFSSell,DAppSCAN-source/contracts/consensys-DeFi_Saver/defisaver-v3-contracts-cb29669a84c2d6fffaf2231c0938eb407c060919/contracts/actions/exchange/DfsSell.sol,onChainSwap,i:onChainSwap,0.9248694171298671,protected reentrancy-like pattern,external call plus guard/modifier/state-update signal,0.0,0.0,0.0,1.0,0.0,0.0,0.0,1.0,1.0,0.0,0.0,0.0,0.0,0.0,0.0
val,DAPP::DAppSCAN-source/contracts/consensys-DeFi_Saver/defisaver-v3-contracts-cb29669a84c2d6fffaf2231c0938eb407c060919::DFSBuy,DFSBuy,DAppSCAN-source/contracts/consensys-DeFi_Saver/defisaver-v3-contracts-cb29669a84c2d6fffaf2231c0938eb407c060919/contracts/actions/exchange/DFSBuy.sol,onChainSwap,i:onChainSwap,0.9248694171298671,protected reentrancy-like pattern,external call plus guard/modifier/state-update signal,0.0,0.0,0.0,1.0,0.0,0.0,0.0,1.0,1.0,0.0,0.0,0.0,0.0,0.0,0.0
val,DAPP::DAppSCAN-source/contracts/consensys-MCDEX_Mai_Protocol_V2/mai-protocol-v2-4b198083ec4ae2d6851e101fc44ea333eaa3cd92::TestAMM,TestAMM,DAppSCAN-source/contracts/consensys-MCDEX_Mai_Protocol_V2/mai-protocol-v2-4b198083ec4ae2d6851e101fc44ea333eaa3cd92/contracts/test/TestAMM.sol,addLiquidity,i:addLiquidity,0.9248385308798119,protected reentrancy-like pattern,external call plus guard/modifier/state-update signal,0.0,0.0,0.0,1.0,0.0,0.0,1.0,0.0,0.0,0.0,0.0,0.0,1.0,0.0,1.0
val,DAPP::DAppSCAN-source/contracts/PeckShield-TranchessV1.1/contract-core-68a86350313c1cb9e5467e791d3e9efaf228a0df::VestingEscrow,VestingEscrow,DAppSCAN-source/contracts/PeckShield-TranchessV1.1/contract-core-68a86350313c1cb9e5467e791d3e9efaf228a0df/contracts/governance/VestingEscrow.sol,initialize,i:initialize,0.9229858643881528,protected reentrancy-like pattern,external call plus guard/modifier/state-update signal,1.0,1.0,0.0,1.0,0.0,0.0,0.0,1.0,1.0,0.0,0.0,0.0,0.0,1.0,0.0
val,DAPP::DAppSCAN-source/contracts/Trail_of_Bits-setprotocol/set-protocol-contracts-b4acf144c10b1d9f3ecde4ee2820931df1cb8e4a::CoreAdmin,CoreAdmin,DAppSCAN-source/contracts/Trail_of_Bits-setprotocol/set-protocol-contracts-b4acf144c10b1d9f3ecde4ee2820931df1cb8e4a/contracts/core/extensions/CoreAdmin.sol,removeFactory,i:removeFactory,0.9222116680502911,protected reentrancy-like pattern,external call plus guard/modifier/state-update signal,0.0,0.0,0.0,1.0,0.0,1.0,0.0,0.0,0.0,0.0,0.0,0.0,0.0,1.0,0.0
val,DAPP::DAppSCAN-source/contracts/consensys-DeFi_Saver/defisaver-v3-contracts-cb29669a84c2d6fffaf2231c0938eb407c060919::Subscriptions,Subscriptions,DAppSCAN-source/contracts/consensys-DeFi_Saver/defisaver-v3-contracts-cb29669a84c2d6fffaf2231c0938eb407c060919/contracts/core/Subscriptions.sol,updateStrategy,i:updateStrategy,0.9201898181566671,protected reentrancy-like pattern,external call plus guard/modifier/state-update signal,1.0,0.0,0.0,1.0,0.0,1.0,0.0,0.0,0.0,0.0,0.0,0.0,0.0,1.0,0.0
val,FORGE::vfp_00001::AgentToken,AgentToken,AgentToken.sol,transferFrom,i:transferFrom,0.916366366127616,other recurring pattern,no stronger taxonomy signal,0.0,0.0,0.0,0.0,0.0,0.0,0.0,0.0,0.0,0.0,0.0,0.0,0.0,0.0,1.0
val,DAPP::DAppSCAN-source/contracts/PeckShield-Tranchessv1.0/contract-core-5ac3d997da3ef37b0135565a11c5ebcc519862aa::Fund,Fund,DAppSCAN-source/contracts/PeckShield-Tranchessv1.0/contract-core-5ac3d997da3ef37b0135565a11c5ebcc519862aa/contracts/fund/Fund.sol,settle,i:settle,0.9115639970754489,protected reentrancy-like pattern,external call plus guard/modifier/state-update signal,0.0,1.0,0.0,1.0,1.0,0.0,0.0,1.0,0.0,0.0,0.0,0.0,0.0,1.0,1.0
val,DAPP::DAppSCAN-source/contracts/consensys-DeFi_Saver/defisaver-v3-contracts-cb29669a84c2d6fffaf2231c0938eb407c060919::DFSRegistry,DFSRegistry,DAppSCAN-source/contracts/consensys-DeFi_Saver/defisaver-v3-contracts-cb29669a84c2d6fffaf2231c0938eb407c060919/contracts/core/DFSRegistry.sol,addNewContract,i:addNewContract,0.9094116751704409,protected reentrancy-like pattern,external call plus guard/modifier/state-update signal,0.0,0.0,0.0,1.0,0.0,1.0,0.0,0.0,0.0,0.0,0.0,0.0,0.0,1.0,0.0
val,DAPP::DAppSCAN-source/contracts/QuillAudits-Yearn Finance-Yearn Vaults V3/yearn-vaults-e390c2a6b2ba6e2ecc8f3a72a1ea4adfabd17544::BaseStrategy,BaseStrategy,DAppSCAN-source/contracts/QuillAudits-Yearn Finance-Yearn Vaults V3/yearn-vaults-e390c2a6b2ba6e2ecc8f3a72a1ea4adfabd17544/contracts/BaseStrategy.sol,_initialize,i:_initialize,0.9066681934567994,protected reentrancy-like pattern,external call plus guard/modifier/state-update signal,1.0,0.0,0.0,1.0,0.0,0.0,1.0,0.0,1.0,0.0,0.0,0.0,0.0,0.0,1.0
val,DAPP::DAppSCAN-source/contracts/QuillAudits-Yearn Finance-Yearn Vaults V3/yearn-vaults-e390c2a6b2ba6e2ecc8f3a72a1ea4adfabd17544::BaseStrategyInitializable,BaseStrategyInitializable,DAppSCAN-source/contracts/QuillAudits-Yearn Finance-Yearn Vaults V3/yearn-vaults-e390c2a6b2ba6e2ecc8f3a72a1ea4adfabd17544/contracts/BaseStrategy.sol,_initialize,i:_initialize,0.9066681934567994,protected reentrancy-like pattern,external call plus guard/modifier/state-update signal,1.0,0.0,0.0,1.0,0.0,0.0,1.0,0.0,1.0,0.0,0.0,0.0,0.0,0.0,1.0
val,DAPP::DAppSCAN-source/contracts/QuillAudits-Yearn Finance-Yearn Vaults V3/yearn-vaults-e390c2a6b2ba6e2ecc8f3a72a1ea4adfabd17544::TestStrategy,TestStrategy,DAppSCAN-source/contracts/QuillAudits-Yearn Finance-Yearn Vaults V3/yearn-vaults-e390c2a6b2ba6e2ecc8f3a72a1ea4adfabd17544/contracts/test/TestStrategy.sol,_initialize,i:_initialize,0.9066681934567994,protected reentrancy-like pattern,external call plus guard/modifier/state-update signal,1.0,0.0,0.0,1.0,0.0,0.0,1.0,0.0,1.0,0.0,0.0,0.0,0.0,0.0,1.0
val,DAPP::DAppSCAN-source/contracts/SlowMist-Starcrazy Smart Contract Security Audit Report/starcrazy-contracts-e9e11d234ac065726e108a73dfcd5efbad26f2c5::LPMint,LPMint,DAppSCAN-source/contracts/SlowMist-Starcrazy Smart Contract Security Audit Report/starcrazy-contracts-e9e11d234ac065726e108a73dfcd5efbad26f2c5/contract/LPMint.sol,updateBlockReward,i:updateBlockReward,0.9040574901157368,protected reentrancy-like pattern,external call plus guard/modifier/state-update signal,1.0,1.0,0.0,0.0,0.0,0.0,1.0,0.0,0.0,0.0,0.0,0.0,1.0,0.0,0.0
val,DAPP::DAppSCAN-source/contracts/Runtime_Vеrification-ElementFinance/elf-contracts-637c6f959315cbb11a164555e588520c7d89122b::Tranche,Tranche,DAppSCAN-source/contracts/Runtime_Vеrification-ElementFinance/elf-contracts-637c6f959315cbb11a164555e588520c7d89122b/contracts/Tranche.sol,prefundedDeposit,i:prefundedDeposit,0.9030735309168645,protected reentrancy-like pattern,external call plus guard/modifier/state-update signal,0.0,0.0,0.0,1.0,0.0,0.0,1.0,0.0,0.0,0.0,0.0,0.0,0.0,0.0,1.0
val,DAPP::DAppSCAN-source/contracts/SlowMist-Starcrazy Smart Contract Security Audit Report/starcrazy-contracts-e9e11d234ac065726e108a73dfcd5efbad26f2c5::GFSMint,GFSMint,DAppSCAN-source/contracts/SlowMist-Starcrazy Smart Contract Security Audit Report/starcrazy-contracts-e9e11d234ac065726e108a73dfcd5efbad26f2c5/contract/GFSMint.sol,updateBlockReward,i:updateBlockReward,0.9016301947365195,protected reentrancy-like pattern,external call plus guard/modifier/state-update signal,1.0,1.0,0.0,0.0,0.0,0.0,1.0,0.0,0.0,0.0,0.0,0.0,1.0,0.0,0.0
val,DAPP::DAppSCAN-source/contracts/SlowMist-Starcrazy Smart Contract Security Audit Report/starcrazy-contracts-e9e11d234ac065726e108a73dfcd5efbad26f2c5::AlianaSale,AlianaSale,DAppSCAN-source/contracts/SlowMist-Starcrazy Smart Contract Security Audit Report/starcrazy-contracts-e9e11d234ac065726e108a73dfcd5efbad26f2c5/contract/AlianaSale.sol,withdrawOwnerCutSale,i:withdrawOwnerCutSale,0.8991942736185333,protected reentrancy-like pattern,external call plus guard/modifier/state-update signal,0.0,1.0,0.0,1.0,0.0,0.0,1.0,0.0,0.0,0.0,0.0,0.0,0.0,0.0,0.0
val,DAPP::DAppSCAN-source/contracts/Trail_of_Bits-YieldV2/vault-v2-819a713416249da92c44eb629ed26a49425a4656::Witch,Witch,DAppSCAN-source/contracts/Trail_of_Bits-YieldV2/vault-v2-819a713416249da92c44eb629ed26a49425a4656/contracts/Witch.sol,auction,i:auction,0.8963065395865271,protected reentrancy-like pattern,external call plus guard/modifier/state-update signal,0.0,0.0,0.0,1.0,0.0,0.0,0.0,0.0,0.0,0.0,0.0,0.0,0.0,0.0,1.0
val,DAPP::DAppSCAN-source/contracts/PeckShield-Tranchessv1.0/contract-core-5ac3d997da3ef37b0135565a11c5ebcc519862aa::VotingEscrow,VotingEscrow,DAppSCAN-source/contracts/PeckShield-Tranchessv1.0/contract-core-5ac3d997da3ef37b0135565a11c5ebcc519862aa/contracts/governance/VotingEscrow.sol,createLock,i:createLock,0.8928348385443905,protected reentrancy-like pattern,external call plus guard/modifier/state-update signal,0.0,0.0,0.0,1.0,1.0,0.0,0.0,1.0,0.0,0.0,0.0,0.0,0.0,1.0,1.0
val,DAPP::DAppSCAN-source/contracts/Trail_of_Bits-YieldV2/vault-v2-819a713416249da92c44eb629ed26a49425a4656::Wand,Wand,DAppSCAN-source/contracts/Trail_of_Bits-YieldV2/vault-v2-819a713416249da92c44eb629ed26a49425a4656/contracts/Wand.sol,addAsset,i:addAsset,0.8834620318489178,protected reentrancy-like pattern,external call plus guard/modifier/state-update signal,0.0,0.0,0.0,1.0,0.0,0.0,1.0,0.0,0.0,0.0,0.0,0.0,0.0,0.0,0.0
val,DAPP::DAppSCAN-source/contracts/consensys-Zer0_zBanc/zBanc-48da0ac1eebbe31a74742f1ae4281b156f03a4bc::LiquidityPoolV2Converter,LiquidityPoolV2Converter,DAppSCAN-source/contracts/consensys-Zer0_zBanc/zBanc-48da0ac1eebbe31a74742f1ae4281b156f03a4bc/solidity/contracts/converter/types/liquidity-pool-v2/LiquidityPoolV2Converter.sol,withdrawETH,i:withdrawETH,0.8801213426908389,protected reentrancy-like pattern,external call plus guard/modifier/state-update signal,1.0,0.0,0.0,1.0,0.0,0.0,1.0,0.0,0.0,0.0,0.0,0.0,1.0,1.0,1.0
val,DAPP::DAppSCAN-source/contracts/consensys-Zer0_zBanc/zBanc-48da0ac1eebbe31a74742f1ae4281b156f03a4bc::TestLiquidityPoolV2Converter,TestLiquidityPoolV2Converter,DAppSCAN-source/contracts/consensys-Zer0_zBanc/zBanc-48da0ac1eebbe31a74742f1ae4281b156f03a4bc/solidity/contracts/helpers/TestLiquidityPoolV2Converter.sol,withdrawETH,i:withdrawETH,0.8800308306145391,protected reentrancy-like pattern,external call plus guard/modifier/state-update signal,1.0,0.0,0.0,1.0,0.0,0.0,1.0,0.0,0.0,0.0,0.0,0.0,1.0,1.0,1.0
val,DAPP::DAppSCAN-source/contracts/consensys-Zer0_zBanc/zBanc-48da0ac1eebbe31a74742f1ae4281b156f03a4bc::EtherToken,EtherToken,DAppSCAN-source/contracts/consensys-Zer0_zBanc/zBanc-48da0ac1eebbe31a74742f1ae4281b156f03a4bc/solidity/contracts/token/EtherToken.sol,withdrawTo,i:withdrawTo,0.8800089801076937,external call after state update,state assignment detected before external call,1.0,0.0,0.0,0.0,0.0,0.0,1.0,0.0,0.0,0.0,0.0,0.0,0.0,0.0,1.0
val,DAPP::DAppSCAN-source/contracts/Trail_of_Bits-YieldV2/vault-v2-819a713416249da92c44eb629ed26a49425a4656::Cauldron,Cauldron,DAppSCAN-source/contracts/Trail_of_Bits-YieldV2/vault-v2-819a713416249da92c44eb629ed26a49425a4656/contracts/Cauldron.sol,addSeries,i:addSeries,0.8773481558793709,protected reentrancy-like pattern,external call plus guard/modifier/state-update signal,0.0,0.0,0.0,1.0,0.0,0.0,1.0,0.0,0.0,0.0,0.0,0.0,0.0,0.0,1.0
val,DAPP::DAppSCAN-source/contracts/consensys-DeFi_Saver/defisaver-v3-contracts-cb29669a84c2d6fffaf2231c0938eb407c060919::SubscriptionProxy,SubscriptionProxy,DAppSCAN-source/contracts/consensys-DeFi_Saver/defisaver-v3-contracts-cb29669a84c2d6fffaf2231c0938eb407c060919/contracts/core/SubscriptionProxy.sol,givePermission,i:givePermission,0.8733962111656944,other recurring pattern,no stronger taxonomy signal,0.0,0.0,0.0,0.0,0.0,0.0,1.0,0.0,0.0,0.0,0.0,0.0,0.0,0.0,0.0
val,DAPP::DAppSCAN-source/contracts/consensys-DeFi_Saver/defisaver-v3-contracts-cb29669a84c2d6fffaf2231c0938eb407c060919::ScpWrapper,ScpWrapper,DAppSCAN-source/contracts/consensys-DeFi_Saver/defisaver-v3-contracts-cb29669a84c2d6fffaf2231c0938eb407c060919/contracts/exchangeV3/offchainWrappersV3/ScpWrapper.sol,takeOrder,i:takeOrder,0.8728267817385988,protected reentrancy-like pattern,external call plus guard/modifier/state-update signal,0.0,0.0,1.0,1.0,0.0,0.0,1.0,1.0,1.0,0.0,0.0,0.0,0.0,0.0,1.0
val,DAPP::DAppSCAN-source/contracts/SlowMist-Starcrazy Smart Contract Security Audit Report/starcrazy-contracts-e9e11d234ac065726e108a73dfcd5efbad26f2c5::NFTokenMetadata,NFTokenMetadata,DAppSCAN-source/contracts/SlowMist-Starcrazy Smart Contract Security Audit Report/starcrazy-contracts-e9e11d234ac065726e108a73dfcd5efbad26f2c5/contract/gfc/tokens/nf-token-metadata.sol,_safeTransferFrom,i:_safeTransferFrom,0.8713324860672286,protected reentrancy-like pattern,external call plus guard/modifier/state-update signal,0.0,0.0,0.0,1.0,0.0,0.0,1.0,0.0,0.0,0.0,0.0,0.0,0.0,0.0,0.0
val,DAPP::DAppSCAN-source/contracts/SlowMist-Starcrazy Smart Contract Security Audit Report/starcrazy-contracts-e9e11d234ac065726e108a73dfcd5efbad26f2c5::NFToken,NFToken,DAppSCAN-source/contracts/SlowMist-Starcrazy Smart Contract Security Audit Report/starcrazy-contracts-e9e11d234ac065726e108a73dfcd5efbad26f2c5/contract/gfc/tokens/nf-token.sol,_safeTransferFrom,i:_safeTransferFrom,0.8713324860672286,protected reentrancy-like pattern,external call plus guard/modifier/state-update signal,0.0,0.0,0.0,1.0,0.0,0.0,1.0,0.0,0.0,0.0,0.0,0.0,0.0,0.0,0.0
val,DAPP::DAppSCAN-source/contracts/SlowMist-Starcrazy Smart Contract Security Audit Report/starcrazy-contracts-e9e11d234ac065726e108a73dfcd5efbad26f2c5::NFTokenEnumerable,NFTokenEnumerable,DAppSCAN-source/contracts/SlowMist-Starcrazy Smart Contract Security Audit Report/starcrazy-contracts-e9e11d234ac065726e108a73dfcd5efbad26f2c5/contract/gfc/tokens/nf-token-enumerable.sol,_safeTransferFrom,i:_safeTransferFrom,0.8713324860672286,protected reentrancy-like pattern,external call plus guard/modifier/state-update signal,0.0,0.0,0.0,1.0,0.0,0.0,1.0,0.0,0.0,0.0,0.0,0.0,0.0,0.0,0.0
val,DAPP::DAppSCAN-source/contracts/QuillAudits-GearBox Protocol-GearBox Protocol/gearbox-contracts-0ac33ba87212ce056ac6b6357ad74161d417158a::DataCompressor,DataCompressor,DAppSCAN-source/contracts/QuillAudits-GearBox Protocol-GearBox Protocol/gearbox-contracts-0ac33ba87212ce056ac6b6357ad74161d417158a/contracts/core/DataCompressor.sol,getPoolData,i:getPoolData,0.8706057558303649,trusted/fixed callee,callee receiver appears fixed/trusted,0.0,0.0,0.0,0.0,0.0,0.0,1.0,1.0,0.0,0.0,0.0,0.0,0.0,0.0,0.0
val,DAPP::DAppSCAN-source/contracts/Trail_of_Bits-OriginDollar/origin-dollar-81431fd3b2aa4c518ffc389844f9708c00b516f0::InitializableAbstractStrategy,InitializableAbstractStrategy,DAppSCAN-source/contracts/Trail_of_Bits-OriginDollar/origin-dollar-81431fd3b2aa4c518ffc389844f9708c00b516f0/contracts/contracts/utils/InitializableAbstractStrategy.sol,collectRewardToken,i:collectRewardToken,0.8693513452066723,other recurring pattern,no stronger taxonomy signal,0.0,0.0,0.0,0.0,0.0,0.0,1.0,0.0,0.0,0.0,0.0,0.0,0.0,0.0,0.0
val,DAPP::DAppSCAN-source/contracts/QuillAudits-GearBox Protocol-GearBox Protocol/gearbox-contracts-0ac33ba87212ce056ac6b6357ad74161d417158a::LeveragedActions,LeveragedActions,DAppSCAN-source/contracts/QuillAudits-GearBox Protocol-GearBox Protocol/gearbox-contracts-0ac33ba87212ce056ac6b6357ad74161d417158a/contracts/credit/LeverageActions.sol,_openLong,i:_openLong,0.8688459447571718,protected reentrancy-like pattern,external call plus guard/modifier/state-update signal,0.0,0.0,0.0,1.0,0.0,0.0,1.0,1.0,0.0,0.0,0.0,0.0,0.0,0.0,0.0
val,DAPP::DAppSCAN-source/contracts/consensys-Zer0_zBanc/zBanc-48da0ac1eebbe31a74742f1ae4281b156f03a4bc::LiquidTokenConverter,LiquidTokenConverter,DAppSCAN-source/contracts/consensys-Zer0_zBanc/zBanc-48da0ac1eebbe31a74742f1ae4281b156f03a4bc/solidity/contracts/converter/types/liquid-token/LiquidTokenConverter.sol,withdrawETH,i:withdrawETH,0.8680917216820164,protected reentrancy-like pattern,external call plus guard/modifier/state-update signal,1.0,0.0,0.0,1.0,0.0,0.0,1.0,0.0,0.0,0.0,0.0,0.0,1.0,1.0,1.0
val,DAPP::DAppSCAN-source/contracts/PeckShield-Donut/crossroad-550a8c3c010dc8c1a46ea9191d3841462bd58d82::LiquidityProxy,LiquidityProxy,DAppSCAN-source/contracts/PeckShield-Donut/crossroad-550a8c3c010dc8c1a46ea9191d3841462bd58d82/contracts/LiquidityProxy.sol,addLiquidityBnb,i:addLiquidityBnb,0.866932680878666,protected reentrancy-like pattern,external call plus guard/modifier/state-update signal,0.0,0.0,0.0,1.0,0.0,0.0,0.0,1.0,1.0,0.0,0.0,0.0,0.0,0.0,0.0
val,DAPP::DAppSCAN-source/contracts/QuillAudits-Lido-WstETH/lido-dao-ea6fa222004b88e6a24b566a51e5b56b0079272d::NodeOperatorsRegistry,NodeOperatorsRegistry,DAppSCAN-source/contracts/QuillAudits-Lido-WstETH/lido-dao-ea6fa222004b88e6a24b566a51e5b56b0079272d/contracts/0.4.24/nos/NodeOperatorsRegistry.sol,reportStoppedValidators,i:reportStoppedValidators,0.8651183988099205,protected reentrancy-like pattern,external call plus guard/modifier/state-update signal,0.0,0.0,0.0,1.0,0.0,0.0,1.0,0.0,0.0,0.0,0.0,0.0,1.0,0.0,1.0
val,DAPP::DAppSCAN-source/contracts/PeckShield-TranchessV1.1/contract-core-68a86350313c1cb9e5467e791d3e9efaf228a0df::VotingEscrowV2,VotingEscrowV2,DAppSCAN-source/contracts/PeckShield-TranchessV1.1/contract-core-68a86350313c1cb9e5467e791d3e9efaf228a0df/contracts/governance/VotingEscrowV2.sol,createLock,i:createLock,0.8597896145589689,protected reentrancy-like pattern,external call plus guard/modifier/state-update signal,0.0,0.0,0.0,1.0,1.0,0.0,0.0,1.0,1.0,0.0,0.0,0.0,0.0,1.0,1.0
val,DAPP::DAppSCAN-source/contracts/Trail_of_Bits-OriginDollar/origin-dollar-81431fd3b2aa4c518ffc389844f9708c00b516f0::AaveStrategy,AaveStrategy,DAppSCAN-source/contracts/Trail_of_Bits-OriginDollar/origin-dollar-81431fd3b2aa4c518ffc389844f9708c00b516f0/contracts/contracts/strategies/AaveStrategy.sol,liquidate,i:liquidate,0.8593457301521803,safe ERC20 wrapper,SafeERC20-style method detected,0.0,0.0,0.0,0.0,0.0,0.0,1.0,0.0,1.0,0.0,0.0,0.0,0.0,0.0,0.0
val,DAPP::DAppSCAN-source/contracts/Trail_of_Bits-setprotocol/set-protocol-contracts-b4acf144c10b1d9f3ecde4ee2820931df1cb8e4a::KyberNetworkWrapper,KyberNetworkWrapper,DAppSCAN-source/contracts/Trail_of_Bits-setprotocol/set-protocol-contracts-b4acf144c10b1d9f3ecde4ee2820931df1cb8e4a/contracts/core/exchange-wrappers/KyberNetworkWrapper.sol,exchange,i:exchange,0.8569315979490646,protected reentrancy-like pattern,external call plus guard/modifier/state-update signal,0.0,0.0,0.0,1.0,0.0,0.0,1.0,0.0,0.0,0.0,0.0,0.0,0.0,0.0,1.0
val,DAPP::DAppSCAN-source/contracts/consensys-Amp/amp-token-contracts-6871b6c64c712835b332e515cc553308dcbbc539::ExampleCollateralManager,ExampleCollateralManager,DAppSCAN-source/contracts/consensys-Amp/amp-token-contracts-6871b6c64c712835b332e515cc553308dcbbc539/contracts/mocks/ExampleCollateralManager.sol,setInterfaceImplementation,i:setInterfaceImplementation,0.8540721558457329,trusted/fixed callee,callee receiver appears fixed/trusted,0.0,0.0,0.0,0.0,0.0,0.0,0.0,1.0,0.0,0.0,0.0,0.0,0.0,0.0,0.0
val,DAPP::DAppSCAN-source/contracts/Runtime_Vеrification-Tracer_Perpetual_Pools_V2/perpetual-pools-contracts-846bbf62652d7c83aee1cf3766275c4d08b00c8a::ExposedLeveragedPool,ExposedLeveragedPool,DAppSCAN-source/contracts/Runtime_Vеrification-Tracer_Perpetual_Pools_V2/perpetual-pools-contracts-846bbf62652d7c83aee1cf3766275c4d08b00c8a/contracts/test-utilities/ExposedLeveragedPool.sol,initialize,i:initialize,0.8522930837658679,protected reentrancy-like pattern,external call plus guard/modifier/state-update signal,1.0,1.0,0.0,1.0,0.0,0.0,0.0,0.0,0.0,0.0,0.0,0.0,1.0,0.0,1.0
val,DAPP::DAppSCAN-source/contracts/Runtime_Vеrification-Tracer_Perpetual_Pools_V2/perpetual-pools-contracts-846bbf62652d7c83aee1cf3766275c4d08b00c8a::LeveragedPool,LeveragedPool,DAppSCAN-source/contracts/Runtime_Vеrification-Tracer_Perpetual_Pools_V2/perpetual-pools-contracts-846bbf62652d7c83aee1cf3766275c4d08b00c8a/contracts/implementation/LeveragedPool.sol,initialize,i:initialize,0.8522930837658679,protected reentrancy-like pattern,external call plus guard/modifier/state-update signal,1.0,1.0,0.0,1.0,0.0,0.0,0.0,0.0,0.0,0.0,0.0,0.0,1.0,0.0,1.0
val,DAPP::DAppSCAN-source/contracts/Trail_of_Bits-setprotocol/set-protocol-contracts-b4acf144c10b1d9f3ecde4ee2820931df1cb8e4a::RebalancingTokenIssuanceModule,RebalancingTokenIssuanceModule,DAppSCAN-source/contracts/Trail_of_Bits-setprotocol/set-protocol-contracts-b4acf144c10b1d9f3ecde4ee2820931df1cb8e4a/contracts/core/modules/RebalancingTokenIssuanceModule.sol,redeemRebalancingSetIntoBaseComponents,i:redeemRebalancingSetIntoBaseComponents,0.8517668031900034,protected reentrancy-like pattern,external call plus guard/modifier/state-update signal,0.0,0.0,0.0,0.0,1.0,0.0,1.0,0.0,0.0,0.0,0.0,0.0,0.0,1.0,0.0
val,DAPP::DAppSCAN-source/contracts/PeckShield-TranchessV1.1/contract-core-68a86350313c1cb9e5467e791d3e9efaf228a0df::Fund,Fund,DAppSCAN-source/contracts/PeckShield-TranchessV1.1/contract-core-68a86350313c1cb9e5467e791d3e9efaf228a0df/contracts/fund/Fund.sol,settle,i:settle,0.8514823025938818,protected reentrancy-like pattern,external call plus guard/modifier/state-update signal,0.0,1.0,0.0,1.0,1.0,0.0,0.0,1.0,0.0,0.0,0.0,0.0,0.0,1.0,1.0
val,DAPP::DAppSCAN-source/contracts/Runtime_Vеrification-ElementFinance/elf-contracts-637c6f959315cbb11a164555e588520c7d89122b::PoolRegistry,PoolRegistry,DAppSCAN-source/contracts/Runtime_Vеrification-ElementFinance/elf-contracts-637c6f959315cbb11a164555e588520c7d89122b/contracts/balancer-core-v2/vault/PoolRegistry.sol,_authenticateCaller,i:_authenticateCaller,0.8513574062121607,protected reentrancy-like pattern,external call plus guard/modifier/state-update signal,0.0,0.0,0.0,1.0,0.0,1.0,0.0,0.0,0.0,0.0,0.0,0.0,0.0,1.0,1.0
val,DAPP::DAppSCAN-source/contracts/PeckShield-Tranchessv1.0/contract-core-5ac3d997da3ef37b0135565a11c5ebcc519862aa::Staking,Staking,DAppSCAN-source/contracts/PeckShield-Tranchessv1.0/contract-core-5ac3d997da3ef37b0135565a11c5ebcc519862aa/contracts/exchange/Staking.sol,deposit,i:deposit,0.8512432920581753,other recurring pattern,no stronger taxonomy signal,0.0,0.0,0.0,0.0,0.0,0.0,1.0,0.0,0.0,0.0,0.0,0.0,0.0,0.0,1.0
val,DAPP::DAppSCAN-source/contracts/PeckShield-Tranchessv1.0/contract-core-5ac3d997da3ef37b0135565a11c5ebcc519862aa::StakingTestWrapper,StakingTestWrapper,DAppSCAN-source/contracts/PeckShield-Tranchessv1.0/contract-core-5ac3d997da3ef37b0135565a11c5ebcc519862aa/contracts/test/StakingTestWrapper.sol,deposit,i:deposit,0.8512432920581753,other recurring pattern,no stronger taxonomy signal,0.0,0.0,0.0,0.0,0.0,0.0,1.0,0.0,0.0,0.0,0.0,0.0,0.0,0.0,1.0
val,DAPP::DAppSCAN-source/contracts/Trail_of_Bits-YieldV2/vault-v2-819a713416249da92c44eb629ed26a49425a4656::FYToken,FYToken,DAppSCAN-source/contracts/Trail_of_Bits-YieldV2/vault-v2-819a713416249da92c44eb629ed26a49425a4656/contracts/FYToken.sol,flashLoan,i:flashLoan,0.8438421250512291,protected reentrancy-like pattern,external call plus guard/modifier/state-update signal,0.0,0.0,0.0,1.0,0.0,0.0,1.0,0.0,0.0,0.0,0.0,0.0,0.0,0.0,1.0
val,DAPP::DAppSCAN-source/contracts/Trail_of_Bits-YieldV2/vault-v2-819a713416249da92c44eb629ed26a49425a4656::Join,Join,DAppSCAN-source/contracts/Trail_of_Bits-YieldV2/vault-v2-819a713416249da92c44eb629ed26a49425a4656/contracts/Join.sol,_exit,i:_exit,0.8408645361554088,external call after state update,state assignment detected before external call,1.0,0.0,0.0,0.0,0.0,0.0,1.0,0.0,1.0,0.0,0.0,0.0,0.0,0.0,1.0
val,DAPP::DAppSCAN-source/contracts/Trail_of_Bits-YieldV2/vault-v2-819a713416249da92c44eb629ed26a49425a4656::ChainlinkMultiOracle,ChainlinkMultiOracle,DAppSCAN-source/contracts/Trail_of_Bits-YieldV2/vault-v2-819a713416249da92c44eb629ed26a49425a4656/contracts/oracles/chainlink/ChainlinkMultiOracle.sol,_peek,i:_peek,0.8385363925996346,protected reentrancy-like pattern,external call plus guard/modifier/state-update signal,0.0,0.0,0.0,1.0,0.0,0.0,1.0,0.0,0.0,0.0,0.0,0.0,0.0,0.0,0.0
val,DAPP::DAppSCAN-source/contracts/QuillAudits-Lido-WstETH/lido-dao-ea6fa222004b88e6a24b566a51e5b56b0079272d::LidoOracle,LidoOracle,DAppSCAN-source/contracts/QuillAudits-Lido-WstETH/lido-dao-ea6fa222004b88e6a24b566a51e5b56b0079272d/contracts/0.4.24/oracle/LidoOracle.sol,reportBeacon,i:reportBeacon,0.8344422638854792,protected reentrancy-like pattern,external call plus guard/modifier/state-update signal,0.0,0.0,0.0,1.0,0.0,0.0,0.0,0.0,0.0,0.0,0.0,0.0,0.0,0.0,1.0
val,DAPP::DAppSCAN-source/contracts/Runtime_Vеrification-Tracer_Perpetual_Pools_V2/perpetual-pools-contracts-846bbf62652d7c83aee1cf3766275c4d08b00c8a::PoolFactory,PoolFactory,DAppSCAN-source/contracts/Runtime_Vеrification-Tracer_Perpetual_Pools_V2/perpetual-pools-contracts-846bbf62652d7c83aee1cf3766275c4d08b00c8a/contracts/implementation/PoolFactory.sol,deployPool,i:deployPool,0.8335473075428935,protected reentrancy-like pattern,external call plus guard/modifier/state-update signal,0.0,1.0,0.0,1.0,0.0,1.0,1.0,0.0,0.0,0.0,0.0,0.0,0.0,1.0,1.0
val,DAPP::DAppSCAN-source/contracts/PeckShield-TranchessV1.1/contract-core-68a86350313c1cb9e5467e791d3e9efaf228a0df::Staking,Staking,DAppSCAN-source/contracts/PeckShield-TranchessV1.1/contract-core-68a86350313c1cb9e5467e791d3e9efaf228a0df/contracts/exchange/Staking.sol,deposit,i:deposit,0.8235433126432173,safe ERC20 wrapper,SafeERC20-style method detected,0.0,0.0,0.0,0.0,0.0,0.0,1.0,0.0,1.0,0.0,0.0,0.0,0.0,0.0,1.0
val,DAPP::DAppSCAN-source/contracts/PeckShield-TranchessV1.1/contract-core-68a86350313c1cb9e5467e791d3e9efaf228a0df::StakingTestWrapper,StakingTestWrapper,DAppSCAN-source/contracts/PeckShield-TranchessV1.1/contract-core-68a86350313c1cb9e5467e791d3e9efaf228a0df/contracts/test/StakingTestWrapper.sol,deposit,i:deposit,0.8235433126432173,safe ERC20 wrapper,SafeERC20-style method detected,0.0,0.0,0.0,0.0,0.0,0.0,1.0,0.0,1.0,0.0,0.0,0.0,0.0,0.0,1.0
val,DAPP::DAppSCAN-source/contracts/Runtime_Vеrification-ElementFinance/elf-contracts-637c6f959315cbb11a164555e588520c7d89122b::GeneralPoolsBalance,GeneralPoolsBalance,DAppSCAN-source/contracts/Runtime_Vеrification-ElementFinance/elf-contracts-637c6f959315cbb11a164555e588520c7d89122b/contracts/balancer-core-v2/vault/balances/GeneralPoolsBalance.sol,_registerGeneralPoolTokens,i:_registerGeneralPoolTokens,0.8207542049644575,protected reentrancy-like pattern,external call plus guard/modifier/state-update signal,0.0,0.0,0.0,1.0,0.0,0.0,0.0,0.0,0.0,0.0,0.0,0.0,0.0,0.0,1.0
val,DAPP::DAppSCAN-source/contracts/QuillAudits-Lido-WstETH/lido-dao-ea6fa222004b88e6a24b566a51e5b56b0079272d::Lido,Lido,DAppSCAN-source/contracts/QuillAudits-Lido-WstETH/lido-dao-ea6fa222004b88e6a24b566a51e5b56b0079272d/contracts/0.4.24/Lido.sol,_ETH2Deposit,i:_ETH2Deposit,0.819537737180334,protected reentrancy-like pattern,external call plus guard/modifier/state-update signal,0.0,0.0,0.0,1.0,0.0,0.0,1.0,1.0,0.0,0.0,0.0,0.0,0.0,0.0,0.0
val,DAPP::DAppSCAN-source/contracts/consensys-Zer0_zBanc/zBanc-48da0ac1eebbe31a74742f1ae4281b156f03a4bc::LiquidityPoolConverter,LiquidityPoolConverter,DAppSCAN-source/contracts/consensys-Zer0_zBanc/zBanc-48da0ac1eebbe31a74742f1ae4281b156f03a4bc/solidity/contracts/converter/LiquidityPoolConverter.sol,withdrawETH,i:withdrawETH,0.8128324085232647,protected reentrancy-like pattern,external call plus guard/modifier/state-update signal,1.0,0.0,0.0,1.0,0.0,0.0,1.0,0.0,0.0,0.0,0.0,0.0,0.0,1.0,1.0
val,DAPP::DAppSCAN-source/contracts/consensys-Zer0_zBanc/zBanc-48da0ac1eebbe31a74742f1ae4281b156f03a4bc::ConverterBase,ConverterBase,DAppSCAN-source/contracts/consensys-Zer0_zBanc/zBanc-48da0ac1eebbe31a74742f1ae4281b156f03a4bc/solidity/contracts/converter/ConverterBase.sol,withdrawETH,i:withdrawETH,0.8127690330450761,protected reentrancy-like pattern,external call plus guard/modifier/state-update signal,1.0,0.0,0.0,1.0,0.0,0.0,1.0,0.0,0.0,0.0,0.0,0.0,0.0,1.0,1.0
val,DAPP::DAppSCAN-source/contracts/Runtime_Vеrification-ElementFinance/elf-contracts-637c6f959315cbb11a164555e588520c7d89122b::Swaps,Swaps,DAppSCAN-source/contracts/Runtime_Vеrification-ElementFinance/elf-contracts-637c6f959315cbb11a164555e588520c7d89122b/contracts/balancer-core-v2/vault/Swaps.sol,_authenticateCaller,i:_authenticateCaller,0.8104697530577435,protected reentrancy-like pattern,external call plus guard/modifier/state-update signal,0.0,0.0,0.0,1.0,0.0,1.0,0.0,0.0,0.0,0.0,0.0,0.0,1.0,1.0,1.0
val,DAPP::DAppSCAN-source/contracts/Runtime_Vеrification-ElementFinance/elf-contracts-637c6f959315cbb11a164555e588520c7d89122b::Vault,Vault,DAppSCAN-source/contracts/Runtime_Vеrification-ElementFinance/elf-contracts-637c6f959315cbb11a164555e588520c7d89122b/contracts/balancer-core-v2/vault/Vault.sol,_authenticateCaller,i:_authenticateCaller,0.8104697530577435,protected reentrancy-like pattern,external call plus guard/modifier/state-update signal,0.0,0.0,0.0,1.0,0.0,1.0,0.0,0.0,0.0,0.0,0.0,0.0,1.0,1.0,1.0
val,DAPP::DAppSCAN-source/contracts/consensys-DeFi_Saver/defisaver-v3-contracts-cb29669a84c2d6fffaf2231c0938eb407c060919::UniSupply,UniSupply,DAppSCAN-source/contracts/consensys-DeFi_Saver/defisaver-v3-contracts-cb29669a84c2d6fffaf2231c0938eb407c060919/contracts/actions/uniswap/UniSupply.sol,_uniSupply,i:_uniSupply,0.8092107574191004,other recurring pattern,no stronger taxonomy signal,0.0,0.0,0.0,0.0,0.0,0.0,1.0,0.0,0.0,0.0,0.0,0.0,0.0,0.0,0.0
val,DAPP::DAppSCAN-source/contracts/SlowMist-Starcrazy Smart Contract Security Audit Report/starcrazy-contracts-e9e11d234ac065726e108a73dfcd5efbad26f2c5::FlashSaleBase,FlashSaleBase,DAppSCAN-source/contracts/SlowMist-Starcrazy Smart Contract Security Audit Report/starcrazy-contracts-e9e11d234ac065726e108a73dfcd5efbad26f2c5/contract/FlashSale.sol,_bidFrom,i:_bidFrom,0.8052848248586881,protected reentrancy-like pattern,external call plus guard/modifier/state-update signal,0.0,0.0,0.0,1.0,0.0,0.0,1.0,0.0,0.0,0.0,0.0,0.0,0.0,0.0,1.0
val,DAPP::DAppSCAN-source/contracts/consensys-DeFi_Saver/defisaver-v3-contracts-cb29669a84c2d6fffaf2231c0938eb407c060919::McdMerge,McdMerge,DAppSCAN-source/contracts/consensys-DeFi_Saver/defisaver-v3-contracts-cb29669a84c2d6fffaf2231c0938eb407c060919/contracts/actions/mcd/McdMerge.sol,_mcdMerge,i:_mcdMerge,0.8004680149686554,possible mislabeled negative,high score without detected safety signal,0.0,0.0,0.0,0.0,0.0,0.0,0.0,0.0,0.0,0.0,0.0,0.0,0.0,0.0,0.0
val,DAPP::DAppSCAN-source/contracts/Runtime_Vеrification-ElementFinance/elf-contracts-637c6f959315cbb11a164555e588520c7d89122b::MinimalSwapInfoPoolsBalance,MinimalSwapInfoPoolsBalance,DAppSCAN-source/contracts/Runtime_Vеrification-ElementFinance/elf-contracts-637c6f959315cbb11a164555e588520c7d89122b/contracts/balancer-core-v2/vault/balances/MinimalSwapInfoPoolsBalance.sol,_registerMinimalSwapInfoPoolTokens,i:_registerMinimalSwapInfoPoolTokens,0.7974322092769803,protected reentrancy-like pattern,external call plus guard/modifier/state-update signal,0.0,0.0,0.0,1.0,0.0,0.0,1.0,0.0,0.0,0.0,0.0,0.0,0.0,0.0,0.0
val,DAPP::DAppSCAN-source/contracts/consensys-DeFi_Saver/defisaver-v3-contracts-cb29669a84c2d6fffaf2231c0938eb407c060919::FLDyDx,FLDyDx,DAppSCAN-source/contracts/consensys-DeFi_Saver/defisaver-v3-contracts-cb29669a84c2d6fffaf2231c0938eb407c060919/contracts/actions/flashloan/dydx/FLDyDx.sol,_flDyDx,i:_flDyDx,0.7870680252078323,trusted/fixed callee,callee receiver appears fixed/trusted,0.0,0.0,0.0,0.0,0.0,0.0,0.0,1.0,1.0,0.0,0.0,0.0,0.0,0.0,0.0
val,DAPP::DAppSCAN-source/contracts/Chainsecurity-Oasis  Multiply Smart Contracts/multiply-proxy-actions-e277ac1471a95138aaa93b39cf2c16c36c769740::DummyExchange,DummyExchange,DAppSCAN-source/contracts/Chainsecurity-Oasis  Multiply Smart Contracts/multiply-proxy-actions-e277ac1471a95138aaa93b39cf2c16c36c769740/contracts/multiply/DummyExchange.sol,_collectFee,i:_collectFee,0.7863055508119937,trusted/fixed callee,callee receiver appears fixed/trusted,0.0,0.0,0.0,0.0,0.0,0.0,0.0,1.0,0.0,0.0,0.0,0.0,0.0,0.0,0.0
val,DAPP::DAppSCAN-source/contracts/Trail_of_Bits-setprotocol/set-protocol-contracts-b4acf144c10b1d9f3ecde4ee2820931df1cb8e4a::CoreFactory,CoreFactory,DAppSCAN-source/contracts/Trail_of_Bits-setprotocol/set-protocol-contracts-b4acf144c10b1d9f3ecde4ee2820931df1cb8e4a/contracts/core/extensions/CoreFactory.sol,createSet,i:createSet,0.7834160469311391,protected reentrancy-like pattern,external call plus guard/modifier/state-update signal,0.0,0.0,0.0,1.0,0.0,0.0,1.0,0.0,0.0,0.0,0.0,0.0,0.0,0.0,1.0
val,DAPP::DAppSCAN-source/contracts/consensys-DeFi_Saver/defisaver-v3-contracts-cb29669a84c2d6fffaf2231c0938eb407c060919::TaskExecutor,TaskExecutor,DAppSCAN-source/contracts/consensys-DeFi_Saver/defisaver-v3-contracts-cb29669a84c2d6fffaf2231c0938eb407c060919/contracts/core/TaskExecutor.sol,givePermission,i:givePermission,0.7789408697576086,other recurring pattern,no stronger taxonomy signal,0.0,0.0,0.0,0.0,0.0,0.0,1.0,0.0,0.0,0.0,0.0,0.0,0.0,0.0,0.0
val,DAPP::DAppSCAN-source/contracts/PeckShield-TranchessV1.1/contract-core-68a86350313c1cb9e5467e791d3e9efaf228a0df::StakingV2TestWrapper,StakingV2TestWrapper,DAppSCAN-source/contracts/PeckShield-TranchessV1.1/contract-core-68a86350313c1cb9e5467e791d3e9efaf228a0df/contracts/test/StakingV2TestWrapper.sol,_initializeStaking,i:_initializeStaking,0.7723485282452226,protected reentrancy-like pattern,external call plus guard/modifier/state-update signal,1.0,0.0,0.0,1.0,0.0,0.0,0.0,0.0,0.0,0.0,0.0,0.0,0.0,0.0,0.0
val,DAPP::DAppSCAN-source/contracts/PeckShield-Tranchessv1.0/contract-core-5ac3d997da3ef37b0135565a11c5ebcc519862aa::InterestRateBallot,InterestRateBallot,DAppSCAN-source/contracts/PeckShield-Tranchessv1.0/contract-core-5ac3d997da3ef37b0135565a11c5ebcc519862aa/contracts/governance/InterestRateBallot.sol,cast,i:cast,0.7687889004945232,protected reentrancy-like pattern,external call plus guard/modifier/state-update signal,0.0,0.0,0.0,1.0,0.0,0.0,0.0,0.0,0.0,0.0,0.0,0.0,0.0,0.0,0.0
val,DAPP::DAppSCAN-source/contracts/QuillAudits-GearBox Protocol-GearBox Protocol/gearbox-contracts-0ac33ba87212ce056ac6b6357ad74161d417158a::AccountFactory,AccountFactory,DAppSCAN-source/contracts/QuillAudits-GearBox Protocol-GearBox Protocol/gearbox-contracts-0ac33ba87212ce056ac6b6357ad74161d417158a/contracts/core/AccountFactory.sol,returnCreditAccount,i:returnCreditAccount,0.7616160700408773,protected reentrancy-like pattern,external call plus guard/modifier/state-update signal,0.0,1.0,0.0,1.0,0.0,0.0,1.0,0.0,0.0,0.0,0.0,0.0,1.0,1.0,1.0
val,DAPP::DAppSCAN-source/contracts/Trail_of_Bits-setprotocol/set-protocol-contracts-b4acf144c10b1d9f3ecde4ee2820931df1cb8e4a::BTCETHRebalancingManager,BTCETHRebalancingManager,DAppSCAN-source/contracts/Trail_of_Bits-setprotocol/set-protocol-contracts-b4acf144c10b1d9f3ecde4ee2820931df1cb8e4a/contracts/supplementary/rebalancing-manager/BTCETHRebalancingManager.sol,checkSufficientAllocationChange,i:checkSufficientAllocationChange,0.7612587504308296,other recurring pattern,no stronger taxonomy signal,0.0,0.0,0.0,0.0,0.0,0.0,1.0,0.0,0.0,0.0,0.0,0.0,0.0,0.0,1.0
val,DAPP::DAppSCAN-source/contracts/Trail_of_Bits-setprotocol/set-protocol-contracts-b4acf144c10b1d9f3ecde4ee2820931df1cb8e4a::ETHDaiRebalancingManager,ETHDaiRebalancingManager,DAppSCAN-source/contracts/Trail_of_Bits-setprotocol/set-protocol-contracts-b4acf144c10b1d9f3ecde4ee2820931df1cb8e4a/contracts/supplementary/rebalancing-manager/ETHDaiRebalancingManager.sol,checkSufficientAllocationChange,i:checkSufficientAllocationChange,0.7603465644325165,other recurring pattern,no stronger taxonomy signal,0.0,0.0,0.0,0.0,0.0,0.0,1.0,0.0,0.0,0.0,0.0,0.0,0.0,0.0,1.0
val,DAPP::DAppSCAN-source/contracts/Runtime_Vеrification-ElementFinance/elf-contracts-637c6f959315cbb11a164555e588520c7d89122b::WETH9,WETH9,DAppSCAN-source/contracts/Runtime_Vеrification-ElementFinance/elf-contracts-637c6f959315cbb11a164555e588520c7d89122b/contracts/balancer-core-v2/test/WETH9.sol,withdraw,i:withdraw,0.7568259656869212,protected reentrancy-like pattern,external call plus guard/modifier/state-update signal,0.0,0.0,0.0,1.0,0.0,0.0,0.0,0.0,0.0,0.0,0.0,0.0,0.0,0.0,0.0
val,DAPP::DAppSCAN-source/contracts/Trail_of_Bits-setprotocol/set-protocol-contracts-b4acf144c10b1d9f3ecde4ee2820931df1cb8e4a::BTCDaiRebalancingManager,BTCDaiRebalancingManager,DAppSCAN-source/contracts/Trail_of_Bits-setprotocol/set-protocol-contracts-b4acf144c10b1d9f3ecde4ee2820931df1cb8e4a/contracts/supplementary/rebalancing-manager/BTCDaiRebalancingManager.sol,checkSufficientAllocationChange,i:checkSufficientAllocationChange,0.7507176780627276,other recurring pattern,no stronger taxonomy signal,0.0,0.0,0.0,0.0,0.0,0.0,1.0,0.0,0.0,0.0,0.0,0.0,0.0,0.0,1.0
val,DAPP::DAppSCAN-source/contracts/Runtime_Vеrification-ElementFinance/elf-contracts-637c6f959315cbb11a164555e588520c7d89122b::WrappedPosition,WrappedPosition,DAppSCAN-source/contracts/Runtime_Vеrification-ElementFinance/elf-contracts-637c6f959315cbb11a164555e588520c7d89122b/contracts/WrappedPosition.sol,deposit,i:deposit,0.7464643700198388,other recurring pattern,no stronger taxonomy signal,0.0,0.0,0.0,0.0,0.0,0.0,1.0,0.0,0.0,0.0,0.0,0.0,0.0,0.0,1.0
val,DAPP::DAppSCAN-source/contracts/SlowMist-Starcrazy Smart Contract Security Audit Report/starcrazy-contracts-e9e11d234ac065726e108a73dfcd5efbad26f2c5::FlashSale,FlashSale,DAppSCAN-source/contracts/SlowMist-Starcrazy Smart Contract Security Audit Report/starcrazy-contracts-e9e11d234ac065726e108a73dfcd5efbad26f2c5/contract/FlashSale.sol,_bidFrom,i:_bidFrom,0.744965392892368,protected reentrancy-like pattern,external call plus guard/modifier/state-update signal,0.0,0.0,0.0,1.0,0.0,0.0,1.0,0.0,0.0,0.0,0.0,0.0,0.0,0.0,1.0
val,DAPP::DAppSCAN-source/contracts/consensys-Zer0_zBanc/zBanc-48da0ac1eebbe31a74742f1ae4281b156f03a4bc::BancorNetwork,BancorNetwork,DAppSCAN-source/contracts/consensys-Zer0_zBanc/zBanc-48da0ac1eebbe31a74742f1ae4281b156f03a4bc/solidity/contracts/BancorNetwork.sol,updateRegistry,i:updateRegistry,0.74434520392669,protected reentrancy-like pattern,external call plus guard/modifier/state-update signal,0.0,1.0,0.0,1.0,0.0,1.0,0.0,0.0,0.0,0.0,0.0,0.0,1.0,1.0,1.0
val,DAPP::DAppSCAN-source/contracts/consensys-Zer0_zBanc/zBanc-48da0ac1eebbe31a74742f1ae4281b156f03a4bc::TestBancorNetwork,TestBancorNetwork,DAppSCAN-source/contracts/consensys-Zer0_zBanc/zBanc-48da0ac1eebbe31a74742f1ae4281b156f03a4bc/solidity/contracts/helpers/TestBancorNetwork.sol,updateRegistry,i:updateRegistry,0.74434520392669,protected reentrancy-like pattern,external call plus guard/modifier/state-update signal,0.0,1.0,0.0,1.0,0.0,1.0,0.0,0.0,0.0,0.0,0.0,0.0,1.0,1.0,1.0
val,DAPP::DAppSCAN-source/contracts/Trail_of_Bits-YieldV2/vault-v2-819a713416249da92c44eb629ed26a49425a4656::Router,Router,DAppSCAN-source/contracts/Trail_of_Bits-YieldV2/vault-v2-819a713416249da92c44eb629ed26a49425a4656/contracts/Router.sol,route,i:route,0.7442357788889946,protected reentrancy-like pattern,external call plus guard/modifier/state-update signal,0.0,0.0,1.0,1.0,0.0,1.0,1.0,0.0,0.0,0.0,0.0,0.0,0.0,1.0,1.0
val,DAPP::DAppSCAN-source/contracts/Runtime_Vеrification-ElementFinance/elf-contracts-637c6f959315cbb11a164555e588520c7d89122b::TrancheFactory,TrancheFactory,DAppSCAN-source/contracts/Runtime_Vеrification-ElementFinance/elf-contracts-637c6f959315cbb11a164555e588520c7d89122b/contracts/factories/TrancheFactory.sol,deployTranche,i:deployTranche,0.7440449205708042,protected reentrancy-like pattern,external call plus guard/modifier/state-update signal,1.0,1.0,0.0,0.0,0.0,0.0,1.0,0.0,0.0,0.0,0.0,0.0,0.0,0.0,0.0
val,DAPP::DAppSCAN-source/contracts/consensys-DeFi_Saver/defisaver-v3-contracts-cb29669a84c2d6fffaf2231c0938eb407c060919::UniWithdraw,UniWithdraw,DAppSCAN-source/contracts/consensys-DeFi_Saver/defisaver-v3-contracts-cb29669a84c2d6fffaf2231c0938eb407c060919/contracts/actions/uniswap/UniWithdraw.sol,_uniWithdraw,i:_uniWithdraw,0.7351881190329816,other recurring pattern,no stronger taxonomy signal,0.0,0.0,0.0,0.0,0.0,0.0,1.0,0.0,0.0,0.0,0.0,0.0,0.0,0.0,0.0
val,DAPP::DAppSCAN-source/contracts/consensys-DeFi_Saver/defisaver-v3-contracts-cb29669a84c2d6fffaf2231c0938eb407c060919::StrategyExecutor,StrategyExecutor,DAppSCAN-source/contracts/consensys-DeFi_Saver/defisaver-v3-contracts-cb29669a84c2d6fffaf2231c0938eb407c060919/contracts/core/StrategyExecutor.sol,checkTriggers,i:checkTriggers,0.7349463325058124,other recurring pattern,no stronger taxonomy signal,0.0,0.0,0.0,0.0,0.0,0.0,1.0,0.0,0.0,0.0,0.0,0.0,0.0,0.0,0.0
val,DAPP::DAppSCAN-source/contracts/Trail_of_Bits-YieldV2/vault-v2-819a713416249da92c44eb629ed26a49425a4656::UniswapV3Oracle,UniswapV3Oracle,DAppSCAN-source/contracts/Trail_of_Bits-YieldV2/vault-v2-819a713416249da92c44eb629ed26a49425a4656/contracts/oracles/uniswap/UniswapV3Oracle.sol,_peek,i:_peek,0.7342816283824258,protected reentrancy-like pattern,external call plus guard/modifier/state-update signal,0.0,0.0,0.0,1.0,0.0,0.0,0.0,0.0,0.0,0.0,0.0,0.0,0.0,0.0,0.0
val,DAPP::DAppSCAN-source/contracts/Trail_of_Bits-YieldV2/vault-v2-819a713416249da92c44eb629ed26a49425a4656::CTokenMultiOracle,CTokenMultiOracle,DAppSCAN-source/contracts/Trail_of_Bits-YieldV2/vault-v2-819a713416249da92c44eb629ed26a49425a4656/contracts/oracles/compound/CTokenMultiOracle.sol,setSource,i:setSource,0.7284335189248513,other recurring pattern,no stronger taxonomy signal,0.0,0.0,0.0,0.0,0.0,0.0,1.0,0.0,0.0,0.0,0.0,0.0,0.0,0.0,1.0
val,DAPP::DAppSCAN-source/contracts/SlowMist-Starcrazy Smart Contract Security Audit Report/starcrazy-contracts-e9e11d234ac065726e108a73dfcd5efbad26f2c5::Auction,Auction,DAppSCAN-source/contracts/SlowMist-Starcrazy Smart Contract Security Audit Report/starcrazy-contracts-e9e11d234ac065726e108a73dfcd5efbad26f2c5/contract/Auction.sol,setGeneScienceAddress,i:setGeneScienceAddress,0.7231135186647133,protected reentrancy-like pattern,external call plus guard/modifier/state-update signal,0.0,1.0,0.0,1.0,0.0,0.0,1.0,0.0,0.0,0.0,0.0,0.0,0.0,0.0,1.0
val,DAPP::DAppSCAN-source/contracts/consensys-DeFi_Saver/defisaver-v3-contracts-cb29669a84c2d6fffaf2231c0938eb407c060919::McdGive,McdGive,DAppSCAN-source/contracts/consensys-DeFi_Saver/defisaver-v3-contracts-cb29669a84c2d6fffaf2231c0938eb407c060919/contracts/actions/mcd/McdGive.sol,_mcdGive,i:_mcdGive,0.7228870962615317,possible mislabeled negative,high score without detected safety signal,0.0,0.0,0.0,0.0,0.0,0.0,0.0,0.0,0.0,0.0,0.0,0.0,0.0,0.0,0.0
val,DAPP::DAppSCAN-source/contracts/PeckShield-Tranchessv1.0/contract-core-5ac3d997da3ef37b0135565a11c5ebcc519862aa::ProtocolDataProvider,ProtocolDataProvider,DAppSCAN-source/contracts/PeckShield-Tranchessv1.0/contract-core-5ac3d997da3ef37b0135565a11c5ebcc519862aa/contracts/misc/ProtocolDataProvider.sol,getProtocolData,i:getProtocolData,0.7212795592582573,other recurring pattern,no stronger taxonomy signal,0.0,0.0,0.0,0.0,0.0,0.0,1.0,0.0,0.0,0.0,0.0,0.0,0.0,0.0,0.0
val,DAPP::DAppSCAN-source/contracts/Trail_of_Bits-OriginDollar/origin-dollar-81431fd3b2aa4c518ffc389844f9708c00b516f0::OpenUniswapOracle,OpenUniswapOracle,DAppSCAN-source/contracts/Trail_of_Bits-OriginDollar/origin-dollar-81431fd3b2aa4c518ffc389844f9708c00b516f0/contracts/contracts/oracle/OpenUniswapOracle.sol,registerPair,i:registerPair,0.7184417156052892,owner-only/admin-only risky function,access-control modifier or msg.sender guard detected,0.0,0.0,0.0,0.0,0.0,1.0,1.0,0.0,0.0,0.0,0.0,0.0,0.0,1.0,1.0
val,DAPP::DAppSCAN-source/contracts/PeckShield-TranchessV1.1/contract-core-68a86350313c1cb9e5467e791d3e9efaf228a0df::ProtocolDataProvider,ProtocolDataProvider,DAppSCAN-source/contracts/PeckShield-TranchessV1.1/contract-core-68a86350313c1cb9e5467e791d3e9efaf228a0df/contracts/misc/ProtocolDataProvider.sol,getProtocolData,i:getProtocolData,0.7154415548872467,other recurring pattern,no stronger taxonomy signal,0.0,0.0,0.0,0.0,0.0,0.0,1.0,0.0,0.0,0.0,0.0,0.0,0.0,0.0,0.0
val,DAPP::DAppSCAN-source/contracts/Trail_of_Bits-YieldV2/vault-v2-819a713416249da92c44eb629ed26a49425a4656::CompositeMultiOracle,CompositeMultiOracle,DAppSCAN-source/contracts/Trail_of_Bits-YieldV2/vault-v2-819a713416249da92c44eb629ed26a49425a4656/contracts/oracles/composite/CompositeMultiOracle.sol,_peek,i:_peek,0.6933014007300455,protected reentrancy-like pattern,external call plus guard/modifier/state-update signal,0.0,0.0,0.0,1.0,0.0,0.0,0.0,0.0,0.0,0.0,0.0,0.0,0.0,0.0,0.0
val,DAPP::DAppSCAN-source/contracts/PeckShield-TranchessV1.1/contract-core-68a86350313c1cb9e5467e791d3e9efaf228a0df::LiquidityStaking,LiquidityStaking,DAppSCAN-source/contracts/PeckShield-TranchessV1.1/contract-core-68a86350313c1cb9e5467e791d3e9efaf228a0df/contracts/governance/LiquidityStaking.sol,initialize,i:initialize,0.6910693047127271,protected reentrancy-like pattern,external call plus guard/modifier/state-update signal,1.0,1.0,0.0,1.0,0.0,0.0,0.0,1.0,1.0,0.0,0.0,0.0,0.0,1.0,0.0
val,DAPP::DAppSCAN-source/contracts/Runtime_Vеrification-ElementFinance/elf-contracts-637c6f959315cbb11a164555e588520c7d89122b::WeightedPool,WeightedPool,DAppSCAN-source/contracts/Runtime_Vеrification-ElementFinance/elf-contracts-637c6f959315cbb11a164555e588520c7d89122b/contracts/balancer-core-v2/pools/weighted/WeightedPool.sol,_onInitializePool,i:_onInitializePool,0.6880188631001686,protected reentrancy-like pattern,external call plus guard/modifier/state-update signal,0.0,1.0,0.0,1.0,0.0,0.0,0.0,0.0,0.0,0.0,0.0,0.0,0.0,0.0,1.0
val,DAPP::DAppSCAN-source/contracts/consensys-Amp/amp-token-contracts-6871b6c64c712835b332e515cc553308dcbbc539::HolderCollateralPartitionValidator,HolderCollateralPartitionValidator,DAppSCAN-source/contracts/consensys-Amp/amp-token-contracts-6871b6c64c712835b332e515cc553308dcbbc539/contracts/partitions/HolderCollateralPartitionValidator.sol,tokensFromPartitionToValidate,i:tokensFromPartitionToValidate,0.6736303578727064,protected reentrancy-like pattern,external call plus guard/modifier/state-update signal,0.0,0.0,0.0,1.0,0.0,0.0,1.0,0.0,0.0,0.0,0.0,0.0,0.0,0.0,1.0
val,DAPP::DAppSCAN-source/contracts/consensys-DeFi_Saver/defisaver-v3-contracts-cb29669a84c2d6fffaf2231c0938eb407c060919::CompView,CompView,DAppSCAN-source/contracts/consensys-DeFi_Saver/defisaver-v3-contracts-cb29669a84c2d6fffaf2231c0938eb407c060919/contracts/views/CompView.sol,getSafetyRatio,i:getSafetyRatio,0.6706812167829964,other recurring pattern,no stronger taxonomy signal,0.0,0.0,0.0,0.0,0.0,0.0,1.0,0.0,0.0,0.0,0.0,0.0,0.0,0.0,1.0
val,DAPP::DAppSCAN-source/contracts/QuillAudits-GearBox Protocol-GearBox Protocol/gearbox-contracts-0ac33ba87212ce056ac6b6357ad74161d417158a::PriceOracle,PriceOracle,DAppSCAN-source/contracts/QuillAudits-GearBox Protocol-GearBox Protocol/gearbox-contracts-0ac33ba87212ce056ac6b6357ad74161d417158a/contracts/oracles/PriceOracle.sol,pause,i:pause,0.669358748014325,protected reentrancy-like pattern,external call plus guard/modifier/state-update signal,0.0,0.0,0.0,1.0,0.0,1.0,0.0,0.0,0.0,0.0,0.0,0.0,0.0,1.0,1.0
val,DAPP::DAppSCAN-source/contracts/Trail_of_Bits-OriginDollar/origin-dollar-81431fd3b2aa4c518ffc389844f9708c00b516f0::MixOracle,MixOracle,DAppSCAN-source/contracts/Trail_of_Bits-OriginDollar/origin-dollar-81431fd3b2aa4c518ffc389844f9708c00b516f0/contracts/contracts/oracle/MixOracle.sol,priceMin,i:priceMin,0.661206634281819,possible mislabeled negative,high score without detected safety signal,0.0,0.0,0.0,0.0,0.0,0.0,0.0,0.0,0.0,0.0,0.0,0.0,0.0,0.0,0.0
val,DAPP::DAppSCAN-source/contracts/QuillAudits-GearBox Protocol-GearBox Protocol/gearbox-contracts-0ac33ba87212ce056ac6b6357ad74161d417158a::CreditAccount,CreditAccount,DAppSCAN-source/contracts/QuillAudits-GearBox Protocol-GearBox Protocol/gearbox-contracts-0ac33ba87212ce056ac6b6357ad74161d417158a/contracts/credit/CreditAccount.sol,cancelAllowance,i:cancelAllowance,0.6552140589649976,protected reentrancy-like pattern,external call plus guard/modifier/state-update signal,0.0,0.0,0.0,1.0,0.0,0.0,0.0,1.0,1.0,0.0,0.0,0.0,0.0,0.0,1.0
val,DAPP::DAppSCAN-source/contracts/consensys-Zer0_zBanc/zBanc-48da0ac1eebbe31a74742f1ae4281b156f03a4bc::ConverterRegistryData,ConverterRegistryData,DAppSCAN-source/contracts/consensys-Zer0_zBanc/zBanc-48da0ac1eebbe31a74742f1ae4281b156f03a4bc/solidity/contracts/converter/ConverterRegistryData.sol,updateRegistry,i:updateRegistry,0.6550351248451848,protected reentrancy-like pattern,external call plus guard/modifier/state-update signal,0.0,1.0,0.0,1.0,0.0,1.0,0.0,0.0,0.0,0.0,0.0,0.0,0.0,1.0,1.0
val,DAPP::DAppSCAN-source/contracts/Trail_of_Bits-setprotocol/set-protocol-contracts-b4acf144c10b1d9f3ecde4ee2820931df1cb8e4a::RebalancingSetTokenFactory,RebalancingSetTokenFactory,DAppSCAN-source/contracts/Trail_of_Bits-setprotocol/set-protocol-contracts-b4acf144c10b1d9f3ecde4ee2820931df1cb8e4a/contracts/core/tokens/RebalancingSetTokenFactory.sol,createSet,i:createSet,0.6484817065745166,protected reentrancy-like pattern,external call plus guard/modifier/state-update signal,0.0,0.0,0.0,1.0,0.0,0.0,0.0,0.0,0.0,0.0,0.0,0.0,0.0,0.0,0.0
val,DAPP::DAppSCAN-source/contracts/consensys-DeFi_Saver/defisaver-v3-contracts-cb29669a84c2d6fffaf2231c0938eb407c060919::KyberWrapperV3,KyberWrapperV3,DAppSCAN-source/contracts/consensys-DeFi_Saver/defisaver-v3-contracts-cb29669a84c2d6fffaf2231c0938eb407c060919/contracts/exchangeV3/wrappersV3/KyberWrapperV3.sol,sell,i:sell,0.6423731481798489,safe ERC20 wrapper,SafeERC20-style method detected,0.0,0.0,0.0,0.0,0.0,0.0,1.0,0.0,1.0,0.0,0.0,0.0,0.0,0.0,1.0
val,DAPP::DAppSCAN-source/contracts/PeckShield-TranchessV1.1/contract-core-68a86350313c1cb9e5467e791d3e9efaf228a0df::FeeDistributor,FeeDistributor,DAppSCAN-source/contracts/PeckShield-TranchessV1.1/contract-core-68a86350313c1cb9e5467e791d3e9efaf228a0df/contracts/governance/FeeDistributor.sol,claimRewards,i:claimRewards,0.6350890831606177,external call after state update,state assignment detected before external call,1.0,0.0,0.0,0.0,0.0,0.0,1.0,0.0,1.0,0.0,0.0,0.0,0.0,0.0,1.0
val,DAPP::DAppSCAN-source/contracts/Trail_of_Bits-YieldV2/vault-v2-819a713416249da92c44eb629ed26a49425a4656::TLMModule,TLMModule,DAppSCAN-source/contracts/Trail_of_Bits-YieldV2/vault-v2-819a713416249da92c44eb629ed26a49425a4656/contracts/modules/TLMModule.sol,register,i:register,0.6304955750646852,protected reentrancy-like pattern,external call plus guard/modifier/state-update signal,0.0,0.0,0.0,1.0,0.0,0.0,0.0,0.0,0.0,0.0,0.0,0.0,0.0,0.0,0.0
val,DAPP::DAppSCAN-source/contracts/Chainsecurity-Oasis  Multiply Smart Contracts/multiply-proxy-actions-e277ac1471a95138aaa93b39cf2c16c36c769740::Exchange,Exchange,DAppSCAN-source/contracts/Chainsecurity-Oasis  Multiply Smart Contracts/multiply-proxy-actions-e277ac1471a95138aaa93b39cf2c16c36c769740/contracts/multiply/Exchange.sol,_collectFee,i:_collectFee,0.6275305886333099,trusted/fixed callee,callee receiver appears fixed/trusted,0.0,0.0,0.0,0.0,0.0,0.0,0.0,1.0,1.0,0.0,0.0,0.0,0.0,0.0,0.0
val,DAPP::DAppSCAN-source/contracts/Trail_of_Bits-setprotocol/set-protocol-contracts-b4acf144c10b1d9f3ecde4ee2820931df1cb8e4a::LinearAuctionPriceCurve,LinearAuctionPriceCurve,DAppSCAN-source/contracts/Trail_of_Bits-setprotocol/set-protocol-contracts-b4acf144c10b1d9f3ecde4ee2820931df1cb8e4a/contracts/core/lib/auction-price-libraries/LinearAuctionPriceCurve.sol,getCurrentPrice,i:getCurrentPrice,0.6199198777734484,other recurring pattern,no stronger taxonomy signal,0.0,0.0,0.0,0.0,0.0,0.0,1.0,0.0,0.0,0.0,0.0,0.0,0.0,0.0,1.0
val,DAPP::DAppSCAN-source/contracts/Runtime_Vеrification-ElementFinance/elf-contracts-637c6f959315cbb11a164555e588520c7d89122b::TestYVault,TestYVault,DAppSCAN-source/contracts/Runtime_Vеrification-ElementFinance/elf-contracts-637c6f959315cbb11a164555e588520c7d89122b/contracts/test/TestYVault.sol,deposit,i:deposit,0.6125049697032037,trusted/fixed callee,callee receiver appears fixed/trusted,0.0,0.0,0.0,0.0,0.0,0.0,0.0,1.0,0.0,0.0,0.0,0.0,0.0,0.0,0.0
val,DAPP::DAppSCAN-source/contracts/consensys-DeFi_Saver/defisaver-v3-contracts-cb29669a84c2d6fffaf2231c0938eb407c060919::AaveSupply,AaveSupply,DAppSCAN-source/contracts/consensys-DeFi_Saver/defisaver-v3-contracts-cb29669a84c2d6fffaf2231c0938eb407c060919/contracts/actions/aave/AaveSupply.sol,getDataProvider,i:getDataProvider,0.6084118749732341,other recurring pattern,no stronger taxonomy signal,0.0,0.0,0.0,0.0,0.0,0.0,1.0,0.0,0.0,0.0,0.0,0.0,0.0,0.0,1.0
val,DAPP::DAppSCAN-source/contracts/Runtime_Vеrification-ElementFinance/elf-contracts-637c6f959315cbb11a164555e588520c7d89122b::TestWrappedPosition,TestWrappedPosition,DAppSCAN-source/contracts/Runtime_Vеrification-ElementFinance/elf-contracts-637c6f959315cbb11a164555e588520c7d89122b/contracts/test/TestWrappedPosition.sol,deposit,i:deposit,0.6066992604270467,other recurring pattern,no stronger taxonomy signal,0.0,0.0,0.0,0.0,0.0,0.0,1.0,0.0,0.0,0.0,0.0,0.0,0.0,0.0,1.0
val,DAPP::DAppSCAN-source/contracts/consensys-DeFi_Saver/defisaver-v3-contracts-cb29669a84c2d6fffaf2231c0938eb407c060919::AaveBorrow,AaveBorrow,DAppSCAN-source/contracts/consensys-DeFi_Saver/defisaver-v3-contracts-cb29669a84c2d6fffaf2231c0938eb407c060919/contracts/actions/aave/AaveBorrow.sol,getDataProvider,i:getDataProvider,0.6063672491084874,other recurring pattern,no stronger taxonomy signal,0.0,0.0,0.0,0.0,0.0,0.0,1.0,0.0,0.0,0.0,0.0,0.0,0.0,0.0,0.0
val,DAPP::DAppSCAN-source/contracts/QuillAudits-GearBox Protocol-GearBox Protocol/gearbox-contracts-0ac33ba87212ce056ac6b6357ad74161d417158a::YearnPriceFeed,YearnPriceFeed,DAppSCAN-source/contracts/QuillAudits-GearBox Protocol-GearBox Protocol/gearbox-contracts-0ac33ba87212ce056ac6b6357ad74161d417158a/contracts/integrations/yearn/YearnPriceFeed.sol,getRoundData,i:getRoundData,0.5984407842196052,possible mislabeled negative,high score without detected safety signal,0.0,0.0,0.0,0.0,0.0,0.0,0.0,0.0,0.0,0.0,0.0,0.0,0.0,0.0,0.0
val,DAPP::DAppSCAN-source/contracts/Runtime_Vеrification-Tracer_Perpetual_Pools_V2/perpetual-pools-contracts-846bbf62652d7c83aee1cf3766275c4d08b00c8a::PoolKeeper,PoolKeeper,DAppSCAN-source/contracts/Runtime_Vеrification-Tracer_Perpetual_Pools_V2/perpetual-pools-contracts-846bbf62652d7c83aee1cf3766275c4d08b00c8a/contracts/implementation/PoolKeeper.sol,performUpkeepSinglePool,i:performUpkeepSinglePool,0.5982674640427997,other recurring pattern,no stronger taxonomy signal,0.0,0.0,0.0,0.0,0.0,0.0,1.0,0.0,0.0,0.0,0.0,1.0,0.0,0.0,1.0
val,DAPP::DAppSCAN-source/contracts/PeckShield-TranchessV1.1/contract-core-68a86350313c1cb9e5467e791d3e9efaf228a0df::InterestRateBallot,InterestRateBallot,DAppSCAN-source/contracts/PeckShield-TranchessV1.1/contract-core-68a86350313c1cb9e5467e791d3e9efaf228a0df/contracts/governance/InterestRateBallot.sol,cast,i:cast,0.5977540348029383,protected reentrancy-like pattern,external call plus guard/modifier/state-update signal,0.0,0.0,0.0,1.0,0.0,0.0,0.0,0.0,0.0,0.0,0.0,0.0,0.0,0.0,1.0
val,DAPP::DAppSCAN-source/contracts/SlowMist-Starcrazy Smart Contract Security Audit Report/starcrazy-contracts-e9e11d234ac065726e108a73dfcd5efbad26f2c5::Aliana,Aliana,DAppSCAN-source/contracts/SlowMist-Starcrazy Smart Contract Security Audit Report/starcrazy-contracts-e9e11d234ac065726e108a73dfcd5efbad26f2c5/contract/Aliana.sol,setGeneScienceAddress,i:setGeneScienceAddress,0.5937324976396422,protected reentrancy-like pattern,external call plus guard/modifier/state-update signal,0.0,1.0,0.0,1.0,0.0,0.0,1.0,0.0,0.0,0.0,0.0,0.0,0.0,1.0,1.0
val,DAPP::DAppSCAN-source/contracts/consensys-DeFi_Saver/defisaver-v3-contracts-cb29669a84c2d6fffaf2231c0938eb407c060919::AavePayback,AavePayback,DAppSCAN-source/contracts/consensys-DeFi_Saver/defisaver-v3-contracts-cb29669a84c2d6fffaf2231c0938eb407c060919/contracts/actions/aave/AavePayback.sol,getDataProvider,i:getDataProvider,0.5934075901465827,other recurring pattern,no stronger taxonomy signal,0.0,0.0,0.0,0.0,0.0,0.0,1.0,0.0,0.0,0.0,0.0,0.0,0.0,0.0,1.0
val,DAPP::DAppSCAN-source/contracts/consensys-DeFi_Saver/defisaver-v3-contracts-cb29669a84c2d6fffaf2231c0938eb407c060919::McdOpen,McdOpen,DAppSCAN-source/contracts/consensys-DeFi_Saver/defisaver-v3-contracts-cb29669a84c2d6fffaf2231c0938eb407c060919/contracts/actions/mcd/McdOpen.sol,_mcdOpen,i:_mcdOpen,0.5870031201037115,possible mislabeled negative,high score without detected safety signal,0.0,0.0,0.0,0.0,0.0,0.0,0.0,0.0,0.0,0.0,0.0,0.0,0.0,0.0,0.0
val,DAPP::DAppSCAN-source/contracts/consensys-DeFi_Saver/defisaver-v3-contracts-cb29669a84c2d6fffaf2231c0938eb407c060919::AaveWithdraw,AaveWithdraw,DAppSCAN-source/contracts/consensys-DeFi_Saver/defisaver-v3-contracts-cb29669a84c2d6fffaf2231c0938eb407c060919/contracts/actions/aave/AaveWithdraw.sol,getDataProvider,i:getDataProvider,0.5856155891231419,other recurring pattern,no stronger taxonomy signal,0.0,0.0,0.0,0.0,0.0,0.0,1.0,0.0,0.0,0.0,0.0,0.0,0.0,0.0,1.0
val,DAPP::DAppSCAN-source/contracts/Trail_of_Bits-FujiProtocol/fuji-protocol-933ea57b11889d87744efa23e95c90b7bf589402::FujiERC1155,FujiERC1155,DAppSCAN-source/contracts/Trail_of_Bits-FujiProtocol/fuji-protocol-933ea57b11889d87744efa23e95c90b7bf589402/contracts/FujiERC1155.sol,addInitializeAsset,i:addInitializeAsset,0.5570661980406104,protected reentrancy-like pattern,external call plus guard/modifier/state-update signal,0.0,1.0,0.0,1.0,0.0,0.0,0.0,0.0,0.0,0.0,0.0,0.0,0.0,0.0,1.0
val,DAPP::DAppSCAN-source/contracts/consensys-MCDEX_Mai_Protocol_V2/mai-protocol-v2-4b198083ec4ae2d6851e101fc44ea333eaa3cd92::PerpetualProxy,PerpetualProxy,DAppSCAN-source/contracts/consensys-MCDEX_Mai_Protocol_V2/mai-protocol-v2-4b198083ec4ae2d6851e101fc44ea333eaa3cd92/contracts/proxy/PerpetualProxy.sol,trade,i:trade,0.5502862252369258,other recurring pattern,no stronger taxonomy signal,0.0,0.0,0.0,0.0,0.0,0.0,1.0,0.0,0.0,0.0,0.0,0.0,0.0,0.0,0.0
val,DAPP::DAppSCAN-source/contracts/Runtime_Vеrification-ElementFinance/elf-contracts-637c6f959315cbb11a164555e588520c7d89122b::StablePool,StablePool,DAppSCAN-source/contracts/Runtime_Vеrification-ElementFinance/elf-contracts-637c6f959315cbb11a164555e588520c7d89122b/contracts/balancer-core-v2/pools/stable/StablePool.sol,_onInitializePool,i:_onInitializePool,0.5450471719599064,protected reentrancy-like pattern,external call plus guard/modifier/state-update signal,0.0,1.0,0.0,1.0,0.0,0.0,0.0,0.0,0.0,0.0,0.0,0.0,0.0,0.0,1.0
val,DAPP::DAppSCAN-source/contracts/consensys-Zer0_zBanc/zBanc-48da0ac1eebbe31a74742f1ae4281b156f03a4bc::ConverterRegistry,ConverterRegistry,DAppSCAN-source/contracts/consensys-Zer0_zBanc/zBanc-48da0ac1eebbe31a74742f1ae4281b156f03a4bc/solidity/contracts/converter/ConverterRegistry.sol,updateRegistry,i:updateRegistry,0.5394217872250124,protected reentrancy-like pattern,external call plus guard/modifier/state-update signal,0.0,1.0,0.0,1.0,0.0,1.0,0.0,0.0,0.0,0.0,0.0,0.0,1.0,1.0,1.0
val,DAPP::DAppSCAN-source/contracts/consensys-Zer0_zBanc/zBanc-48da0ac1eebbe31a74742f1ae4281b156f03a4bc::TestConverterRegistry,TestConverterRegistry,DAppSCAN-source/contracts/consensys-Zer0_zBanc/zBanc-48da0ac1eebbe31a74742f1ae4281b156f03a4bc/solidity/contracts/helpers/TestConverterRegistry.sol,updateRegistry,i:updateRegistry,0.53086135238325,protected reentrancy-like pattern,external call plus guard/modifier/state-update signal,0.0,1.0,0.0,1.0,0.0,1.0,0.0,0.0,0.0,0.0,0.0,0.0,0.0,1.0,1.0
val,DAPP::DAppSCAN-source/contracts/consensys-DeFi_Saver/defisaver-v3-contracts-cb29669a84c2d6fffaf2231c0938eb407c060919::TokenUtils,TokenUtils,DAppSCAN-source/contracts/consensys-DeFi_Saver/defisaver-v3-contracts-cb29669a84c2d6fffaf2231c0938eb407c060919/contracts/utils/TokenUtils.sol,approveToken,i:approveToken,0.501496717869103,trusted/fixed callee,callee receiver appears fixed/trusted,0.0,0.0,0.0,0.0,0.0,0.0,0.0,1.0,1.0,0.0,0.0,0.0,0.0,0.0,0.0
val,DAPP::DAppSCAN-source/contracts/Chainsecurity-Oasis  Multiply Smart Contracts/multiply-proxy-actions-e277ac1471a95138aaa93b39cf2c16c36c769740::TokenUtils,TokenUtils,DAppSCAN-source/contracts/Chainsecurity-Oasis  Multiply Smart Contracts/multiply-proxy-actions-e277ac1471a95138aaa93b39cf2c16c36c769740/contracts/utils/TokenUtils.sol,approveToken,i:approveToken,0.501496717869103,trusted/fixed callee,callee receiver appears fixed/trusted,0.0,0.0,0.0,0.0,0.0,0.0,0.0,1.0,1.0,0.0,0.0,0.0,0.0,0.0,0.0
val,DAPP::DAppSCAN-source/contracts/Runtime_Vеrification-ElementFinance/elf-contracts-637c6f959315cbb11a164555e588520c7d89122b::TwoTokenPoolsBalance,TwoTokenPoolsBalance,DAppSCAN-source/contracts/Runtime_Vеrification-ElementFinance/elf-contracts-637c6f959315cbb11a164555e588520c7d89122b/contracts/balancer-core-v2/vault/balances/TwoTokenPoolsBalance.sol,_getTwoTokenPoolSharedBalances,i:_getTwoTokenPoolSharedBalances,0.49175412005213875,protected reentrancy-like pattern,external call plus guard/modifier/state-update signal,0.0,0.0,0.0,1.0,0.0,0.0,0.0,0.0,0.0,0.0,0.0,0.0,0.0,0.0,0.0
val,DAPP::DAppSCAN-source/contracts/SlowMist-Starcrazy Smart Contract Security Audit Report/starcrazy-contracts-e9e11d234ac065726e108a73dfcd5efbad26f2c5::ClockAuctionBase,ClockAuctionBase,DAppSCAN-source/contracts/SlowMist-Starcrazy Smart Contract Security Audit Report/starcrazy-contracts-e9e11d234ac065726e108a73dfcd5efbad26f2c5/contract/Auction.sol,setGeneScienceAddress,i:setGeneScienceAddress,0.4653028881009951,protected reentrancy-like pattern,external call plus guard/modifier/state-update signal,0.0,1.0,0.0,1.0,0.0,0.0,1.0,0.0,0.0,0.0,0.0,0.0,0.0,0.0,1.0
val,DAPP::DAppSCAN-source/contracts/consensys-DeFi_Saver/defisaver-v3-contracts-cb29669a84c2d6fffaf2231c0938eb407c060919::CompRewardView,CompRewardView,DAppSCAN-source/contracts/consensys-DeFi_Saver/defisaver-v3-contracts-cb29669a84c2d6fffaf2231c0938eb407c060919/contracts/views/CompRewardView.sol,getBalance,i:getBalance,0.4478449345153277,trusted/fixed callee,callee receiver appears fixed/trusted,0.0,0.0,0.0,0.0,0.0,0.0,0.0,1.0,0.0,0.0,0.0,0.0,0.0,0.0,0.0
val,DAPP::DAppSCAN-source/contracts/SlowMist-Starcrazy Smart Contract Security Audit Report/starcrazy-contracts-e9e11d234ac065726e108a73dfcd5efbad26f2c5::GFT,GFT,DAppSCAN-source/contracts/SlowMist-Starcrazy Smart Contract Security Audit Report/starcrazy-contracts-e9e11d234ac065726e108a73dfcd5efbad26f2c5/contract/GFT.sol,transferFrom,i:transferFrom,0.44011339704679775,protected reentrancy-like pattern,external call plus guard/modifier/state-update signal,0.0,0.0,0.0,1.0,0.0,0.0,1.0,0.0,0.0,0.0,0.0,0.0,0.0,0.0,0.0
val,DAPP::DAppSCAN-source/contracts/SlowMist-Starcrazy Smart Contract Security Audit Report/starcrazy-contracts-e9e11d234ac065726e108a73dfcd5efbad26f2c5::GFS,GFS,DAppSCAN-source/contracts/SlowMist-Starcrazy Smart Contract Security Audit Report/starcrazy-contracts-e9e11d234ac065726e108a73dfcd5efbad26f2c5/contract/GFS.sol,transferFrom,i:transferFrom,0.4392721143731211,protected reentrancy-like pattern,external call plus guard/modifier/state-update signal,0.0,0.0,0.0,1.0,0.0,0.0,1.0,0.0,0.0,0.0,0.0,0.0,0.0,0.0,0.0
val,DAPP::DAppSCAN-source/contracts/consensys-Zer0_zBanc/zBanc-48da0ac1eebbe31a74742f1ae4281b156f03a4bc::DynamicLiquidTokenConverterFactory,DynamicLiquidTokenConverterFactory,DAppSCAN-source/contracts/consensys-Zer0_zBanc/zBanc-48da0ac1eebbe31a74742f1ae4281b156f03a4bc/solidity/contracts/converter/types/liquid-token/DynamicLiquidTokenConverterFactory.sol,createConverter,i:createConverter,0.41885471933446444,protected reentrancy-like pattern,external call plus guard/modifier/state-update signal,0.0,0.0,0.0,1.0,0.0,0.0,1.0,0.0,0.0,0.0,0.0,0.0,0.0,0.0,0.0
val,DAPP::DAppSCAN-source/contracts/consensys-Zer0_zBanc/zBanc-48da0ac1eebbe31a74742f1ae4281b156f03a4bc::PoolTokensContainer,PoolTokensContainer,DAppSCAN-source/contracts/consensys-Zer0_zBanc/zBanc-48da0ac1eebbe31a74742f1ae4281b156f03a4bc/solidity/contracts/converter/types/liquidity-pool-v2/PoolTokensContainer.sol,createToken,i:createToken,0.41623921665289804,protected reentrancy-like pattern,external call plus guard/modifier/state-update signal,0.0,0.0,0.0,1.0,0.0,0.0,1.0,0.0,0.0,0.0,0.0,0.0,0.0,0.0,1.0
val,DAPP::DAppSCAN-source/contracts/QuillAudits-Yearn Finance-Yearn Vaults V3/yearn-vaults-e390c2a6b2ba6e2ecc8f3a72a1ea4adfabd17544::yToken,yToken,DAppSCAN-source/contracts/QuillAudits-Yearn Finance-Yearn Vaults V3/yearn-vaults-e390c2a6b2ba6e2ecc8f3a72a1ea4adfabd17544/contracts/yToken.sol,bestVault,i:bestVault,0.4096731214349947,other recurring pattern,no stronger taxonomy signal,0.0,0.0,0.0,0.0,0.0,0.0,0.0,0.0,0.0,0.0,0.0,0.0,0.0,0.0,1.0
val,DAPP::DAppSCAN-source/contracts/QuillAudits-Yearn Finance-Yearn Vaults V3/yearn-vaults-e390c2a6b2ba6e2ecc8f3a72a1ea4adfabd17544::AffiliateToken,AffiliateToken,DAppSCAN-source/contracts/QuillAudits-Yearn Finance-Yearn Vaults V3/yearn-vaults-e390c2a6b2ba6e2ecc8f3a72a1ea4adfabd17544/contracts/test/AffiliateToken.sol,bestVault,i:bestVault,0.4096731214349947,other recurring pattern,no stronger taxonomy signal,0.0,0.0,0.0,0.0,0.0,0.0,0.0,0.0,0.0,0.0,0.0,0.0,0.0,0.0,1.0
val,DAPP::DAppSCAN-source/contracts/consensys-Zer0_zBanc/zBanc-48da0ac1eebbe31a74742f1ae4281b156f03a4bc::ConverterUpgrader,ConverterUpgrader,DAppSCAN-source/contracts/consensys-Zer0_zBanc/zBanc-48da0ac1eebbe31a74742f1ae4281b156f03a4bc/solidity/contracts/converter/ConverterUpgrader.sol,updateRegistry,i:updateRegistry,0.406805591464697,protected reentrancy-like pattern,external call plus guard/modifier/state-update signal,0.0,1.0,0.0,1.0,0.0,1.0,0.0,0.0,0.0,0.0,0.0,0.0,1.0,1.0,1.0
val,DAPP::DAppSCAN-source/contracts/consensys-DeFi_Saver/defisaver-v3-contracts-cb29669a84c2d6fffaf2231c0938eb407c060919::UniswapWrapperV3,UniswapWrapperV3,DAppSCAN-source/contracts/consensys-DeFi_Saver/defisaver-v3-contracts-cb29669a84c2d6fffaf2231c0938eb407c060919/contracts/exchangeV3/wrappersV3/UniswapWrapperV3.sol,sell,i:sell,0.38970690770749716,trusted/fixed callee,callee receiver appears fixed/trusted,0.0,0.0,0.0,0.0,0.0,0.0,0.0,1.0,1.0,0.0,0.0,0.0,0.0,0.0,1.0
val,DAPP::DAppSCAN-source/contracts/consensys-DeFi_Saver/defisaver-v3-contracts-cb29669a84c2d6fffaf2231c0938eb407c060919::McdView,McdView,DAppSCAN-source/contracts/consensys-DeFi_Saver/defisaver-v3-contracts-cb29669a84c2d6fffaf2231c0938eb407c060919/contracts/views/McdView.sol,getVaultInfo,i:getVaultInfo,0.38436704897444707,possible mislabeled negative,high score without detected safety signal,0.0,0.0,0.0,0.0,0.0,0.0,0.0,0.0,0.0,0.0,0.0,0.0,0.0,0.0,0.0
val,DAPP::DAppSCAN-source/contracts/consensys-DeFi_Saver/defisaver-v3-contracts-cb29669a84c2d6fffaf2231c0938eb407c060919::AaveView,AaveView,DAppSCAN-source/contracts/consensys-DeFi_Saver/defisaver-v3-contracts-cb29669a84c2d6fffaf2231c0938eb407c060919/contracts/views/AaveView.sol,getDataProvider,i:getDataProvider,0.3790134226724358,other recurring pattern,no stronger taxonomy signal,0.0,0.0,0.0,0.0,0.0,0.0,1.0,0.0,0.0,0.0,0.0,0.0,0.0,0.0,0.0
val,DAPP::DAppSCAN-source/contracts/consensys-DeFi_Saver/defisaver-v3-contracts-cb29669a84c2d6fffaf2231c0938eb407c060919::AaveHelper,AaveHelper,DAppSCAN-source/contracts/consensys-DeFi_Saver/defisaver-v3-contracts-cb29669a84c2d6fffaf2231c0938eb407c060919/contracts/actions/aave/helpers/AaveHelper.sol,getDataProvider,i:getDataProvider,0.3790134226724358,other recurring pattern,no stronger taxonomy signal,0.0,0.0,0.0,0.0,0.0,0.0,1.0,0.0,0.0,0.0,0.0,0.0,0.0,0.0,0.0
val,DAPP::DAppSCAN-source/contracts/consensys-Zer0_zBanc/zBanc-48da0ac1eebbe31a74742f1ae4281b156f03a4bc::ConversionPathFinder,ConversionPathFinder,DAppSCAN-source/contracts/consensys-Zer0_zBanc/zBanc-48da0ac1eebbe31a74742f1ae4281b156f03a4bc/solidity/contracts/ConversionPathFinder.sol,updateRegistry,i:updateRegistry,0.3701603693300336,protected reentrancy-like pattern,external call plus guard/modifier/state-update signal,0.0,1.0,0.0,1.0,0.0,1.0,0.0,0.0,0.0,0.0,0.0,0.0,0.0,1.0,1.0
val,DAPP::DAppSCAN-source/contracts/consensys-Amp/amp-token-contracts-6871b6c64c712835b332e515cc553308dcbbc539::CollateralPoolPartitionValidator,CollateralPoolPartitionValidator,DAppSCAN-source/contracts/consensys-Amp/amp-token-contracts-6871b6c64c712835b332e515cc553308dcbbc539/contracts/partitions/CollateralPoolPartitionValidator.sol,tokensToPartitionToValidate,i:tokensToPartitionToValidate,0.36622032033642593,protected reentrancy-like pattern,external call plus guard/modifier/state-update signal,0.0,0.0,0.0,1.0,0.0,0.0,0.0,0.0,0.0,0.0,0.0,0.0,0.0,0.0,1.0
val,DAPP::DAppSCAN-source/contracts/QuillAudits-GearBox Protocol-GearBox Protocol/gearbox-contracts-0ac33ba87212ce056ac6b6357ad74161d417158a::StepVesting,StepVesting,DAppSCAN-source/contracts/QuillAudits-GearBox Protocol-GearBox Protocol/gearbox-contracts-0ac33ba87212ce056ac6b6357ad74161d417158a/contracts/tokens/Vesting.sol,claim,i:claim,0.35571410291186784,external call after state update,state assignment detected before external call,1.0,0.0,0.0,0.0,0.0,0.0,1.0,0.0,1.0,0.0,0.0,0.0,0.0,0.0,0.0
val,DAPP::DAppSCAN-source/contracts/Runtime_Vеrification-ElementFinance/elf-contracts-637c6f959315cbb11a164555e588520c7d89122b::TokenFactory,TokenFactory,DAppSCAN-source/contracts/Runtime_Vеrification-ElementFinance/elf-contracts-637c6f959315cbb11a164555e588520c7d89122b/contracts/balancer-core-v2/test/TokenFactory.sol,getTokens,i:getTokens,0.35266327059069996,protected reentrancy-like pattern,external call plus guard/modifier/state-update signal,0.0,0.0,0.0,1.0,0.0,0.0,1.0,0.0,0.0,0.0,0.0,0.0,0.0,0.0,0.0
val,DAPP::DAppSCAN-source/contracts/consensys-DeFi_Saver/defisaver-v3-contracts-cb29669a84c2d6fffaf2231c0938eb407c060919::McdGenerate,McdGenerate,DAppSCAN-source/contracts/consensys-DeFi_Saver/defisaver-v3-contracts-cb29669a84c2d6fffaf2231c0938eb407c060919/contracts/actions/mcd/McdGenerate.sol,_mcdGenerate,i:_mcdGenerate,0.3510551279120408,trusted/fixed callee,callee receiver appears fixed/trusted,0.0,0.0,0.0,0.0,0.0,0.0,1.0,1.0,0.0,0.0,0.0,0.0,0.0,0.0,1.0
val,DAPP::DAppSCAN-source/contracts/consensys-DeFi_Saver/defisaver-v3-contracts-cb29669a84c2d6fffaf2231c0938eb407c060919::McdPayback,McdPayback,DAppSCAN-source/contracts/consensys-DeFi_Saver/defisaver-v3-contracts-cb29669a84c2d6fffaf2231c0938eb407c060919/contracts/actions/mcd/McdPayback.sol,_mcdPayback,i:_mcdPayback,0.3476511234808602,trusted/fixed callee,callee receiver appears fixed/trusted,0.0,0.0,0.0,0.0,0.0,0.0,1.0,1.0,0.0,0.0,0.0,0.0,0.0,0.0,1.0
val,DAPP::DAppSCAN-source/contracts/consensys-Zer0_zBanc/zBanc-48da0ac1eebbe31a74742f1ae4281b156f03a4bc::BancorX,BancorX,DAppSCAN-source/contracts/consensys-Zer0_zBanc/zBanc-48da0ac1eebbe31a74742f1ae4281b156f03a4bc/solidity/contracts/bancorx/BancorX.sol,updateRegistry,i:updateRegistry,0.34376081894243254,protected reentrancy-like pattern,external call plus guard/modifier/state-update signal,0.0,1.0,0.0,1.0,0.0,1.0,0.0,0.0,0.0,0.0,0.0,0.0,0.0,1.0,1.0
val,DAPP::DAppSCAN-source/contracts/Chainsecurity-Oasis  Multiply Smart Contracts/multiply-proxy-actions-e277ac1471a95138aaa93b39cf2c16c36c769740::McdView,McdView,DAppSCAN-source/contracts/Chainsecurity-Oasis  Multiply Smart Contracts/multiply-proxy-actions-e277ac1471a95138aaa93b39cf2c16c36c769740/contracts/views/McdView.sol,getVaultInfo,i:getVaultInfo,0.34046659600644946,possible mislabeled negative,high score without detected safety signal,0.0,0.0,0.0,0.0,0.0,0.0,0.0,0.0,0.0,0.0,0.0,0.0,0.0,0.0,0.0
val,DAPP::DAppSCAN-source/contracts/consensys-DeFi_Saver/defisaver-v3-contracts-cb29669a84c2d6fffaf2231c0938eb407c060919::DSProxy,DSProxy,DAppSCAN-source/contracts/consensys-DeFi_Saver/defisaver-v3-contracts-cb29669a84c2d6fffaf2231c0938eb407c060919/contracts/DS/DSProxy.sol,isAuthorized,i:isAuthorized,0.325646113259986,external call after state update,state assignment detected before external call,1.0,0.0,0.0,0.0,0.0,0.0,0.0,0.0,0.0,0.0,0.0,0.0,0.0,0.0,0.0
val,DAPP::DAppSCAN-source/contracts/consensys-DeFi_Saver/defisaver-v3-contracts-cb29669a84c2d6fffaf2231c0938eb407c060919::DSAuth,DSAuth,DAppSCAN-source/contracts/consensys-DeFi_Saver/defisaver-v3-contracts-cb29669a84c2d6fffaf2231c0938eb407c060919/contracts/DS/DSAuth.sol,isAuthorized,i:isAuthorized,0.325646113259986,external call after state update,state assignment detected before external call,1.0,0.0,0.0,0.0,0.0,0.0,0.0,0.0,0.0,0.0,0.0,0.0,0.0,0.0,0.0
val,DAPP::DAppSCAN-source/contracts/Chainsecurity-Oasis  Multiply Smart Contracts/multiply-proxy-actions-e277ac1471a95138aaa93b39cf2c16c36c769740::DSProxy,DSProxy,DAppSCAN-source/contracts/Chainsecurity-Oasis  Multiply Smart Contracts/multiply-proxy-actions-e277ac1471a95138aaa93b39cf2c16c36c769740/contracts/DS/DSProxy.sol,isAuthorized,i:isAuthorized,0.325646113259986,external call after state update,state assignment detected before external call,1.0,0.0,0.0,0.0,0.0,0.0,0.0,0.0,0.0,0.0,0.0,0.0,0.0,0.0,0.0
val,DAPP::DAppSCAN-source/contracts/Chainsecurity-Oasis  Multiply Smart Contracts/multiply-proxy-actions-e277ac1471a95138aaa93b39cf2c16c36c769740::DSAuth,DSAuth,DAppSCAN-source/contracts/Chainsecurity-Oasis  Multiply Smart Contracts/multiply-proxy-actions-e277ac1471a95138aaa93b39cf2c16c36c769740/contracts/DS/DSAuth.sol,isAuthorized,i:isAuthorized,0.325646113259986,external call after state update,state assignment detected before external call,1.0,0.0,0.0,0.0,0.0,0.0,0.0,0.0,0.0,0.0,0.0,0.0,0.0,0.0,0.0
val,DAPP::DAppSCAN-source/contracts/Trail_of_Bits-setprotocol/set-protocol-contracts-b4acf144c10b1d9f3ecde4ee2820931df1cb8e4a::DSAuth,DSAuth,DAppSCAN-source/contracts/Trail_of_Bits-setprotocol/set-protocol-contracts-b4acf144c10b1d9f3ecde4ee2820931df1cb8e4a/contracts/external/DappHub/auth.sol,isAuthorized,i:isAuthorized,0.32558345826668605,external call after state update,state assignment detected before external call,1.0,0.0,0.0,0.0,0.0,0.0,0.0,0.0,0.0,0.0,0.0,0.0,0.0,0.0,0.0
val,DAPP::DAppSCAN-source/contracts/Trail_of_Bits-setprotocol/set-protocol-contracts-b4acf144c10b1d9f3ecde4ee2820931df1cb8e4a::DSThing,DSThing,DAppSCAN-source/contracts/Trail_of_Bits-setprotocol/set-protocol-contracts-b4acf144c10b1d9f3ecde4ee2820931df1cb8e4a/contracts/external/DappHub/thing.sol,isAuthorized,i:isAuthorized,0.32558345826668605,external call after state update,state assignment detected before external call,1.0,0.0,0.0,0.0,0.0,0.0,0.0,0.0,0.0,0.0,0.0,0.0,0.0,0.0,0.0
val,DAPP::DAppSCAN-source/contracts/Trail_of_Bits-setprotocol/set-protocol-contracts-b4acf144c10b1d9f3ecde4ee2820931df1cb8e4a::Median,Median,DAppSCAN-source/contracts/Trail_of_Bits-setprotocol/set-protocol-contracts-b4acf144c10b1d9f3ecde4ee2820931df1cb8e4a/contracts/external/DappHub/median.sol,isAuthorized,i:isAuthorized,0.32558345826668605,external call after state update,state assignment detected before external call,1.0,0.0,0.0,0.0,0.0,0.0,0.0,0.0,0.0,0.0,0.0,0.0,0.0,0.0,0.0
val,DAPP::DAppSCAN-source/contracts/SlowMist-Starcrazy Smart Contract Security Audit Report/starcrazy-contracts-e9e11d234ac065726e108a73dfcd5efbad26f2c5::WGFT,WGFT,DAppSCAN-source/contracts/SlowMist-Starcrazy Smart Contract Security Audit Report/starcrazy-contracts-e9e11d234ac065726e108a73dfcd5efbad26f2c5/contract/WGFT.sol,transferFrom,i:transferFrom,0.3201764217856431,protected reentrancy-like pattern,external call plus guard/modifier/state-update signal,0.0,0.0,0.0,1.0,0.0,0.0,1.0,0.0,0.0,0.0,0.0,0.0,0.0,0.0,0.0
val,DAPP::DAppSCAN-source/contracts/consensys-DeFi_Saver/defisaver-v3-contracts-cb29669a84c2d6fffaf2231c0938eb407c060919::McdSupply,McdSupply,DAppSCAN-source/contracts/consensys-DeFi_Saver/defisaver-v3-contracts-cb29669a84c2d6fffaf2231c0938eb407c060919/contracts/actions/mcd/McdSupply.sol,getCdpInfo,i:getCdpInfo,0.31603865940103193,other recurring pattern,no stronger taxonomy signal,0.0,0.0,0.0,0.0,0.0,0.0,1.0,0.0,0.0,0.0,0.0,0.0,0.0,0.0,1.0
val,DAPP::DAppSCAN-source/contracts/Trail_of_Bits-OriginDollar/origin-dollar-81431fd3b2aa4c518ffc389844f9708c00b516f0::OUSD,OUSD,DAppSCAN-source/contracts/Trail_of_Bits-OriginDollar/origin-dollar-81431fd3b2aa4c518ffc389844f9708c00b516f0/contracts/contracts/token/OUSD.sol,initialize,i:initialize,0.31203561665721447,owner-only/admin-only risky function,access-control modifier or msg.sender guard detected,0.0,1.0,0.0,0.0,0.0,1.0,1.0,0.0,0.0,0.0,0.0,0.0,0.0,1.0,0.0
val,DAPP::DAppSCAN-source/contracts/QuillAudits-GearBox Protocol-GearBox Protocol/gearbox-contracts-0ac33ba87212ce056ac6b6357ad74161d417158a::ACLTrait,ACLTrait,DAppSCAN-source/contracts/QuillAudits-GearBox Protocol-GearBox Protocol/gearbox-contracts-0ac33ba87212ce056ac6b6357ad74161d417158a/contracts/core/ACLTrait.sol,pause,i:pause,0.3086289491124546,protected reentrancy-like pattern,external call plus guard/modifier/state-update signal,0.0,0.0,0.0,1.0,0.0,1.0,0.0,0.0,0.0,0.0,0.0,0.0,0.0,1.0,0.0
val,DAPP::DAppSCAN-source/contracts/QuillAudits-GearBox Protocol-GearBox Protocol/gearbox-contracts-0ac33ba87212ce056ac6b6357ad74161d417158a::ContractsRegister,ContractsRegister,DAppSCAN-source/contracts/QuillAudits-GearBox Protocol-GearBox Protocol/gearbox-contracts-0ac33ba87212ce056ac6b6357ad74161d417158a/contracts/core/ContractsRegister.sol,pause,i:pause,0.3086289491124546,protected reentrancy-like pattern,external call plus guard/modifier/state-update signal,0.0,0.0,0.0,1.0,0.0,1.0,0.0,0.0,0.0,0.0,0.0,0.0,0.0,1.0,0.0
val,DAPP::DAppSCAN-source/contracts/consensys-DeFi_Saver/defisaver-v3-contracts-cb29669a84c2d6fffaf2231c0938eb407c060919::ProxyPermission,ProxyPermission,DAppSCAN-source/contracts/consensys-DeFi_Saver/defisaver-v3-contracts-cb29669a84c2d6fffaf2231c0938eb407c060919/contracts/auth/ProxyPermission.sol,givePermission,i:givePermission,0.30081404801330025,other recurring pattern,no stronger taxonomy signal,0.0,0.0,0.0,0.0,0.0,0.0,1.0,0.0,0.0,0.0,0.0,0.0,0.0,0.0,0.0
val,DAPP::DAppSCAN-source/contracts/consensys-DeFi_Saver/defisaver-v3-contracts-cb29669a84c2d6fffaf2231c0938eb407c060919::McdWithdraw,McdWithdraw,DAppSCAN-source/contracts/consensys-DeFi_Saver/defisaver-v3-contracts-cb29669a84c2d6fffaf2231c0938eb407c060919/contracts/actions/mcd/McdWithdraw.sol,getCdpInfo,i:getCdpInfo,0.2987395474798581,other recurring pattern,no stronger taxonomy signal,0.0,0.0,0.0,0.0,0.0,0.0,1.0,0.0,0.0,0.0,0.0,0.0,0.0,0.0,1.0
val,DAPP::DAppSCAN-source/contracts/consensys-Zer0_zBanc/zBanc-48da0ac1eebbe31a74742f1ae4281b156f03a4bc::ContractRegistryClient,ContractRegistryClient,DAppSCAN-source/contracts/consensys-Zer0_zBanc/zBanc-48da0ac1eebbe31a74742f1ae4281b156f03a4bc/solidity/contracts/utility/ContractRegistryClient.sol,updateRegistry,i:updateRegistry,0.2917815631507048,protected reentrancy-like pattern,external call plus guard/modifier/state-update signal,0.0,1.0,0.0,1.0,0.0,1.0,0.0,0.0,0.0,0.0,0.0,0.0,0.0,1.0,1.0
val,DAPP::DAppSCAN-source/contracts/consensys-Zer0_zBanc/zBanc-48da0ac1eebbe31a74742f1ae4281b156f03a4bc::TestContractRegistryClient,TestContractRegistryClient,DAppSCAN-source/contracts/consensys-Zer0_zBanc/zBanc-48da0ac1eebbe31a74742f1ae4281b156f03a4bc/solidity/contracts/helpers/TestContractRegistryClient.sol,updateRegistry,i:updateRegistry,0.2917174572722561,protected reentrancy-like pattern,external call plus guard/modifier/state-update signal,0.0,1.0,0.0,1.0,0.0,1.0,0.0,0.0,0.0,0.0,0.0,0.0,0.0,1.0,1.0
val,DAPP::DAppSCAN-source/contracts/SlowMist-Starcrazy Smart Contract Security Audit Report/starcrazy-contracts-e9e11d234ac065726e108a73dfcd5efbad26f2c5::AlianaOwnership,AlianaOwnership,DAppSCAN-source/contracts/SlowMist-Starcrazy Smart Contract Security Audit Report/starcrazy-contracts-e9e11d234ac065726e108a73dfcd5efbad26f2c5/contract/aliana/AlianaOwnership.sol,setGeneScienceAddress,i:setGeneScienceAddress,0.2862525460227646,protected reentrancy-like pattern,external call plus guard/modifier/state-update signal,0.0,1.0,0.0,1.0,0.0,0.0,1.0,0.0,0.0,0.0,0.0,0.0,0.0,0.0,0.0
val,DAPP::DAppSCAN-source/contracts/SlowMist-Starcrazy Smart Contract Security Audit Report/starcrazy-contracts-e9e11d234ac065726e108a73dfcd5efbad26f2c5::AlianaBase,AlianaBase,DAppSCAN-source/contracts/SlowMist-Starcrazy Smart Contract Security Audit Report/starcrazy-contracts-e9e11d234ac065726e108a73dfcd5efbad26f2c5/contract/aliana/AlianaBase.sol,setGeneScienceAddress,i:setGeneScienceAddress,0.2862525460227646,protected reentrancy-like pattern,external call plus guard/modifier/state-update signal,0.0,1.0,0.0,1.0,0.0,0.0,1.0,0.0,0.0,0.0,0.0,0.0,0.0,0.0,0.0
val,DAPP::DAppSCAN-source/contracts/Trail_of_Bits-OriginDollar/origin-dollar-81431fd3b2aa4c518ffc389844f9708c00b516f0::Vault,Vault,DAppSCAN-source/contracts/Trail_of_Bits-OriginDollar/origin-dollar-81431fd3b2aa4c518ffc389844f9708c00b516f0/contracts/contracts/vault/Vault.sol,removeStrategy,i:removeStrategy,0.26816200417826724,protected reentrancy-like pattern,external call plus guard/modifier/state-update signal,0.0,0.0,0.0,1.0,0.0,1.0,0.0,0.0,0.0,0.0,0.0,0.0,0.0,1.0,1.0
val,DAPP::DAppSCAN-source/contracts/consensys-DeFi_Saver/defisaver-v3-contracts-cb29669a84c2d6fffaf2231c0938eb407c060919::McdRatioTrigger,McdRatioTrigger,DAppSCAN-source/contracts/consensys-DeFi_Saver/defisaver-v3-contracts-cb29669a84c2d6fffaf2231c0938eb407c060919/contracts/triggers/McdRatioTrigger.sol,getRatio,i:getRatio,0.26814120657035534,possible mislabeled negative,high score without detected safety signal,0.0,0.0,0.0,0.0,0.0,0.0,0.0,0.0,0.0,0.0,0.0,0.0,0.0,0.0,0.0
val,DAPP::DAppSCAN-source/contracts/Runtime_Vеrification-Tracer_Perpetual_Pools_V2/perpetual-pools-contracts-846bbf62652d7c83aee1cf3766275c4d08b00c8a::ChainlinkOracleWrapper,ChainlinkOracleWrapper,DAppSCAN-source/contracts/Runtime_Vеrification-Tracer_Perpetual_Pools_V2/perpetual-pools-contracts-846bbf62652d7c83aee1cf3766275c4d08b00c8a/contracts/implementation/ChainlinkOracleWrapper.sol,_latestRoundData,i:_latestRoundData,0.2603456591400376,other recurring pattern,no stronger taxonomy signal,0.0,0.0,0.0,0.0,0.0,0.0,1.0,0.0,0.0,0.0,0.0,0.0,0.0,0.0,0.0
val,DAPP::DAppSCAN-source/contracts/PeckShield-Tranchessv1.0/contract-core-5ac3d997da3ef37b0135565a11c5ebcc519862aa::ChessSchedule,ChessSchedule,DAppSCAN-source/contracts/PeckShield-Tranchessv1.0/contract-core-5ac3d997da3ef37b0135565a11c5ebcc519862aa/contracts/governance/ChessSchedule.sol,mint,i:mint,0.2512511129142271,protected reentrancy-like pattern,external call plus guard/modifier/state-update signal,0.0,1.0,0.0,1.0,0.0,0.0,0.0,0.0,0.0,0.0,0.0,0.0,0.0,0.0,1.0
val,DAPP::DAppSCAN-source/contracts/Trail_of_Bits-setprotocol/set-protocol-contracts-b4acf144c10b1d9f3ecde4ee2820931df1cb8e4a::PriceFeed,PriceFeed,DAppSCAN-source/contracts/Trail_of_Bits-setprotocol/set-protocol-contracts-b4acf144c10b1d9f3ecde4ee2820931df1cb8e4a/contracts/external/DappHub/price-feed.sol,post,i:post,0.2205026973006524,external call after state update,state assignment detected before external call,1.0,0.0,0.0,0.0,0.0,0.0,1.0,0.0,0.0,0.0,0.0,0.0,0.0,0.0,0.0
val,DAPP::DAppSCAN-source/contracts/Trail_of_Bits-OriginDollar/origin-dollar-81431fd3b2aa4c518ffc389844f9708c00b516f0::ChainlinkOracle,ChainlinkOracle,DAppSCAN-source/contracts/Trail_of_Bits-OriginDollar/origin-dollar-81431fd3b2aa4c518ffc389844f9708c00b516f0/contracts/contracts/oracle/ChainlinkOracle.sol,registerFeed,i:registerFeed,0.22005881886967318,owner-only/admin-only risky function,access-control modifier or msg.sender guard detected,0.0,0.0,0.0,0.0,0.0,1.0,1.0,0.0,0.0,0.0,0.0,0.0,0.0,1.0,0.0
val,DAPP::DAppSCAN-source/contracts/PeckShield-TranchessV1.1/contract-core-68a86350313c1cb9e5467e791d3e9efaf228a0df::ChessSchedule,ChessSchedule,DAppSCAN-source/contracts/PeckShield-TranchessV1.1/contract-core-68a86350313c1cb9e5467e791d3e9efaf228a0df/contracts/governance/ChessSchedule.sol,mint,i:mint,0.21608825956743266,protected reentrancy-like pattern,external call plus guard/modifier/state-update signal,0.0,1.0,0.0,1.0,0.0,0.0,0.0,0.0,1.0,0.0,0.0,0.0,0.0,0.0,1.0
val,DAPP::DAppSCAN-source/contracts/consensys-Zer0_zBanc/zBanc-48da0ac1eebbe31a74742f1ae4281b156f03a4bc::TestReentrancyGuard,TestReentrancyGuard,DAppSCAN-source/contracts/consensys-Zer0_zBanc/zBanc-48da0ac1eebbe31a74742f1ae4281b156f03a4bc/solidity/contracts/helpers/TestReentrancyGuard.sol,run,i:run,0.21229441889177741,protected reentrancy-like pattern,external call plus guard/modifier/state-update signal,1.0,0.0,0.0,0.0,1.0,0.0,0.0,0.0,0.0,0.0,0.0,0.0,0.0,1.0,0.0
val,DAPP::DAppSCAN-source/contracts/SlowMist-Starcrazy Smart Contract Security Audit Report/starcrazy-contracts-e9e11d234ac065726e108a73dfcd5efbad26f2c5::DSToken,DSToken,DAppSCAN-source/contracts/SlowMist-Starcrazy Smart Contract Security Audit Report/starcrazy-contracts-e9e11d234ac065726e108a73dfcd5efbad26f2c5/contract/token/DSToken.sol,isAuthorized,i:isAuthorized,0.2087849709453454,external call after state update,state assignment detected before external call,1.0,0.0,0.0,0.0,0.0,0.0,0.0,0.0,0.0,0.0,0.0,0.0,0.0,0.0,0.0
val,DAPP::DAppSCAN-source/contracts/SlowMist-Starcrazy Smart Contract Security Audit Report/starcrazy-contracts-e9e11d234ac065726e108a73dfcd5efbad26f2c5::DSAuth,DSAuth,DAppSCAN-source/contracts/SlowMist-Starcrazy Smart Contract Security Audit Report/starcrazy-contracts-e9e11d234ac065726e108a73dfcd5efbad26f2c5/contract/ownership/DSAuth.sol,isAuthorized,i:isAuthorized,0.2087849709453454,external call after state update,state assignment detected before external call,1.0,0.0,0.0,0.0,0.0,0.0,0.0,0.0,0.0,0.0,0.0,0.0,0.0,0.0,0.0
val,DAPP::DAppSCAN-source/contracts/Runtime_Vеrification-Tracer_Perpetual_Pools_V2/perpetual-pools-contracts-846bbf62652d7c83aee1cf3766275c4d08b00c8a::SMAOracle,SMAOracle,DAppSCAN-source/contracts/Runtime_Vеrification-Tracer_Perpetual_Pools_V2/perpetual-pools-contracts-846bbf62652d7c83aee1cf3766275c4d08b00c8a/contracts/implementation/SMAOracle.sol,update,i:update,0.2081623445101919,other recurring pattern,no stronger taxonomy signal,0.0,0.0,0.0,0.0,0.0,0.0,1.0,0.0,0.0,0.0,0.0,0.0,0.0,0.0,1.0
val,DAPP::DAppSCAN-source/contracts/PeckShield-TranchessV1.1/contract-core-68a86350313c1cb9e5467e791d3e9efaf228a0df::VotingEscrowHelper,VotingEscrowHelper,DAppSCAN-source/contracts/PeckShield-TranchessV1.1/contract-core-68a86350313c1cb9e5467e791d3e9efaf228a0df/contracts/misc/VotingEscrowHelper.sol,syncWithVotingEscrow,i:syncWithVotingEscrow,0.20403893574165097,other recurring pattern,no stronger taxonomy signal,0.0,0.0,0.0,0.0,0.0,0.0,1.0,0.0,0.0,0.0,0.0,0.0,0.0,0.0,1.0
val,DAPP::DAppSCAN-source/contracts/Runtime_Vеrification-ElementFinance/elf-contracts-637c6f959315cbb11a164555e588520c7d89122b::Authorization,Authorization,DAppSCAN-source/contracts/Runtime_Vеrification-ElementFinance/elf-contracts-637c6f959315cbb11a164555e588520c7d89122b/contracts/balancer-core-v2/vault/Authorization.sol,_authenticateCaller,i:_authenticateCaller,0.19745206985367103,protected reentrancy-like pattern,external call plus guard/modifier/state-update signal,0.0,0.0,0.0,1.0,0.0,1.0,0.0,0.0,0.0,0.0,0.0,0.0,0.0,1.0,1.0
val,DAPP::DAppSCAN-source/contracts/Trail_of_Bits-YieldV2/vault-v2-819a713416249da92c44eb629ed26a49425a4656::CompoundMultiOracle,CompoundMultiOracle,DAppSCAN-source/contracts/Trail_of_Bits-YieldV2/vault-v2-819a713416249da92c44eb629ed26a49425a4656/contracts/oracles/compound/CompoundMultiOracle.sol,_peek,i:_peek,0.19744213365481597,protected reentrancy-like pattern,external call plus guard/modifier/state-update signal,0.0,0.0,0.0,1.0,0.0,0.0,1.0,0.0,0.0,0.0,0.0,0.0,0.0,0.0,1.0
val,DAPP::DAppSCAN-source/contracts/Runtime_Vеrification-ElementFinance/elf-contracts-637c6f959315cbb11a164555e588520c7d89122b::InternalBalance,InternalBalance,DAppSCAN-source/contracts/Runtime_Vеrification-ElementFinance/elf-contracts-637c6f959315cbb11a164555e588520c7d89122b/contracts/balancer-core-v2/vault/InternalBalance.sol,_authenticateCaller,i:_authenticateCaller,0.18672429873328558,protected reentrancy-like pattern,external call plus guard/modifier/state-update signal,0.0,0.0,0.0,1.0,0.0,1.0,0.0,0.0,0.0,0.0,0.0,0.0,0.0,1.0,1.0
val,DAPP::DAppSCAN-source/contracts/Runtime_Vеrification-ElementFinance/elf-contracts-637c6f959315cbb11a164555e588520c7d89122b::Fees,Fees,DAppSCAN-source/contracts/Runtime_Vеrification-ElementFinance/elf-contracts-637c6f959315cbb11a164555e588520c7d89122b/contracts/balancer-core-v2/vault/Fees.sol,_authenticateCaller,i:_authenticateCaller,0.18672429873328558,protected reentrancy-like pattern,external call plus guard/modifier/state-update signal,0.0,0.0,0.0,1.0,0.0,1.0,0.0,0.0,0.0,0.0,0.0,0.0,0.0,1.0,1.0
val,DAPP::DAppSCAN-source/contracts/Runtime_Vеrification-ElementFinance/elf-contracts-637c6f959315cbb11a164555e588520c7d89122b::FlashLoanProvider,FlashLoanProvider,DAppSCAN-source/contracts/Runtime_Vеrification-ElementFinance/elf-contracts-637c6f959315cbb11a164555e588520c7d89122b/contracts/balancer-core-v2/vault/FlashLoanProvider.sol,_authenticateCaller,i:_authenticateCaller,0.18672429873328558,protected reentrancy-like pattern,external call plus guard/modifier/state-update signal,0.0,0.0,0.0,1.0,0.0,1.0,0.0,0.0,0.0,0.0,0.0,0.0,0.0,1.0,1.0
val,DAPP::DAppSCAN-source/contracts/consensys-DeFi_Saver/defisaver-v3-contracts-cb29669a84c2d6fffaf2231c0938eb407c060919::CompSupply,CompSupply,DAppSCAN-source/contracts/consensys-DeFi_Saver/defisaver-v3-contracts-cb29669a84c2d6fffaf2231c0938eb407c060919/contracts/actions/compound/CompSupply.sol,_supply,i:_supply,0.1820234796498946,protected reentrancy-like pattern,external call plus guard/modifier/state-update signal,0.0,0.0,0.0,1.0,0.0,0.0,1.0,0.0,0.0,0.0,0.0,0.0,0.0,0.0,0.0
val,DAPP::DAppSCAN-source/contracts/Trail_of_Bits-setprotocol/set-protocol-contracts-b4acf144c10b1d9f3ecde4ee2820931df1cb8e4a::FeedFactory,FeedFactory,DAppSCAN-source/contracts/Trail_of_Bits-setprotocol/set-protocol-contracts-b4acf144c10b1d9f3ecde4ee2820931df1cb8e4a/contracts/external/DappHub/feed-factory.sol,create,i:create,0.17663716634953092,possible mislabeled negative,high score without detected safety signal,0.0,0.0,0.0,0.0,0.0,0.0,0.0,0.0,0.0,0.0,0.0,0.0,0.0,0.0,0.0
val,DAPP::DAppSCAN-source/contracts/consensys-Amp/amp-token-contracts-6871b6c64c712835b332e515cc553308dcbbc539::ERC1820Client,ERC1820Client,DAppSCAN-source/contracts/consensys-Amp/amp-token-contracts-6871b6c64c712835b332e515cc553308dcbbc539/contracts/erc1820/ERC1820Client.sol,setInterfaceImplementation,i:setInterfaceImplementation,0.17454442996402686,trusted/fixed callee,callee receiver appears fixed/trusted,0.0,0.0,0.0,0.0,0.0,0.0,0.0,1.0,0.0,0.0,0.0,0.0,0.0,0.0,0.0
val,DAPP::DAppSCAN-source/contracts/consensys-Amp/amp-token-contracts-6871b6c64c712835b332e515cc553308dcbbc539::AmpPartitionStrategyValidatorBase,AmpPartitionStrategyValidatorBase,DAppSCAN-source/contracts/consensys-Amp/amp-token-contracts-6871b6c64c712835b332e515cc553308dcbbc539/contracts/partitions/AmpPartitionStrategyValidatorBase.sol,setInterfaceImplementation,i:setInterfaceImplementation,0.17454442996402686,trusted/fixed callee,callee receiver appears fixed/trusted,0.0,0.0,0.0,0.0,0.0,0.0,0.0,1.0,0.0,0.0,0.0,0.0,0.0,0.0,0.0
val,DAPP::DAppSCAN-source/contracts/consensys-MCDEX_Mai_Protocol_V2/mai-protocol-v2-4b198083ec4ae2d6851e101fc44ea333eaa3cd92::InversedChainlinkAdapter,InversedChainlinkAdapter,DAppSCAN-source/contracts/consensys-MCDEX_Mai_Protocol_V2/mai-protocol-v2-4b198083ec4ae2d6851e101fc44ea333eaa3cd92/contracts/oracle/InversedChainlinkAdapter.sol,price,i:price,0.17435511656672992,trusted/fixed callee,callee receiver appears fixed/trusted,0.0,0.0,0.0,0.0,0.0,0.0,0.0,1.0,0.0,0.0,0.0,0.0,0.0,0.0,0.0
val,DAPP::DAppSCAN-source/contracts/Trail_of_Bits-OriginDollar/origin-dollar-81431fd3b2aa4c518ffc389844f9708c00b516f0::Timelock,Timelock,DAppSCAN-source/contracts/Trail_of_Bits-OriginDollar/origin-dollar-81431fd3b2aa4c518ffc389844f9708c00b516f0/contracts/contracts/timelock/Timelock.sol,pauseDeposits,i:pauseDeposits,0.17291584972566515,protected reentrancy-like pattern,external call plus guard/modifier/state-update signal,0.0,0.0,0.0,1.0,0.0,1.0,0.0,0.0,0.0,0.0,0.0,0.0,0.0,1.0,0.0
val,DAPP::DAppSCAN-source/contracts/consensys-Zer0_zBanc/zBanc-48da0ac1eebbe31a74742f1ae4281b156f03a4bc::TokenHandler,TokenHandler,DAppSCAN-source/contracts/consensys-Zer0_zBanc/zBanc-48da0ac1eebbe31a74742f1ae4281b156f03a4bc/solidity/contracts/utility/TokenHandler.sol,safeApprove,i:safeApprove,0.1728525224933488,checked low-level call,low-level call return appears checked,0.0,0.0,1.0,0.0,0.0,0.0,0.0,0.0,0.0,0.0,0.0,0.0,0.0,0.0,0.0
val,DAPP::DAppSCAN-source/contracts/consensys-Zer0_zBanc/zBanc-48da0ac1eebbe31a74742f1ae4281b156f03a4bc::TokenHolder,TokenHolder,DAppSCAN-source/contracts/consensys-Zer0_zBanc/zBanc-48da0ac1eebbe31a74742f1ae4281b156f03a4bc/solidity/contracts/utility/TokenHolder.sol,safeApprove,i:safeApprove,0.1728525224933488,checked low-level call,low-level call return appears checked,0.0,0.0,1.0,0.0,0.0,0.0,0.0,0.0,0.0,0.0,0.0,0.0,0.0,0.0,0.0
val,DAPP::DAppSCAN-source/contracts/consensys-Zer0_zBanc/zBanc-48da0ac1eebbe31a74742f1ae4281b156f03a4bc::TestDynamicLiquidTokenConverterFactory,TestDynamicLiquidTokenConverterFactory,DAppSCAN-source/contracts/consensys-Zer0_zBanc/zBanc-48da0ac1eebbe31a74742f1ae4281b156f03a4bc/solidity/contracts/helpers/TestDynamicLiquidTokenConverterFactory.sol,safeApprove,i:safeApprove,0.17282811700316775,checked low-level call,low-level call return appears checked,0.0,0.0,1.0,0.0,0.0,0.0,0.0,0.0,0.0,0.0,0.0,0.0,0.0,0.0,0.0
val,DAPP::DAppSCAN-source/contracts/consensys-Zer0_zBanc/zBanc-48da0ac1eebbe31a74742f1ae4281b156f03a4bc::TestTokenHandler,TestTokenHandler,DAppSCAN-source/contracts/consensys-Zer0_zBanc/zBanc-48da0ac1eebbe31a74742f1ae4281b156f03a4bc/solidity/contracts/helpers/TestTokenHandler.sol,safeApprove,i:safeApprove,0.17282811700316775,checked low-level call,low-level call return appears checked,0.0,0.0,1.0,0.0,0.0,0.0,0.0,0.0,0.0,0.0,0.0,0.0,0.0,0.0,0.0
val,DAPP::DAppSCAN-source/contracts/consensys-DeFi_Saver/defisaver-v3-contracts-cb29669a84c2d6fffaf2231c0938eb407c060919::CompWithdraw,CompWithdraw,DAppSCAN-source/contracts/consensys-DeFi_Saver/defisaver-v3-contracts-cb29669a84c2d6fffaf2231c0938eb407c060919/contracts/actions/compound/CompWithdraw.sol,_withdraw,i:_withdraw,0.17257646670617918,protected reentrancy-like pattern,external call plus guard/modifier/state-update signal,0.0,0.0,0.0,1.0,0.0,0.0,1.0,0.0,0.0,0.0,0.0,0.0,0.0,0.0,0.0
val,DAPP::DAppSCAN-source/contracts/consensys-Zer0_zBanc/zBanc-48da0ac1eebbe31a74742f1ae4281b156f03a4bc::ConverterFactory,ConverterFactory,DAppSCAN-source/contracts/consensys-Zer0_zBanc/zBanc-48da0ac1eebbe31a74742f1ae4281b156f03a4bc/solidity/contracts/converter/ConverterFactory.sol,createAnchor,i:createAnchor,0.16501117747781688,many risky interactions but no confirmed finding,contract has many risky-looking interactions,0.0,0.0,0.0,0.0,0.0,0.0,1.0,0.0,0.0,0.0,0.0,0.0,1.0,0.0,1.0
val,DAPP::DAppSCAN-source/contracts/consensys-DeFi_Saver/defisaver-v3-contracts-cb29669a84c2d6fffaf2231c0938eb407c060919::CompClaim,CompClaim,DAppSCAN-source/contracts/consensys-DeFi_Saver/defisaver-v3-contracts-cb29669a84c2d6fffaf2231c0938eb407c060919/contracts/actions/compound/CompClaim.sol,getUnderlyingAddr,i:getUnderlyingAddr,0.16217330105149538,other recurring pattern,no stronger taxonomy signal,0.0,0.0,0.0,0.0,0.0,0.0,1.0,0.0,0.0,0.0,0.0,0.0,0.0,0.0,0.0
val,DAPP::DAppSCAN-source/contracts/consensys-Zer0_zBanc/zBanc-48da0ac1eebbe31a74742f1ae4281b156f03a4bc::PriceOracle,PriceOracle,DAppSCAN-source/contracts/consensys-Zer0_zBanc/zBanc-48da0ac1eebbe31a74742f1ae4281b156f03a4bc/solidity/contracts/utility/PriceOracle.sol,latestRate,i:latestRate,0.15104638927994687,other recurring pattern,no stronger taxonomy signal,0.0,0.0,0.0,0.0,0.0,0.0,1.0,0.0,0.0,0.0,0.0,0.0,0.0,0.0,1.0
val,DAPP::DAppSCAN-source/contracts/consensys-DeFi_Saver/defisaver-v3-contracts-cb29669a84c2d6fffaf2231c0938eb407c060919::CompBorrow,CompBorrow,DAppSCAN-source/contracts/consensys-DeFi_Saver/defisaver-v3-contracts-cb29669a84c2d6fffaf2231c0938eb407c060919/contracts/actions/compound/CompBorrow.sol,_borrow,i:_borrow,0.14879218527415547,protected reentrancy-like pattern,external call plus guard/modifier/state-update signal,0.0,0.0,0.0,1.0,0.0,0.0,1.0,0.0,0.0,0.0,0.0,0.0,0.0,0.0,0.0
val,DAPP::DAppSCAN-source/contracts/consensys-DeFi_Saver/defisaver-v3-contracts-cb29669a84c2d6fffaf2231c0938eb407c060919::CompPayback,CompPayback,DAppSCAN-source/contracts/consensys-DeFi_Saver/defisaver-v3-contracts-cb29669a84c2d6fffaf2231c0938eb407c060919/contracts/actions/compound/CompPayback.sol,getUnderlyingAddr,i:getUnderlyingAddr,0.13952128809340764,other recurring pattern,no stronger taxonomy signal,0.0,0.0,0.0,0.0,0.0,0.0,1.0,0.0,0.0,0.0,0.0,0.0,0.0,0.0,0.0
val,DAPP::DAppSCAN-source/contracts/Trail_of_Bits-FujiProtocol/fuji-protocol-933ea57b11889d87744efa23e95c90b7bf589402::FujiOracle,FujiOracle,DAppSCAN-source/contracts/Trail_of_Bits-FujiProtocol/fuji-protocol-933ea57b11889d87744efa23e95c90b7bf589402/contracts/FujiOracle.sol,_getUSDPrice,i:_getUSDPrice,0.11878107179948062,protected reentrancy-like pattern,external call plus guard/modifier/state-update signal,0.0,0.0,0.0,1.0,0.0,0.0,1.0,0.0,0.0,0.0,0.0,0.0,0.0,0.0,0.0
val,DAPP::DAppSCAN-source/contracts/Trail_of_Bits-OriginDollar/origin-dollar-81431fd3b2aa4c518ffc389844f9708c00b516f0::RebaseHooks,RebaseHooks,DAppSCAN-source/contracts/Trail_of_Bits-OriginDollar/origin-dollar-81431fd3b2aa4c518ffc389844f9708c00b516f0/contracts/contracts/utils/RebaseHooks.sol,postRebase,i:postRebase,0.10999990070278254,possible mislabeled negative,high score without detected safety signal,0.0,0.0,0.0,0.0,0.0,0.0,0.0,0.0,0.0,0.0,0.0,0.0,0.0,0.0,0.0
val,DAPP::DAppSCAN-source/contracts/consensys-DeFi_Saver/defisaver-v3-contracts-cb29669a84c2d6fffaf2231c0938eb407c060919::DFSProxyRegistry,DFSProxyRegistry,DAppSCAN-source/contracts/consensys-DeFi_Saver/defisaver-v3-contracts-cb29669a84c2d6fffaf2231c0938eb407c060919/contracts/utils/DFSProxyRegistry.sol,changeMcdOwner,i:changeMcdOwner,0.10533061069464493,owner-only/admin-only risky function,access-control modifier or msg.sender guard detected,0.0,0.0,0.0,0.0,0.0,1.0,0.0,0.0,0.0,0.0,0.0,0.0,0.0,1.0,0.0
val,DAPP::DAppSCAN-source/contracts/consensys-DeFi_Saver/defisaver-v3-contracts-cb29669a84c2d6fffaf2231c0938eb407c060919::McdHelper,McdHelper,DAppSCAN-source/contracts/consensys-DeFi_Saver/defisaver-v3-contracts-cb29669a84c2d6fffaf2231c0938eb407c060919/contracts/actions/mcd/helpers/McdHelper.sol,getCdpInfo,i:getCdpInfo,0.1021527840566185,other recurring pattern,no stronger taxonomy signal,0.0,0.0,0.0,0.0,0.0,0.0,1.0,0.0,0.0,0.0,0.0,0.0,0.0,0.0,1.0
val,DAPP::DAppSCAN-source/contracts/Runtime_Vеrification-ElementFinance/elf-contracts-637c6f959315cbb11a164555e588520c7d89122b::TestDate,TestDate,DAppSCAN-source/contracts/Runtime_Vеrification-ElementFinance/elf-contracts-637c6f959315cbb11a164555e588520c7d89122b/contracts/test/TestDate.sol,encodeTimestamp,i:encodeTimestamp,0.09481632666324369,possible mislabeled negative,high score without detected safety signal,0.0,0.0,0.0,0.0,0.0,0.0,0.0,0.0,0.0,0.0,0.0,0.0,0.0,0.0,0.0
val,DAPP::DAppSCAN-source/contracts/consensys-Zer0_zBanc/zBanc-48da0ac1eebbe31a74742f1ae4281b156f03a4bc::TestTypedConverterAnchorFactory,TestTypedConverterAnchorFactory,DAppSCAN-source/contracts/consensys-Zer0_zBanc/zBanc-48da0ac1eebbe31a74742f1ae4281b156f03a4bc/solidity/contracts/helpers/TestTypedConverterAnchorFactory.sol,createAnchor,i:createAnchor,0.08467263189119693,other recurring pattern,no stronger taxonomy signal,0.0,0.0,0.0,0.0,0.0,0.0,0.0,0.0,0.0,0.0,0.0,0.0,0.0,0.0,1.0
val,DAPP::DAppSCAN-source/contracts/consensys-MCDEX_Mai_Protocol_V2/mai-protocol-v2-4b198083ec4ae2d6851e101fc44ea333eaa3cd92::LibOrder,LibOrder,DAppSCAN-source/contracts/consensys-MCDEX_Mai_Protocol_V2/mai-protocol-v2-4b198083ec4ae2d6851e101fc44ea333eaa3cd92/contracts/lib/LibOrder.sol,makerFeeRate,i:makerFeeRate,0.07485042328052281,possible mislabeled negative,high score without detected safety signal,0.0,0.0,0.0,0.0,0.0,0.0,0.0,0.0,0.0,0.0,0.0,0.0,0.0,0.0,0.0
val,DAPP::DAppSCAN-source/contracts/QuillAudits-Lido-WstETH/lido-dao-ea6fa222004b88e6a24b566a51e5b56b0079272d::Foo,Foo,DAppSCAN-source/contracts/QuillAudits-Lido-WstETH/lido-dao-ea6fa222004b88e6a24b566a51e5b56b0079272d/gasprofile/test-contracts/Foo.sol,callBar,i:callBar,0.0740518174853485,other recurring pattern,no stronger taxonomy signal,0.0,1.0,0.0,0.0,0.0,0.0,0.0,0.0,0.0,0.0,0.0,0.0,0.0,0.0,0.0
val,DAPP::DAppSCAN-source/contracts/Runtime_Vеrification-ElementFinance/elf-contracts-637c6f959315cbb11a164555e588520c7d89122b::BaseMinimalSwapInfoPool,BaseMinimalSwapInfoPool,DAppSCAN-source/contracts/Runtime_Vеrification-ElementFinance/elf-contracts-637c6f959315cbb11a164555e588520c7d89122b/contracts/balancer-core-v2/pools/BaseMinimalSwapInfoPool.sol,_addSwapFee,i:_addSwapFee,0.06140492340143508,possible mislabeled negative,high score without detected safety signal,0.0,0.0,0.0,0.0,0.0,0.0,0.0,0.0,0.0,0.0,0.0,0.0,0.0,0.0,0.0
val,DAPP::DAppSCAN-source/contracts/Runtime_Vеrification-ElementFinance/elf-contracts-637c6f959315cbb11a164555e588520c7d89122b::BasePool,BasePool,DAppSCAN-source/contracts/Runtime_Vеrification-ElementFinance/elf-contracts-637c6f959315cbb11a164555e588520c7d89122b/contracts/balancer-core-v2/pools/BasePool.sol,_addSwapFee,i:_addSwapFee,0.06140492340143508,possible mislabeled negative,high score without detected safety signal,0.0,0.0,0.0,0.0,0.0,0.0,0.0,0.0,0.0,0.0,0.0,0.0,0.0,0.0,0.0
val,DAPP::DAppSCAN-source/contracts/Runtime_Vеrification-ElementFinance/elf-contracts-637c6f959315cbb11a164555e588520c7d89122b::BaseGeneralPool,BaseGeneralPool,DAppSCAN-source/contracts/Runtime_Vеrification-ElementFinance/elf-contracts-637c6f959315cbb11a164555e588520c7d89122b/contracts/balancer-core-v2/pools/BaseGeneralPool.sol,_addSwapFee,i:_addSwapFee,0.06140492340143508,possible mislabeled negative,high score without detected safety signal,0.0,0.0,0.0,0.0,0.0,0.0,0.0,0.0,0.0,0.0,0.0,0.0,0.0,0.0,0.0
val,DAPP::DAppSCAN-source/contracts/consensys-Zer0_zBanc/zBanc-48da0ac1eebbe31a74742f1ae4281b156f03a4bc::TestReentrancyGuardAttacker,TestReentrancyGuardAttacker,DAppSCAN-source/contracts/consensys-Zer0_zBanc/zBanc-48da0ac1eebbe31a74742f1ae4281b156f03a4bc/solidity/contracts/helpers/TestReentrancyGuard.sol,run,i:run,0.05874308916781102,other recurring pattern,no stronger taxonomy signal,0.0,0.0,0.0,0.0,0.0,0.0,1.0,0.0,0.0,0.0,0.0,0.0,0.0,0.0,0.0
val,DAPP::DAppSCAN-source/contracts/consensys-Zer0_zBanc/zBanc-48da0ac1eebbe31a74742f1ae4281b156f03a4bc::TestConverterFactory,TestConverterFactory,DAppSCAN-source/contracts/consensys-Zer0_zBanc/zBanc-48da0ac1eebbe31a74742f1ae4281b156f03a4bc/solidity/contracts/helpers/TestConverterFactory.sol,registerTypedConverterFactory,i:registerTypedConverterFactory,0.05720442625526779,other recurring pattern,no stronger taxonomy signal,0.0,0.0,0.0,0.0,0.0,0.0,1.0,0.0,0.0,0.0,0.0,0.0,0.0,0.0,0.0
val,DAPP::DAppSCAN-source/contracts/QuillAudits-Lido-WstETH/lido-dao-ea6fa222004b88e6a24b566a51e5b56b0079272d::Bar,Bar,DAppSCAN-source/contracts/QuillAudits-Lido-WstETH/lido-dao-ea6fa222004b88e6a24b566a51e5b56b0079272d/gasprofile/test-contracts/Bar.sol,bar,i:bar,0.04977184740123784,other recurring pattern,no stronger taxonomy signal,0.0,1.0,0.0,0.0,0.0,0.0,0.0,0.0,0.0,0.0,0.0,0.0,0.0,0.0,0.0
val,DAPP::DAppSCAN-source/contracts/consensys-DeFi_Saver/defisaver-v3-contracts-cb29669a84c2d6fffaf2231c0938eb407c060919::DFSPrices,DFSPrices,DAppSCAN-source/contracts/consensys-DeFi_Saver/defisaver-v3-contracts-cb29669a84c2d6fffaf2231c0938eb407c060919/contracts/exchangeV3/DFSPricesV3.sol,getDecimals,i:getDecimals,0.046259323728370424,trusted/fixed callee,callee receiver appears fixed/trusted,0.0,0.0,0.0,0.0,0.0,0.0,0.0,1.0,0.0,0.0,0.0,0.0,0.0,0.0,0.0
