synthetic_graph_id,synthetic_contract,synthetic_interaction_id,family,template_split,template_graph_id,template_interaction_id,template_function,call_method,state_variable,source_hash,label
SYNTH_REENTRANCY::00000::SyntheticReentrancy00000,SyntheticReentrancy00000,i:withdraw0,withdraw,train,DAPP::DAppSCAN-source/contracts/consensys-Gamma/hypervisor-41fd4abf79864478523e87924d4e80d80df04879::Hypervisor,i:withdraw,withdraw,call,balances0,713e9b92036f5e1a4eb085aa6f19759c5ba66519ab3c34482c6746eeffccc785,1
SYNTH_REENTRANCY::00001::SyntheticReentrancy00001,SyntheticReentrancy00001,i:claimReward1,claimReward,val,DAPP::DAppSCAN-source/contracts/QuillAudits-GearBox Protocol-GearBox Protocol/gearbox-contracts-0ac33ba87212ce056ac6b6357ad74161d417158a::CurveV1Adapter,i:exchange,exchange,transfer,credits1,d0edbd8442445ea0989a28575563933ce2c70c6d2a00660be26d87ec19e71068,1
SYNTH_REENTRANCY::00002::SyntheticReentrancy00002,SyntheticReentrancy00002,i:refund2,refund,train,DAPP::DAppSCAN-source/contracts/Coinbae-Pud.Fi Masterchef_Audit/MasterChef0x15Bee180BB39eE5c0166E63313C33984376930Db::MasterChef,i:balance,balance,send,pendingRewards2,0141c4020d534a1183cba362e21791fefa78b52f4910d19dbb7e2c2b4b2de5a3,1
SYNTH_REENTRANCY::00003::SyntheticReentrancy00003,SyntheticReentrancy00003,i:unstake3,unstake,test,FORGE::vfp_00058::LikwidMarginPosition,i:modify,modify,safeTransfer,withdrawalRequests3,493080573c76f79c221ef9e2b7351ae02242023cd800bd09dd31508e3859bdc9,1
SYNTH_REENTRANCY::00004::SyntheticReentrancy00004,SyntheticReentrancy00004,i:redeem4,redeem,train,DAPP::DAppSCAN-source/contracts/PeckShield-BabySwap/code::HoldStake,i:addPool,addPool,transfer,shares4,624cdb893d72d926f0331ebfe37a3f2fe866fafa50073ca102086a7b6e97eb98,1
SYNTH_REENTRANCY::00005::SyntheticReentrancy00005,SyntheticReentrancy00005,i:payout5,payout,train,DAPP::DAppSCAN-source/contracts/PeckShield-Holdefi/Holdefi-5a1e6e0d582120142e8a531f6806eba6665ef2f4::Holdefi,i:repayBorrowInternal,repayBorrowInternal,call,stakes5,bf1f53448716249864e26cf420c51bb6a98d37ca629623732331c27f33732861,1
SYNTH_REENTRANCY::00006::SyntheticReentrancy00006,SyntheticReentrancy00006,i:release6,release,val,DAPP::DAppSCAN-source/contracts/Trail_of_Bits-OriginDollar/origin-dollar-81431fd3b2aa4c518ffc389844f9708c00b516f0::VaultCore,i:rebase,rebase,transfer,claims6,cbc20500d772db273e617097b187a624457d91184a7fdaa62f97fa029585232e,1
SYNTH_REENTRANCY::00007::SyntheticReentrancy00007,SyntheticReentrancy00007,i:exit7,exit,test,DAPP::DAppSCAN-source/contracts/PeckShield-DarkCrypto/darkcrypto-contracts-fee5be8d36459aebed2b84e6493875b3dc0366fd::SkyRewardPool,i:withdraw,withdraw,send,escrowed7,45e43ff41895a1f67694de68d55dd9893b86d133cb51ce1d288281942467bb21,1
SYNTH_REENTRANCY::00008::SyntheticReentrancy00008,SyntheticReentrancy00008,i:claim8,claim,train,DAPP::DAppSCAN-source/contracts/Hacken-Ground Zero/code::IDO,i:claimTheInvestments,claimTheInvestments,safeTransfer,payouts8,d06a8367be7220839244d0453f8dbbaacef296cbf67df58d563fac6a5ccfedcd,1
SYNTH_REENTRANCY::00009::SyntheticReentrancy00009,SyntheticReentrancy00009,i:settle9,settle,val,DAPP::DAppSCAN-source/contracts/Runtime_Vеrification-ElementFinance/elf-contracts-637c6f959315cbb11a164555e588520c7d89122b::YVaultAssetProxy,i:reserveDeposit,reserveDeposit,transfer,positions9,6986858375bc0bfb86c42c96a05bc7213f71d33266328fe93fcf0ac72d78218f,1
SYNTH_REENTRANCY::00010::SyntheticReentrancy00010,SyntheticReentrancy00010,i:collect10,collect,test,DAPP::DAppSCAN-source/contracts/ImmuneBytes-Bird Money(MasterChef)-Audit Report/bird-farm-contracts-dfd2502b73c8f54c9081682c3eb070fcd3c00629::MasterChef,i:deposit,deposit,call,balances10,33ea033a2ca57a38ce6c67b70ea95641bdd01a7ba0758eea4439b6c586744e0d,1
SYNTH_REENTRANCY::00011::SyntheticReentrancy00011,SyntheticReentrancy00011,i:harvest11,harvest,train,DAPP::DAppSCAN-source/contracts/PeckShield-MilkySwap/milkyswap-59f163e9959cf8bae4a521a9648219b553312e07::MasterMilker,i:emergencyWithdraw,emergencyWithdraw,transfer,credits11,c28fdf8f09c62bc3e1a2983ebd4eaab2eed1d1940d37d4548d61eb41c6c5a5c9,1
SYNTH_REENTRANCY::00012::SyntheticReentrancy00012,SyntheticReentrancy00012,i:withdraw12,withdraw,train,DAPP::DAppSCAN-source/contracts/Coinbae-Pud.Fi Masterchef_Audit/MasterChef0x15Bee180BB39eE5c0166E63313C33984376930Db::MasterChef,i:setPoolStrategy,setPoolStrategy,send,pendingRewards12,79344c2a904436ae0546f4d92ed07a2dc0acf1f03dce28896c3c2a4007d7428e,1
SYNTH_REENTRANCY::00013::SyntheticReentrancy00013,SyntheticReentrancy00013,i:claimReward13,claimReward,train,DAPP::DAppSCAN-source/contracts/Runtime_Vеrification-Element_Finance_Governance_Security_Audit_Report/council-3d751c959b42573c78ccd0bccbc80424bf6d9a90::CoreVoting,i:execute,execute,safeTransfer,withdrawalRequests13,0d609c267524ab5ff1a9f8428886c36b10e3d17b72e625460fb3be0e8f97b50d,1
SYNTH_REENTRANCY::00014::SyntheticReentrancy00014,SyntheticReentrancy00014,i:refund14,refund,val,DAPP::DAppSCAN-source/contracts/QuillAudits-GearBox Protocol-GearBox Protocol/gearbox-contracts-0ac33ba87212ce056ac6b6357ad74161d417158a::WETHGateway,i:addLiquidityETH,addLiquidityETH,transfer,shares14,0c98d5fd5993981dd0cde234e2050e51f52d9d9649f639c0b0f73b7b39ac5232,1
SYNTH_REENTRANCY::00015::SyntheticReentrancy00015,SyntheticReentrancy00015,i:unstake15,unstake,train,DAPP::DAppSCAN-source/contracts/PeckShield-Atlantis/atlantis-protocol-bsc-766acebba9316eced1c15abf6158b31f470a947f::AToken,i:borrowFresh,borrowFresh,call,stakes15,221d9c2f77abd617eca9166ad5135c234791ae87a000e5454be49e72e20e7104,1
SYNTH_REENTRANCY::00016::SyntheticReentrancy00016,SyntheticReentrancy00016,i:redeem16,redeem,train,FORGE::vfp_00088::EnjoyoorsVaultWithdrawals,i:_claimWithdrawal,_claimWithdrawal,transfer,claims16,32e7895f297c0bd6739b0654b7cb29bc98b6be210fb20a8c8b92ce902b5a51ad,1
SYNTH_REENTRANCY::00017::SyntheticReentrancy00017,SyntheticReentrancy00017,i:payout17,payout,test,FORGE::vfp_00126::SpokePool,i:_setOftMessenger,_setOftMessenger,send,escrowed0,38b545e4acb820a85b2874af99e30e7c1452352272bc5aeed8d7965fb1bb8c5c,1
SYNTH_REENTRANCY::00018::SyntheticReentrancy00018,SyntheticReentrancy00018,i:release18,release,train,DAPP::DAppSCAN-source/contracts/QuillAudits-Yearn Finance-Yearn Protocol V1/yearn-protocol-9ff0dc0ea73642c529383d0675930a41bf033295::yDelegatedVault,i:claimInsurance,claimInsurance,safeTransfer,payouts1,52a4ab67a599b434b08e542d21fcb238a141b11f0aff0ffc1123193ad40de6e1,1
SYNTH_REENTRANCY::00019::SyntheticReentrancy00019,SyntheticReentrancy00019,i:exit19,exit,train,DAPP::DAppSCAN-source/contracts/PeckShield-SushiSwap/sushiswap-180bc9b642bba79c1ee4a63f71a3a0d36e64aa63::MasterChef,i:withdraw,withdraw,transfer,positions2,d9f25b6543ce2cae0dbfc80f5e52424da87f518b3ee79992906a98c206e2c273,1
SYNTH_REENTRANCY::00020::SyntheticReentrancy00020,SyntheticReentrancy00020,i:claim20,claim,train,FORGE::vfp_00221::LimitOrderHook,i:_handlePlaceCallback,_handlePlaceCallback,call,balances3,a17da77a6bdee4f89b9140bf8e6724cdc2c58a2b8e4a59d8865f51cee08f023e,1
SYNTH_REENTRANCY::00021::SyntheticReentrancy00021,SyntheticReentrancy00021,i:settle21,settle,train,DAPP::DAppSCAN-source/contracts/QuillAudits-Keep3r.Network-Keep3r.Network/StakingRewardsV3-13ecc6966ae1a413f62224382bfd4d64b1a22351::StakingRewardsV3,i:deposit,deposit,transfer,credits4,536f8d96339967860d4f796302f3bb92ef52cd77b6b1af893900eb7da18bc664,1
SYNTH_REENTRANCY::00022::SyntheticReentrancy00022,SyntheticReentrancy00022,i:collect22,collect,val,DAPP::DAppSCAN-source/contracts/Trail_of_Bits-OriginDollar/origin-dollar-81431fd3b2aa4c518ffc389844f9708c00b516f0::VaultCore,i:_allocate,_allocate,send,pendingRewards5,21cb9ce84210e36701a6986efec49c7af94232395aabcde01a7b92297c109884,1
SYNTH_REENTRANCY::00023::SyntheticReentrancy00023,SyntheticReentrancy00023,i:harvest23,harvest,train,DAPP::DAppSCAN-source/contracts/Coinbae-Pud.Fi Masterchef_Audit/MasterChef0x15Bee180BB39eE5c0166E63313C33984376930Db::MasterChef,i:withdraw,withdraw,safeTransfer,withdrawalRequests6,7a27ce0ce875aefa7e48a80b061161ffe5183657093f075ca4dcd85a9eccf905,1
SYNTH_REENTRANCY::00024::SyntheticReentrancy00024,SyntheticReentrancy00024,i:withdraw24,withdraw,train,DAPP::DAppSCAN-source/contracts/Coinbae-Pud.Fi Masterchef_Audit/MasterChef0x15Bee180BB39eE5c0166E63313C33984376930Db::MasterChef,i:add,add,transfer,shares7,38f4c766ba63df760128ef2639a794626c2b09cd0b671e10f96a43214898b11a,1
SYNTH_REENTRANCY::00025::SyntheticReentrancy00025,SyntheticReentrancy00025,i:claimReward25,claimReward,train,DAPP::DAppSCAN-source/contracts/PeckShield-DSG/core-6f607f77698936e132e4e9b5cb4d75580636d919::SinglePool,i:emergencyWithdraw,emergencyWithdraw,call,stakes8,3406fc52e94ce746e4dc40ea0915b35a51b2be3a56ee4c2e1a290c6eb5498dd8,1
SYNTH_REENTRANCY::00026::SyntheticReentrancy00026,SyntheticReentrancy00026,i:refund26,refund,test,DAPP::DAppSCAN-source/contracts/BlockSec-blocksec_impossible_finance_swap_v1.2/impossible-swap-core-29aaef89f996acdbee92b67c4d95fb608dc8b876::ImpossibleWrappedToken,i:deposit,deposit,transfer,claims9,e144b2da612698aa919ef9f29fdfd47358ab76eb55400714bed758c2781830bc,1
SYNTH_REENTRANCY::00027::SyntheticReentrancy00027,SyntheticReentrancy00027,i:unstake27,unstake,train,DAPP::DAppSCAN-source/contracts/consensys-Connext NXTP — Noncustodial Xchain Transfer Protocol/nxtp-0656436d654cfe0313fa3c2bbc81aa86232ade16::TransactionManager,i:removeLiquidity,removeLiquidity,send,escrowed10,13c3be2548ed797141749f6cebb8cf8d0e8f5c48050cb0f2cbc08fb91b291bf9,1
SYNTH_REENTRANCY::00028::SyntheticReentrancy00028,SyntheticReentrancy00028,i:redeem28,redeem,train,DAPP::DAppSCAN-source/contracts/PeckShield-DSG/core-6f607f77698936e132e4e9b5cb4d75580636d919::GovernorV1,i:propose,propose,safeTransfer,payouts11,37ac01423d0e9a0942fc73fb0c6440968301a9908b96770e8ded6232a69d2a1a,1
SYNTH_REENTRANCY::00029::SyntheticReentrancy00029,SyntheticReentrancy00029,i:payout29,payout,train,DAPP::DAppSCAN-source/contracts/QuillAudits-Yearn Finance-Yearn Protocol V1/yearn-protocol-9ff0dc0ea73642c529383d0675930a41bf033295::yWETH,i:depositETH,depositETH,transfer,positions12,0cc72b8e26eb4a20fe1553495a5155f5731c98a7266dda841671a858b0d183cb,1
SYNTH_REENTRANCY::00030::SyntheticReentrancy00030,SyntheticReentrancy00030,i:release30,release,train,DAPP::DAppSCAN-source/contracts/PeckShield-ShibaNova/Contracts-b6b1ce1fcaff83d360df8944309f49958842b7b8::MasterShiba,i:withdraw,withdraw,call,balances13,f8378b892933e63c01ea5cdcf0b5334488989c05dd3b98c1e7d55d56eee36f8b,1
SYNTH_REENTRANCY::00031::SyntheticReentrancy00031,SyntheticReentrancy00031,i:exit31,exit,train,FORGE::vfp_00221::LimitOrderHook,i:cancelOrder,cancelOrder,transfer,credits14,5316ed7838826de3f5a35c709103abeb0c001670c3b178365fa7204aab6c8c34,1
SYNTH_REENTRANCY::00032::SyntheticReentrancy00032,SyntheticReentrancy00032,i:claim32,claim,train,DAPP::DAppSCAN-source/contracts/PeckShield-PikaPerpV2/PikaPerpV2-4a0965ff90ed099b7e2d3e8dda47cd589ee8e3a2::PikaPerpV2,i:closePositionWithId,closePositionWithId,send,pendingRewards15,4eb5f4076828d9830ad2be6da61ab45d4a9be89faf1fae8985ff53251ae240c5,1
SYNTH_REENTRANCY::00033::SyntheticReentrancy00033,SyntheticReentrancy00033,i:settle33,settle,val,DAPP::DAppSCAN-source/contracts/QuillAudits-GearBox Protocol-GearBox Protocol/gearbox-contracts-0ac33ba87212ce056ac6b6357ad74161d417158a::UniswapV3Adapter,i:exactInputSingle,exactInputSingle,safeTransfer,withdrawalRequests16,2647fd938cd4bb15f9c1c62944777b7f8c6f99223bf50831ff55a3081fe6b425,1
SYNTH_REENTRANCY::00034::SyntheticReentrancy00034,SyntheticReentrancy00034,i:collect34,collect,val,DAPP::DAppSCAN-source/contracts/QuillAudits-GearBox Protocol-GearBox Protocol/gearbox-contracts-0ac33ba87212ce056ac6b6357ad74161d417158a::PoolService,i:lendCreditAccount,lendCreditAccount,transfer,shares0,3e964112aa9523d438ca1063594edfc32c306de999948f348cb36d2ead2ad357,1
SYNTH_REENTRANCY::00035::SyntheticReentrancy00035,SyntheticReentrancy00035,i:harvest35,harvest,val,DAPP::DAppSCAN-source/contracts/SlowMist-Starcrazy Smart Contract Security Audit Report/starcrazy-contracts-e9e11d234ac065726e108a73dfcd5efbad26f2c5::ClockAuctionBase,i:setGeneScienceAddress,setGeneScienceAddress,call,stakes1,98ba6f4792521e269923ead09306ead227629048788cc3729e9bd850e487b4f4,1
SYNTH_REENTRANCY::00036::SyntheticReentrancy00036,SyntheticReentrancy00036,i:withdraw36,withdraw,val,DAPP::DAppSCAN-source/contracts/QuillAudits-GearBox Protocol-GearBox Protocol/gearbox-contracts-0ac33ba87212ce056ac6b6357ad74161d417158a::UniswapV2Adapter,i:swapTokensForExactTokens,swapTokensForExactTokens,transfer,claims2,b75e147b222d80fc1a14b66fd15c3c05cc90d1ec371f9111f181aeb5593bfe8c,1
SYNTH_REENTRANCY::00037::SyntheticReentrancy00037,SyntheticReentrancy00037,i:claimReward37,claimReward,val,DAPP::DAppSCAN-source/contracts/PeckShield-TranchessV1.1/contract-core-68a86350313c1cb9e5467e791d3e9efaf228a0df::StakingV2,i:deposit,deposit,send,escrowed3,d0976dea6c912563e6d5d4e1309e02b80bb005e380a1b9cc9926b2b6dca9e539,1
SYNTH_REENTRANCY::00038::SyntheticReentrancy00038,SyntheticReentrancy00038,i:refund38,refund,train,FORGE::vfp_00224::OidcRecoveryValidator,i:startRecovery,startRecovery,safeTransfer,payouts4,6771126c6d846bb53cad1f6c0ba915da6883127b25d52f83425542959ce4c8ff,1
SYNTH_REENTRANCY::00039::SyntheticReentrancy00039,SyntheticReentrancy00039,i:unstake39,unstake,train,DAPP::DAppSCAN-source/contracts/QuillAudits-1inch-Fixed Rate Swap/fixed-rate-swap-0b5a75e9f56e7d21c290dd28c59dc140dcbcc1d5::FixedRateSwap,i:depositFor,depositFor,transfer,positions5,9dba3ecc0153aa16219485c42aa2560f45406a295566381ea8cae9adc869afe8,1
SYNTH_REENTRANCY::00040::SyntheticReentrancy00040,SyntheticReentrancy00040,i:redeem40,redeem,train,DAPP::DAppSCAN-source/contracts/PeckShield-Holdefi/Holdefi-5a1e6e0d582120142e8a531f6806eba6665ef2f4::HoldefiSettings,i:setHoldefiContract,setHoldefiContract,call,balances6,363adac099cb90df6032f45fec221cadeb6fb7774d4bf2f8e6d9a838310bd825,1
SYNTH_REENTRANCY::00041::SyntheticReentrancy00041,SyntheticReentrancy00041,i:payout41,payout,train,DAPP::DAppSCAN-source/contracts/Chainsecurity-Compound  cToken unredacted/compound-protocol-4a54ec5c55b66ea67d44b76f3056f0ed7229db8c::Comptroller,i:liquidateBorrowAllowed,liquidateBorrowAllowed,transfer,credits7,58553c65e4ac6d29f4358ec27b6b0ea0ea8dc40b7cdc3276b3e0e779fc8c31f6,1
SYNTH_REENTRANCY::00042::SyntheticReentrancy00042,SyntheticReentrancy00042,i:release42,release,train,DAPP::DAppSCAN-source/contracts/openzeppelin-Optimism/contracts-18e128343731b9bde23812ce932e24d81440b6b7::OVM_StateTransitioner,i:applyTransaction,applyTransaction,send,pendingRewards8,676c71b520d16c67a1d140b3f5c47b5cbe153008f193850f8c98992b67982770,1
SYNTH_REENTRANCY::00043::SyntheticReentrancy00043,SyntheticReentrancy00043,i:exit43,exit,val,DAPP::DAppSCAN-source/contracts/QuillAudits-GearBox Protocol-GearBox Protocol/gearbox-contracts-0ac33ba87212ce056ac6b6357ad74161d417158a::YearnAdapter,i:withdraw,withdraw,safeTransfer,withdrawalRequests9,0aff86ea4e1902fa06e2aea0aae48a5552a848fef3d8c6d7265c93069f7ecbbf,1
SYNTH_REENTRANCY::00044::SyntheticReentrancy00044,SyntheticReentrancy00044,i:claim44,claim,train,DAPP::DAppSCAN-source/contracts/QuillAudits-Abyss Finance-Abyss Eth2 Depositor/abyss-eth2depositor-a2d58dea4d79846dc682fe93ac3e0eca02323d11::AbyssEth2Depositor,i:deposit,deposit,transfer,shares10,7704788466d7b4e1e49105095d12afafbff0b4f5389215aaffd3b9c89c4da275,1
SYNTH_REENTRANCY::00045::SyntheticReentrancy00045,SyntheticReentrancy00045,i:settle45,settle,train,DAPP::DAppSCAN-source/contracts/Coinbae-Pud.Fi Masterchef_Audit/MasterChef0x15Bee180BB39eE5c0166E63313C33984376930Db::MasterChef,i:deposit,deposit,call,stakes11,10b9b369cec07428ecb51d242008db7b183410262d6d6bb1dd43e5d04f7cd888,1
SYNTH_REENTRANCY::00046::SyntheticReentrancy00046,SyntheticReentrancy00046,i:collect46,collect,val,DAPP::DAppSCAN-source/contracts/SlowMist-Starcrazy Smart Contract Security Audit Report/starcrazy-contracts-e9e11d234ac065726e108a73dfcd5efbad26f2c5::AlianaSale,i:withdrawOwnerCutSale,withdrawOwnerCutSale,transfer,claims12,cc33da69a48f9b577d2f11fb8d2fa0d869e415417de292085c9e3a9aed161531,1
SYNTH_REENTRANCY::00047::SyntheticReentrancy00047,SyntheticReentrancy00047,i:harvest47,harvest,val,FORGE::vfp_00001::AgentImageService,i:fulfillImage,fulfillImage,send,escrowed13,fe8ec91227296edf5ff70409152787b8fe33f93dc8a85bea8e4eb99aa23b0590,1
SYNTH_REENTRANCY::00048::SyntheticReentrancy00048,SyntheticReentrancy00048,i:withdraw48,withdraw,test,FORGE::vfp_00058::LikwidMarginPosition,i:_executeAddLeverage,_executeAddLeverage,safeTransfer,payouts14,6b40f26abddc53291a960ca9391a24d40c263071c407f952d4fa7b64eeed4dee,1
SYNTH_REENTRANCY::00049::SyntheticReentrancy00049,SyntheticReentrancy00049,i:claimReward49,claimReward,train,DAPP::DAppSCAN-source/contracts/Chainsecurity-Compound  cToken unredacted/compound-protocol-4a54ec5c55b66ea67d44b76f3056f0ed7229db8c::CToken,i:_setComptroller,_setComptroller,transfer,positions15,d9a9e27e70b061fd7ab4bf08b6f8fd7a7d43333493f6d585a8a335208d3aeff7,1
SYNTH_REENTRANCY::00050::SyntheticReentrancy00050,SyntheticReentrancy00050,i:refund50,refund,val,DAPP::DAppSCAN-source/contracts/Trail_of_Bits-OriginDollar/origin-dollar-81431fd3b2aa4c518ffc389844f9708c00b516f0::VaultCore,i:_redeem,_redeem,call,balances16,e127df0ee8e6b58f923325169bc84732c926d7db82fd89f77c877051dc377e43,1
SYNTH_REENTRANCY::00051::SyntheticReentrancy00051,SyntheticReentrancy00051,i:unstake51,unstake,val,DAPP::DAppSCAN-source/contracts/QuillAudits-GearBox Protocol-GearBox Protocol/gearbox-contracts-0ac33ba87212ce056ac6b6357ad74161d417158a::AccountFactory,i:returnCreditAccount,returnCreditAccount,transfer,credits0,c310d0c211799b292dd5c745be62223b4239689c16a6939ef5003e7ee16f903c,1
SYNTH_REENTRANCY::00052::SyntheticReentrancy00052,SyntheticReentrancy00052,i:redeem52,redeem,train,FORGE::vfp_00102::StopLimit,i:performUpkeep,performUpkeep,send,pendingRewards1,88c8e5d8214490a467f9362d66b03edb11aab9a514824ea459277ee5a061b519,1
SYNTH_REENTRANCY::00053::SyntheticReentrancy00053,SyntheticReentrancy00053,i:payout53,payout,train,FORGE::vfp_00007::Folio,i:getRebalance,getRebalance,safeTransfer,withdrawalRequests2,062102137941514fe0bc01b40271b71319b67cce9fdd6e509811d7441f21b3dc,1
SYNTH_REENTRANCY::00054::SyntheticReentrancy00054,SyntheticReentrancy00054,i:release54,release,train,DAPP::DAppSCAN-source/contracts/BlockSec-blocksec_multichain_vemult_v1.0_signed/veMULTI-bac804399d1ea280e5bd8cdc9488b6fa6a0a7fcc::ve,i:withdraw,withdraw,transfer,shares3,4d29b25b02da04bcf4c30f83fbcc17c8d97c5470420f21a41bc48dc8c2ecb0b8,1
SYNTH_REENTRANCY::00055::SyntheticReentrancy00055,SyntheticReentrancy00055,i:exit55,exit,val,DAPP::DAppSCAN-source/contracts/QuillAudits-GearBox Protocol-GearBox Protocol/gearbox-contracts-0ac33ba87212ce056ac6b6357ad74161d417158a::WETHGateway,i:openCreditAccountETH,openCreditAccountETH,call,stakes4,2abed072463632391df9b20795d1c6a7c04180dec9d557df83c2e2d6833e4696,1
SYNTH_REENTRANCY::00056::SyntheticReentrancy00056,SyntheticReentrancy00056,i:claim56,claim,val,DAPP::DAppSCAN-source/contracts/QuillAudits-GearBox Protocol-GearBox Protocol/gearbox-contracts-0ac33ba87212ce056ac6b6357ad74161d417158a::UniswapV3Adapter,i:exactOutput,exactOutput,transfer,claims5,52f9f2558634185979467ee7413a1932aeceb3c5c1cf6ca2631a6d4f17423f2c,1
SYNTH_REENTRANCY::00057::SyntheticReentrancy00057,SyntheticReentrancy00057,i:settle57,settle,val,DAPP::DAppSCAN-source/contracts/SlowMist-Starcrazy Smart Contract Security Audit Report/starcrazy-contracts-e9e11d234ac065726e108a73dfcd5efbad26f2c5::AlianaBase,i:setGeneScienceAddress,setGeneScienceAddress,send,escrowed6,0e21a2bee75c6f1379c8d4b93b11e816f096fa2f4d90d29762abc26bcaa7a916,1
SYNTH_REENTRANCY::00058::SyntheticReentrancy00058,SyntheticReentrancy00058,i:collect58,collect,val,DAPP::DAppSCAN-source/contracts/SlowMist-Starcrazy Smart Contract Security Audit Report/starcrazy-contracts-e9e11d234ac065726e108a73dfcd5efbad26f2c5::AlianaOwnership,i:setGeneScienceAddress,setGeneScienceAddress,safeTransfer,payouts7,d9752b6cfb805735a2bc3a10e8608db0d959667cd3b5abb2386b972c19f53ee6,1
SYNTH_REENTRANCY::00059::SyntheticReentrancy00059,SyntheticReentrancy00059,i:harvest59,harvest,test,DAPP::DAppSCAN-source/contracts/Hacken-Powerbomb-V1/powerbomb-lite-0f86ff1eecdd723be733a9b33ff4ffa3bbdadcee::PowerBombAvaxCurve,i:claimReward,claimReward,transfer,positions8,190d21d6d6c960686ff0a6c711b8e729ca81de05cf2e11119b6cb4a14d457dff,1
SYNTH_REENTRANCY::00060::SyntheticReentrancy00060,SyntheticReentrancy00060,i:withdraw60,withdraw,train,DAPP::DAppSCAN-source/contracts/QuillAudits-Alium Finance Smart Contract/alium-farm-e37d6af39af68049c2684085f025385407b4bd55::MasterChef,i:emergencyWithdraw,emergencyWithdraw,call,balances9,ec21065fa4ffea8ca743be852ea92626396dbad647ce822fcdd4dd9a03a72bfe,1
SYNTH_REENTRANCY::00061::SyntheticReentrancy00061,SyntheticReentrancy00061,i:claimReward61,claimReward,train,DAPP::DAppSCAN-source/contracts/openzeppelin-Solo_Margin_Protocol/solo-17df84db351d5438e1b7437572722b4f52c8b2b4::AdminImpl,i:_setPriceOracle,_setPriceOracle,transfer,credits10,a81b4f6d50bb544ef114bb7aef353bfd45c22ad9875c41d05e02bdd7380b2574,1
SYNTH_REENTRANCY::00062::SyntheticReentrancy00062,SyntheticReentrancy00062,i:refund62,refund,train,FORGE::vfp_00215::ScrollChainValidium,i:registerNewEncryptionKey,registerNewEncryptionKey,send,pendingRewards11,a63c47badfc439f00c0015c753e6ecd51997af6d27348cc299f7f44c0f980d23,1
SYNTH_REENTRANCY::00063::SyntheticReentrancy00063,SyntheticReentrancy00063,i:unstake63,unstake,train,DAPP::DAppSCAN-source/contracts/Runtime_Vеrification-stakefish_ethereum_staking_audit_report/eth2-validation-services-contract-d91928f3a270f6115831fe3a21a69eb98bf57b26::StakefishERC721Wrapper,i:mintTo,mintTo,safeTransfer,withdrawalRequests12,02949a3faedb4667ca2ce0f428cf7381f94d12cff05ae9ef9ce1ec5cbcc44204,1
SYNTH_REENTRANCY::00064::SyntheticReentrancy00064,SyntheticReentrancy00064,i:redeem64,redeem,val,DAPP::DAppSCAN-source/contracts/PeckShield-Tranchessv1.0/contract-core-5ac3d997da3ef37b0135565a11c5ebcc519862aa::LiquidityStaking,i:deposit,deposit,transfer,shares13,d1ca119435f36eda375251b2c84c529523d37010b134306b2dbd797db727a0e4,1
SYNTH_REENTRANCY::00065::SyntheticReentrancy00065,SyntheticReentrancy00065,i:payout65,payout,train,FORGE::vfp_00209::StakingManager,i:withdraw,withdraw,call,stakes14,9978440613fbc7a9700a479e659edb34f2a5d3a0913cf5c441b793aa30097af1,1
SYNTH_REENTRANCY::00066::SyntheticReentrancy00066,SyntheticReentrancy00066,i:release66,release,train,DAPP::DAppSCAN-source/contracts/Trail_of_Bits-ampleforth/market-oracle-888fccaf05786f3f7f49e18ff040f911d44906f4::MarketOracle,i:getPriceAnd24HourVolume,getPriceAnd24HourVolume,transfer,claims15,de7ac61aade5bc21201d3d70352d37d69bb7462eb8e723cd74c5196a2fac9b81,1
SYNTH_REENTRANCY::00067::SyntheticReentrancy00067,SyntheticReentrancy00067,i:exit67,exit,train,DAPP::DAppSCAN-source/contracts/PeckShield-Rikkei/rifi-protocol-b33243fb3a218cc195f0727fe1499cb57f5ea0b2::RToken,i:borrowFresh,borrowFresh,send,escrowed16,f83b33b02d4e553c59b2fcf4cafacb7186a9bbada12ceb635db971a35b954512,1
SYNTH_REENTRANCY::00068::SyntheticReentrancy00068,SyntheticReentrancy00068,i:claim68,claim,train,FORGE::vfp_00007::Folio,i:startRebalance,startRebalance,safeTransfer,payouts0,d7d2be18790b3a878f33a00f42ba0065b3c4e20c01608ea8720ab221da625188,1
SYNTH_REENTRANCY::00069::SyntheticReentrancy00069,SyntheticReentrancy00069,i:settle69,settle,val,DAPP::DAppSCAN-source/contracts/Runtime_Vеrification-Tracer_Perpetual_Pools_V2/perpetual-pools-contracts-846bbf62652d7c83aee1cf3766275c4d08b00c8a::PoolFactory,i:deployPool,deployPool,transfer,positions1,81186ea1b50e0ca5cc0d8a69914770d3189d6fa11ea2e4129a7fb53172cdce7c,1
SYNTH_REENTRANCY::00070::SyntheticReentrancy00070,SyntheticReentrancy00070,i:collect70,collect,train,DAPP::DAppSCAN-source/contracts/Trail_of_Bits-FraxQ42021/frax-solidity-bd40775e283923aa9e32a107abd426430a99835e::veFXSYieldDistributorV4,i:notifyRewardAmount,notifyRewardAmount,call,balances2,71b0e1972e33f0edc1cc4d8a8f10bd608f042e169826896d67a94817132f883f,1
SYNTH_REENTRANCY::00071::SyntheticReentrancy00071,SyntheticReentrancy00071,i:harvest71,harvest,train,FORGE::vfp_00007::Folio,i:mint,mint,transfer,credits3,906134102d6d217654c3fe94f3ad7c19c73b51a670b10a90af1562ccb9460f74,1
SYNTH_REENTRANCY::00072::SyntheticReentrancy00072,SyntheticReentrancy00072,i:withdraw72,withdraw,test,DAPP::DAppSCAN-source/contracts/SlowMist-ForTube2.0 Smart Contract Security Audit Report/bond-854527d0ea7ad2ddd3504b4d4ae3fcb57cb6445d::PRA,i:lock,lock,send,pendingRewards4,0ac51fb9e2dc54f6a72117857999c24965e8ee57397bf1abc9e40f421f68e80f,1
SYNTH_REENTRANCY::00073::SyntheticReentrancy00073,SyntheticReentrancy00073,i:claimReward73,claimReward,train,FORGE::vfp_00007::Folio,i:distributeFees,distributeFees,safeTransfer,withdrawalRequests5,acd9df46ac7fffe8b1d91913c5a15178147bc141a95f143c79763fefc5ee4882,1
SYNTH_REENTRANCY::00074::SyntheticReentrancy00074,SyntheticReentrancy00074,i:refund74,refund,train,DAPP::DAppSCAN-source/contracts/PeckShield-BabySwap/code::MasterChef,i:withdraw,withdraw,transfer,shares6,f88f5fcb51da9a3e07bc8d9ee320a64e4076d8db20d66a6746413defcc4b95ff,1
SYNTH_REENTRANCY::00075::SyntheticReentrancy00075,SyntheticReentrancy00075,i:unstake75,unstake,train,DAPP::DAppSCAN-source/contracts/QuillAudits-coalichain/CoaliSC-3f0920d650467279f7ceee08776bd74ecadd3237::Main,i:createBallot,createBallot,call,stakes7,e8e20dffe582e188ceabb0b119a398e2363813f6b62c86c1a83f3b8eee8f0b66,1
SYNTH_REENTRANCY::00076::SyntheticReentrancy00076,SyntheticReentrancy00076,i:redeem76,redeem,val,DAPP::DAppSCAN-source/contracts/Trail_of_Bits-OriginDollar/origin-dollar-81431fd3b2aa4c518ffc389844f9708c00b516f0::VaultCore,i:mintMultiple,mintMultiple,transfer,claims8,2f0248d3353709089ec45dacff79b831da0be664a79042a4e690530253515a98,1
SYNTH_REENTRANCY::00077::SyntheticReentrancy00077,SyntheticReentrancy00077,i:payout77,payout,test,DAPP::DAppSCAN-source/contracts/PepperSec-Aira-Robonomic/robonomics_contracts-cc35a91de187072214d215262d8371f0159c2498::LighthouseLib,i:withdraw,withdraw,send,escrowed9,35196e50ad4b282c12a0e4f9c71d2b74c596c77c4547acfe0e2582460c6b88b1,1
SYNTH_REENTRANCY::00078::SyntheticReentrancy00078,SyntheticReentrancy00078,i:release78,release,train,DAPP::DAppSCAN-source/contracts/PeckShield-Convex_Frax/frax-cvx-platform-2f8573ee796daa022c1050b4a749bf08049c439b::StakingProxyUniV3,i:lockAdditional,lockAdditional,safeTransfer,payouts10,c11a8be209cf55a36ab3d11d18ee67312b1bc3d12abb83b2d925fed5d9e39473,1
SYNTH_REENTRANCY::00079::SyntheticReentrancy00079,SyntheticReentrancy00079,i:exit79,exit,train,DAPP::DAppSCAN-source/contracts/PeckShield-CryptoHeroes/cryptoheroes-6cb0eaf8c88fdaab89d2b4c83535a189c7793001::CryptoHeroesUniverse,i:deposit,deposit,transfer,positions11,faaf39c189463fbc212d6a904f811464447616564ddf1c064f701dd467e659cd,1
SYNTH_REENTRANCY::00080::SyntheticReentrancy00080,SyntheticReentrancy00080,i:claim80,claim,train,DAPP::DAppSCAN-source/contracts/Chainsecurity-Angle Protocol/angle-core-46e6d32837cbe97a4af0adb693e63afa0d01fc3e::PerpetualManagerFront,i:openPerpetual,openPerpetual,call,balances12,6747ad09d0391795175efd9d59ddc2256159e0cfc7dba15c53109d7a01b3d291,1
SYNTH_REENTRANCY::00081::SyntheticReentrancy00081,SyntheticReentrancy00081,i:settle81,settle,train,DAPP::DAppSCAN-source/contracts/PeckShield-Hegic(v8888)/Hegic-v8888-2dcd44dc1ae07881e94d52fa618f9704bfd4ffda::HegicPool,i:provideFrom,provideFrom,transfer,credits13,8f7da09d2645f49f0220f1669292fd70bd98d06d630bb0ab60fba1fa7d18e9d8,1
SYNTH_REENTRANCY::00082::SyntheticReentrancy00082,SyntheticReentrancy00082,i:collect82,collect,train,FORGE::vfp_00174::P2pResolvProxy,i:withdrawRESOLV,withdrawRESOLV,send,pendingRewards14,dda133c285380174aea5d6cb7a5ae47d3b99de455a7a0d14b02fcb86b0d711a3,1
SYNTH_REENTRANCY::00083::SyntheticReentrancy00083,SyntheticReentrancy00083,i:harvest83,harvest,train,DAPP::DAppSCAN-source/contracts/QuillAudits-Bond Appetit-Bond Appetit/bondappetit-protocol-355180f0aca0b29d60d808f761052956b7a3a159::ProfitSplitter,i:_payToRecipients,_payToRecipients,safeTransfer,withdrawalRequests15,2adc101fe67a4fb8f9758c7c860f5f6c2dccee68e5ccb5d9be452cf8aa049338,1
SYNTH_REENTRANCY::00084::SyntheticReentrancy00084,SyntheticReentrancy00084,i:withdraw84,withdraw,train,FORGE::vfp_00209::StakingManager,i:stake,stake,transfer,shares16,2b31483df9741b16252fb3d6f3cb14630709d9b03d4d8b8c6b6ffe35d9f90ee0,1
SYNTH_REENTRANCY::00085::SyntheticReentrancy00085,SyntheticReentrancy00085,i:claimReward85,claimReward,test,DAPP::DAppSCAN-source/contracts/Solidity_Finance-OKLG - Smart Contract/contracts-e167d0d742d21bcc62d7a5b770a1f0ed1cf31eca::MTGYTokenLocker,i:withdrawLockedTokens,withdrawLockedTokens,call,stakes0,d76fa1194c99155f8c11bb83656df6287135d5075e98e99c99e9f21bf38e9d7a,1
SYNTH_REENTRANCY::00086::SyntheticReentrancy00086,SyntheticReentrancy00086,i:refund86,refund,val,DAPP::DAppSCAN-source/contracts/consensys-DeFi_Saver/defisaver-v3-contracts-cb29669a84c2d6fffaf2231c0938eb407c060919::FLAaveV2,i:executeOperation,executeOperation,transfer,claims1,9fd8da717e4845f02322fc8e4069af94fa2162c2b45a12c5eaf9d8391d79a648,1
SYNTH_REENTRANCY::00087::SyntheticReentrancy00087,SyntheticReentrancy00087,i:unstake87,unstake,train,DAPP::DAppSCAN-source/contracts/Iosiro-1inch Exchange Staking Rewards Smart Contract Audit/liquidity-protocol-c9c8bc600e8e7897f70f84b006de601d4f4bcbe3::BaseRewards,i:getReward,getReward,send,escrowed2,4472a1d4146b962261c7bbe1e1861e9b3e2ba544ca46fd0acdf1c530fc2c938f,1
SYNTH_REENTRANCY::00088::SyntheticReentrancy00088,SyntheticReentrancy00088,i:redeem88,redeem,train,FORGE::vfp_00102::StopLimit,i:modifyOrder,modifyOrder,safeTransfer,payouts3,99b51934d46e3ebf9a3420d187d1673309c2eab8ef89a74ad282356039a58c1b,1
SYNTH_REENTRANCY::00089::SyntheticReentrancy00089,SyntheticReentrancy00089,i:payout89,payout,val,FORGE::vfp_00001::AgentImageService,i:requestImage,requestImage,transfer,positions4,1d97976317e14d691c5c0ccfd24be833c75230baefa6445077cdc54587fd6201,1
SYNTH_REENTRANCY::00090::SyntheticReentrancy00090,SyntheticReentrancy00090,i:release90,release,train,FORGE::vfp_00189::Box,i:deallocate,deallocate,call,balances5,3848d8c24c45c54398c5aa342837bbdc594e5cb2b932a7416b4452667819a863,1
SYNTH_REENTRANCY::00091::SyntheticReentrancy00091,SyntheticReentrancy00091,i:exit91,exit,val,DAPP::DAppSCAN-source/contracts/QuillAudits-GearBox Protocol-GearBox Protocol/gearbox-contracts-0ac33ba87212ce056ac6b6357ad74161d417158a::UniswapV3Adapter,i:exactInput,exactInput,transfer,credits6,b355210bc6e9572f497ef94035efdc5fc19efdacc7ae5282de63e8a6888f50a8,1
SYNTH_REENTRANCY::00092::SyntheticReentrancy00092,SyntheticReentrancy00092,i:claim92,claim,train,DAPP::DAppSCAN-source/contracts/PeckShield-StackerVC/StackerVC_VentureFund001-3cfb98b21f4731dfd62993feb7c7d1540837f59b::LPGauge,i:deposit,deposit,send,pendingRewards7,98ea05f6938f11c11a429207b2bd8ee89a6c61e9aa6a314ac3619f5704a08bb8,1
SYNTH_REENTRANCY::00093::SyntheticReentrancy00093,SyntheticReentrancy00093,i:settle93,settle,train,DAPP::DAppSCAN-source/contracts/consensys-Aave_Protocol_V2/aave-protocol-v2-f756f44a8d6a328cd545335e46e7128939db88c4::LendingPool,i:deposit,deposit,safeTransfer,withdrawalRequests8,72445119e1f587cf1bb95ad9a3dc1587baf0d46ffb02ba96526640748842944d,1
SYNTH_REENTRANCY::00094::SyntheticReentrancy00094,SyntheticReentrancy00094,i:collect94,collect,test,DAPP::DAppSCAN-source/contracts/Trail_of_Bits-Liquity/dev-f0df3efa5a5f05b205752184cfce107c5bd6e06c::BorrowerOperations,i:_moveTokensAndETHfromAdjustment,_moveTokensAndETHfromAdjustment,transfer,shares9,8d228fd11f86f20cc1bc94dcbeecb4c4786066dfd6009cbb0eddda181c0a97c6,1
SYNTH_REENTRANCY::00095::SyntheticReentrancy00095,SyntheticReentrancy00095,i:harvest95,harvest,train,DAPP::DAppSCAN-source/contracts/Coinbae-Hakka_Finance_wHakka/code::wHakka,i:stake,stake,call,stakes10,ec207f8c4f30284ee850c5916397919081271415e34d1200259d5fcb6cddbb75,1
SYNTH_REENTRANCY::00096::SyntheticReentrancy00096,SyntheticReentrancy00096,i:withdraw96,withdraw,train,DAPP::DAppSCAN-source/contracts/consensys-Idle_Finance/idle-tranches-d94ee7194e8cb17db13b16c338f3e780b62f5435::IdleCDO,i:_deposit,_deposit,transfer,claims11,a4e3c471a3eaf17bf0274d6366673d8bb275e3d048eaacbdd94fc8db4b7705a0,1
SYNTH_REENTRANCY::00097::SyntheticReentrancy00097,SyntheticReentrancy00097,i:claimReward97,claimReward,test,DAPP::DAppSCAN-source/contracts/PepperSec-Aira-Robonomic/robonomics_contracts-cc35a91de187072214d215262d8371f0159c2498::RobotLiabilityLib,i:finalize,finalize,send,escrowed12,0bc4abe9ea106cb1d9310aad9a059af569823464be7b26658e10f94687ce26e1,1
SYNTH_REENTRANCY::00098::SyntheticReentrancy00098,SyntheticReentrancy00098,i:refund98,refund,train,DAPP::DAppSCAN-source/contracts/Chainsulting-Furucombo-project2/trevi-b3f7fd332873321152db48c9d43fc23a60a29f1a::FountainBase,i:_depositAngel,_depositAngel,safeTransfer,payouts13,e26f8b1904bbce2ffe6104211402f5198769cc8b466f8f31038ebcc1af05cb0e,1
SYNTH_REENTRANCY::00099::SyntheticReentrancy00099,SyntheticReentrancy00099,i:unstake99,unstake,train,FORGE::vfp_00096::MarketConfigurator,i:_migrateFactoryTargets,_migrateFactoryTargets,transfer,positions14,3c4a1c837028893efa9b37485f712afbd8a97e4673c4e51bf817164cd22f5fb7,1
SYNTH_REENTRANCY::00100::SyntheticReentrancy00100,SyntheticReentrancy00100,i:redeem100,redeem,train,DAPP::DAppSCAN-source/contracts/PeckShield-Buffer/code::BufferBNBOptions,i:create,create,call,balances15,8c07183c72db1f431753cc271c4759113db004920e8652648177f929cd6e51e5,1
SYNTH_REENTRANCY::00101::SyntheticReentrancy00101,SyntheticReentrancy00101,i:payout101,payout,train,DAPP::DAppSCAN-source/contracts/consensys-Skyweaver/Skyweaver-contracts-bde0c184db6168bf86656a48b12d5747950b54d9::EternalHeroesFactory,i:_buy,_buy,transfer,credits16,eaaef88912884707191098bc5f804260c1bc1c2c604a6d0e80e2da6b43f4120d,1
SYNTH_REENTRANCY::00102::SyntheticReentrancy00102,SyntheticReentrancy00102,i:release102,release,train,DAPP::DAppSCAN-source/contracts/consensys-Aave_Protocol_V2/aave-protocol-v2-f756f44a8d6a328cd545335e46e7128939db88c4::LendingPool,i:flashLoan,flashLoan,send,pendingRewards0,1b40cdfe19e0d6dead46825d18232a2c4f217aa0b9fae118dc8082fb62fb5364,1
SYNTH_REENTRANCY::00103::SyntheticReentrancy00103,SyntheticReentrancy00103,i:exit103,exit,train,DAPP::DAppSCAN-source/contracts/Coinbae-Barnbridge_Vault/CommunityVault0xA3C299eEE1998F45c20010276684921EBE6423D9::CommunityVault,i:setAllowance,setAllowance,safeTransfer,withdrawalRequests1,bd5a5317799c7d219418b746a3f3489062deb6f52beacbc46e21aa0a7c55fcf1,1
SYNTH_REENTRANCY::00104::SyntheticReentrancy00104,SyntheticReentrancy00104,i:claim104,claim,train,DAPP::DAppSCAN-source/contracts/Trail_of_Bits-MapleFinance/liquidations-35c628e5ab45fbffaab7aef43a030a98b712a94a::Liquidator,i:liquidatePortion,liquidatePortion,transfer,shares2,5336af589d95bbf8adde72fb19ccc673cb901ee6a48f240641c31d5a9c3f0803,1
SYNTH_REENTRANCY::00105::SyntheticReentrancy00105,SyntheticReentrancy00105,i:settle105,settle,test,DAPP::DAppSCAN-source/contracts/consensys-GrowthDeFi WHEAT/wheat-v1-core-8360ac0a537589bb974e8a5a169bb3e7c95d2857::Exchange,i:convertFundsFromInput,convertFundsFromInput,call,stakes3,2c71f216bf7ad48e5754e6a7bdbe66041602b83bd55784afcd437dfd4486bfbb,1
SYNTH_REENTRANCY::00106::SyntheticReentrancy00106,SyntheticReentrancy00106,i:collect106,collect,test,DAPP::DAppSCAN-source/contracts/ImmuneBytes-Bird Money(MasterChef)-Audit Report/bird-farm-contracts-dfd2502b73c8f54c9081682c3eb070fcd3c00629::MasterChef,i:emergencyWithdraw,emergencyWithdraw,transfer,claims4,85faaba1c9789cfb20816b97979998d1f8f66f8773203965ad61afb939eee312,1
SYNTH_REENTRANCY::00107::SyntheticReentrancy00107,SyntheticReentrancy00107,i:harvest107,harvest,train,"DAPP::DAppSCAN-source/contracts/Inspex-Tokens, Farm & Shop/-SpeedStar-Audit-3e39d7acf9c1aa9f3a5511c161c2035ba7d6bc1f::Staking",i:depositStable,depositStable,send,escrowed5,44ad62db180d768e7901ee6bf442c45cb36e830064cc9b7f2c20718a24d6b22d,1
SYNTH_REENTRANCY::00108::SyntheticReentrancy00108,SyntheticReentrancy00108,i:withdraw108,withdraw,train,FORGE::vfp_00125::Aori,i:cancel,cancel,safeTransfer,payouts6,9ea542a7edcde51192f3fa5e1ea30a9bfd473d0493187397724bd8cfda8fe579,1
SYNTH_REENTRANCY::00109::SyntheticReentrancy00109,SyntheticReentrancy00109,i:claimReward109,claimReward,train,DAPP::DAppSCAN-source/contracts/Coinbae-Hakka_Finance_wHakka/code::wHakka,i:unstake,unstake,transfer,positions7,7a0fff86387f23574b66e7a0e1c12a2d0fe2bf5d31bdced0585534e023853277,1
SYNTH_REENTRANCY::00110::SyntheticReentrancy00110,SyntheticReentrancy00110,i:refund110,refund,train,DAPP::DAppSCAN-source/contracts/Chainsulting-Furucombo-project2/trevi-b3f7fd332873321152db48c9d43fc23a60a29f1a::FountainBase,i:_withdrawAngel,_withdrawAngel,call,balances8,ac831f71e16c741977549504005536230ed47a47de5fdcc93d28384c19773aec,1
SYNTH_REENTRANCY::00111::SyntheticReentrancy00111,SyntheticReentrancy00111,i:unstake111,unstake,test,FORGE::vfp_00260::Router_Adapter,i:relayTokens,relayTokens,transfer,credits9,fb1dbc5d100cf77a47ff184c6219fba5f1d60c889ea44da03605e16436604d2a,1
SYNTH_REENTRANCY::00112::SyntheticReentrancy00112,SyntheticReentrancy00112,i:redeem112,redeem,train,FORGE::vfp_00215::ScrollChainValidium,i:_finalizeBundle,_finalizeBundle,send,pendingRewards10,c28914a3702af94cd23bffc54ebce910b2864bab6a8a79fcbe797d47eaaebc1b,1
SYNTH_REENTRANCY::00113::SyntheticReentrancy00113,SyntheticReentrancy00113,i:payout113,payout,train,DAPP::DAppSCAN-source/contracts/PeckShield-PlutosV1/plutos-eth-contract-0777815::PMintBurn,i:deposit,deposit,safeTransfer,withdrawalRequests11,7d458e7da9b834f7b9b911ed61af49bee04e63b7780bee61b8b947cc53334b4f,1
SYNTH_REENTRANCY::00114::SyntheticReentrancy00114,SyntheticReentrancy00114,i:release114,release,val,DAPP::DAppSCAN-source/contracts/QuillAudits-GearBox Protocol-GearBox Protocol/gearbox-contracts-0ac33ba87212ce056ac6b6357ad74161d417158a::UniswapV3Adapter,i:exactOutputSingle,exactOutputSingle,transfer,shares12,04001c6d20d8699e06b8a67e37fa9975b917bb2136289cc991af28b653f48d7c,1
SYNTH_REENTRANCY::00115::SyntheticReentrancy00115,SyntheticReentrancy00115,i:exit115,exit,train,DAPP::DAppSCAN-source/contracts/SlowMist-CFFv2 Smart Contract Security Audit Report/cff-contract-v2-c86bef3f13c7585f547f9cd0ca900f94664e96b7::CFVaultV2,i:withdraw,withdraw,call,stakes13,4a1c60d3c19389654cfbc280d1e97151690835fced3eaf4a39c681f2198d3e96,1
SYNTH_REENTRANCY::00116::SyntheticReentrancy00116,SyntheticReentrancy00116,i:claim116,claim,train,FORGE::vfp_00221::LimitOrderHook,i:_afterSwap,_afterSwap,transfer,claims14,b31f3067a8460b56b702dd97336d98c9f9be0306d60e1017c8c721c86031df23,1
SYNTH_REENTRANCY::00117::SyntheticReentrancy00117,SyntheticReentrancy00117,i:settle117,settle,val,DAPP::DAppSCAN-source/contracts/SlowMist-Starcrazy Smart Contract Security Audit Report/starcrazy-contracts-e9e11d234ac065726e108a73dfcd5efbad26f2c5::GFSBonus,i:withdraw,withdraw,send,escrowed15,8de586f6e4fb4a9a6a05464ffd19c92eb605a54d1ae02c412b5ccd887649be10,1
SYNTH_REENTRANCY::00118::SyntheticReentrancy00118,SyntheticReentrancy00118,i:collect118,collect,train,DAPP::DAppSCAN-source/contracts/Coinfabrik-Woonkly Security Audit (DEX STAKE)/STAKESmartContractPreRelease-main::WOOPStake,i:processReward,processReward,safeTransfer,payouts16,36267f6e9d518fdc5d198d817f21bc7767ac0ddc9280287dbff88dd7acf92cc3,1
SYNTH_REENTRANCY::00119::SyntheticReentrancy00119,SyntheticReentrancy00119,i:harvest119,harvest,train,DAPP::DAppSCAN-source/contracts/Iosiro-SNX FlashBurn Smart Contract Audit/flashburn-3aa02a3d63d9e0110a5b6669a4a4011ceee3cf2b::SNXFlashLoanTool,i:swap,swap,transfer,positions0,91a2c2068659cb285a27dac7e48aceac22abd482cfec000253453dc15f4afc20,1
SYNTH_REENTRANCY::00120::SyntheticReentrancy00120,SyntheticReentrancy00120,i:withdraw120,withdraw,train,FORGE::vfp_00174::P2pResolvProxy,i:initiateWithdrawalRESOLVAccruedRewards,initiateWithdrawalRESOLVAccruedRewards,call,balances1,b8a3e6743f2db20daf84858db00759bf3e8cfe1fa2e65e460e49ba9dfb37c05a,1
SYNTH_REENTRANCY::00121::SyntheticReentrancy00121,SyntheticReentrancy00121,i:claimReward121,claimReward,train,DAPP::DAppSCAN-source/contracts/consensys-Gamma/hypervisor-41fd4abf79864478523e87924d4e80d80df04879::UniProxy,i:deposit,deposit,transfer,credits2,17ac30602d28b0f5ad90a18029fd7e440137d48ced0e68bdabe65bd1c21046e8,1
SYNTH_REENTRANCY::00122::SyntheticReentrancy00122,SyntheticReentrancy00122,i:refund122,refund,train,FORGE::vfp_00175::P2pYieldProxy,i:_withdraw,_withdraw,send,pendingRewards3,7f12b91fc8d0ebf432678ebe0324d48e3d0e36da4858d2e7876db5115f21e88a,1
SYNTH_REENTRANCY::00123::SyntheticReentrancy00123,SyntheticReentrancy00123,i:unstake123,unstake,val,FORGE::vfp_00001::AgentImageService,i:requestRefund,requestRefund,safeTransfer,withdrawalRequests4,0ed4c6ec70206ff311fae9967113141be9e26b6bc650fdafd264c00b3241aeb5,1
SYNTH_REENTRANCY::00124::SyntheticReentrancy00124,SyntheticReentrancy00124,i:redeem124,redeem,val,DAPP::DAppSCAN-source/contracts/SlowMist-Starcrazy Smart Contract Security Audit Report/starcrazy-contracts-e9e11d234ac065726e108a73dfcd5efbad26f2c5::Auction,i:setGeneScienceAddress,setGeneScienceAddress,transfer,shares5,d48a337e44a288c2f959304c9c1de9b5e5e483d3d6b804adb88c70cfef9bc4de,1
SYNTH_REENTRANCY::00125::SyntheticReentrancy00125,SyntheticReentrancy00125,i:payout125,payout,train,DAPP::DAppSCAN-source/contracts/QuillAudits-1inch-Limit Order Protocol/limit-order-protocol-a14bde6a260458de5083cee117d734221e1cbc05::LimitOrderProtocol,i:fillOrderTo,fillOrderTo,call,stakes6,8f74e8f6c0193fc7bee679f6e7687ef27ff73e68cf025f2505ae8a9b872e6d67,1
SYNTH_REENTRANCY::00126::SyntheticReentrancy00126,SyntheticReentrancy00126,i:release126,release,val,DAPP::DAppSCAN-source/contracts/QuillAudits-Yearn Finance-Yearn Vaults V3/yearn-vaults-e390c2a6b2ba6e2ecc8f3a72a1ea4adfabd17544::yWETH,i:withdrawETH,withdrawETH,transfer,claims7,b52449caa1288ef19add0a67831f201981327b244a1b1d32482b9092953aad0c,1
SYNTH_REENTRANCY::00127::SyntheticReentrancy00127,SyntheticReentrancy00127,i:exit127,exit,train,DAPP::DAppSCAN-source/contracts/PeckShield-BNPL/BNPL-0ee587a081668dcab166a3a275b8a6c4794ead4d::BankingNode,i:unstake,unstake,send,escrowed8,544d1f51787c4005dc2de4d2e6c160e6d8009052bf901a27c8a82227b83f7868,1
SYNTH_REENTRANCY::00128::SyntheticReentrancy00128,SyntheticReentrancy00128,i:claim128,claim,train,FORGE::vfp_00032::CurveConvexLib,i:unstakeAndExitPool,unstakeAndExitPool,safeTransfer,payouts9,276ca1e1970a40c68d96ca3bd4ba2be93c5f4803fa9e303f6ae46d00e7f8b1b1,1
SYNTH_REENTRANCY::00129::SyntheticReentrancy00129,SyntheticReentrancy00129,i:settle129,settle,train,FORGE::vfp_00045::PDPVerifier,i:nextProvingPeriod,nextProvingPeriod,transfer,positions10,cf944b308f109085f2a1984eddf32c280fba01907a306f1d49e82c202b366973,1
SYNTH_REENTRANCY::00130::SyntheticReentrancy00130,SyntheticReentrancy00130,i:collect130,collect,train,FORGE::vfp_00234::mErc20Host,i:_verifyProof,_verifyProof,call,balances11,0fa3a2e52d803a5d04801f9aa01f0751627e26fc00d161ae05897814e38ae21a,1
SYNTH_REENTRANCY::00131::SyntheticReentrancy00131,SyntheticReentrancy00131,i:harvest131,harvest,train,DAPP::DAppSCAN-source/contracts/Coinbae-Pud.Fi Masterchef_Audit/MasterChef0x15Bee180BB39eE5c0166E63313C33984376930Db::MasterChef,i:emergencyWithdraw,emergencyWithdraw,transfer,credits12,96a9163094ba8d13584673302489d17b7810952fe953ca2c52382d1d348bb83b,1
SYNTH_REENTRANCY::00132::SyntheticReentrancy00132,SyntheticReentrancy00132,i:withdraw132,withdraw,train,DAPP::DAppSCAN-source/contracts/PeckShield-Arche/Arche_v1.0_Eros-909f35e0064d636aaf61954a6026fda7b2bade7f::D_Swap,i:Impl_Delivery,Impl_Delivery,send,pendingRewards13,5526848965a26e70c1a127d2c70d7b435f3f1ab68974f4d180cb41fdb2004dc6,1
SYNTH_REENTRANCY::00133::SyntheticReentrancy00133,SyntheticReentrancy00133,i:claimReward133,claimReward,val,DAPP::DAppSCAN-source/contracts/QuillAudits-GearBox Protocol-GearBox Protocol/gearbox-contracts-0ac33ba87212ce056ac6b6357ad74161d417158a::UniswapV2Adapter,i:swapExactTokensForTokens,swapExactTokensForTokens,safeTransfer,withdrawalRequests14,025ae439a72c3987f54ffea110d872c28fb5bd9e2b8a1253020993f41d00726e,1
SYNTH_REENTRANCY::00134::SyntheticReentrancy00134,SyntheticReentrancy00134,i:refund134,refund,train,DAPP::DAppSCAN-source/contracts/consensys-PoolTogether_Pods/pods-v3-contracts-879dc8b911fc506dd6bead1f36eade919ccfea57::TokenDrop,i:claim,claim,transfer,shares15,a633c56a0c2e56390d74f084b9612e49d8f6aa11b198e9d02631229173f65db3,1
SYNTH_REENTRANCY::00135::SyntheticReentrancy00135,SyntheticReentrancy00135,i:unstake135,unstake,train,DAPP::DAppSCAN-source/contracts/QuillAudits-Algovest/AlgoVestStaking0x090e69e7F48AFC059e480F297042DEA396B971e7::AlgoVestStaking,i:AVSTokenDonation,AVSTokenDonation,call,stakes16,747cddac2d3dfc283ee21c056723fa4eb0135c7a00a63d18434818f7a563895e,1
SYNTH_REENTRANCY::00136::SyntheticReentrancy00136,SyntheticReentrancy00136,i:redeem136,redeem,train,DAPP::DAppSCAN-source/contracts/PeckShield-DSG/core-6f607f77698936e132e4e9b5cb4d75580636d919::NftEarnErc20Pool,i:slotStake,slotStake,transfer,claims0,ceb56f9a8e4692c72b760ebaaee8e6bb43686c240c1082a23c70b955bfac6034,1
SYNTH_REENTRANCY::00137::SyntheticReentrancy00137,SyntheticReentrancy00137,i:payout137,payout,val,DAPP::DAppSCAN-source/contracts/SlowMist-Starcrazy Smart Contract Security Audit Report/starcrazy-contracts-e9e11d234ac065726e108a73dfcd5efbad26f2c5::Aliana,i:setGeneScienceAddress,setGeneScienceAddress,send,escrowed1,73ae00cdcfd2a0d59e445288587d38a9c48faa36eba7ebc0c29091cb0dc48250,1
SYNTH_REENTRANCY::00138::SyntheticReentrancy00138,SyntheticReentrancy00138,i:release138,release,train,DAPP::DAppSCAN-source/contracts/Hacken-Ground Zero/code::IDO,i:claim,claim,safeTransfer,payouts2,2c8b132eb84a48ef150641b70bea26ecd29340492a2b0992049cf32312d25986,1
SYNTH_REENTRANCY::00139::SyntheticReentrancy00139,SyntheticReentrancy00139,i:exit139,exit,train,FORGE::vfp_00189::Box,i:allocate,allocate,transfer,positions3,f32535baed3c4dd408dbf6351ab1e77c8b206f0e00d0273e4950659fb54fe5e1,1
SYNTH_REENTRANCY::00140::SyntheticReentrancy00140,SyntheticReentrancy00140,i:claim140,claim,train,FORGE::vfp_00116::L1Mailbox,i:getMsg,getMsg,call,balances4,053fa42096263647900c60df92a7c6286d289ffe40c774ae1ad41932f4558231,1
SYNTH_REENTRANCY::00141::SyntheticReentrancy00141,SyntheticReentrancy00141,i:settle141,settle,train,DAPP::DAppSCAN-source/contracts/consensys-PoolTogether_Pods/pods-v3-contracts-879dc8b911fc506dd6bead1f36eade919ccfea57::Pod,i:depositTo,depositTo,transfer,credits5,0987bf2bdce9f67928fad80e180af4a4a2c8acefdb45a8ad98fed0fa4d500814,1
SYNTH_REENTRANCY::00142::SyntheticReentrancy00142,SyntheticReentrancy00142,i:collect142,collect,test,FORGE::vfp_00058::LikwidMarginPosition,i:_margin,_margin,send,pendingRewards6,0e6ec2289cad1b02c04211c9638a6a181c2e850dd3e1d15739038156e2e09f46,1
SYNTH_REENTRANCY::00143::SyntheticReentrancy00143,SyntheticReentrancy00143,i:harvest143,harvest,train,DAPP::DAppSCAN-source/contracts/PeckShield-BNPL/BNPL-0ee587a081668dcab166a3a275b8a6c4794ead4d::BankingNode,i:collectFees,collectFees,safeTransfer,withdrawalRequests7,608604cacf7307fc30b4a85b3cb8a43bffcb7a818b233f0e0f2b40e9f5ea79da,1
SYNTH_REENTRANCY::00144::SyntheticReentrancy00144,SyntheticReentrancy00144,i:withdraw144,withdraw,train,FORGE::vfp_00190::BoxAdapterCached,i:updateTotalAssets,updateTotalAssets,transfer,shares8,d124275500bab94d7f40e30cf85ca53d249b4e4f08b1febaa536485e35c57a48,1
SYNTH_REENTRANCY::00145::SyntheticReentrancy00145,SyntheticReentrancy00145,i:claimReward145,claimReward,val,DAPP::DAppSCAN-source/contracts/QuillAudits-GearBox Protocol-GearBox Protocol/gearbox-contracts-0ac33ba87212ce056ac6b6357ad74161d417158a::WETHGateway,i:repayCreditAccountETH,repayCreditAccountETH,call,stakes9,5d322881a7d32b5171e9332bfe13e17e0c9ccabfdc2a6c7679317c117ee37036,1
SYNTH_REENTRANCY::00146::SyntheticReentrancy00146,SyntheticReentrancy00146,i:refund146,refund,train,FORGE::vfp_00221::LimitOrderHook,i:_handleCancelCallback,_handleCancelCallback,transfer,claims10,ee432131c32b27148cf1df0453cca35d4d54cd36e8adc567294b44e8d3786d4d,1
SYNTH_REENTRANCY::00147::SyntheticReentrancy00147,SyntheticReentrancy00147,i:unstake147,unstake,train,DAPP::DAppSCAN-source/contracts/PeckShield-COIN98/code::C98MSiG,i:vote,vote,send,escrowed11,e5e11d6ae94cc2919bd3e61afaaff7f253d7bd9d5f8c37ae6aea2a620168f556,1
SYNTH_REENTRANCY::00148::SyntheticReentrancy00148,SyntheticReentrancy00148,i:redeem148,redeem,val,FORGE::vfp_00289::BasketToken,i:proRataRedeem,proRataRedeem,safeTransfer,payouts12,36a8eec2aa9829f76e2433902265ca316d3062e23ad93de5f9fc308ac75d6831,1
SYNTH_REENTRANCY::00149::SyntheticReentrancy00149,SyntheticReentrancy00149,i:payout149,payout,train,DAPP::DAppSCAN-source/contracts/QuillAudits-Yearn Finance-Yearn Protocol V1/yearn-protocol-9ff0dc0ea73642c529383d0675930a41bf033295::yWETH,i:withdrawETH,withdrawETH,transfer,positions13,e971db975a79f21e2c8002ae7dd7eee3bf1917c4e9aed49922428409bfbe5d3d,1
SYNTH_REENTRANCY::00150::SyntheticReentrancy00150,SyntheticReentrancy00150,i:release150,release,test,"DAPP::DAppSCAN-source/contracts/Coinfabrik-MintingFactoryV2, BaseUpgradableMarketplace & KODAV3UpgradableGatedMarketplace/known-origin-contracts-v3-d592c5f4fa4e0b6fc65a1fce43e302706aedf607::MintingFactoryV2",i:mintBatchEdition,mintBatchEdition,call,balances14,3c65f37dd85683bc8072c55ed53d4a958b9add586ac8fdb6b9a026ba6c657036,1
SYNTH_REENTRANCY::00151::SyntheticReentrancy00151,SyntheticReentrancy00151,i:exit151,exit,train,DAPP::DAppSCAN-source/contracts/Coinbae-Pud.Fi Masterchef_Audit/MasterChef0x15Bee180BB39eE5c0166E63313C33984376930Db::MasterChef,i:safePudTransfer,safePudTransfer,transfer,credits15,01c7735139e0391710cc4a8492e92321908124a6fd0328738986754c2c5b0554,1
SYNTH_REENTRANCY::00152::SyntheticReentrancy00152,SyntheticReentrancy00152,i:claim152,claim,train,DAPP::DAppSCAN-source/contracts/Coinbae-TapCoins_Token_Contract/code::UpgradeableToken,i:setUpgradeAgent,setUpgradeAgent,send,pendingRewards16,910fb359c2431111998610a8fc0b68dc641e6f7ce0bcdf4da54f44116714162b,1
SYNTH_REENTRANCY::00153::SyntheticReentrancy00153,SyntheticReentrancy00153,i:settle153,settle,train,DAPP::DAppSCAN-source/contracts/consensys-PoolTogether_Sushi_and_Yearn_V2_Yield_Sources/pooltogether-yearnv2-yield-source-a34857f1555908a6263d2ebd189f0cb40e1858da::YearnV2YieldSource,i:supplyTokenTo,supplyTokenTo,safeTransfer,withdrawalRequests0,f5f58d9ea5bed4ee9e3aa461f03b184852a974770e80b347b7bca540f79d5852,1
SYNTH_REENTRANCY::00154::SyntheticReentrancy00154,SyntheticReentrancy00154,i:collect154,collect,train,FORGE::vfp_00189::Box,i:reallocate,reallocate,transfer,shares1,d34088ee9985dcaa5fbcaa44e3860d14bf4a23a87ccb0d83c60b90b2e82173bd,1
SYNTH_REENTRANCY::00155::SyntheticReentrancy00155,SyntheticReentrancy00155,i:harvest155,harvest,train,DAPP::DAppSCAN-source/contracts/openzeppelin-Endaoment/endaoment-contracts-f60aa253d3d869ad6460877f23e6092acb313add::Fund,i:finalizeGrant,finalizeGrant,call,stakes2,c9d633d78066308ba772c3522393db5387f7a35592da68698d779fe4aa5df4f2,1
SYNTH_REENTRANCY::00156::SyntheticReentrancy00156,SyntheticReentrancy00156,i:withdraw156,withdraw,train,DAPP::DAppSCAN-source/contracts/PeckShield-KaoyaSwap/contracts-8273073f1d6914f372790399378f177573c52e37::MasterChef,i:deposit,deposit,transfer,claims3,168ec26c407f6c0638be5ad8cec8dd39fc860349c9bac0c4398f6c4044466cb3,1
SYNTH_REENTRANCY::00157::SyntheticReentrancy00157,SyntheticReentrancy00157,i:claimReward157,claimReward,train,DAPP::DAppSCAN-source/contracts/QuillAudits-BCUBE Smart Contract/b-cube-ico-13f9f8a991a65f3e0ca60a2078121fdd5a921fb0::BCubePublicSale,i:buyBcubeUsingUSDT,buyBcubeUsingUSDT,send,escrowed4,21e77ca496add4dcdbbd98912f1c98c5a787a93e53764590f560ab41cd661cd3,1
SYNTH_REENTRANCY::00158::SyntheticReentrancy00158,SyntheticReentrancy00158,i:refund158,refund,test,FORGE::vfp_00288::DelegationMetaSwapAdapter,i:swapTokens,swapTokens,safeTransfer,payouts5,cffe1c40a43aed172d052bcf5488930eaa4aefcb2b277910c3f8dbeb3db53cfc,1
SYNTH_REENTRANCY::00159::SyntheticReentrancy00159,SyntheticReentrancy00159,i:unstake159,unstake,test,FORGE::vfp_00260::Router_Adapter,i:relayMessage,relayMessage,transfer,positions6,a066d44180395c206f516f6289736a827ae8865d25553ede1b7f6567f90ef933,1
SYNTH_REENTRANCY::00160::SyntheticReentrancy00160,SyntheticReentrancy00160,i:redeem160,redeem,train,FORGE::vfp_00189::Box,i:flash,flash,call,balances7,7b2adfceffae20eed3d1e434b72e6c9acd97bc4c0c22ffb2e68a0c37a7d5b93c,1
SYNTH_REENTRANCY::00161::SyntheticReentrancy00161,SyntheticReentrancy00161,i:payout161,payout,val,DAPP::DAppSCAN-source/contracts/QuillAudits-GearBox Protocol-GearBox Protocol/gearbox-contracts-0ac33ba87212ce056ac6b6357ad74161d417158a::YearnAdapter,i:_deposit,_deposit,transfer,credits8,dfbe6cece1604a470ae1d24c8b1697669ea2de010c30bff98e09d0d3dcd40f93,1
SYNTH_REENTRANCY::00162::SyntheticReentrancy00162,SyntheticReentrancy00162,i:release162,release,test,DAPP::DAppSCAN-source/contracts/ImmuneBytes-Bird Money-Final Audit Report/bird-farm-contracts-dfd2502b73c8f54c9081682c3eb070fcd3c00629::MasterChef,i:withdraw,withdraw,send,pendingRewards9,55414279e9db92db4e6609aeb8f337255cded8ceba64c4b673794b320f8c0440,1
SYNTH_REENTRANCY::00163::SyntheticReentrancy00163,SyntheticReentrancy00163,i:exit163,exit,train,DAPP::DAppSCAN-source/contracts/consensys-Gamma/hypervisor-41fd4abf79864478523e87924d4e80d80df04879::Hypervisor,i:withdraw,withdraw,safeTransfer,withdrawalRequests10,6dfb304f2a4c9a26980bd66ea77297fc52b904cd76f5a26e4dc0f0700f505d4a,1
SYNTH_REENTRANCY::00164::SyntheticReentrancy00164,SyntheticReentrancy00164,i:claim164,claim,val,DAPP::DAppSCAN-source/contracts/QuillAudits-GearBox Protocol-GearBox Protocol/gearbox-contracts-0ac33ba87212ce056ac6b6357ad74161d417158a::CurveV1Adapter,i:exchange,exchange,transfer,shares11,69aa61d86e29a465534b0795b04d48ee7023d15084bdd284e307a456f27b58c5,1
SYNTH_REENTRANCY::00165::SyntheticReentrancy00165,SyntheticReentrancy00165,i:settle165,settle,train,DAPP::DAppSCAN-source/contracts/Coinbae-Pud.Fi Masterchef_Audit/MasterChef0x15Bee180BB39eE5c0166E63313C33984376930Db::MasterChef,i:balance,balance,call,stakes12,ce9facb68070a948cfaaf238df4d1596d7eb30bd74704259de0bfe93954a39e0,1
SYNTH_REENTRANCY::00166::SyntheticReentrancy00166,SyntheticReentrancy00166,i:collect166,collect,test,FORGE::vfp_00058::LikwidMarginPosition,i:modify,modify,transfer,claims13,e65678a1369faeda0e9e2e5d8d854e636ae855f1ba0029f963eac0eed49f6417,1
SYNTH_REENTRANCY::00167::SyntheticReentrancy00167,SyntheticReentrancy00167,i:harvest167,harvest,train,DAPP::DAppSCAN-source/contracts/PeckShield-BabySwap/code::HoldStake,i:addPool,addPool,send,escrowed14,c28d9503dc74032667d66e1a0a45e48af7bab716301dd3f4cd24de8881bd7f36,1
SYNTH_REENTRANCY::00168::SyntheticReentrancy00168,SyntheticReentrancy00168,i:withdraw168,withdraw,train,DAPP::DAppSCAN-source/contracts/PeckShield-Holdefi/Holdefi-5a1e6e0d582120142e8a531f6806eba6665ef2f4::Holdefi,i:repayBorrowInternal,repayBorrowInternal,safeTransfer,payouts15,27d5ac7f171b863731d78732a90cf35cc295c2b67bb8c4117325c2af3ee26350,1
SYNTH_REENTRANCY::00169::SyntheticReentrancy00169,SyntheticReentrancy00169,i:claimReward169,claimReward,val,DAPP::DAppSCAN-source/contracts/Trail_of_Bits-OriginDollar/origin-dollar-81431fd3b2aa4c518ffc389844f9708c00b516f0::VaultCore,i:rebase,rebase,transfer,positions16,a9826d588406159bb39555158c9da1ab5ae484dc1498cdaed20face056c8d56a,1
SYNTH_REENTRANCY::00170::SyntheticReentrancy00170,SyntheticReentrancy00170,i:refund170,refund,test,DAPP::DAppSCAN-source/contracts/PeckShield-DarkCrypto/darkcrypto-contracts-fee5be8d36459aebed2b84e6493875b3dc0366fd::SkyRewardPool,i:withdraw,withdraw,call,balances0,22267664bb7c5b58746d81e40ed5cd8a15297a9cfffdd9725bc6cbbcd265e334,1
SYNTH_REENTRANCY::00171::SyntheticReentrancy00171,SyntheticReentrancy00171,i:unstake171,unstake,train,DAPP::DAppSCAN-source/contracts/Hacken-Ground Zero/code::IDO,i:claimTheInvestments,claimTheInvestments,transfer,credits1,e6422162f6efb6f4094787e0b5bf42cd94ebfedc8c46f9edd670cf54f0739f9e,1
SYNTH_REENTRANCY::00172::SyntheticReentrancy00172,SyntheticReentrancy00172,i:redeem172,redeem,val,DAPP::DAppSCAN-source/contracts/Runtime_Vеrification-ElementFinance/elf-contracts-637c6f959315cbb11a164555e588520c7d89122b::YVaultAssetProxy,i:reserveDeposit,reserveDeposit,send,pendingRewards2,587ab84a51e8dfc46e9967d26f0ad7c4433bdb6bb9783a34ee2cccb26f4c8f5e,1
SYNTH_REENTRANCY::00173::SyntheticReentrancy00173,SyntheticReentrancy00173,i:payout173,payout,test,DAPP::DAppSCAN-source/contracts/ImmuneBytes-Bird Money(MasterChef)-Audit Report/bird-farm-contracts-dfd2502b73c8f54c9081682c3eb070fcd3c00629::MasterChef,i:deposit,deposit,safeTransfer,withdrawalRequests3,baf7432473e716cbc64891c6419f5eec17029e48843f46663d5990b32d8bf764,1
SYNTH_REENTRANCY::00174::SyntheticReentrancy00174,SyntheticReentrancy00174,i:release174,release,train,DAPP::DAppSCAN-source/contracts/PeckShield-MilkySwap/milkyswap-59f163e9959cf8bae4a521a9648219b553312e07::MasterMilker,i:emergencyWithdraw,emergencyWithdraw,transfer,shares4,d76d21d4da978c3b011c8d31307f30ffdff1fa62a25d487c3d9023e57390b6cd,1
SYNTH_REENTRANCY::00175::SyntheticReentrancy00175,SyntheticReentrancy00175,i:exit175,exit,train,DAPP::DAppSCAN-source/contracts/Coinbae-Pud.Fi Masterchef_Audit/MasterChef0x15Bee180BB39eE5c0166E63313C33984376930Db::MasterChef,i:setPoolStrategy,setPoolStrategy,call,stakes5,80124b5f7c39747ce7da45d94c40cc5ae620851d91d026d29004a86e82e9b468,1
SYNTH_REENTRANCY::00176::SyntheticReentrancy00176,SyntheticReentrancy00176,i:claim176,claim,train,DAPP::DAppSCAN-source/contracts/Runtime_Vеrification-Element_Finance_Governance_Security_Audit_Report/council-3d751c959b42573c78ccd0bccbc80424bf6d9a90::CoreVoting,i:execute,execute,transfer,claims6,160dcd7fb113cdb0ffe56b066a575d6b5b9444c457dec4827e059befbd196b71,1
SYNTH_REENTRANCY::00177::SyntheticReentrancy00177,SyntheticReentrancy00177,i:settle177,settle,val,DAPP::DAppSCAN-source/contracts/QuillAudits-GearBox Protocol-GearBox Protocol/gearbox-contracts-0ac33ba87212ce056ac6b6357ad74161d417158a::WETHGateway,i:addLiquidityETH,addLiquidityETH,send,escrowed7,03b462c1d4b2ca9852a0a0e2fa715a2a68b9212eb04c2bf66402045e8c668fde,1
SYNTH_REENTRANCY::00178::SyntheticReentrancy00178,SyntheticReentrancy00178,i:collect178,collect,train,DAPP::DAppSCAN-source/contracts/PeckShield-Atlantis/atlantis-protocol-bsc-766acebba9316eced1c15abf6158b31f470a947f::AToken,i:borrowFresh,borrowFresh,safeTransfer,payouts8,57c3b6ce3a203c77ba30629170efb7b668088dcfd55b1e09d359c070defdffc4,1
SYNTH_REENTRANCY::00179::SyntheticReentrancy00179,SyntheticReentrancy00179,i:harvest179,harvest,train,FORGE::vfp_00088::EnjoyoorsVaultWithdrawals,i:_claimWithdrawal,_claimWithdrawal,transfer,positions9,091355b9c1cd15fd23dd8dd249168d1ec1adc5b8654049e07b3329ed79339a8d,1
SYNTH_REENTRANCY::00180::SyntheticReentrancy00180,SyntheticReentrancy00180,i:withdraw180,withdraw,test,FORGE::vfp_00126::SpokePool,i:_setOftMessenger,_setOftMessenger,call,balances10,76ebd35387e31e7cefb0f163acd69d71e73a602f0de7bcbe64c7afed74864d07,1
SYNTH_REENTRANCY::00181::SyntheticReentrancy00181,SyntheticReentrancy00181,i:claimReward181,claimReward,train,DAPP::DAppSCAN-source/contracts/QuillAudits-Yearn Finance-Yearn Protocol V1/yearn-protocol-9ff0dc0ea73642c529383d0675930a41bf033295::yDelegatedVault,i:claimInsurance,claimInsurance,transfer,credits11,3ddf62c98017e939ec59f36b21adc93dfab8ad3875c7c4453cd099759befa269,1
SYNTH_REENTRANCY::00182::SyntheticReentrancy00182,SyntheticReentrancy00182,i:refund182,refund,train,DAPP::DAppSCAN-source/contracts/PeckShield-SushiSwap/sushiswap-180bc9b642bba79c1ee4a63f71a3a0d36e64aa63::MasterChef,i:withdraw,withdraw,send,pendingRewards12,e788d4bc98a34c88b3f19b0466be81462291a05d5ffd19a64e658ba8a0ae626a,1
SYNTH_REENTRANCY::00183::SyntheticReentrancy00183,SyntheticReentrancy00183,i:unstake183,unstake,train,FORGE::vfp_00221::LimitOrderHook,i:_handlePlaceCallback,_handlePlaceCallback,safeTransfer,withdrawalRequests13,72097e572a1f7d975e81eeac26feb749942fcebdc189022ee0be96d720c8c2c9,1
SYNTH_REENTRANCY::00184::SyntheticReentrancy00184,SyntheticReentrancy00184,i:redeem184,redeem,train,DAPP::DAppSCAN-source/contracts/QuillAudits-Keep3r.Network-Keep3r.Network/StakingRewardsV3-13ecc6966ae1a413f62224382bfd4d64b1a22351::StakingRewardsV3,i:deposit,deposit,transfer,shares14,a8bb02f664993482b65978e729c2fec9f9913e355892f49e2a033d0a56f732a4,1
SYNTH_REENTRANCY::00185::SyntheticReentrancy00185,SyntheticReentrancy00185,i:payout185,payout,val,DAPP::DAppSCAN-source/contracts/Trail_of_Bits-OriginDollar/origin-dollar-81431fd3b2aa4c518ffc389844f9708c00b516f0::VaultCore,i:_allocate,_allocate,call,stakes15,c446b6086f700c47ec47c81b9c39301f7e8433b90e051004265112cd54dcfc7c,1
SYNTH_REENTRANCY::00186::SyntheticReentrancy00186,SyntheticReentrancy00186,i:release186,release,train,DAPP::DAppSCAN-source/contracts/Coinbae-Pud.Fi Masterchef_Audit/MasterChef0x15Bee180BB39eE5c0166E63313C33984376930Db::MasterChef,i:withdraw,withdraw,transfer,claims16,c3f4c7a09d074297b39f3937ed425037fcc2ee25af5ee9cc6fdf35a63b20e3cf,1
SYNTH_REENTRANCY::00187::SyntheticReentrancy00187,SyntheticReentrancy00187,i:exit187,exit,train,DAPP::DAppSCAN-source/contracts/Coinbae-Pud.Fi Masterchef_Audit/MasterChef0x15Bee180BB39eE5c0166E63313C33984376930Db::MasterChef,i:add,add,send,escrowed0,11bcce91553658ec91d8f147b8cf6fe31a211c9dc746f3d3672c05f693f32632,1
SYNTH_REENTRANCY::00188::SyntheticReentrancy00188,SyntheticReentrancy00188,i:claim188,claim,train,DAPP::DAppSCAN-source/contracts/PeckShield-DSG/core-6f607f77698936e132e4e9b5cb4d75580636d919::SinglePool,i:emergencyWithdraw,emergencyWithdraw,safeTransfer,payouts1,edf3e4c504441aa8b372251e70d9e215d8838dcbd2a08a1159c97207dd2b56f1,1
SYNTH_REENTRANCY::00189::SyntheticReentrancy00189,SyntheticReentrancy00189,i:settle189,settle,test,DAPP::DAppSCAN-source/contracts/BlockSec-blocksec_impossible_finance_swap_v1.2/impossible-swap-core-29aaef89f996acdbee92b67c4d95fb608dc8b876::ImpossibleWrappedToken,i:deposit,deposit,transfer,positions2,5c27bed43b1e746bbf3a4b3dc97c0c7e520d48eb49f5f0752471eee0359e4fa2,1
SYNTH_REENTRANCY::00190::SyntheticReentrancy00190,SyntheticReentrancy00190,i:collect190,collect,train,DAPP::DAppSCAN-source/contracts/consensys-Connext NXTP — Noncustodial Xchain Transfer Protocol/nxtp-0656436d654cfe0313fa3c2bbc81aa86232ade16::TransactionManager,i:removeLiquidity,removeLiquidity,call,balances3,5af312971a331ec963737b94fad2e44420e723e5e631c6657b78ccccc7c9f662,1
SYNTH_REENTRANCY::00191::SyntheticReentrancy00191,SyntheticReentrancy00191,i:harvest191,harvest,train,DAPP::DAppSCAN-source/contracts/PeckShield-DSG/core-6f607f77698936e132e4e9b5cb4d75580636d919::GovernorV1,i:propose,propose,transfer,credits4,69a1d7d262f02c9fde915fed059f07bffcd3dad6da353043d2423d92496a9d83,1
SYNTH_REENTRANCY::00192::SyntheticReentrancy00192,SyntheticReentrancy00192,i:withdraw192,withdraw,train,DAPP::DAppSCAN-source/contracts/QuillAudits-Yearn Finance-Yearn Protocol V1/yearn-protocol-9ff0dc0ea73642c529383d0675930a41bf033295::yWETH,i:depositETH,depositETH,send,pendingRewards5,443bd8124af5ddb0eb6ea9e60f2832894f4840377d5713ffbf06007529003af1,1
SYNTH_REENTRANCY::00193::SyntheticReentrancy00193,SyntheticReentrancy00193,i:claimReward193,claimReward,train,DAPP::DAppSCAN-source/contracts/PeckShield-ShibaNova/Contracts-b6b1ce1fcaff83d360df8944309f49958842b7b8::MasterShiba,i:withdraw,withdraw,safeTransfer,withdrawalRequests6,eb25cd94b6aecee542fa39114e392a97c366ea6a76455d1f062fcff108a005a2,1
SYNTH_REENTRANCY::00194::SyntheticReentrancy00194,SyntheticReentrancy00194,i:refund194,refund,train,FORGE::vfp_00221::LimitOrderHook,i:cancelOrder,cancelOrder,transfer,shares7,79fef0c452b8f913a8e4685a1294a6f5d1070c179d2f0d17048e77b980b78d73,1
SYNTH_REENTRANCY::00195::SyntheticReentrancy00195,SyntheticReentrancy00195,i:unstake195,unstake,train,DAPP::DAppSCAN-source/contracts/PeckShield-PikaPerpV2/PikaPerpV2-4a0965ff90ed099b7e2d3e8dda47cd589ee8e3a2::PikaPerpV2,i:closePositionWithId,closePositionWithId,call,stakes8,097cc2b140576b711f101e3e7b53e9e7d131d1c664c8c13b43be4b8e44581fb1,1
SYNTH_REENTRANCY::00196::SyntheticReentrancy00196,SyntheticReentrancy00196,i:redeem196,redeem,val,DAPP::DAppSCAN-source/contracts/QuillAudits-GearBox Protocol-GearBox Protocol/gearbox-contracts-0ac33ba87212ce056ac6b6357ad74161d417158a::UniswapV3Adapter,i:exactInputSingle,exactInputSingle,transfer,claims9,30428cf0211740defe4162e47651167dfef7600dad678e93dac8414a81522f25,1
SYNTH_REENTRANCY::00197::SyntheticReentrancy00197,SyntheticReentrancy00197,i:payout197,payout,val,DAPP::DAppSCAN-source/contracts/QuillAudits-GearBox Protocol-GearBox Protocol/gearbox-contracts-0ac33ba87212ce056ac6b6357ad74161d417158a::PoolService,i:lendCreditAccount,lendCreditAccount,send,escrowed10,80eaba9e9f6b5810b743d31aa4a84bb2f12b72de914e4199f0c5dda23c640b1f,1
SYNTH_REENTRANCY::00198::SyntheticReentrancy00198,SyntheticReentrancy00198,i:release198,release,val,DAPP::DAppSCAN-source/contracts/SlowMist-Starcrazy Smart Contract Security Audit Report/starcrazy-contracts-e9e11d234ac065726e108a73dfcd5efbad26f2c5::ClockAuctionBase,i:setGeneScienceAddress,setGeneScienceAddress,safeTransfer,payouts11,a539b24652793f130f3e1701edb6886bf5924e4e3f5b6e04d8d22ce6ff1462a7,1
SYNTH_REENTRANCY::00199::SyntheticReentrancy00199,SyntheticReentrancy00199,i:exit199,exit,val,DAPP::DAppSCAN-source/contracts/QuillAudits-GearBox Protocol-GearBox Protocol/gearbox-contracts-0ac33ba87212ce056ac6b6357ad74161d417158a::UniswapV2Adapter,i:swapTokensForExactTokens,swapTokensForExactTokens,transfer,positions12,d07494ffd4331648943007dc201c06d6d04f54a0f0990ba24e4da2bd164caff3,1
SYNTH_REENTRANCY::00200::SyntheticReentrancy00200,SyntheticReentrancy00200,i:claim200,claim,val,DAPP::DAppSCAN-source/contracts/PeckShield-TranchessV1.1/contract-core-68a86350313c1cb9e5467e791d3e9efaf228a0df::StakingV2,i:deposit,deposit,call,balances13,46778a0f507e34e5109505ff7afd148cdd9e1218ba4161fa8640e6f54db49615,1
SYNTH_REENTRANCY::00201::SyntheticReentrancy00201,SyntheticReentrancy00201,i:settle201,settle,train,FORGE::vfp_00224::OidcRecoveryValidator,i:startRecovery,startRecovery,transfer,credits14,7132c664f6b40aff48ac8dd09ae76a4d36d5910e4a17daa311ee704dcc19ff8d,1
SYNTH_REENTRANCY::00202::SyntheticReentrancy00202,SyntheticReentrancy00202,i:collect202,collect,train,DAPP::DAppSCAN-source/contracts/QuillAudits-1inch-Fixed Rate Swap/fixed-rate-swap-0b5a75e9f56e7d21c290dd28c59dc140dcbcc1d5::FixedRateSwap,i:depositFor,depositFor,send,pendingRewards15,b0968b63d2e7b0a51af02d7b3a322cfeefd94cf65fa2a01a748d22bd56d67cac,1
SYNTH_REENTRANCY::00203::SyntheticReentrancy00203,SyntheticReentrancy00203,i:harvest203,harvest,train,DAPP::DAppSCAN-source/contracts/PeckShield-Holdefi/Holdefi-5a1e6e0d582120142e8a531f6806eba6665ef2f4::HoldefiSettings,i:setHoldefiContract,setHoldefiContract,safeTransfer,withdrawalRequests16,fdfdbdeb0c029cf08d4b77aa737d7da67ef89ce13aee49f5c8fed38fd5712dc4,1
SYNTH_REENTRANCY::00204::SyntheticReentrancy00204,SyntheticReentrancy00204,i:withdraw204,withdraw,train,DAPP::DAppSCAN-source/contracts/Chainsecurity-Compound  cToken unredacted/compound-protocol-4a54ec5c55b66ea67d44b76f3056f0ed7229db8c::Comptroller,i:liquidateBorrowAllowed,liquidateBorrowAllowed,transfer,shares0,db5ba01dcef2be6f21b8d1e46f935100d0e3cb493b94d84d81eecded1be59d61,1
SYNTH_REENTRANCY::00205::SyntheticReentrancy00205,SyntheticReentrancy00205,i:claimReward205,claimReward,train,DAPP::DAppSCAN-source/contracts/openzeppelin-Optimism/contracts-18e128343731b9bde23812ce932e24d81440b6b7::OVM_StateTransitioner,i:applyTransaction,applyTransaction,call,stakes1,c7b5fabb3e8faee45b217908e5163a0ecf8fe08d2fc978f0e5d0d56b592de036,1
SYNTH_REENTRANCY::00206::SyntheticReentrancy00206,SyntheticReentrancy00206,i:refund206,refund,val,DAPP::DAppSCAN-source/contracts/QuillAudits-GearBox Protocol-GearBox Protocol/gearbox-contracts-0ac33ba87212ce056ac6b6357ad74161d417158a::YearnAdapter,i:withdraw,withdraw,transfer,claims2,9d8d1e1730b614b95689daa05303f928498174f701317db12d2e213aece5ec79,1
SYNTH_REENTRANCY::00207::SyntheticReentrancy00207,SyntheticReentrancy00207,i:unstake207,unstake,train,DAPP::DAppSCAN-source/contracts/QuillAudits-Abyss Finance-Abyss Eth2 Depositor/abyss-eth2depositor-a2d58dea4d79846dc682fe93ac3e0eca02323d11::AbyssEth2Depositor,i:deposit,deposit,send,escrowed3,fe85369057c31d45e010a185ed207e2929e183af72abaff6d7a297be129746f1,1
SYNTH_REENTRANCY::00208::SyntheticReentrancy00208,SyntheticReentrancy00208,i:redeem208,redeem,train,DAPP::DAppSCAN-source/contracts/Coinbae-Pud.Fi Masterchef_Audit/MasterChef0x15Bee180BB39eE5c0166E63313C33984376930Db::MasterChef,i:deposit,deposit,safeTransfer,payouts4,8bd770f0d8cffeb8b2550b13ae11898e2aa7d871835cdafbd7f253ff0393a120,1
SYNTH_REENTRANCY::00209::SyntheticReentrancy00209,SyntheticReentrancy00209,i:payout209,payout,val,DAPP::DAppSCAN-source/contracts/SlowMist-Starcrazy Smart Contract Security Audit Report/starcrazy-contracts-e9e11d234ac065726e108a73dfcd5efbad26f2c5::AlianaSale,i:withdrawOwnerCutSale,withdrawOwnerCutSale,transfer,positions5,124d0a8ae5621d8f43b55aecdc331c94cfa51af945c7fbbf39a5b7f595881f0f,1
SYNTH_REENTRANCY::00210::SyntheticReentrancy00210,SyntheticReentrancy00210,i:release210,release,val,FORGE::vfp_00001::AgentImageService,i:fulfillImage,fulfillImage,call,balances6,d94778d2adf446165b2c839714c5ee228da9a9361f67199e42b197be80f48e20,1
SYNTH_REENTRANCY::00211::SyntheticReentrancy00211,SyntheticReentrancy00211,i:exit211,exit,test,FORGE::vfp_00058::LikwidMarginPosition,i:_executeAddLeverage,_executeAddLeverage,transfer,credits7,c8658003370b237c86c4c9a9cafb8e954f6cbf2fc600b02f438ed228453f247c,1
SYNTH_REENTRANCY::00212::SyntheticReentrancy00212,SyntheticReentrancy00212,i:claim212,claim,train,DAPP::DAppSCAN-source/contracts/Chainsecurity-Compound  cToken unredacted/compound-protocol-4a54ec5c55b66ea67d44b76f3056f0ed7229db8c::CToken,i:_setComptroller,_setComptroller,send,pendingRewards8,ea20294752277abdc4d0f1842d4a2ec28099882fa8d81beed6e21234ad10fded,1
SYNTH_REENTRANCY::00213::SyntheticReentrancy00213,SyntheticReentrancy00213,i:settle213,settle,val,DAPP::DAppSCAN-source/contracts/Trail_of_Bits-OriginDollar/origin-dollar-81431fd3b2aa4c518ffc389844f9708c00b516f0::VaultCore,i:_redeem,_redeem,safeTransfer,withdrawalRequests9,c44614a8c98afbf7e756d4198bfff7481a57ac25fe9b2f5d326588c4ac710fd8,1
SYNTH_REENTRANCY::00214::SyntheticReentrancy00214,SyntheticReentrancy00214,i:collect214,collect,val,DAPP::DAppSCAN-source/contracts/QuillAudits-GearBox Protocol-GearBox Protocol/gearbox-contracts-0ac33ba87212ce056ac6b6357ad74161d417158a::AccountFactory,i:returnCreditAccount,returnCreditAccount,transfer,shares10,4902d65f3b13f256f104c8047e23723f02bbfc1217987251460cdd6488098f06,1
SYNTH_REENTRANCY::00215::SyntheticReentrancy00215,SyntheticReentrancy00215,i:harvest215,harvest,train,FORGE::vfp_00102::StopLimit,i:performUpkeep,performUpkeep,call,stakes11,fff9b5f81e812177295d029eae0844041288c4b1333c8440dadb5128388eea55,1
SYNTH_REENTRANCY::00216::SyntheticReentrancy00216,SyntheticReentrancy00216,i:withdraw216,withdraw,train,FORGE::vfp_00007::Folio,i:getRebalance,getRebalance,transfer,claims12,0cb86f73cc76f094ccd6476f124ca717c20044496f13a2b431583c5afaa9ec8a,1
SYNTH_REENTRANCY::00217::SyntheticReentrancy00217,SyntheticReentrancy00217,i:claimReward217,claimReward,train,DAPP::DAppSCAN-source/contracts/BlockSec-blocksec_multichain_vemult_v1.0_signed/veMULTI-bac804399d1ea280e5bd8cdc9488b6fa6a0a7fcc::ve,i:withdraw,withdraw,send,escrowed13,d71a8bac0b6574fb6dc42a15ae93ee97e53ad0693dff3ec60fdb73608bba4793,1
SYNTH_REENTRANCY::00218::SyntheticReentrancy00218,SyntheticReentrancy00218,i:refund218,refund,val,DAPP::DAppSCAN-source/contracts/QuillAudits-GearBox Protocol-GearBox Protocol/gearbox-contracts-0ac33ba87212ce056ac6b6357ad74161d417158a::WETHGateway,i:openCreditAccountETH,openCreditAccountETH,safeTransfer,payouts14,647170b849140d7ded1b0a62d8734863583934c19aec66a1c99bb27c2862dbae,1
SYNTH_REENTRANCY::00219::SyntheticReentrancy00219,SyntheticReentrancy00219,i:unstake219,unstake,val,DAPP::DAppSCAN-source/contracts/QuillAudits-GearBox Protocol-GearBox Protocol/gearbox-contracts-0ac33ba87212ce056ac6b6357ad74161d417158a::UniswapV3Adapter,i:exactOutput,exactOutput,transfer,positions15,85d1a7c38103e85a0b95035144431eee987aff8920ddc8d08708a22102b963c5,1
SYNTH_REENTRANCY::00220::SyntheticReentrancy00220,SyntheticReentrancy00220,i:redeem220,redeem,val,DAPP::DAppSCAN-source/contracts/SlowMist-Starcrazy Smart Contract Security Audit Report/starcrazy-contracts-e9e11d234ac065726e108a73dfcd5efbad26f2c5::AlianaBase,i:setGeneScienceAddress,setGeneScienceAddress,call,balances16,f26098c14edc0b9ce47eda0f60a296f128d3a44b6da0ec6bca837993348055a2,1
SYNTH_REENTRANCY::00221::SyntheticReentrancy00221,SyntheticReentrancy00221,i:payout221,payout,val,DAPP::DAppSCAN-source/contracts/SlowMist-Starcrazy Smart Contract Security Audit Report/starcrazy-contracts-e9e11d234ac065726e108a73dfcd5efbad26f2c5::AlianaOwnership,i:setGeneScienceAddress,setGeneScienceAddress,transfer,credits0,cb2dbc0869bdeffdc13c1e433df5ecc55d834c09564aa44b6723064c996c1776,1
SYNTH_REENTRANCY::00222::SyntheticReentrancy00222,SyntheticReentrancy00222,i:release222,release,test,DAPP::DAppSCAN-source/contracts/Hacken-Powerbomb-V1/powerbomb-lite-0f86ff1eecdd723be733a9b33ff4ffa3bbdadcee::PowerBombAvaxCurve,i:claimReward,claimReward,send,pendingRewards1,92ec142b3db8cc7492e6b5d90563b451772c25b622527d9104747b99b3794223,1
SYNTH_REENTRANCY::00223::SyntheticReentrancy00223,SyntheticReentrancy00223,i:exit223,exit,train,DAPP::DAppSCAN-source/contracts/QuillAudits-Alium Finance Smart Contract/alium-farm-e37d6af39af68049c2684085f025385407b4bd55::MasterChef,i:emergencyWithdraw,emergencyWithdraw,safeTransfer,withdrawalRequests2,58625f0585a23a193cb88cf7d09f8272ef056b8e5073efc6a811dbb2c391e8b2,1
SYNTH_REENTRANCY::00224::SyntheticReentrancy00224,SyntheticReentrancy00224,i:claim224,claim,train,DAPP::DAppSCAN-source/contracts/openzeppelin-Solo_Margin_Protocol/solo-17df84db351d5438e1b7437572722b4f52c8b2b4::AdminImpl,i:_setPriceOracle,_setPriceOracle,transfer,shares3,14255396f333ad8fdfc90e89bdfeddfd80619a1b516672f90325ae7b34079c4b,1
SYNTH_REENTRANCY::00225::SyntheticReentrancy00225,SyntheticReentrancy00225,i:settle225,settle,train,FORGE::vfp_00215::ScrollChainValidium,i:registerNewEncryptionKey,registerNewEncryptionKey,call,stakes4,0f49f757aa5bea328f4b8093ae4877450e8dbd529777977b80f666690709250f,1
SYNTH_REENTRANCY::00226::SyntheticReentrancy00226,SyntheticReentrancy00226,i:collect226,collect,train,DAPP::DAppSCAN-source/contracts/Runtime_Vеrification-stakefish_ethereum_staking_audit_report/eth2-validation-services-contract-d91928f3a270f6115831fe3a21a69eb98bf57b26::StakefishERC721Wrapper,i:mintTo,mintTo,transfer,claims5,81c737cd5e2a31db5265084af8e1ad254916b55cdea6826e3ab50159cc9f6d5a,1
SYNTH_REENTRANCY::00227::SyntheticReentrancy00227,SyntheticReentrancy00227,i:harvest227,harvest,val,DAPP::DAppSCAN-source/contracts/PeckShield-Tranchessv1.0/contract-core-5ac3d997da3ef37b0135565a11c5ebcc519862aa::LiquidityStaking,i:deposit,deposit,send,escrowed6,dd602fe53934287514dd3eb8cfe0685f958bf64eda505a2191cb9e7be8f6d3e2,1
SYNTH_REENTRANCY::00228::SyntheticReentrancy00228,SyntheticReentrancy00228,i:withdraw228,withdraw,train,FORGE::vfp_00209::StakingManager,i:withdraw,withdraw,safeTransfer,payouts7,f49ea7ce930205d115d4842a27cef7a7d059022a6c6527fae4bc99e559a8cddb,1
SYNTH_REENTRANCY::00229::SyntheticReentrancy00229,SyntheticReentrancy00229,i:claimReward229,claimReward,train,DAPP::DAppSCAN-source/contracts/Trail_of_Bits-ampleforth/market-oracle-888fccaf05786f3f7f49e18ff040f911d44906f4::MarketOracle,i:getPriceAnd24HourVolume,getPriceAnd24HourVolume,transfer,positions8,da44f80643f2690a69aea094548298ce0b7f82b6e489e2720879eda15ee9ccf1,1
SYNTH_REENTRANCY::00230::SyntheticReentrancy00230,SyntheticReentrancy00230,i:refund230,refund,train,DAPP::DAppSCAN-source/contracts/PeckShield-Rikkei/rifi-protocol-b33243fb3a218cc195f0727fe1499cb57f5ea0b2::RToken,i:borrowFresh,borrowFresh,call,balances9,e0f4cf5125aa13b2d5305cc5250f6e999f242d312f69377d765cc116daf8ce3c,1
SYNTH_REENTRANCY::00231::SyntheticReentrancy00231,SyntheticReentrancy00231,i:unstake231,unstake,train,FORGE::vfp_00007::Folio,i:startRebalance,startRebalance,transfer,credits10,7bf4fc012766d39b80b99996dfa797bc66a142c159f2d6f6ee083751b1d2279e,1
SYNTH_REENTRANCY::00232::SyntheticReentrancy00232,SyntheticReentrancy00232,i:redeem232,redeem,val,DAPP::DAppSCAN-source/contracts/Runtime_Vеrification-Tracer_Perpetual_Pools_V2/perpetual-pools-contracts-846bbf62652d7c83aee1cf3766275c4d08b00c8a::PoolFactory,i:deployPool,deployPool,send,pendingRewards11,ea87f61be326ceeee77a23bbf60309549c47dc9efe996b79d1100acee2aec7f0,1
SYNTH_REENTRANCY::00233::SyntheticReentrancy00233,SyntheticReentrancy00233,i:payout233,payout,train,DAPP::DAppSCAN-source/contracts/Trail_of_Bits-FraxQ42021/frax-solidity-bd40775e283923aa9e32a107abd426430a99835e::veFXSYieldDistributorV4,i:notifyRewardAmount,notifyRewardAmount,safeTransfer,withdrawalRequests12,29ba69da6f0c780e5ad90784a271dfebdb8730d1f220a7b64f3688f7f87e5c60,1
SYNTH_REENTRANCY::00234::SyntheticReentrancy00234,SyntheticReentrancy00234,i:release234,release,train,FORGE::vfp_00007::Folio,i:mint,mint,transfer,shares13,050ebcc6e2da93cfa652d818d6dd2fe5cfc69915331ca891f951fb3d53a7c288,1
SYNTH_REENTRANCY::00235::SyntheticReentrancy00235,SyntheticReentrancy00235,i:exit235,exit,test,DAPP::DAppSCAN-source/contracts/SlowMist-ForTube2.0 Smart Contract Security Audit Report/bond-854527d0ea7ad2ddd3504b4d4ae3fcb57cb6445d::PRA,i:lock,lock,call,stakes14,cec55c740e388009c146234feb61cb6c20e00035b587c265cbbe4bdcb59926f2,1
SYNTH_REENTRANCY::00236::SyntheticReentrancy00236,SyntheticReentrancy00236,i:claim236,claim,train,FORGE::vfp_00007::Folio,i:distributeFees,distributeFees,transfer,claims15,e434e148f7d3fe7519a557552b0d6732eefbac8e500065cb3a90eec19b799707,1
SYNTH_REENTRANCY::00237::SyntheticReentrancy00237,SyntheticReentrancy00237,i:settle237,settle,train,DAPP::DAppSCAN-source/contracts/PeckShield-BabySwap/code::MasterChef,i:withdraw,withdraw,send,escrowed16,18dfae98afecd02f945d02f5b8be075d262d605bdfc76665af96e274d82ac205,1
SYNTH_REENTRANCY::00238::SyntheticReentrancy00238,SyntheticReentrancy00238,i:collect238,collect,train,DAPP::DAppSCAN-source/contracts/QuillAudits-coalichain/CoaliSC-3f0920d650467279f7ceee08776bd74ecadd3237::Main,i:createBallot,createBallot,safeTransfer,payouts0,ed03b0642fcff115873df24a6643eb89bdbae74b059aa369c2514a61c8828477,1
SYNTH_REENTRANCY::00239::SyntheticReentrancy00239,SyntheticReentrancy00239,i:harvest239,harvest,val,DAPP::DAppSCAN-source/contracts/Trail_of_Bits-OriginDollar/origin-dollar-81431fd3b2aa4c518ffc389844f9708c00b516f0::VaultCore,i:mintMultiple,mintMultiple,transfer,positions1,f2cec3df7b3f67489dcfc1d5bdc33fefbed76777a243c174f249591d26c26f99,1
SYNTH_REENTRANCY::00240::SyntheticReentrancy00240,SyntheticReentrancy00240,i:withdraw240,withdraw,test,DAPP::DAppSCAN-source/contracts/PepperSec-Aira-Robonomic/robonomics_contracts-cc35a91de187072214d215262d8371f0159c2498::LighthouseLib,i:withdraw,withdraw,call,balances2,0c2d33b9d249b5268ac65e48c916e3c530541ecf48c1a057afe40e06dc2891ed,1
SYNTH_REENTRANCY::00241::SyntheticReentrancy00241,SyntheticReentrancy00241,i:claimReward241,claimReward,train,DAPP::DAppSCAN-source/contracts/PeckShield-Convex_Frax/frax-cvx-platform-2f8573ee796daa022c1050b4a749bf08049c439b::StakingProxyUniV3,i:lockAdditional,lockAdditional,transfer,credits3,aa9a3917786199fc078cd04773b27d6aa86eac37ebd350350d1b551231e2492b,1
SYNTH_REENTRANCY::00242::SyntheticReentrancy00242,SyntheticReentrancy00242,i:refund242,refund,train,DAPP::DAppSCAN-source/contracts/PeckShield-CryptoHeroes/cryptoheroes-6cb0eaf8c88fdaab89d2b4c83535a189c7793001::CryptoHeroesUniverse,i:deposit,deposit,send,pendingRewards4,89e228c5cc557c82841211ba4774f32b31d5a9a86500e514290205eddabe10b9,1
SYNTH_REENTRANCY::00243::SyntheticReentrancy00243,SyntheticReentrancy00243,i:unstake243,unstake,train,DAPP::DAppSCAN-source/contracts/Chainsecurity-Angle Protocol/angle-core-46e6d32837cbe97a4af0adb693e63afa0d01fc3e::PerpetualManagerFront,i:openPerpetual,openPerpetual,safeTransfer,withdrawalRequests5,c4e2f50b42aff8fb84b4dadb6337fb9c2b0129ac68121705087c377b7b25bc7d,1
SYNTH_REENTRANCY::00244::SyntheticReentrancy00244,SyntheticReentrancy00244,i:redeem244,redeem,train,DAPP::DAppSCAN-source/contracts/PeckShield-Hegic(v8888)/Hegic-v8888-2dcd44dc1ae07881e94d52fa618f9704bfd4ffda::HegicPool,i:provideFrom,provideFrom,transfer,shares6,78a12cd6b3fd8aa19ed2b1e14aebfe205eab2c1ad89fff31e3a7c09b2af64163,1
SYNTH_REENTRANCY::00245::SyntheticReentrancy00245,SyntheticReentrancy00245,i:payout245,payout,train,FORGE::vfp_00174::P2pResolvProxy,i:withdrawRESOLV,withdrawRESOLV,call,stakes7,3162c5420bcd6a6057f9e28176b7a3fb89b892414d8498096858a541996f75d5,1
SYNTH_REENTRANCY::00246::SyntheticReentrancy00246,SyntheticReentrancy00246,i:release246,release,train,DAPP::DAppSCAN-source/contracts/QuillAudits-Bond Appetit-Bond Appetit/bondappetit-protocol-355180f0aca0b29d60d808f761052956b7a3a159::ProfitSplitter,i:_payToRecipients,_payToRecipients,transfer,claims8,3ed5ff3b29b67b03dc260efb5b955b97b46798f5d02db7a0321a2a98a2b4f858,1
SYNTH_REENTRANCY::00247::SyntheticReentrancy00247,SyntheticReentrancy00247,i:exit247,exit,train,FORGE::vfp_00209::StakingManager,i:stake,stake,send,escrowed9,8e021920b73b89d3ec2937b2edc84c893cdb5f5e6a42554562b4891cb66c3580,1
SYNTH_REENTRANCY::00248::SyntheticReentrancy00248,SyntheticReentrancy00248,i:claim248,claim,test,DAPP::DAppSCAN-source/contracts/Solidity_Finance-OKLG - Smart Contract/contracts-e167d0d742d21bcc62d7a5b770a1f0ed1cf31eca::MTGYTokenLocker,i:withdrawLockedTokens,withdrawLockedTokens,safeTransfer,payouts10,78ad517991d0cfc7920edea29042a7167eb94f3f8924c92063f35a16b12e609e,1
SYNTH_REENTRANCY::00249::SyntheticReentrancy00249,SyntheticReentrancy00249,i:settle249,settle,val,DAPP::DAppSCAN-source/contracts/consensys-DeFi_Saver/defisaver-v3-contracts-cb29669a84c2d6fffaf2231c0938eb407c060919::FLAaveV2,i:executeOperation,executeOperation,transfer,positions11,03ab83c935b510557e99163d9e58ec0c8388a59c14575634c90cdb4f517e6e8a,1
SYNTH_REENTRANCY::00250::SyntheticReentrancy00250,SyntheticReentrancy00250,i:collect250,collect,train,DAPP::DAppSCAN-source/contracts/Iosiro-1inch Exchange Staking Rewards Smart Contract Audit/liquidity-protocol-c9c8bc600e8e7897f70f84b006de601d4f4bcbe3::BaseRewards,i:getReward,getReward,call,balances12,32d0d77f34ab9c557310131d7d215828b35765f75a231ce8315cce2874650709,1
SYNTH_REENTRANCY::00251::SyntheticReentrancy00251,SyntheticReentrancy00251,i:harvest251,harvest,train,FORGE::vfp_00102::StopLimit,i:modifyOrder,modifyOrder,transfer,credits13,9149146577a8792fa376b33b03ff8fced05a5151328a60c5d28ecafdefa1804f,1
SYNTH_REENTRANCY::00252::SyntheticReentrancy00252,SyntheticReentrancy00252,i:withdraw252,withdraw,val,FORGE::vfp_00001::AgentImageService,i:requestImage,requestImage,send,pendingRewards14,991a84f03c91ae0b6ce874a4a793fac17b4db3463181f0193bbffcd37c37f32b,1
SYNTH_REENTRANCY::00253::SyntheticReentrancy00253,SyntheticReentrancy00253,i:claimReward253,claimReward,train,FORGE::vfp_00189::Box,i:deallocate,deallocate,safeTransfer,withdrawalRequests15,5e3f36820fd49d878c83260ac84b2046c6b246e65aa525ea5c975bfc34e426f3,1
SYNTH_REENTRANCY::00254::SyntheticReentrancy00254,SyntheticReentrancy00254,i:refund254,refund,val,DAPP::DAppSCAN-source/contracts/QuillAudits-GearBox Protocol-GearBox Protocol/gearbox-contracts-0ac33ba87212ce056ac6b6357ad74161d417158a::UniswapV3Adapter,i:exactInput,exactInput,transfer,shares16,7109fa990eed59435c809f07746070cdcc9fd6ddabb0b7ac314837c2d631b5cb,1
SYNTH_REENTRANCY::00255::SyntheticReentrancy00255,SyntheticReentrancy00255,i:unstake255,unstake,train,DAPP::DAppSCAN-source/contracts/PeckShield-StackerVC/StackerVC_VentureFund001-3cfb98b21f4731dfd62993feb7c7d1540837f59b::LPGauge,i:deposit,deposit,call,stakes0,c7c3c3173015df57401efa014d2f1eaeaaa07edffb1311dff083fc6cb321269c,1
SYNTH_REENTRANCY::00256::SyntheticReentrancy00256,SyntheticReentrancy00256,i:redeem256,redeem,train,DAPP::DAppSCAN-source/contracts/consensys-Aave_Protocol_V2/aave-protocol-v2-f756f44a8d6a328cd545335e46e7128939db88c4::LendingPool,i:deposit,deposit,transfer,claims1,72ef501f9d23ce75aef95ae61a63863df6d2b7cfea2e9ef2463c2112a9671695,1
SYNTH_REENTRANCY::00257::SyntheticReentrancy00257,SyntheticReentrancy00257,i:payout257,payout,test,DAPP::DAppSCAN-source/contracts/Trail_of_Bits-Liquity/dev-f0df3efa5a5f05b205752184cfce107c5bd6e06c::BorrowerOperations,i:_moveTokensAndETHfromAdjustment,_moveTokensAndETHfromAdjustment,send,escrowed2,ef841bd6f5bc5056f5b614f9a329f7c083bc39bf553c9ecc86e022e81b9d2f98,1
SYNTH_REENTRANCY::00258::SyntheticReentrancy00258,SyntheticReentrancy00258,i:release258,release,train,DAPP::DAppSCAN-source/contracts/Coinbae-Hakka_Finance_wHakka/code::wHakka,i:stake,stake,safeTransfer,payouts3,fec50c5296f9998b4e6d8eccdd19b9379de102f1725622bf3295f5aee8742fd3,1
SYNTH_REENTRANCY::00259::SyntheticReentrancy00259,SyntheticReentrancy00259,i:exit259,exit,train,DAPP::DAppSCAN-source/contracts/consensys-Idle_Finance/idle-tranches-d94ee7194e8cb17db13b16c338f3e780b62f5435::IdleCDO,i:_deposit,_deposit,transfer,positions4,780ecbd3647b4d7be0fb5914dbcd839035fe09ca00bd83ded6a58498d8d130aa,1
SYNTH_REENTRANCY::00260::SyntheticReentrancy00260,SyntheticReentrancy00260,i:claim260,claim,test,DAPP::DAppSCAN-source/contracts/PepperSec-Aira-Robonomic/robonomics_contracts-cc35a91de187072214d215262d8371f0159c2498::RobotLiabilityLib,i:finalize,finalize,call,balances5,b00d7929a4f2797248eb053e4c77adacfe9e906002068a32bda0b7a9dcde8452,1
SYNTH_REENTRANCY::00261::SyntheticReentrancy00261,SyntheticReentrancy00261,i:settle261,settle,train,DAPP::DAppSCAN-source/contracts/Chainsulting-Furucombo-project2/trevi-b3f7fd332873321152db48c9d43fc23a60a29f1a::FountainBase,i:_depositAngel,_depositAngel,transfer,credits6,ddbb1dd30c3eafa7f1a7fd8313df240d304f2798cc6215b32b6a2d9295896706,1
SYNTH_REENTRANCY::00262::SyntheticReentrancy00262,SyntheticReentrancy00262,i:collect262,collect,train,FORGE::vfp_00096::MarketConfigurator,i:_migrateFactoryTargets,_migrateFactoryTargets,send,pendingRewards7,abbbd470cf5d3f2c4ebdb6c343370825441ba6da899081c04eca29f47988149e,1
SYNTH_REENTRANCY::00263::SyntheticReentrancy00263,SyntheticReentrancy00263,i:harvest263,harvest,train,DAPP::DAppSCAN-source/contracts/PeckShield-Buffer/code::BufferBNBOptions,i:create,create,safeTransfer,withdrawalRequests8,1b71447cb5fc4f96a4fd9760295610ef9a432b3f730aa5a2fe0910d293ae5aca,1
SYNTH_REENTRANCY::00264::SyntheticReentrancy00264,SyntheticReentrancy00264,i:withdraw264,withdraw,train,DAPP::DAppSCAN-source/contracts/consensys-Skyweaver/Skyweaver-contracts-bde0c184db6168bf86656a48b12d5747950b54d9::EternalHeroesFactory,i:_buy,_buy,transfer,shares9,dde34c8d70c526a0a419f3e58da367f4bf3d36515bb4d8570e9e11be08a7249c,1
SYNTH_REENTRANCY::00265::SyntheticReentrancy00265,SyntheticReentrancy00265,i:claimReward265,claimReward,train,DAPP::DAppSCAN-source/contracts/consensys-Aave_Protocol_V2/aave-protocol-v2-f756f44a8d6a328cd545335e46e7128939db88c4::LendingPool,i:flashLoan,flashLoan,call,stakes10,7c719898d9b73d2c636a7c3b535e67276bd4e283e677f98775587e32ddfdb4a0,1
SYNTH_REENTRANCY::00266::SyntheticReentrancy00266,SyntheticReentrancy00266,i:refund266,refund,train,DAPP::DAppSCAN-source/contracts/Coinbae-Barnbridge_Vault/CommunityVault0xA3C299eEE1998F45c20010276684921EBE6423D9::CommunityVault,i:setAllowance,setAllowance,transfer,claims11,3d6d0468e813d1f48f869719effbfe8cb3e7c05cb38f163fe82a767a0436f629,1
SYNTH_REENTRANCY::00267::SyntheticReentrancy00267,SyntheticReentrancy00267,i:unstake267,unstake,train,DAPP::DAppSCAN-source/contracts/Trail_of_Bits-MapleFinance/liquidations-35c628e5ab45fbffaab7aef43a030a98b712a94a::Liquidator,i:liquidatePortion,liquidatePortion,send,escrowed12,9ee497c3da5a4757b7eaa761e9caff2eb02e4a7d77c47b47033bdbcadd62c434,1
SYNTH_REENTRANCY::00268::SyntheticReentrancy00268,SyntheticReentrancy00268,i:redeem268,redeem,test,DAPP::DAppSCAN-source/contracts/consensys-GrowthDeFi WHEAT/wheat-v1-core-8360ac0a537589bb974e8a5a169bb3e7c95d2857::Exchange,i:convertFundsFromInput,convertFundsFromInput,safeTransfer,payouts13,57425c1856ef62c89c5d6fb8fa3016cfb5a0c5df90fab11b1b9c6ae657eaa189,1
SYNTH_REENTRANCY::00269::SyntheticReentrancy00269,SyntheticReentrancy00269,i:payout269,payout,test,DAPP::DAppSCAN-source/contracts/ImmuneBytes-Bird Money(MasterChef)-Audit Report/bird-farm-contracts-dfd2502b73c8f54c9081682c3eb070fcd3c00629::MasterChef,i:emergencyWithdraw,emergencyWithdraw,transfer,positions14,a92cc51fbe593af22410bd86b19db35bbab9dcb098f3cad8c95d66caa0a8104a,1
SYNTH_REENTRANCY::00270::SyntheticReentrancy00270,SyntheticReentrancy00270,i:release270,release,train,"DAPP::DAppSCAN-source/contracts/Inspex-Tokens, Farm & Shop/-SpeedStar-Audit-3e39d7acf9c1aa9f3a5511c161c2035ba7d6bc1f::Staking",i:depositStable,depositStable,call,balances15,19833f52dc3d132e5a93039870d37dcbb46c0e0b396a007bd6189450e76b51ad,1
SYNTH_REENTRANCY::00271::SyntheticReentrancy00271,SyntheticReentrancy00271,i:exit271,exit,train,FORGE::vfp_00125::Aori,i:cancel,cancel,transfer,credits16,cd3f38406cc10b93a955cf26084a1621d0a2c2c3507c965229fc5a2b39bd8850,1
SYNTH_REENTRANCY::00272::SyntheticReentrancy00272,SyntheticReentrancy00272,i:claim272,claim,train,DAPP::DAppSCAN-source/contracts/Coinbae-Hakka_Finance_wHakka/code::wHakka,i:unstake,unstake,send,pendingRewards0,6de496d535573ad0298740510e520e1704af53b033f37cf8dff264d0f0e78dae,1
SYNTH_REENTRANCY::00273::SyntheticReentrancy00273,SyntheticReentrancy00273,i:settle273,settle,train,DAPP::DAppSCAN-source/contracts/Chainsulting-Furucombo-project2/trevi-b3f7fd332873321152db48c9d43fc23a60a29f1a::FountainBase,i:_withdrawAngel,_withdrawAngel,safeTransfer,withdrawalRequests1,ace0612ac7f6de02a6b4074f90049825c548349564ae6d44cb6678156dea0aed,1
SYNTH_REENTRANCY::00274::SyntheticReentrancy00274,SyntheticReentrancy00274,i:collect274,collect,test,FORGE::vfp_00260::Router_Adapter,i:relayTokens,relayTokens,transfer,shares2,752a1cecb9a846914ee0ce9760cce450de59641b68f375c8e75100acc41d30bd,1
SYNTH_REENTRANCY::00275::SyntheticReentrancy00275,SyntheticReentrancy00275,i:harvest275,harvest,train,FORGE::vfp_00215::ScrollChainValidium,i:_finalizeBundle,_finalizeBundle,call,stakes3,c622f6caa940c9f270748d3354cf86c4e0285740bcfddc37b4f8e112fc3d68e3,1
SYNTH_REENTRANCY::00276::SyntheticReentrancy00276,SyntheticReentrancy00276,i:withdraw276,withdraw,train,DAPP::DAppSCAN-source/contracts/PeckShield-PlutosV1/plutos-eth-contract-0777815::PMintBurn,i:deposit,deposit,transfer,claims4,ecdaaa5310e207fcee7338e0e032ac7a10c5b3af9ed40a70bb74935fd1124e39,1
SYNTH_REENTRANCY::00277::SyntheticReentrancy00277,SyntheticReentrancy00277,i:claimReward277,claimReward,val,DAPP::DAppSCAN-source/contracts/QuillAudits-GearBox Protocol-GearBox Protocol/gearbox-contracts-0ac33ba87212ce056ac6b6357ad74161d417158a::UniswapV3Adapter,i:exactOutputSingle,exactOutputSingle,send,escrowed5,fdc7c6f0e999cba03f501f4ad5edec99ed120bc07a8cc53e5c1c8af8f7b76e9a,1
SYNTH_REENTRANCY::00278::SyntheticReentrancy00278,SyntheticReentrancy00278,i:refund278,refund,train,DAPP::DAppSCAN-source/contracts/SlowMist-CFFv2 Smart Contract Security Audit Report/cff-contract-v2-c86bef3f13c7585f547f9cd0ca900f94664e96b7::CFVaultV2,i:withdraw,withdraw,safeTransfer,payouts6,78e5e741204bdffd037752ec039c5c6bb87a23cbbe265099cbaac61985971184,1
SYNTH_REENTRANCY::00279::SyntheticReentrancy00279,SyntheticReentrancy00279,i:unstake279,unstake,train,FORGE::vfp_00221::LimitOrderHook,i:_afterSwap,_afterSwap,transfer,positions7,f5ebfd47b31c1a50a1ad0c16b75d56f90cadc1d15da4fe693e86173d2cf3abd5,1
SYNTH_REENTRANCY::00280::SyntheticReentrancy00280,SyntheticReentrancy00280,i:redeem280,redeem,val,DAPP::DAppSCAN-source/contracts/SlowMist-Starcrazy Smart Contract Security Audit Report/starcrazy-contracts-e9e11d234ac065726e108a73dfcd5efbad26f2c5::GFSBonus,i:withdraw,withdraw,call,balances8,fce66ba6df9abc14c36d183144c297ade07a5d1ea1e9db01af113403cabc84b1,1
SYNTH_REENTRANCY::00281::SyntheticReentrancy00281,SyntheticReentrancy00281,i:payout281,payout,train,DAPP::DAppSCAN-source/contracts/Coinfabrik-Woonkly Security Audit (DEX STAKE)/STAKESmartContractPreRelease-main::WOOPStake,i:processReward,processReward,transfer,credits9,e50f475cace3183c3117163084ab840142cc1ff01200f771dc73c7cc9e0a0000,1
SYNTH_REENTRANCY::00282::SyntheticReentrancy00282,SyntheticReentrancy00282,i:release282,release,train,DAPP::DAppSCAN-source/contracts/Iosiro-SNX FlashBurn Smart Contract Audit/flashburn-3aa02a3d63d9e0110a5b6669a4a4011ceee3cf2b::SNXFlashLoanTool,i:swap,swap,send,pendingRewards10,78a9e74e9312c74fa05c8cb83d6f053fe6d569c35af2f1f8a008d6a2a4ac0951,1
SYNTH_REENTRANCY::00283::SyntheticReentrancy00283,SyntheticReentrancy00283,i:exit283,exit,train,FORGE::vfp_00174::P2pResolvProxy,i:initiateWithdrawalRESOLVAccruedRewards,initiateWithdrawalRESOLVAccruedRewards,safeTransfer,withdrawalRequests11,6dc798b9b3b0c2dbcb24d2260031fe7794059f00af36a1825bda936452428830,1
SYNTH_REENTRANCY::00284::SyntheticReentrancy00284,SyntheticReentrancy00284,i:claim284,claim,train,DAPP::DAppSCAN-source/contracts/consensys-Gamma/hypervisor-41fd4abf79864478523e87924d4e80d80df04879::UniProxy,i:deposit,deposit,transfer,shares12,33fb734e9ac731e07ba86f0068b941b839f37edb88dc716835686c884fafe5ab,1
SYNTH_REENTRANCY::00285::SyntheticReentrancy00285,SyntheticReentrancy00285,i:settle285,settle,train,FORGE::vfp_00175::P2pYieldProxy,i:_withdraw,_withdraw,call,stakes13,1b1211cbe553459fb4f04c634d53eb7426c7e37e2496839324fd813256a1e261,1
SYNTH_REENTRANCY::00286::SyntheticReentrancy00286,SyntheticReentrancy00286,i:collect286,collect,val,FORGE::vfp_00001::AgentImageService,i:requestRefund,requestRefund,transfer,claims14,695cdff0a7c95e77016ee0b44bff1eb4b085b1a7e0f3fcd1b2a15f49b816984f,1
SYNTH_REENTRANCY::00287::SyntheticReentrancy00287,SyntheticReentrancy00287,i:harvest287,harvest,val,DAPP::DAppSCAN-source/contracts/SlowMist-Starcrazy Smart Contract Security Audit Report/starcrazy-contracts-e9e11d234ac065726e108a73dfcd5efbad26f2c5::Auction,i:setGeneScienceAddress,setGeneScienceAddress,send,escrowed15,6abf7d16628fc5e83305efb64c4a4730e3328553839a0e9c1597eb5b3e70b016,1
SYNTH_REENTRANCY::00288::SyntheticReentrancy00288,SyntheticReentrancy00288,i:withdraw288,withdraw,train,DAPP::DAppSCAN-source/contracts/QuillAudits-1inch-Limit Order Protocol/limit-order-protocol-a14bde6a260458de5083cee117d734221e1cbc05::LimitOrderProtocol,i:fillOrderTo,fillOrderTo,safeTransfer,payouts16,6ef070efe73a58eeb164d7ba87f7a6a7300ce7a2357f188f8b2bc4092260a0f8,1
SYNTH_REENTRANCY::00289::SyntheticReentrancy00289,SyntheticReentrancy00289,i:claimReward289,claimReward,val,DAPP::DAppSCAN-source/contracts/QuillAudits-Yearn Finance-Yearn Vaults V3/yearn-vaults-e390c2a6b2ba6e2ecc8f3a72a1ea4adfabd17544::yWETH,i:withdrawETH,withdrawETH,transfer,positions0,edffb182df28367e94edac33e546e4a46ca51787f6a9b318ea10d6f61ae66f4f,1
SYNTH_REENTRANCY::00290::SyntheticReentrancy00290,SyntheticReentrancy00290,i:refund290,refund,train,DAPP::DAppSCAN-source/contracts/PeckShield-BNPL/BNPL-0ee587a081668dcab166a3a275b8a6c4794ead4d::BankingNode,i:unstake,unstake,call,balances1,d5f2374dd199839dd10170d6a4ee0df69fb1e98f9b6936aaa61ba0f27e4c9794,1
SYNTH_REENTRANCY::00291::SyntheticReentrancy00291,SyntheticReentrancy00291,i:unstake291,unstake,train,FORGE::vfp_00032::CurveConvexLib,i:unstakeAndExitPool,unstakeAndExitPool,transfer,credits2,63c00b13f81d8b5bebe0efc1aedbbeb42584839e7068501d52c9fef627f20be5,1
SYNTH_REENTRANCY::00292::SyntheticReentrancy00292,SyntheticReentrancy00292,i:redeem292,redeem,train,FORGE::vfp_00045::PDPVerifier,i:nextProvingPeriod,nextProvingPeriod,send,pendingRewards3,37f561a1b369d206cf90d12b6235c5c0a481d3185c5aec5b2b3c60c6333d966a,1
SYNTH_REENTRANCY::00293::SyntheticReentrancy00293,SyntheticReentrancy00293,i:payout293,payout,train,FORGE::vfp_00234::mErc20Host,i:_verifyProof,_verifyProof,safeTransfer,withdrawalRequests4,7be8e3b7fcb9fdf54b1973ff19019fcd5fbcb8032fe0d84dc76a08fcfbaadb7f,1
SYNTH_REENTRANCY::00294::SyntheticReentrancy00294,SyntheticReentrancy00294,i:release294,release,train,DAPP::DAppSCAN-source/contracts/Coinbae-Pud.Fi Masterchef_Audit/MasterChef0x15Bee180BB39eE5c0166E63313C33984376930Db::MasterChef,i:emergencyWithdraw,emergencyWithdraw,transfer,shares5,83669375a4403eeffe7898a14861a98b6b9166caa030c16eb11659939b3e7b92,1
SYNTH_REENTRANCY::00295::SyntheticReentrancy00295,SyntheticReentrancy00295,i:exit295,exit,train,DAPP::DAppSCAN-source/contracts/PeckShield-Arche/Arche_v1.0_Eros-909f35e0064d636aaf61954a6026fda7b2bade7f::D_Swap,i:Impl_Delivery,Impl_Delivery,call,stakes6,58116d57bd62346f70c99a0dd2d244dd1a9a5ab2661696aa9f6b209732b2fe23,1
SYNTH_REENTRANCY::00296::SyntheticReentrancy00296,SyntheticReentrancy00296,i:claim296,claim,val,DAPP::DAppSCAN-source/contracts/QuillAudits-GearBox Protocol-GearBox Protocol/gearbox-contracts-0ac33ba87212ce056ac6b6357ad74161d417158a::UniswapV2Adapter,i:swapExactTokensForTokens,swapExactTokensForTokens,transfer,claims7,2d2ca2ab677c4486fd6ca673ffa6a89dd52241f336ea1ad699aa32ce4c86a02a,1
SYNTH_REENTRANCY::00297::SyntheticReentrancy00297,SyntheticReentrancy00297,i:settle297,settle,train,DAPP::DAppSCAN-source/contracts/consensys-PoolTogether_Pods/pods-v3-contracts-879dc8b911fc506dd6bead1f36eade919ccfea57::TokenDrop,i:claim,claim,send,escrowed8,2ab2852157470192b12a93d8f72638fc60c166d7a1989485489ffd4e065eaf6d,1
SYNTH_REENTRANCY::00298::SyntheticReentrancy00298,SyntheticReentrancy00298,i:collect298,collect,train,DAPP::DAppSCAN-source/contracts/QuillAudits-Algovest/AlgoVestStaking0x090e69e7F48AFC059e480F297042DEA396B971e7::AlgoVestStaking,i:AVSTokenDonation,AVSTokenDonation,safeTransfer,payouts9,7711680cfeaadff4fd2170e529a0126e99dd427f1165e58885e75be3d9dbc7ad,1
SYNTH_REENTRANCY::00299::SyntheticReentrancy00299,SyntheticReentrancy00299,i:harvest299,harvest,train,DAPP::DAppSCAN-source/contracts/PeckShield-DSG/core-6f607f77698936e132e4e9b5cb4d75580636d919::NftEarnErc20Pool,i:slotStake,slotStake,transfer,positions10,26288eb01ed3721ddb2e871f199cbc371cedd97a99ae4db6bdacb9907036299b,1
SYNTH_REENTRANCY::00300::SyntheticReentrancy00300,SyntheticReentrancy00300,i:withdraw300,withdraw,val,DAPP::DAppSCAN-source/contracts/SlowMist-Starcrazy Smart Contract Security Audit Report/starcrazy-contracts-e9e11d234ac065726e108a73dfcd5efbad26f2c5::Aliana,i:setGeneScienceAddress,setGeneScienceAddress,call,balances11,12e2561d82a1e0ba85a957b8c1a90810f8c7f67b0edc1f31c9a359f9ce91baa5,1
SYNTH_REENTRANCY::00301::SyntheticReentrancy00301,SyntheticReentrancy00301,i:claimReward301,claimReward,train,DAPP::DAppSCAN-source/contracts/Hacken-Ground Zero/code::IDO,i:claim,claim,transfer,credits12,ce048c88ac4a6e27e537f5ef8a84ed3ccaad99d60ad1ec448d97266a3e154975,1
SYNTH_REENTRANCY::00302::SyntheticReentrancy00302,SyntheticReentrancy00302,i:refund302,refund,train,FORGE::vfp_00189::Box,i:allocate,allocate,send,pendingRewards13,5163f951c19a47e36ca3e3fdcb26b5fee34a1b776acaaa8acc890c6d3697c5e1,1
SYNTH_REENTRANCY::00303::SyntheticReentrancy00303,SyntheticReentrancy00303,i:unstake303,unstake,train,FORGE::vfp_00116::L1Mailbox,i:getMsg,getMsg,safeTransfer,withdrawalRequests14,150cb4cadeb17f2b752bb82386a907ad7aa1c44933a74933b9ab891ea1bdef58,1
SYNTH_REENTRANCY::00304::SyntheticReentrancy00304,SyntheticReentrancy00304,i:redeem304,redeem,train,DAPP::DAppSCAN-source/contracts/consensys-PoolTogether_Pods/pods-v3-contracts-879dc8b911fc506dd6bead1f36eade919ccfea57::Pod,i:depositTo,depositTo,transfer,shares15,dce685063cdd6c50c3cebcdf2ae00e44ae60b9f6f32673cd08c5696ceaf8bfc2,1
SYNTH_REENTRANCY::00305::SyntheticReentrancy00305,SyntheticReentrancy00305,i:payout305,payout,test,FORGE::vfp_00058::LikwidMarginPosition,i:_margin,_margin,call,stakes16,4bbdbab924cf4400ec53cd7bfbf6719f1d053a41b4b21a9ba7bf982d31be6baa,1
SYNTH_REENTRANCY::00306::SyntheticReentrancy00306,SyntheticReentrancy00306,i:release306,release,train,DAPP::DAppSCAN-source/contracts/PeckShield-BNPL/BNPL-0ee587a081668dcab166a3a275b8a6c4794ead4d::BankingNode,i:collectFees,collectFees,transfer,claims0,bea10359a7697c21020d07cdf54cab80974889dd5bccaa7808239986b203a708,1
SYNTH_REENTRANCY::00307::SyntheticReentrancy00307,SyntheticReentrancy00307,i:exit307,exit,train,FORGE::vfp_00190::BoxAdapterCached,i:updateTotalAssets,updateTotalAssets,send,escrowed1,2e1f05be1e080d7a67ffe4015f522ec1bc16151e45ef0e710f8e662db5fd4c93,1
SYNTH_REENTRANCY::00308::SyntheticReentrancy00308,SyntheticReentrancy00308,i:claim308,claim,val,DAPP::DAppSCAN-source/contracts/QuillAudits-GearBox Protocol-GearBox Protocol/gearbox-contracts-0ac33ba87212ce056ac6b6357ad74161d417158a::WETHGateway,i:repayCreditAccountETH,repayCreditAccountETH,safeTransfer,payouts2,255c74e66b9430c5b5e4e1d278b68626aade599f346f163415b667e24dc13cfe,1
SYNTH_REENTRANCY::00309::SyntheticReentrancy00309,SyntheticReentrancy00309,i:settle309,settle,train,FORGE::vfp_00221::LimitOrderHook,i:_handleCancelCallback,_handleCancelCallback,transfer,positions3,d290b40f729f91f559ea1c67678a1e75d539e40bd774b42f6a677a76c8c5f17b,1
SYNTH_REENTRANCY::00310::SyntheticReentrancy00310,SyntheticReentrancy00310,i:collect310,collect,train,DAPP::DAppSCAN-source/contracts/PeckShield-COIN98/code::C98MSiG,i:vote,vote,call,balances4,9f2ec463a7f78208b79ff7fa6f2a86c2cf811e34570addf59b58d57614ec4fad,1
SYNTH_REENTRANCY::00311::SyntheticReentrancy00311,SyntheticReentrancy00311,i:harvest311,harvest,val,FORGE::vfp_00289::BasketToken,i:proRataRedeem,proRataRedeem,transfer,credits5,de25798f39a9a1fa31988e939d954fb80be5837a48fdf46c842206831f463032,1
SYNTH_REENTRANCY::00312::SyntheticReentrancy00312,SyntheticReentrancy00312,i:withdraw312,withdraw,train,DAPP::DAppSCAN-source/contracts/QuillAudits-Yearn Finance-Yearn Protocol V1/yearn-protocol-9ff0dc0ea73642c529383d0675930a41bf033295::yWETH,i:withdrawETH,withdrawETH,send,pendingRewards6,676338bcb9d7bac138ae553bb0570c1cfbb9e4bffc6c365ad8a32b47e521ae03,1
SYNTH_REENTRANCY::00313::SyntheticReentrancy00313,SyntheticReentrancy00313,i:claimReward313,claimReward,test,"DAPP::DAppSCAN-source/contracts/Coinfabrik-MintingFactoryV2, BaseUpgradableMarketplace & KODAV3UpgradableGatedMarketplace/known-origin-contracts-v3-d592c5f4fa4e0b6fc65a1fce43e302706aedf607::MintingFactoryV2",i:mintBatchEdition,mintBatchEdition,safeTransfer,withdrawalRequests7,cdf12c2f6b0154c68d0aa70a77bd07a3fa7296f0ece57d3480291111c86bcc4d,1
SYNTH_REENTRANCY::00314::SyntheticReentrancy00314,SyntheticReentrancy00314,i:refund314,refund,train,DAPP::DAppSCAN-source/contracts/Coinbae-Pud.Fi Masterchef_Audit/MasterChef0x15Bee180BB39eE5c0166E63313C33984376930Db::MasterChef,i:safePudTransfer,safePudTransfer,transfer,shares8,635aed4ded41f9dd01f629bab07fd5e6088a9ee861c2734bed794508e6e9e9e9,1
SYNTH_REENTRANCY::00315::SyntheticReentrancy00315,SyntheticReentrancy00315,i:unstake315,unstake,train,DAPP::DAppSCAN-source/contracts/Coinbae-TapCoins_Token_Contract/code::UpgradeableToken,i:setUpgradeAgent,setUpgradeAgent,call,stakes9,be55b3eec1c7254f8ea5e99686aae2a0c827e985543aa98ff2b04993412d98f5,1
SYNTH_REENTRANCY::00316::SyntheticReentrancy00316,SyntheticReentrancy00316,i:redeem316,redeem,train,DAPP::DAppSCAN-source/contracts/consensys-PoolTogether_Sushi_and_Yearn_V2_Yield_Sources/pooltogether-yearnv2-yield-source-a34857f1555908a6263d2ebd189f0cb40e1858da::YearnV2YieldSource,i:supplyTokenTo,supplyTokenTo,transfer,claims10,4ab0907d7018903728529e5a9dc938a9c0bbd9604cc813fce37d7d81f4b10893,1
SYNTH_REENTRANCY::00317::SyntheticReentrancy00317,SyntheticReentrancy00317,i:payout317,payout,train,FORGE::vfp_00189::Box,i:reallocate,reallocate,send,escrowed11,449ec972491bca0b2152e641bf965005b3ff3c6ef4680853baf6cc3c81e42e19,1
SYNTH_REENTRANCY::00318::SyntheticReentrancy00318,SyntheticReentrancy00318,i:release318,release,train,DAPP::DAppSCAN-source/contracts/openzeppelin-Endaoment/endaoment-contracts-f60aa253d3d869ad6460877f23e6092acb313add::Fund,i:finalizeGrant,finalizeGrant,safeTransfer,payouts12,7ec6136fc37a964fbba79cd1f96d161eb092d849532afa855663835c9b35d679,1
SYNTH_REENTRANCY::00319::SyntheticReentrancy00319,SyntheticReentrancy00319,i:exit319,exit,train,DAPP::DAppSCAN-source/contracts/PeckShield-KaoyaSwap/contracts-8273073f1d6914f372790399378f177573c52e37::MasterChef,i:deposit,deposit,transfer,positions13,25cb51a3b2ce2ad41b0a813f753cb4fde164d4debdcb5ab3f391df347a20e77c,1
SYNTH_REENTRANCY::00320::SyntheticReentrancy00320,SyntheticReentrancy00320,i:claim320,claim,train,DAPP::DAppSCAN-source/contracts/QuillAudits-BCUBE Smart Contract/b-cube-ico-13f9f8a991a65f3e0ca60a2078121fdd5a921fb0::BCubePublicSale,i:buyBcubeUsingUSDT,buyBcubeUsingUSDT,call,balances14,c585960eed612a88a5bf3a6e06f21caeb406b4a45cdc95d0115f057842650b7c,1
SYNTH_REENTRANCY::00321::SyntheticReentrancy00321,SyntheticReentrancy00321,i:settle321,settle,test,FORGE::vfp_00288::DelegationMetaSwapAdapter,i:swapTokens,swapTokens,transfer,credits15,c05751f5cb1e509620ec4882efb1d280de42b135097a5bd57ebf8d92fbf8e2e0,1
SYNTH_REENTRANCY::00322::SyntheticReentrancy00322,SyntheticReentrancy00322,i:collect322,collect,test,FORGE::vfp_00260::Router_Adapter,i:relayMessage,relayMessage,send,pendingRewards16,3522a5e813849935523902157f478ff0fb03f7326915c9a2fb95f4e9b4e438b3,1
SYNTH_REENTRANCY::00323::SyntheticReentrancy00323,SyntheticReentrancy00323,i:harvest323,harvest,train,FORGE::vfp_00189::Box,i:flash,flash,safeTransfer,withdrawalRequests0,d18700febd67b2f99f91d364eeeefbf8a379cfdd6bd924698bab866d0cbfa662,1
SYNTH_REENTRANCY::00324::SyntheticReentrancy00324,SyntheticReentrancy00324,i:withdraw324,withdraw,val,DAPP::DAppSCAN-source/contracts/QuillAudits-GearBox Protocol-GearBox Protocol/gearbox-contracts-0ac33ba87212ce056ac6b6357ad74161d417158a::YearnAdapter,i:_deposit,_deposit,transfer,shares1,83ffa2e325be607c24eaef03f4c5dd4e88c2dce3849502a849b074dfd121c069,1
SYNTH_REENTRANCY::00325::SyntheticReentrancy00325,SyntheticReentrancy00325,i:claimReward325,claimReward,test,DAPP::DAppSCAN-source/contracts/ImmuneBytes-Bird Money-Final Audit Report/bird-farm-contracts-dfd2502b73c8f54c9081682c3eb070fcd3c00629::MasterChef,i:withdraw,withdraw,call,stakes2,6f9515f8f54908683e59212cdc7d8ae7179e16b54d26aedc44d0c8c496ef52d4,1
SYNTH_REENTRANCY::00326::SyntheticReentrancy00326,SyntheticReentrancy00326,i:refund326,refund,train,DAPP::DAppSCAN-source/contracts/consensys-Gamma/hypervisor-41fd4abf79864478523e87924d4e80d80df04879::Hypervisor,i:withdraw,withdraw,transfer,claims3,6f748a50e4f226493e471e285273b6eb4241dede45b201b6de063c65aac6e5b4,1
SYNTH_REENTRANCY::00327::SyntheticReentrancy00327,SyntheticReentrancy00327,i:unstake327,unstake,val,DAPP::DAppSCAN-source/contracts/QuillAudits-GearBox Protocol-GearBox Protocol/gearbox-contracts-0ac33ba87212ce056ac6b6357ad74161d417158a::CurveV1Adapter,i:exchange,exchange,send,escrowed4,828c8c9fd3320df3c9a6ceb2b77a689fe15c2a45bfca329a48f322bd44e4f2b9,1
SYNTH_REENTRANCY::00328::SyntheticReentrancy00328,SyntheticReentrancy00328,i:redeem328,redeem,train,DAPP::DAppSCAN-source/contracts/Coinbae-Pud.Fi Masterchef_Audit/MasterChef0x15Bee180BB39eE5c0166E63313C33984376930Db::MasterChef,i:balance,balance,safeTransfer,payouts5,3ffce2587bb0f4d7c30805b7867c89e9c34ce28eeb33a0cf95ef38c44a83d837,1
SYNTH_REENTRANCY::00329::SyntheticReentrancy00329,SyntheticReentrancy00329,i:payout329,payout,test,FORGE::vfp_00058::LikwidMarginPosition,i:modify,modify,transfer,positions6,e2d7e221de4fd798e4adedce0a43cd85f1dadc97281fb09b40385132a8806383,1
SYNTH_REENTRANCY::00330::SyntheticReentrancy00330,SyntheticReentrancy00330,i:release330,release,train,DAPP::DAppSCAN-source/contracts/PeckShield-BabySwap/code::HoldStake,i:addPool,addPool,call,balances7,b876d657972ed6b14391d0eb144f89465c363574af2f219ea45a8258a3a696a5,1
SYNTH_REENTRANCY::00331::SyntheticReentrancy00331,SyntheticReentrancy00331,i:exit331,exit,train,DAPP::DAppSCAN-source/contracts/PeckShield-Holdefi/Holdefi-5a1e6e0d582120142e8a531f6806eba6665ef2f4::Holdefi,i:repayBorrowInternal,repayBorrowInternal,transfer,credits8,8307f3a9d3c15e38ef4578748e8ba8a17dc28db817ed73ae96c2779f3c7ebd13,1
SYNTH_REENTRANCY::00332::SyntheticReentrancy00332,SyntheticReentrancy00332,i:claim332,claim,val,DAPP::DAppSCAN-source/contracts/Trail_of_Bits-OriginDollar/origin-dollar-81431fd3b2aa4c518ffc389844f9708c00b516f0::VaultCore,i:rebase,rebase,send,pendingRewards9,1611cd92075526e580821c92174540866b1dfe8fc15e1839e1a82c12f13fe914,1
SYNTH_REENTRANCY::00333::SyntheticReentrancy00333,SyntheticReentrancy00333,i:settle333,settle,test,DAPP::DAppSCAN-source/contracts/PeckShield-DarkCrypto/darkcrypto-contracts-fee5be8d36459aebed2b84e6493875b3dc0366fd::SkyRewardPool,i:withdraw,withdraw,safeTransfer,withdrawalRequests10,46ea7cc289f8570d4fcb9e383b7833e1d3a9d0414e3c96ea939e907543dd654e,1
SYNTH_REENTRANCY::00334::SyntheticReentrancy00334,SyntheticReentrancy00334,i:collect334,collect,train,DAPP::DAppSCAN-source/contracts/Hacken-Ground Zero/code::IDO,i:claimTheInvestments,claimTheInvestments,transfer,shares11,2c942095cf46fb96ca7e2717252720504c84598a6f75a608df69f0ae7eab47dc,1
SYNTH_REENTRANCY::00335::SyntheticReentrancy00335,SyntheticReentrancy00335,i:harvest335,harvest,val,DAPP::DAppSCAN-source/contracts/Runtime_Vеrification-ElementFinance/elf-contracts-637c6f959315cbb11a164555e588520c7d89122b::YVaultAssetProxy,i:reserveDeposit,reserveDeposit,call,stakes12,ccde40de0498068303724ad0ae3459b5004719189e364ccb76a741c95c71c646,1
SYNTH_REENTRANCY::00336::SyntheticReentrancy00336,SyntheticReentrancy00336,i:withdraw336,withdraw,test,DAPP::DAppSCAN-source/contracts/ImmuneBytes-Bird Money(MasterChef)-Audit Report/bird-farm-contracts-dfd2502b73c8f54c9081682c3eb070fcd3c00629::MasterChef,i:deposit,deposit,transfer,claims13,4fd0609a4a028f5aafaff8bc79e42c356bd96e4105dcdcb797ba6e7b82d91e03,1
SYNTH_REENTRANCY::00337::SyntheticReentrancy00337,SyntheticReentrancy00337,i:claimReward337,claimReward,train,DAPP::DAppSCAN-source/contracts/PeckShield-MilkySwap/milkyswap-59f163e9959cf8bae4a521a9648219b553312e07::MasterMilker,i:emergencyWithdraw,emergencyWithdraw,send,escrowed14,cb9081e9c86f3b4e38e759f361d004a99fe36dedc77478fe0197b97736e4eefb,1
SYNTH_REENTRANCY::00338::SyntheticReentrancy00338,SyntheticReentrancy00338,i:refund338,refund,train,DAPP::DAppSCAN-source/contracts/Coinbae-Pud.Fi Masterchef_Audit/MasterChef0x15Bee180BB39eE5c0166E63313C33984376930Db::MasterChef,i:setPoolStrategy,setPoolStrategy,safeTransfer,payouts15,2ae708a9f26dc144f8cbda12fab18f9e1a238c081e708dc4d1178206d600c047,1
SYNTH_REENTRANCY::00339::SyntheticReentrancy00339,SyntheticReentrancy00339,i:unstake339,unstake,train,DAPP::DAppSCAN-source/contracts/Runtime_Vеrification-Element_Finance_Governance_Security_Audit_Report/council-3d751c959b42573c78ccd0bccbc80424bf6d9a90::CoreVoting,i:execute,execute,transfer,positions16,cfa9297ea36328b3d1c2e28ead51b3f236047e4fe64e2cc9fd32d0586e93a708,1
SYNTH_REENTRANCY::00340::SyntheticReentrancy00340,SyntheticReentrancy00340,i:redeem340,redeem,val,DAPP::DAppSCAN-source/contracts/QuillAudits-GearBox Protocol-GearBox Protocol/gearbox-contracts-0ac33ba87212ce056ac6b6357ad74161d417158a::WETHGateway,i:addLiquidityETH,addLiquidityETH,call,balances0,50ef4d34d441fcb14aa00d2da3b83b1c0f3e57e726eeb549ab0c6a44dd391fc6,1
SYNTH_REENTRANCY::00341::SyntheticReentrancy00341,SyntheticReentrancy00341,i:payout341,payout,train,DAPP::DAppSCAN-source/contracts/PeckShield-Atlantis/atlantis-protocol-bsc-766acebba9316eced1c15abf6158b31f470a947f::AToken,i:borrowFresh,borrowFresh,transfer,credits1,e5ea797072e1fd69764fb24dbf0a5893d391ee44decfb1ccb3b341cbb0253108,1
SYNTH_REENTRANCY::00342::SyntheticReentrancy00342,SyntheticReentrancy00342,i:release342,release,train,FORGE::vfp_00088::EnjoyoorsVaultWithdrawals,i:_claimWithdrawal,_claimWithdrawal,send,pendingRewards2,02b28fc8869238cffe90b810a001c824bc0c3b967f95d815fc5ec83422a9a569,1
SYNTH_REENTRANCY::00343::SyntheticReentrancy00343,SyntheticReentrancy00343,i:exit343,exit,test,FORGE::vfp_00126::SpokePool,i:_setOftMessenger,_setOftMessenger,safeTransfer,withdrawalRequests3,4bbd222a719258e5742df96c6737f9320ce75dc0defa1c5bfdbccec57d01e752,1
SYNTH_REENTRANCY::00344::SyntheticReentrancy00344,SyntheticReentrancy00344,i:claim344,claim,train,DAPP::DAppSCAN-source/contracts/QuillAudits-Yearn Finance-Yearn Protocol V1/yearn-protocol-9ff0dc0ea73642c529383d0675930a41bf033295::yDelegatedVault,i:claimInsurance,claimInsurance,transfer,shares4,20c43d87fc6342d300811cc7b951e98dd7701218f4b59cf4814a0c3f50a80cf1,1
SYNTH_REENTRANCY::00345::SyntheticReentrancy00345,SyntheticReentrancy00345,i:settle345,settle,train,DAPP::DAppSCAN-source/contracts/PeckShield-SushiSwap/sushiswap-180bc9b642bba79c1ee4a63f71a3a0d36e64aa63::MasterChef,i:withdraw,withdraw,call,stakes5,93ae8176856cdac1cd81829b1d77245cd12ead4039a94724093a0468cba68189,1
SYNTH_REENTRANCY::00346::SyntheticReentrancy00346,SyntheticReentrancy00346,i:collect346,collect,train,FORGE::vfp_00221::LimitOrderHook,i:_handlePlaceCallback,_handlePlaceCallback,transfer,claims6,dcd372375d190e7b1184fed15589003044df80386dfe9b37c40fc7e7530a5b39,1
SYNTH_REENTRANCY::00347::SyntheticReentrancy00347,SyntheticReentrancy00347,i:harvest347,harvest,train,DAPP::DAppSCAN-source/contracts/QuillAudits-Keep3r.Network-Keep3r.Network/StakingRewardsV3-13ecc6966ae1a413f62224382bfd4d64b1a22351::StakingRewardsV3,i:deposit,deposit,send,escrowed7,8df0d494ddd4fa5ae09504a74e18f393d3bea8206760b668ada6b258eb6cd1e5,1
SYNTH_REENTRANCY::00348::SyntheticReentrancy00348,SyntheticReentrancy00348,i:withdraw348,withdraw,val,DAPP::DAppSCAN-source/contracts/Trail_of_Bits-OriginDollar/origin-dollar-81431fd3b2aa4c518ffc389844f9708c00b516f0::VaultCore,i:_allocate,_allocate,safeTransfer,payouts8,be77beb9d8ed81139f540f9ed67aed88f1093653eb144ee6419778595d197969,1
SYNTH_REENTRANCY::00349::SyntheticReentrancy00349,SyntheticReentrancy00349,i:claimReward349,claimReward,train,DAPP::DAppSCAN-source/contracts/Coinbae-Pud.Fi Masterchef_Audit/MasterChef0x15Bee180BB39eE5c0166E63313C33984376930Db::MasterChef,i:withdraw,withdraw,transfer,positions9,b99a55058829f702ce3647312a8ab91bb9a403c1df5d31ef746cfdacc280d951,1
SYNTH_REENTRANCY::00350::SyntheticReentrancy00350,SyntheticReentrancy00350,i:refund350,refund,train,DAPP::DAppSCAN-source/contracts/Coinbae-Pud.Fi Masterchef_Audit/MasterChef0x15Bee180BB39eE5c0166E63313C33984376930Db::MasterChef,i:add,add,call,balances10,bb3327f736ea43187bbbd047e01c46b110dbd3a343a46b31b165a1249b804ca0,1
SYNTH_REENTRANCY::00351::SyntheticReentrancy00351,SyntheticReentrancy00351,i:unstake351,unstake,train,DAPP::DAppSCAN-source/contracts/PeckShield-DSG/core-6f607f77698936e132e4e9b5cb4d75580636d919::SinglePool,i:emergencyWithdraw,emergencyWithdraw,transfer,credits11,9539121974b064834ea8143de91cc1d2438bcd296f101a051ea893ab27a6a79b,1
SYNTH_REENTRANCY::00352::SyntheticReentrancy00352,SyntheticReentrancy00352,i:redeem352,redeem,test,DAPP::DAppSCAN-source/contracts/BlockSec-blocksec_impossible_finance_swap_v1.2/impossible-swap-core-29aaef89f996acdbee92b67c4d95fb608dc8b876::ImpossibleWrappedToken,i:deposit,deposit,send,pendingRewards12,2be325e590ebac9f24ebee4f499a7c883a2872c0d81b68e700593e68ef320e22,1
SYNTH_REENTRANCY::00353::SyntheticReentrancy00353,SyntheticReentrancy00353,i:payout353,payout,train,DAPP::DAppSCAN-source/contracts/consensys-Connext NXTP — Noncustodial Xchain Transfer Protocol/nxtp-0656436d654cfe0313fa3c2bbc81aa86232ade16::TransactionManager,i:removeLiquidity,removeLiquidity,safeTransfer,withdrawalRequests13,f3e65b49c203ddea13c9c1c50621ef7ecbefc1898ef510961ee7f568a79acadb,1
SYNTH_REENTRANCY::00354::SyntheticReentrancy00354,SyntheticReentrancy00354,i:release354,release,train,DAPP::DAppSCAN-source/contracts/PeckShield-DSG/core-6f607f77698936e132e4e9b5cb4d75580636d919::GovernorV1,i:propose,propose,transfer,shares14,13f8e2bc685a0f2ce298fdd0245e094943c36673767d865ffb7280a02bb3aed2,1
SYNTH_REENTRANCY::00355::SyntheticReentrancy00355,SyntheticReentrancy00355,i:exit355,exit,train,DAPP::DAppSCAN-source/contracts/QuillAudits-Yearn Finance-Yearn Protocol V1/yearn-protocol-9ff0dc0ea73642c529383d0675930a41bf033295::yWETH,i:depositETH,depositETH,call,stakes15,37442675eac1ff78d94ca9f7eb4b24f8aafa60de8229a0b613b288ff73fbd546,1
SYNTH_REENTRANCY::00356::SyntheticReentrancy00356,SyntheticReentrancy00356,i:claim356,claim,train,DAPP::DAppSCAN-source/contracts/PeckShield-ShibaNova/Contracts-b6b1ce1fcaff83d360df8944309f49958842b7b8::MasterShiba,i:withdraw,withdraw,transfer,claims16,599e69013743b4f4c0433f20cd97362b88aca674db1b374e9a453672859aa753,1
SYNTH_REENTRANCY::00357::SyntheticReentrancy00357,SyntheticReentrancy00357,i:settle357,settle,train,FORGE::vfp_00221::LimitOrderHook,i:cancelOrder,cancelOrder,send,escrowed0,f3e47e96b64d88e24f51e9e75f02a298bfa8738a3e7d6ec5f6198875266e595d,1
SYNTH_REENTRANCY::00358::SyntheticReentrancy00358,SyntheticReentrancy00358,i:collect358,collect,train,DAPP::DAppSCAN-source/contracts/PeckShield-PikaPerpV2/PikaPerpV2-4a0965ff90ed099b7e2d3e8dda47cd589ee8e3a2::PikaPerpV2,i:closePositionWithId,closePositionWithId,safeTransfer,payouts1,b8188b382cb2f1b8993051f5fba308f89f0d44facebc115277a9c44fb44f3218,1
SYNTH_REENTRANCY::00359::SyntheticReentrancy00359,SyntheticReentrancy00359,i:harvest359,harvest,val,DAPP::DAppSCAN-source/contracts/QuillAudits-GearBox Protocol-GearBox Protocol/gearbox-contracts-0ac33ba87212ce056ac6b6357ad74161d417158a::UniswapV3Adapter,i:exactInputSingle,exactInputSingle,transfer,positions2,650e5f64bcd79cc635c62be55623e463825bc84778c20eb795bf9bafda2440fa,1
SYNTH_REENTRANCY::00360::SyntheticReentrancy00360,SyntheticReentrancy00360,i:withdraw360,withdraw,val,DAPP::DAppSCAN-source/contracts/QuillAudits-GearBox Protocol-GearBox Protocol/gearbox-contracts-0ac33ba87212ce056ac6b6357ad74161d417158a::PoolService,i:lendCreditAccount,lendCreditAccount,call,balances3,82d243fc6b6133504ba30399c198dd95f4f4f0a75cc456a416915cc4d543ae59,1
SYNTH_REENTRANCY::00361::SyntheticReentrancy00361,SyntheticReentrancy00361,i:claimReward361,claimReward,val,DAPP::DAppSCAN-source/contracts/SlowMist-Starcrazy Smart Contract Security Audit Report/starcrazy-contracts-e9e11d234ac065726e108a73dfcd5efbad26f2c5::ClockAuctionBase,i:setGeneScienceAddress,setGeneScienceAddress,transfer,credits4,d3c759beaf9a301ebf53060757476841b64532d58f3a6e7d7efdfcea976e3572,1
SYNTH_REENTRANCY::00362::SyntheticReentrancy00362,SyntheticReentrancy00362,i:refund362,refund,val,DAPP::DAppSCAN-source/contracts/QuillAudits-GearBox Protocol-GearBox Protocol/gearbox-contracts-0ac33ba87212ce056ac6b6357ad74161d417158a::UniswapV2Adapter,i:swapTokensForExactTokens,swapTokensForExactTokens,send,pendingRewards5,745b938b3804cda7033732d3c16c098a4393638579ff3024f874b16d45520397,1
SYNTH_REENTRANCY::00363::SyntheticReentrancy00363,SyntheticReentrancy00363,i:unstake363,unstake,val,DAPP::DAppSCAN-source/contracts/PeckShield-TranchessV1.1/contract-core-68a86350313c1cb9e5467e791d3e9efaf228a0df::StakingV2,i:deposit,deposit,safeTransfer,withdrawalRequests6,1e98e5bb494ced8a607f941dae15fa43eac7e07791f4aa8d88f7b23513751715,1
SYNTH_REENTRANCY::00364::SyntheticReentrancy00364,SyntheticReentrancy00364,i:redeem364,redeem,train,FORGE::vfp_00224::OidcRecoveryValidator,i:startRecovery,startRecovery,transfer,shares7,6d677cbdabf5db799102360ece456b57841a06abc92d3865d861588b274f736c,1
SYNTH_REENTRANCY::00365::SyntheticReentrancy00365,SyntheticReentrancy00365,i:payout365,payout,train,DAPP::DAppSCAN-source/contracts/QuillAudits-1inch-Fixed Rate Swap/fixed-rate-swap-0b5a75e9f56e7d21c290dd28c59dc140dcbcc1d5::FixedRateSwap,i:depositFor,depositFor,call,stakes8,a97dd37565a40ed68743657a62a010c9794cc61980aaeee029751170b35a5138,1
SYNTH_REENTRANCY::00366::SyntheticReentrancy00366,SyntheticReentrancy00366,i:release366,release,train,DAPP::DAppSCAN-source/contracts/PeckShield-Holdefi/Holdefi-5a1e6e0d582120142e8a531f6806eba6665ef2f4::HoldefiSettings,i:setHoldefiContract,setHoldefiContract,transfer,claims9,01758cf1607ba6defd512ba5f86d8e080e9603ef08a989a4cff91e71b4f91b84,1
SYNTH_REENTRANCY::00367::SyntheticReentrancy00367,SyntheticReentrancy00367,i:exit367,exit,train,DAPP::DAppSCAN-source/contracts/Chainsecurity-Compound  cToken unredacted/compound-protocol-4a54ec5c55b66ea67d44b76f3056f0ed7229db8c::Comptroller,i:liquidateBorrowAllowed,liquidateBorrowAllowed,send,escrowed10,a4760f2ab4af1eb151409e5cb3f989d261f5c3a3f838dede64cbb65782c888a5,1
SYNTH_REENTRANCY::00368::SyntheticReentrancy00368,SyntheticReentrancy00368,i:claim368,claim,train,DAPP::DAppSCAN-source/contracts/openzeppelin-Optimism/contracts-18e128343731b9bde23812ce932e24d81440b6b7::OVM_StateTransitioner,i:applyTransaction,applyTransaction,safeTransfer,payouts11,d4b8e414459964978bc890b5b0997a385469b9cc4b573558b3bc3f67c41159fe,1
SYNTH_REENTRANCY::00369::SyntheticReentrancy00369,SyntheticReentrancy00369,i:settle369,settle,val,DAPP::DAppSCAN-source/contracts/QuillAudits-GearBox Protocol-GearBox Protocol/gearbox-contracts-0ac33ba87212ce056ac6b6357ad74161d417158a::YearnAdapter,i:withdraw,withdraw,transfer,positions12,df780123d50db3c3911eed6ba6b9dc45ac326e86fc09849551bc21a3e8a24771,1
SYNTH_REENTRANCY::00370::SyntheticReentrancy00370,SyntheticReentrancy00370,i:collect370,collect,train,DAPP::DAppSCAN-source/contracts/QuillAudits-Abyss Finance-Abyss Eth2 Depositor/abyss-eth2depositor-a2d58dea4d79846dc682fe93ac3e0eca02323d11::AbyssEth2Depositor,i:deposit,deposit,call,balances13,bcdacceab4bcc7d2eb9402e49f1173b7cb285a6c3a2ede03ee9d4b29842484b3,1
SYNTH_REENTRANCY::00371::SyntheticReentrancy00371,SyntheticReentrancy00371,i:harvest371,harvest,train,DAPP::DAppSCAN-source/contracts/Coinbae-Pud.Fi Masterchef_Audit/MasterChef0x15Bee180BB39eE5c0166E63313C33984376930Db::MasterChef,i:deposit,deposit,transfer,credits14,1780d9d2032a7c6b32efcf377641533cfea8c00b878b72ddd983fa3eca0edb2d,1
SYNTH_REENTRANCY::00372::SyntheticReentrancy00372,SyntheticReentrancy00372,i:withdraw372,withdraw,val,DAPP::DAppSCAN-source/contracts/SlowMist-Starcrazy Smart Contract Security Audit Report/starcrazy-contracts-e9e11d234ac065726e108a73dfcd5efbad26f2c5::AlianaSale,i:withdrawOwnerCutSale,withdrawOwnerCutSale,send,pendingRewards15,74db87d37355700fcd555f45b5a1e62d0268b4464af0e158457ca15096262f9c,1
SYNTH_REENTRANCY::00373::SyntheticReentrancy00373,SyntheticReentrancy00373,i:claimReward373,claimReward,val,FORGE::vfp_00001::AgentImageService,i:fulfillImage,fulfillImage,safeTransfer,withdrawalRequests16,2620c874992d3ab91a050c479417eb44a5ec5afbca5b91ead09655f04e8c3e66,1
SYNTH_REENTRANCY::00374::SyntheticReentrancy00374,SyntheticReentrancy00374,i:refund374,refund,test,FORGE::vfp_00058::LikwidMarginPosition,i:_executeAddLeverage,_executeAddLeverage,transfer,shares0,2d80746d916baf8fd6be4da7cda649d9386c3b3efc21321d479cf1c61be8dfdd,1
SYNTH_REENTRANCY::00375::SyntheticReentrancy00375,SyntheticReentrancy00375,i:unstake375,unstake,train,DAPP::DAppSCAN-source/contracts/Chainsecurity-Compound  cToken unredacted/compound-protocol-4a54ec5c55b66ea67d44b76f3056f0ed7229db8c::CToken,i:_setComptroller,_setComptroller,call,stakes1,ad90729c50755872f88211c4204cdf05dbb98c5ee6360ad67b4f8f09e0b290c4,1
SYNTH_REENTRANCY::00376::SyntheticReentrancy00376,SyntheticReentrancy00376,i:redeem376,redeem,val,DAPP::DAppSCAN-source/contracts/Trail_of_Bits-OriginDollar/origin-dollar-81431fd3b2aa4c518ffc389844f9708c00b516f0::VaultCore,i:_redeem,_redeem,transfer,claims2,57f356c42327efc2e42431f6cd4de1cfcbcfcc95536e870bfc2d34f01f3499b3,1
SYNTH_REENTRANCY::00377::SyntheticReentrancy00377,SyntheticReentrancy00377,i:payout377,payout,val,DAPP::DAppSCAN-source/contracts/QuillAudits-GearBox Protocol-GearBox Protocol/gearbox-contracts-0ac33ba87212ce056ac6b6357ad74161d417158a::AccountFactory,i:returnCreditAccount,returnCreditAccount,send,escrowed3,72bdd625b843f56c293f6921774f91e74100e625d1066a6dfadab5bab3d1dcee,1
SYNTH_REENTRANCY::00378::SyntheticReentrancy00378,SyntheticReentrancy00378,i:release378,release,train,FORGE::vfp_00102::StopLimit,i:performUpkeep,performUpkeep,safeTransfer,payouts4,2cc4de980227235af00cdc69db9f465321e6774dad52e577ccee97555f119d19,1
SYNTH_REENTRANCY::00379::SyntheticReentrancy00379,SyntheticReentrancy00379,i:exit379,exit,train,FORGE::vfp_00007::Folio,i:getRebalance,getRebalance,transfer,positions5,13bd6e7e36d6d714a8308c00ca560048a6285b186392cca4c6454c95978c14e6,1
SYNTH_REENTRANCY::00380::SyntheticReentrancy00380,SyntheticReentrancy00380,i:claim380,claim,train,DAPP::DAppSCAN-source/contracts/BlockSec-blocksec_multichain_vemult_v1.0_signed/veMULTI-bac804399d1ea280e5bd8cdc9488b6fa6a0a7fcc::ve,i:withdraw,withdraw,call,balances6,4c5d161fdcf429a1cdc50b1fe3610d46da0b6c428ae229f15815a4cf98b458af,1
SYNTH_REENTRANCY::00381::SyntheticReentrancy00381,SyntheticReentrancy00381,i:settle381,settle,val,DAPP::DAppSCAN-source/contracts/QuillAudits-GearBox Protocol-GearBox Protocol/gearbox-contracts-0ac33ba87212ce056ac6b6357ad74161d417158a::WETHGateway,i:openCreditAccountETH,openCreditAccountETH,transfer,credits7,8831ceac2b4c861aebaa3a75ece8811e35e6777064fd422bd83e825040f4d0b2,1
SYNTH_REENTRANCY::00382::SyntheticReentrancy00382,SyntheticReentrancy00382,i:collect382,collect,val,DAPP::DAppSCAN-source/contracts/QuillAudits-GearBox Protocol-GearBox Protocol/gearbox-contracts-0ac33ba87212ce056ac6b6357ad74161d417158a::UniswapV3Adapter,i:exactOutput,exactOutput,send,pendingRewards8,c93ee87551130fbfe8b65c8ebb622a4bd6df383aab042861b81a5f6e8039c92f,1
SYNTH_REENTRANCY::00383::SyntheticReentrancy00383,SyntheticReentrancy00383,i:harvest383,harvest,val,DAPP::DAppSCAN-source/contracts/SlowMist-Starcrazy Smart Contract Security Audit Report/starcrazy-contracts-e9e11d234ac065726e108a73dfcd5efbad26f2c5::AlianaBase,i:setGeneScienceAddress,setGeneScienceAddress,safeTransfer,withdrawalRequests9,37feb078886f17a2ebdd9621aa30c9b4650f54ff061dae2b9e4a4a625599d831,1
SYNTH_REENTRANCY::00384::SyntheticReentrancy00384,SyntheticReentrancy00384,i:withdraw384,withdraw,val,DAPP::DAppSCAN-source/contracts/SlowMist-Starcrazy Smart Contract Security Audit Report/starcrazy-contracts-e9e11d234ac065726e108a73dfcd5efbad26f2c5::AlianaOwnership,i:setGeneScienceAddress,setGeneScienceAddress,transfer,shares10,8dfd4e7dcc2e790ad77749e73a30e7a9ab1472af312032c2fc54649882dac0ad,1
SYNTH_REENTRANCY::00385::SyntheticReentrancy00385,SyntheticReentrancy00385,i:claimReward385,claimReward,test,DAPP::DAppSCAN-source/contracts/Hacken-Powerbomb-V1/powerbomb-lite-0f86ff1eecdd723be733a9b33ff4ffa3bbdadcee::PowerBombAvaxCurve,i:claimReward,claimReward,call,stakes11,c5faeca2143f0fc19854611036c527e07796eb774a34e65b87e5c93196899f79,1
SYNTH_REENTRANCY::00386::SyntheticReentrancy00386,SyntheticReentrancy00386,i:refund386,refund,train,DAPP::DAppSCAN-source/contracts/QuillAudits-Alium Finance Smart Contract/alium-farm-e37d6af39af68049c2684085f025385407b4bd55::MasterChef,i:emergencyWithdraw,emergencyWithdraw,transfer,claims12,2948b841fe7028c5ae8583e05b7b2e9e80424a6f74f8d312a33f767b955d1456,1
SYNTH_REENTRANCY::00387::SyntheticReentrancy00387,SyntheticReentrancy00387,i:unstake387,unstake,train,DAPP::DAppSCAN-source/contracts/openzeppelin-Solo_Margin_Protocol/solo-17df84db351d5438e1b7437572722b4f52c8b2b4::AdminImpl,i:_setPriceOracle,_setPriceOracle,send,escrowed13,536fe3264fa4765944692d4de4380667943e86b3aac0f6bb5d33d40a018ae33a,1
SYNTH_REENTRANCY::00388::SyntheticReentrancy00388,SyntheticReentrancy00388,i:redeem388,redeem,train,FORGE::vfp_00215::ScrollChainValidium,i:registerNewEncryptionKey,registerNewEncryptionKey,safeTransfer,payouts14,c1b5d669239e0a7e85980d719289c56b4b3682975cc00e4446067141527e9c58,1
SYNTH_REENTRANCY::00389::SyntheticReentrancy00389,SyntheticReentrancy00389,i:payout389,payout,train,DAPP::DAppSCAN-source/contracts/Runtime_Vеrification-stakefish_ethereum_staking_audit_report/eth2-validation-services-contract-d91928f3a270f6115831fe3a21a69eb98bf57b26::StakefishERC721Wrapper,i:mintTo,mintTo,transfer,positions15,da85c8fd53482f4187f3d8191c72ec3f13a937ca7c4969f85b0247f1e7b11f26,1
SYNTH_REENTRANCY::00390::SyntheticReentrancy00390,SyntheticReentrancy00390,i:release390,release,val,DAPP::DAppSCAN-source/contracts/PeckShield-Tranchessv1.0/contract-core-5ac3d997da3ef37b0135565a11c5ebcc519862aa::LiquidityStaking,i:deposit,deposit,call,balances16,d85d182cff1d2b0594752edbf97aada5679896e4ce7e0e30ab0cfe96279efa70,1
SYNTH_REENTRANCY::00391::SyntheticReentrancy00391,SyntheticReentrancy00391,i:exit391,exit,train,FORGE::vfp_00209::StakingManager,i:withdraw,withdraw,transfer,credits0,6e47c8246e3ae326777516a22f29578bd247c6fd25dbdc01ce220a27cdfc163d,1
SYNTH_REENTRANCY::00392::SyntheticReentrancy00392,SyntheticReentrancy00392,i:claim392,claim,train,DAPP::DAppSCAN-source/contracts/Trail_of_Bits-ampleforth/market-oracle-888fccaf05786f3f7f49e18ff040f911d44906f4::MarketOracle,i:getPriceAnd24HourVolume,getPriceAnd24HourVolume,send,pendingRewards1,2f4da90cf784a688add0f77a7a3f2af3122342d011e2adec044a873be6538ed5,1
SYNTH_REENTRANCY::00393::SyntheticReentrancy00393,SyntheticReentrancy00393,i:settle393,settle,train,DAPP::DAppSCAN-source/contracts/PeckShield-Rikkei/rifi-protocol-b33243fb3a218cc195f0727fe1499cb57f5ea0b2::RToken,i:borrowFresh,borrowFresh,safeTransfer,withdrawalRequests2,5d14742e8c91e466ddf4aae6215fe94081daae30cccf58f3a8812d28e28c5839,1
SYNTH_REENTRANCY::00394::SyntheticReentrancy00394,SyntheticReentrancy00394,i:collect394,collect,train,FORGE::vfp_00007::Folio,i:startRebalance,startRebalance,transfer,shares3,ba16cb9d2ce0bdfe803331b9e36373004cc70bcc38f4185d44fc18458d1f94e0,1
SYNTH_REENTRANCY::00395::SyntheticReentrancy00395,SyntheticReentrancy00395,i:harvest395,harvest,val,DAPP::DAppSCAN-source/contracts/Runtime_Vеrification-Tracer_Perpetual_Pools_V2/perpetual-pools-contracts-846bbf62652d7c83aee1cf3766275c4d08b00c8a::PoolFactory,i:deployPool,deployPool,call,stakes4,df55dff4281189f50629b674dfe724136ba32d6e047ebab36d848e808af69bcc,1
SYNTH_REENTRANCY::00396::SyntheticReentrancy00396,SyntheticReentrancy00396,i:withdraw396,withdraw,train,DAPP::DAppSCAN-source/contracts/Trail_of_Bits-FraxQ42021/frax-solidity-bd40775e283923aa9e32a107abd426430a99835e::veFXSYieldDistributorV4,i:notifyRewardAmount,notifyRewardAmount,transfer,claims5,7b3aaa85dcfd1fe1a357f083e51e5647a45e77f1a0e333271a19ec9ae6f1631d,1
SYNTH_REENTRANCY::00397::SyntheticReentrancy00397,SyntheticReentrancy00397,i:claimReward397,claimReward,train,FORGE::vfp_00007::Folio,i:mint,mint,send,escrowed6,b4b607171688eca95bcf0f108a3985c8333994b09eb5b64e724c1e596cadfdf0,1
SYNTH_REENTRANCY::00398::SyntheticReentrancy00398,SyntheticReentrancy00398,i:refund398,refund,test,DAPP::DAppSCAN-source/contracts/SlowMist-ForTube2.0 Smart Contract Security Audit Report/bond-854527d0ea7ad2ddd3504b4d4ae3fcb57cb6445d::PRA,i:lock,lock,safeTransfer,payouts7,a96adbe3d335f22bacb4db81ada2ffbf5606b17d590fbcb263dec479fc70cc20,1
SYNTH_REENTRANCY::00399::SyntheticReentrancy00399,SyntheticReentrancy00399,i:unstake399,unstake,train,FORGE::vfp_00007::Folio,i:distributeFees,distributeFees,transfer,positions8,710df841ce1028feaf15ba4035135db1d47f36db9a27cd2a7995f899d5b84fcb,1
SYNTH_REENTRANCY::00400::SyntheticReentrancy00400,SyntheticReentrancy00400,i:redeem400,redeem,train,DAPP::DAppSCAN-source/contracts/PeckShield-BabySwap/code::MasterChef,i:withdraw,withdraw,call,balances9,3d0a32bafb297e65eb41dc2eb929727e240f4be3fd1e92dd13c7b664d7d1cb5b,1
SYNTH_REENTRANCY::00401::SyntheticReentrancy00401,SyntheticReentrancy00401,i:payout401,payout,train,DAPP::DAppSCAN-source/contracts/QuillAudits-coalichain/CoaliSC-3f0920d650467279f7ceee08776bd74ecadd3237::Main,i:createBallot,createBallot,transfer,credits10,8ccef3b183235812a9443ccd5a66994ff5eb014ab3e5782b68e9156dd3aeec93,1
SYNTH_REENTRANCY::00402::SyntheticReentrancy00402,SyntheticReentrancy00402,i:release402,release,val,DAPP::DAppSCAN-source/contracts/Trail_of_Bits-OriginDollar/origin-dollar-81431fd3b2aa4c518ffc389844f9708c00b516f0::VaultCore,i:mintMultiple,mintMultiple,send,pendingRewards11,cbddb0a1381fb2214dfb1010a3c5562946eb8562b8f316092bb172290b8b0ed5,1
SYNTH_REENTRANCY::00403::SyntheticReentrancy00403,SyntheticReentrancy00403,i:exit403,exit,test,DAPP::DAppSCAN-source/contracts/PepperSec-Aira-Robonomic/robonomics_contracts-cc35a91de187072214d215262d8371f0159c2498::LighthouseLib,i:withdraw,withdraw,safeTransfer,withdrawalRequests12,8d903dd54574e2daaccc2ee5c1cfb35f7a421d318551ede014dff08872a9fe86,1
SYNTH_REENTRANCY::00404::SyntheticReentrancy00404,SyntheticReentrancy00404,i:claim404,claim,train,DAPP::DAppSCAN-source/contracts/PeckShield-Convex_Frax/frax-cvx-platform-2f8573ee796daa022c1050b4a749bf08049c439b::StakingProxyUniV3,i:lockAdditional,lockAdditional,transfer,shares13,144987557dfe5887ba33e36fecc7dbf99235a835f1863453d73b652ee7e1a68e,1
SYNTH_REENTRANCY::00405::SyntheticReentrancy00405,SyntheticReentrancy00405,i:settle405,settle,train,DAPP::DAppSCAN-source/contracts/PeckShield-CryptoHeroes/cryptoheroes-6cb0eaf8c88fdaab89d2b4c83535a189c7793001::CryptoHeroesUniverse,i:deposit,deposit,call,stakes14,3b01d1776db885d2b628696ea9bd88425f0e04832b8a266a837e73906fb6835e,1
SYNTH_REENTRANCY::00406::SyntheticReentrancy00406,SyntheticReentrancy00406,i:collect406,collect,train,DAPP::DAppSCAN-source/contracts/Chainsecurity-Angle Protocol/angle-core-46e6d32837cbe97a4af0adb693e63afa0d01fc3e::PerpetualManagerFront,i:openPerpetual,openPerpetual,transfer,claims15,9cf4372be69130af45162d80e35a53e3ca9d4aaadf779458b6d9d6a13e414f75,1
SYNTH_REENTRANCY::00407::SyntheticReentrancy00407,SyntheticReentrancy00407,i:harvest407,harvest,train,DAPP::DAppSCAN-source/contracts/PeckShield-Hegic(v8888)/Hegic-v8888-2dcd44dc1ae07881e94d52fa618f9704bfd4ffda::HegicPool,i:provideFrom,provideFrom,send,escrowed16,ac519e4438bfe0cc609adf8b89d51c84debcc16d684819f9b2d821bb5d581530,1
SYNTH_REENTRANCY::00408::SyntheticReentrancy00408,SyntheticReentrancy00408,i:withdraw408,withdraw,train,FORGE::vfp_00174::P2pResolvProxy,i:withdrawRESOLV,withdrawRESOLV,safeTransfer,payouts0,29ca79f9785134aa2e7ed497e92df1bb1d0c83af84a1b06a59dc44065c70a6c1,1
SYNTH_REENTRANCY::00409::SyntheticReentrancy00409,SyntheticReentrancy00409,i:claimReward409,claimReward,train,DAPP::DAppSCAN-source/contracts/QuillAudits-Bond Appetit-Bond Appetit/bondappetit-protocol-355180f0aca0b29d60d808f761052956b7a3a159::ProfitSplitter,i:_payToRecipients,_payToRecipients,transfer,positions1,740a41c79fff77b045fc60e9793ac61406a812740b32b42b517eef6699472720,1
SYNTH_REENTRANCY::00410::SyntheticReentrancy00410,SyntheticReentrancy00410,i:refund410,refund,train,FORGE::vfp_00209::StakingManager,i:stake,stake,call,balances2,d98f7d701ea5b1b064fc320832cddb2437611cfcdbad8f8b32da7a1e2e07abdd,1
SYNTH_REENTRANCY::00411::SyntheticReentrancy00411,SyntheticReentrancy00411,i:unstake411,unstake,test,DAPP::DAppSCAN-source/contracts/Solidity_Finance-OKLG - Smart Contract/contracts-e167d0d742d21bcc62d7a5b770a1f0ed1cf31eca::MTGYTokenLocker,i:withdrawLockedTokens,withdrawLockedTokens,transfer,credits3,e89077e5026d264bfe3f2765cf92727dbfefb1117180c7d4bed6e5dca832d8b3,1
SYNTH_REENTRANCY::00412::SyntheticReentrancy00412,SyntheticReentrancy00412,i:redeem412,redeem,val,DAPP::DAppSCAN-source/contracts/consensys-DeFi_Saver/defisaver-v3-contracts-cb29669a84c2d6fffaf2231c0938eb407c060919::FLAaveV2,i:executeOperation,executeOperation,send,pendingRewards4,b4eff353311545f1c92f6f927f55ef1ad72d21382731bb0509f91333c706b1f1,1
SYNTH_REENTRANCY::00413::SyntheticReentrancy00413,SyntheticReentrancy00413,i:payout413,payout,train,DAPP::DAppSCAN-source/contracts/Iosiro-1inch Exchange Staking Rewards Smart Contract Audit/liquidity-protocol-c9c8bc600e8e7897f70f84b006de601d4f4bcbe3::BaseRewards,i:getReward,getReward,safeTransfer,withdrawalRequests5,b1b29b2d5e0ed0d490c6354c87634217ca9bd271bb8ce26ada23bac48985fd68,1
SYNTH_REENTRANCY::00414::SyntheticReentrancy00414,SyntheticReentrancy00414,i:release414,release,train,FORGE::vfp_00102::StopLimit,i:modifyOrder,modifyOrder,transfer,shares6,dea0aa9c2e3c3082a74a9413e6ab0f616a8e8a67b61c431f6c4722e2674a34c8,1
SYNTH_REENTRANCY::00415::SyntheticReentrancy00415,SyntheticReentrancy00415,i:exit415,exit,val,FORGE::vfp_00001::AgentImageService,i:requestImage,requestImage,call,stakes7,16f9f52091cde9b4ae8bb1226200e939d47393fe0d025e83fbd0fbd5d151bffd,1
SYNTH_REENTRANCY::00416::SyntheticReentrancy00416,SyntheticReentrancy00416,i:claim416,claim,train,FORGE::vfp_00189::Box,i:deallocate,deallocate,transfer,claims8,8686162fe02209fbeb7ba4ac3b6fa62e2f28b43b8c47cb27af3f6ea1ba5a7589,1
SYNTH_REENTRANCY::00417::SyntheticReentrancy00417,SyntheticReentrancy00417,i:settle417,settle,val,DAPP::DAppSCAN-source/contracts/QuillAudits-GearBox Protocol-GearBox Protocol/gearbox-contracts-0ac33ba87212ce056ac6b6357ad74161d417158a::UniswapV3Adapter,i:exactInput,exactInput,send,escrowed9,22ab0822e11b5349f049fead9f8bdb9158f1392d389e9fcfd4ca97488c2f490d,1
SYNTH_REENTRANCY::00418::SyntheticReentrancy00418,SyntheticReentrancy00418,i:collect418,collect,train,DAPP::DAppSCAN-source/contracts/PeckShield-StackerVC/StackerVC_VentureFund001-3cfb98b21f4731dfd62993feb7c7d1540837f59b::LPGauge,i:deposit,deposit,safeTransfer,payouts10,64535c8d16e3c0eedb12bb887ea4cb9a6f0ddbb5b914c294c4a93ad14b631d88,1
SYNTH_REENTRANCY::00419::SyntheticReentrancy00419,SyntheticReentrancy00419,i:harvest419,harvest,train,DAPP::DAppSCAN-source/contracts/consensys-Aave_Protocol_V2/aave-protocol-v2-f756f44a8d6a328cd545335e46e7128939db88c4::LendingPool,i:deposit,deposit,transfer,positions11,506f70faa18b38dc73cb1baf905e4df6e29ef8c16c7a46aa5755e4abcde1613c,1
SYNTH_REENTRANCY::00420::SyntheticReentrancy00420,SyntheticReentrancy00420,i:withdraw420,withdraw,test,DAPP::DAppSCAN-source/contracts/Trail_of_Bits-Liquity/dev-f0df3efa5a5f05b205752184cfce107c5bd6e06c::BorrowerOperations,i:_moveTokensAndETHfromAdjustment,_moveTokensAndETHfromAdjustment,call,balances12,af2719131f3ca802edbfa3b1b2ad05eaa471885b56688c21cbc68c63c57e4cc0,1
SYNTH_REENTRANCY::00421::SyntheticReentrancy00421,SyntheticReentrancy00421,i:claimReward421,claimReward,train,DAPP::DAppSCAN-source/contracts/Coinbae-Hakka_Finance_wHakka/code::wHakka,i:stake,stake,transfer,credits13,2426d115248190f5af2059abd66098aea1b7a0ee66a8316bb137897e9f6fc5a8,1
SYNTH_REENTRANCY::00422::SyntheticReentrancy00422,SyntheticReentrancy00422,i:refund422,refund,train,DAPP::DAppSCAN-source/contracts/consensys-Idle_Finance/idle-tranches-d94ee7194e8cb17db13b16c338f3e780b62f5435::IdleCDO,i:_deposit,_deposit,send,pendingRewards14,341718a5aeb92a700e91fb34f13482ad367810b21d1f666a623f8aaaa711db3e,1
SYNTH_REENTRANCY::00423::SyntheticReentrancy00423,SyntheticReentrancy00423,i:unstake423,unstake,test,DAPP::DAppSCAN-source/contracts/PepperSec-Aira-Robonomic/robonomics_contracts-cc35a91de187072214d215262d8371f0159c2498::RobotLiabilityLib,i:finalize,finalize,safeTransfer,withdrawalRequests15,21b6bc1c0efc42fe2fb9234e780ac2f2753f265ecb6e1aa360bb1cc39ef33607,1
SYNTH_REENTRANCY::00424::SyntheticReentrancy00424,SyntheticReentrancy00424,i:redeem424,redeem,train,DAPP::DAppSCAN-source/contracts/Chainsulting-Furucombo-project2/trevi-b3f7fd332873321152db48c9d43fc23a60a29f1a::FountainBase,i:_depositAngel,_depositAngel,transfer,shares16,1e363da66788664f8cc30f000a07df87dd040e768c10c7fe05137b0170c53038,1
SYNTH_REENTRANCY::00425::SyntheticReentrancy00425,SyntheticReentrancy00425,i:payout425,payout,train,FORGE::vfp_00096::MarketConfigurator,i:_migrateFactoryTargets,_migrateFactoryTargets,call,stakes0,c7d89e472072e2ffb2f03cb2e8605fc4418f5d955b3426f6424605defdaa71e8,1
SYNTH_REENTRANCY::00426::SyntheticReentrancy00426,SyntheticReentrancy00426,i:release426,release,train,DAPP::DAppSCAN-source/contracts/PeckShield-Buffer/code::BufferBNBOptions,i:create,create,transfer,claims1,16dd6646989772a1d58eb5b11b32bffd056c4d24a59f0f53ec1ed3b5b1c57862,1
SYNTH_REENTRANCY::00427::SyntheticReentrancy00427,SyntheticReentrancy00427,i:exit427,exit,train,DAPP::DAppSCAN-source/contracts/consensys-Skyweaver/Skyweaver-contracts-bde0c184db6168bf86656a48b12d5747950b54d9::EternalHeroesFactory,i:_buy,_buy,send,escrowed2,ac5308640921b079672ef0e25af1d50002aa7c354127eb821d8bdebad1ca9f88,1
SYNTH_REENTRANCY::00428::SyntheticReentrancy00428,SyntheticReentrancy00428,i:claim428,claim,train,DAPP::DAppSCAN-source/contracts/consensys-Aave_Protocol_V2/aave-protocol-v2-f756f44a8d6a328cd545335e46e7128939db88c4::LendingPool,i:flashLoan,flashLoan,safeTransfer,payouts3,3a944a0f8e54b59cfa75c27575faf85e9bf3875e974761dfc07f16f7625b0dc7,1
SYNTH_REENTRANCY::00429::SyntheticReentrancy00429,SyntheticReentrancy00429,i:settle429,settle,train,DAPP::DAppSCAN-source/contracts/Coinbae-Barnbridge_Vault/CommunityVault0xA3C299eEE1998F45c20010276684921EBE6423D9::CommunityVault,i:setAllowance,setAllowance,transfer,positions4,cd91a9d063fcdb502ed0760bae93e83d7ea03ffb8823eae6849f9e4234c2a144,1
SYNTH_REENTRANCY::00430::SyntheticReentrancy00430,SyntheticReentrancy00430,i:collect430,collect,train,DAPP::DAppSCAN-source/contracts/Trail_of_Bits-MapleFinance/liquidations-35c628e5ab45fbffaab7aef43a030a98b712a94a::Liquidator,i:liquidatePortion,liquidatePortion,call,balances5,1d060ce525cb82083bdd45b526ae470999fe87996ced1365ede3efe9080fb8f5,1
SYNTH_REENTRANCY::00431::SyntheticReentrancy00431,SyntheticReentrancy00431,i:harvest431,harvest,test,DAPP::DAppSCAN-source/contracts/consensys-GrowthDeFi WHEAT/wheat-v1-core-8360ac0a537589bb974e8a5a169bb3e7c95d2857::Exchange,i:convertFundsFromInput,convertFundsFromInput,transfer,credits6,7b32c48f53784dec3ecd0a993bcd0aab2a3e01a68a3348bc8c63f46e23b710c4,1
SYNTH_REENTRANCY::00432::SyntheticReentrancy00432,SyntheticReentrancy00432,i:withdraw432,withdraw,test,DAPP::DAppSCAN-source/contracts/ImmuneBytes-Bird Money(MasterChef)-Audit Report/bird-farm-contracts-dfd2502b73c8f54c9081682c3eb070fcd3c00629::MasterChef,i:emergencyWithdraw,emergencyWithdraw,send,pendingRewards7,99e5cfbdad1de333765119b5f35f48045c2941b99939ef8003d8876d1a936c17,1
SYNTH_REENTRANCY::00433::SyntheticReentrancy00433,SyntheticReentrancy00433,i:claimReward433,claimReward,train,"DAPP::DAppSCAN-source/contracts/Inspex-Tokens, Farm & Shop/-SpeedStar-Audit-3e39d7acf9c1aa9f3a5511c161c2035ba7d6bc1f::Staking",i:depositStable,depositStable,safeTransfer,withdrawalRequests8,693914701d7f6fd7987f8bf553b9148acb3c85c7da56c2c435625a175a612e26,1
SYNTH_REENTRANCY::00434::SyntheticReentrancy00434,SyntheticReentrancy00434,i:refund434,refund,train,FORGE::vfp_00125::Aori,i:cancel,cancel,transfer,shares9,52e8c88ee8c8da777eccc30ef373a2da57c3f927f48ce0e6782f3578af4ddd8b,1
SYNTH_REENTRANCY::00435::SyntheticReentrancy00435,SyntheticReentrancy00435,i:unstake435,unstake,train,DAPP::DAppSCAN-source/contracts/Coinbae-Hakka_Finance_wHakka/code::wHakka,i:unstake,unstake,call,stakes10,fbcc781d7b8c54e725a57d700a3c40b9af7b9151aa8a310fca25f315ab7b7eae,1
SYNTH_REENTRANCY::00436::SyntheticReentrancy00436,SyntheticReentrancy00436,i:redeem436,redeem,train,DAPP::DAppSCAN-source/contracts/Chainsulting-Furucombo-project2/trevi-b3f7fd332873321152db48c9d43fc23a60a29f1a::FountainBase,i:_withdrawAngel,_withdrawAngel,transfer,claims11,328f8ca76d1a4d6f2dd9ceae0f694e87ceb4d59c3c3948b2eb8fddd4374bb9e3,1
SYNTH_REENTRANCY::00437::SyntheticReentrancy00437,SyntheticReentrancy00437,i:payout437,payout,test,FORGE::vfp_00260::Router_Adapter,i:relayTokens,relayTokens,send,escrowed12,798aa1efe5259d6ba8a63b7ad044a7c0a37240f8976af74f9938255633ef33a9,1
SYNTH_REENTRANCY::00438::SyntheticReentrancy00438,SyntheticReentrancy00438,i:release438,release,train,FORGE::vfp_00215::ScrollChainValidium,i:_finalizeBundle,_finalizeBundle,safeTransfer,payouts13,9d048df9200dd8571c32de42d562e879691bc40713184321e42f520b9d80f3bc,1
SYNTH_REENTRANCY::00439::SyntheticReentrancy00439,SyntheticReentrancy00439,i:exit439,exit,train,DAPP::DAppSCAN-source/contracts/PeckShield-PlutosV1/plutos-eth-contract-0777815::PMintBurn,i:deposit,deposit,transfer,positions14,01ba651b15bb4c6b703b9f5059a4de452c5419a981b6c2f5267ab80a1a3ad394,1
SYNTH_REENTRANCY::00440::SyntheticReentrancy00440,SyntheticReentrancy00440,i:claim440,claim,val,DAPP::DAppSCAN-source/contracts/QuillAudits-GearBox Protocol-GearBox Protocol/gearbox-contracts-0ac33ba87212ce056ac6b6357ad74161d417158a::UniswapV3Adapter,i:exactOutputSingle,exactOutputSingle,call,balances15,b6a4db04b9c7d4d36b3fad34ea6cda0d5beb198548f4c196dd86edc9c924835b,1
SYNTH_REENTRANCY::00441::SyntheticReentrancy00441,SyntheticReentrancy00441,i:settle441,settle,train,DAPP::DAppSCAN-source/contracts/SlowMist-CFFv2 Smart Contract Security Audit Report/cff-contract-v2-c86bef3f13c7585f547f9cd0ca900f94664e96b7::CFVaultV2,i:withdraw,withdraw,transfer,credits16,24cc199196dfb03c59a173c52ece657a5320eb645250497b104366abddaf2445,1
SYNTH_REENTRANCY::00442::SyntheticReentrancy00442,SyntheticReentrancy00442,i:collect442,collect,train,FORGE::vfp_00221::LimitOrderHook,i:_afterSwap,_afterSwap,send,pendingRewards0,8d87e4460c98247caf808cccd47f8d4576fb5566f2a2eae1c9ef489ab60f7d5c,1
SYNTH_REENTRANCY::00443::SyntheticReentrancy00443,SyntheticReentrancy00443,i:harvest443,harvest,val,DAPP::DAppSCAN-source/contracts/SlowMist-Starcrazy Smart Contract Security Audit Report/starcrazy-contracts-e9e11d234ac065726e108a73dfcd5efbad26f2c5::GFSBonus,i:withdraw,withdraw,safeTransfer,withdrawalRequests1,1ce74180a2a9986bdfa28147299917dd456e7ac70834a6d5d64f5cbd41cd34c3,1
SYNTH_REENTRANCY::00444::SyntheticReentrancy00444,SyntheticReentrancy00444,i:withdraw444,withdraw,train,DAPP::DAppSCAN-source/contracts/Coinfabrik-Woonkly Security Audit (DEX STAKE)/STAKESmartContractPreRelease-main::WOOPStake,i:processReward,processReward,transfer,shares2,bb1a3fa8edcf0f3cb3a788e9f392e2f55b158ac67b625520fef968d7639302d0,1
SYNTH_REENTRANCY::00445::SyntheticReentrancy00445,SyntheticReentrancy00445,i:claimReward445,claimReward,train,DAPP::DAppSCAN-source/contracts/Iosiro-SNX FlashBurn Smart Contract Audit/flashburn-3aa02a3d63d9e0110a5b6669a4a4011ceee3cf2b::SNXFlashLoanTool,i:swap,swap,call,stakes3,92a070eded1cccda3fadd005c3ef2e096069aba757b8c98486ef22fe1a5c7171,1
SYNTH_REENTRANCY::00446::SyntheticReentrancy00446,SyntheticReentrancy00446,i:refund446,refund,train,FORGE::vfp_00174::P2pResolvProxy,i:initiateWithdrawalRESOLVAccruedRewards,initiateWithdrawalRESOLVAccruedRewards,transfer,claims4,5f49e6bfdb0a0f79ce1f31397b661d05337288a6f5329aab1e9fc3306d87ba71,1
SYNTH_REENTRANCY::00447::SyntheticReentrancy00447,SyntheticReentrancy00447,i:unstake447,unstake,train,DAPP::DAppSCAN-source/contracts/consensys-Gamma/hypervisor-41fd4abf79864478523e87924d4e80d80df04879::UniProxy,i:deposit,deposit,send,escrowed5,550debbf09ca9adfa76ef2973d6cfdf737f9d2b2400502ebd9eae8a88fabeab0,1
SYNTH_REENTRANCY::00448::SyntheticReentrancy00448,SyntheticReentrancy00448,i:redeem448,redeem,train,FORGE::vfp_00175::P2pYieldProxy,i:_withdraw,_withdraw,safeTransfer,payouts6,e4115a3d11f3b3e65a2ccad30d549a5c1f4a96184caa4ef9668d2e5d49752afc,1
SYNTH_REENTRANCY::00449::SyntheticReentrancy00449,SyntheticReentrancy00449,i:payout449,payout,val,FORGE::vfp_00001::AgentImageService,i:requestRefund,requestRefund,transfer,positions7,a3a6f76f4466f6afc1027a0ac4733b04bb407b1019348e350bf9298fa299b508,1
SYNTH_REENTRANCY::00450::SyntheticReentrancy00450,SyntheticReentrancy00450,i:release450,release,val,DAPP::DAppSCAN-source/contracts/SlowMist-Starcrazy Smart Contract Security Audit Report/starcrazy-contracts-e9e11d234ac065726e108a73dfcd5efbad26f2c5::Auction,i:setGeneScienceAddress,setGeneScienceAddress,call,balances8,d1a78967c2530d36024792082c27bd3dac0be2d1e729c46ea37ce12de6f75787,1
SYNTH_REENTRANCY::00451::SyntheticReentrancy00451,SyntheticReentrancy00451,i:exit451,exit,train,DAPP::DAppSCAN-source/contracts/QuillAudits-1inch-Limit Order Protocol/limit-order-protocol-a14bde6a260458de5083cee117d734221e1cbc05::LimitOrderProtocol,i:fillOrderTo,fillOrderTo,transfer,credits9,e0f8b3e4ab8774afb6947a06420ea5f5d315c612056dea5f767762085cbb9b74,1
SYNTH_REENTRANCY::00452::SyntheticReentrancy00452,SyntheticReentrancy00452,i:claim452,claim,val,DAPP::DAppSCAN-source/contracts/QuillAudits-Yearn Finance-Yearn Vaults V3/yearn-vaults-e390c2a6b2ba6e2ecc8f3a72a1ea4adfabd17544::yWETH,i:withdrawETH,withdrawETH,send,pendingRewards10,751319d21ddc7db71af0e228a34804e331e8dfb56167da2a23a047b461757a37,1
SYNTH_REENTRANCY::00453::SyntheticReentrancy00453,SyntheticReentrancy00453,i:settle453,settle,train,DAPP::DAppSCAN-source/contracts/PeckShield-BNPL/BNPL-0ee587a081668dcab166a3a275b8a6c4794ead4d::BankingNode,i:unstake,unstake,safeTransfer,withdrawalRequests11,c000f83bf4d75d50860b471659bf2827a29ebaf332cf7673e103cfbf9a2e06f2,1
SYNTH_REENTRANCY::00454::SyntheticReentrancy00454,SyntheticReentrancy00454,i:collect454,collect,train,FORGE::vfp_00032::CurveConvexLib,i:unstakeAndExitPool,unstakeAndExitPool,transfer,shares12,66673bed095d2f12f45f40e481fdef059a2ac67771a3a29804a2b96fb4b408a5,1
SYNTH_REENTRANCY::00455::SyntheticReentrancy00455,SyntheticReentrancy00455,i:harvest455,harvest,train,FORGE::vfp_00045::PDPVerifier,i:nextProvingPeriod,nextProvingPeriod,call,stakes13,0f0c6477e55941a71c2e56b46f56412a93513051a7fd42907dc8827da989d3c8,1
SYNTH_REENTRANCY::00456::SyntheticReentrancy00456,SyntheticReentrancy00456,i:withdraw456,withdraw,train,FORGE::vfp_00234::mErc20Host,i:_verifyProof,_verifyProof,transfer,claims14,e718511c951684db5b64416bc2f4a45bf5ac5ca3ae4970bbf0b6975c95c3be95,1
SYNTH_REENTRANCY::00457::SyntheticReentrancy00457,SyntheticReentrancy00457,i:claimReward457,claimReward,train,DAPP::DAppSCAN-source/contracts/Coinbae-Pud.Fi Masterchef_Audit/MasterChef0x15Bee180BB39eE5c0166E63313C33984376930Db::MasterChef,i:emergencyWithdraw,emergencyWithdraw,send,escrowed15,30e9210002f10eedaf57145f1a8f238eb120a0d2b430c2b7b6d33f5dd1384278,1
SYNTH_REENTRANCY::00458::SyntheticReentrancy00458,SyntheticReentrancy00458,i:refund458,refund,train,DAPP::DAppSCAN-source/contracts/PeckShield-Arche/Arche_v1.0_Eros-909f35e0064d636aaf61954a6026fda7b2bade7f::D_Swap,i:Impl_Delivery,Impl_Delivery,safeTransfer,payouts16,5864d4348aa021c1d0bfe1af009e5f841b4eea35f305c9c12aa3abeac69331f0,1
SYNTH_REENTRANCY::00459::SyntheticReentrancy00459,SyntheticReentrancy00459,i:unstake459,unstake,val,DAPP::DAppSCAN-source/contracts/QuillAudits-GearBox Protocol-GearBox Protocol/gearbox-contracts-0ac33ba87212ce056ac6b6357ad74161d417158a::UniswapV2Adapter,i:swapExactTokensForTokens,swapExactTokensForTokens,transfer,positions0,81ab18a72a44e101940f2c7982aa795988cf70ece7f1a76592037fbb660d746d,1
SYNTH_REENTRANCY::00460::SyntheticReentrancy00460,SyntheticReentrancy00460,i:redeem460,redeem,train,DAPP::DAppSCAN-source/contracts/consensys-PoolTogether_Pods/pods-v3-contracts-879dc8b911fc506dd6bead1f36eade919ccfea57::TokenDrop,i:claim,claim,call,balances1,77116c8dde5e3d7b344f6db0980399dc8215d380bdb61832f633519776a98f7c,1
SYNTH_REENTRANCY::00461::SyntheticReentrancy00461,SyntheticReentrancy00461,i:payout461,payout,train,DAPP::DAppSCAN-source/contracts/QuillAudits-Algovest/AlgoVestStaking0x090e69e7F48AFC059e480F297042DEA396B971e7::AlgoVestStaking,i:AVSTokenDonation,AVSTokenDonation,transfer,credits2,7b1c014dc851e17729e48e4fff1fd0261db69eca54b500e766cd37f5a6426c5f,1
SYNTH_REENTRANCY::00462::SyntheticReentrancy00462,SyntheticReentrancy00462,i:release462,release,train,DAPP::DAppSCAN-source/contracts/PeckShield-DSG/core-6f607f77698936e132e4e9b5cb4d75580636d919::NftEarnErc20Pool,i:slotStake,slotStake,send,pendingRewards3,835eaf5ec3845dbf4f4e45e39826c0755f90d22f2073ee5476ea7da61dccdfc6,1
SYNTH_REENTRANCY::00463::SyntheticReentrancy00463,SyntheticReentrancy00463,i:exit463,exit,val,DAPP::DAppSCAN-source/contracts/SlowMist-Starcrazy Smart Contract Security Audit Report/starcrazy-contracts-e9e11d234ac065726e108a73dfcd5efbad26f2c5::Aliana,i:setGeneScienceAddress,setGeneScienceAddress,safeTransfer,withdrawalRequests4,afe395f74e279d303392dee5275d6050debc55ed0594d1c535eb0be6a4640d1f,1
SYNTH_REENTRANCY::00464::SyntheticReentrancy00464,SyntheticReentrancy00464,i:claim464,claim,train,DAPP::DAppSCAN-source/contracts/Hacken-Ground Zero/code::IDO,i:claim,claim,transfer,shares5,89c9d2c4fb19be5ec2fa160e6c788c2259e3c29e7599e95824efa140230d39f3,1
SYNTH_REENTRANCY::00465::SyntheticReentrancy00465,SyntheticReentrancy00465,i:settle465,settle,train,FORGE::vfp_00189::Box,i:allocate,allocate,call,stakes6,5351a22a875e32d04ceebc4846bd3d970ebea2c64649e1704e2ae41d098b5b84,1
SYNTH_REENTRANCY::00466::SyntheticReentrancy00466,SyntheticReentrancy00466,i:collect466,collect,train,FORGE::vfp_00116::L1Mailbox,i:getMsg,getMsg,transfer,claims7,f7404757b3cc9f21d5e0285285619ed72b7431e29807c99f0e9de69fb3df4deb,1
SYNTH_REENTRANCY::00467::SyntheticReentrancy00467,SyntheticReentrancy00467,i:harvest467,harvest,train,DAPP::DAppSCAN-source/contracts/consensys-PoolTogether_Pods/pods-v3-contracts-879dc8b911fc506dd6bead1f36eade919ccfea57::Pod,i:depositTo,depositTo,send,escrowed8,daf80d0c1f41051c9070a3ec23a497f24ed15aa178ae96c2d5271d7b6c6b373f,1
SYNTH_REENTRANCY::00468::SyntheticReentrancy00468,SyntheticReentrancy00468,i:withdraw468,withdraw,test,FORGE::vfp_00058::LikwidMarginPosition,i:_margin,_margin,safeTransfer,payouts9,c38406024335dcdcf4164d5b6abfe9ab1d8f72e5231262852c5496e7d00be5ae,1
SYNTH_REENTRANCY::00469::SyntheticReentrancy00469,SyntheticReentrancy00469,i:claimReward469,claimReward,train,DAPP::DAppSCAN-source/contracts/PeckShield-BNPL/BNPL-0ee587a081668dcab166a3a275b8a6c4794ead4d::BankingNode,i:collectFees,collectFees,transfer,positions10,a6eb8f4500c4ff624d03b0971f2a57915f7b13e348becb306f2340f6dbf632a0,1
SYNTH_REENTRANCY::00470::SyntheticReentrancy00470,SyntheticReentrancy00470,i:refund470,refund,train,FORGE::vfp_00190::BoxAdapterCached,i:updateTotalAssets,updateTotalAssets,call,balances11,32ab36a46a407edabe62972cbfc22565fbf1485cab6592e541b86f5a382df3fe,1
SYNTH_REENTRANCY::00471::SyntheticReentrancy00471,SyntheticReentrancy00471,i:unstake471,unstake,val,DAPP::DAppSCAN-source/contracts/QuillAudits-GearBox Protocol-GearBox Protocol/gearbox-contracts-0ac33ba87212ce056ac6b6357ad74161d417158a::WETHGateway,i:repayCreditAccountETH,repayCreditAccountETH,transfer,credits12,a73898e66e1ea752914b36c4aca8c899d7df998e03badc5af163dedfd97041fe,1
SYNTH_REENTRANCY::00472::SyntheticReentrancy00472,SyntheticReentrancy00472,i:redeem472,redeem,train,FORGE::vfp_00221::LimitOrderHook,i:_handleCancelCallback,_handleCancelCallback,send,pendingRewards13,26797509a471678e059413bc917112353951935b181194e9d7c32d85b6657906,1
SYNTH_REENTRANCY::00473::SyntheticReentrancy00473,SyntheticReentrancy00473,i:payout473,payout,train,DAPP::DAppSCAN-source/contracts/PeckShield-COIN98/code::C98MSiG,i:vote,vote,safeTransfer,withdrawalRequests14,2b474639f2a30402cfe8c784aef19ae7de1753cdc59d715fdde6e21c4bc0df6f,1
SYNTH_REENTRANCY::00474::SyntheticReentrancy00474,SyntheticReentrancy00474,i:release474,release,val,FORGE::vfp_00289::BasketToken,i:proRataRedeem,proRataRedeem,transfer,shares15,107a9302922372922abb8354793319184ab0200a58a3f836fed1f39d2ac33eaa,1
SYNTH_REENTRANCY::00475::SyntheticReentrancy00475,SyntheticReentrancy00475,i:exit475,exit,train,DAPP::DAppSCAN-source/contracts/QuillAudits-Yearn Finance-Yearn Protocol V1/yearn-protocol-9ff0dc0ea73642c529383d0675930a41bf033295::yWETH,i:withdrawETH,withdrawETH,call,stakes16,08e5afcdf464601a31c7fc39f15767581732e6430f2c88bc00728ca62c9c0524,1
SYNTH_REENTRANCY::00476::SyntheticReentrancy00476,SyntheticReentrancy00476,i:claim476,claim,test,"DAPP::DAppSCAN-source/contracts/Coinfabrik-MintingFactoryV2, BaseUpgradableMarketplace & KODAV3UpgradableGatedMarketplace/known-origin-contracts-v3-d592c5f4fa4e0b6fc65a1fce43e302706aedf607::MintingFactoryV2",i:mintBatchEdition,mintBatchEdition,transfer,claims0,89acf65aaefdf0522a8fc04955a0fdf9506b360e4e2032fdf17b6b618ad878b8,1
SYNTH_REENTRANCY::00477::SyntheticReentrancy00477,SyntheticReentrancy00477,i:settle477,settle,train,DAPP::DAppSCAN-source/contracts/Coinbae-Pud.Fi Masterchef_Audit/MasterChef0x15Bee180BB39eE5c0166E63313C33984376930Db::MasterChef,i:safePudTransfer,safePudTransfer,send,escrowed1,92a756f3562fd8f1582a7d6773794b548535e0a7deeb5654e67605d3e1fa1d61,1
SYNTH_REENTRANCY::00478::SyntheticReentrancy00478,SyntheticReentrancy00478,i:collect478,collect,train,DAPP::DAppSCAN-source/contracts/Coinbae-TapCoins_Token_Contract/code::UpgradeableToken,i:setUpgradeAgent,setUpgradeAgent,safeTransfer,payouts2,865d93e8b6f84058a3c751d2a32317a51716305720425a0c2d3748c318d4ba19,1
SYNTH_REENTRANCY::00479::SyntheticReentrancy00479,SyntheticReentrancy00479,i:harvest479,harvest,train,DAPP::DAppSCAN-source/contracts/consensys-PoolTogether_Sushi_and_Yearn_V2_Yield_Sources/pooltogether-yearnv2-yield-source-a34857f1555908a6263d2ebd189f0cb40e1858da::YearnV2YieldSource,i:supplyTokenTo,supplyTokenTo,transfer,positions3,3f651ef3c1096d2bbff148296bd7909a160455697ea7991906f02b2cae20b136,1
SYNTH_REENTRANCY::00480::SyntheticReentrancy00480,SyntheticReentrancy00480,i:withdraw480,withdraw,train,FORGE::vfp_00189::Box,i:reallocate,reallocate,call,balances4,b9b356eb8fb5bf00204e543bc3a735cc2d31ced136ddaa6776845ced99972757,1
SYNTH_REENTRANCY::00481::SyntheticReentrancy00481,SyntheticReentrancy00481,i:claimReward481,claimReward,train,DAPP::DAppSCAN-source/contracts/openzeppelin-Endaoment/endaoment-contracts-f60aa253d3d869ad6460877f23e6092acb313add::Fund,i:finalizeGrant,finalizeGrant,transfer,credits5,e8b8016604bb4f79f007bc3c9dd9bf489f26217a1a1fc347b4c8bc38f2e18140,1
SYNTH_REENTRANCY::00482::SyntheticReentrancy00482,SyntheticReentrancy00482,i:refund482,refund,train,DAPP::DAppSCAN-source/contracts/PeckShield-KaoyaSwap/contracts-8273073f1d6914f372790399378f177573c52e37::MasterChef,i:deposit,deposit,send,pendingRewards6,9809feb8b902c3e9f7d168635650f1a1b73ea91d0e86753633b0c65992d09938,1
SYNTH_REENTRANCY::00483::SyntheticReentrancy00483,SyntheticReentrancy00483,i:unstake483,unstake,train,DAPP::DAppSCAN-source/contracts/QuillAudits-BCUBE Smart Contract/b-cube-ico-13f9f8a991a65f3e0ca60a2078121fdd5a921fb0::BCubePublicSale,i:buyBcubeUsingUSDT,buyBcubeUsingUSDT,safeTransfer,withdrawalRequests7,788d614e0246872dbd5179824eb0af3dc4ae3b956e7d5604019c9d48cdaf3c50,1
SYNTH_REENTRANCY::00484::SyntheticReentrancy00484,SyntheticReentrancy00484,i:redeem484,redeem,test,FORGE::vfp_00288::DelegationMetaSwapAdapter,i:swapTokens,swapTokens,transfer,shares8,56375c1245ae40af897c5369cc361d03783c20b45056abd7b0965c3accde8295,1
SYNTH_REENTRANCY::00485::SyntheticReentrancy00485,SyntheticReentrancy00485,i:payout485,payout,test,FORGE::vfp_00260::Router_Adapter,i:relayMessage,relayMessage,call,stakes9,7513f8644a8f0dd25a6bdb591a813eba22a2bb83677585be7c8ed572d61477e1,1
SYNTH_REENTRANCY::00486::SyntheticReentrancy00486,SyntheticReentrancy00486,i:release486,release,train,FORGE::vfp_00189::Box,i:flash,flash,transfer,claims10,c9e1c1178f444b2e649a6c471a88e71f4e916d2b285137b1615760c5c42c7c72,1
SYNTH_REENTRANCY::00487::SyntheticReentrancy00487,SyntheticReentrancy00487,i:exit487,exit,val,DAPP::DAppSCAN-source/contracts/QuillAudits-GearBox Protocol-GearBox Protocol/gearbox-contracts-0ac33ba87212ce056ac6b6357ad74161d417158a::YearnAdapter,i:_deposit,_deposit,send,escrowed11,af03de19e1668ea6365bc1e0a6a3bca100981db3682d2643b97a2031bff876de,1
SYNTH_REENTRANCY::00488::SyntheticReentrancy00488,SyntheticReentrancy00488,i:claim488,claim,test,DAPP::DAppSCAN-source/contracts/ImmuneBytes-Bird Money-Final Audit Report/bird-farm-contracts-dfd2502b73c8f54c9081682c3eb070fcd3c00629::MasterChef,i:withdraw,withdraw,safeTransfer,payouts12,6310bb0e573f6728a2c06c4cf3600e95623edbd96cbd9fc020a083f5a8da66b7,1
SYNTH_REENTRANCY::00489::SyntheticReentrancy00489,SyntheticReentrancy00489,i:settle489,settle,train,DAPP::DAppSCAN-source/contracts/consensys-Gamma/hypervisor-41fd4abf79864478523e87924d4e80d80df04879::Hypervisor,i:withdraw,withdraw,transfer,positions13,18016f1e4a9b43c833f1ebca43e63b47363a9a34699c18a5aaadc7c46f10c12e,1
SYNTH_REENTRANCY::00490::SyntheticReentrancy00490,SyntheticReentrancy00490,i:collect490,collect,val,DAPP::DAppSCAN-source/contracts/QuillAudits-GearBox Protocol-GearBox Protocol/gearbox-contracts-0ac33ba87212ce056ac6b6357ad74161d417158a::CurveV1Adapter,i:exchange,exchange,call,balances14,2b9915e4fe355ff050130e8e3458716e3866a84d4442b16573d04b858bf8625c,1
SYNTH_REENTRANCY::00491::SyntheticReentrancy00491,SyntheticReentrancy00491,i:harvest491,harvest,train,DAPP::DAppSCAN-source/contracts/Coinbae-Pud.Fi Masterchef_Audit/MasterChef0x15Bee180BB39eE5c0166E63313C33984376930Db::MasterChef,i:balance,balance,transfer,credits15,628bb2f777cf3e3ccfc67bedfda3bde387e4b7e6d7395d54964ad5998eaef007,1
SYNTH_REENTRANCY::00492::SyntheticReentrancy00492,SyntheticReentrancy00492,i:withdraw492,withdraw,test,FORGE::vfp_00058::LikwidMarginPosition,i:modify,modify,send,pendingRewards16,e2d195347b964994410531aaf22bdc7d9f458ee01f31e6f437fe2737a7802be2,1
SYNTH_REENTRANCY::00493::SyntheticReentrancy00493,SyntheticReentrancy00493,i:claimReward493,claimReward,train,DAPP::DAppSCAN-source/contracts/PeckShield-BabySwap/code::HoldStake,i:addPool,addPool,safeTransfer,withdrawalRequests0,dc9dcf364457270a2818772d597c3708261930a88fb96125aa7e70706722779d,1
SYNTH_REENTRANCY::00494::SyntheticReentrancy00494,SyntheticReentrancy00494,i:refund494,refund,train,DAPP::DAppSCAN-source/contracts/PeckShield-Holdefi/Holdefi-5a1e6e0d582120142e8a531f6806eba6665ef2f4::Holdefi,i:repayBorrowInternal,repayBorrowInternal,transfer,shares1,6d07474db15102df17f1b3747d9dc022499dad8e48a945cb30e89a7d8913e577,1
SYNTH_REENTRANCY::00495::SyntheticReentrancy00495,SyntheticReentrancy00495,i:unstake495,unstake,val,DAPP::DAppSCAN-source/contracts/Trail_of_Bits-OriginDollar/origin-dollar-81431fd3b2aa4c518ffc389844f9708c00b516f0::VaultCore,i:rebase,rebase,call,stakes2,4dcaa95d8f8f95f2eb4ab229b8a6adda9dbfc0277a7747f8f3d825a034249141,1
SYNTH_REENTRANCY::00496::SyntheticReentrancy00496,SyntheticReentrancy00496,i:redeem496,redeem,test,DAPP::DAppSCAN-source/contracts/PeckShield-DarkCrypto/darkcrypto-contracts-fee5be8d36459aebed2b84e6493875b3dc0366fd::SkyRewardPool,i:withdraw,withdraw,transfer,claims3,ed5b1c749f9c58d149c8ec153b2c95a0fc10dcefa5477674f08284337f6b1a6e,1
SYNTH_REENTRANCY::00497::SyntheticReentrancy00497,SyntheticReentrancy00497,i:payout497,payout,train,DAPP::DAppSCAN-source/contracts/Hacken-Ground Zero/code::IDO,i:claimTheInvestments,claimTheInvestments,send,escrowed4,b2d8fca520ca3dda6a1a3a67965b0ed619d734b753eee8a4efe13b9a2dedfc9f,1
SYNTH_REENTRANCY::00498::SyntheticReentrancy00498,SyntheticReentrancy00498,i:release498,release,val,DAPP::DAppSCAN-source/contracts/Runtime_Vеrification-ElementFinance/elf-contracts-637c6f959315cbb11a164555e588520c7d89122b::YVaultAssetProxy,i:reserveDeposit,reserveDeposit,safeTransfer,payouts5,1e4bee96d9c874873b3ebaa20493aafc4f00923a8fc71e6c892ca89f3a434010,1
SYNTH_REENTRANCY::00499::SyntheticReentrancy00499,SyntheticReentrancy00499,i:exit499,exit,test,DAPP::DAppSCAN-source/contracts/ImmuneBytes-Bird Money(MasterChef)-Audit Report/bird-farm-contracts-dfd2502b73c8f54c9081682c3eb070fcd3c00629::MasterChef,i:deposit,deposit,transfer,positions6,fe081502721fbfa39e5e231f02b2f08914482cabfb57f04985bf6ab8950da5ad,1
SYNTH_REENTRANCY::00500::SyntheticReentrancy00500,SyntheticReentrancy00500,i:claim500,claim,train,DAPP::DAppSCAN-source/contracts/PeckShield-MilkySwap/milkyswap-59f163e9959cf8bae4a521a9648219b553312e07::MasterMilker,i:emergencyWithdraw,emergencyWithdraw,call,balances7,8594d7a7bc7c188ad304568681ae0820ed4e3a471ba5bd8659ec5c46a990544f,1
SYNTH_REENTRANCY::00501::SyntheticReentrancy00501,SyntheticReentrancy00501,i:settle501,settle,train,DAPP::DAppSCAN-source/contracts/Coinbae-Pud.Fi Masterchef_Audit/MasterChef0x15Bee180BB39eE5c0166E63313C33984376930Db::MasterChef,i:setPoolStrategy,setPoolStrategy,transfer,credits8,c687d94b440d6aa325c8b256e3a0826350fe4dae0f70b7fdf6c7ed5994c3b684,1
SYNTH_REENTRANCY::00502::SyntheticReentrancy00502,SyntheticReentrancy00502,i:collect502,collect,train,DAPP::DAppSCAN-source/contracts/Runtime_Vеrification-Element_Finance_Governance_Security_Audit_Report/council-3d751c959b42573c78ccd0bccbc80424bf6d9a90::CoreVoting,i:execute,execute,send,pendingRewards9,1664358f81c996e15da23018cd1ac9400eb2864c60454755b4f0c492b4dba204,1
SYNTH_REENTRANCY::00503::SyntheticReentrancy00503,SyntheticReentrancy00503,i:harvest503,harvest,val,DAPP::DAppSCAN-source/contracts/QuillAudits-GearBox Protocol-GearBox Protocol/gearbox-contracts-0ac33ba87212ce056ac6b6357ad74161d417158a::WETHGateway,i:addLiquidityETH,addLiquidityETH,safeTransfer,withdrawalRequests10,7decff3bb7ff475a033924475ec4f4e1a6b978ab635fb55a86fae981efeb4ab3,1
SYNTH_REENTRANCY::00504::SyntheticReentrancy00504,SyntheticReentrancy00504,i:withdraw504,withdraw,train,DAPP::DAppSCAN-source/contracts/PeckShield-Atlantis/atlantis-protocol-bsc-766acebba9316eced1c15abf6158b31f470a947f::AToken,i:borrowFresh,borrowFresh,transfer,shares11,041ab9a5f367f263b9b681a227926dbe533000920c2a267eb4254c4c703c919c,1
SYNTH_REENTRANCY::00505::SyntheticReentrancy00505,SyntheticReentrancy00505,i:claimReward505,claimReward,train,FORGE::vfp_00088::EnjoyoorsVaultWithdrawals,i:_claimWithdrawal,_claimWithdrawal,call,stakes12,53da6fa39b2214da32dbab7e3fd5fe3f24be8a8911f0e06a284c5a27d888f466,1
SYNTH_REENTRANCY::00506::SyntheticReentrancy00506,SyntheticReentrancy00506,i:refund506,refund,test,FORGE::vfp_00126::SpokePool,i:_setOftMessenger,_setOftMessenger,transfer,claims13,5ef76ce364e658353250d8aa0725e24a9ee4110a8653c398624655e9e5c53a9a,1
SYNTH_REENTRANCY::00507::SyntheticReentrancy00507,SyntheticReentrancy00507,i:unstake507,unstake,train,DAPP::DAppSCAN-source/contracts/QuillAudits-Yearn Finance-Yearn Protocol V1/yearn-protocol-9ff0dc0ea73642c529383d0675930a41bf033295::yDelegatedVault,i:claimInsurance,claimInsurance,send,escrowed14,e9aade0c5489923dae180040560e91f30d08d9ac68af7ff12ca9baf34ea8b82b,1
SYNTH_REENTRANCY::00508::SyntheticReentrancy00508,SyntheticReentrancy00508,i:redeem508,redeem,train,DAPP::DAppSCAN-source/contracts/PeckShield-SushiSwap/sushiswap-180bc9b642bba79c1ee4a63f71a3a0d36e64aa63::MasterChef,i:withdraw,withdraw,safeTransfer,payouts15,dfbf56df3859030aa7cd815c28b901c352220843090a0b5c2eff545190a50469,1
SYNTH_REENTRANCY::00509::SyntheticReentrancy00509,SyntheticReentrancy00509,i:payout509,payout,train,FORGE::vfp_00221::LimitOrderHook,i:_handlePlaceCallback,_handlePlaceCallback,transfer,positions16,34b4107341955c624b86290b4d0081801f7836654373bd8b16dcee4bf3d8617b,1
SYNTH_REENTRANCY::00510::SyntheticReentrancy00510,SyntheticReentrancy00510,i:release510,release,train,DAPP::DAppSCAN-source/contracts/QuillAudits-Keep3r.Network-Keep3r.Network/StakingRewardsV3-13ecc6966ae1a413f62224382bfd4d64b1a22351::StakingRewardsV3,i:deposit,deposit,call,balances0,6566b0a97f7c197d68bc7e1395a4428e363dc95220ec222eb25fa8041b7be49a,1
SYNTH_REENTRANCY::00511::SyntheticReentrancy00511,SyntheticReentrancy00511,i:exit511,exit,val,DAPP::DAppSCAN-source/contracts/Trail_of_Bits-OriginDollar/origin-dollar-81431fd3b2aa4c518ffc389844f9708c00b516f0::VaultCore,i:_allocate,_allocate,transfer,credits1,612c35e48f6f0d879304389759f2871b2f8e030e825882ba4b074a02d01b173a,1
SYNTH_REENTRANCY::00512::SyntheticReentrancy00512,SyntheticReentrancy00512,i:claim512,claim,train,DAPP::DAppSCAN-source/contracts/Coinbae-Pud.Fi Masterchef_Audit/MasterChef0x15Bee180BB39eE5c0166E63313C33984376930Db::MasterChef,i:withdraw,withdraw,send,pendingRewards2,0e23eeba50030d96a94eaffb9ae51a6d3312169a46fce71804b908b1d16bee0b,1
SYNTH_REENTRANCY::00513::SyntheticReentrancy00513,SyntheticReentrancy00513,i:settle513,settle,train,DAPP::DAppSCAN-source/contracts/Coinbae-Pud.Fi Masterchef_Audit/MasterChef0x15Bee180BB39eE5c0166E63313C33984376930Db::MasterChef,i:add,add,safeTransfer,withdrawalRequests3,c7d280b3f3ff859d977aeb5dab00cf39ddee451a0cb2a974f7928725239389ba,1
SYNTH_REENTRANCY::00514::SyntheticReentrancy00514,SyntheticReentrancy00514,i:collect514,collect,train,DAPP::DAppSCAN-source/contracts/PeckShield-DSG/core-6f607f77698936e132e4e9b5cb4d75580636d919::SinglePool,i:emergencyWithdraw,emergencyWithdraw,transfer,shares4,1b9407d362e2d85e4edd31797b354a0b8cb96cc0c0ba58ac5b8d4e5fddfe5a0d,1
SYNTH_REENTRANCY::00515::SyntheticReentrancy00515,SyntheticReentrancy00515,i:harvest515,harvest,test,DAPP::DAppSCAN-source/contracts/BlockSec-blocksec_impossible_finance_swap_v1.2/impossible-swap-core-29aaef89f996acdbee92b67c4d95fb608dc8b876::ImpossibleWrappedToken,i:deposit,deposit,call,stakes5,7f84faa48669ed62a84f4dc48f0d324532dc719645633982f00a24b3ddb798ee,1
SYNTH_REENTRANCY::00516::SyntheticReentrancy00516,SyntheticReentrancy00516,i:withdraw516,withdraw,train,DAPP::DAppSCAN-source/contracts/consensys-Connext NXTP — Noncustodial Xchain Transfer Protocol/nxtp-0656436d654cfe0313fa3c2bbc81aa86232ade16::TransactionManager,i:removeLiquidity,removeLiquidity,transfer,claims6,ba932d12c5d95ee2b544778902bff014448baf32ea38a312fecaab63f1ab7d04,1
SYNTH_REENTRANCY::00517::SyntheticReentrancy00517,SyntheticReentrancy00517,i:claimReward517,claimReward,train,DAPP::DAppSCAN-source/contracts/PeckShield-DSG/core-6f607f77698936e132e4e9b5cb4d75580636d919::GovernorV1,i:propose,propose,send,escrowed7,717216985b0a3baa1e9078cd87015c6e871e9926d0ac33b383f779611810e426,1
SYNTH_REENTRANCY::00518::SyntheticReentrancy00518,SyntheticReentrancy00518,i:refund518,refund,train,DAPP::DAppSCAN-source/contracts/QuillAudits-Yearn Finance-Yearn Protocol V1/yearn-protocol-9ff0dc0ea73642c529383d0675930a41bf033295::yWETH,i:depositETH,depositETH,safeTransfer,payouts8,1107c8c4ddeda14ace3773d566b80eb3466c80f052c7e2eeefcbbd4acbbe714f,1
SYNTH_REENTRANCY::00519::SyntheticReentrancy00519,SyntheticReentrancy00519,i:unstake519,unstake,train,DAPP::DAppSCAN-source/contracts/PeckShield-ShibaNova/Contracts-b6b1ce1fcaff83d360df8944309f49958842b7b8::MasterShiba,i:withdraw,withdraw,transfer,positions9,ef4b119959ea48fff865dd0e2baa6078e0c34095d8ba2ee23c81f00ab09320cf,1
SYNTH_REENTRANCY::00520::SyntheticReentrancy00520,SyntheticReentrancy00520,i:redeem520,redeem,train,FORGE::vfp_00221::LimitOrderHook,i:cancelOrder,cancelOrder,call,balances10,3b79b1034b81ffbd927d70d31f01139cf09cebd80cbe9445608aae39290159fd,1
SYNTH_REENTRANCY::00521::SyntheticReentrancy00521,SyntheticReentrancy00521,i:payout521,payout,train,DAPP::DAppSCAN-source/contracts/PeckShield-PikaPerpV2/PikaPerpV2-4a0965ff90ed099b7e2d3e8dda47cd589ee8e3a2::PikaPerpV2,i:closePositionWithId,closePositionWithId,transfer,credits11,a3665a5d29219fa6a1fb883ffb91ece19ae99734c1da9fcd26f0e061a2f4d73e,1
SYNTH_REENTRANCY::00522::SyntheticReentrancy00522,SyntheticReentrancy00522,i:release522,release,val,DAPP::DAppSCAN-source/contracts/QuillAudits-GearBox Protocol-GearBox Protocol/gearbox-contracts-0ac33ba87212ce056ac6b6357ad74161d417158a::UniswapV3Adapter,i:exactInputSingle,exactInputSingle,send,pendingRewards12,5a1cb3ab69e9e72dc307988abebf3c42848a16fdf0ff722a90da3cad2370f043,1
SYNTH_REENTRANCY::00523::SyntheticReentrancy00523,SyntheticReentrancy00523,i:exit523,exit,val,DAPP::DAppSCAN-source/contracts/QuillAudits-GearBox Protocol-GearBox Protocol/gearbox-contracts-0ac33ba87212ce056ac6b6357ad74161d417158a::PoolService,i:lendCreditAccount,lendCreditAccount,safeTransfer,withdrawalRequests13,bac1d698d3319ca5aaba4975e92ab5efbe115f3360147ecae5a7cc97cd099757,1
SYNTH_REENTRANCY::00524::SyntheticReentrancy00524,SyntheticReentrancy00524,i:claim524,claim,val,DAPP::DAppSCAN-source/contracts/SlowMist-Starcrazy Smart Contract Security Audit Report/starcrazy-contracts-e9e11d234ac065726e108a73dfcd5efbad26f2c5::ClockAuctionBase,i:setGeneScienceAddress,setGeneScienceAddress,transfer,shares14,6d0e51bb9ad00643d47ccf72dff6cb8e978ef931ef4d76dca90eb0d9dd451438,1
SYNTH_REENTRANCY::00525::SyntheticReentrancy00525,SyntheticReentrancy00525,i:settle525,settle,val,DAPP::DAppSCAN-source/contracts/QuillAudits-GearBox Protocol-GearBox Protocol/gearbox-contracts-0ac33ba87212ce056ac6b6357ad74161d417158a::UniswapV2Adapter,i:swapTokensForExactTokens,swapTokensForExactTokens,call,stakes15,a1dc43c251c8036cbd3fd337b2fa82d041e00d8a799fac6377167483550873ab,1
SYNTH_REENTRANCY::00526::SyntheticReentrancy00526,SyntheticReentrancy00526,i:collect526,collect,val,DAPP::DAppSCAN-source/contracts/PeckShield-TranchessV1.1/contract-core-68a86350313c1cb9e5467e791d3e9efaf228a0df::StakingV2,i:deposit,deposit,transfer,claims16,043012bd135034fb88d7f128f16989221209e5ffb38474220a2b2d9c3414ffb4,1
SYNTH_REENTRANCY::00527::SyntheticReentrancy00527,SyntheticReentrancy00527,i:harvest527,harvest,train,FORGE::vfp_00224::OidcRecoveryValidator,i:startRecovery,startRecovery,send,escrowed0,07126d537310f9bae9d3b19c26cc59f9cad4dfdda638c2461f2fc72ba936b71c,1
SYNTH_REENTRANCY::00528::SyntheticReentrancy00528,SyntheticReentrancy00528,i:withdraw528,withdraw,train,DAPP::DAppSCAN-source/contracts/QuillAudits-1inch-Fixed Rate Swap/fixed-rate-swap-0b5a75e9f56e7d21c290dd28c59dc140dcbcc1d5::FixedRateSwap,i:depositFor,depositFor,safeTransfer,payouts1,f94bc5c726129dd71a6a8f073f9d6cb151e140ffe9448bf946150ff465cbf4b5,1
SYNTH_REENTRANCY::00529::SyntheticReentrancy00529,SyntheticReentrancy00529,i:claimReward529,claimReward,train,DAPP::DAppSCAN-source/contracts/PeckShield-Holdefi/Holdefi-5a1e6e0d582120142e8a531f6806eba6665ef2f4::HoldefiSettings,i:setHoldefiContract,setHoldefiContract,transfer,positions2,245a37475fb7ce8bddc5e72500492878e8cba983c4c7670435bf4352aff88a9d,1
SYNTH_REENTRANCY::00530::SyntheticReentrancy00530,SyntheticReentrancy00530,i:refund530,refund,train,DAPP::DAppSCAN-source/contracts/Chainsecurity-Compound  cToken unredacted/compound-protocol-4a54ec5c55b66ea67d44b76f3056f0ed7229db8c::Comptroller,i:liquidateBorrowAllowed,liquidateBorrowAllowed,call,balances3,14b808101e96ff5b2bdde5faa5d1e9671f75b174d7e3ee4721f26f0eaaa76a03,1
SYNTH_REENTRANCY::00531::SyntheticReentrancy00531,SyntheticReentrancy00531,i:unstake531,unstake,train,DAPP::DAppSCAN-source/contracts/openzeppelin-Optimism/contracts-18e128343731b9bde23812ce932e24d81440b6b7::OVM_StateTransitioner,i:applyTransaction,applyTransaction,transfer,credits4,15650ce95ae8f06f4d3a9af5d242310c7c48d596cac4826b9dde75bbf391c866,1
SYNTH_REENTRANCY::00532::SyntheticReentrancy00532,SyntheticReentrancy00532,i:redeem532,redeem,val,DAPP::DAppSCAN-source/contracts/QuillAudits-GearBox Protocol-GearBox Protocol/gearbox-contracts-0ac33ba87212ce056ac6b6357ad74161d417158a::YearnAdapter,i:withdraw,withdraw,send,pendingRewards5,31d9e7551f5a6edd272e216383f00b22eff433638c33c3810ea21b0d3f7ed869,1
SYNTH_REENTRANCY::00533::SyntheticReentrancy00533,SyntheticReentrancy00533,i:payout533,payout,train,DAPP::DAppSCAN-source/contracts/QuillAudits-Abyss Finance-Abyss Eth2 Depositor/abyss-eth2depositor-a2d58dea4d79846dc682fe93ac3e0eca02323d11::AbyssEth2Depositor,i:deposit,deposit,safeTransfer,withdrawalRequests6,6b17a472d10e216cb4df2c2986f8b554545f79509b84fe2cade2dd7ace1f3e52,1
SYNTH_REENTRANCY::00534::SyntheticReentrancy00534,SyntheticReentrancy00534,i:release534,release,train,DAPP::DAppSCAN-source/contracts/Coinbae-Pud.Fi Masterchef_Audit/MasterChef0x15Bee180BB39eE5c0166E63313C33984376930Db::MasterChef,i:deposit,deposit,transfer,shares7,2964319020e308bc7e922cfd382c1ce42235c5eeca168b6de9f55bb5c8312384,1
SYNTH_REENTRANCY::00535::SyntheticReentrancy00535,SyntheticReentrancy00535,i:exit535,exit,val,DAPP::DAppSCAN-source/contracts/SlowMist-Starcrazy Smart Contract Security Audit Report/starcrazy-contracts-e9e11d234ac065726e108a73dfcd5efbad26f2c5::AlianaSale,i:withdrawOwnerCutSale,withdrawOwnerCutSale,call,stakes8,647ffb53f80521610dede52576e600e26eba055155ddef661e623daafa7ba182,1
SYNTH_REENTRANCY::00536::SyntheticReentrancy00536,SyntheticReentrancy00536,i:claim536,claim,val,FORGE::vfp_00001::AgentImageService,i:fulfillImage,fulfillImage,transfer,claims9,11ef48c52624b05d4700b25579538ff2b9e35c8706875addb1b3a72f650d7ea1,1
SYNTH_REENTRANCY::00537::SyntheticReentrancy00537,SyntheticReentrancy00537,i:settle537,settle,test,FORGE::vfp_00058::LikwidMarginPosition,i:_executeAddLeverage,_executeAddLeverage,send,escrowed10,90e3b74a08ac675ef4414f1cf4b2acdbecda90daead0f90e9ede917a4d12b079,1
SYNTH_REENTRANCY::00538::SyntheticReentrancy00538,SyntheticReentrancy00538,i:collect538,collect,train,DAPP::DAppSCAN-source/contracts/Chainsecurity-Compound  cToken unredacted/compound-protocol-4a54ec5c55b66ea67d44b76f3056f0ed7229db8c::CToken,i:_setComptroller,_setComptroller,safeTransfer,payouts11,b515eefc3697e50bba27599de191677c023a5397e28b670f94a294d94ff890f1,1
SYNTH_REENTRANCY::00539::SyntheticReentrancy00539,SyntheticReentrancy00539,i:harvest539,harvest,val,DAPP::DAppSCAN-source/contracts/Trail_of_Bits-OriginDollar/origin-dollar-81431fd3b2aa4c518ffc389844f9708c00b516f0::VaultCore,i:_redeem,_redeem,transfer,positions12,62d8218bb48d2f0dae44572bf2ab7d1a9267c5a3ffc8979cfcff7f57f52e7a3f,1
SYNTH_REENTRANCY::00540::SyntheticReentrancy00540,SyntheticReentrancy00540,i:withdraw540,withdraw,val,DAPP::DAppSCAN-source/contracts/QuillAudits-GearBox Protocol-GearBox Protocol/gearbox-contracts-0ac33ba87212ce056ac6b6357ad74161d417158a::AccountFactory,i:returnCreditAccount,returnCreditAccount,call,balances13,1ff2344b57cd9ef6fbc85ddef534aff0506e73c356eb9cebb0e2231d518678c4,1
SYNTH_REENTRANCY::00541::SyntheticReentrancy00541,SyntheticReentrancy00541,i:claimReward541,claimReward,train,FORGE::vfp_00102::StopLimit,i:performUpkeep,performUpkeep,transfer,credits14,dd458e995d0c1865bf834535c9b563f5e0a028ee6ab14208098a0e799a4c562c,1
SYNTH_REENTRANCY::00542::SyntheticReentrancy00542,SyntheticReentrancy00542,i:refund542,refund,train,FORGE::vfp_00007::Folio,i:getRebalance,getRebalance,send,pendingRewards15,584d68a0913624194c81e5bc3568cf3a8d9ba25306d62ff9cc88b228b2e6274f,1
SYNTH_REENTRANCY::00543::SyntheticReentrancy00543,SyntheticReentrancy00543,i:unstake543,unstake,train,DAPP::DAppSCAN-source/contracts/BlockSec-blocksec_multichain_vemult_v1.0_signed/veMULTI-bac804399d1ea280e5bd8cdc9488b6fa6a0a7fcc::ve,i:withdraw,withdraw,safeTransfer,withdrawalRequests16,b6198f762d33fcfea18219677d21c92651e0a13734192ec647a0d72fc6f23a74,1
SYNTH_REENTRANCY::00544::SyntheticReentrancy00544,SyntheticReentrancy00544,i:redeem544,redeem,val,DAPP::DAppSCAN-source/contracts/QuillAudits-GearBox Protocol-GearBox Protocol/gearbox-contracts-0ac33ba87212ce056ac6b6357ad74161d417158a::WETHGateway,i:openCreditAccountETH,openCreditAccountETH,transfer,shares0,47d6458f0d3084787f41ec51408875d748d0c376a039af964db9988142d7d7af,1
SYNTH_REENTRANCY::00545::SyntheticReentrancy00545,SyntheticReentrancy00545,i:payout545,payout,val,DAPP::DAppSCAN-source/contracts/QuillAudits-GearBox Protocol-GearBox Protocol/gearbox-contracts-0ac33ba87212ce056ac6b6357ad74161d417158a::UniswapV3Adapter,i:exactOutput,exactOutput,call,stakes1,a433b66b01e0b1b0e53546f65aa2324b19db59d1cfd7118f19137f252d0f5731,1
SYNTH_REENTRANCY::00546::SyntheticReentrancy00546,SyntheticReentrancy00546,i:release546,release,val,DAPP::DAppSCAN-source/contracts/SlowMist-Starcrazy Smart Contract Security Audit Report/starcrazy-contracts-e9e11d234ac065726e108a73dfcd5efbad26f2c5::AlianaBase,i:setGeneScienceAddress,setGeneScienceAddress,transfer,claims2,86c424c98640cf7b77fa21b9970427883477bd6ccd04287acdc4437438e40b87,1
SYNTH_REENTRANCY::00547::SyntheticReentrancy00547,SyntheticReentrancy00547,i:exit547,exit,val,DAPP::DAppSCAN-source/contracts/SlowMist-Starcrazy Smart Contract Security Audit Report/starcrazy-contracts-e9e11d234ac065726e108a73dfcd5efbad26f2c5::AlianaOwnership,i:setGeneScienceAddress,setGeneScienceAddress,send,escrowed3,9ce1f7ec262f7036e1bc121cd8ee98f415c4aabeb12b7f97e97f0beec00ad339,1
SYNTH_REENTRANCY::00548::SyntheticReentrancy00548,SyntheticReentrancy00548,i:claim548,claim,test,DAPP::DAppSCAN-source/contracts/Hacken-Powerbomb-V1/powerbomb-lite-0f86ff1eecdd723be733a9b33ff4ffa3bbdadcee::PowerBombAvaxCurve,i:claimReward,claimReward,safeTransfer,payouts4,29edf57954574110e6b62a221b6c1ce8825fd6c04e3b0e678e076b40f1a5164b,1
SYNTH_REENTRANCY::00549::SyntheticReentrancy00549,SyntheticReentrancy00549,i:settle549,settle,train,DAPP::DAppSCAN-source/contracts/QuillAudits-Alium Finance Smart Contract/alium-farm-e37d6af39af68049c2684085f025385407b4bd55::MasterChef,i:emergencyWithdraw,emergencyWithdraw,transfer,positions5,c020897aeb05ac4550a5ed2369981b55487ec6cae5835593c3673b51c43e0e6a,1
SYNTH_REENTRANCY::00550::SyntheticReentrancy00550,SyntheticReentrancy00550,i:collect550,collect,train,DAPP::DAppSCAN-source/contracts/openzeppelin-Solo_Margin_Protocol/solo-17df84db351d5438e1b7437572722b4f52c8b2b4::AdminImpl,i:_setPriceOracle,_setPriceOracle,call,balances6,85f6b2ec2286120135979e94ce7d234b249ebb85d11834006cf8981a9d7a08d7,1
SYNTH_REENTRANCY::00551::SyntheticReentrancy00551,SyntheticReentrancy00551,i:harvest551,harvest,train,FORGE::vfp_00215::ScrollChainValidium,i:registerNewEncryptionKey,registerNewEncryptionKey,transfer,credits7,11c98f0af2245e20d2443c61495414d06b389ce0738952aa03322ba39fede5a3,1
SYNTH_REENTRANCY::00552::SyntheticReentrancy00552,SyntheticReentrancy00552,i:withdraw552,withdraw,train,DAPP::DAppSCAN-source/contracts/Runtime_Vеrification-stakefish_ethereum_staking_audit_report/eth2-validation-services-contract-d91928f3a270f6115831fe3a21a69eb98bf57b26::StakefishERC721Wrapper,i:mintTo,mintTo,send,pendingRewards8,32ed98e915fee54bd1d21e6db0b51671a91dc8939b9b282bb7c6c81407d3a50c,1
SYNTH_REENTRANCY::00553::SyntheticReentrancy00553,SyntheticReentrancy00553,i:claimReward553,claimReward,val,DAPP::DAppSCAN-source/contracts/PeckShield-Tranchessv1.0/contract-core-5ac3d997da3ef37b0135565a11c5ebcc519862aa::LiquidityStaking,i:deposit,deposit,safeTransfer,withdrawalRequests9,2463f4916eec4989e1a68ba74761131ac634054df5a8f6d1947b19e5369acb4a,1
SYNTH_REENTRANCY::00554::SyntheticReentrancy00554,SyntheticReentrancy00554,i:refund554,refund,train,FORGE::vfp_00209::StakingManager,i:withdraw,withdraw,transfer,shares10,949e8689f98816c23308282b6fabe2df256e51cc1248917d9bc7b5612264d04a,1
SYNTH_REENTRANCY::00555::SyntheticReentrancy00555,SyntheticReentrancy00555,i:unstake555,unstake,train,DAPP::DAppSCAN-source/contracts/Trail_of_Bits-ampleforth/market-oracle-888fccaf05786f3f7f49e18ff040f911d44906f4::MarketOracle,i:getPriceAnd24HourVolume,getPriceAnd24HourVolume,call,stakes11,b8fa430555b9765cacedf51f7cb8b46d55e5ed13ff823ea3f4282addb681a0db,1
SYNTH_REENTRANCY::00556::SyntheticReentrancy00556,SyntheticReentrancy00556,i:redeem556,redeem,train,DAPP::DAppSCAN-source/contracts/PeckShield-Rikkei/rifi-protocol-b33243fb3a218cc195f0727fe1499cb57f5ea0b2::RToken,i:borrowFresh,borrowFresh,transfer,claims12,aeab4078b0ec8e8d4c14accb2eb2e8fa2c5f236d63bcb42d844f4d596dd22fea,1
SYNTH_REENTRANCY::00557::SyntheticReentrancy00557,SyntheticReentrancy00557,i:payout557,payout,train,FORGE::vfp_00007::Folio,i:startRebalance,startRebalance,send,escrowed13,ba35d6521b8c040dd729d105932ac8dfa0bffb6c51c74d57df396be03d9b7de6,1
SYNTH_REENTRANCY::00558::SyntheticReentrancy00558,SyntheticReentrancy00558,i:release558,release,val,DAPP::DAppSCAN-source/contracts/Runtime_Vеrification-Tracer_Perpetual_Pools_V2/perpetual-pools-contracts-846bbf62652d7c83aee1cf3766275c4d08b00c8a::PoolFactory,i:deployPool,deployPool,safeTransfer,payouts14,6b6a6c27ec92b865c6dbaece4bf7616e6cbeba95a413a8fabdf3e0becb25adf5,1
SYNTH_REENTRANCY::00559::SyntheticReentrancy00559,SyntheticReentrancy00559,i:exit559,exit,train,DAPP::DAppSCAN-source/contracts/Trail_of_Bits-FraxQ42021/frax-solidity-bd40775e283923aa9e32a107abd426430a99835e::veFXSYieldDistributorV4,i:notifyRewardAmount,notifyRewardAmount,transfer,positions15,1be605516756abf96f0c5d369f83dfdcbd49639ee166c06920e329efa3456c99,1
SYNTH_REENTRANCY::00560::SyntheticReentrancy00560,SyntheticReentrancy00560,i:claim560,claim,train,FORGE::vfp_00007::Folio,i:mint,mint,call,balances16,4e6f018c338c6b642534b25b9199086eda42920f327f2ea9ed063d0acadaad2b,1
SYNTH_REENTRANCY::00561::SyntheticReentrancy00561,SyntheticReentrancy00561,i:settle561,settle,test,DAPP::DAppSCAN-source/contracts/SlowMist-ForTube2.0 Smart Contract Security Audit Report/bond-854527d0ea7ad2ddd3504b4d4ae3fcb57cb6445d::PRA,i:lock,lock,transfer,credits0,c3dd61342319766a158a12219f4c4a463d6d7b748df26835529dd23f80815928,1
SYNTH_REENTRANCY::00562::SyntheticReentrancy00562,SyntheticReentrancy00562,i:collect562,collect,train,FORGE::vfp_00007::Folio,i:distributeFees,distributeFees,send,pendingRewards1,1a5a4f848247ec837343daac4ab546a10b054725878345f5b81b885db02fb008,1
SYNTH_REENTRANCY::00563::SyntheticReentrancy00563,SyntheticReentrancy00563,i:harvest563,harvest,train,DAPP::DAppSCAN-source/contracts/PeckShield-BabySwap/code::MasterChef,i:withdraw,withdraw,safeTransfer,withdrawalRequests2,e40cee70233c0a26bc0699d105620905a8b816cd0a4f7ef56ad704fa367811b9,1
SYNTH_REENTRANCY::00564::SyntheticReentrancy00564,SyntheticReentrancy00564,i:withdraw564,withdraw,train,DAPP::DAppSCAN-source/contracts/QuillAudits-coalichain/CoaliSC-3f0920d650467279f7ceee08776bd74ecadd3237::Main,i:createBallot,createBallot,transfer,shares3,a967d44e47c1e4fbd824530d4c970da82539d866b27a7b2dfbd8bf28f2d999c7,1
SYNTH_REENTRANCY::00565::SyntheticReentrancy00565,SyntheticReentrancy00565,i:claimReward565,claimReward,val,DAPP::DAppSCAN-source/contracts/Trail_of_Bits-OriginDollar/origin-dollar-81431fd3b2aa4c518ffc389844f9708c00b516f0::VaultCore,i:mintMultiple,mintMultiple,call,stakes4,6a8ced2e0a6d51b0e950757c52629c50048294166a2eff16bf91a012b49561e7,1
SYNTH_REENTRANCY::00566::SyntheticReentrancy00566,SyntheticReentrancy00566,i:refund566,refund,test,DAPP::DAppSCAN-source/contracts/PepperSec-Aira-Robonomic/robonomics_contracts-cc35a91de187072214d215262d8371f0159c2498::LighthouseLib,i:withdraw,withdraw,transfer,claims5,c6ff0358fcf981dc0416bf96c349568ca4ff70a6b0093864a2aa93d1050d8f62,1
SYNTH_REENTRANCY::00567::SyntheticReentrancy00567,SyntheticReentrancy00567,i:unstake567,unstake,train,DAPP::DAppSCAN-source/contracts/PeckShield-Convex_Frax/frax-cvx-platform-2f8573ee796daa022c1050b4a749bf08049c439b::StakingProxyUniV3,i:lockAdditional,lockAdditional,send,escrowed6,bac669f0fa7c278e3481f76bba0418b50c8e6738a1db46de04430741b286578f,1
SYNTH_REENTRANCY::00568::SyntheticReentrancy00568,SyntheticReentrancy00568,i:redeem568,redeem,train,DAPP::DAppSCAN-source/contracts/PeckShield-CryptoHeroes/cryptoheroes-6cb0eaf8c88fdaab89d2b4c83535a189c7793001::CryptoHeroesUniverse,i:deposit,deposit,safeTransfer,payouts7,29518ee56985c2f9c97ea018466437706c5113e7ca9e555ad74a448bd67a0411,1
SYNTH_REENTRANCY::00569::SyntheticReentrancy00569,SyntheticReentrancy00569,i:payout569,payout,train,DAPP::DAppSCAN-source/contracts/Chainsecurity-Angle Protocol/angle-core-46e6d32837cbe97a4af0adb693e63afa0d01fc3e::PerpetualManagerFront,i:openPerpetual,openPerpetual,transfer,positions8,e1c152c05442024e0dc18fe0f4b6bb63ad620191cc1eb633ed88195a1298bac1,1
SYNTH_REENTRANCY::00570::SyntheticReentrancy00570,SyntheticReentrancy00570,i:release570,release,train,DAPP::DAppSCAN-source/contracts/PeckShield-Hegic(v8888)/Hegic-v8888-2dcd44dc1ae07881e94d52fa618f9704bfd4ffda::HegicPool,i:provideFrom,provideFrom,call,balances9,687a56bf492343ddcb866bde5804f17c13b0e866bbb2e00080448e64e17f117d,1
SYNTH_REENTRANCY::00571::SyntheticReentrancy00571,SyntheticReentrancy00571,i:exit571,exit,train,FORGE::vfp_00174::P2pResolvProxy,i:withdrawRESOLV,withdrawRESOLV,transfer,credits10,1bd0d82e79abb279442f3cc4f1e94fa40814795eb6b9fefc1d0b64dea9ee7e44,1
SYNTH_REENTRANCY::00572::SyntheticReentrancy00572,SyntheticReentrancy00572,i:claim572,claim,train,DAPP::DAppSCAN-source/contracts/QuillAudits-Bond Appetit-Bond Appetit/bondappetit-protocol-355180f0aca0b29d60d808f761052956b7a3a159::ProfitSplitter,i:_payToRecipients,_payToRecipients,send,pendingRewards11,ab1ff592191d62fe615ea39452ca985594639d06bd0cc9979c2b03bf817757a9,1
SYNTH_REENTRANCY::00573::SyntheticReentrancy00573,SyntheticReentrancy00573,i:settle573,settle,train,FORGE::vfp_00209::StakingManager,i:stake,stake,safeTransfer,withdrawalRequests12,ed9e5ea41edc1d6752d345ff3946cbb87848dcda865adb43d4a8fd61b15b5b06,1
SYNTH_REENTRANCY::00574::SyntheticReentrancy00574,SyntheticReentrancy00574,i:collect574,collect,test,DAPP::DAppSCAN-source/contracts/Solidity_Finance-OKLG - Smart Contract/contracts-e167d0d742d21bcc62d7a5b770a1f0ed1cf31eca::MTGYTokenLocker,i:withdrawLockedTokens,withdrawLockedTokens,transfer,shares13,a0436dd22cda5a73f0a91d7ffa8b1ee0b81188d41daad48a5af1ed24763667c4,1
SYNTH_REENTRANCY::00575::SyntheticReentrancy00575,SyntheticReentrancy00575,i:harvest575,harvest,val,DAPP::DAppSCAN-source/contracts/consensys-DeFi_Saver/defisaver-v3-contracts-cb29669a84c2d6fffaf2231c0938eb407c060919::FLAaveV2,i:executeOperation,executeOperation,call,stakes14,5bbc6624a903cf19bbc8a49688f63f9bb90867b191a4c9516881081b9c732388,1
SYNTH_REENTRANCY::00576::SyntheticReentrancy00576,SyntheticReentrancy00576,i:withdraw576,withdraw,train,DAPP::DAppSCAN-source/contracts/Iosiro-1inch Exchange Staking Rewards Smart Contract Audit/liquidity-protocol-c9c8bc600e8e7897f70f84b006de601d4f4bcbe3::BaseRewards,i:getReward,getReward,transfer,claims15,c620b078303c69b598a28b4977a694cd518abaec08f67ac4d0e401f476ea1233,1
SYNTH_REENTRANCY::00577::SyntheticReentrancy00577,SyntheticReentrancy00577,i:claimReward577,claimReward,train,FORGE::vfp_00102::StopLimit,i:modifyOrder,modifyOrder,send,escrowed16,bded73854a9e731bc4701874a6588e3d905e657ce328e37253fe5a2a5f1fb662,1
SYNTH_REENTRANCY::00578::SyntheticReentrancy00578,SyntheticReentrancy00578,i:refund578,refund,val,FORGE::vfp_00001::AgentImageService,i:requestImage,requestImage,safeTransfer,payouts0,89290b08ebe11e335c8356c0d95287c80ab58c9d8f56cfc9b46a002d757b8d97,1
SYNTH_REENTRANCY::00579::SyntheticReentrancy00579,SyntheticReentrancy00579,i:unstake579,unstake,train,FORGE::vfp_00189::Box,i:deallocate,deallocate,transfer,positions1,919b1ede6adfd7b9b4126692ebfd4814b6fb1320d248763a49d5955554a091f5,1
SYNTH_REENTRANCY::00580::SyntheticReentrancy00580,SyntheticReentrancy00580,i:redeem580,redeem,val,DAPP::DAppSCAN-source/contracts/QuillAudits-GearBox Protocol-GearBox Protocol/gearbox-contracts-0ac33ba87212ce056ac6b6357ad74161d417158a::UniswapV3Adapter,i:exactInput,exactInput,call,balances2,da9ae870672999a74c999fc9fe86129ff3697580f313d0136d554f4d21dcc6d9,1
SYNTH_REENTRANCY::00581::SyntheticReentrancy00581,SyntheticReentrancy00581,i:payout581,payout,train,DAPP::DAppSCAN-source/contracts/PeckShield-StackerVC/StackerVC_VentureFund001-3cfb98b21f4731dfd62993feb7c7d1540837f59b::LPGauge,i:deposit,deposit,transfer,credits3,956db696c42268efe96a1e7da599f24de91af7e8f748829771c0bbc5668d9d87,1
SYNTH_REENTRANCY::00582::SyntheticReentrancy00582,SyntheticReentrancy00582,i:release582,release,train,DAPP::DAppSCAN-source/contracts/consensys-Aave_Protocol_V2/aave-protocol-v2-f756f44a8d6a328cd545335e46e7128939db88c4::LendingPool,i:deposit,deposit,send,pendingRewards4,e891909445f0d74217371e08b2c6d45a38370b419714d1aa72170a2427047aba,1
SYNTH_REENTRANCY::00583::SyntheticReentrancy00583,SyntheticReentrancy00583,i:exit583,exit,test,DAPP::DAppSCAN-source/contracts/Trail_of_Bits-Liquity/dev-f0df3efa5a5f05b205752184cfce107c5bd6e06c::BorrowerOperations,i:_moveTokensAndETHfromAdjustment,_moveTokensAndETHfromAdjustment,safeTransfer,withdrawalRequests5,ebfe511242ff1d75385bc3b818452d6c15f588f52e395bf4ff15b7f6ed034140,1
SYNTH_REENTRANCY::00584::SyntheticReentrancy00584,SyntheticReentrancy00584,i:claim584,claim,train,DAPP::DAppSCAN-source/contracts/Coinbae-Hakka_Finance_wHakka/code::wHakka,i:stake,stake,transfer,shares6,53343ddbd8339b25fe5b6142d8e800f4734f70c2b0c03984f14219b5b494d988,1
SYNTH_REENTRANCY::00585::SyntheticReentrancy00585,SyntheticReentrancy00585,i:settle585,settle,train,DAPP::DAppSCAN-source/contracts/consensys-Idle_Finance/idle-tranches-d94ee7194e8cb17db13b16c338f3e780b62f5435::IdleCDO,i:_deposit,_deposit,call,stakes7,75d161b00387c9a32f49e3da8c5a569cd3f1b50fa692a97cf4475319a730fc6b,1
SYNTH_REENTRANCY::00586::SyntheticReentrancy00586,SyntheticReentrancy00586,i:collect586,collect,test,DAPP::DAppSCAN-source/contracts/PepperSec-Aira-Robonomic/robonomics_contracts-cc35a91de187072214d215262d8371f0159c2498::RobotLiabilityLib,i:finalize,finalize,transfer,claims8,fb8ee0e5be3ba146a30a61524163a91d172722a4991aca6f01f6e409709a8df7,1
SYNTH_REENTRANCY::00587::SyntheticReentrancy00587,SyntheticReentrancy00587,i:harvest587,harvest,train,DAPP::DAppSCAN-source/contracts/Chainsulting-Furucombo-project2/trevi-b3f7fd332873321152db48c9d43fc23a60a29f1a::FountainBase,i:_depositAngel,_depositAngel,send,escrowed9,c545d271c23ee07d7457d0f4baff3d8a3adec75311bcdcbb0b82ab0c3dd40535,1
SYNTH_REENTRANCY::00588::SyntheticReentrancy00588,SyntheticReentrancy00588,i:withdraw588,withdraw,train,FORGE::vfp_00096::MarketConfigurator,i:_migrateFactoryTargets,_migrateFactoryTargets,safeTransfer,payouts10,a7911e4360c2e6d48a7cb5a639fffc139eaaece2312ee00c8bd6e23bea4c6acf,1
SYNTH_REENTRANCY::00589::SyntheticReentrancy00589,SyntheticReentrancy00589,i:claimReward589,claimReward,train,DAPP::DAppSCAN-source/contracts/PeckShield-Buffer/code::BufferBNBOptions,i:create,create,transfer,positions11,27732efe16292a15ac84582de157d181502329fab90eb813141c5b7ecf8ab458,1
SYNTH_REENTRANCY::00590::SyntheticReentrancy00590,SyntheticReentrancy00590,i:refund590,refund,train,DAPP::DAppSCAN-source/contracts/consensys-Skyweaver/Skyweaver-contracts-bde0c184db6168bf86656a48b12d5747950b54d9::EternalHeroesFactory,i:_buy,_buy,call,balances12,97a48af1ccc01af78fc3a6111e9278a7a253a882a4e2bfa984f5c15bfb6d5add,1
SYNTH_REENTRANCY::00591::SyntheticReentrancy00591,SyntheticReentrancy00591,i:unstake591,unstake,train,DAPP::DAppSCAN-source/contracts/consensys-Aave_Protocol_V2/aave-protocol-v2-f756f44a8d6a328cd545335e46e7128939db88c4::LendingPool,i:flashLoan,flashLoan,transfer,credits13,11199a988982ba9ae31048a1d4a9b3db654a217e5c3503e7076e3ab96c902be8,1
SYNTH_REENTRANCY::00592::SyntheticReentrancy00592,SyntheticReentrancy00592,i:redeem592,redeem,train,DAPP::DAppSCAN-source/contracts/Coinbae-Barnbridge_Vault/CommunityVault0xA3C299eEE1998F45c20010276684921EBE6423D9::CommunityVault,i:setAllowance,setAllowance,send,pendingRewards14,e2882d67c09e23c87866abe48b3d07863ee6f57e740e6fb9b61accfe7fceb800,1
SYNTH_REENTRANCY::00593::SyntheticReentrancy00593,SyntheticReentrancy00593,i:payout593,payout,train,DAPP::DAppSCAN-source/contracts/Trail_of_Bits-MapleFinance/liquidations-35c628e5ab45fbffaab7aef43a030a98b712a94a::Liquidator,i:liquidatePortion,liquidatePortion,safeTransfer,withdrawalRequests15,de18da451b6e5afec5506fdb2030002683e8bc0d5daf0db88c513b2f9a782d64,1
SYNTH_REENTRANCY::00594::SyntheticReentrancy00594,SyntheticReentrancy00594,i:release594,release,test,DAPP::DAppSCAN-source/contracts/consensys-GrowthDeFi WHEAT/wheat-v1-core-8360ac0a537589bb974e8a5a169bb3e7c95d2857::Exchange,i:convertFundsFromInput,convertFundsFromInput,transfer,shares16,1077dcff2f34e106e4b8dc2a1e65187d424d213615477091e46820999d529efa,1
SYNTH_REENTRANCY::00595::SyntheticReentrancy00595,SyntheticReentrancy00595,i:exit595,exit,test,DAPP::DAppSCAN-source/contracts/ImmuneBytes-Bird Money(MasterChef)-Audit Report/bird-farm-contracts-dfd2502b73c8f54c9081682c3eb070fcd3c00629::MasterChef,i:emergencyWithdraw,emergencyWithdraw,call,stakes0,da69e116d1a0317bb7c3af51d4351d4d5b28fb1efaa558c4d030619e551b30cc,1
SYNTH_REENTRANCY::00596::SyntheticReentrancy00596,SyntheticReentrancy00596,i:claim596,claim,train,"DAPP::DAppSCAN-source/contracts/Inspex-Tokens, Farm & Shop/-SpeedStar-Audit-3e39d7acf9c1aa9f3a5511c161c2035ba7d6bc1f::Staking",i:depositStable,depositStable,transfer,claims1,92504214117e1ad189746a8bccdf2409e6450964d180182ad22d20ba75289063,1
SYNTH_REENTRANCY::00597::SyntheticReentrancy00597,SyntheticReentrancy00597,i:settle597,settle,train,FORGE::vfp_00125::Aori,i:cancel,cancel,send,escrowed2,ca36537d29db063ebf1145c34271f05fec7add9c691ffa937eb487c11035622b,1
SYNTH_REENTRANCY::00598::SyntheticReentrancy00598,SyntheticReentrancy00598,i:collect598,collect,train,DAPP::DAppSCAN-source/contracts/Coinbae-Hakka_Finance_wHakka/code::wHakka,i:unstake,unstake,safeTransfer,payouts3,7776f9b9c9182cbd2e3acd9a52b59c729493d87819a9c812655342edb8763ef9,1
SYNTH_REENTRANCY::00599::SyntheticReentrancy00599,SyntheticReentrancy00599,i:harvest599,harvest,train,DAPP::DAppSCAN-source/contracts/Chainsulting-Furucombo-project2/trevi-b3f7fd332873321152db48c9d43fc23a60a29f1a::FountainBase,i:_withdrawAngel,_withdrawAngel,transfer,positions4,c9a7d2826391a2aa7b588499cb5e35e649ba12c7702cea1e454f8d3ce4ca4714,1
SYNTH_REENTRANCY::00600::SyntheticReentrancy00600,SyntheticReentrancy00600,i:withdraw600,withdraw,test,FORGE::vfp_00260::Router_Adapter,i:relayTokens,relayTokens,call,balances5,d3fd53b972f155f5c3933aa740c7fec897534a0bc785401991648e1b6588d5c1,1
SYNTH_REENTRANCY::00601::SyntheticReentrancy00601,SyntheticReentrancy00601,i:claimReward601,claimReward,train,FORGE::vfp_00215::ScrollChainValidium,i:_finalizeBundle,_finalizeBundle,transfer,credits6,c6ddb073ea7625422da9ad383b5a45c29d549d3c2353432a991c0f7c53db4240,1
SYNTH_REENTRANCY::00602::SyntheticReentrancy00602,SyntheticReentrancy00602,i:refund602,refund,train,DAPP::DAppSCAN-source/contracts/PeckShield-PlutosV1/plutos-eth-contract-0777815::PMintBurn,i:deposit,deposit,send,pendingRewards7,6845339b7285132ffd52712988012eb64e2b88af71f42873e68e761a6ad22239,1
SYNTH_REENTRANCY::00603::SyntheticReentrancy00603,SyntheticReentrancy00603,i:unstake603,unstake,val,DAPP::DAppSCAN-source/contracts/QuillAudits-GearBox Protocol-GearBox Protocol/gearbox-contracts-0ac33ba87212ce056ac6b6357ad74161d417158a::UniswapV3Adapter,i:exactOutputSingle,exactOutputSingle,safeTransfer,withdrawalRequests8,a305ae7f9e4242f1957aa1120c798cc2fdb6c1249c54e619de21d04157422ca1,1
SYNTH_REENTRANCY::00604::SyntheticReentrancy00604,SyntheticReentrancy00604,i:redeem604,redeem,train,DAPP::DAppSCAN-source/contracts/SlowMist-CFFv2 Smart Contract Security Audit Report/cff-contract-v2-c86bef3f13c7585f547f9cd0ca900f94664e96b7::CFVaultV2,i:withdraw,withdraw,transfer,shares9,d4e63316153a62c3030245c1707bb32bef96e39cda3e57373dae60bd94262456,1
SYNTH_REENTRANCY::00605::SyntheticReentrancy00605,SyntheticReentrancy00605,i:payout605,payout,train,FORGE::vfp_00221::LimitOrderHook,i:_afterSwap,_afterSwap,call,stakes10,88a37f7c9b34c4d297bc578cb38e4bd861fe18616e49fe4fc7456b5f4c3297e9,1
SYNTH_REENTRANCY::00606::SyntheticReentrancy00606,SyntheticReentrancy00606,i:release606,release,val,DAPP::DAppSCAN-source/contracts/SlowMist-Starcrazy Smart Contract Security Audit Report/starcrazy-contracts-e9e11d234ac065726e108a73dfcd5efbad26f2c5::GFSBonus,i:withdraw,withdraw,transfer,claims11,af3ab202883dd380cedc20e4ca442690c79edece921d09187432fb6612013980,1
SYNTH_REENTRANCY::00607::SyntheticReentrancy00607,SyntheticReentrancy00607,i:exit607,exit,train,DAPP::DAppSCAN-source/contracts/Coinfabrik-Woonkly Security Audit (DEX STAKE)/STAKESmartContractPreRelease-main::WOOPStake,i:processReward,processReward,send,escrowed12,06f202f9ff41d42ee5a9dc7b2a6e515b3841d171cb6d0c51dc214382f0e97cdf,1
SYNTH_REENTRANCY::00608::SyntheticReentrancy00608,SyntheticReentrancy00608,i:claim608,claim,train,DAPP::DAppSCAN-source/contracts/Iosiro-SNX FlashBurn Smart Contract Audit/flashburn-3aa02a3d63d9e0110a5b6669a4a4011ceee3cf2b::SNXFlashLoanTool,i:swap,swap,safeTransfer,payouts13,9f19cfbbb06559558622c060e3ad9eb128de752b18810f987d93463a29f30b89,1
SYNTH_REENTRANCY::00609::SyntheticReentrancy00609,SyntheticReentrancy00609,i:settle609,settle,train,FORGE::vfp_00174::P2pResolvProxy,i:initiateWithdrawalRESOLVAccruedRewards,initiateWithdrawalRESOLVAccruedRewards,transfer,positions14,b5af9cfb284fb9593c27149bd43ea09714b291522080aa2714651c173289af6c,1
SYNTH_REENTRANCY::00610::SyntheticReentrancy00610,SyntheticReentrancy00610,i:collect610,collect,train,DAPP::DAppSCAN-source/contracts/consensys-Gamma/hypervisor-41fd4abf79864478523e87924d4e80d80df04879::UniProxy,i:deposit,deposit,call,balances15,2a58a105a1f85c7475910adc96ba841f516bd20eeb4ffeff0437233c5998a86e,1
SYNTH_REENTRANCY::00611::SyntheticReentrancy00611,SyntheticReentrancy00611,i:harvest611,harvest,train,FORGE::vfp_00175::P2pYieldProxy,i:_withdraw,_withdraw,transfer,credits16,131f1971d77ef53b2b3ab0b8e855cc45f47d481ce622ba65097d0d06dc17d58d,1
SYNTH_REENTRANCY::00612::SyntheticReentrancy00612,SyntheticReentrancy00612,i:withdraw612,withdraw,val,FORGE::vfp_00001::AgentImageService,i:requestRefund,requestRefund,send,pendingRewards0,6ee640f297feac9de95eeb6f9e756c8e3795e7f6b59ca73dccdeee16c9c9a53d,1
SYNTH_REENTRANCY::00613::SyntheticReentrancy00613,SyntheticReentrancy00613,i:claimReward613,claimReward,val,DAPP::DAppSCAN-source/contracts/SlowMist-Starcrazy Smart Contract Security Audit Report/starcrazy-contracts-e9e11d234ac065726e108a73dfcd5efbad26f2c5::Auction,i:setGeneScienceAddress,setGeneScienceAddress,safeTransfer,withdrawalRequests1,e802494f2754426c453e22a58f57bfc24e00a4266daedf2be7f4595c62ecdca0,1
SYNTH_REENTRANCY::00614::SyntheticReentrancy00614,SyntheticReentrancy00614,i:refund614,refund,train,DAPP::DAppSCAN-source/contracts/QuillAudits-1inch-Limit Order Protocol/limit-order-protocol-a14bde6a260458de5083cee117d734221e1cbc05::LimitOrderProtocol,i:fillOrderTo,fillOrderTo,transfer,shares2,8edaf030a7c8b2bcd0e5f35c12369907130c1b05755a5f64b45bfc7fbac8c462,1
SYNTH_REENTRANCY::00615::SyntheticReentrancy00615,SyntheticReentrancy00615,i:unstake615,unstake,val,DAPP::DAppSCAN-source/contracts/QuillAudits-Yearn Finance-Yearn Vaults V3/yearn-vaults-e390c2a6b2ba6e2ecc8f3a72a1ea4adfabd17544::yWETH,i:withdrawETH,withdrawETH,call,stakes3,572a868a20ffcc34a0d72d01cb2dc6003e2ccda171576daf8c34f4797751e5da,1
SYNTH_REENTRANCY::00616::SyntheticReentrancy00616,SyntheticReentrancy00616,i:redeem616,redeem,train,DAPP::DAppSCAN-source/contracts/PeckShield-BNPL/BNPL-0ee587a081668dcab166a3a275b8a6c4794ead4d::BankingNode,i:unstake,unstake,transfer,claims4,c07b4c772f15541fb39683ad1593a35fdd77b15f2ddfca02a70035d89de0a1fb,1
SYNTH_REENTRANCY::00617::SyntheticReentrancy00617,SyntheticReentrancy00617,i:payout617,payout,train,FORGE::vfp_00032::CurveConvexLib,i:unstakeAndExitPool,unstakeAndExitPool,send,escrowed5,f74411da3bd766f96b7f429c39c63cc03e899a892860f9358680668cdc47b931,1
SYNTH_REENTRANCY::00618::SyntheticReentrancy00618,SyntheticReentrancy00618,i:release618,release,train,FORGE::vfp_00045::PDPVerifier,i:nextProvingPeriod,nextProvingPeriod,safeTransfer,payouts6,b560faa28701f2eaff97b1d08517ba47309b18cc876fcc47b36ee3f63e07a16b,1
SYNTH_REENTRANCY::00619::SyntheticReentrancy00619,SyntheticReentrancy00619,i:exit619,exit,train,FORGE::vfp_00234::mErc20Host,i:_verifyProof,_verifyProof,transfer,positions7,8c9d69ee7d1c0307f8c29b85d54a548aed65cf31739e55714c38168d28d861ee,1
SYNTH_REENTRANCY::00620::SyntheticReentrancy00620,SyntheticReentrancy00620,i:claim620,claim,train,DAPP::DAppSCAN-source/contracts/Coinbae-Pud.Fi Masterchef_Audit/MasterChef0x15Bee180BB39eE5c0166E63313C33984376930Db::MasterChef,i:emergencyWithdraw,emergencyWithdraw,call,balances8,c4ba6e26674aa44c478b6a03888c3559d7a5e1c98c4cce57cf54f3741c7a34ea,1
SYNTH_REENTRANCY::00621::SyntheticReentrancy00621,SyntheticReentrancy00621,i:settle621,settle,train,DAPP::DAppSCAN-source/contracts/PeckShield-Arche/Arche_v1.0_Eros-909f35e0064d636aaf61954a6026fda7b2bade7f::D_Swap,i:Impl_Delivery,Impl_Delivery,transfer,credits9,dab7efda167ab5e4fd344d424c4c73c9dc3506c2820e60bc19841c46e57b11bd,1
SYNTH_REENTRANCY::00622::SyntheticReentrancy00622,SyntheticReentrancy00622,i:collect622,collect,val,DAPP::DAppSCAN-source/contracts/QuillAudits-GearBox Protocol-GearBox Protocol/gearbox-contracts-0ac33ba87212ce056ac6b6357ad74161d417158a::UniswapV2Adapter,i:swapExactTokensForTokens,swapExactTokensForTokens,send,pendingRewards10,f3242c906d11eb36c3c2f12c93af3a366df2ce4c9804e4a6b74d134a1a171401,1
SYNTH_REENTRANCY::00623::SyntheticReentrancy00623,SyntheticReentrancy00623,i:harvest623,harvest,train,DAPP::DAppSCAN-source/contracts/consensys-PoolTogether_Pods/pods-v3-contracts-879dc8b911fc506dd6bead1f36eade919ccfea57::TokenDrop,i:claim,claim,safeTransfer,withdrawalRequests11,60c3538956fabb19900791600be9873041dc72763d70cb4dbf3bca9585daf8d2,1
SYNTH_REENTRANCY::00624::SyntheticReentrancy00624,SyntheticReentrancy00624,i:withdraw624,withdraw,train,DAPP::DAppSCAN-source/contracts/QuillAudits-Algovest/AlgoVestStaking0x090e69e7F48AFC059e480F297042DEA396B971e7::AlgoVestStaking,i:AVSTokenDonation,AVSTokenDonation,transfer,shares12,183fcd4556687cc0a50297cb8a5294970a58a608e418b57411adb4e370759495,1
SYNTH_REENTRANCY::00625::SyntheticReentrancy00625,SyntheticReentrancy00625,i:claimReward625,claimReward,train,DAPP::DAppSCAN-source/contracts/PeckShield-DSG/core-6f607f77698936e132e4e9b5cb4d75580636d919::NftEarnErc20Pool,i:slotStake,slotStake,call,stakes13,a46c3eec67e7011352235f2d93bdcdead79b3f089d76454539014410a0952416,1
SYNTH_REENTRANCY::00626::SyntheticReentrancy00626,SyntheticReentrancy00626,i:refund626,refund,val,DAPP::DAppSCAN-source/contracts/SlowMist-Starcrazy Smart Contract Security Audit Report/starcrazy-contracts-e9e11d234ac065726e108a73dfcd5efbad26f2c5::Aliana,i:setGeneScienceAddress,setGeneScienceAddress,transfer,claims14,7b2fa2c9ab5fb14c57d64d852ae916accdbb65ce603199269b359914d2228121,1
SYNTH_REENTRANCY::00627::SyntheticReentrancy00627,SyntheticReentrancy00627,i:unstake627,unstake,train,DAPP::DAppSCAN-source/contracts/Hacken-Ground Zero/code::IDO,i:claim,claim,send,escrowed15,fe0f52a3ac085b9491a4c8107458918dce638c01c425f5009b521e5971cd8074,1
SYNTH_REENTRANCY::00628::SyntheticReentrancy00628,SyntheticReentrancy00628,i:redeem628,redeem,train,FORGE::vfp_00189::Box,i:allocate,allocate,safeTransfer,payouts16,7eb3305702f56a6b51a972ece0975401403b84f22f14cbb26ce2dcd29cb66025,1
SYNTH_REENTRANCY::00629::SyntheticReentrancy00629,SyntheticReentrancy00629,i:payout629,payout,train,FORGE::vfp_00116::L1Mailbox,i:getMsg,getMsg,transfer,positions0,fa58c4a068d5eec1ea988463798551ce13263c148da359594f3e64d5e9b2238f,1
SYNTH_REENTRANCY::00630::SyntheticReentrancy00630,SyntheticReentrancy00630,i:release630,release,train,DAPP::DAppSCAN-source/contracts/consensys-PoolTogether_Pods/pods-v3-contracts-879dc8b911fc506dd6bead1f36eade919ccfea57::Pod,i:depositTo,depositTo,call,balances1,113c55db886af714245c888963564645637c5b21d612accd05275c980b0ef3a5,1
SYNTH_REENTRANCY::00631::SyntheticReentrancy00631,SyntheticReentrancy00631,i:exit631,exit,test,FORGE::vfp_00058::LikwidMarginPosition,i:_margin,_margin,transfer,credits2,a74d96295a9f3fb4acfd8efb3641710606afe0546c5088eb9eb885e38d2985d9,1
SYNTH_REENTRANCY::00632::SyntheticReentrancy00632,SyntheticReentrancy00632,i:claim632,claim,train,DAPP::DAppSCAN-source/contracts/PeckShield-BNPL/BNPL-0ee587a081668dcab166a3a275b8a6c4794ead4d::BankingNode,i:collectFees,collectFees,send,pendingRewards3,7e482cc849c01f75fe93f5e496dd645e109ebd87822c66500ececc7855b8978b,1
SYNTH_REENTRANCY::00633::SyntheticReentrancy00633,SyntheticReentrancy00633,i:settle633,settle,train,FORGE::vfp_00190::BoxAdapterCached,i:updateTotalAssets,updateTotalAssets,safeTransfer,withdrawalRequests4,76b2a4e555926f1870ac84ad48d0db42651d168f44e1690b0b26af16730334ca,1
SYNTH_REENTRANCY::00634::SyntheticReentrancy00634,SyntheticReentrancy00634,i:collect634,collect,val,DAPP::DAppSCAN-source/contracts/QuillAudits-GearBox Protocol-GearBox Protocol/gearbox-contracts-0ac33ba87212ce056ac6b6357ad74161d417158a::WETHGateway,i:repayCreditAccountETH,repayCreditAccountETH,transfer,shares5,7006f49c37e336f60d4d5f6e8d63c523acdd4ea5276e28a5045a94260cf8e96b,1
SYNTH_REENTRANCY::00635::SyntheticReentrancy00635,SyntheticReentrancy00635,i:harvest635,harvest,train,FORGE::vfp_00221::LimitOrderHook,i:_handleCancelCallback,_handleCancelCallback,call,stakes6,d965c99c16fc4141fc2560e6c204aa5fa5efec527e2773fc724a23043e13b150,1
SYNTH_REENTRANCY::00636::SyntheticReentrancy00636,SyntheticReentrancy00636,i:withdraw636,withdraw,train,DAPP::DAppSCAN-source/contracts/PeckShield-COIN98/code::C98MSiG,i:vote,vote,transfer,claims7,33b5a0f26a839d524d8b0b23e6743335c12dff6013d006e625eef55d4163aa4f,1
SYNTH_REENTRANCY::00637::SyntheticReentrancy00637,SyntheticReentrancy00637,i:claimReward637,claimReward,val,FORGE::vfp_00289::BasketToken,i:proRataRedeem,proRataRedeem,send,escrowed8,125664f3f5f5761591634d912ef14e33d18a2d56d41731d0a41d53e88046bba8,1
SYNTH_REENTRANCY::00638::SyntheticReentrancy00638,SyntheticReentrancy00638,i:refund638,refund,train,DAPP::DAppSCAN-source/contracts/QuillAudits-Yearn Finance-Yearn Protocol V1/yearn-protocol-9ff0dc0ea73642c529383d0675930a41bf033295::yWETH,i:withdrawETH,withdrawETH,safeTransfer,payouts9,c9b2d8eef7fbe10180028e14d878474d6e489f399ff84109ada9ca37c7656354,1
SYNTH_REENTRANCY::00639::SyntheticReentrancy00639,SyntheticReentrancy00639,i:unstake639,unstake,test,"DAPP::DAppSCAN-source/contracts/Coinfabrik-MintingFactoryV2, BaseUpgradableMarketplace & KODAV3UpgradableGatedMarketplace/known-origin-contracts-v3-d592c5f4fa4e0b6fc65a1fce43e302706aedf607::MintingFactoryV2",i:mintBatchEdition,mintBatchEdition,transfer,positions10,1630a4d64df4e3b18087822b33d8d2610437dd1d034d2615c372c8fd89f92f5f,1
SYNTH_REENTRANCY::00640::SyntheticReentrancy00640,SyntheticReentrancy00640,i:redeem640,redeem,train,DAPP::DAppSCAN-source/contracts/Coinbae-Pud.Fi Masterchef_Audit/MasterChef0x15Bee180BB39eE5c0166E63313C33984376930Db::MasterChef,i:safePudTransfer,safePudTransfer,call,balances11,8f131b9ba9f9ca19c4005973d78e66395a745f879b9cd0ee31b919e4e6c901c1,1
SYNTH_REENTRANCY::00641::SyntheticReentrancy00641,SyntheticReentrancy00641,i:payout641,payout,train,DAPP::DAppSCAN-source/contracts/Coinbae-TapCoins_Token_Contract/code::UpgradeableToken,i:setUpgradeAgent,setUpgradeAgent,transfer,credits12,0378785ebd7ae2a2280140cbe32a98296d2f0080f61c51bda466501a18247aa7,1
SYNTH_REENTRANCY::00642::SyntheticReentrancy00642,SyntheticReentrancy00642,i:release642,release,train,DAPP::DAppSCAN-source/contracts/consensys-PoolTogether_Sushi_and_Yearn_V2_Yield_Sources/pooltogether-yearnv2-yield-source-a34857f1555908a6263d2ebd189f0cb40e1858da::YearnV2YieldSource,i:supplyTokenTo,supplyTokenTo,send,pendingRewards13,a1ecef05e71963d3179b3e31951ba057248635f0d97d34206a80c4aa91237758,1
SYNTH_REENTRANCY::00643::SyntheticReentrancy00643,SyntheticReentrancy00643,i:exit643,exit,train,FORGE::vfp_00189::Box,i:reallocate,reallocate,safeTransfer,withdrawalRequests14,ba5a2427b0ce2fd455ec84ad65aa0b90e547975fd4141d77f5de27b05d5a8163,1
SYNTH_REENTRANCY::00644::SyntheticReentrancy00644,SyntheticReentrancy00644,i:claim644,claim,train,DAPP::DAppSCAN-source/contracts/openzeppelin-Endaoment/endaoment-contracts-f60aa253d3d869ad6460877f23e6092acb313add::Fund,i:finalizeGrant,finalizeGrant,transfer,shares15,78180d56ae947a937db22671e0f73dd683aa759cd81c1d6c6eb5697fb4dbb1b8,1
SYNTH_REENTRANCY::00645::SyntheticReentrancy00645,SyntheticReentrancy00645,i:settle645,settle,train,DAPP::DAppSCAN-source/contracts/PeckShield-KaoyaSwap/contracts-8273073f1d6914f372790399378f177573c52e37::MasterChef,i:deposit,deposit,call,stakes16,aaeeecc0d9c4e0e6de8e0dad9d95da5bdbbbc160de4176949b9df115ad3d4c28,1
SYNTH_REENTRANCY::00646::SyntheticReentrancy00646,SyntheticReentrancy00646,i:collect646,collect,train,DAPP::DAppSCAN-source/contracts/QuillAudits-BCUBE Smart Contract/b-cube-ico-13f9f8a991a65f3e0ca60a2078121fdd5a921fb0::BCubePublicSale,i:buyBcubeUsingUSDT,buyBcubeUsingUSDT,transfer,claims0,c8e18834ee01b86933fe7bfb553a18cb7d8773b2bf9d500c3f076a929463c9cc,1
SYNTH_REENTRANCY::00647::SyntheticReentrancy00647,SyntheticReentrancy00647,i:harvest647,harvest,test,FORGE::vfp_00288::DelegationMetaSwapAdapter,i:swapTokens,swapTokens,send,escrowed1,98b92c2dabb88d72fcf3ebe6ad451bb5ceca4809ee9b21743073f344ee79acfc,1
SYNTH_REENTRANCY::00648::SyntheticReentrancy00648,SyntheticReentrancy00648,i:withdraw648,withdraw,test,FORGE::vfp_00260::Router_Adapter,i:relayMessage,relayMessage,safeTransfer,payouts2,56b6473111090010768271a2535ca91217bab2e8acb3db2a615a2538112b15a7,1
SYNTH_REENTRANCY::00649::SyntheticReentrancy00649,SyntheticReentrancy00649,i:claimReward649,claimReward,train,FORGE::vfp_00189::Box,i:flash,flash,transfer,positions3,d646aa2e1b485f0337f411103e3bf36e95543c142c67a69156b4afc5ee990d13,1
SYNTH_REENTRANCY::00650::SyntheticReentrancy00650,SyntheticReentrancy00650,i:refund650,refund,val,DAPP::DAppSCAN-source/contracts/QuillAudits-GearBox Protocol-GearBox Protocol/gearbox-contracts-0ac33ba87212ce056ac6b6357ad74161d417158a::YearnAdapter,i:_deposit,_deposit,call,balances4,b3709dfc5731b3f8da23ed3b48c3218483a4f8cff483857137896dad06742a65,1
SYNTH_REENTRANCY::00651::SyntheticReentrancy00651,SyntheticReentrancy00651,i:unstake651,unstake,test,DAPP::DAppSCAN-source/contracts/ImmuneBytes-Bird Money-Final Audit Report/bird-farm-contracts-dfd2502b73c8f54c9081682c3eb070fcd3c00629::MasterChef,i:withdraw,withdraw,transfer,credits5,b9558c2c0eef087df197e32ecc2f8a9b12f03adfb102e18c14ee79d7a8e5fa61,1
SYNTH_REENTRANCY::00652::SyntheticReentrancy00652,SyntheticReentrancy00652,i:redeem652,redeem,train,DAPP::DAppSCAN-source/contracts/consensys-Gamma/hypervisor-41fd4abf79864478523e87924d4e80d80df04879::Hypervisor,i:withdraw,withdraw,send,pendingRewards6,62d9b42fff968004c3589560f0b2dc8d8cce13762baf0413b4d30850b9300823,1
SYNTH_REENTRANCY::00653::SyntheticReentrancy00653,SyntheticReentrancy00653,i:payout653,payout,val,DAPP::DAppSCAN-source/contracts/QuillAudits-GearBox Protocol-GearBox Protocol/gearbox-contracts-0ac33ba87212ce056ac6b6357ad74161d417158a::CurveV1Adapter,i:exchange,exchange,safeTransfer,withdrawalRequests7,8bad7bec058d224c325a4a381cda7dac75339c80e6954e960a798ea89b7b44f3,1
SYNTH_REENTRANCY::00654::SyntheticReentrancy00654,SyntheticReentrancy00654,i:release654,release,train,DAPP::DAppSCAN-source/contracts/Coinbae-Pud.Fi Masterchef_Audit/MasterChef0x15Bee180BB39eE5c0166E63313C33984376930Db::MasterChef,i:balance,balance,transfer,shares8,2f6a361fc5645fbd27399682a2caaa79ef39aca76b5782b98cfa21f47283a0b8,1
SYNTH_REENTRANCY::00655::SyntheticReentrancy00655,SyntheticReentrancy00655,i:exit655,exit,test,FORGE::vfp_00058::LikwidMarginPosition,i:modify,modify,call,stakes9,693987ba9bb34bd2c5eb7263fd11e7e525f45737ea71c12eeb18e66406206c62,1
SYNTH_REENTRANCY::00656::SyntheticReentrancy00656,SyntheticReentrancy00656,i:claim656,claim,train,DAPP::DAppSCAN-source/contracts/PeckShield-BabySwap/code::HoldStake,i:addPool,addPool,transfer,claims10,454680d25fc8ec9c41c0aafd0b9964eab5f62fbf21113c43cd26a73772fcc232,1
SYNTH_REENTRANCY::00657::SyntheticReentrancy00657,SyntheticReentrancy00657,i:settle657,settle,train,DAPP::DAppSCAN-source/contracts/PeckShield-Holdefi/Holdefi-5a1e6e0d582120142e8a531f6806eba6665ef2f4::Holdefi,i:repayBorrowInternal,repayBorrowInternal,send,escrowed11,59d3c8f7e97af322bf63dc799cd247b023cd666e1efb510c2f22cf0d5285c0ca,1
SYNTH_REENTRANCY::00658::SyntheticReentrancy00658,SyntheticReentrancy00658,i:collect658,collect,val,DAPP::DAppSCAN-source/contracts/Trail_of_Bits-OriginDollar/origin-dollar-81431fd3b2aa4c518ffc389844f9708c00b516f0::VaultCore,i:rebase,rebase,safeTransfer,payouts12,9bd1895599353ef4c49e062d683da5474b8a0d23e0babc79516c5c69b8e04053,1
SYNTH_REENTRANCY::00659::SyntheticReentrancy00659,SyntheticReentrancy00659,i:harvest659,harvest,test,DAPP::DAppSCAN-source/contracts/PeckShield-DarkCrypto/darkcrypto-contracts-fee5be8d36459aebed2b84e6493875b3dc0366fd::SkyRewardPool,i:withdraw,withdraw,transfer,positions13,b2602622e60b9464537c685b2bf76243724d5f7f3a54ecddbd66cfa46710177a,1
SYNTH_REENTRANCY::00660::SyntheticReentrancy00660,SyntheticReentrancy00660,i:withdraw660,withdraw,train,DAPP::DAppSCAN-source/contracts/Hacken-Ground Zero/code::IDO,i:claimTheInvestments,claimTheInvestments,call,balances14,f8a7eff56af4756d54e6fbbc2751baeac064143f6aa12d3ceaae37a5b5ad1d9f,1
SYNTH_REENTRANCY::00661::SyntheticReentrancy00661,SyntheticReentrancy00661,i:claimReward661,claimReward,val,DAPP::DAppSCAN-source/contracts/Runtime_Vеrification-ElementFinance/elf-contracts-637c6f959315cbb11a164555e588520c7d89122b::YVaultAssetProxy,i:reserveDeposit,reserveDeposit,transfer,credits15,0f9f950ae48b521641b721fb10ff8587d18ea58173a52463630e14ca97632c57,1
SYNTH_REENTRANCY::00662::SyntheticReentrancy00662,SyntheticReentrancy00662,i:refund662,refund,test,DAPP::DAppSCAN-source/contracts/ImmuneBytes-Bird Money(MasterChef)-Audit Report/bird-farm-contracts-dfd2502b73c8f54c9081682c3eb070fcd3c00629::MasterChef,i:deposit,deposit,send,pendingRewards16,ee0daaa8a7fb9e73b8089aa0dab956e0309805c9686a9f59c12394523818f720,1
SYNTH_REENTRANCY::00663::SyntheticReentrancy00663,SyntheticReentrancy00663,i:unstake663,unstake,train,DAPP::DAppSCAN-source/contracts/PeckShield-MilkySwap/milkyswap-59f163e9959cf8bae4a521a9648219b553312e07::MasterMilker,i:emergencyWithdraw,emergencyWithdraw,safeTransfer,withdrawalRequests0,4e62494498801c2ae0ba519d65414c866199ac7b751c29c71e89bb680b634465,1
SYNTH_REENTRANCY::00664::SyntheticReentrancy00664,SyntheticReentrancy00664,i:redeem664,redeem,train,DAPP::DAppSCAN-source/contracts/Coinbae-Pud.Fi Masterchef_Audit/MasterChef0x15Bee180BB39eE5c0166E63313C33984376930Db::MasterChef,i:setPoolStrategy,setPoolStrategy,transfer,shares1,8ef1a1cff82bcb034bea45f6273901f458e94f41a033390cf84354241a33d4c3,1
SYNTH_REENTRANCY::00665::SyntheticReentrancy00665,SyntheticReentrancy00665,i:payout665,payout,train,DAPP::DAppSCAN-source/contracts/Runtime_Vеrification-Element_Finance_Governance_Security_Audit_Report/council-3d751c959b42573c78ccd0bccbc80424bf6d9a90::CoreVoting,i:execute,execute,call,stakes2,a7656cf9a8d2c6332b088daf7be37cbc790277b69f4f70c246778732e6297861,1
SYNTH_REENTRANCY::00666::SyntheticReentrancy00666,SyntheticReentrancy00666,i:release666,release,val,DAPP::DAppSCAN-source/contracts/QuillAudits-GearBox Protocol-GearBox Protocol/gearbox-contracts-0ac33ba87212ce056ac6b6357ad74161d417158a::WETHGateway,i:addLiquidityETH,addLiquidityETH,transfer,claims3,1174e091532e25e8f6745c57ab1ce344324d3c68d8ff5d27d6cbf14dc13bfd66,1
SYNTH_REENTRANCY::00667::SyntheticReentrancy00667,SyntheticReentrancy00667,i:exit667,exit,train,DAPP::DAppSCAN-source/contracts/PeckShield-Atlantis/atlantis-protocol-bsc-766acebba9316eced1c15abf6158b31f470a947f::AToken,i:borrowFresh,borrowFresh,send,escrowed4,9bf4564bbd957251267f6bf782d4d629bc876b5bff31d6979e301885460fc77c,1
SYNTH_REENTRANCY::00668::SyntheticReentrancy00668,SyntheticReentrancy00668,i:claim668,claim,train,FORGE::vfp_00088::EnjoyoorsVaultWithdrawals,i:_claimWithdrawal,_claimWithdrawal,safeTransfer,payouts5,fe5f671205bb9ab77d2843d3579a7cf9a763e618a509d470fad45568c2e3ffca,1
SYNTH_REENTRANCY::00669::SyntheticReentrancy00669,SyntheticReentrancy00669,i:settle669,settle,test,FORGE::vfp_00126::SpokePool,i:_setOftMessenger,_setOftMessenger,transfer,positions6,d149dbed82948071c89382d6c9716140f336fc29238ff6fc54ab9796ee1f9fbe,1
SYNTH_REENTRANCY::00670::SyntheticReentrancy00670,SyntheticReentrancy00670,i:collect670,collect,train,DAPP::DAppSCAN-source/contracts/QuillAudits-Yearn Finance-Yearn Protocol V1/yearn-protocol-9ff0dc0ea73642c529383d0675930a41bf033295::yDelegatedVault,i:claimInsurance,claimInsurance,call,balances7,90e8b4dccfc4e399595f2cd8c1019be393cc2dee817522f790af4e0f058ff02d,1
SYNTH_REENTRANCY::00671::SyntheticReentrancy00671,SyntheticReentrancy00671,i:harvest671,harvest,train,DAPP::DAppSCAN-source/contracts/PeckShield-SushiSwap/sushiswap-180bc9b642bba79c1ee4a63f71a3a0d36e64aa63::MasterChef,i:withdraw,withdraw,transfer,credits8,503884a622296df3aeb5ebb9f2ad7df06b3df01dd9f7265f22e71d1215620a6c,1
SYNTH_REENTRANCY::00672::SyntheticReentrancy00672,SyntheticReentrancy00672,i:withdraw672,withdraw,train,FORGE::vfp_00221::LimitOrderHook,i:_handlePlaceCallback,_handlePlaceCallback,send,pendingRewards9,1c5f400f407a7369553a0ebc3e077809beb72a8ae14719059a6394adea4eeeaa,1
SYNTH_REENTRANCY::00673::SyntheticReentrancy00673,SyntheticReentrancy00673,i:claimReward673,claimReward,train,DAPP::DAppSCAN-source/contracts/QuillAudits-Keep3r.Network-Keep3r.Network/StakingRewardsV3-13ecc6966ae1a413f62224382bfd4d64b1a22351::StakingRewardsV3,i:deposit,deposit,safeTransfer,withdrawalRequests10,f1f5310a287d3f94ccae6e8ff26823e907fd8de19aac954a4c0f0ff726086aa8,1
SYNTH_REENTRANCY::00674::SyntheticReentrancy00674,SyntheticReentrancy00674,i:refund674,refund,val,DAPP::DAppSCAN-source/contracts/Trail_of_Bits-OriginDollar/origin-dollar-81431fd3b2aa4c518ffc389844f9708c00b516f0::VaultCore,i:_allocate,_allocate,transfer,shares11,21ed34c4b92850a0a416bd91e8edb39cd00a648f1f4c83a569d9967d0e1d8966,1
SYNTH_REENTRANCY::00675::SyntheticReentrancy00675,SyntheticReentrancy00675,i:unstake675,unstake,train,DAPP::DAppSCAN-source/contracts/Coinbae-Pud.Fi Masterchef_Audit/MasterChef0x15Bee180BB39eE5c0166E63313C33984376930Db::MasterChef,i:withdraw,withdraw,call,stakes12,e40de8deaa6d03b422eaf88fddd0a31ea65a507b583f7001733b2603ad181044,1
SYNTH_REENTRANCY::00676::SyntheticReentrancy00676,SyntheticReentrancy00676,i:redeem676,redeem,train,DAPP::DAppSCAN-source/contracts/Coinbae-Pud.Fi Masterchef_Audit/MasterChef0x15Bee180BB39eE5c0166E63313C33984376930Db::MasterChef,i:add,add,transfer,claims13,56c4e644346cb9f2c58e1dbc4c2d157a8c4f15cf2cce72e6698be95a01d5a5d1,1
SYNTH_REENTRANCY::00677::SyntheticReentrancy00677,SyntheticReentrancy00677,i:payout677,payout,train,DAPP::DAppSCAN-source/contracts/PeckShield-DSG/core-6f607f77698936e132e4e9b5cb4d75580636d919::SinglePool,i:emergencyWithdraw,emergencyWithdraw,send,escrowed14,6898272ecf4ff9fc8824e2b1971a69e14343bb40265f2fc4a14f423742ced69e,1
SYNTH_REENTRANCY::00678::SyntheticReentrancy00678,SyntheticReentrancy00678,i:release678,release,test,DAPP::DAppSCAN-source/contracts/BlockSec-blocksec_impossible_finance_swap_v1.2/impossible-swap-core-29aaef89f996acdbee92b67c4d95fb608dc8b876::ImpossibleWrappedToken,i:deposit,deposit,safeTransfer,payouts15,5bb7657b114e2a7ac48c4269b7dc16f47f58216d4af7d9b1b36e345d4deffd86,1
SYNTH_REENTRANCY::00679::SyntheticReentrancy00679,SyntheticReentrancy00679,i:exit679,exit,train,DAPP::DAppSCAN-source/contracts/consensys-Connext NXTP — Noncustodial Xchain Transfer Protocol/nxtp-0656436d654cfe0313fa3c2bbc81aa86232ade16::TransactionManager,i:removeLiquidity,removeLiquidity,transfer,positions16,f1fe97a333d652bc5bf3986dd04b8d09a5bfec883abd0620c5b94c9583fbf554,1
SYNTH_REENTRANCY::00680::SyntheticReentrancy00680,SyntheticReentrancy00680,i:claim680,claim,train,DAPP::DAppSCAN-source/contracts/PeckShield-DSG/core-6f607f77698936e132e4e9b5cb4d75580636d919::GovernorV1,i:propose,propose,call,balances0,1d1b451efb27ff20207686e54682b6352b46325d593b6b23bd4ac26ce152f8b8,1
SYNTH_REENTRANCY::00681::SyntheticReentrancy00681,SyntheticReentrancy00681,i:settle681,settle,train,DAPP::DAppSCAN-source/contracts/QuillAudits-Yearn Finance-Yearn Protocol V1/yearn-protocol-9ff0dc0ea73642c529383d0675930a41bf033295::yWETH,i:depositETH,depositETH,transfer,credits1,7e753980dfa8ec333d7a4f2355e7062ecd69b055915e5eabe74597673cf655fc,1
SYNTH_REENTRANCY::00682::SyntheticReentrancy00682,SyntheticReentrancy00682,i:collect682,collect,train,DAPP::DAppSCAN-source/contracts/PeckShield-ShibaNova/Contracts-b6b1ce1fcaff83d360df8944309f49958842b7b8::MasterShiba,i:withdraw,withdraw,send,pendingRewards2,91e5faf5089e375090dc9c3ce6f1fbffaaa8551c2cdbf037a54ac941ab46445e,1
SYNTH_REENTRANCY::00683::SyntheticReentrancy00683,SyntheticReentrancy00683,i:harvest683,harvest,train,FORGE::vfp_00221::LimitOrderHook,i:cancelOrder,cancelOrder,safeTransfer,withdrawalRequests3,34847603085220cedb9b4ec471694a03b5a2c93ab4ad2567707ab8f31647ad40,1
SYNTH_REENTRANCY::00684::SyntheticReentrancy00684,SyntheticReentrancy00684,i:withdraw684,withdraw,train,DAPP::DAppSCAN-source/contracts/PeckShield-PikaPerpV2/PikaPerpV2-4a0965ff90ed099b7e2d3e8dda47cd589ee8e3a2::PikaPerpV2,i:closePositionWithId,closePositionWithId,transfer,shares4,a8f533c47c4fbf3b2339a6cd2df88c74e65c94f1fe1ede96907befb9649ed8be,1
SYNTH_REENTRANCY::00685::SyntheticReentrancy00685,SyntheticReentrancy00685,i:claimReward685,claimReward,val,DAPP::DAppSCAN-source/contracts/QuillAudits-GearBox Protocol-GearBox Protocol/gearbox-contracts-0ac33ba87212ce056ac6b6357ad74161d417158a::UniswapV3Adapter,i:exactInputSingle,exactInputSingle,call,stakes5,de4635e9a3db33108acfb9fba2cc05be7d9bec37ab4448f6494b05fcfbd7882d,1
SYNTH_REENTRANCY::00686::SyntheticReentrancy00686,SyntheticReentrancy00686,i:refund686,refund,val,DAPP::DAppSCAN-source/contracts/QuillAudits-GearBox Protocol-GearBox Protocol/gearbox-contracts-0ac33ba87212ce056ac6b6357ad74161d417158a::PoolService,i:lendCreditAccount,lendCreditAccount,transfer,claims6,89429ed464e5ed05354e32588d9ba2592e93f89f5ed06d4593d49ab5384dd8c7,1
SYNTH_REENTRANCY::00687::SyntheticReentrancy00687,SyntheticReentrancy00687,i:unstake687,unstake,val,DAPP::DAppSCAN-source/contracts/SlowMist-Starcrazy Smart Contract Security Audit Report/starcrazy-contracts-e9e11d234ac065726e108a73dfcd5efbad26f2c5::ClockAuctionBase,i:setGeneScienceAddress,setGeneScienceAddress,send,escrowed7,8254c4c2fd59d26684d64fee80110565c487bcee1a6a697ca6c3ed41e061a7d0,1
SYNTH_REENTRANCY::00688::SyntheticReentrancy00688,SyntheticReentrancy00688,i:redeem688,redeem,val,DAPP::DAppSCAN-source/contracts/QuillAudits-GearBox Protocol-GearBox Protocol/gearbox-contracts-0ac33ba87212ce056ac6b6357ad74161d417158a::UniswapV2Adapter,i:swapTokensForExactTokens,swapTokensForExactTokens,safeTransfer,payouts8,de0e7a89d320d296f34ee0ad761f7d543c2c3a7fa68d0daf442449194eac359b,1
SYNTH_REENTRANCY::00689::SyntheticReentrancy00689,SyntheticReentrancy00689,i:payout689,payout,val,DAPP::DAppSCAN-source/contracts/PeckShield-TranchessV1.1/contract-core-68a86350313c1cb9e5467e791d3e9efaf228a0df::StakingV2,i:deposit,deposit,transfer,positions9,057345bdeb854aa6bd00ebae92c93404e05fb60036e650ccee14962fee02a6c5,1
SYNTH_REENTRANCY::00690::SyntheticReentrancy00690,SyntheticReentrancy00690,i:release690,release,train,FORGE::vfp_00224::OidcRecoveryValidator,i:startRecovery,startRecovery,call,balances10,252a17d77504a267dc9cf377768d6c458204ec85cb5722349d50ee7ade08f8a5,1
SYNTH_REENTRANCY::00691::SyntheticReentrancy00691,SyntheticReentrancy00691,i:exit691,exit,train,DAPP::DAppSCAN-source/contracts/QuillAudits-1inch-Fixed Rate Swap/fixed-rate-swap-0b5a75e9f56e7d21c290dd28c59dc140dcbcc1d5::FixedRateSwap,i:depositFor,depositFor,transfer,credits11,a371dc14482755d5f985edd109fe801684d2c9b2f9c9223b992aca53503725fb,1
SYNTH_REENTRANCY::00692::SyntheticReentrancy00692,SyntheticReentrancy00692,i:claim692,claim,train,DAPP::DAppSCAN-source/contracts/PeckShield-Holdefi/Holdefi-5a1e6e0d582120142e8a531f6806eba6665ef2f4::HoldefiSettings,i:setHoldefiContract,setHoldefiContract,send,pendingRewards12,dc4998e535e4ec05c4c11b55e235b059256d8d4cc4997fd87ef2c8e1b200d77f,1
SYNTH_REENTRANCY::00693::SyntheticReentrancy00693,SyntheticReentrancy00693,i:settle693,settle,train,DAPP::DAppSCAN-source/contracts/Chainsecurity-Compound  cToken unredacted/compound-protocol-4a54ec5c55b66ea67d44b76f3056f0ed7229db8c::Comptroller,i:liquidateBorrowAllowed,liquidateBorrowAllowed,safeTransfer,withdrawalRequests13,7513b6082ec3a165d4161016accc5d20cbfe42b90c6ce39a6af601035bee2651,1
SYNTH_REENTRANCY::00694::SyntheticReentrancy00694,SyntheticReentrancy00694,i:collect694,collect,train,DAPP::DAppSCAN-source/contracts/openzeppelin-Optimism/contracts-18e128343731b9bde23812ce932e24d81440b6b7::OVM_StateTransitioner,i:applyTransaction,applyTransaction,transfer,shares14,da6f5ac80be3bcc32d933d1d8fcb7e143078e20fa5153b4d1f7c9203f1b4caf6,1
SYNTH_REENTRANCY::00695::SyntheticReentrancy00695,SyntheticReentrancy00695,i:harvest695,harvest,val,DAPP::DAppSCAN-source/contracts/QuillAudits-GearBox Protocol-GearBox Protocol/gearbox-contracts-0ac33ba87212ce056ac6b6357ad74161d417158a::YearnAdapter,i:withdraw,withdraw,call,stakes15,29869c0d8c28057f5f17a03d541ca0c232c3215971ac6192f24669d8ddd0e5db,1
SYNTH_REENTRANCY::00696::SyntheticReentrancy00696,SyntheticReentrancy00696,i:withdraw696,withdraw,train,DAPP::DAppSCAN-source/contracts/QuillAudits-Abyss Finance-Abyss Eth2 Depositor/abyss-eth2depositor-a2d58dea4d79846dc682fe93ac3e0eca02323d11::AbyssEth2Depositor,i:deposit,deposit,transfer,claims16,c795ce27d6fdfc9e41b95d2c56d2f998a2a7019b529431a379c134c9204864af,1
SYNTH_REENTRANCY::00697::SyntheticReentrancy00697,SyntheticReentrancy00697,i:claimReward697,claimReward,train,DAPP::DAppSCAN-source/contracts/Coinbae-Pud.Fi Masterchef_Audit/MasterChef0x15Bee180BB39eE5c0166E63313C33984376930Db::MasterChef,i:deposit,deposit,send,escrowed0,7ead0e1a800d6d1bf7185066d447d5fcfa39b15d0b3efa28524ab763cbe4592c,1
SYNTH_REENTRANCY::00698::SyntheticReentrancy00698,SyntheticReentrancy00698,i:refund698,refund,val,DAPP::DAppSCAN-source/contracts/SlowMist-Starcrazy Smart Contract Security Audit Report/starcrazy-contracts-e9e11d234ac065726e108a73dfcd5efbad26f2c5::AlianaSale,i:withdrawOwnerCutSale,withdrawOwnerCutSale,safeTransfer,payouts1,1c491963bae70fec1487bf92e59c277dcd61c87ab321a9561a2416b4726c3eea,1
SYNTH_REENTRANCY::00699::SyntheticReentrancy00699,SyntheticReentrancy00699,i:unstake699,unstake,val,FORGE::vfp_00001::AgentImageService,i:fulfillImage,fulfillImage,transfer,positions2,27ff07f6c3ea1fa76898a39120bbe82cdbac077b0fe525b5ab572de2298a7f7d,1
SYNTH_REENTRANCY::00700::SyntheticReentrancy00700,SyntheticReentrancy00700,i:redeem700,redeem,test,FORGE::vfp_00058::LikwidMarginPosition,i:_executeAddLeverage,_executeAddLeverage,call,balances3,afe26dddc187cb78811bcf9bea493a15f8dd905df83457b7d220a6b44498f7c3,1
SYNTH_REENTRANCY::00701::SyntheticReentrancy00701,SyntheticReentrancy00701,i:payout701,payout,train,DAPP::DAppSCAN-source/contracts/Chainsecurity-Compound  cToken unredacted/compound-protocol-4a54ec5c55b66ea67d44b76f3056f0ed7229db8c::CToken,i:_setComptroller,_setComptroller,transfer,credits4,53132e0558f9eba0db6cb3dc845969d3203ba710c901bbac50f2f0f69440b26e,1
SYNTH_REENTRANCY::00702::SyntheticReentrancy00702,SyntheticReentrancy00702,i:release702,release,val,DAPP::DAppSCAN-source/contracts/Trail_of_Bits-OriginDollar/origin-dollar-81431fd3b2aa4c518ffc389844f9708c00b516f0::VaultCore,i:_redeem,_redeem,send,pendingRewards5,496c96235a3900eebba4b89cef20f77ab090cce57daaf6e2beb0cd5fc6221171,1
SYNTH_REENTRANCY::00703::SyntheticReentrancy00703,SyntheticReentrancy00703,i:exit703,exit,val,DAPP::DAppSCAN-source/contracts/QuillAudits-GearBox Protocol-GearBox Protocol/gearbox-contracts-0ac33ba87212ce056ac6b6357ad74161d417158a::AccountFactory,i:returnCreditAccount,returnCreditAccount,safeTransfer,withdrawalRequests6,768d96cbea90bc7d34f5b54f3819ed65b7070b4d42d8039e0f64a1c75b2d4453,1
SYNTH_REENTRANCY::00704::SyntheticReentrancy00704,SyntheticReentrancy00704,i:claim704,claim,train,FORGE::vfp_00102::StopLimit,i:performUpkeep,performUpkeep,transfer,shares7,a0d033082edb3b12fbed93f53d62f16c7a1ccce53c6709a9a89987ab342f0350,1
SYNTH_REENTRANCY::00705::SyntheticReentrancy00705,SyntheticReentrancy00705,i:settle705,settle,train,FORGE::vfp_00007::Folio,i:getRebalance,getRebalance,call,stakes8,7a732ed6ad294a8e80ca572d024437672afd3dc37ba7bba6b6162acbcdbdc50b,1
SYNTH_REENTRANCY::00706::SyntheticReentrancy00706,SyntheticReentrancy00706,i:collect706,collect,train,DAPP::DAppSCAN-source/contracts/BlockSec-blocksec_multichain_vemult_v1.0_signed/veMULTI-bac804399d1ea280e5bd8cdc9488b6fa6a0a7fcc::ve,i:withdraw,withdraw,transfer,claims9,b8507ccd959fc6874a14d24b36e93cb0000891fc7214bfbb5cdf613227c4b452,1
SYNTH_REENTRANCY::00707::SyntheticReentrancy00707,SyntheticReentrancy00707,i:harvest707,harvest,val,DAPP::DAppSCAN-source/contracts/QuillAudits-GearBox Protocol-GearBox Protocol/gearbox-contracts-0ac33ba87212ce056ac6b6357ad74161d417158a::WETHGateway,i:openCreditAccountETH,openCreditAccountETH,send,escrowed10,d2722e435bd2f42d7331e5feaed8c094186ad3bded94b081490dc78cb0936302,1
SYNTH_REENTRANCY::00708::SyntheticReentrancy00708,SyntheticReentrancy00708,i:withdraw708,withdraw,val,DAPP::DAppSCAN-source/contracts/QuillAudits-GearBox Protocol-GearBox Protocol/gearbox-contracts-0ac33ba87212ce056ac6b6357ad74161d417158a::UniswapV3Adapter,i:exactOutput,exactOutput,safeTransfer,payouts11,8f21296f8ad792ff429563f7009871b6f4037ec79aa1d41b4ebc2424f535e17e,1
SYNTH_REENTRANCY::00709::SyntheticReentrancy00709,SyntheticReentrancy00709,i:claimReward709,claimReward,val,DAPP::DAppSCAN-source/contracts/SlowMist-Starcrazy Smart Contract Security Audit Report/starcrazy-contracts-e9e11d234ac065726e108a73dfcd5efbad26f2c5::AlianaBase,i:setGeneScienceAddress,setGeneScienceAddress,transfer,positions12,933f7d3ae1dbe35679cab2d87a627de8343ce715bc3d9ba975f313e2389c2554,1
SYNTH_REENTRANCY::00710::SyntheticReentrancy00710,SyntheticReentrancy00710,i:refund710,refund,val,DAPP::DAppSCAN-source/contracts/SlowMist-Starcrazy Smart Contract Security Audit Report/starcrazy-contracts-e9e11d234ac065726e108a73dfcd5efbad26f2c5::AlianaOwnership,i:setGeneScienceAddress,setGeneScienceAddress,call,balances13,f5b0aa3ebfc590440f4342e9f08a742b2fc53d7fce6a51528bae4fa806279c8d,1
SYNTH_REENTRANCY::00711::SyntheticReentrancy00711,SyntheticReentrancy00711,i:unstake711,unstake,test,DAPP::DAppSCAN-source/contracts/Hacken-Powerbomb-V1/powerbomb-lite-0f86ff1eecdd723be733a9b33ff4ffa3bbdadcee::PowerBombAvaxCurve,i:claimReward,claimReward,transfer,credits14,c70f6425d27724b07fcca155ec7382424f5d8d7fbf17b6c3597fb4353b7092c7,1
SYNTH_REENTRANCY::00712::SyntheticReentrancy00712,SyntheticReentrancy00712,i:redeem712,redeem,train,DAPP::DAppSCAN-source/contracts/QuillAudits-Alium Finance Smart Contract/alium-farm-e37d6af39af68049c2684085f025385407b4bd55::MasterChef,i:emergencyWithdraw,emergencyWithdraw,send,pendingRewards15,a42a26c32b5674f3562ce3d9562aa68485d728812cc04ab172e07773fd1bf2d6,1
SYNTH_REENTRANCY::00713::SyntheticReentrancy00713,SyntheticReentrancy00713,i:payout713,payout,train,DAPP::DAppSCAN-source/contracts/openzeppelin-Solo_Margin_Protocol/solo-17df84db351d5438e1b7437572722b4f52c8b2b4::AdminImpl,i:_setPriceOracle,_setPriceOracle,safeTransfer,withdrawalRequests16,6fc7ba85cbbc9023abe2441fcd93a77d7b0baa183ca71a0f2ff2341b8eec39d4,1
SYNTH_REENTRANCY::00714::SyntheticReentrancy00714,SyntheticReentrancy00714,i:release714,release,train,FORGE::vfp_00215::ScrollChainValidium,i:registerNewEncryptionKey,registerNewEncryptionKey,transfer,shares0,bc4c6309234588bc243d2b9daf24b328d428c0772ebc948d7ce1fb32abee9c1d,1
SYNTH_REENTRANCY::00715::SyntheticReentrancy00715,SyntheticReentrancy00715,i:exit715,exit,train,DAPP::DAppSCAN-source/contracts/Runtime_Vеrification-stakefish_ethereum_staking_audit_report/eth2-validation-services-contract-d91928f3a270f6115831fe3a21a69eb98bf57b26::StakefishERC721Wrapper,i:mintTo,mintTo,call,stakes1,ea66ee2ae230f8139f10f38dc561f462e1444cf045df44556e7395172c135c65,1
SYNTH_REENTRANCY::00716::SyntheticReentrancy00716,SyntheticReentrancy00716,i:claim716,claim,val,DAPP::DAppSCAN-source/contracts/PeckShield-Tranchessv1.0/contract-core-5ac3d997da3ef37b0135565a11c5ebcc519862aa::LiquidityStaking,i:deposit,deposit,transfer,claims2,399641039e9861aa4f8cf1331111562d4795fd1801a22336559110b8af8de4df,1
SYNTH_REENTRANCY::00717::SyntheticReentrancy00717,SyntheticReentrancy00717,i:settle717,settle,train,FORGE::vfp_00209::StakingManager,i:withdraw,withdraw,send,escrowed3,e1daa933627a05633b9c041f7d5ee7da69b58f65985dcba7824437cd08bb816e,1
SYNTH_REENTRANCY::00718::SyntheticReentrancy00718,SyntheticReentrancy00718,i:collect718,collect,train,DAPP::DAppSCAN-source/contracts/Trail_of_Bits-ampleforth/market-oracle-888fccaf05786f3f7f49e18ff040f911d44906f4::MarketOracle,i:getPriceAnd24HourVolume,getPriceAnd24HourVolume,safeTransfer,payouts4,591e024450e13a16aa394dc4230f0b1ceaebf4173c7148fb578f444e835f162b,1
SYNTH_REENTRANCY::00719::SyntheticReentrancy00719,SyntheticReentrancy00719,i:harvest719,harvest,train,DAPP::DAppSCAN-source/contracts/PeckShield-Rikkei/rifi-protocol-b33243fb3a218cc195f0727fe1499cb57f5ea0b2::RToken,i:borrowFresh,borrowFresh,transfer,positions5,18b705659b4741bf5d2e442a7f32e2422b0f61f5cb9f0ad50f470c5c1e79dfd3,1
SYNTH_REENTRANCY::00720::SyntheticReentrancy00720,SyntheticReentrancy00720,i:withdraw720,withdraw,train,FORGE::vfp_00007::Folio,i:startRebalance,startRebalance,call,balances6,eea20d0ba2abdbd50d4af4c623ec82c4df6ae2b894603670890694f68648070c,1
SYNTH_REENTRANCY::00721::SyntheticReentrancy00721,SyntheticReentrancy00721,i:claimReward721,claimReward,val,DAPP::DAppSCAN-source/contracts/Runtime_Vеrification-Tracer_Perpetual_Pools_V2/perpetual-pools-contracts-846bbf62652d7c83aee1cf3766275c4d08b00c8a::PoolFactory,i:deployPool,deployPool,transfer,credits7,f1c92ff59c544021f2d2be5dcef388dcfe04f54987706bf54efa2c03a394b74e,1
SYNTH_REENTRANCY::00722::SyntheticReentrancy00722,SyntheticReentrancy00722,i:refund722,refund,train,DAPP::DAppSCAN-source/contracts/Trail_of_Bits-FraxQ42021/frax-solidity-bd40775e283923aa9e32a107abd426430a99835e::veFXSYieldDistributorV4,i:notifyRewardAmount,notifyRewardAmount,send,pendingRewards8,313812419daea21be245135de203e277f1a9225668534cc8b22861b33eca9b53,1
SYNTH_REENTRANCY::00723::SyntheticReentrancy00723,SyntheticReentrancy00723,i:unstake723,unstake,train,FORGE::vfp_00007::Folio,i:mint,mint,safeTransfer,withdrawalRequests9,859df9ea3e317cef639f50277e244e7087d8baf934ad20563812366f61b77d22,1
SYNTH_REENTRANCY::00724::SyntheticReentrancy00724,SyntheticReentrancy00724,i:redeem724,redeem,test,DAPP::DAppSCAN-source/contracts/SlowMist-ForTube2.0 Smart Contract Security Audit Report/bond-854527d0ea7ad2ddd3504b4d4ae3fcb57cb6445d::PRA,i:lock,lock,transfer,shares10,08f0529807c4e1c8e1f2eb2be81cbaa0e1348ba28e1ee1e5c1189baacf4b0738,1
SYNTH_REENTRANCY::00725::SyntheticReentrancy00725,SyntheticReentrancy00725,i:payout725,payout,train,FORGE::vfp_00007::Folio,i:distributeFees,distributeFees,call,stakes11,a8b5304157cc793c504485d19f8542a10eb265aacf64a4e4c04447f565f1c595,1
SYNTH_REENTRANCY::00726::SyntheticReentrancy00726,SyntheticReentrancy00726,i:release726,release,train,DAPP::DAppSCAN-source/contracts/PeckShield-BabySwap/code::MasterChef,i:withdraw,withdraw,transfer,claims12,bb6f5c1d27232fc05d8a8b733501d027332564400be7e31722a51ba052aa2a1a,1
SYNTH_REENTRANCY::00727::SyntheticReentrancy00727,SyntheticReentrancy00727,i:exit727,exit,train,DAPP::DAppSCAN-source/contracts/QuillAudits-coalichain/CoaliSC-3f0920d650467279f7ceee08776bd74ecadd3237::Main,i:createBallot,createBallot,send,escrowed13,300f3942663d03150f8ce0945259fbc669c403327160a9f16bfc27eebb1a8cde,1
SYNTH_REENTRANCY::00728::SyntheticReentrancy00728,SyntheticReentrancy00728,i:claim728,claim,val,DAPP::DAppSCAN-source/contracts/Trail_of_Bits-OriginDollar/origin-dollar-81431fd3b2aa4c518ffc389844f9708c00b516f0::VaultCore,i:mintMultiple,mintMultiple,safeTransfer,payouts14,1a9cfc5fddca31ffd0047681810a4d749db5c705e12e6ac0b6d36ca1df745dcc,1
SYNTH_REENTRANCY::00729::SyntheticReentrancy00729,SyntheticReentrancy00729,i:settle729,settle,test,DAPP::DAppSCAN-source/contracts/PepperSec-Aira-Robonomic/robonomics_contracts-cc35a91de187072214d215262d8371f0159c2498::LighthouseLib,i:withdraw,withdraw,transfer,positions15,b15b512287bf2c89d4e7009060a6343cd1262388af40bc6b4c5f87a4e505bbce,1
SYNTH_REENTRANCY::00730::SyntheticReentrancy00730,SyntheticReentrancy00730,i:collect730,collect,train,DAPP::DAppSCAN-source/contracts/PeckShield-Convex_Frax/frax-cvx-platform-2f8573ee796daa022c1050b4a749bf08049c439b::StakingProxyUniV3,i:lockAdditional,lockAdditional,call,balances16,4fc99eed3284c033b6d85a8b1fd247982c04726df5d9be82d14668223fb61414,1
SYNTH_REENTRANCY::00731::SyntheticReentrancy00731,SyntheticReentrancy00731,i:harvest731,harvest,train,DAPP::DAppSCAN-source/contracts/PeckShield-CryptoHeroes/cryptoheroes-6cb0eaf8c88fdaab89d2b4c83535a189c7793001::CryptoHeroesUniverse,i:deposit,deposit,transfer,credits0,b54468919576d75bf212d7f4a22b82110eade26b2918ee457d58649d8ab05047,1
SYNTH_REENTRANCY::00732::SyntheticReentrancy00732,SyntheticReentrancy00732,i:withdraw732,withdraw,train,DAPP::DAppSCAN-source/contracts/Chainsecurity-Angle Protocol/angle-core-46e6d32837cbe97a4af0adb693e63afa0d01fc3e::PerpetualManagerFront,i:openPerpetual,openPerpetual,send,pendingRewards1,4cffa40c21ed24a1602172a613c7a5c9c4f98bdefb1812c0d0c55b8415b242dc,1
SYNTH_REENTRANCY::00733::SyntheticReentrancy00733,SyntheticReentrancy00733,i:claimReward733,claimReward,train,DAPP::DAppSCAN-source/contracts/PeckShield-Hegic(v8888)/Hegic-v8888-2dcd44dc1ae07881e94d52fa618f9704bfd4ffda::HegicPool,i:provideFrom,provideFrom,safeTransfer,withdrawalRequests2,9d09a57df817c66ab6e1639d7e2045e0a1fb15c4b18ff904b8972cae05540ba6,1
SYNTH_REENTRANCY::00734::SyntheticReentrancy00734,SyntheticReentrancy00734,i:refund734,refund,train,FORGE::vfp_00174::P2pResolvProxy,i:withdrawRESOLV,withdrawRESOLV,transfer,shares3,1ab857d58449779915cdc07c6e51b522d9693c5a266e6d9cd16fe19cf6e67079,1
SYNTH_REENTRANCY::00735::SyntheticReentrancy00735,SyntheticReentrancy00735,i:unstake735,unstake,train,DAPP::DAppSCAN-source/contracts/QuillAudits-Bond Appetit-Bond Appetit/bondappetit-protocol-355180f0aca0b29d60d808f761052956b7a3a159::ProfitSplitter,i:_payToRecipients,_payToRecipients,call,stakes4,01611371dbc5efc58071c633524445f55711882e4f2c73f9f30f1d2370e25e35,1
SYNTH_REENTRANCY::00736::SyntheticReentrancy00736,SyntheticReentrancy00736,i:redeem736,redeem,train,FORGE::vfp_00209::StakingManager,i:stake,stake,transfer,claims5,e5ea79aa6aef108f22e4d2674ee7bde0040e56487bceed153b939647319313b0,1
SYNTH_REENTRANCY::00737::SyntheticReentrancy00737,SyntheticReentrancy00737,i:payout737,payout,test,DAPP::DAppSCAN-source/contracts/Solidity_Finance-OKLG - Smart Contract/contracts-e167d0d742d21bcc62d7a5b770a1f0ed1cf31eca::MTGYTokenLocker,i:withdrawLockedTokens,withdrawLockedTokens,send,escrowed6,d9dcb3b1e3c8ff463bf8a5f0d1ed2203eb84f61f00ad13dfb10dcaf520e93c89,1
SYNTH_REENTRANCY::00738::SyntheticReentrancy00738,SyntheticReentrancy00738,i:release738,release,val,DAPP::DAppSCAN-source/contracts/consensys-DeFi_Saver/defisaver-v3-contracts-cb29669a84c2d6fffaf2231c0938eb407c060919::FLAaveV2,i:executeOperation,executeOperation,safeTransfer,payouts7,7691b1e90f009dbe92ae9263b04f5c2588fb8b1fe67c887b1989097b55a67bac,1
SYNTH_REENTRANCY::00739::SyntheticReentrancy00739,SyntheticReentrancy00739,i:exit739,exit,train,DAPP::DAppSCAN-source/contracts/Iosiro-1inch Exchange Staking Rewards Smart Contract Audit/liquidity-protocol-c9c8bc600e8e7897f70f84b006de601d4f4bcbe3::BaseRewards,i:getReward,getReward,transfer,positions8,82507f4d4db86beadbaf148dc6332ea356463a2c78ca1dfea37dbf1dad0fe57f,1
SYNTH_REENTRANCY::00740::SyntheticReentrancy00740,SyntheticReentrancy00740,i:claim740,claim,train,FORGE::vfp_00102::StopLimit,i:modifyOrder,modifyOrder,call,balances9,ce876f549771eb07e0abd22ed432004c2b2295b036c90e3e8545fc313f4e842e,1
SYNTH_REENTRANCY::00741::SyntheticReentrancy00741,SyntheticReentrancy00741,i:settle741,settle,val,FORGE::vfp_00001::AgentImageService,i:requestImage,requestImage,transfer,credits10,5b4ff1f768c905266a3bead857a2868df7ba8ad19e3bce9a125ff3cb25bcc958,1
SYNTH_REENTRANCY::00742::SyntheticReentrancy00742,SyntheticReentrancy00742,i:collect742,collect,train,FORGE::vfp_00189::Box,i:deallocate,deallocate,send,pendingRewards11,745d5a614c895cfff5c9dce2934dcbe16eecb47f928eae47314f043e89221d7a,1
SYNTH_REENTRANCY::00743::SyntheticReentrancy00743,SyntheticReentrancy00743,i:harvest743,harvest,val,DAPP::DAppSCAN-source/contracts/QuillAudits-GearBox Protocol-GearBox Protocol/gearbox-contracts-0ac33ba87212ce056ac6b6357ad74161d417158a::UniswapV3Adapter,i:exactInput,exactInput,safeTransfer,withdrawalRequests12,60c94a680007512ff6f64c2ccf299793f63fce6e779560c32fe958e83719e632,1
SYNTH_REENTRANCY::00744::SyntheticReentrancy00744,SyntheticReentrancy00744,i:withdraw744,withdraw,train,DAPP::DAppSCAN-source/contracts/PeckShield-StackerVC/StackerVC_VentureFund001-3cfb98b21f4731dfd62993feb7c7d1540837f59b::LPGauge,i:deposit,deposit,transfer,shares13,0e2aba31eed40863c6577e1492c66c92aa597897dfcb4cb320bdd08b6a7cb9a0,1
SYNTH_REENTRANCY::00745::SyntheticReentrancy00745,SyntheticReentrancy00745,i:claimReward745,claimReward,train,DAPP::DAppSCAN-source/contracts/consensys-Aave_Protocol_V2/aave-protocol-v2-f756f44a8d6a328cd545335e46e7128939db88c4::LendingPool,i:deposit,deposit,call,stakes14,821a7bea5a8fee3cb1e45562bebb8a000612d49709609375e60e60a45dd1e653,1
SYNTH_REENTRANCY::00746::SyntheticReentrancy00746,SyntheticReentrancy00746,i:refund746,refund,test,DAPP::DAppSCAN-source/contracts/Trail_of_Bits-Liquity/dev-f0df3efa5a5f05b205752184cfce107c5bd6e06c::BorrowerOperations,i:_moveTokensAndETHfromAdjustment,_moveTokensAndETHfromAdjustment,transfer,claims15,4ee6a58ba724660b00335bcf956541b605341b8dd488c7062f3cd9669e0aec88,1
SYNTH_REENTRANCY::00747::SyntheticReentrancy00747,SyntheticReentrancy00747,i:unstake747,unstake,train,DAPP::DAppSCAN-source/contracts/Coinbae-Hakka_Finance_wHakka/code::wHakka,i:stake,stake,send,escrowed16,c06fa60ac4c7e7366cad3f56b7a9d837f279e51e108ca6093ccb325ab66c8b4a,1
SYNTH_REENTRANCY::00748::SyntheticReentrancy00748,SyntheticReentrancy00748,i:redeem748,redeem,train,DAPP::DAppSCAN-source/contracts/consensys-Idle_Finance/idle-tranches-d94ee7194e8cb17db13b16c338f3e780b62f5435::IdleCDO,i:_deposit,_deposit,safeTransfer,payouts0,f799f864bf589a2550e59d887a375350751bc82fe9eb45fa54c075a1af1d662b,1
SYNTH_REENTRANCY::00749::SyntheticReentrancy00749,SyntheticReentrancy00749,i:payout749,payout,test,DAPP::DAppSCAN-source/contracts/PepperSec-Aira-Robonomic/robonomics_contracts-cc35a91de187072214d215262d8371f0159c2498::RobotLiabilityLib,i:finalize,finalize,transfer,positions1,07b74073328bcb072b46d5a08847300c9e7b53822bb0ee002b148281badf7641,1
SYNTH_REENTRANCY::00750::SyntheticReentrancy00750,SyntheticReentrancy00750,i:release750,release,train,DAPP::DAppSCAN-source/contracts/Chainsulting-Furucombo-project2/trevi-b3f7fd332873321152db48c9d43fc23a60a29f1a::FountainBase,i:_depositAngel,_depositAngel,call,balances2,ac076514148a81f26cf5f1b49450156c4b5074116bbb964e42cb353eeb2f969e,1
SYNTH_REENTRANCY::00751::SyntheticReentrancy00751,SyntheticReentrancy00751,i:exit751,exit,train,FORGE::vfp_00096::MarketConfigurator,i:_migrateFactoryTargets,_migrateFactoryTargets,transfer,credits3,80fe5ce75ac7082d35df2fadb1ee1ceac4c7b26d21743fd5d268de1a49c68265,1
SYNTH_REENTRANCY::00752::SyntheticReentrancy00752,SyntheticReentrancy00752,i:claim752,claim,train,DAPP::DAppSCAN-source/contracts/PeckShield-Buffer/code::BufferBNBOptions,i:create,create,send,pendingRewards4,dcee3682bafabcf92ec136adeb03e9677e83f91ccf587b59a912634d3d8a1d1f,1
SYNTH_REENTRANCY::00753::SyntheticReentrancy00753,SyntheticReentrancy00753,i:settle753,settle,train,DAPP::DAppSCAN-source/contracts/consensys-Skyweaver/Skyweaver-contracts-bde0c184db6168bf86656a48b12d5747950b54d9::EternalHeroesFactory,i:_buy,_buy,safeTransfer,withdrawalRequests5,bb27b90618e9ef0dbfe0ea6269e9d6006f0c05d313ff0f17f589c02e4bdf3ad8,1
SYNTH_REENTRANCY::00754::SyntheticReentrancy00754,SyntheticReentrancy00754,i:collect754,collect,train,DAPP::DAppSCAN-source/contracts/consensys-Aave_Protocol_V2/aave-protocol-v2-f756f44a8d6a328cd545335e46e7128939db88c4::LendingPool,i:flashLoan,flashLoan,transfer,shares6,dc7b4c467521f3cef5be4ee074e5f7789b7f051473c3193bfeca1b21a6931a5d,1
SYNTH_REENTRANCY::00755::SyntheticReentrancy00755,SyntheticReentrancy00755,i:harvest755,harvest,train,DAPP::DAppSCAN-source/contracts/Coinbae-Barnbridge_Vault/CommunityVault0xA3C299eEE1998F45c20010276684921EBE6423D9::CommunityVault,i:setAllowance,setAllowance,call,stakes7,abb4df4181279fad1d81851fe56bedd95c43b9b25ee0ec8485a671ebfb6ba3cf,1
SYNTH_REENTRANCY::00756::SyntheticReentrancy00756,SyntheticReentrancy00756,i:withdraw756,withdraw,train,DAPP::DAppSCAN-source/contracts/Trail_of_Bits-MapleFinance/liquidations-35c628e5ab45fbffaab7aef43a030a98b712a94a::Liquidator,i:liquidatePortion,liquidatePortion,transfer,claims8,d8695956eb114833fc7bae800985c3f2b5f00bac467f893197dfbb66a9b1bea7,1
SYNTH_REENTRANCY::00757::SyntheticReentrancy00757,SyntheticReentrancy00757,i:claimReward757,claimReward,test,DAPP::DAppSCAN-source/contracts/consensys-GrowthDeFi WHEAT/wheat-v1-core-8360ac0a537589bb974e8a5a169bb3e7c95d2857::Exchange,i:convertFundsFromInput,convertFundsFromInput,send,escrowed9,ce1e14ab97b72e87134d2402443b9ef24f6a64eb1b9e31bb054ac669c3a91cc5,1
SYNTH_REENTRANCY::00758::SyntheticReentrancy00758,SyntheticReentrancy00758,i:refund758,refund,test,DAPP::DAppSCAN-source/contracts/ImmuneBytes-Bird Money(MasterChef)-Audit Report/bird-farm-contracts-dfd2502b73c8f54c9081682c3eb070fcd3c00629::MasterChef,i:emergencyWithdraw,emergencyWithdraw,safeTransfer,payouts10,b9e44dd03621b0358fb24edf366a189dad7938b02369017afdb9e87990aa8d7b,1
SYNTH_REENTRANCY::00759::SyntheticReentrancy00759,SyntheticReentrancy00759,i:unstake759,unstake,train,"DAPP::DAppSCAN-source/contracts/Inspex-Tokens, Farm & Shop/-SpeedStar-Audit-3e39d7acf9c1aa9f3a5511c161c2035ba7d6bc1f::Staking",i:depositStable,depositStable,transfer,positions11,2699b8de3b99c280a24b4469f844ae9fb17a24069a5684237932794b7004ab70,1
SYNTH_REENTRANCY::00760::SyntheticReentrancy00760,SyntheticReentrancy00760,i:redeem760,redeem,train,FORGE::vfp_00125::Aori,i:cancel,cancel,call,balances12,47b6a0b703afa27b7f55935a43da852456d85bbf7a827fbf78b367d3524b50e4,1
SYNTH_REENTRANCY::00761::SyntheticReentrancy00761,SyntheticReentrancy00761,i:payout761,payout,train,DAPP::DAppSCAN-source/contracts/Coinbae-Hakka_Finance_wHakka/code::wHakka,i:unstake,unstake,transfer,credits13,263e8c644bc26074de4a69fbb36ffb09fbf424aba2c95de6e25b67931c415a81,1
SYNTH_REENTRANCY::00762::SyntheticReentrancy00762,SyntheticReentrancy00762,i:release762,release,train,DAPP::DAppSCAN-source/contracts/Chainsulting-Furucombo-project2/trevi-b3f7fd332873321152db48c9d43fc23a60a29f1a::FountainBase,i:_withdrawAngel,_withdrawAngel,send,pendingRewards14,033259d3e595446c55f3c75ba32a95ac07d9896a0ad7d869844325bfb5d710d8,1
SYNTH_REENTRANCY::00763::SyntheticReentrancy00763,SyntheticReentrancy00763,i:exit763,exit,test,FORGE::vfp_00260::Router_Adapter,i:relayTokens,relayTokens,safeTransfer,withdrawalRequests15,aba77b61acd73426bd8ba428497174297378c800533fd13e61a96f40eb53d267,1
SYNTH_REENTRANCY::00764::SyntheticReentrancy00764,SyntheticReentrancy00764,i:claim764,claim,train,FORGE::vfp_00215::ScrollChainValidium,i:_finalizeBundle,_finalizeBundle,transfer,shares16,85b4990cb4e2815ce1a5da3cb28f68a5aee7dc6c9e7a1fe24ec3779ed8d833dc,1
SYNTH_REENTRANCY::00765::SyntheticReentrancy00765,SyntheticReentrancy00765,i:settle765,settle,train,DAPP::DAppSCAN-source/contracts/PeckShield-PlutosV1/plutos-eth-contract-0777815::PMintBurn,i:deposit,deposit,call,stakes0,06663f533f0e0e42122a2d849d42c598f12ea6abde48a20d71bf864ea9f14341,1
SYNTH_REENTRANCY::00766::SyntheticReentrancy00766,SyntheticReentrancy00766,i:collect766,collect,val,DAPP::DAppSCAN-source/contracts/QuillAudits-GearBox Protocol-GearBox Protocol/gearbox-contracts-0ac33ba87212ce056ac6b6357ad74161d417158a::UniswapV3Adapter,i:exactOutputSingle,exactOutputSingle,transfer,claims1,61b0d618ccb27b9798f2c67c5301a8262d14d9240ca0f1909b230e03b7fa6332,1
SYNTH_REENTRANCY::00767::SyntheticReentrancy00767,SyntheticReentrancy00767,i:harvest767,harvest,train,DAPP::DAppSCAN-source/contracts/SlowMist-CFFv2 Smart Contract Security Audit Report/cff-contract-v2-c86bef3f13c7585f547f9cd0ca900f94664e96b7::CFVaultV2,i:withdraw,withdraw,send,escrowed2,d118d0b73f89aa6c0063367fbcc30eb7c0a4749d2ea195dcf2526ffc7b3352e9,1
SYNTH_REENTRANCY::00768::SyntheticReentrancy00768,SyntheticReentrancy00768,i:withdraw768,withdraw,train,FORGE::vfp_00221::LimitOrderHook,i:_afterSwap,_afterSwap,safeTransfer,payouts3,6dfaf72ed991657e403aa14f0ece01ed5d0d69f8cba9b32b65775828ef312997,1
SYNTH_REENTRANCY::00769::SyntheticReentrancy00769,SyntheticReentrancy00769,i:claimReward769,claimReward,val,DAPP::DAppSCAN-source/contracts/SlowMist-Starcrazy Smart Contract Security Audit Report/starcrazy-contracts-e9e11d234ac065726e108a73dfcd5efbad26f2c5::GFSBonus,i:withdraw,withdraw,transfer,positions4,00e4281ae7d0edede36437ef532822191bd922eedaab25109b1726e335895983,1
SYNTH_REENTRANCY::00770::SyntheticReentrancy00770,SyntheticReentrancy00770,i:refund770,refund,train,DAPP::DAppSCAN-source/contracts/Coinfabrik-Woonkly Security Audit (DEX STAKE)/STAKESmartContractPreRelease-main::WOOPStake,i:processReward,processReward,call,balances5,bef2d5aefb47e13eb2dbcc2925e2d4e29f6f2793d3d5f8007170da28b6ec2d77,1
SYNTH_REENTRANCY::00771::SyntheticReentrancy00771,SyntheticReentrancy00771,i:unstake771,unstake,train,DAPP::DAppSCAN-source/contracts/Iosiro-SNX FlashBurn Smart Contract Audit/flashburn-3aa02a3d63d9e0110a5b6669a4a4011ceee3cf2b::SNXFlashLoanTool,i:swap,swap,transfer,credits6,ba64ac7dfe75b06364e17434670d6298a32d96d76a44180e876db054335bf9c3,1
SYNTH_REENTRANCY::00772::SyntheticReentrancy00772,SyntheticReentrancy00772,i:redeem772,redeem,train,FORGE::vfp_00174::P2pResolvProxy,i:initiateWithdrawalRESOLVAccruedRewards,initiateWithdrawalRESOLVAccruedRewards,send,pendingRewards7,353b5adee930bd95cb316bf2613bd31e4d568fec95c53279295fc09f939b1723,1
SYNTH_REENTRANCY::00773::SyntheticReentrancy00773,SyntheticReentrancy00773,i:payout773,payout,train,DAPP::DAppSCAN-source/contracts/consensys-Gamma/hypervisor-41fd4abf79864478523e87924d4e80d80df04879::UniProxy,i:deposit,deposit,safeTransfer,withdrawalRequests8,d4c3b11fb5082520d14e99f4aac97f0f765fde89427a5a1e80781bd7144d3d52,1
SYNTH_REENTRANCY::00774::SyntheticReentrancy00774,SyntheticReentrancy00774,i:release774,release,train,FORGE::vfp_00175::P2pYieldProxy,i:_withdraw,_withdraw,transfer,shares9,b0b7bf4e6909d81d0f4e871f335ce6dea8b28128e3bf009ad7070edf8407dab6,1
SYNTH_REENTRANCY::00775::SyntheticReentrancy00775,SyntheticReentrancy00775,i:exit775,exit,val,FORGE::vfp_00001::AgentImageService,i:requestRefund,requestRefund,call,stakes10,10af958ec756fd75809111146e58499e618e1fc4e4c4ebf9187e9c5db0e17ea4,1
SYNTH_REENTRANCY::00776::SyntheticReentrancy00776,SyntheticReentrancy00776,i:claim776,claim,val,DAPP::DAppSCAN-source/contracts/SlowMist-Starcrazy Smart Contract Security Audit Report/starcrazy-contracts-e9e11d234ac065726e108a73dfcd5efbad26f2c5::Auction,i:setGeneScienceAddress,setGeneScienceAddress,transfer,claims11,9a1b0b58410ffa15a783b892ca378f825ff415153f493b99dd91a9156c210041,1
SYNTH_REENTRANCY::00777::SyntheticReentrancy00777,SyntheticReentrancy00777,i:settle777,settle,train,DAPP::DAppSCAN-source/contracts/QuillAudits-1inch-Limit Order Protocol/limit-order-protocol-a14bde6a260458de5083cee117d734221e1cbc05::LimitOrderProtocol,i:fillOrderTo,fillOrderTo,send,escrowed12,8b8a874aa8fe5a9f01b0656d41db77a2324931e1904bdd0aee178c20515197d0,1
SYNTH_REENTRANCY::00778::SyntheticReentrancy00778,SyntheticReentrancy00778,i:collect778,collect,val,DAPP::DAppSCAN-source/contracts/QuillAudits-Yearn Finance-Yearn Vaults V3/yearn-vaults-e390c2a6b2ba6e2ecc8f3a72a1ea4adfabd17544::yWETH,i:withdrawETH,withdrawETH,safeTransfer,payouts13,d3123de8db2db01e3a4c2ec25307d897458f8fa10dcb4b573a744d4d5e55da75,1
SYNTH_REENTRANCY::00779::SyntheticReentrancy00779,SyntheticReentrancy00779,i:harvest779,harvest,train,DAPP::DAppSCAN-source/contracts/PeckShield-BNPL/BNPL-0ee587a081668dcab166a3a275b8a6c4794ead4d::BankingNode,i:unstake,unstake,transfer,positions14,d8275ea23c00c5a075e00a023bade0c71ac1902747a7e61adf64ca046e662f29,1
SYNTH_REENTRANCY::00780::SyntheticReentrancy00780,SyntheticReentrancy00780,i:withdraw780,withdraw,train,FORGE::vfp_00032::CurveConvexLib,i:unstakeAndExitPool,unstakeAndExitPool,call,balances15,f1208df9ba43ee6985835e5a4a4d0f521e46fb69af966c82d92e188b16cfb16d,1
SYNTH_REENTRANCY::00781::SyntheticReentrancy00781,SyntheticReentrancy00781,i:claimReward781,claimReward,train,FORGE::vfp_00045::PDPVerifier,i:nextProvingPeriod,nextProvingPeriod,transfer,credits16,18ef35d54f855afa42bfa4ad8989c50dc74617bbb5513cd039993318dc6ae903,1
SYNTH_REENTRANCY::00782::SyntheticReentrancy00782,SyntheticReentrancy00782,i:refund782,refund,train,FORGE::vfp_00234::mErc20Host,i:_verifyProof,_verifyProof,send,pendingRewards0,582dae7aca9ee3229606602b7686a4593605e9590b5789cd5029d9351d3d6399,1
SYNTH_REENTRANCY::00783::SyntheticReentrancy00783,SyntheticReentrancy00783,i:unstake783,unstake,train,DAPP::DAppSCAN-source/contracts/Coinbae-Pud.Fi Masterchef_Audit/MasterChef0x15Bee180BB39eE5c0166E63313C33984376930Db::MasterChef,i:emergencyWithdraw,emergencyWithdraw,safeTransfer,withdrawalRequests1,1d4db80a6194bb3fac22645c856cc16c4b6527e051f90caf9b91d635bcecf8b6,1
SYNTH_REENTRANCY::00784::SyntheticReentrancy00784,SyntheticReentrancy00784,i:redeem784,redeem,train,DAPP::DAppSCAN-source/contracts/PeckShield-Arche/Arche_v1.0_Eros-909f35e0064d636aaf61954a6026fda7b2bade7f::D_Swap,i:Impl_Delivery,Impl_Delivery,transfer,shares2,82c80ece1c006495c4738c4a3998d3125bc8f27b73e804bd199b35a886ee4f1e,1
SYNTH_REENTRANCY::00785::SyntheticReentrancy00785,SyntheticReentrancy00785,i:payout785,payout,val,DAPP::DAppSCAN-source/contracts/QuillAudits-GearBox Protocol-GearBox Protocol/gearbox-contracts-0ac33ba87212ce056ac6b6357ad74161d417158a::UniswapV2Adapter,i:swapExactTokensForTokens,swapExactTokensForTokens,call,stakes3,29991abba978d1dad866f6bc049554f9f6968cd31952cc9b49b8e22c3e2e12eb,1
SYNTH_REENTRANCY::00786::SyntheticReentrancy00786,SyntheticReentrancy00786,i:release786,release,train,DAPP::DAppSCAN-source/contracts/consensys-PoolTogether_Pods/pods-v3-contracts-879dc8b911fc506dd6bead1f36eade919ccfea57::TokenDrop,i:claim,claim,transfer,claims4,f0f84dcd97e0d297182cc3c739514b8651d68a73f6e4e9d095250f9e57952acd,1
SYNTH_REENTRANCY::00787::SyntheticReentrancy00787,SyntheticReentrancy00787,i:exit787,exit,train,DAPP::DAppSCAN-source/contracts/QuillAudits-Algovest/AlgoVestStaking0x090e69e7F48AFC059e480F297042DEA396B971e7::AlgoVestStaking,i:AVSTokenDonation,AVSTokenDonation,send,escrowed5,496517385aee11225255ec5f92bacebb8d209f659bd3192d2ed517deb126dcf0,1
SYNTH_REENTRANCY::00788::SyntheticReentrancy00788,SyntheticReentrancy00788,i:claim788,claim,train,DAPP::DAppSCAN-source/contracts/PeckShield-DSG/core-6f607f77698936e132e4e9b5cb4d75580636d919::NftEarnErc20Pool,i:slotStake,slotStake,safeTransfer,payouts6,1a5d22fcaa8847279affff54674a9e3aaf52ee8d4b5408289beb10f39c35a655,1
SYNTH_REENTRANCY::00789::SyntheticReentrancy00789,SyntheticReentrancy00789,i:settle789,settle,val,DAPP::DAppSCAN-source/contracts/SlowMist-Starcrazy Smart Contract Security Audit Report/starcrazy-contracts-e9e11d234ac065726e108a73dfcd5efbad26f2c5::Aliana,i:setGeneScienceAddress,setGeneScienceAddress,transfer,positions7,597c61a2244609b9b5d8eef5df42337067cf1843e9394af6123c9ea6889d22f4,1
SYNTH_REENTRANCY::00790::SyntheticReentrancy00790,SyntheticReentrancy00790,i:collect790,collect,train,DAPP::DAppSCAN-source/contracts/Hacken-Ground Zero/code::IDO,i:claim,claim,call,balances8,7d2d7796885ca76696936e2dd89e829f34fb9195cc305de22b8a05f60f549e55,1
SYNTH_REENTRANCY::00791::SyntheticReentrancy00791,SyntheticReentrancy00791,i:harvest791,harvest,train,FORGE::vfp_00189::Box,i:allocate,allocate,transfer,credits9,5721be0f48628c285542d0164d528fb7249424640ac34d1f0808f2cba8e56663,1
SYNTH_REENTRANCY::00792::SyntheticReentrancy00792,SyntheticReentrancy00792,i:withdraw792,withdraw,train,FORGE::vfp_00116::L1Mailbox,i:getMsg,getMsg,send,pendingRewards10,8bc086847b37107bbf2626edd5da533cd58db7aeeff3e3f9072f248fd2d7759f,1
SYNTH_REENTRANCY::00793::SyntheticReentrancy00793,SyntheticReentrancy00793,i:claimReward793,claimReward,train,DAPP::DAppSCAN-source/contracts/consensys-PoolTogether_Pods/pods-v3-contracts-879dc8b911fc506dd6bead1f36eade919ccfea57::Pod,i:depositTo,depositTo,safeTransfer,withdrawalRequests11,d6ace2b3f458d2e938e12def494d8f7240004bc9667c07add30f88cf16360ede,1
SYNTH_REENTRANCY::00794::SyntheticReentrancy00794,SyntheticReentrancy00794,i:refund794,refund,test,FORGE::vfp_00058::LikwidMarginPosition,i:_margin,_margin,transfer,shares12,5b310194a68fa9c4dd4d100b48d35ee1080d95c81062a63f5c738c6324b98e93,1
SYNTH_REENTRANCY::00795::SyntheticReentrancy00795,SyntheticReentrancy00795,i:unstake795,unstake,train,DAPP::DAppSCAN-source/contracts/PeckShield-BNPL/BNPL-0ee587a081668dcab166a3a275b8a6c4794ead4d::BankingNode,i:collectFees,collectFees,call,stakes13,852bef6ae44398b2393a7f500f27208d3a9d5824646f0622eb054afad599b741,1
SYNTH_REENTRANCY::00796::SyntheticReentrancy00796,SyntheticReentrancy00796,i:redeem796,redeem,train,FORGE::vfp_00190::BoxAdapterCached,i:updateTotalAssets,updateTotalAssets,transfer,claims14,85c27d60b984749ca4853f5844038ea7a8aa2564998add59327c986504467ed0,1
SYNTH_REENTRANCY::00797::SyntheticReentrancy00797,SyntheticReentrancy00797,i:payout797,payout,val,DAPP::DAppSCAN-source/contracts/QuillAudits-GearBox Protocol-GearBox Protocol/gearbox-contracts-0ac33ba87212ce056ac6b6357ad74161d417158a::WETHGateway,i:repayCreditAccountETH,repayCreditAccountETH,send,escrowed15,f3257d095d5d4ab8326c9ba564c87824b9d7199df0bd02ffbb5cb4086761c2af,1
SYNTH_REENTRANCY::00798::SyntheticReentrancy00798,SyntheticReentrancy00798,i:release798,release,train,FORGE::vfp_00221::LimitOrderHook,i:_handleCancelCallback,_handleCancelCallback,safeTransfer,payouts16,063c55e1f1258dbdd4d5fccaa6cc38e66e5035263aecbe74fceb48f45106e252,1
SYNTH_REENTRANCY::00799::SyntheticReentrancy00799,SyntheticReentrancy00799,i:exit799,exit,train,DAPP::DAppSCAN-source/contracts/PeckShield-COIN98/code::C98MSiG,i:vote,vote,transfer,positions0,e80787841b74720972ece0ef0b80575bb87449d19993013e3a3e980e41cbc40b,1
SYNTH_REENTRANCY::00800::SyntheticReentrancy00800,SyntheticReentrancy00800,i:claim800,claim,val,FORGE::vfp_00289::BasketToken,i:proRataRedeem,proRataRedeem,call,balances1,dd16d0fe4f0a8768d6d1c4d2c011608623e927ec0b67b9b14ff304c9b7686334,1
SYNTH_REENTRANCY::00801::SyntheticReentrancy00801,SyntheticReentrancy00801,i:settle801,settle,train,DAPP::DAppSCAN-source/contracts/QuillAudits-Yearn Finance-Yearn Protocol V1/yearn-protocol-9ff0dc0ea73642c529383d0675930a41bf033295::yWETH,i:withdrawETH,withdrawETH,transfer,credits2,b45d8dfcff86f5b06697e38532dda583ff2d0785f3845d265e330942b3d168db,1
SYNTH_REENTRANCY::00802::SyntheticReentrancy00802,SyntheticReentrancy00802,i:collect802,collect,test,"DAPP::DAppSCAN-source/contracts/Coinfabrik-MintingFactoryV2, BaseUpgradableMarketplace & KODAV3UpgradableGatedMarketplace/known-origin-contracts-v3-d592c5f4fa4e0b6fc65a1fce43e302706aedf607::MintingFactoryV2",i:mintBatchEdition,mintBatchEdition,send,pendingRewards3,525f13f534a8bd508441d2140e1d395cc077e1b0aa841d5c526fbb7c99d0818c,1
SYNTH_REENTRANCY::00803::SyntheticReentrancy00803,SyntheticReentrancy00803,i:harvest803,harvest,train,DAPP::DAppSCAN-source/contracts/Coinbae-Pud.Fi Masterchef_Audit/MasterChef0x15Bee180BB39eE5c0166E63313C33984376930Db::MasterChef,i:safePudTransfer,safePudTransfer,safeTransfer,withdrawalRequests4,38e19541e25c4c35520e9e0c285076e496c0108ad8a939835cd3984b89fee524,1
SYNTH_REENTRANCY::00804::SyntheticReentrancy00804,SyntheticReentrancy00804,i:withdraw804,withdraw,train,DAPP::DAppSCAN-source/contracts/Coinbae-TapCoins_Token_Contract/code::UpgradeableToken,i:setUpgradeAgent,setUpgradeAgent,transfer,shares5,132ccae511eaf28ea3aaf64328497f38f79e747b0c4b00b43d4106653385b3cc,1
SYNTH_REENTRANCY::00805::SyntheticReentrancy00805,SyntheticReentrancy00805,i:claimReward805,claimReward,train,DAPP::DAppSCAN-source/contracts/consensys-PoolTogether_Sushi_and_Yearn_V2_Yield_Sources/pooltogether-yearnv2-yield-source-a34857f1555908a6263d2ebd189f0cb40e1858da::YearnV2YieldSource,i:supplyTokenTo,supplyTokenTo,call,stakes6,39ba164dd30426ebd63c3c2668c392b9e4a5351375084cdd4192f8b36f515d28,1
SYNTH_REENTRANCY::00806::SyntheticReentrancy00806,SyntheticReentrancy00806,i:refund806,refund,train,FORGE::vfp_00189::Box,i:reallocate,reallocate,transfer,claims7,6de8b68d7c88b04893fc0fed89c67900a12c02547a472dbab80ece7011b7a80a,1
SYNTH_REENTRANCY::00807::SyntheticReentrancy00807,SyntheticReentrancy00807,i:unstake807,unstake,train,DAPP::DAppSCAN-source/contracts/openzeppelin-Endaoment/endaoment-contracts-f60aa253d3d869ad6460877f23e6092acb313add::Fund,i:finalizeGrant,finalizeGrant,send,escrowed8,16d2375c7bed61ad881855f787801079276b9ec6a2f215c9268c1a10ca8b05a4,1
SYNTH_REENTRANCY::00808::SyntheticReentrancy00808,SyntheticReentrancy00808,i:redeem808,redeem,train,DAPP::DAppSCAN-source/contracts/PeckShield-KaoyaSwap/contracts-8273073f1d6914f372790399378f177573c52e37::MasterChef,i:deposit,deposit,safeTransfer,payouts9,47cdd3f4ec92885543d6d277126a3d8f58dab1963e6bde62f9ee39e8a6106e28,1
SYNTH_REENTRANCY::00809::SyntheticReentrancy00809,SyntheticReentrancy00809,i:payout809,payout,train,DAPP::DAppSCAN-source/contracts/QuillAudits-BCUBE Smart Contract/b-cube-ico-13f9f8a991a65f3e0ca60a2078121fdd5a921fb0::BCubePublicSale,i:buyBcubeUsingUSDT,buyBcubeUsingUSDT,transfer,positions10,cacf7a824a3cc84b30f2a2ad7f11c226234bdb1bdaad0f94a3293b0aafec7087,1
SYNTH_REENTRANCY::00810::SyntheticReentrancy00810,SyntheticReentrancy00810,i:release810,release,test,FORGE::vfp_00288::DelegationMetaSwapAdapter,i:swapTokens,swapTokens,call,balances11,6e6f83c87a34eae1bbd0576fbdff603a98bd63a7bca346002817a1a93de5948b,1
SYNTH_REENTRANCY::00811::SyntheticReentrancy00811,SyntheticReentrancy00811,i:exit811,exit,test,FORGE::vfp_00260::Router_Adapter,i:relayMessage,relayMessage,transfer,credits12,54b9495bade545cc22ddbb0135dfde99cf576f5458fce440e82dffdcd2adad7e,1
SYNTH_REENTRANCY::00812::SyntheticReentrancy00812,SyntheticReentrancy00812,i:claim812,claim,train,FORGE::vfp_00189::Box,i:flash,flash,send,pendingRewards13,9ddce68c79caa78513bf4bc1d0cb1e13ad803abbcac7889f44790a8b87cbf6c3,1
SYNTH_REENTRANCY::00813::SyntheticReentrancy00813,SyntheticReentrancy00813,i:settle813,settle,val,DAPP::DAppSCAN-source/contracts/QuillAudits-GearBox Protocol-GearBox Protocol/gearbox-contracts-0ac33ba87212ce056ac6b6357ad74161d417158a::YearnAdapter,i:_deposit,_deposit,safeTransfer,withdrawalRequests14,9d3068cda0fe62acc445bc27f9613c0e600fb4070db777eb7fcf65535206f5b3,1
SYNTH_REENTRANCY::00814::SyntheticReentrancy00814,SyntheticReentrancy00814,i:collect814,collect,test,DAPP::DAppSCAN-source/contracts/ImmuneBytes-Bird Money-Final Audit Report/bird-farm-contracts-dfd2502b73c8f54c9081682c3eb070fcd3c00629::MasterChef,i:withdraw,withdraw,transfer,shares15,ff06578427576ccd22240cb7e31c36577c67a0e62c1631d63e8fac2ad7d39801,1
SYNTH_REENTRANCY::00815::SyntheticReentrancy00815,SyntheticReentrancy00815,i:harvest815,harvest,train,DAPP::DAppSCAN-source/contracts/consensys-Gamma/hypervisor-41fd4abf79864478523e87924d4e80d80df04879::Hypervisor,i:withdraw,withdraw,call,stakes16,3c20ede6f0814e32306659caae3bb187a8863c6d3cf7dcf814abc7f106de2ad6,1
SYNTH_REENTRANCY::00816::SyntheticReentrancy00816,SyntheticReentrancy00816,i:withdraw816,withdraw,val,DAPP::DAppSCAN-source/contracts/QuillAudits-GearBox Protocol-GearBox Protocol/gearbox-contracts-0ac33ba87212ce056ac6b6357ad74161d417158a::CurveV1Adapter,i:exchange,exchange,transfer,claims0,f6f42b36504bc37639ab1d48a7c1cacd89ce6c88422a0f5543f27e9009b15038,1
SYNTH_REENTRANCY::00817::SyntheticReentrancy00817,SyntheticReentrancy00817,i:claimReward817,claimReward,train,DAPP::DAppSCAN-source/contracts/Coinbae-Pud.Fi Masterchef_Audit/MasterChef0x15Bee180BB39eE5c0166E63313C33984376930Db::MasterChef,i:balance,balance,send,escrowed1,d2bee1aa2a70262acc9f441494538e465757df5602d69129d541690c1e362c74,1
SYNTH_REENTRANCY::00818::SyntheticReentrancy00818,SyntheticReentrancy00818,i:refund818,refund,test,FORGE::vfp_00058::LikwidMarginPosition,i:modify,modify,safeTransfer,payouts2,401ed7fe2e981febc1c11ea6b2946095d475454c444ee503f0537cb164f9d472,1
SYNTH_REENTRANCY::00819::SyntheticReentrancy00819,SyntheticReentrancy00819,i:unstake819,unstake,train,DAPP::DAppSCAN-source/contracts/PeckShield-BabySwap/code::HoldStake,i:addPool,addPool,transfer,positions3,59411fa883166e611c6289b1325ad5dce333a379f515895c9be2c1c8acfcc117,1
SYNTH_REENTRANCY::00820::SyntheticReentrancy00820,SyntheticReentrancy00820,i:redeem820,redeem,train,DAPP::DAppSCAN-source/contracts/PeckShield-Holdefi/Holdefi-5a1e6e0d582120142e8a531f6806eba6665ef2f4::Holdefi,i:repayBorrowInternal,repayBorrowInternal,call,balances4,c75e0efe1d70078e666006303380617763f52a3d674ce2455350146c861890c0,1
SYNTH_REENTRANCY::00821::SyntheticReentrancy00821,SyntheticReentrancy00821,i:payout821,payout,val,DAPP::DAppSCAN-source/contracts/Trail_of_Bits-OriginDollar/origin-dollar-81431fd3b2aa4c518ffc389844f9708c00b516f0::VaultCore,i:rebase,rebase,transfer,credits5,559ae22ad5deb9b9c2fcbe6dc744afa7b984311e995a4ac03b2e59c848108cbe,1
SYNTH_REENTRANCY::00822::SyntheticReentrancy00822,SyntheticReentrancy00822,i:release822,release,test,DAPP::DAppSCAN-source/contracts/PeckShield-DarkCrypto/darkcrypto-contracts-fee5be8d36459aebed2b84e6493875b3dc0366fd::SkyRewardPool,i:withdraw,withdraw,send,pendingRewards6,42ebade95a8440a4b14d6aef992c76bb3d18ab19897d1866ccac2b4c3299bcb4,1
SYNTH_REENTRANCY::00823::SyntheticReentrancy00823,SyntheticReentrancy00823,i:exit823,exit,train,DAPP::DAppSCAN-source/contracts/Hacken-Ground Zero/code::IDO,i:claimTheInvestments,claimTheInvestments,safeTransfer,withdrawalRequests7,fb4f04e0652928d394634622e0ea5ca43e5e3a3c0ce74559aa39b41c63240b6c,1
SYNTH_REENTRANCY::00824::SyntheticReentrancy00824,SyntheticReentrancy00824,i:claim824,claim,val,DAPP::DAppSCAN-source/contracts/Runtime_Vеrification-ElementFinance/elf-contracts-637c6f959315cbb11a164555e588520c7d89122b::YVaultAssetProxy,i:reserveDeposit,reserveDeposit,transfer,shares8,da1d4824bbf0c7be4eb4ed02b30c6ee909519ce69ae7e127286a313263f44e78,1
SYNTH_REENTRANCY::00825::SyntheticReentrancy00825,SyntheticReentrancy00825,i:settle825,settle,test,DAPP::DAppSCAN-source/contracts/ImmuneBytes-Bird Money(MasterChef)-Audit Report/bird-farm-contracts-dfd2502b73c8f54c9081682c3eb070fcd3c00629::MasterChef,i:deposit,deposit,call,stakes9,c4d9410d8358b26cdc6e6c1963eb1c2c1f20e7beef0056790592a97c142bfd80,1
SYNTH_REENTRANCY::00826::SyntheticReentrancy00826,SyntheticReentrancy00826,i:collect826,collect,train,DAPP::DAppSCAN-source/contracts/PeckShield-MilkySwap/milkyswap-59f163e9959cf8bae4a521a9648219b553312e07::MasterMilker,i:emergencyWithdraw,emergencyWithdraw,transfer,claims10,ba760796cce9c2cfb6cbc50e30102b3d603d5f414155d2d9c44f8c4b898f2af7,1
SYNTH_REENTRANCY::00827::SyntheticReentrancy00827,SyntheticReentrancy00827,i:harvest827,harvest,train,DAPP::DAppSCAN-source/contracts/Coinbae-Pud.Fi Masterchef_Audit/MasterChef0x15Bee180BB39eE5c0166E63313C33984376930Db::MasterChef,i:setPoolStrategy,setPoolStrategy,send,escrowed11,2ba3119c0261689fc3d4403ecd37f5aea9d0acc9f8c0169b8a16466eeac23eab,1
SYNTH_REENTRANCY::00828::SyntheticReentrancy00828,SyntheticReentrancy00828,i:withdraw828,withdraw,train,DAPP::DAppSCAN-source/contracts/Runtime_Vеrification-Element_Finance_Governance_Security_Audit_Report/council-3d751c959b42573c78ccd0bccbc80424bf6d9a90::CoreVoting,i:execute,execute,safeTransfer,payouts12,e414218fb3509a9418fd136a5f6b2802835d91442a7fd21a70a461a9be532d4d,1
SYNTH_REENTRANCY::00829::SyntheticReentrancy00829,SyntheticReentrancy00829,i:claimReward829,claimReward,val,DAPP::DAppSCAN-source/contracts/QuillAudits-GearBox Protocol-GearBox Protocol/gearbox-contracts-0ac33ba87212ce056ac6b6357ad74161d417158a::WETHGateway,i:addLiquidityETH,addLiquidityETH,transfer,positions13,2bfd7b03681fc577adb291119132c0bb3efdb7ead710ec6570771ef86716f1ac,1
SYNTH_REENTRANCY::00830::SyntheticReentrancy00830,SyntheticReentrancy00830,i:refund830,refund,train,DAPP::DAppSCAN-source/contracts/PeckShield-Atlantis/atlantis-protocol-bsc-766acebba9316eced1c15abf6158b31f470a947f::AToken,i:borrowFresh,borrowFresh,call,balances14,f139bb8b6b943835c19c68f9c7d8c7f45c2f929dc255d37040e2261d1f943a4c,1
SYNTH_REENTRANCY::00831::SyntheticReentrancy00831,SyntheticReentrancy00831,i:unstake831,unstake,train,FORGE::vfp_00088::EnjoyoorsVaultWithdrawals,i:_claimWithdrawal,_claimWithdrawal,transfer,credits15,8c850a7a18e4b70d8062fc10f3a0fa1bcfa42157d4076f94da939231a4057e2d,1
SYNTH_REENTRANCY::00832::SyntheticReentrancy00832,SyntheticReentrancy00832,i:redeem832,redeem,test,FORGE::vfp_00126::SpokePool,i:_setOftMessenger,_setOftMessenger,send,pendingRewards16,d2ee264f83c3590d8aefa9105ac18aa04f6f9f8ca483caab2b199f16b327de18,1
SYNTH_REENTRANCY::00833::SyntheticReentrancy00833,SyntheticReentrancy00833,i:payout833,payout,train,DAPP::DAppSCAN-source/contracts/QuillAudits-Yearn Finance-Yearn Protocol V1/yearn-protocol-9ff0dc0ea73642c529383d0675930a41bf033295::yDelegatedVault,i:claimInsurance,claimInsurance,safeTransfer,withdrawalRequests0,18f47e2de8f4384b954a815a21d86c8144b18a2337017341b9eb592e9bad6226,1
SYNTH_REENTRANCY::00834::SyntheticReentrancy00834,SyntheticReentrancy00834,i:release834,release,train,DAPP::DAppSCAN-source/contracts/PeckShield-SushiSwap/sushiswap-180bc9b642bba79c1ee4a63f71a3a0d36e64aa63::MasterChef,i:withdraw,withdraw,transfer,shares1,ef15edeebff9b4964cbc68b9d9192cf0f68481267554d2331ee57683ae5d703b,1
SYNTH_REENTRANCY::00835::SyntheticReentrancy00835,SyntheticReentrancy00835,i:exit835,exit,train,FORGE::vfp_00221::LimitOrderHook,i:_handlePlaceCallback,_handlePlaceCallback,call,stakes2,05bb6a1e69b3242e0d9287ef2206ad4c1231d82d163bb786b3c420774f37058c,1
SYNTH_REENTRANCY::00836::SyntheticReentrancy00836,SyntheticReentrancy00836,i:claim836,claim,train,DAPP::DAppSCAN-source/contracts/QuillAudits-Keep3r.Network-Keep3r.Network/StakingRewardsV3-13ecc6966ae1a413f62224382bfd4d64b1a22351::StakingRewardsV3,i:deposit,deposit,transfer,claims3,09250b7f714942454ed7916d1546b847d2e030dc17dd5f3472e1dfde11c82964,1
SYNTH_REENTRANCY::00837::SyntheticReentrancy00837,SyntheticReentrancy00837,i:settle837,settle,val,DAPP::DAppSCAN-source/contracts/Trail_of_Bits-OriginDollar/origin-dollar-81431fd3b2aa4c518ffc389844f9708c00b516f0::VaultCore,i:_allocate,_allocate,send,escrowed4,1b6dd5661b265369b92c8138c3854db79da938bd65240433e9486cb8db95cfe4,1
SYNTH_REENTRANCY::00838::SyntheticReentrancy00838,SyntheticReentrancy00838,i:collect838,collect,train,DAPP::DAppSCAN-source/contracts/Coinbae-Pud.Fi Masterchef_Audit/MasterChef0x15Bee180BB39eE5c0166E63313C33984376930Db::MasterChef,i:withdraw,withdraw,safeTransfer,payouts5,1cc897aadbd237989eb05ed0885c3e636cd9b3d35eb8cc3e06dad6124c5404fa,1
SYNTH_REENTRANCY::00839::SyntheticReentrancy00839,SyntheticReentrancy00839,i:harvest839,harvest,train,DAPP::DAppSCAN-source/contracts/Coinbae-Pud.Fi Masterchef_Audit/MasterChef0x15Bee180BB39eE5c0166E63313C33984376930Db::MasterChef,i:add,add,transfer,positions6,cc0ee52d41410b154727dfc5a259181fb456c1e4298300369adccecaabf443ff,1
SYNTH_REENTRANCY::00840::SyntheticReentrancy00840,SyntheticReentrancy00840,i:withdraw840,withdraw,train,DAPP::DAppSCAN-source/contracts/PeckShield-DSG/core-6f607f77698936e132e4e9b5cb4d75580636d919::SinglePool,i:emergencyWithdraw,emergencyWithdraw,call,balances7,338d6e6ce5586a6091b6285be5643513ed0d3653641277f5c74d35d897280eb6,1
SYNTH_REENTRANCY::00841::SyntheticReentrancy00841,SyntheticReentrancy00841,i:claimReward841,claimReward,test,DAPP::DAppSCAN-source/contracts/BlockSec-blocksec_impossible_finance_swap_v1.2/impossible-swap-core-29aaef89f996acdbee92b67c4d95fb608dc8b876::ImpossibleWrappedToken,i:deposit,deposit,transfer,credits8,ecba095371b69476bb6402f111b6417a076c238944b8810faeb195d8be036ee5,1
SYNTH_REENTRANCY::00842::SyntheticReentrancy00842,SyntheticReentrancy00842,i:refund842,refund,train,DAPP::DAppSCAN-source/contracts/consensys-Connext NXTP — Noncustodial Xchain Transfer Protocol/nxtp-0656436d654cfe0313fa3c2bbc81aa86232ade16::TransactionManager,i:removeLiquidity,removeLiquidity,send,pendingRewards9,83014c90ff3fd15e900b2f03f78dd69187eb2bf08b5a149696cc6701ab928207,1
SYNTH_REENTRANCY::00843::SyntheticReentrancy00843,SyntheticReentrancy00843,i:unstake843,unstake,train,DAPP::DAppSCAN-source/contracts/PeckShield-DSG/core-6f607f77698936e132e4e9b5cb4d75580636d919::GovernorV1,i:propose,propose,safeTransfer,withdrawalRequests10,74ff72e0a390c54a1fe425e8d2015b1b966d9a23d43503a3ae9dfb7bb153d124,1
SYNTH_REENTRANCY::00844::SyntheticReentrancy00844,SyntheticReentrancy00844,i:redeem844,redeem,train,DAPP::DAppSCAN-source/contracts/QuillAudits-Yearn Finance-Yearn Protocol V1/yearn-protocol-9ff0dc0ea73642c529383d0675930a41bf033295::yWETH,i:depositETH,depositETH,transfer,shares11,88b706405302168157d50bccd7415fd51f0f436cd0eec142ddd39fbeed28601f,1
SYNTH_REENTRANCY::00845::SyntheticReentrancy00845,SyntheticReentrancy00845,i:payout845,payout,train,DAPP::DAppSCAN-source/contracts/PeckShield-ShibaNova/Contracts-b6b1ce1fcaff83d360df8944309f49958842b7b8::MasterShiba,i:withdraw,withdraw,call,stakes12,93f222886dcd03fa0e0c170a91b42e673239e971d2a818e0ec03dc265de5e082,1
SYNTH_REENTRANCY::00846::SyntheticReentrancy00846,SyntheticReentrancy00846,i:release846,release,train,FORGE::vfp_00221::LimitOrderHook,i:cancelOrder,cancelOrder,transfer,claims13,3851e650e18ebd673ab520ec7a44032a421b03966838a36f8406a3224a74aee8,1
SYNTH_REENTRANCY::00847::SyntheticReentrancy00847,SyntheticReentrancy00847,i:exit847,exit,train,DAPP::DAppSCAN-source/contracts/PeckShield-PikaPerpV2/PikaPerpV2-4a0965ff90ed099b7e2d3e8dda47cd589ee8e3a2::PikaPerpV2,i:closePositionWithId,closePositionWithId,send,escrowed14,8270171ca7c41e2009c04182e2eb5de3fcee3402809a8c66045b87e5378688cc,1
SYNTH_REENTRANCY::00848::SyntheticReentrancy00848,SyntheticReentrancy00848,i:claim848,claim,val,DAPP::DAppSCAN-source/contracts/QuillAudits-GearBox Protocol-GearBox Protocol/gearbox-contracts-0ac33ba87212ce056ac6b6357ad74161d417158a::UniswapV3Adapter,i:exactInputSingle,exactInputSingle,safeTransfer,payouts15,5698449f6b3852c8333bca0117c0885d346b27f5f7e97490ce9511961f182bc5,1
SYNTH_REENTRANCY::00849::SyntheticReentrancy00849,SyntheticReentrancy00849,i:settle849,settle,val,DAPP::DAppSCAN-source/contracts/QuillAudits-GearBox Protocol-GearBox Protocol/gearbox-contracts-0ac33ba87212ce056ac6b6357ad74161d417158a::PoolService,i:lendCreditAccount,lendCreditAccount,transfer,positions16,e8cd4dbf1e181b0113f57019e5a634430c6aa2701a7d4c1bb978de881736a3ae,1
SYNTH_REENTRANCY::00850::SyntheticReentrancy00850,SyntheticReentrancy00850,i:collect850,collect,val,DAPP::DAppSCAN-source/contracts/SlowMist-Starcrazy Smart Contract Security Audit Report/starcrazy-contracts-e9e11d234ac065726e108a73dfcd5efbad26f2c5::ClockAuctionBase,i:setGeneScienceAddress,setGeneScienceAddress,call,balances0,0f9afe4e528b41e7ab526b8c9a9bb65a77de0623af83bb28765531be845561b6,1
SYNTH_REENTRANCY::00851::SyntheticReentrancy00851,SyntheticReentrancy00851,i:harvest851,harvest,val,DAPP::DAppSCAN-source/contracts/QuillAudits-GearBox Protocol-GearBox Protocol/gearbox-contracts-0ac33ba87212ce056ac6b6357ad74161d417158a::UniswapV2Adapter,i:swapTokensForExactTokens,swapTokensForExactTokens,transfer,credits1,2e5e8c9fd9c3dd5baedc50cabf4cffa974459cabef2bb516efdbdf8c4d2e9a5a,1
SYNTH_REENTRANCY::00852::SyntheticReentrancy00852,SyntheticReentrancy00852,i:withdraw852,withdraw,val,DAPP::DAppSCAN-source/contracts/PeckShield-TranchessV1.1/contract-core-68a86350313c1cb9e5467e791d3e9efaf228a0df::StakingV2,i:deposit,deposit,send,pendingRewards2,3f97fdd9175d74bcb2dfcaaa5bbb95d34be717538232127a6a3eb4fb12c4b7a0,1
SYNTH_REENTRANCY::00853::SyntheticReentrancy00853,SyntheticReentrancy00853,i:claimReward853,claimReward,train,FORGE::vfp_00224::OidcRecoveryValidator,i:startRecovery,startRecovery,safeTransfer,withdrawalRequests3,4204d59355cc9e2ff3145dbeca0648f790b96008e97afc16939388391b81cfbc,1
SYNTH_REENTRANCY::00854::SyntheticReentrancy00854,SyntheticReentrancy00854,i:refund854,refund,train,DAPP::DAppSCAN-source/contracts/QuillAudits-1inch-Fixed Rate Swap/fixed-rate-swap-0b5a75e9f56e7d21c290dd28c59dc140dcbcc1d5::FixedRateSwap,i:depositFor,depositFor,transfer,shares4,b6386dafae117fdb53c769ef52678e881af57be5a145840a5cbfae024d15135a,1
SYNTH_REENTRANCY::00855::SyntheticReentrancy00855,SyntheticReentrancy00855,i:unstake855,unstake,train,DAPP::DAppSCAN-source/contracts/PeckShield-Holdefi/Holdefi-5a1e6e0d582120142e8a531f6806eba6665ef2f4::HoldefiSettings,i:setHoldefiContract,setHoldefiContract,call,stakes5,020c8d7470d44471f99bf78a2e6992520996fba6c4ea90994ab5ae9acd350de1,1
SYNTH_REENTRANCY::00856::SyntheticReentrancy00856,SyntheticReentrancy00856,i:redeem856,redeem,train,DAPP::DAppSCAN-source/contracts/Chainsecurity-Compound  cToken unredacted/compound-protocol-4a54ec5c55b66ea67d44b76f3056f0ed7229db8c::Comptroller,i:liquidateBorrowAllowed,liquidateBorrowAllowed,transfer,claims6,3311b2e5b681cd448144813baac7d3bd0af49e380734fa00db84df9b173a3a67,1
SYNTH_REENTRANCY::00857::SyntheticReentrancy00857,SyntheticReentrancy00857,i:payout857,payout,train,DAPP::DAppSCAN-source/contracts/openzeppelin-Optimism/contracts-18e128343731b9bde23812ce932e24d81440b6b7::OVM_StateTransitioner,i:applyTransaction,applyTransaction,send,escrowed7,fe30ecdc54019e82795d835fa0c1d0ae939234ce2671ae4f6e450b65378f713c,1
SYNTH_REENTRANCY::00858::SyntheticReentrancy00858,SyntheticReentrancy00858,i:release858,release,val,DAPP::DAppSCAN-source/contracts/QuillAudits-GearBox Protocol-GearBox Protocol/gearbox-contracts-0ac33ba87212ce056ac6b6357ad74161d417158a::YearnAdapter,i:withdraw,withdraw,safeTransfer,payouts8,0c62cf2d659d1bba925aceb5868dc632a850d32277cbe0d23aabf42051fdd93c,1
SYNTH_REENTRANCY::00859::SyntheticReentrancy00859,SyntheticReentrancy00859,i:exit859,exit,train,DAPP::DAppSCAN-source/contracts/QuillAudits-Abyss Finance-Abyss Eth2 Depositor/abyss-eth2depositor-a2d58dea4d79846dc682fe93ac3e0eca02323d11::AbyssEth2Depositor,i:deposit,deposit,transfer,positions9,8ac738ab3a7c5d01dd9644d5b3f72fd7861d999484f064b6a64d636a72868fb0,1
SYNTH_REENTRANCY::00860::SyntheticReentrancy00860,SyntheticReentrancy00860,i:claim860,claim,train,DAPP::DAppSCAN-source/contracts/Coinbae-Pud.Fi Masterchef_Audit/MasterChef0x15Bee180BB39eE5c0166E63313C33984376930Db::MasterChef,i:deposit,deposit,call,balances10,d576fbf3e0890bb65ceafeb48fb854677f5675c98c13f6f49f6c86eb63bdf7cb,1
SYNTH_REENTRANCY::00861::SyntheticReentrancy00861,SyntheticReentrancy00861,i:settle861,settle,val,DAPP::DAppSCAN-source/contracts/SlowMist-Starcrazy Smart Contract Security Audit Report/starcrazy-contracts-e9e11d234ac065726e108a73dfcd5efbad26f2c5::AlianaSale,i:withdrawOwnerCutSale,withdrawOwnerCutSale,transfer,credits11,13a7e46e200758e6fd5cfaf7cd516e877302118fd52036e8531421f6b1c6f3f0,1
SYNTH_REENTRANCY::00862::SyntheticReentrancy00862,SyntheticReentrancy00862,i:collect862,collect,val,FORGE::vfp_00001::AgentImageService,i:fulfillImage,fulfillImage,send,pendingRewards12,c92922a03900a9fab9c4966957e20834c9defcc2673123bfca06da6e331d27f9,1
SYNTH_REENTRANCY::00863::SyntheticReentrancy00863,SyntheticReentrancy00863,i:harvest863,harvest,test,FORGE::vfp_00058::LikwidMarginPosition,i:_executeAddLeverage,_executeAddLeverage,safeTransfer,withdrawalRequests13,bc02efd1b129ab1ecf0da11f1bbed94e1b229f2b21fa6e11c7d6c4ac87b9adac,1
SYNTH_REENTRANCY::00864::SyntheticReentrancy00864,SyntheticReentrancy00864,i:withdraw864,withdraw,train,DAPP::DAppSCAN-source/contracts/Chainsecurity-Compound  cToken unredacted/compound-protocol-4a54ec5c55b66ea67d44b76f3056f0ed7229db8c::CToken,i:_setComptroller,_setComptroller,transfer,shares14,13d127e6af46c8cec7800b48c8d80bbc66e2b332249d59c3a7a17bd3f4112f52,1
SYNTH_REENTRANCY::00865::SyntheticReentrancy00865,SyntheticReentrancy00865,i:claimReward865,claimReward,val,DAPP::DAppSCAN-source/contracts/Trail_of_Bits-OriginDollar/origin-dollar-81431fd3b2aa4c518ffc389844f9708c00b516f0::VaultCore,i:_redeem,_redeem,call,stakes15,f590d4ea51776a86dbc69756620e854f9dd857a712fd40265155bdd85b92f43d,1
SYNTH_REENTRANCY::00866::SyntheticReentrancy00866,SyntheticReentrancy00866,i:refund866,refund,val,DAPP::DAppSCAN-source/contracts/QuillAudits-GearBox Protocol-GearBox Protocol/gearbox-contracts-0ac33ba87212ce056ac6b6357ad74161d417158a::AccountFactory,i:returnCreditAccount,returnCreditAccount,transfer,claims16,7cddafeac3ef4bf32529b766f15d75003c21a733ff6756b538fdd6a0ba82e4b4,1
SYNTH_REENTRANCY::00867::SyntheticReentrancy00867,SyntheticReentrancy00867,i:unstake867,unstake,train,FORGE::vfp_00102::StopLimit,i:performUpkeep,performUpkeep,send,escrowed0,47431c9c4a299cfd128f081c61cf9e815c1f8927cf6bf6d869f8695f71c36208,1
SYNTH_REENTRANCY::00868::SyntheticReentrancy00868,SyntheticReentrancy00868,i:redeem868,redeem,train,FORGE::vfp_00007::Folio,i:getRebalance,getRebalance,safeTransfer,payouts1,a6a906be50faa0525b9180852ed4f54ec00b17157c973c54e6cbb9ad2549ee47,1
SYNTH_REENTRANCY::00869::SyntheticReentrancy00869,SyntheticReentrancy00869,i:payout869,payout,train,DAPP::DAppSCAN-source/contracts/BlockSec-blocksec_multichain_vemult_v1.0_signed/veMULTI-bac804399d1ea280e5bd8cdc9488b6fa6a0a7fcc::ve,i:withdraw,withdraw,transfer,positions2,c859c96441b079c4d1b19b335f95c19bd7b9dfb96cc679dd995cbe800134e46b,1
SYNTH_REENTRANCY::00870::SyntheticReentrancy00870,SyntheticReentrancy00870,i:release870,release,val,DAPP::DAppSCAN-source/contracts/QuillAudits-GearBox Protocol-GearBox Protocol/gearbox-contracts-0ac33ba87212ce056ac6b6357ad74161d417158a::WETHGateway,i:openCreditAccountETH,openCreditAccountETH,call,balances3,9d422c534b3e90319469c848410285b6d631683d6d4dd5c04e66bd68225dc008,1
SYNTH_REENTRANCY::00871::SyntheticReentrancy00871,SyntheticReentrancy00871,i:exit871,exit,val,DAPP::DAppSCAN-source/contracts/QuillAudits-GearBox Protocol-GearBox Protocol/gearbox-contracts-0ac33ba87212ce056ac6b6357ad74161d417158a::UniswapV3Adapter,i:exactOutput,exactOutput,transfer,credits4,72f380c83c7f7b6b4e2aca172a0c8c719e8ff19539e5eb32313e28c85862b448,1
SYNTH_REENTRANCY::00872::SyntheticReentrancy00872,SyntheticReentrancy00872,i:claim872,claim,val,DAPP::DAppSCAN-source/contracts/SlowMist-Starcrazy Smart Contract Security Audit Report/starcrazy-contracts-e9e11d234ac065726e108a73dfcd5efbad26f2c5::AlianaBase,i:setGeneScienceAddress,setGeneScienceAddress,send,pendingRewards5,47a71f1c8ce516c8f82f4aecdcf6819ae70c76cb03be78a025973643c1d73323,1
SYNTH_REENTRANCY::00873::SyntheticReentrancy00873,SyntheticReentrancy00873,i:settle873,settle,val,DAPP::DAppSCAN-source/contracts/SlowMist-Starcrazy Smart Contract Security Audit Report/starcrazy-contracts-e9e11d234ac065726e108a73dfcd5efbad26f2c5::AlianaOwnership,i:setGeneScienceAddress,setGeneScienceAddress,safeTransfer,withdrawalRequests6,e8fa27adc8023e8f4b7b7124e6de58c3cd03b0f4007ad2d6ee1a91ad8e006a7c,1
SYNTH_REENTRANCY::00874::SyntheticReentrancy00874,SyntheticReentrancy00874,i:collect874,collect,test,DAPP::DAppSCAN-source/contracts/Hacken-Powerbomb-V1/powerbomb-lite-0f86ff1eecdd723be733a9b33ff4ffa3bbdadcee::PowerBombAvaxCurve,i:claimReward,claimReward,transfer,shares7,6933caccd95cfcf00127f6b0337908c5caf8511e02bf963c2a2ccfa67b07b49e,1
SYNTH_REENTRANCY::00875::SyntheticReentrancy00875,SyntheticReentrancy00875,i:harvest875,harvest,train,DAPP::DAppSCAN-source/contracts/QuillAudits-Alium Finance Smart Contract/alium-farm-e37d6af39af68049c2684085f025385407b4bd55::MasterChef,i:emergencyWithdraw,emergencyWithdraw,call,stakes8,66096919b0ccdeb3704544fc7f483b6b1e328387f3181b452f9b94ce0bef59f1,1
SYNTH_REENTRANCY::00876::SyntheticReentrancy00876,SyntheticReentrancy00876,i:withdraw876,withdraw,train,DAPP::DAppSCAN-source/contracts/openzeppelin-Solo_Margin_Protocol/solo-17df84db351d5438e1b7437572722b4f52c8b2b4::AdminImpl,i:_setPriceOracle,_setPriceOracle,transfer,claims9,f19f4e6af5200ba06ff4896007b641509391cb5b4ec289b8f1243b0baf3b87df,1
SYNTH_REENTRANCY::00877::SyntheticReentrancy00877,SyntheticReentrancy00877,i:claimReward877,claimReward,train,FORGE::vfp_00215::ScrollChainValidium,i:registerNewEncryptionKey,registerNewEncryptionKey,send,escrowed10,6efc5e375315c0d209c29519560bf9944d4da7fda8d22fdf957fc08f31316501,1
SYNTH_REENTRANCY::00878::SyntheticReentrancy00878,SyntheticReentrancy00878,i:refund878,refund,train,DAPP::DAppSCAN-source/contracts/Runtime_Vеrification-stakefish_ethereum_staking_audit_report/eth2-validation-services-contract-d91928f3a270f6115831fe3a21a69eb98bf57b26::StakefishERC721Wrapper,i:mintTo,mintTo,safeTransfer,payouts11,53228b3697a81d481216047ce9cf8cfeb0959e93eb5e49bfedc11cc2103c2f3c,1
SYNTH_REENTRANCY::00879::SyntheticReentrancy00879,SyntheticReentrancy00879,i:unstake879,unstake,val,DAPP::DAppSCAN-source/contracts/PeckShield-Tranchessv1.0/contract-core-5ac3d997da3ef37b0135565a11c5ebcc519862aa::LiquidityStaking,i:deposit,deposit,transfer,positions12,528f4b16f2f6b8ba757dbcc40b5dde079ca8387437a2cbfb18ae5bc6b704a2b3,1
SYNTH_REENTRANCY::00880::SyntheticReentrancy00880,SyntheticReentrancy00880,i:redeem880,redeem,train,FORGE::vfp_00209::StakingManager,i:withdraw,withdraw,call,balances13,e8db2c9f864293e1c75566c63edb175ba71cc060b0f7160b4f4042715fdc75d7,1
SYNTH_REENTRANCY::00881::SyntheticReentrancy00881,SyntheticReentrancy00881,i:payout881,payout,train,DAPP::DAppSCAN-source/contracts/Trail_of_Bits-ampleforth/market-oracle-888fccaf05786f3f7f49e18ff040f911d44906f4::MarketOracle,i:getPriceAnd24HourVolume,getPriceAnd24HourVolume,transfer,credits14,30b0333dde3eb291949e1fabcd59e42ffbc9c5aef5d38cf294b58c57c15786e0,1
SYNTH_REENTRANCY::00882::SyntheticReentrancy00882,SyntheticReentrancy00882,i:release882,release,train,DAPP::DAppSCAN-source/contracts/PeckShield-Rikkei/rifi-protocol-b33243fb3a218cc195f0727fe1499cb57f5ea0b2::RToken,i:borrowFresh,borrowFresh,send,pendingRewards15,56a065f1f0d311b26eb787162e2a19ded7de6385e3d3c6ef5316e9f1eaf5b9a5,1
SYNTH_REENTRANCY::00883::SyntheticReentrancy00883,SyntheticReentrancy00883,i:exit883,exit,train,FORGE::vfp_00007::Folio,i:startRebalance,startRebalance,safeTransfer,withdrawalRequests16,d3c6d1daf54a6ed7812e681b318c72d820bf528974afcbe7c1c4d42278542810,1
SYNTH_REENTRANCY::00884::SyntheticReentrancy00884,SyntheticReentrancy00884,i:claim884,claim,val,DAPP::DAppSCAN-source/contracts/Runtime_Vеrification-Tracer_Perpetual_Pools_V2/perpetual-pools-contracts-846bbf62652d7c83aee1cf3766275c4d08b00c8a::PoolFactory,i:deployPool,deployPool,transfer,shares0,e8bfd5a8b3166855c0d0bea95e200dcd8096c2f9b7fa4e2e1d963af46b07045e,1
SYNTH_REENTRANCY::00885::SyntheticReentrancy00885,SyntheticReentrancy00885,i:settle885,settle,train,DAPP::DAppSCAN-source/contracts/Trail_of_Bits-FraxQ42021/frax-solidity-bd40775e283923aa9e32a107abd426430a99835e::veFXSYieldDistributorV4,i:notifyRewardAmount,notifyRewardAmount,call,stakes1,c9a2c2845d48461184e3bab41d224f6acd04c774dc86d6a4dce425958f423127,1
SYNTH_REENTRANCY::00886::SyntheticReentrancy00886,SyntheticReentrancy00886,i:collect886,collect,train,FORGE::vfp_00007::Folio,i:mint,mint,transfer,claims2,d2fb907dff31be205bd7ff81c4f6f845be9895e030bb98a2e5b198ce8fb7c482,1
SYNTH_REENTRANCY::00887::SyntheticReentrancy00887,SyntheticReentrancy00887,i:harvest887,harvest,test,DAPP::DAppSCAN-source/contracts/SlowMist-ForTube2.0 Smart Contract Security Audit Report/bond-854527d0ea7ad2ddd3504b4d4ae3fcb57cb6445d::PRA,i:lock,lock,send,escrowed3,d363bc43f1dd8ce563e201f4a7ac7297d8edbdffb2ed2bf6f7da304a5420acd6,1
SYNTH_REENTRANCY::00888::SyntheticReentrancy00888,SyntheticReentrancy00888,i:withdraw888,withdraw,train,FORGE::vfp_00007::Folio,i:distributeFees,distributeFees,safeTransfer,payouts4,0c732a6e1ba48ee432c6d0247e109b800fff416022bf20779bf7a6533eb0df95,1
SYNTH_REENTRANCY::00889::SyntheticReentrancy00889,SyntheticReentrancy00889,i:claimReward889,claimReward,train,DAPP::DAppSCAN-source/contracts/PeckShield-BabySwap/code::MasterChef,i:withdraw,withdraw,transfer,positions5,9792433cd46839f57dae4f28fff299378c1a37cbc60216fbc1e45e1b5501ca07,1
SYNTH_REENTRANCY::00890::SyntheticReentrancy00890,SyntheticReentrancy00890,i:refund890,refund,train,DAPP::DAppSCAN-source/contracts/QuillAudits-coalichain/CoaliSC-3f0920d650467279f7ceee08776bd74ecadd3237::Main,i:createBallot,createBallot,call,balances6,4bfb19d06477a28159cdc6763c18ee5c12c2436139b150887c80a0e52d25ac7b,1
SYNTH_REENTRANCY::00891::SyntheticReentrancy00891,SyntheticReentrancy00891,i:unstake891,unstake,val,DAPP::DAppSCAN-source/contracts/Trail_of_Bits-OriginDollar/origin-dollar-81431fd3b2aa4c518ffc389844f9708c00b516f0::VaultCore,i:mintMultiple,mintMultiple,transfer,credits7,e7537f65c6c345c1398b95250c7a5235f8980fbc8973678c037b507feca541be,1
SYNTH_REENTRANCY::00892::SyntheticReentrancy00892,SyntheticReentrancy00892,i:redeem892,redeem,test,DAPP::DAppSCAN-source/contracts/PepperSec-Aira-Robonomic/robonomics_contracts-cc35a91de187072214d215262d8371f0159c2498::LighthouseLib,i:withdraw,withdraw,send,pendingRewards8,00f31c03c432144ec7a2b77b2a27e8bfc3275ec79148821673df6aa9cfeffc21,1
SYNTH_REENTRANCY::00893::SyntheticReentrancy00893,SyntheticReentrancy00893,i:payout893,payout,train,DAPP::DAppSCAN-source/contracts/PeckShield-Convex_Frax/frax-cvx-platform-2f8573ee796daa022c1050b4a749bf08049c439b::StakingProxyUniV3,i:lockAdditional,lockAdditional,safeTransfer,withdrawalRequests9,fac666eb584e1548bebc3666461dd1836ec4abadc046934903781d8ef627dea3,1
SYNTH_REENTRANCY::00894::SyntheticReentrancy00894,SyntheticReentrancy00894,i:release894,release,train,DAPP::DAppSCAN-source/contracts/PeckShield-CryptoHeroes/cryptoheroes-6cb0eaf8c88fdaab89d2b4c83535a189c7793001::CryptoHeroesUniverse,i:deposit,deposit,transfer,shares10,4f46d698ae8a066f2a1478b6c44f6e30c51c76ae911dbfaede48072c663487d3,1
SYNTH_REENTRANCY::00895::SyntheticReentrancy00895,SyntheticReentrancy00895,i:exit895,exit,train,DAPP::DAppSCAN-source/contracts/Chainsecurity-Angle Protocol/angle-core-46e6d32837cbe97a4af0adb693e63afa0d01fc3e::PerpetualManagerFront,i:openPerpetual,openPerpetual,call,stakes11,33fe745d86c5e9a0a4d30e69c2d1901b1236dcc591cb8e11c17733960ace8c1b,1
SYNTH_REENTRANCY::00896::SyntheticReentrancy00896,SyntheticReentrancy00896,i:claim896,claim,train,DAPP::DAppSCAN-source/contracts/PeckShield-Hegic(v8888)/Hegic-v8888-2dcd44dc1ae07881e94d52fa618f9704bfd4ffda::HegicPool,i:provideFrom,provideFrom,transfer,claims12,fa50f7fc4d6d0c1738606137fd03d9b7ada9e9be6f5b08d6b00a673397613a41,1
SYNTH_REENTRANCY::00897::SyntheticReentrancy00897,SyntheticReentrancy00897,i:settle897,settle,train,FORGE::vfp_00174::P2pResolvProxy,i:withdrawRESOLV,withdrawRESOLV,send,escrowed13,6721c88ac85a7d5293667c8b7178e0628756b45649a0553cfb32659a3b8b92ca,1
SYNTH_REENTRANCY::00898::SyntheticReentrancy00898,SyntheticReentrancy00898,i:collect898,collect,train,DAPP::DAppSCAN-source/contracts/QuillAudits-Bond Appetit-Bond Appetit/bondappetit-protocol-355180f0aca0b29d60d808f761052956b7a3a159::ProfitSplitter,i:_payToRecipients,_payToRecipients,safeTransfer,payouts14,5e9053e545da1d6377f559be3c4beaccc52d46d3218da611ce1ba4283abf3a46,1
SYNTH_REENTRANCY::00899::SyntheticReentrancy00899,SyntheticReentrancy00899,i:harvest899,harvest,train,FORGE::vfp_00209::StakingManager,i:stake,stake,transfer,positions15,93f549e4c9f5e8f3844179aaab8d13bbbe8dddac61613b7f85318410ede7ab4b,1
SYNTH_REENTRANCY::00900::SyntheticReentrancy00900,SyntheticReentrancy00900,i:withdraw900,withdraw,test,DAPP::DAppSCAN-source/contracts/Solidity_Finance-OKLG - Smart Contract/contracts-e167d0d742d21bcc62d7a5b770a1f0ed1cf31eca::MTGYTokenLocker,i:withdrawLockedTokens,withdrawLockedTokens,call,balances16,e8e651c35525442d35df6f715f2547a7a9f23bdd2ac07a6f6049e42fb0c7709f,1
SYNTH_REENTRANCY::00901::SyntheticReentrancy00901,SyntheticReentrancy00901,i:claimReward901,claimReward,val,DAPP::DAppSCAN-source/contracts/consensys-DeFi_Saver/defisaver-v3-contracts-cb29669a84c2d6fffaf2231c0938eb407c060919::FLAaveV2,i:executeOperation,executeOperation,transfer,credits0,ddab6dd46abbeec6ade80ff5f53973b0bc7102dc9316d7579333f196c7e5af5f,1
SYNTH_REENTRANCY::00902::SyntheticReentrancy00902,SyntheticReentrancy00902,i:refund902,refund,train,DAPP::DAppSCAN-source/contracts/Iosiro-1inch Exchange Staking Rewards Smart Contract Audit/liquidity-protocol-c9c8bc600e8e7897f70f84b006de601d4f4bcbe3::BaseRewards,i:getReward,getReward,send,pendingRewards1,7333d394b914d19bdecd9da29964257ad85080ffa2d0337ba0d419d67dde4889,1
SYNTH_REENTRANCY::00903::SyntheticReentrancy00903,SyntheticReentrancy00903,i:unstake903,unstake,train,FORGE::vfp_00102::StopLimit,i:modifyOrder,modifyOrder,safeTransfer,withdrawalRequests2,29797b2604f7e523576a77feac3a5dfc96c08dd27d211eaa2a77b45ddb563a88,1
SYNTH_REENTRANCY::00904::SyntheticReentrancy00904,SyntheticReentrancy00904,i:redeem904,redeem,val,FORGE::vfp_00001::AgentImageService,i:requestImage,requestImage,transfer,shares3,5929b5367c6d2b58fc95cb45a2f7cee506abd71e3851c44f36c16c623558a91c,1
SYNTH_REENTRANCY::00905::SyntheticReentrancy00905,SyntheticReentrancy00905,i:payout905,payout,train,FORGE::vfp_00189::Box,i:deallocate,deallocate,call,stakes4,a36e7e3a6bd479e1d14abf087206afcb93b03612de986e3fe44771303a16860d,1
SYNTH_REENTRANCY::00906::SyntheticReentrancy00906,SyntheticReentrancy00906,i:release906,release,val,DAPP::DAppSCAN-source/contracts/QuillAudits-GearBox Protocol-GearBox Protocol/gearbox-contracts-0ac33ba87212ce056ac6b6357ad74161d417158a::UniswapV3Adapter,i:exactInput,exactInput,transfer,claims5,bbe5ba99aca7337951e8131d02a81271f881b86a940589e434ec57e1a0b73453,1
SYNTH_REENTRANCY::00907::SyntheticReentrancy00907,SyntheticReentrancy00907,i:exit907,exit,train,DAPP::DAppSCAN-source/contracts/PeckShield-StackerVC/StackerVC_VentureFund001-3cfb98b21f4731dfd62993feb7c7d1540837f59b::LPGauge,i:deposit,deposit,send,escrowed6,ea0006df2d5407cc63055961d5532620aa40659ae7a2163d3b373c21644766b9,1
SYNTH_REENTRANCY::00908::SyntheticReentrancy00908,SyntheticReentrancy00908,i:claim908,claim,train,DAPP::DAppSCAN-source/contracts/consensys-Aave_Protocol_V2/aave-protocol-v2-f756f44a8d6a328cd545335e46e7128939db88c4::LendingPool,i:deposit,deposit,safeTransfer,payouts7,7630e1a93a85402a59387f376320b7de19ca3741ac85c11a42fe9ad7d9b6d758,1
SYNTH_REENTRANCY::00909::SyntheticReentrancy00909,SyntheticReentrancy00909,i:settle909,settle,test,DAPP::DAppSCAN-source/contracts/Trail_of_Bits-Liquity/dev-f0df3efa5a5f05b205752184cfce107c5bd6e06c::BorrowerOperations,i:_moveTokensAndETHfromAdjustment,_moveTokensAndETHfromAdjustment,transfer,positions8,4dee010feb69def2e74f2fb6c6d07bb6a98d1335b3f2364b938a036510a1139d,1
SYNTH_REENTRANCY::00910::SyntheticReentrancy00910,SyntheticReentrancy00910,i:collect910,collect,train,DAPP::DAppSCAN-source/contracts/Coinbae-Hakka_Finance_wHakka/code::wHakka,i:stake,stake,call,balances9,62851122376c4a355d8794804fa942c9edf8e88064c3152cd9d1468abd672566,1
SYNTH_REENTRANCY::00911::SyntheticReentrancy00911,SyntheticReentrancy00911,i:harvest911,harvest,train,DAPP::DAppSCAN-source/contracts/consensys-Idle_Finance/idle-tranches-d94ee7194e8cb17db13b16c338f3e780b62f5435::IdleCDO,i:_deposit,_deposit,transfer,credits10,4d0bb8853c363c8df91fce764d79ab0144acf0a34d1e968521bded5980308cb0,1
SYNTH_REENTRANCY::00912::SyntheticReentrancy00912,SyntheticReentrancy00912,i:withdraw912,withdraw,test,DAPP::DAppSCAN-source/contracts/PepperSec-Aira-Robonomic/robonomics_contracts-cc35a91de187072214d215262d8371f0159c2498::RobotLiabilityLib,i:finalize,finalize,send,pendingRewards11,d096bfaba6ec48edbdd4ef38f163da69c804f7ce1bcfea3c0fc2775d4d7064e6,1
SYNTH_REENTRANCY::00913::SyntheticReentrancy00913,SyntheticReentrancy00913,i:claimReward913,claimReward,train,DAPP::DAppSCAN-source/contracts/Chainsulting-Furucombo-project2/trevi-b3f7fd332873321152db48c9d43fc23a60a29f1a::FountainBase,i:_depositAngel,_depositAngel,safeTransfer,withdrawalRequests12,d901bfe6e60a36752aff4ef321d16a2666f3cb13d4631b3a5c64ecb0508523f0,1
SYNTH_REENTRANCY::00914::SyntheticReentrancy00914,SyntheticReentrancy00914,i:refund914,refund,train,FORGE::vfp_00096::MarketConfigurator,i:_migrateFactoryTargets,_migrateFactoryTargets,transfer,shares13,790bba9acaf347948f7593d84e0fa0ca9d7519911840b27de8566dc28ef07a80,1
SYNTH_REENTRANCY::00915::SyntheticReentrancy00915,SyntheticReentrancy00915,i:unstake915,unstake,train,DAPP::DAppSCAN-source/contracts/PeckShield-Buffer/code::BufferBNBOptions,i:create,create,call,stakes14,51a4c36b59d2746234d259b6bbc30ceffe1d8dfe1efe017da38b7fed5f867341,1
SYNTH_REENTRANCY::00916::SyntheticReentrancy00916,SyntheticReentrancy00916,i:redeem916,redeem,train,DAPP::DAppSCAN-source/contracts/consensys-Skyweaver/Skyweaver-contracts-bde0c184db6168bf86656a48b12d5747950b54d9::EternalHeroesFactory,i:_buy,_buy,transfer,claims15,bd7502f3fda04dd9e2820af2782867d86b8229224f274e346de817d75a3110df,1
SYNTH_REENTRANCY::00917::SyntheticReentrancy00917,SyntheticReentrancy00917,i:payout917,payout,train,DAPP::DAppSCAN-source/contracts/consensys-Aave_Protocol_V2/aave-protocol-v2-f756f44a8d6a328cd545335e46e7128939db88c4::LendingPool,i:flashLoan,flashLoan,send,escrowed16,443c9a30b2703f709b1e1f05fc28acf0b4fc04f4894d027231d7e8093e0f413c,1
SYNTH_REENTRANCY::00918::SyntheticReentrancy00918,SyntheticReentrancy00918,i:release918,release,train,DAPP::DAppSCAN-source/contracts/Coinbae-Barnbridge_Vault/CommunityVault0xA3C299eEE1998F45c20010276684921EBE6423D9::CommunityVault,i:setAllowance,setAllowance,safeTransfer,payouts0,7ca56617c639c206673ac4a50db46e71d1980a9f549c1d9c794504664f388d85,1
SYNTH_REENTRANCY::00919::SyntheticReentrancy00919,SyntheticReentrancy00919,i:exit919,exit,train,DAPP::DAppSCAN-source/contracts/Trail_of_Bits-MapleFinance/liquidations-35c628e5ab45fbffaab7aef43a030a98b712a94a::Liquidator,i:liquidatePortion,liquidatePortion,transfer,positions1,a610b50b5d632f188fab1f537e9f0b5ebc92531291c9cf3708b91ad7d687f43a,1
SYNTH_REENTRANCY::00920::SyntheticReentrancy00920,SyntheticReentrancy00920,i:claim920,claim,test,DAPP::DAppSCAN-source/contracts/consensys-GrowthDeFi WHEAT/wheat-v1-core-8360ac0a537589bb974e8a5a169bb3e7c95d2857::Exchange,i:convertFundsFromInput,convertFundsFromInput,call,balances2,e5276e6496a23367e9632bfc09a4915dfb79d4f82b7958fe2965c217e55129d7,1
SYNTH_REENTRANCY::00921::SyntheticReentrancy00921,SyntheticReentrancy00921,i:settle921,settle,test,DAPP::DAppSCAN-source/contracts/ImmuneBytes-Bird Money(MasterChef)-Audit Report/bird-farm-contracts-dfd2502b73c8f54c9081682c3eb070fcd3c00629::MasterChef,i:emergencyWithdraw,emergencyWithdraw,transfer,credits3,633177febb2642ea816e49bfec7ca2d6194414ba40b8de6a74cba44be224cda7,1
SYNTH_REENTRANCY::00922::SyntheticReentrancy00922,SyntheticReentrancy00922,i:collect922,collect,train,"DAPP::DAppSCAN-source/contracts/Inspex-Tokens, Farm & Shop/-SpeedStar-Audit-3e39d7acf9c1aa9f3a5511c161c2035ba7d6bc1f::Staking",i:depositStable,depositStable,send,pendingRewards4,c8407dd78224b976dc4469d753dd92e83a4205bccabaa6e4af821f6113fe5912,1
SYNTH_REENTRANCY::00923::SyntheticReentrancy00923,SyntheticReentrancy00923,i:harvest923,harvest,train,FORGE::vfp_00125::Aori,i:cancel,cancel,safeTransfer,withdrawalRequests5,942c2404570761e610c2e6b9fe7fe079adb7a1b4ff913cf44effc98c436ed3e8,1
SYNTH_REENTRANCY::00924::SyntheticReentrancy00924,SyntheticReentrancy00924,i:withdraw924,withdraw,train,DAPP::DAppSCAN-source/contracts/Coinbae-Hakka_Finance_wHakka/code::wHakka,i:unstake,unstake,transfer,shares6,96282cb3c7634af04ffca0e21543c1a82608f81b5246b903fd1bd6ba8a0fbf45,1
SYNTH_REENTRANCY::00925::SyntheticReentrancy00925,SyntheticReentrancy00925,i:claimReward925,claimReward,train,DAPP::DAppSCAN-source/contracts/Chainsulting-Furucombo-project2/trevi-b3f7fd332873321152db48c9d43fc23a60a29f1a::FountainBase,i:_withdrawAngel,_withdrawAngel,call,stakes7,08d6e9fbfa3e1080e410631aff3b2cbf2e422c70c572e402ee54fbd50d08f705,1
SYNTH_REENTRANCY::00926::SyntheticReentrancy00926,SyntheticReentrancy00926,i:refund926,refund,test,FORGE::vfp_00260::Router_Adapter,i:relayTokens,relayTokens,transfer,claims8,8f4f2b87760c6035985554ff2bb88684f9164bda34946d421b864daf4e3386ed,1
SYNTH_REENTRANCY::00927::SyntheticReentrancy00927,SyntheticReentrancy00927,i:unstake927,unstake,train,FORGE::vfp_00215::ScrollChainValidium,i:_finalizeBundle,_finalizeBundle,send,escrowed9,343e43d8f7b0de22195995993887b4ee74796bf45deef5bc154c0cd234aa85ab,1
SYNTH_REENTRANCY::00928::SyntheticReentrancy00928,SyntheticReentrancy00928,i:redeem928,redeem,train,DAPP::DAppSCAN-source/contracts/PeckShield-PlutosV1/plutos-eth-contract-0777815::PMintBurn,i:deposit,deposit,safeTransfer,payouts10,7878bf56258c9e98d9b29ed7c3d05ed4d625b0b10643ca2570d58bd0697c2eed,1
SYNTH_REENTRANCY::00929::SyntheticReentrancy00929,SyntheticReentrancy00929,i:payout929,payout,val,DAPP::DAppSCAN-source/contracts/QuillAudits-GearBox Protocol-GearBox Protocol/gearbox-contracts-0ac33ba87212ce056ac6b6357ad74161d417158a::UniswapV3Adapter,i:exactOutputSingle,exactOutputSingle,transfer,positions11,8670183674c8b32a191b837527e917607a127f4b92fea50977f55e89836029fa,1
SYNTH_REENTRANCY::00930::SyntheticReentrancy00930,SyntheticReentrancy00930,i:release930,release,train,DAPP::DAppSCAN-source/contracts/SlowMist-CFFv2 Smart Contract Security Audit Report/cff-contract-v2-c86bef3f13c7585f547f9cd0ca900f94664e96b7::CFVaultV2,i:withdraw,withdraw,call,balances12,64d13c76ddeb0ecb3b49efc2f1fb77be473e5568472aa59289408685f9f97f60,1
SYNTH_REENTRANCY::00931::SyntheticReentrancy00931,SyntheticReentrancy00931,i:exit931,exit,train,FORGE::vfp_00221::LimitOrderHook,i:_afterSwap,_afterSwap,transfer,credits13,26a5e72f597044ee88e357a0a6a394835dda1be12ad9eaba3d9e8d80bfccf22b,1
SYNTH_REENTRANCY::00932::SyntheticReentrancy00932,SyntheticReentrancy00932,i:claim932,claim,val,DAPP::DAppSCAN-source/contracts/SlowMist-Starcrazy Smart Contract Security Audit Report/starcrazy-contracts-e9e11d234ac065726e108a73dfcd5efbad26f2c5::GFSBonus,i:withdraw,withdraw,send,pendingRewards14,b2d886fe8d90113309574957e3da66bad73e1c94ae3e7ed7e92c7d94a50092f5,1
SYNTH_REENTRANCY::00933::SyntheticReentrancy00933,SyntheticReentrancy00933,i:settle933,settle,train,DAPP::DAppSCAN-source/contracts/Coinfabrik-Woonkly Security Audit (DEX STAKE)/STAKESmartContractPreRelease-main::WOOPStake,i:processReward,processReward,safeTransfer,withdrawalRequests15,b1016c2b1cd9533c13e287923f028b1fd428c9ff2662a122ee9027743387e271,1
SYNTH_REENTRANCY::00934::SyntheticReentrancy00934,SyntheticReentrancy00934,i:collect934,collect,train,DAPP::DAppSCAN-source/contracts/Iosiro-SNX FlashBurn Smart Contract Audit/flashburn-3aa02a3d63d9e0110a5b6669a4a4011ceee3cf2b::SNXFlashLoanTool,i:swap,swap,transfer,shares16,44b83410f9656b675e662aebe40b540504e1e9d9181334d2fc3de356cb64d81c,1
SYNTH_REENTRANCY::00935::SyntheticReentrancy00935,SyntheticReentrancy00935,i:harvest935,harvest,train,FORGE::vfp_00174::P2pResolvProxy,i:initiateWithdrawalRESOLVAccruedRewards,initiateWithdrawalRESOLVAccruedRewards,call,stakes0,bb9e6d1886507d6ee3e2d8aa9ddfd892f21acace1fcca6094b57b937eb7f3f14,1
SYNTH_REENTRANCY::00936::SyntheticReentrancy00936,SyntheticReentrancy00936,i:withdraw936,withdraw,train,DAPP::DAppSCAN-source/contracts/consensys-Gamma/hypervisor-41fd4abf79864478523e87924d4e80d80df04879::UniProxy,i:deposit,deposit,transfer,claims1,84005de1683fcbe6934a7c70df1d5036d24a4254230adc2af424bbe20414ba9e,1
SYNTH_REENTRANCY::00937::SyntheticReentrancy00937,SyntheticReentrancy00937,i:claimReward937,claimReward,train,FORGE::vfp_00175::P2pYieldProxy,i:_withdraw,_withdraw,send,escrowed2,6138d3dcde9291f72a16c4c17533ad21994781da514cd4b575232f3b05a67a49,1
SYNTH_REENTRANCY::00938::SyntheticReentrancy00938,SyntheticReentrancy00938,i:refund938,refund,val,FORGE::vfp_00001::AgentImageService,i:requestRefund,requestRefund,safeTransfer,payouts3,ce4a96036b1bf634f9987969dd866806cae638ddea5cdc8103d115f1369e31e2,1
SYNTH_REENTRANCY::00939::SyntheticReentrancy00939,SyntheticReentrancy00939,i:unstake939,unstake,val,DAPP::DAppSCAN-source/contracts/SlowMist-Starcrazy Smart Contract Security Audit Report/starcrazy-contracts-e9e11d234ac065726e108a73dfcd5efbad26f2c5::Auction,i:setGeneScienceAddress,setGeneScienceAddress,transfer,positions4,2158f08618fd057e3b7948aa1c14aae456977a332b099febdd48ffd203585267,1
SYNTH_REENTRANCY::00940::SyntheticReentrancy00940,SyntheticReentrancy00940,i:redeem940,redeem,train,DAPP::DAppSCAN-source/contracts/QuillAudits-1inch-Limit Order Protocol/limit-order-protocol-a14bde6a260458de5083cee117d734221e1cbc05::LimitOrderProtocol,i:fillOrderTo,fillOrderTo,call,balances5,379cfc26781abc7b6189d89c30567e782fc0ab1d85b251195160841fd8e4caa3,1
SYNTH_REENTRANCY::00941::SyntheticReentrancy00941,SyntheticReentrancy00941,i:payout941,payout,val,DAPP::DAppSCAN-source/contracts/QuillAudits-Yearn Finance-Yearn Vaults V3/yearn-vaults-e390c2a6b2ba6e2ecc8f3a72a1ea4adfabd17544::yWETH,i:withdrawETH,withdrawETH,transfer,credits6,668c3503ffe9582e3c6684881c2135586a90e781d823d60aab36aa7ba26c1559,1
SYNTH_REENTRANCY::00942::SyntheticReentrancy00942,SyntheticReentrancy00942,i:release942,release,train,DAPP::DAppSCAN-source/contracts/PeckShield-BNPL/BNPL-0ee587a081668dcab166a3a275b8a6c4794ead4d::BankingNode,i:unstake,unstake,send,pendingRewards7,417215dc11754aa6ec62bc8d9c40e788ed6c05f669e4c379469a427340f52868,1
SYNTH_REENTRANCY::00943::SyntheticReentrancy00943,SyntheticReentrancy00943,i:exit943,exit,train,FORGE::vfp_00032::CurveConvexLib,i:unstakeAndExitPool,unstakeAndExitPool,safeTransfer,withdrawalRequests8,2bdcfb7ea2159ad69abde9c1c938419644a6b06991faaefc5deccbc887447e96,1
SYNTH_REENTRANCY::00944::SyntheticReentrancy00944,SyntheticReentrancy00944,i:claim944,claim,train,FORGE::vfp_00045::PDPVerifier,i:nextProvingPeriod,nextProvingPeriod,transfer,shares9,a07dad34a4474bd3fc6263fd0019223343e8ea7b1cbece1df5fbb266ff5ff2ff,1
SYNTH_REENTRANCY::00945::SyntheticReentrancy00945,SyntheticReentrancy00945,i:settle945,settle,train,FORGE::vfp_00234::mErc20Host,i:_verifyProof,_verifyProof,call,stakes10,b6e2cc23fb4afc5e167899ff2546c3232161e851711350069850c563f74a910c,1
SYNTH_REENTRANCY::00946::SyntheticReentrancy00946,SyntheticReentrancy00946,i:collect946,collect,train,DAPP::DAppSCAN-source/contracts/Coinbae-Pud.Fi Masterchef_Audit/MasterChef0x15Bee180BB39eE5c0166E63313C33984376930Db::MasterChef,i:emergencyWithdraw,emergencyWithdraw,transfer,claims11,64a58398694bc5dafb70c480ab72d4352c5003ac8df5dcd517937803484648e1,1
SYNTH_REENTRANCY::00947::SyntheticReentrancy00947,SyntheticReentrancy00947,i:harvest947,harvest,train,DAPP::DAppSCAN-source/contracts/PeckShield-Arche/Arche_v1.0_Eros-909f35e0064d636aaf61954a6026fda7b2bade7f::D_Swap,i:Impl_Delivery,Impl_Delivery,send,escrowed12,38c38e42af6d328d42d548ec91573f5267afd7c82335212c8b366e467c8a4e72,1
SYNTH_REENTRANCY::00948::SyntheticReentrancy00948,SyntheticReentrancy00948,i:withdraw948,withdraw,val,DAPP::DAppSCAN-source/contracts/QuillAudits-GearBox Protocol-GearBox Protocol/gearbox-contracts-0ac33ba87212ce056ac6b6357ad74161d417158a::UniswapV2Adapter,i:swapExactTokensForTokens,swapExactTokensForTokens,safeTransfer,payouts13,22582d2bf678bf614727a5b6fe243c1a763706c423e0b306430a044df394e7c0,1
SYNTH_REENTRANCY::00949::SyntheticReentrancy00949,SyntheticReentrancy00949,i:claimReward949,claimReward,train,DAPP::DAppSCAN-source/contracts/consensys-PoolTogether_Pods/pods-v3-contracts-879dc8b911fc506dd6bead1f36eade919ccfea57::TokenDrop,i:claim,claim,transfer,positions14,0b0cde72d35203acd761fb5536303daec82ea274e3e37d1b01a5aa0a9f8d91e2,1
SYNTH_REENTRANCY::00950::SyntheticReentrancy00950,SyntheticReentrancy00950,i:refund950,refund,train,DAPP::DAppSCAN-source/contracts/QuillAudits-Algovest/AlgoVestStaking0x090e69e7F48AFC059e480F297042DEA396B971e7::AlgoVestStaking,i:AVSTokenDonation,AVSTokenDonation,call,balances15,e838c04791b3fbb901cfc6ac4d172834cfbe07dda8a93c996452fe8b1bc6deec,1
SYNTH_REENTRANCY::00951::SyntheticReentrancy00951,SyntheticReentrancy00951,i:unstake951,unstake,train,DAPP::DAppSCAN-source/contracts/PeckShield-DSG/core-6f607f77698936e132e4e9b5cb4d75580636d919::NftEarnErc20Pool,i:slotStake,slotStake,transfer,credits16,1ef99961172bfcd14eb7c9c914b0452566b856c5177e90c3d4635cb84f6a4d44,1
SYNTH_REENTRANCY::00952::SyntheticReentrancy00952,SyntheticReentrancy00952,i:redeem952,redeem,val,DAPP::DAppSCAN-source/contracts/SlowMist-Starcrazy Smart Contract Security Audit Report/starcrazy-contracts-e9e11d234ac065726e108a73dfcd5efbad26f2c5::Aliana,i:setGeneScienceAddress,setGeneScienceAddress,send,pendingRewards0,b777a5f4f889229e0ad1fd7dd279869c8de3f5f050fb2c46df2ff1c25c173a03,1
SYNTH_REENTRANCY::00953::SyntheticReentrancy00953,SyntheticReentrancy00953,i:payout953,payout,train,DAPP::DAppSCAN-source/contracts/Hacken-Ground Zero/code::IDO,i:claim,claim,safeTransfer,withdrawalRequests1,184074291d88af37f04312f3958c681685d86d572a83912fc5a462acd01c5e31,1
SYNTH_REENTRANCY::00954::SyntheticReentrancy00954,SyntheticReentrancy00954,i:release954,release,train,FORGE::vfp_00189::Box,i:allocate,allocate,transfer,shares2,9b5afd76f9155c4f220cc175cffa65bc524944d25f7c0437bb4ffc99fa2dc124,1
SYNTH_REENTRANCY::00955::SyntheticReentrancy00955,SyntheticReentrancy00955,i:exit955,exit,train,FORGE::vfp_00116::L1Mailbox,i:getMsg,getMsg,call,stakes3,863a40317e1f3324eb417b5dec92836bd4c80732b69d3ac10b475a60c7cc83a5,1
SYNTH_REENTRANCY::00956::SyntheticReentrancy00956,SyntheticReentrancy00956,i:claim956,claim,train,DAPP::DAppSCAN-source/contracts/consensys-PoolTogether_Pods/pods-v3-contracts-879dc8b911fc506dd6bead1f36eade919ccfea57::Pod,i:depositTo,depositTo,transfer,claims4,4aa6fa13465d9ba167ed4490013e6f3241cfb8b47077490850d5cd483a4c8fb7,1
SYNTH_REENTRANCY::00957::SyntheticReentrancy00957,SyntheticReentrancy00957,i:settle957,settle,test,FORGE::vfp_00058::LikwidMarginPosition,i:_margin,_margin,send,escrowed5,04b2532abde6c999f38980fb0f39eb797cd752a407743ea7c88925a713511fef,1
SYNTH_REENTRANCY::00958::SyntheticReentrancy00958,SyntheticReentrancy00958,i:collect958,collect,train,DAPP::DAppSCAN-source/contracts/PeckShield-BNPL/BNPL-0ee587a081668dcab166a3a275b8a6c4794ead4d::BankingNode,i:collectFees,collectFees,safeTransfer,payouts6,bb0839863b92e4dc12cd60a0c9bab514453d295b85930db83c9d1fa6c042f7a4,1
SYNTH_REENTRANCY::00959::SyntheticReentrancy00959,SyntheticReentrancy00959,i:harvest959,harvest,train,FORGE::vfp_00190::BoxAdapterCached,i:updateTotalAssets,updateTotalAssets,transfer,positions7,d3eb558073a22b07202503ac4c6ed0ce47ab2761788944a040a7e9fc73a0c2b6,1
SYNTH_REENTRANCY::00960::SyntheticReentrancy00960,SyntheticReentrancy00960,i:withdraw960,withdraw,val,DAPP::DAppSCAN-source/contracts/QuillAudits-GearBox Protocol-GearBox Protocol/gearbox-contracts-0ac33ba87212ce056ac6b6357ad74161d417158a::WETHGateway,i:repayCreditAccountETH,repayCreditAccountETH,call,balances8,1f0635589987a45de6b0c12244a40c43441d46c872e80f1b8c9473192c325c74,1
SYNTH_REENTRANCY::00961::SyntheticReentrancy00961,SyntheticReentrancy00961,i:claimReward961,claimReward,train,FORGE::vfp_00221::LimitOrderHook,i:_handleCancelCallback,_handleCancelCallback,transfer,credits9,3d98bc3374fec2da76b74a08538738286d9e039856c79928ddf6c1818567e2b3,1
SYNTH_REENTRANCY::00962::SyntheticReentrancy00962,SyntheticReentrancy00962,i:refund962,refund,train,DAPP::DAppSCAN-source/contracts/PeckShield-COIN98/code::C98MSiG,i:vote,vote,send,pendingRewards10,d2ff0495d57a0df18d2e2d026192de2bdd8ac2cb86ed4212d69f2bc390d547a4,1
SYNTH_REENTRANCY::00963::SyntheticReentrancy00963,SyntheticReentrancy00963,i:unstake963,unstake,val,FORGE::vfp_00289::BasketToken,i:proRataRedeem,proRataRedeem,safeTransfer,withdrawalRequests11,cb75ee2f82826876ccf585c9561cf0444a99d8b378d793c4e3b0bbd17701b968,1
SYNTH_REENTRANCY::00964::SyntheticReentrancy00964,SyntheticReentrancy00964,i:redeem964,redeem,train,DAPP::DAppSCAN-source/contracts/QuillAudits-Yearn Finance-Yearn Protocol V1/yearn-protocol-9ff0dc0ea73642c529383d0675930a41bf033295::yWETH,i:withdrawETH,withdrawETH,transfer,shares12,1ab8d1071460a8f0ac83f73024b2822a43f4b417b7e5f59fcd2815e2b847e669,1
SYNTH_REENTRANCY::00965::SyntheticReentrancy00965,SyntheticReentrancy00965,i:payout965,payout,test,"DAPP::DAppSCAN-source/contracts/Coinfabrik-MintingFactoryV2, BaseUpgradableMarketplace & KODAV3UpgradableGatedMarketplace/known-origin-contracts-v3-d592c5f4fa4e0b6fc65a1fce43e302706aedf607::MintingFactoryV2",i:mintBatchEdition,mintBatchEdition,call,stakes13,503990394a3e247c81a85e3e5f7ab8be5618ba2e5104233d85638a320d44131f,1
SYNTH_REENTRANCY::00966::SyntheticReentrancy00966,SyntheticReentrancy00966,i:release966,release,train,DAPP::DAppSCAN-source/contracts/Coinbae-Pud.Fi Masterchef_Audit/MasterChef0x15Bee180BB39eE5c0166E63313C33984376930Db::MasterChef,i:safePudTransfer,safePudTransfer,transfer,claims14,9a5f8e0714d4603edb2d77d410e477f3d231e3b115402d6610633b57421c3641,1
SYNTH_REENTRANCY::00967::SyntheticReentrancy00967,SyntheticReentrancy00967,i:exit967,exit,train,DAPP::DAppSCAN-source/contracts/Coinbae-TapCoins_Token_Contract/code::UpgradeableToken,i:setUpgradeAgent,setUpgradeAgent,send,escrowed15,08ba490c9db6f4ccf2fda7ab8d83317710f0e5254790b7f9d17e17e0d8af07f1,1
SYNTH_REENTRANCY::00968::SyntheticReentrancy00968,SyntheticReentrancy00968,i:claim968,claim,train,DAPP::DAppSCAN-source/contracts/consensys-PoolTogether_Sushi_and_Yearn_V2_Yield_Sources/pooltogether-yearnv2-yield-source-a34857f1555908a6263d2ebd189f0cb40e1858da::YearnV2YieldSource,i:supplyTokenTo,supplyTokenTo,safeTransfer,payouts16,94139380de23555c2a63c6f054e4b1e4c63b1c40e1c3bc497c2262bcf9b51fd0,1
SYNTH_REENTRANCY::00969::SyntheticReentrancy00969,SyntheticReentrancy00969,i:settle969,settle,train,FORGE::vfp_00189::Box,i:reallocate,reallocate,transfer,positions0,fcc66a3b6777d91f2c85090e8749149b3ea906837997a37be29c3703b734205d,1
SYNTH_REENTRANCY::00970::SyntheticReentrancy00970,SyntheticReentrancy00970,i:collect970,collect,train,DAPP::DAppSCAN-source/contracts/openzeppelin-Endaoment/endaoment-contracts-f60aa253d3d869ad6460877f23e6092acb313add::Fund,i:finalizeGrant,finalizeGrant,call,balances1,522286b7ed4ba4076de112582fde801275c86309518740ee6b32437982788767,1
SYNTH_REENTRANCY::00971::SyntheticReentrancy00971,SyntheticReentrancy00971,i:harvest971,harvest,train,DAPP::DAppSCAN-source/contracts/PeckShield-KaoyaSwap/contracts-8273073f1d6914f372790399378f177573c52e37::MasterChef,i:deposit,deposit,transfer,credits2,84feb6f1d25191deeaacc7c70d9c0f3aa68be3cda98b447043ae587526c069b9,1
SYNTH_REENTRANCY::00972::SyntheticReentrancy00972,SyntheticReentrancy00972,i:withdraw972,withdraw,train,DAPP::DAppSCAN-source/contracts/QuillAudits-BCUBE Smart Contract/b-cube-ico-13f9f8a991a65f3e0ca60a2078121fdd5a921fb0::BCubePublicSale,i:buyBcubeUsingUSDT,buyBcubeUsingUSDT,send,pendingRewards3,acb6ef6112c0a03276af6b29d9615fa9f43cbb259d89916f7563639d9062428a,1
SYNTH_REENTRANCY::00973::SyntheticReentrancy00973,SyntheticReentrancy00973,i:claimReward973,claimReward,test,FORGE::vfp_00288::DelegationMetaSwapAdapter,i:swapTokens,swapTokens,safeTransfer,withdrawalRequests4,77b7a276d93c55667174306c78758862424ae3cc32f4a5b08b78f130138d1e45,1
SYNTH_REENTRANCY::00974::SyntheticReentrancy00974,SyntheticReentrancy00974,i:refund974,refund,test,FORGE::vfp_00260::Router_Adapter,i:relayMessage,relayMessage,transfer,shares5,1d9a91e8fcfc0e015c687c2ca71797e3c50e65f7a37a7c8421248ba8ad51335e,1
SYNTH_REENTRANCY::00975::SyntheticReentrancy00975,SyntheticReentrancy00975,i:unstake975,unstake,train,FORGE::vfp_00189::Box,i:flash,flash,call,stakes6,96a8aef2778eff18a55327d6c1456d49c203f3fc1ab54db2ccc35421ae3ac0d4,1
SYNTH_REENTRANCY::00976::SyntheticReentrancy00976,SyntheticReentrancy00976,i:redeem976,redeem,val,DAPP::DAppSCAN-source/contracts/QuillAudits-GearBox Protocol-GearBox Protocol/gearbox-contracts-0ac33ba87212ce056ac6b6357ad74161d417158a::YearnAdapter,i:_deposit,_deposit,transfer,claims7,9899179dbd64c0a815284ef9a53c083dd6731e0a4395aafeb97f7d41238c51ce,1
SYNTH_REENTRANCY::00977::SyntheticReentrancy00977,SyntheticReentrancy00977,i:payout977,payout,test,DAPP::DAppSCAN-source/contracts/ImmuneBytes-Bird Money-Final Audit Report/bird-farm-contracts-dfd2502b73c8f54c9081682c3eb070fcd3c00629::MasterChef,i:withdraw,withdraw,send,escrowed8,0096a7b27f7734b8afb5f5418cb792238a47c22253157dfd32ea55d449e4f3e4,1
SYNTH_REENTRANCY::00978::SyntheticReentrancy00978,SyntheticReentrancy00978,i:release978,release,train,DAPP::DAppSCAN-source/contracts/consensys-Gamma/hypervisor-41fd4abf79864478523e87924d4e80d80df04879::Hypervisor,i:withdraw,withdraw,safeTransfer,payouts9,4983e3bf094ed35886a843e634f875bb789207dd90f39e97ef4217e0fdf24650,1
SYNTH_REENTRANCY::00979::SyntheticReentrancy00979,SyntheticReentrancy00979,i:exit979,exit,val,DAPP::DAppSCAN-source/contracts/QuillAudits-GearBox Protocol-GearBox Protocol/gearbox-contracts-0ac33ba87212ce056ac6b6357ad74161d417158a::CurveV1Adapter,i:exchange,exchange,transfer,positions10,0dda5fdf49a60e6d370c54ff60db93257b25b60e80381e35f75aab9a53d71707,1
SYNTH_REENTRANCY::00980::SyntheticReentrancy00980,SyntheticReentrancy00980,i:claim980,claim,train,DAPP::DAppSCAN-source/contracts/Coinbae-Pud.Fi Masterchef_Audit/MasterChef0x15Bee180BB39eE5c0166E63313C33984376930Db::MasterChef,i:balance,balance,call,balances11,6bdcd24cbcab263bbb6fedc653184d3bace029348f41b34ee3531875adb0b9d7,1
SYNTH_REENTRANCY::00981::SyntheticReentrancy00981,SyntheticReentrancy00981,i:settle981,settle,test,FORGE::vfp_00058::LikwidMarginPosition,i:modify,modify,transfer,credits12,7408c8660aea0f67a5f81ebcf6adf7ab2b9bcdb95897d5ea2a6f68c23c95c362,1
SYNTH_REENTRANCY::00982::SyntheticReentrancy00982,SyntheticReentrancy00982,i:collect982,collect,train,DAPP::DAppSCAN-source/contracts/PeckShield-BabySwap/code::HoldStake,i:addPool,addPool,send,pendingRewards13,786d65719a0c45a7146821d3aa7106276e8f62a8759e11508f1400f8e87d1325,1
SYNTH_REENTRANCY::00983::SyntheticReentrancy00983,SyntheticReentrancy00983,i:harvest983,harvest,train,DAPP::DAppSCAN-source/contracts/PeckShield-Holdefi/Holdefi-5a1e6e0d582120142e8a531f6806eba6665ef2f4::Holdefi,i:repayBorrowInternal,repayBorrowInternal,safeTransfer,withdrawalRequests14,d926d30a1612145c10ef84af8fa75a99e2f29ecc55c49d64e0d7142500942c3b,1
SYNTH_REENTRANCY::00984::SyntheticReentrancy00984,SyntheticReentrancy00984,i:withdraw984,withdraw,val,DAPP::DAppSCAN-source/contracts/Trail_of_Bits-OriginDollar/origin-dollar-81431fd3b2aa4c518ffc389844f9708c00b516f0::VaultCore,i:rebase,rebase,transfer,shares15,dd2fdfdd358fbab7d01bb650da49a2536e21f2b99bbbbf79ce2cd70969f433fa,1
SYNTH_REENTRANCY::00985::SyntheticReentrancy00985,SyntheticReentrancy00985,i:claimReward985,claimReward,test,DAPP::DAppSCAN-source/contracts/PeckShield-DarkCrypto/darkcrypto-contracts-fee5be8d36459aebed2b84e6493875b3dc0366fd::SkyRewardPool,i:withdraw,withdraw,call,stakes16,52688fc8c0387e267af1b8835fe69b8ad47e69283afc3fbc63cc4218dbc95e08,1
SYNTH_REENTRANCY::00986::SyntheticReentrancy00986,SyntheticReentrancy00986,i:refund986,refund,train,DAPP::DAppSCAN-source/contracts/Hacken-Ground Zero/code::IDO,i:claimTheInvestments,claimTheInvestments,transfer,claims0,de63410ecf0e7d7939b1fa7ac3f501d75ca049d131f2aa4efb90c886ad0a7bfd,1
SYNTH_REENTRANCY::00987::SyntheticReentrancy00987,SyntheticReentrancy00987,i:unstake987,unstake,val,DAPP::DAppSCAN-source/contracts/Runtime_Vеrification-ElementFinance/elf-contracts-637c6f959315cbb11a164555e588520c7d89122b::YVaultAssetProxy,i:reserveDeposit,reserveDeposit,send,escrowed1,4fb2e4636b2f34e1097909cc5d00b8f0e538c53fd6804c495baec1370e1996ac,1
SYNTH_REENTRANCY::00988::SyntheticReentrancy00988,SyntheticReentrancy00988,i:redeem988,redeem,test,DAPP::DAppSCAN-source/contracts/ImmuneBytes-Bird Money(MasterChef)-Audit Report/bird-farm-contracts-dfd2502b73c8f54c9081682c3eb070fcd3c00629::MasterChef,i:deposit,deposit,safeTransfer,payouts2,5fd0cdc2f14e1ed5cdb1c83899dbc2d53dab7e72f31f9ea51e995856dca413c6,1
SYNTH_REENTRANCY::00989::SyntheticReentrancy00989,SyntheticReentrancy00989,i:payout989,payout,train,DAPP::DAppSCAN-source/contracts/PeckShield-MilkySwap/milkyswap-59f163e9959cf8bae4a521a9648219b553312e07::MasterMilker,i:emergencyWithdraw,emergencyWithdraw,transfer,positions3,9df9f93600e5283a81cfc09381a1698c686ae16bbcb9e03541b5b962ff3299e4,1
SYNTH_REENTRANCY::00990::SyntheticReentrancy00990,SyntheticReentrancy00990,i:release990,release,train,DAPP::DAppSCAN-source/contracts/Coinbae-Pud.Fi Masterchef_Audit/MasterChef0x15Bee180BB39eE5c0166E63313C33984376930Db::MasterChef,i:setPoolStrategy,setPoolStrategy,call,balances4,96b9b109c5a2ed6b2822a983668882113c6d6387dc6f6ff6e85247048de02e96,1
SYNTH_REENTRANCY::00991::SyntheticReentrancy00991,SyntheticReentrancy00991,i:exit991,exit,train,DAPP::DAppSCAN-source/contracts/Runtime_Vеrification-Element_Finance_Governance_Security_Audit_Report/council-3d751c959b42573c78ccd0bccbc80424bf6d9a90::CoreVoting,i:execute,execute,transfer,credits5,234146a8459ca71f7c33ce2ab5f5127372b63291c352a3d2677a43cc5ba51d8c,1
SYNTH_REENTRANCY::00992::SyntheticReentrancy00992,SyntheticReentrancy00992,i:claim992,claim,val,DAPP::DAppSCAN-source/contracts/QuillAudits-GearBox Protocol-GearBox Protocol/gearbox-contracts-0ac33ba87212ce056ac6b6357ad74161d417158a::WETHGateway,i:addLiquidityETH,addLiquidityETH,send,pendingRewards6,c011b41aff9d64aa57d7e402b0788255383bba3ee996f2b4b75a8cf20b245bd4,1
SYNTH_REENTRANCY::00993::SyntheticReentrancy00993,SyntheticReentrancy00993,i:settle993,settle,train,DAPP::DAppSCAN-source/contracts/PeckShield-Atlantis/atlantis-protocol-bsc-766acebba9316eced1c15abf6158b31f470a947f::AToken,i:borrowFresh,borrowFresh,safeTransfer,withdrawalRequests7,b289ba8c33e3702fbc06e882413d1d3d76e6cb93947a4de6758a5ceea8683e6c,1
SYNTH_REENTRANCY::00994::SyntheticReentrancy00994,SyntheticReentrancy00994,i:collect994,collect,train,FORGE::vfp_00088::EnjoyoorsVaultWithdrawals,i:_claimWithdrawal,_claimWithdrawal,transfer,shares8,9a6ff720f2382713106dcf6f7a0af844134cd4bfca8a5b9d056f1b35a5b19e08,1
SYNTH_REENTRANCY::00995::SyntheticReentrancy00995,SyntheticReentrancy00995,i:harvest995,harvest,test,FORGE::vfp_00126::SpokePool,i:_setOftMessenger,_setOftMessenger,call,stakes9,96312c2a9557281ed7745b70debf76f9f66ae7965c3fe14c35b19a5d93ea0c41,1
SYNTH_REENTRANCY::00996::SyntheticReentrancy00996,SyntheticReentrancy00996,i:withdraw996,withdraw,train,DAPP::DAppSCAN-source/contracts/QuillAudits-Yearn Finance-Yearn Protocol V1/yearn-protocol-9ff0dc0ea73642c529383d0675930a41bf033295::yDelegatedVault,i:claimInsurance,claimInsurance,transfer,claims10,e302ca4bf8d0906068a66511c38f855371cb27a385ff3236bc735f7d56e2d451,1
SYNTH_REENTRANCY::00997::SyntheticReentrancy00997,SyntheticReentrancy00997,i:claimReward997,claimReward,train,DAPP::DAppSCAN-source/contracts/PeckShield-SushiSwap/sushiswap-180bc9b642bba79c1ee4a63f71a3a0d36e64aa63::MasterChef,i:withdraw,withdraw,send,escrowed11,7b52140f21503adf1fe030bf2276639c6c1a17008f6433612770cbdeef61ef50,1
SYNTH_REENTRANCY::00998::SyntheticReentrancy00998,SyntheticReentrancy00998,i:refund998,refund,train,FORGE::vfp_00221::LimitOrderHook,i:_handlePlaceCallback,_handlePlaceCallback,safeTransfer,payouts12,6706f4de4e87b73e58c2b26e117a1c828b63ad3ee2deab0978fb4875d123185a,1
SYNTH_REENTRANCY::00999::SyntheticReentrancy00999,SyntheticReentrancy00999,i:unstake999,unstake,train,DAPP::DAppSCAN-source/contracts/QuillAudits-Keep3r.Network-Keep3r.Network/StakingRewardsV3-13ecc6966ae1a413f62224382bfd4d64b1a22351::StakingRewardsV3,i:deposit,deposit,transfer,positions13,0204f0ea5d088cb78659f45b6baf584c153aa51ee35ae4e32d4434c666872a96,1
SYNTH_REENTRANCY::01000::SyntheticReentrancy01000,SyntheticReentrancy01000,i:redeem1000,redeem,val,DAPP::DAppSCAN-source/contracts/Trail_of_Bits-OriginDollar/origin-dollar-81431fd3b2aa4c518ffc389844f9708c00b516f0::VaultCore,i:_allocate,_allocate,call,balances14,03a1bff73bbd743a563307350472b87ea41929b9886772288d820810bc45c035,1
SYNTH_REENTRANCY::01001::SyntheticReentrancy01001,SyntheticReentrancy01001,i:payout1001,payout,train,DAPP::DAppSCAN-source/contracts/Coinbae-Pud.Fi Masterchef_Audit/MasterChef0x15Bee180BB39eE5c0166E63313C33984376930Db::MasterChef,i:withdraw,withdraw,transfer,credits15,f0ba8934e954825276c7f7b7aca500956fd8dd69a0714e640658509d520f893d,1
SYNTH_REENTRANCY::01002::SyntheticReentrancy01002,SyntheticReentrancy01002,i:release1002,release,train,DAPP::DAppSCAN-source/contracts/Coinbae-Pud.Fi Masterchef_Audit/MasterChef0x15Bee180BB39eE5c0166E63313C33984376930Db::MasterChef,i:add,add,send,pendingRewards16,4f240cedffd8dfde91e249439dc7d41c14ae89a6a6385264f4ebc957eddce586,1
SYNTH_REENTRANCY::01003::SyntheticReentrancy01003,SyntheticReentrancy01003,i:exit1003,exit,train,DAPP::DAppSCAN-source/contracts/PeckShield-DSG/core-6f607f77698936e132e4e9b5cb4d75580636d919::SinglePool,i:emergencyWithdraw,emergencyWithdraw,safeTransfer,withdrawalRequests0,da469a527cdf8abe3a0c64eb01b4fcda2cfe51f4310287c8374c752659161a8e,1
SYNTH_REENTRANCY::01004::SyntheticReentrancy01004,SyntheticReentrancy01004,i:claim1004,claim,test,DAPP::DAppSCAN-source/contracts/BlockSec-blocksec_impossible_finance_swap_v1.2/impossible-swap-core-29aaef89f996acdbee92b67c4d95fb608dc8b876::ImpossibleWrappedToken,i:deposit,deposit,transfer,shares1,6772fd325820d49fc27dc2b040dfce1218205c9f98f2df20be9dfee66d9854fa,1
SYNTH_REENTRANCY::01005::SyntheticReentrancy01005,SyntheticReentrancy01005,i:settle1005,settle,train,DAPP::DAppSCAN-source/contracts/consensys-Connext NXTP — Noncustodial Xchain Transfer Protocol/nxtp-0656436d654cfe0313fa3c2bbc81aa86232ade16::TransactionManager,i:removeLiquidity,removeLiquidity,call,stakes2,9efc9f3f143c0ac9c285fc43d745e1260d30400cecf745e51b7919f6c4a502af,1
SYNTH_REENTRANCY::01006::SyntheticReentrancy01006,SyntheticReentrancy01006,i:collect1006,collect,train,DAPP::DAppSCAN-source/contracts/PeckShield-DSG/core-6f607f77698936e132e4e9b5cb4d75580636d919::GovernorV1,i:propose,propose,transfer,claims3,a086e01eda3ac17a9dc7809ef96c30b49bfd53041ef250f47ef8d2a629842b39,1
SYNTH_REENTRANCY::01007::SyntheticReentrancy01007,SyntheticReentrancy01007,i:harvest1007,harvest,train,DAPP::DAppSCAN-source/contracts/QuillAudits-Yearn Finance-Yearn Protocol V1/yearn-protocol-9ff0dc0ea73642c529383d0675930a41bf033295::yWETH,i:depositETH,depositETH,send,escrowed4,db452b7071df9c138199ce8d7b9f159cda1c04187b10e289fdcf1fe6b95dd431,1
SYNTH_REENTRANCY::01008::SyntheticReentrancy01008,SyntheticReentrancy01008,i:withdraw1008,withdraw,train,DAPP::DAppSCAN-source/contracts/PeckShield-ShibaNova/Contracts-b6b1ce1fcaff83d360df8944309f49958842b7b8::MasterShiba,i:withdraw,withdraw,safeTransfer,payouts5,8d5194f2f879594df2f63de4766280882d3cc2e808866cd8aaf1692845e55d8d,1
SYNTH_REENTRANCY::01009::SyntheticReentrancy01009,SyntheticReentrancy01009,i:claimReward1009,claimReward,train,FORGE::vfp_00221::LimitOrderHook,i:cancelOrder,cancelOrder,transfer,positions6,202b6c3d9033c164b11db54489a82ac3f293e9b8ebac87e31789a3e3841bd52a,1
SYNTH_REENTRANCY::01010::SyntheticReentrancy01010,SyntheticReentrancy01010,i:refund1010,refund,train,DAPP::DAppSCAN-source/contracts/PeckShield-PikaPerpV2/PikaPerpV2-4a0965ff90ed099b7e2d3e8dda47cd589ee8e3a2::PikaPerpV2,i:closePositionWithId,closePositionWithId,call,balances7,a65436ca5095ad44736c3484474c68bc3f69a56d260324296953c12a98f5a238,1
SYNTH_REENTRANCY::01011::SyntheticReentrancy01011,SyntheticReentrancy01011,i:unstake1011,unstake,val,DAPP::DAppSCAN-source/contracts/QuillAudits-GearBox Protocol-GearBox Protocol/gearbox-contracts-0ac33ba87212ce056ac6b6357ad74161d417158a::UniswapV3Adapter,i:exactInputSingle,exactInputSingle,transfer,credits8,10f5fe94fc6079f1a658c394f16ac362176b28be5c127af18c4ec22b135c9797,1
SYNTH_REENTRANCY::01012::SyntheticReentrancy01012,SyntheticReentrancy01012,i:redeem1012,redeem,val,DAPP::DAppSCAN-source/contracts/QuillAudits-GearBox Protocol-GearBox Protocol/gearbox-contracts-0ac33ba87212ce056ac6b6357ad74161d417158a::PoolService,i:lendCreditAccount,lendCreditAccount,send,pendingRewards9,7528ae846c4254fe504cbe37d0000ebb6bd832084893582dbbe9c5301739d4f0,1
SYNTH_REENTRANCY::01013::SyntheticReentrancy01013,SyntheticReentrancy01013,i:payout1013,payout,val,DAPP::DAppSCAN-source/contracts/SlowMist-Starcrazy Smart Contract Security Audit Report/starcrazy-contracts-e9e11d234ac065726e108a73dfcd5efbad26f2c5::ClockAuctionBase,i:setGeneScienceAddress,setGeneScienceAddress,safeTransfer,withdrawalRequests10,78e6098b91a1a5b07aae41f20a3d3c48e3a53e0d4978e55f5b316e8bf8e7634b,1
SYNTH_REENTRANCY::01014::SyntheticReentrancy01014,SyntheticReentrancy01014,i:release1014,release,val,DAPP::DAppSCAN-source/contracts/QuillAudits-GearBox Protocol-GearBox Protocol/gearbox-contracts-0ac33ba87212ce056ac6b6357ad74161d417158a::UniswapV2Adapter,i:swapTokensForExactTokens,swapTokensForExactTokens,transfer,shares11,b7c508608dad51b43aded906cba3ee3db92ab80dfd7a216ee1e9938e767671b0,1
SYNTH_REENTRANCY::01015::SyntheticReentrancy01015,SyntheticReentrancy01015,i:exit1015,exit,val,DAPP::DAppSCAN-source/contracts/PeckShield-TranchessV1.1/contract-core-68a86350313c1cb9e5467e791d3e9efaf228a0df::StakingV2,i:deposit,deposit,call,stakes12,65f73772f955d84a9578b034b6f7ae1662aa2413136c4cf55b195f1de266db36,1
SYNTH_REENTRANCY::01016::SyntheticReentrancy01016,SyntheticReentrancy01016,i:claim1016,claim,train,FORGE::vfp_00224::OidcRecoveryValidator,i:startRecovery,startRecovery,transfer,claims13,96d48dfc01e6c965c1fe941b2a8aac09b9dcc7d40c7d14d65ad0eea0a948e422,1
SYNTH_REENTRANCY::01017::SyntheticReentrancy01017,SyntheticReentrancy01017,i:settle1017,settle,train,DAPP::DAppSCAN-source/contracts/QuillAudits-1inch-Fixed Rate Swap/fixed-rate-swap-0b5a75e9f56e7d21c290dd28c59dc140dcbcc1d5::FixedRateSwap,i:depositFor,depositFor,send,escrowed14,077854c5b67674b6dab13a29c3aa6234eedfcad783932e8c9854966b724293d1,1
SYNTH_REENTRANCY::01018::SyntheticReentrancy01018,SyntheticReentrancy01018,i:collect1018,collect,train,DAPP::DAppSCAN-source/contracts/PeckShield-Holdefi/Holdefi-5a1e6e0d582120142e8a531f6806eba6665ef2f4::HoldefiSettings,i:setHoldefiContract,setHoldefiContract,safeTransfer,payouts15,8af7bf9f685b46f2faa4bbefe76f9f6134436aea320377c9da3383b5169ea964,1
SYNTH_REENTRANCY::01019::SyntheticReentrancy01019,SyntheticReentrancy01019,i:harvest1019,harvest,train,DAPP::DAppSCAN-source/contracts/Chainsecurity-Compound  cToken unredacted/compound-protocol-4a54ec5c55b66ea67d44b76f3056f0ed7229db8c::Comptroller,i:liquidateBorrowAllowed,liquidateBorrowAllowed,transfer,positions16,24ecaea30fa0529c2db44ba2aa4b6414f64c1a7e1ea8608847464cc2d93bd770,1
SYNTH_REENTRANCY::01020::SyntheticReentrancy01020,SyntheticReentrancy01020,i:withdraw1020,withdraw,train,DAPP::DAppSCAN-source/contracts/openzeppelin-Optimism/contracts-18e128343731b9bde23812ce932e24d81440b6b7::OVM_StateTransitioner,i:applyTransaction,applyTransaction,call,balances0,785f9378dc8ac09604d083165c356e51cf211a0bf6f0c4df435470d496db48c3,1
SYNTH_REENTRANCY::01021::SyntheticReentrancy01021,SyntheticReentrancy01021,i:claimReward1021,claimReward,val,DAPP::DAppSCAN-source/contracts/QuillAudits-GearBox Protocol-GearBox Protocol/gearbox-contracts-0ac33ba87212ce056ac6b6357ad74161d417158a::YearnAdapter,i:withdraw,withdraw,transfer,credits1,d6e1de1e3bcb428cc30e6a88414539603f113b3f4e7d88cd4689c9aec30e228e,1
SYNTH_REENTRANCY::01022::SyntheticReentrancy01022,SyntheticReentrancy01022,i:refund1022,refund,train,DAPP::DAppSCAN-source/contracts/QuillAudits-Abyss Finance-Abyss Eth2 Depositor/abyss-eth2depositor-a2d58dea4d79846dc682fe93ac3e0eca02323d11::AbyssEth2Depositor,i:deposit,deposit,send,pendingRewards2,ab98b2cdb5e55aa429e2d5ed5759cb67c58f7c4b68f46c75522f570e9e5fa869,1
SYNTH_REENTRANCY::01023::SyntheticReentrancy01023,SyntheticReentrancy01023,i:unstake1023,unstake,train,DAPP::DAppSCAN-source/contracts/Coinbae-Pud.Fi Masterchef_Audit/MasterChef0x15Bee180BB39eE5c0166E63313C33984376930Db::MasterChef,i:deposit,deposit,safeTransfer,withdrawalRequests3,2794012db0c473db7fc1d0d6066157c943ab17bcdb7893b9ba6dfd32959181f9,1
SYNTH_REENTRANCY::01024::SyntheticReentrancy01024,SyntheticReentrancy01024,i:redeem1024,redeem,val,DAPP::DAppSCAN-source/contracts/SlowMist-Starcrazy Smart Contract Security Audit Report/starcrazy-contracts-e9e11d234ac065726e108a73dfcd5efbad26f2c5::AlianaSale,i:withdrawOwnerCutSale,withdrawOwnerCutSale,transfer,shares4,e0aa1f2d9f8bb4f9e6ff1b2c5396ff60c196c97f15bdb7b81f707c29d11367f2,1
SYNTH_REENTRANCY::01025::SyntheticReentrancy01025,SyntheticReentrancy01025,i:payout1025,payout,val,FORGE::vfp_00001::AgentImageService,i:fulfillImage,fulfillImage,call,stakes5,6f6c4a160a04309417405a26cd38666ea641232b7c603c46034679424ce07e33,1
SYNTH_REENTRANCY::01026::SyntheticReentrancy01026,SyntheticReentrancy01026,i:release1026,release,test,FORGE::vfp_00058::LikwidMarginPosition,i:_executeAddLeverage,_executeAddLeverage,transfer,claims6,b0e923e16c65244deb25efdd8ada31c37347d06ccf3a69f1532915401545bca9,1
SYNTH_REENTRANCY::01027::SyntheticReentrancy01027,SyntheticReentrancy01027,i:exit1027,exit,train,DAPP::DAppSCAN-source/contracts/Chainsecurity-Compound  cToken unredacted/compound-protocol-4a54ec5c55b66ea67d44b76f3056f0ed7229db8c::CToken,i:_setComptroller,_setComptroller,send,escrowed7,4da1c5ee723d8a1947faa5f51a265660fd3e890ff5288bf51cd301d139861db0,1
SYNTH_REENTRANCY::01028::SyntheticReentrancy01028,SyntheticReentrancy01028,i:claim1028,claim,val,DAPP::DAppSCAN-source/contracts/Trail_of_Bits-OriginDollar/origin-dollar-81431fd3b2aa4c518ffc389844f9708c00b516f0::VaultCore,i:_redeem,_redeem,safeTransfer,payouts8,8cc41efcdd36b2d01ac3729733f197764e06f268f03de8f04c25996a0ec491b3,1
SYNTH_REENTRANCY::01029::SyntheticReentrancy01029,SyntheticReentrancy01029,i:settle1029,settle,val,DAPP::DAppSCAN-source/contracts/QuillAudits-GearBox Protocol-GearBox Protocol/gearbox-contracts-0ac33ba87212ce056ac6b6357ad74161d417158a::AccountFactory,i:returnCreditAccount,returnCreditAccount,transfer,positions9,650c21ea87d68260b3bf40ed25a97d140d7489b54775b874248766c91d24e87d,1
SYNTH_REENTRANCY::01030::SyntheticReentrancy01030,SyntheticReentrancy01030,i:collect1030,collect,train,FORGE::vfp_00102::StopLimit,i:performUpkeep,performUpkeep,call,balances10,538deadecd8094bc107296f630a444274e77e649d8cfe1cf5f7b095ebf5206ac,1
SYNTH_REENTRANCY::01031::SyntheticReentrancy01031,SyntheticReentrancy01031,i:harvest1031,harvest,train,FORGE::vfp_00007::Folio,i:getRebalance,getRebalance,transfer,credits11,95cf87cfabd7ee72a77ba62735861ebdb2bd9e2c4486f1527daaa231180bc2b8,1
SYNTH_REENTRANCY::01032::SyntheticReentrancy01032,SyntheticReentrancy01032,i:withdraw1032,withdraw,train,DAPP::DAppSCAN-source/contracts/BlockSec-blocksec_multichain_vemult_v1.0_signed/veMULTI-bac804399d1ea280e5bd8cdc9488b6fa6a0a7fcc::ve,i:withdraw,withdraw,send,pendingRewards12,6b3d30792e37be3877b6e99670c33c69cd78e835fe58ddd1bf91e19feb597cce,1
SYNTH_REENTRANCY::01033::SyntheticReentrancy01033,SyntheticReentrancy01033,i:claimReward1033,claimReward,val,DAPP::DAppSCAN-source/contracts/QuillAudits-GearBox Protocol-GearBox Protocol/gearbox-contracts-0ac33ba87212ce056ac6b6357ad74161d417158a::WETHGateway,i:openCreditAccountETH,openCreditAccountETH,safeTransfer,withdrawalRequests13,16f43a93dcc06840b837291771560d2161cdbc30fadfd139102f449878e83718,1
SYNTH_REENTRANCY::01034::SyntheticReentrancy01034,SyntheticReentrancy01034,i:refund1034,refund,val,DAPP::DAppSCAN-source/contracts/QuillAudits-GearBox Protocol-GearBox Protocol/gearbox-contracts-0ac33ba87212ce056ac6b6357ad74161d417158a::UniswapV3Adapter,i:exactOutput,exactOutput,transfer,shares14,fcb477b6ad6dd7c97d00cc7a28416f24c98b44741e4becac7181b757e007241f,1
SYNTH_REENTRANCY::01035::SyntheticReentrancy01035,SyntheticReentrancy01035,i:unstake1035,unstake,val,DAPP::DAppSCAN-source/contracts/SlowMist-Starcrazy Smart Contract Security Audit Report/starcrazy-contracts-e9e11d234ac065726e108a73dfcd5efbad26f2c5::AlianaBase,i:setGeneScienceAddress,setGeneScienceAddress,call,stakes15,75ae17df96cdadb13e4593bf3c8d0414734ce0c90cbe2db08a859e89165ef9e7,1
SYNTH_REENTRANCY::01036::SyntheticReentrancy01036,SyntheticReentrancy01036,i:redeem1036,redeem,val,DAPP::DAppSCAN-source/contracts/SlowMist-Starcrazy Smart Contract Security Audit Report/starcrazy-contracts-e9e11d234ac065726e108a73dfcd5efbad26f2c5::AlianaOwnership,i:setGeneScienceAddress,setGeneScienceAddress,transfer,claims16,8bb32caedaa079da33b93ad1511df091f1f41dc87374487c154585a6f877b54d,1
SYNTH_REENTRANCY::01037::SyntheticReentrancy01037,SyntheticReentrancy01037,i:payout1037,payout,test,DAPP::DAppSCAN-source/contracts/Hacken-Powerbomb-V1/powerbomb-lite-0f86ff1eecdd723be733a9b33ff4ffa3bbdadcee::PowerBombAvaxCurve,i:claimReward,claimReward,send,escrowed0,e9fdeab5f6e4ac160b219387ad6bdc237b0f1a902f48cb7d2c94a9e8b02f58be,1
SYNTH_REENTRANCY::01038::SyntheticReentrancy01038,SyntheticReentrancy01038,i:release1038,release,train,DAPP::DAppSCAN-source/contracts/QuillAudits-Alium Finance Smart Contract/alium-farm-e37d6af39af68049c2684085f025385407b4bd55::MasterChef,i:emergencyWithdraw,emergencyWithdraw,safeTransfer,payouts1,001152909e12af13bbc8b919d57d407ce536a7034cbcd236ec881eb8a5f1a2fc,1
SYNTH_REENTRANCY::01039::SyntheticReentrancy01039,SyntheticReentrancy01039,i:exit1039,exit,train,DAPP::DAppSCAN-source/contracts/openzeppelin-Solo_Margin_Protocol/solo-17df84db351d5438e1b7437572722b4f52c8b2b4::AdminImpl,i:_setPriceOracle,_setPriceOracle,transfer,positions2,21ffcd795463ec92b1b81ee0ed29d6a42926186d8eac8ba6c4c00361efbdee54,1
SYNTH_REENTRANCY::01040::SyntheticReentrancy01040,SyntheticReentrancy01040,i:claim1040,claim,train,FORGE::vfp_00215::ScrollChainValidium,i:registerNewEncryptionKey,registerNewEncryptionKey,call,balances3,d18793cc562bbb0ad992b725e0182cc6e07f0ca14c979967b0e348836c140196,1
SYNTH_REENTRANCY::01041::SyntheticReentrancy01041,SyntheticReentrancy01041,i:settle1041,settle,train,DAPP::DAppSCAN-source/contracts/Runtime_Vеrification-stakefish_ethereum_staking_audit_report/eth2-validation-services-contract-d91928f3a270f6115831fe3a21a69eb98bf57b26::StakefishERC721Wrapper,i:mintTo,mintTo,transfer,credits4,77d791b69c004b5d0302c765cc435ad91123ddc86b6a240b82d431c8c8c622f2,1
SYNTH_REENTRANCY::01042::SyntheticReentrancy01042,SyntheticReentrancy01042,i:collect1042,collect,val,DAPP::DAppSCAN-source/contracts/PeckShield-Tranchessv1.0/contract-core-5ac3d997da3ef37b0135565a11c5ebcc519862aa::LiquidityStaking,i:deposit,deposit,send,pendingRewards5,b2bc549acc4688fece4083414a4d59a68d714532a98a28eb2dbcf33764aacb10,1
SYNTH_REENTRANCY::01043::SyntheticReentrancy01043,SyntheticReentrancy01043,i:harvest1043,harvest,train,FORGE::vfp_00209::StakingManager,i:withdraw,withdraw,safeTransfer,withdrawalRequests6,8b438253f01d4ab86fbc13a9c7eebd7704901f9c9c0c483a9fd0a7d66f4c78d3,1
SYNTH_REENTRANCY::01044::SyntheticReentrancy01044,SyntheticReentrancy01044,i:withdraw1044,withdraw,train,DAPP::DAppSCAN-source/contracts/Trail_of_Bits-ampleforth/market-oracle-888fccaf05786f3f7f49e18ff040f911d44906f4::MarketOracle,i:getPriceAnd24HourVolume,getPriceAnd24HourVolume,transfer,shares7,6df78c9092be9c5f2113c003db399ce29f589a160897eea42817fbe0c7921df6,1
SYNTH_REENTRANCY::01045::SyntheticReentrancy01045,SyntheticReentrancy01045,i:claimReward1045,claimReward,train,DAPP::DAppSCAN-source/contracts/PeckShield-Rikkei/rifi-protocol-b33243fb3a218cc195f0727fe1499cb57f5ea0b2::RToken,i:borrowFresh,borrowFresh,call,stakes8,52efe86e3117976f9bf9129af8d422f0fd7e9775fd386e4035a2b94ea65faddc,1
SYNTH_REENTRANCY::01046::SyntheticReentrancy01046,SyntheticReentrancy01046,i:refund1046,refund,train,FORGE::vfp_00007::Folio,i:startRebalance,startRebalance,transfer,claims9,6d5f6c8a6c82ca8c44dc598dd815b7d3be74d5301e0630093bb854540a8458e5,1
SYNTH_REENTRANCY::01047::SyntheticReentrancy01047,SyntheticReentrancy01047,i:unstake1047,unstake,val,DAPP::DAppSCAN-source/contracts/Runtime_Vеrification-Tracer_Perpetual_Pools_V2/perpetual-pools-contracts-846bbf62652d7c83aee1cf3766275c4d08b00c8a::PoolFactory,i:deployPool,deployPool,send,escrowed10,3e555648856acd6e7ba3e97d5f1fd750fa79ba5a6711ce0459725cb8f50d793d,1
SYNTH_REENTRANCY::01048::SyntheticReentrancy01048,SyntheticReentrancy01048,i:redeem1048,redeem,train,DAPP::DAppSCAN-source/contracts/Trail_of_Bits-FraxQ42021/frax-solidity-bd40775e283923aa9e32a107abd426430a99835e::veFXSYieldDistributorV4,i:notifyRewardAmount,notifyRewardAmount,safeTransfer,payouts11,f2698e7b5f81352c0d1888b8b944e851f24c4725409dc46242e7ce4a4634b7f4,1
SYNTH_REENTRANCY::01049::SyntheticReentrancy01049,SyntheticReentrancy01049,i:payout1049,payout,train,FORGE::vfp_00007::Folio,i:mint,mint,transfer,positions12,54f250920cd172f8414348bf366a970eb1125b3d678c0f70e1b91a0658245b29,1
SYNTH_REENTRANCY::01050::SyntheticReentrancy01050,SyntheticReentrancy01050,i:release1050,release,test,DAPP::DAppSCAN-source/contracts/SlowMist-ForTube2.0 Smart Contract Security Audit Report/bond-854527d0ea7ad2ddd3504b4d4ae3fcb57cb6445d::PRA,i:lock,lock,call,balances13,13d851b48755c21fd6504313a3aad83a6441ef5283ca62cefa20857abc21b0ef,1
SYNTH_REENTRANCY::01051::SyntheticReentrancy01051,SyntheticReentrancy01051,i:exit1051,exit,train,FORGE::vfp_00007::Folio,i:distributeFees,distributeFees,transfer,credits14,0e3e99856b4501a62143e533d3977222b31b802c6752bd9f39f8b215e610b777,1
SYNTH_REENTRANCY::01052::SyntheticReentrancy01052,SyntheticReentrancy01052,i:claim1052,claim,train,DAPP::DAppSCAN-source/contracts/PeckShield-BabySwap/code::MasterChef,i:withdraw,withdraw,send,pendingRewards15,6a5ec9e325c2a35aa4e600ad53cc77856a0e098c14aaaea371593bacd38e051a,1
SYNTH_REENTRANCY::01053::SyntheticReentrancy01053,SyntheticReentrancy01053,i:settle1053,settle,train,DAPP::DAppSCAN-source/contracts/QuillAudits-coalichain/CoaliSC-3f0920d650467279f7ceee08776bd74ecadd3237::Main,i:createBallot,createBallot,safeTransfer,withdrawalRequests16,024f9320fe57c09df5509a861d1ef838979afe1365019175a555aa4cfcd4939d,1
SYNTH_REENTRANCY::01054::SyntheticReentrancy01054,SyntheticReentrancy01054,i:collect1054,collect,val,DAPP::DAppSCAN-source/contracts/Trail_of_Bits-OriginDollar/origin-dollar-81431fd3b2aa4c518ffc389844f9708c00b516f0::VaultCore,i:mintMultiple,mintMultiple,transfer,shares0,8cb8e93fe1c723127bc02b11e6184afeaa6b26e8935ed65fb2ffec0ca76b3bfc,1
SYNTH_REENTRANCY::01055::SyntheticReentrancy01055,SyntheticReentrancy01055,i:harvest1055,harvest,test,DAPP::DAppSCAN-source/contracts/PepperSec-Aira-Robonomic/robonomics_contracts-cc35a91de187072214d215262d8371f0159c2498::LighthouseLib,i:withdraw,withdraw,call,stakes1,e7c79b0b352a49f7de8a3e0a39c4101aec05aa37971ca2e77f02a37e49eeb036,1
SYNTH_REENTRANCY::01056::SyntheticReentrancy01056,SyntheticReentrancy01056,i:withdraw1056,withdraw,train,DAPP::DAppSCAN-source/contracts/PeckShield-Convex_Frax/frax-cvx-platform-2f8573ee796daa022c1050b4a749bf08049c439b::StakingProxyUniV3,i:lockAdditional,lockAdditional,transfer,claims2,52a44328d8352bc01ada2145a742e18bf2153d98fb5690b2379a57e7b28d54a9,1
SYNTH_REENTRANCY::01057::SyntheticReentrancy01057,SyntheticReentrancy01057,i:claimReward1057,claimReward,train,DAPP::DAppSCAN-source/contracts/PeckShield-CryptoHeroes/cryptoheroes-6cb0eaf8c88fdaab89d2b4c83535a189c7793001::CryptoHeroesUniverse,i:deposit,deposit,send,escrowed3,8282672b60863379e1967738d35a81ae7a3fe3816729e062528bce6100764023,1
SYNTH_REENTRANCY::01058::SyntheticReentrancy01058,SyntheticReentrancy01058,i:refund1058,refund,train,DAPP::DAppSCAN-source/contracts/Chainsecurity-Angle Protocol/angle-core-46e6d32837cbe97a4af0adb693e63afa0d01fc3e::PerpetualManagerFront,i:openPerpetual,openPerpetual,safeTransfer,payouts4,c3e85c197e616a372c43b58d3b7cea05d18645b76be3c0a6f3981badb87bf90d,1
SYNTH_REENTRANCY::01059::SyntheticReentrancy01059,SyntheticReentrancy01059,i:unstake1059,unstake,train,DAPP::DAppSCAN-source/contracts/PeckShield-Hegic(v8888)/Hegic-v8888-2dcd44dc1ae07881e94d52fa618f9704bfd4ffda::HegicPool,i:provideFrom,provideFrom,transfer,positions5,889cb0cfe038c940d4323efd0a84d9bb4276a6aa848fefd142f241200f661809,1
SYNTH_REENTRANCY::01060::SyntheticReentrancy01060,SyntheticReentrancy01060,i:redeem1060,redeem,train,FORGE::vfp_00174::P2pResolvProxy,i:withdrawRESOLV,withdrawRESOLV,call,balances6,825b855604e5df451f341741f121efbb1515d5a85443c9ae5da1d40a6f51263f,1
SYNTH_REENTRANCY::01061::SyntheticReentrancy01061,SyntheticReentrancy01061,i:payout1061,payout,train,DAPP::DAppSCAN-source/contracts/QuillAudits-Bond Appetit-Bond Appetit/bondappetit-protocol-355180f0aca0b29d60d808f761052956b7a3a159::ProfitSplitter,i:_payToRecipients,_payToRecipients,transfer,credits7,3ea70351308e08252c2c1acef5823fd6fd1ef6495ff3030698f95e150f02ec30,1
SYNTH_REENTRANCY::01062::SyntheticReentrancy01062,SyntheticReentrancy01062,i:release1062,release,train,FORGE::vfp_00209::StakingManager,i:stake,stake,send,pendingRewards8,6731db54debf6bfc4bb2cef2daf6d97d334824dbd150ef9ff0b14775a671624c,1
SYNTH_REENTRANCY::01063::SyntheticReentrancy01063,SyntheticReentrancy01063,i:exit1063,exit,test,DAPP::DAppSCAN-source/contracts/Solidity_Finance-OKLG - Smart Contract/contracts-e167d0d742d21bcc62d7a5b770a1f0ed1cf31eca::MTGYTokenLocker,i:withdrawLockedTokens,withdrawLockedTokens,safeTransfer,withdrawalRequests9,dfceebade4f613e3e1bca779999bc6d6356aa7945c62d4c46e6805af654efeb8,1
SYNTH_REENTRANCY::01064::SyntheticReentrancy01064,SyntheticReentrancy01064,i:claim1064,claim,val,DAPP::DAppSCAN-source/contracts/consensys-DeFi_Saver/defisaver-v3-contracts-cb29669a84c2d6fffaf2231c0938eb407c060919::FLAaveV2,i:executeOperation,executeOperation,transfer,shares10,7d026ac675bd3d17d8b10a7db809b7331993e32313bbf80c3bf2f8d1c8b831cd,1
SYNTH_REENTRANCY::01065::SyntheticReentrancy01065,SyntheticReentrancy01065,i:settle1065,settle,train,DAPP::DAppSCAN-source/contracts/Iosiro-1inch Exchange Staking Rewards Smart Contract Audit/liquidity-protocol-c9c8bc600e8e7897f70f84b006de601d4f4bcbe3::BaseRewards,i:getReward,getReward,call,stakes11,4ffc6ab2e6bded9aa6e23043c61a77679475033746897268fe7b7bcbb8058723,1
SYNTH_REENTRANCY::01066::SyntheticReentrancy01066,SyntheticReentrancy01066,i:collect1066,collect,train,FORGE::vfp_00102::StopLimit,i:modifyOrder,modifyOrder,transfer,claims12,6d81b1e8ea6f6f6b65a494040fd5388e9099de5636207a532e738d3288a512f2,1
SYNTH_REENTRANCY::01067::SyntheticReentrancy01067,SyntheticReentrancy01067,i:harvest1067,harvest,val,FORGE::vfp_00001::AgentImageService,i:requestImage,requestImage,send,escrowed13,3298c70352f450437a1df84d7b4977e26186fc13ce73d2c4242cb0fd0ba65fc6,1
SYNTH_REENTRANCY::01068::SyntheticReentrancy01068,SyntheticReentrancy01068,i:withdraw1068,withdraw,train,FORGE::vfp_00189::Box,i:deallocate,deallocate,safeTransfer,payouts14,1d5e85730fc62db1aedf6d476d85b536152a284d403b8cba9f2a4fcb03744460,1
SYNTH_REENTRANCY::01069::SyntheticReentrancy01069,SyntheticReentrancy01069,i:claimReward1069,claimReward,val,DAPP::DAppSCAN-source/contracts/QuillAudits-GearBox Protocol-GearBox Protocol/gearbox-contracts-0ac33ba87212ce056ac6b6357ad74161d417158a::UniswapV3Adapter,i:exactInput,exactInput,transfer,positions15,f442a622748f81b54f1ecfb0dfcbf66774860c6c2fff1464ca26f59d8cad030d,1
SYNTH_REENTRANCY::01070::SyntheticReentrancy01070,SyntheticReentrancy01070,i:refund1070,refund,train,DAPP::DAppSCAN-source/contracts/PeckShield-StackerVC/StackerVC_VentureFund001-3cfb98b21f4731dfd62993feb7c7d1540837f59b::LPGauge,i:deposit,deposit,call,balances16,13f9255ee6e88f59a5e87af9a54fb037fcebb458b4c90bde483809b18105c126,1
SYNTH_REENTRANCY::01071::SyntheticReentrancy01071,SyntheticReentrancy01071,i:unstake1071,unstake,train,DAPP::DAppSCAN-source/contracts/consensys-Aave_Protocol_V2/aave-protocol-v2-f756f44a8d6a328cd545335e46e7128939db88c4::LendingPool,i:deposit,deposit,transfer,credits0,fd39b712531ccd3900bb8df6eef8bec8b8efe6e4e56e21db8a5b47078590d324,1
SYNTH_REENTRANCY::01072::SyntheticReentrancy01072,SyntheticReentrancy01072,i:redeem1072,redeem,test,DAPP::DAppSCAN-source/contracts/Trail_of_Bits-Liquity/dev-f0df3efa5a5f05b205752184cfce107c5bd6e06c::BorrowerOperations,i:_moveTokensAndETHfromAdjustment,_moveTokensAndETHfromAdjustment,send,pendingRewards1,c28812e73d2a7005ac9f0d4e268c164d24223fbd1fd473ef8034129491cfe9fe,1
SYNTH_REENTRANCY::01073::SyntheticReentrancy01073,SyntheticReentrancy01073,i:payout1073,payout,train,DAPP::DAppSCAN-source/contracts/Coinbae-Hakka_Finance_wHakka/code::wHakka,i:stake,stake,safeTransfer,withdrawalRequests2,62cda512430cff84e3216237114eb611132802e9657259cb0ad622d77f69c849,1
SYNTH_REENTRANCY::01074::SyntheticReentrancy01074,SyntheticReentrancy01074,i:release1074,release,train,DAPP::DAppSCAN-source/contracts/consensys-Idle_Finance/idle-tranches-d94ee7194e8cb17db13b16c338f3e780b62f5435::IdleCDO,i:_deposit,_deposit,transfer,shares3,e3f8fbc5789aafccde8318f1eb2a4905c532946c34893cf9fcfc30963317abc5,1
SYNTH_REENTRANCY::01075::SyntheticReentrancy01075,SyntheticReentrancy01075,i:exit1075,exit,test,DAPP::DAppSCAN-source/contracts/PepperSec-Aira-Robonomic/robonomics_contracts-cc35a91de187072214d215262d8371f0159c2498::RobotLiabilityLib,i:finalize,finalize,call,stakes4,82fdcfa601436456f48eba7fdfee695548f8a238c781fbc54481042031582c2f,1
SYNTH_REENTRANCY::01076::SyntheticReentrancy01076,SyntheticReentrancy01076,i:claim1076,claim,train,DAPP::DAppSCAN-source/contracts/Chainsulting-Furucombo-project2/trevi-b3f7fd332873321152db48c9d43fc23a60a29f1a::FountainBase,i:_depositAngel,_depositAngel,transfer,claims5,ff756d2503704fae6d2ba04c56a57efdf5fb93b578e2b0032169dd3a1e146d68,1
SYNTH_REENTRANCY::01077::SyntheticReentrancy01077,SyntheticReentrancy01077,i:settle1077,settle,train,FORGE::vfp_00096::MarketConfigurator,i:_migrateFactoryTargets,_migrateFactoryTargets,send,escrowed6,c6f5f9a7809a5b9077854ba4a1ae3de9feb38f42f28eed7f9e0e9fe7248e23cd,1
SYNTH_REENTRANCY::01078::SyntheticReentrancy01078,SyntheticReentrancy01078,i:collect1078,collect,train,DAPP::DAppSCAN-source/contracts/PeckShield-Buffer/code::BufferBNBOptions,i:create,create,safeTransfer,payouts7,9bacd09cd937ea92a5dbec21e9f1c94c12bcfbfa95c41ec8220d0c11cc26646e,1
SYNTH_REENTRANCY::01079::SyntheticReentrancy01079,SyntheticReentrancy01079,i:harvest1079,harvest,train,DAPP::DAppSCAN-source/contracts/consensys-Skyweaver/Skyweaver-contracts-bde0c184db6168bf86656a48b12d5747950b54d9::EternalHeroesFactory,i:_buy,_buy,transfer,positions8,d8ed728817dc1e6a5e3ee821611bff24d121aeef3dea12a19ecbc55a5d60af83,1
SYNTH_REENTRANCY::01080::SyntheticReentrancy01080,SyntheticReentrancy01080,i:withdraw1080,withdraw,train,DAPP::DAppSCAN-source/contracts/consensys-Aave_Protocol_V2/aave-protocol-v2-f756f44a8d6a328cd545335e46e7128939db88c4::LendingPool,i:flashLoan,flashLoan,call,balances9,bc947c808c2aaaf2761789c5cf079e5175d765b021f4cd5cc52f7a2635559603,1
SYNTH_REENTRANCY::01081::SyntheticReentrancy01081,SyntheticReentrancy01081,i:claimReward1081,claimReward,train,DAPP::DAppSCAN-source/contracts/Coinbae-Barnbridge_Vault/CommunityVault0xA3C299eEE1998F45c20010276684921EBE6423D9::CommunityVault,i:setAllowance,setAllowance,transfer,credits10,3fbf1c228fa50dc1c41b09f6283b6feec8c91a26b65962d94f97913a91bb1b6b,1
SYNTH_REENTRANCY::01082::SyntheticReentrancy01082,SyntheticReentrancy01082,i:refund1082,refund,train,DAPP::DAppSCAN-source/contracts/Trail_of_Bits-MapleFinance/liquidations-35c628e5ab45fbffaab7aef43a030a98b712a94a::Liquidator,i:liquidatePortion,liquidatePortion,send,pendingRewards11,824b222486804b31ced2b9634411b18ce2b3bfec31c5192b7ed5ba057e8ddfcf,1
SYNTH_REENTRANCY::01083::SyntheticReentrancy01083,SyntheticReentrancy01083,i:unstake1083,unstake,test,DAPP::DAppSCAN-source/contracts/consensys-GrowthDeFi WHEAT/wheat-v1-core-8360ac0a537589bb974e8a5a169bb3e7c95d2857::Exchange,i:convertFundsFromInput,convertFundsFromInput,safeTransfer,withdrawalRequests12,c0303ce64a35dde9307371d67265fcb5e8ae5bfdd1fbc0a1537d9fa5a4b0c102,1
SYNTH_REENTRANCY::01084::SyntheticReentrancy01084,SyntheticReentrancy01084,i:redeem1084,redeem,test,DAPP::DAppSCAN-source/contracts/ImmuneBytes-Bird Money(MasterChef)-Audit Report/bird-farm-contracts-dfd2502b73c8f54c9081682c3eb070fcd3c00629::MasterChef,i:emergencyWithdraw,emergencyWithdraw,transfer,shares13,4a4ad1ed36a71b5d4382f9e468225387d3cc68cff7bd7966f559427e0b095b46,1
SYNTH_REENTRANCY::01085::SyntheticReentrancy01085,SyntheticReentrancy01085,i:payout1085,payout,train,"DAPP::DAppSCAN-source/contracts/Inspex-Tokens, Farm & Shop/-SpeedStar-Audit-3e39d7acf9c1aa9f3a5511c161c2035ba7d6bc1f::Staking",i:depositStable,depositStable,call,stakes14,a4c9180d8f33729d6d8c8bdbe005a71cf63f2f4c74ae3a491de65e6844c56554,1
SYNTH_REENTRANCY::01086::SyntheticReentrancy01086,SyntheticReentrancy01086,i:release1086,release,train,FORGE::vfp_00125::Aori,i:cancel,cancel,transfer,claims15,f83f8afe9c3114a6b48fb78626ce1b50ef9fb1c3484df56d98a67a777566eb2c,1
SYNTH_REENTRANCY::01087::SyntheticReentrancy01087,SyntheticReentrancy01087,i:exit1087,exit,train,DAPP::DAppSCAN-source/contracts/Coinbae-Hakka_Finance_wHakka/code::wHakka,i:unstake,unstake,send,escrowed16,04beeff59d9dbb8be5f3e2cf708476093eab8c3a343020bc963c19216b3da7c2,1
SYNTH_REENTRANCY::01088::SyntheticReentrancy01088,SyntheticReentrancy01088,i:claim1088,claim,train,DAPP::DAppSCAN-source/contracts/Chainsulting-Furucombo-project2/trevi-b3f7fd332873321152db48c9d43fc23a60a29f1a::FountainBase,i:_withdrawAngel,_withdrawAngel,safeTransfer,payouts0,f4e8003bba6941009377ecf9588c8e9342767936076990998b91a0c93da92091,1
SYNTH_REENTRANCY::01089::SyntheticReentrancy01089,SyntheticReentrancy01089,i:settle1089,settle,test,FORGE::vfp_00260::Router_Adapter,i:relayTokens,relayTokens,transfer,positions1,b94fe90e9ae71c7137827eaf2815dcbd99b1e6f4a1961aeed3d9e7aa077d113c,1
SYNTH_REENTRANCY::01090::SyntheticReentrancy01090,SyntheticReentrancy01090,i:collect1090,collect,train,FORGE::vfp_00215::ScrollChainValidium,i:_finalizeBundle,_finalizeBundle,call,balances2,58add60944b03320ee51edff6e08bd63727a38274ec86f28d2ce9acfdb95204e,1
SYNTH_REENTRANCY::01091::SyntheticReentrancy01091,SyntheticReentrancy01091,i:harvest1091,harvest,train,DAPP::DAppSCAN-source/contracts/PeckShield-PlutosV1/plutos-eth-contract-0777815::PMintBurn,i:deposit,deposit,transfer,credits3,6af3df79a03f656d6ddbdb6a7ffb0fbcc2aef393207a3fc851f025d627cadc27,1
SYNTH_REENTRANCY::01092::SyntheticReentrancy01092,SyntheticReentrancy01092,i:withdraw1092,withdraw,val,DAPP::DAppSCAN-source/contracts/QuillAudits-GearBox Protocol-GearBox Protocol/gearbox-contracts-0ac33ba87212ce056ac6b6357ad74161d417158a::UniswapV3Adapter,i:exactOutputSingle,exactOutputSingle,send,pendingRewards4,85d9d61b392ac382ff0cf3ea13e9599ca70a9b88f53e8f39c9e6badf2a0dbd4c,1
SYNTH_REENTRANCY::01093::SyntheticReentrancy01093,SyntheticReentrancy01093,i:claimReward1093,claimReward,train,DAPP::DAppSCAN-source/contracts/SlowMist-CFFv2 Smart Contract Security Audit Report/cff-contract-v2-c86bef3f13c7585f547f9cd0ca900f94664e96b7::CFVaultV2,i:withdraw,withdraw,safeTransfer,withdrawalRequests5,9baf72b9a8ce9c12a76d5a4ac461bdec65289cf5f7ac3d723961610179920e90,1
SYNTH_REENTRANCY::01094::SyntheticReentrancy01094,SyntheticReentrancy01094,i:refund1094,refund,train,FORGE::vfp_00221::LimitOrderHook,i:_afterSwap,_afterSwap,transfer,shares6,d2a7bcbf089b3a4370c050b985a7619e6ebb5f343d6d6e65d6d4c7e5786b12bb,1
SYNTH_REENTRANCY::01095::SyntheticReentrancy01095,SyntheticReentrancy01095,i:unstake1095,unstake,val,DAPP::DAppSCAN-source/contracts/SlowMist-Starcrazy Smart Contract Security Audit Report/starcrazy-contracts-e9e11d234ac065726e108a73dfcd5efbad26f2c5::GFSBonus,i:withdraw,withdraw,call,stakes7,e52d725aae3d50066b152695d10807d56572b78ff2261b886c3e2bb30b4c773f,1
SYNTH_REENTRANCY::01096::SyntheticReentrancy01096,SyntheticReentrancy01096,i:redeem1096,redeem,train,DAPP::DAppSCAN-source/contracts/Coinfabrik-Woonkly Security Audit (DEX STAKE)/STAKESmartContractPreRelease-main::WOOPStake,i:processReward,processReward,transfer,claims8,d52707f395b82decd84d9f7bad0fb91aac1886d5228e77e8fa15d34a1e1eda7c,1
SYNTH_REENTRANCY::01097::SyntheticReentrancy01097,SyntheticReentrancy01097,i:payout1097,payout,train,DAPP::DAppSCAN-source/contracts/Iosiro-SNX FlashBurn Smart Contract Audit/flashburn-3aa02a3d63d9e0110a5b6669a4a4011ceee3cf2b::SNXFlashLoanTool,i:swap,swap,send,escrowed9,2a664c5ea652c0079bc6e41afb253fe63dc3d7c353dffa2c120af9ad1f807baa,1
SYNTH_REENTRANCY::01098::SyntheticReentrancy01098,SyntheticReentrancy01098,i:release1098,release,train,FORGE::vfp_00174::P2pResolvProxy,i:initiateWithdrawalRESOLVAccruedRewards,initiateWithdrawalRESOLVAccruedRewards,safeTransfer,payouts10,eb0c97506a0c5b9bc08436f72a89daf9e5c1dc615d05bf286194d8ac97617805,1
SYNTH_REENTRANCY::01099::SyntheticReentrancy01099,SyntheticReentrancy01099,i:exit1099,exit,train,DAPP::DAppSCAN-source/contracts/consensys-Gamma/hypervisor-41fd4abf79864478523e87924d4e80d80df04879::UniProxy,i:deposit,deposit,transfer,positions11,dc6c3d1afe1eb45f3ca6213f34890f9aa1b546b4027f41ad242966279a99a021,1
SYNTH_REENTRANCY::01100::SyntheticReentrancy01100,SyntheticReentrancy01100,i:claim1100,claim,train,FORGE::vfp_00175::P2pYieldProxy,i:_withdraw,_withdraw,call,balances12,e45cf91d76317d907391baac29c22acb7bcc97a74b6569eea16c743ff480fa60,1
SYNTH_REENTRANCY::01101::SyntheticReentrancy01101,SyntheticReentrancy01101,i:settle1101,settle,val,FORGE::vfp_00001::AgentImageService,i:requestRefund,requestRefund,transfer,credits13,cd49c7a43368e5a3fd5972796cd18221b418db6815888da28d17b30b6dea5191,1
SYNTH_REENTRANCY::01102::SyntheticReentrancy01102,SyntheticReentrancy01102,i:collect1102,collect,val,DAPP::DAppSCAN-source/contracts/SlowMist-Starcrazy Smart Contract Security Audit Report/starcrazy-contracts-e9e11d234ac065726e108a73dfcd5efbad26f2c5::Auction,i:setGeneScienceAddress,setGeneScienceAddress,send,pendingRewards14,65083abf97e078af4bbfbec01b8f24c7a8b300195218d7e18c4f6187c197987c,1
SYNTH_REENTRANCY::01103::SyntheticReentrancy01103,SyntheticReentrancy01103,i:harvest1103,harvest,train,DAPP::DAppSCAN-source/contracts/QuillAudits-1inch-Limit Order Protocol/limit-order-protocol-a14bde6a260458de5083cee117d734221e1cbc05::LimitOrderProtocol,i:fillOrderTo,fillOrderTo,safeTransfer,withdrawalRequests15,7b3908fd9c66eacc8b5e615dddb23d401b4686f1a1fdbaa4b04c51fa934cea86,1
SYNTH_REENTRANCY::01104::SyntheticReentrancy01104,SyntheticReentrancy01104,i:withdraw1104,withdraw,val,DAPP::DAppSCAN-source/contracts/QuillAudits-Yearn Finance-Yearn Vaults V3/yearn-vaults-e390c2a6b2ba6e2ecc8f3a72a1ea4adfabd17544::yWETH,i:withdrawETH,withdrawETH,transfer,shares16,fda7e6d9317631df66f673ba52efc0f506871b64b1a87c05a94e8da3ceec3d77,1
SYNTH_REENTRANCY::01105::SyntheticReentrancy01105,SyntheticReentrancy01105,i:claimReward1105,claimReward,train,DAPP::DAppSCAN-source/contracts/PeckShield-BNPL/BNPL-0ee587a081668dcab166a3a275b8a6c4794ead4d::BankingNode,i:unstake,unstake,call,stakes0,8444a5e3e85fb6bf239c3bd91421bb21dd5b3db78c119cd79fbef0009f59cd72,1
SYNTH_REENTRANCY::01106::SyntheticReentrancy01106,SyntheticReentrancy01106,i:refund1106,refund,train,FORGE::vfp_00032::CurveConvexLib,i:unstakeAndExitPool,unstakeAndExitPool,transfer,claims1,f236a8184036229fbf2c0c243229041d9bbe2748d28de495ec5b76509fde4c28,1
SYNTH_REENTRANCY::01107::SyntheticReentrancy01107,SyntheticReentrancy01107,i:unstake1107,unstake,train,FORGE::vfp_00045::PDPVerifier,i:nextProvingPeriod,nextProvingPeriod,send,escrowed2,e552980bf6fdad27f1631171982687df783c39853f405ed615c4c996b2b3bd77,1
SYNTH_REENTRANCY::01108::SyntheticReentrancy01108,SyntheticReentrancy01108,i:redeem1108,redeem,train,FORGE::vfp_00234::mErc20Host,i:_verifyProof,_verifyProof,safeTransfer,payouts3,8decf6594a3a44f87a476d9ed6d75132a8eacda2d091599e2b66925144fffc6b,1
SYNTH_REENTRANCY::01109::SyntheticReentrancy01109,SyntheticReentrancy01109,i:payout1109,payout,train,DAPP::DAppSCAN-source/contracts/Coinbae-Pud.Fi Masterchef_Audit/MasterChef0x15Bee180BB39eE5c0166E63313C33984376930Db::MasterChef,i:emergencyWithdraw,emergencyWithdraw,transfer,positions4,0ca363865a1737aea14f76a894112f98e43f5bb3692011363e567a3fd267a41e,1
SYNTH_REENTRANCY::01110::SyntheticReentrancy01110,SyntheticReentrancy01110,i:release1110,release,train,DAPP::DAppSCAN-source/contracts/PeckShield-Arche/Arche_v1.0_Eros-909f35e0064d636aaf61954a6026fda7b2bade7f::D_Swap,i:Impl_Delivery,Impl_Delivery,call,balances5,71c0375b4b4d7a6058a7c4bada8376cb36a6eb49b95c92f62e031d4f4139ac17,1
SYNTH_REENTRANCY::01111::SyntheticReentrancy01111,SyntheticReentrancy01111,i:exit1111,exit,val,DAPP::DAppSCAN-source/contracts/QuillAudits-GearBox Protocol-GearBox Protocol/gearbox-contracts-0ac33ba87212ce056ac6b6357ad74161d417158a::UniswapV2Adapter,i:swapExactTokensForTokens,swapExactTokensForTokens,transfer,credits6,58b49bb11943dd74347884e9e1975d36e00e6319d951192b8233359f1cf27201,1
SYNTH_REENTRANCY::01112::SyntheticReentrancy01112,SyntheticReentrancy01112,i:claim1112,claim,train,DAPP::DAppSCAN-source/contracts/consensys-PoolTogether_Pods/pods-v3-contracts-879dc8b911fc506dd6bead1f36eade919ccfea57::TokenDrop,i:claim,claim,send,pendingRewards7,73e7df0f12a7499a978c156fa07434101b9f015b946b4efd56f43844223e1ed3,1
SYNTH_REENTRANCY::01113::SyntheticReentrancy01113,SyntheticReentrancy01113,i:settle1113,settle,train,DAPP::DAppSCAN-source/contracts/QuillAudits-Algovest/AlgoVestStaking0x090e69e7F48AFC059e480F297042DEA396B971e7::AlgoVestStaking,i:AVSTokenDonation,AVSTokenDonation,safeTransfer,withdrawalRequests8,45f2e6a425f7aee2b941b7fd9ec3d24bd7ca8d44e228217022b29794a2149481,1
SYNTH_REENTRANCY::01114::SyntheticReentrancy01114,SyntheticReentrancy01114,i:collect1114,collect,train,DAPP::DAppSCAN-source/contracts/PeckShield-DSG/core-6f607f77698936e132e4e9b5cb4d75580636d919::NftEarnErc20Pool,i:slotStake,slotStake,transfer,shares9,93f43f0b5ff6f3e3773f2906b8fbd7cf8ae38751696177fc8fb9e7c65be9d457,1
SYNTH_REENTRANCY::01115::SyntheticReentrancy01115,SyntheticReentrancy01115,i:harvest1115,harvest,val,DAPP::DAppSCAN-source/contracts/SlowMist-Starcrazy Smart Contract Security Audit Report/starcrazy-contracts-e9e11d234ac065726e108a73dfcd5efbad26f2c5::Aliana,i:setGeneScienceAddress,setGeneScienceAddress,call,stakes10,24fcf0df951382b119395b33da8f383d65385f94ce2a28d78de6b2b02a5c7c70,1
SYNTH_REENTRANCY::01116::SyntheticReentrancy01116,SyntheticReentrancy01116,i:withdraw1116,withdraw,train,DAPP::DAppSCAN-source/contracts/Hacken-Ground Zero/code::IDO,i:claim,claim,transfer,claims11,150d09abc8acd2538092af5f5f78cd836c305e4774550459105978e6ac6a4165,1
SYNTH_REENTRANCY::01117::SyntheticReentrancy01117,SyntheticReentrancy01117,i:claimReward1117,claimReward,train,FORGE::vfp_00189::Box,i:allocate,allocate,send,escrowed12,936bad8bbf7440ccc517210b2bf176ba5fffa1334d2853c1f9b66d748ea8c298,1
SYNTH_REENTRANCY::01118::SyntheticReentrancy01118,SyntheticReentrancy01118,i:refund1118,refund,train,FORGE::vfp_00116::L1Mailbox,i:getMsg,getMsg,safeTransfer,payouts13,510fea19a4f7aa9932ece1b31bab9e1c8095aff557dc80ad8288d5e7a591fae4,1
SYNTH_REENTRANCY::01119::SyntheticReentrancy01119,SyntheticReentrancy01119,i:unstake1119,unstake,train,DAPP::DAppSCAN-source/contracts/consensys-PoolTogether_Pods/pods-v3-contracts-879dc8b911fc506dd6bead1f36eade919ccfea57::Pod,i:depositTo,depositTo,transfer,positions14,8e30febbd97abc8980bbd8af3910c767e398a0a0c9470286ff5d41ff79e09ce3,1
SYNTH_REENTRANCY::01120::SyntheticReentrancy01120,SyntheticReentrancy01120,i:redeem1120,redeem,test,FORGE::vfp_00058::LikwidMarginPosition,i:_margin,_margin,call,balances15,269e7c4003897a393a018370b4854333e426876e038213964c2594de47f07370,1
SYNTH_REENTRANCY::01121::SyntheticReentrancy01121,SyntheticReentrancy01121,i:payout1121,payout,train,DAPP::DAppSCAN-source/contracts/PeckShield-BNPL/BNPL-0ee587a081668dcab166a3a275b8a6c4794ead4d::BankingNode,i:collectFees,collectFees,transfer,credits16,4b106dc550c259ac67d591395d47dd7a4d1bc92b954f610f6fe9d1d0d2c0cef0,1
SYNTH_REENTRANCY::01122::SyntheticReentrancy01122,SyntheticReentrancy01122,i:release1122,release,train,FORGE::vfp_00190::BoxAdapterCached,i:updateTotalAssets,updateTotalAssets,send,pendingRewards0,8931aee306b6bededcbb56d971e89dc28878e1fc763926e83320e341abd4c778,1
SYNTH_REENTRANCY::01123::SyntheticReentrancy01123,SyntheticReentrancy01123,i:exit1123,exit,val,DAPP::DAppSCAN-source/contracts/QuillAudits-GearBox Protocol-GearBox Protocol/gearbox-contracts-0ac33ba87212ce056ac6b6357ad74161d417158a::WETHGateway,i:repayCreditAccountETH,repayCreditAccountETH,safeTransfer,withdrawalRequests1,5d7a708bb38dd55c1a2f4dc083f1df13868b7d03c6d7ee1d5f647d2ea422f00b,1
SYNTH_REENTRANCY::01124::SyntheticReentrancy01124,SyntheticReentrancy01124,i:claim1124,claim,train,FORGE::vfp_00221::LimitOrderHook,i:_handleCancelCallback,_handleCancelCallback,transfer,shares2,3e9292e75b7a9048d5577a47863904b72d17e111dd93c335935130bb9c69619d,1
SYNTH_REENTRANCY::01125::SyntheticReentrancy01125,SyntheticReentrancy01125,i:settle1125,settle,train,DAPP::DAppSCAN-source/contracts/PeckShield-COIN98/code::C98MSiG,i:vote,vote,call,stakes3,be6bbc96f972413ffa564e7da4b07b5598fa8bf8723b7f122ad183d52c2d92f7,1
SYNTH_REENTRANCY::01126::SyntheticReentrancy01126,SyntheticReentrancy01126,i:collect1126,collect,val,FORGE::vfp_00289::BasketToken,i:proRataRedeem,proRataRedeem,transfer,claims4,5fa29354505a04984ab796b0a5864aff3ba511253d984180335890cceb09e2e3,1
SYNTH_REENTRANCY::01127::SyntheticReentrancy01127,SyntheticReentrancy01127,i:harvest1127,harvest,train,DAPP::DAppSCAN-source/contracts/QuillAudits-Yearn Finance-Yearn Protocol V1/yearn-protocol-9ff0dc0ea73642c529383d0675930a41bf033295::yWETH,i:withdrawETH,withdrawETH,send,escrowed5,d67ed2d3f4db5b125ba1c04dd8ce52a97cc1974fb2e4c4024a27c24c5bf2af00,1
SYNTH_REENTRANCY::01128::SyntheticReentrancy01128,SyntheticReentrancy01128,i:withdraw1128,withdraw,test,"DAPP::DAppSCAN-source/contracts/Coinfabrik-MintingFactoryV2, BaseUpgradableMarketplace & KODAV3UpgradableGatedMarketplace/known-origin-contracts-v3-d592c5f4fa4e0b6fc65a1fce43e302706aedf607::MintingFactoryV2",i:mintBatchEdition,mintBatchEdition,safeTransfer,payouts6,69a9aef890de35ce10312dbe9f6a240f7fb067e12864fc57b157f3a213c38427,1
SYNTH_REENTRANCY::01129::SyntheticReentrancy01129,SyntheticReentrancy01129,i:claimReward1129,claimReward,train,DAPP::DAppSCAN-source/contracts/Coinbae-Pud.Fi Masterchef_Audit/MasterChef0x15Bee180BB39eE5c0166E63313C33984376930Db::MasterChef,i:safePudTransfer,safePudTransfer,transfer,positions7,76fba0297992e8a8fd7058cd320c5743c32d2af76599bc1743ecd481797afe23,1
SYNTH_REENTRANCY::01130::SyntheticReentrancy01130,SyntheticReentrancy01130,i:refund1130,refund,train,DAPP::DAppSCAN-source/contracts/Coinbae-TapCoins_Token_Contract/code::UpgradeableToken,i:setUpgradeAgent,setUpgradeAgent,call,balances8,887dd0293c73bc6ccfa717fb76f9e42f679d1f9fadda8fe2255c144298f958a4,1
SYNTH_REENTRANCY::01131::SyntheticReentrancy01131,SyntheticReentrancy01131,i:unstake1131,unstake,train,DAPP::DAppSCAN-source/contracts/consensys-PoolTogether_Sushi_and_Yearn_V2_Yield_Sources/pooltogether-yearnv2-yield-source-a34857f1555908a6263d2ebd189f0cb40e1858da::YearnV2YieldSource,i:supplyTokenTo,supplyTokenTo,transfer,credits9,835c593a89a0aa0c92214cb45dfdc3dddd476c0db7f2f56f8c74b34a1781f24d,1
SYNTH_REENTRANCY::01132::SyntheticReentrancy01132,SyntheticReentrancy01132,i:redeem1132,redeem,train,FORGE::vfp_00189::Box,i:reallocate,reallocate,send,pendingRewards10,0b9232a69eee45dba78ad6810f304d2b2c6b7891ceaa4500e0c178d7c128c721,1
SYNTH_REENTRANCY::01133::SyntheticReentrancy01133,SyntheticReentrancy01133,i:payout1133,payout,train,DAPP::DAppSCAN-source/contracts/openzeppelin-Endaoment/endaoment-contracts-f60aa253d3d869ad6460877f23e6092acb313add::Fund,i:finalizeGrant,finalizeGrant,safeTransfer,withdrawalRequests11,3e0a01639297497065e0d6048f5315970e8c8e178ff84ba76267803cd69f99dd,1
SYNTH_REENTRANCY::01134::SyntheticReentrancy01134,SyntheticReentrancy01134,i:release1134,release,train,DAPP::DAppSCAN-source/contracts/PeckShield-KaoyaSwap/contracts-8273073f1d6914f372790399378f177573c52e37::MasterChef,i:deposit,deposit,transfer,shares12,27f91e4335018a4af9f1346bbc30f47635f3bd7c7d7a481a05d3bc78251c2ed7,1
SYNTH_REENTRANCY::01135::SyntheticReentrancy01135,SyntheticReentrancy01135,i:exit1135,exit,train,DAPP::DAppSCAN-source/contracts/QuillAudits-BCUBE Smart Contract/b-cube-ico-13f9f8a991a65f3e0ca60a2078121fdd5a921fb0::BCubePublicSale,i:buyBcubeUsingUSDT,buyBcubeUsingUSDT,call,stakes13,64b0fdba7652be5a68ffc3d9b6d38d3d0e5fadbf9e35b932a64b9972e6550a50,1
SYNTH_REENTRANCY::01136::SyntheticReentrancy01136,SyntheticReentrancy01136,i:claim1136,claim,test,FORGE::vfp_00288::DelegationMetaSwapAdapter,i:swapTokens,swapTokens,transfer,claims14,9ab5e6489ffc3b93513d743b6f3bd16cae9b2d89d6f4807df1a92a80b0c95844,1
SYNTH_REENTRANCY::01137::SyntheticReentrancy01137,SyntheticReentrancy01137,i:settle1137,settle,test,FORGE::vfp_00260::Router_Adapter,i:relayMessage,relayMessage,send,escrowed15,57b73aa9d67d172df78feb84bd9a25798e255da7f012e6a057322e98bfbaad07,1
SYNTH_REENTRANCY::01138::SyntheticReentrancy01138,SyntheticReentrancy01138,i:collect1138,collect,train,FORGE::vfp_00189::Box,i:flash,flash,safeTransfer,payouts16,7141fbae9146d7d8ccdea66b254cf6bba1bd7d5ce8b395db9d33377c9ad8d2ae,1
SYNTH_REENTRANCY::01139::SyntheticReentrancy01139,SyntheticReentrancy01139,i:harvest1139,harvest,val,DAPP::DAppSCAN-source/contracts/QuillAudits-GearBox Protocol-GearBox Protocol/gearbox-contracts-0ac33ba87212ce056ac6b6357ad74161d417158a::YearnAdapter,i:_deposit,_deposit,transfer,positions0,23b6683a78824cc7b7409078e1fd6afb0b39068ecf091c28754c74989fc65c12,1
SYNTH_REENTRANCY::01140::SyntheticReentrancy01140,SyntheticReentrancy01140,i:withdraw1140,withdraw,test,DAPP::DAppSCAN-source/contracts/ImmuneBytes-Bird Money-Final Audit Report/bird-farm-contracts-dfd2502b73c8f54c9081682c3eb070fcd3c00629::MasterChef,i:withdraw,withdraw,call,balances1,2c310b4981e805a56d733b31c9c0a70db24219bebcd6fa812d4fcc4b0f174054,1
SYNTH_REENTRANCY::01141::SyntheticReentrancy01141,SyntheticReentrancy01141,i:claimReward1141,claimReward,train,DAPP::DAppSCAN-source/contracts/consensys-Gamma/hypervisor-41fd4abf79864478523e87924d4e80d80df04879::Hypervisor,i:withdraw,withdraw,transfer,credits2,94f8dd9e7854f6d8e8d08ccc86a6ad20b8accee8980a4d5d6a0448bca520815c,1
SYNTH_REENTRANCY::01142::SyntheticReentrancy01142,SyntheticReentrancy01142,i:refund1142,refund,val,DAPP::DAppSCAN-source/contracts/QuillAudits-GearBox Protocol-GearBox Protocol/gearbox-contracts-0ac33ba87212ce056ac6b6357ad74161d417158a::CurveV1Adapter,i:exchange,exchange,send,pendingRewards3,ddef73e1a4662c7d35ed10708b1868aa634add41ea1de514b7ac4cc3d5c8a286,1
SYNTH_REENTRANCY::01143::SyntheticReentrancy01143,SyntheticReentrancy01143,i:unstake1143,unstake,train,DAPP::DAppSCAN-source/contracts/Coinbae-Pud.Fi Masterchef_Audit/MasterChef0x15Bee180BB39eE5c0166E63313C33984376930Db::MasterChef,i:balance,balance,safeTransfer,withdrawalRequests4,fc9e0cef5555ccc17ab1e27af845ce37e3fae08e1b1e757b8bdd72c0eb85e89b,1
SYNTH_REENTRANCY::01144::SyntheticReentrancy01144,SyntheticReentrancy01144,i:redeem1144,redeem,test,FORGE::vfp_00058::LikwidMarginPosition,i:modify,modify,transfer,shares5,c0d78808d28542466e5488f95593dd62fccfc980d2bba7326862ef9887921848,1
SYNTH_REENTRANCY::01145::SyntheticReentrancy01145,SyntheticReentrancy01145,i:payout1145,payout,train,DAPP::DAppSCAN-source/contracts/PeckShield-BabySwap/code::HoldStake,i:addPool,addPool,call,stakes6,452e11ed1400db5d41efab29e3fbf4ef76ab8b51caa2c94141fd34d08c750a77,1
SYNTH_REENTRANCY::01146::SyntheticReentrancy01146,SyntheticReentrancy01146,i:release1146,release,train,DAPP::DAppSCAN-source/contracts/PeckShield-Holdefi/Holdefi-5a1e6e0d582120142e8a531f6806eba6665ef2f4::Holdefi,i:repayBorrowInternal,repayBorrowInternal,transfer,claims7,61627aa89faeb44120b6d6e74ca6a7a8ecdaec650d8ac2b10383a5684e3d7746,1
SYNTH_REENTRANCY::01147::SyntheticReentrancy01147,SyntheticReentrancy01147,i:exit1147,exit,val,DAPP::DAppSCAN-source/contracts/Trail_of_Bits-OriginDollar/origin-dollar-81431fd3b2aa4c518ffc389844f9708c00b516f0::VaultCore,i:rebase,rebase,send,escrowed8,358979659a1aafecba2e1926244c0205e72835e001e59738cb2b8f8ac7cef476,1
SYNTH_REENTRANCY::01148::SyntheticReentrancy01148,SyntheticReentrancy01148,i:claim1148,claim,test,DAPP::DAppSCAN-source/contracts/PeckShield-DarkCrypto/darkcrypto-contracts-fee5be8d36459aebed2b84e6493875b3dc0366fd::SkyRewardPool,i:withdraw,withdraw,safeTransfer,payouts9,75075371aa48e4a3bb745dc2800990f52963c80ead4defc78731a2f64c4142b0,1
SYNTH_REENTRANCY::01149::SyntheticReentrancy01149,SyntheticReentrancy01149,i:settle1149,settle,train,DAPP::DAppSCAN-source/contracts/Hacken-Ground Zero/code::IDO,i:claimTheInvestments,claimTheInvestments,transfer,positions10,5836bc82bc25caf37cb164333c90a744fd5d9fa10c2fbb8aecfef21d3332ec2a,1
SYNTH_REENTRANCY::01150::SyntheticReentrancy01150,SyntheticReentrancy01150,i:collect1150,collect,val,DAPP::DAppSCAN-source/contracts/Runtime_Vеrification-ElementFinance/elf-contracts-637c6f959315cbb11a164555e588520c7d89122b::YVaultAssetProxy,i:reserveDeposit,reserveDeposit,call,balances11,3e64ce73ec9ec198d7ccbfb57689a09695e24004b69018691ffdf110e59b815b,1
SYNTH_REENTRANCY::01151::SyntheticReentrancy01151,SyntheticReentrancy01151,i:harvest1151,harvest,test,DAPP::DAppSCAN-source/contracts/ImmuneBytes-Bird Money(MasterChef)-Audit Report/bird-farm-contracts-dfd2502b73c8f54c9081682c3eb070fcd3c00629::MasterChef,i:deposit,deposit,transfer,credits12,78216e0145d4c3441970f9cd71a758764ea491003e900666b753ffa1f0469aae,1
SYNTH_REENTRANCY::01152::SyntheticReentrancy01152,SyntheticReentrancy01152,i:withdraw1152,withdraw,train,DAPP::DAppSCAN-source/contracts/PeckShield-MilkySwap/milkyswap-59f163e9959cf8bae4a521a9648219b553312e07::MasterMilker,i:emergencyWithdraw,emergencyWithdraw,send,pendingRewards13,5f108ebb640bdb0a359340b44ce6fb2de58037b0f4424c4b4f513452ad9cbb98,1
SYNTH_REENTRANCY::01153::SyntheticReentrancy01153,SyntheticReentrancy01153,i:claimReward1153,claimReward,train,DAPP::DAppSCAN-source/contracts/Coinbae-Pud.Fi Masterchef_Audit/MasterChef0x15Bee180BB39eE5c0166E63313C33984376930Db::MasterChef,i:setPoolStrategy,setPoolStrategy,safeTransfer,withdrawalRequests14,d796d9e494d327cd0481c90286aef655efbd0e122d81919f14780262ca556f57,1
SYNTH_REENTRANCY::01154::SyntheticReentrancy01154,SyntheticReentrancy01154,i:refund1154,refund,train,DAPP::DAppSCAN-source/contracts/Runtime_Vеrification-Element_Finance_Governance_Security_Audit_Report/council-3d751c959b42573c78ccd0bccbc80424bf6d9a90::CoreVoting,i:execute,execute,transfer,shares15,6c6d5a4ec2afc7adbe1fb6a1e37a434a417b3d19736aeaddf528920936f72fca,1
SYNTH_REENTRANCY::01155::SyntheticReentrancy01155,SyntheticReentrancy01155,i:unstake1155,unstake,val,DAPP::DAppSCAN-source/contracts/QuillAudits-GearBox Protocol-GearBox Protocol/gearbox-contracts-0ac33ba87212ce056ac6b6357ad74161d417158a::WETHGateway,i:addLiquidityETH,addLiquidityETH,call,stakes16,b6db4e9ce0caf72d19073b114e1fb992bc1cc71555a51661e68dab433f1d2502,1
SYNTH_REENTRANCY::01156::SyntheticReentrancy01156,SyntheticReentrancy01156,i:redeem1156,redeem,train,DAPP::DAppSCAN-source/contracts/PeckShield-Atlantis/atlantis-protocol-bsc-766acebba9316eced1c15abf6158b31f470a947f::AToken,i:borrowFresh,borrowFresh,transfer,claims0,c743c0c2885ab6929653ba24d52fd5bed5afebe2cfd13e8a5002c4e99daee3cb,1
SYNTH_REENTRANCY::01157::SyntheticReentrancy01157,SyntheticReentrancy01157,i:payout1157,payout,train,FORGE::vfp_00088::EnjoyoorsVaultWithdrawals,i:_claimWithdrawal,_claimWithdrawal,send,escrowed1,6c53da1b7ae1a8470c436553c0f1365af524b462ec9553e69cdf9a93fa016cad,1
SYNTH_REENTRANCY::01158::SyntheticReentrancy01158,SyntheticReentrancy01158,i:release1158,release,test,FORGE::vfp_00126::SpokePool,i:_setOftMessenger,_setOftMessenger,safeTransfer,payouts2,bca5389184ee3d237ba073154a643f2fc185e54f344bf9aa43611b2274bc349e,1
SYNTH_REENTRANCY::01159::SyntheticReentrancy01159,SyntheticReentrancy01159,i:exit1159,exit,train,DAPP::DAppSCAN-source/contracts/QuillAudits-Yearn Finance-Yearn Protocol V1/yearn-protocol-9ff0dc0ea73642c529383d0675930a41bf033295::yDelegatedVault,i:claimInsurance,claimInsurance,transfer,positions3,0ef17459d4012bbd939ef8a9ab7177e4b06dade999156affd5dc07d0f061acab,1
SYNTH_REENTRANCY::01160::SyntheticReentrancy01160,SyntheticReentrancy01160,i:claim1160,claim,train,DAPP::DAppSCAN-source/contracts/PeckShield-SushiSwap/sushiswap-180bc9b642bba79c1ee4a63f71a3a0d36e64aa63::MasterChef,i:withdraw,withdraw,call,balances4,f5e58c8bd2734643d0c3f4f280b7a115c709b782153cbeb5e8697e68ce6fdfb1,1
SYNTH_REENTRANCY::01161::SyntheticReentrancy01161,SyntheticReentrancy01161,i:settle1161,settle,train,FORGE::vfp_00221::LimitOrderHook,i:_handlePlaceCallback,_handlePlaceCallback,transfer,credits5,179ac2e28cd58952474490e50a0fc378e1960c2df6162727559d9a902700fa34,1
SYNTH_REENTRANCY::01162::SyntheticReentrancy01162,SyntheticReentrancy01162,i:collect1162,collect,train,DAPP::DAppSCAN-source/contracts/QuillAudits-Keep3r.Network-Keep3r.Network/StakingRewardsV3-13ecc6966ae1a413f62224382bfd4d64b1a22351::StakingRewardsV3,i:deposit,deposit,send,pendingRewards6,fd0a4f4bb8eeb607086c164fa9933c10512c8005d55e5bf00394d167fe08b43a,1
SYNTH_REENTRANCY::01163::SyntheticReentrancy01163,SyntheticReentrancy01163,i:harvest1163,harvest,val,DAPP::DAppSCAN-source/contracts/Trail_of_Bits-OriginDollar/origin-dollar-81431fd3b2aa4c518ffc389844f9708c00b516f0::VaultCore,i:_allocate,_allocate,safeTransfer,withdrawalRequests7,8e60083fca518eeba33c1159e2f2342b54e9a68af3f9c59babc056b7d4872960,1
SYNTH_REENTRANCY::01164::SyntheticReentrancy01164,SyntheticReentrancy01164,i:withdraw1164,withdraw,train,DAPP::DAppSCAN-source/contracts/Coinbae-Pud.Fi Masterchef_Audit/MasterChef0x15Bee180BB39eE5c0166E63313C33984376930Db::MasterChef,i:withdraw,withdraw,transfer,shares8,54135e64cd34176221dedb1135f60e6eef604bf8b49c6a91f69a022a44ffa011,1
SYNTH_REENTRANCY::01165::SyntheticReentrancy01165,SyntheticReentrancy01165,i:claimReward1165,claimReward,train,DAPP::DAppSCAN-source/contracts/Coinbae-Pud.Fi Masterchef_Audit/MasterChef0x15Bee180BB39eE5c0166E63313C33984376930Db::MasterChef,i:add,add,call,stakes9,f753bf6db5104c4eae4b058d95a8140441345cd4694cec3a2f95b49730676d3a,1
SYNTH_REENTRANCY::01166::SyntheticReentrancy01166,SyntheticReentrancy01166,i:refund1166,refund,train,DAPP::DAppSCAN-source/contracts/PeckShield-DSG/core-6f607f77698936e132e4e9b5cb4d75580636d919::SinglePool,i:emergencyWithdraw,emergencyWithdraw,transfer,claims10,3b7519ba0306fe54a7cfb2adab464096dec365fd9195d5316033f7ca18f48ccd,1
SYNTH_REENTRANCY::01167::SyntheticReentrancy01167,SyntheticReentrancy01167,i:unstake1167,unstake,test,DAPP::DAppSCAN-source/contracts/BlockSec-blocksec_impossible_finance_swap_v1.2/impossible-swap-core-29aaef89f996acdbee92b67c4d95fb608dc8b876::ImpossibleWrappedToken,i:deposit,deposit,send,escrowed11,716c0e4df54988dab2922b056829af3397287ded19a024302989ced265831f42,1
SYNTH_REENTRANCY::01168::SyntheticReentrancy01168,SyntheticReentrancy01168,i:redeem1168,redeem,train,DAPP::DAppSCAN-source/contracts/consensys-Connext NXTP — Noncustodial Xchain Transfer Protocol/nxtp-0656436d654cfe0313fa3c2bbc81aa86232ade16::TransactionManager,i:removeLiquidity,removeLiquidity,safeTransfer,payouts12,f19d7b251991842e81c28ab39c250c640db89d589b08403ba0c0fa8f08258ab9,1
SYNTH_REENTRANCY::01169::SyntheticReentrancy01169,SyntheticReentrancy01169,i:payout1169,payout,train,DAPP::DAppSCAN-source/contracts/PeckShield-DSG/core-6f607f77698936e132e4e9b5cb4d75580636d919::GovernorV1,i:propose,propose,transfer,positions13,99331047498aceb18bbd7e883c9bf80252622ba0cb78f63b7aae46fcd61caa4f,1
SYNTH_REENTRANCY::01170::SyntheticReentrancy01170,SyntheticReentrancy01170,i:release1170,release,train,DAPP::DAppSCAN-source/contracts/QuillAudits-Yearn Finance-Yearn Protocol V1/yearn-protocol-9ff0dc0ea73642c529383d0675930a41bf033295::yWETH,i:depositETH,depositETH,call,balances14,c00d972838c8032d47fff31b94f58d60be008cc98cbd2897cef763b345d94085,1
SYNTH_REENTRANCY::01171::SyntheticReentrancy01171,SyntheticReentrancy01171,i:exit1171,exit,train,DAPP::DAppSCAN-source/contracts/PeckShield-ShibaNova/Contracts-b6b1ce1fcaff83d360df8944309f49958842b7b8::MasterShiba,i:withdraw,withdraw,transfer,credits15,eea78f5053d679d4b3c98f89d4568b3dfc3c18dd520ca95a8dcaf61b7dbd3b7a,1
SYNTH_REENTRANCY::01172::SyntheticReentrancy01172,SyntheticReentrancy01172,i:claim1172,claim,train,FORGE::vfp_00221::LimitOrderHook,i:cancelOrder,cancelOrder,send,pendingRewards16,78a676e9573e0333f26f3d93bc8c124da8ee7656e497891f95b23f6390dece78,1
SYNTH_REENTRANCY::01173::SyntheticReentrancy01173,SyntheticReentrancy01173,i:settle1173,settle,train,DAPP::DAppSCAN-source/contracts/PeckShield-PikaPerpV2/PikaPerpV2-4a0965ff90ed099b7e2d3e8dda47cd589ee8e3a2::PikaPerpV2,i:closePositionWithId,closePositionWithId,safeTransfer,withdrawalRequests0,51ce46083d1e5cb495d45a38ddbd33a92000280772da919b89228a30481b529a,1
SYNTH_REENTRANCY::01174::SyntheticReentrancy01174,SyntheticReentrancy01174,i:collect1174,collect,val,DAPP::DAppSCAN-source/contracts/QuillAudits-GearBox Protocol-GearBox Protocol/gearbox-contracts-0ac33ba87212ce056ac6b6357ad74161d417158a::UniswapV3Adapter,i:exactInputSingle,exactInputSingle,transfer,shares1,5c3db3e6f728a3f661267c04b9ce01f4620b0e68608ea214c3f835c961db092a,1
SYNTH_REENTRANCY::01175::SyntheticReentrancy01175,SyntheticReentrancy01175,i:harvest1175,harvest,val,DAPP::DAppSCAN-source/contracts/QuillAudits-GearBox Protocol-GearBox Protocol/gearbox-contracts-0ac33ba87212ce056ac6b6357ad74161d417158a::PoolService,i:lendCreditAccount,lendCreditAccount,call,stakes2,5eccd1a450d3cea54b0eed25ce21137b17941ee031d833fca8c434fd01c31274,1
SYNTH_REENTRANCY::01176::SyntheticReentrancy01176,SyntheticReentrancy01176,i:withdraw1176,withdraw,val,DAPP::DAppSCAN-source/contracts/SlowMist-Starcrazy Smart Contract Security Audit Report/starcrazy-contracts-e9e11d234ac065726e108a73dfcd5efbad26f2c5::ClockAuctionBase,i:setGeneScienceAddress,setGeneScienceAddress,transfer,claims3,c130df5952a29c4fc4198c3bf183520fa5879c7731a317fc77c34d57832aa92c,1
SYNTH_REENTRANCY::01177::SyntheticReentrancy01177,SyntheticReentrancy01177,i:claimReward1177,claimReward,val,DAPP::DAppSCAN-source/contracts/QuillAudits-GearBox Protocol-GearBox Protocol/gearbox-contracts-0ac33ba87212ce056ac6b6357ad74161d417158a::UniswapV2Adapter,i:swapTokensForExactTokens,swapTokensForExactTokens,send,escrowed4,d0728f159164286add925eda37f3c5b0b19720702cfccdab28a63a46f8354f2c,1
SYNTH_REENTRANCY::01178::SyntheticReentrancy01178,SyntheticReentrancy01178,i:refund1178,refund,val,DAPP::DAppSCAN-source/contracts/PeckShield-TranchessV1.1/contract-core-68a86350313c1cb9e5467e791d3e9efaf228a0df::StakingV2,i:deposit,deposit,safeTransfer,payouts5,d15f936819af3b045249d2a8fe0791fe6e61c3fb98651f5b1a2b1b37a30b6054,1
SYNTH_REENTRANCY::01179::SyntheticReentrancy01179,SyntheticReentrancy01179,i:unstake1179,unstake,train,FORGE::vfp_00224::OidcRecoveryValidator,i:startRecovery,startRecovery,transfer,positions6,c8d1daf0e4216f451a1aadba0d0b9bcee496c2b6908764a47d2d955aa116f208,1
SYNTH_REENTRANCY::01180::SyntheticReentrancy01180,SyntheticReentrancy01180,i:redeem1180,redeem,train,DAPP::DAppSCAN-source/contracts/QuillAudits-1inch-Fixed Rate Swap/fixed-rate-swap-0b5a75e9f56e7d21c290dd28c59dc140dcbcc1d5::FixedRateSwap,i:depositFor,depositFor,call,balances7,78a6f6164b40f03ffde6b3c806e517f3d78bff5664802742f63d0d2efb102247,1
SYNTH_REENTRANCY::01181::SyntheticReentrancy01181,SyntheticReentrancy01181,i:payout1181,payout,train,DAPP::DAppSCAN-source/contracts/PeckShield-Holdefi/Holdefi-5a1e6e0d582120142e8a531f6806eba6665ef2f4::HoldefiSettings,i:setHoldefiContract,setHoldefiContract,transfer,credits8,c1d9990d3e8cb78762b692b09df24ce29e5845fce2760529eac91f1c4ab751e4,1
SYNTH_REENTRANCY::01182::SyntheticReentrancy01182,SyntheticReentrancy01182,i:release1182,release,train,DAPP::DAppSCAN-source/contracts/Chainsecurity-Compound  cToken unredacted/compound-protocol-4a54ec5c55b66ea67d44b76f3056f0ed7229db8c::Comptroller,i:liquidateBorrowAllowed,liquidateBorrowAllowed,send,pendingRewards9,81aac125ca15a933602ef04a44ce2135034deb9e0e86e1b612830459f7b0ca35,1
SYNTH_REENTRANCY::01183::SyntheticReentrancy01183,SyntheticReentrancy01183,i:exit1183,exit,train,DAPP::DAppSCAN-source/contracts/openzeppelin-Optimism/contracts-18e128343731b9bde23812ce932e24d81440b6b7::OVM_StateTransitioner,i:applyTransaction,applyTransaction,safeTransfer,withdrawalRequests10,10d2a9818bbc919057f87d9d74c42f003b1b3052e5573c6e834ccc9b7980458f,1
SYNTH_REENTRANCY::01184::SyntheticReentrancy01184,SyntheticReentrancy01184,i:claim1184,claim,val,DAPP::DAppSCAN-source/contracts/QuillAudits-GearBox Protocol-GearBox Protocol/gearbox-contracts-0ac33ba87212ce056ac6b6357ad74161d417158a::YearnAdapter,i:withdraw,withdraw,transfer,shares11,882992e5e2d8ab016afbac2a53c798369c4a87c7ccf8b581a48ab10bbb141c2d,1
SYNTH_REENTRANCY::01185::SyntheticReentrancy01185,SyntheticReentrancy01185,i:settle1185,settle,train,DAPP::DAppSCAN-source/contracts/QuillAudits-Abyss Finance-Abyss Eth2 Depositor/abyss-eth2depositor-a2d58dea4d79846dc682fe93ac3e0eca02323d11::AbyssEth2Depositor,i:deposit,deposit,call,stakes12,ecd302660dcf2553cc7507d05678e5c4d1bdf06d4b102421c5a04691acee9b8e,1
SYNTH_REENTRANCY::01186::SyntheticReentrancy01186,SyntheticReentrancy01186,i:collect1186,collect,train,DAPP::DAppSCAN-source/contracts/Coinbae-Pud.Fi Masterchef_Audit/MasterChef0x15Bee180BB39eE5c0166E63313C33984376930Db::MasterChef,i:deposit,deposit,transfer,claims13,0c10a49540a18c0094d9c25aa5b6a7c385788c25fdd1da7eb85e582bd5a67749,1
SYNTH_REENTRANCY::01187::SyntheticReentrancy01187,SyntheticReentrancy01187,i:harvest1187,harvest,val,DAPP::DAppSCAN-source/contracts/SlowMist-Starcrazy Smart Contract Security Audit Report/starcrazy-contracts-e9e11d234ac065726e108a73dfcd5efbad26f2c5::AlianaSale,i:withdrawOwnerCutSale,withdrawOwnerCutSale,send,escrowed14,9c7927f3e69a488fcf1554b28f45aa7b1ab7b617d93afb60093816cde9e4528c,1
SYNTH_REENTRANCY::01188::SyntheticReentrancy01188,SyntheticReentrancy01188,i:withdraw1188,withdraw,val,FORGE::vfp_00001::AgentImageService,i:fulfillImage,fulfillImage,safeTransfer,payouts15,5869f265fc7101adf24ccc7a97f863f21180228da18f3bd9e65a0c4bf0da6281,1
SYNTH_REENTRANCY::01189::SyntheticReentrancy01189,SyntheticReentrancy01189,i:claimReward1189,claimReward,test,FORGE::vfp_00058::LikwidMarginPosition,i:_executeAddLeverage,_executeAddLeverage,transfer,positions16,c32aaf95753cd7742de3f196dd29dc15f51f3aeae42f11f047b63f2e657ca5dc,1
SYNTH_REENTRANCY::01190::SyntheticReentrancy01190,SyntheticReentrancy01190,i:refund1190,refund,train,DAPP::DAppSCAN-source/contracts/Chainsecurity-Compound  cToken unredacted/compound-protocol-4a54ec5c55b66ea67d44b76f3056f0ed7229db8c::CToken,i:_setComptroller,_setComptroller,call,balances0,4fb93a53640716cb50bed21beec06ea0191193a864e1bb078dc37ec123052873,1
SYNTH_REENTRANCY::01191::SyntheticReentrancy01191,SyntheticReentrancy01191,i:unstake1191,unstake,val,DAPP::DAppSCAN-source/contracts/Trail_of_Bits-OriginDollar/origin-dollar-81431fd3b2aa4c518ffc389844f9708c00b516f0::VaultCore,i:_redeem,_redeem,transfer,credits1,3a9375b894cbd62a91121366b41852750cd377d36a4dc219774b3a2b312aa924,1
SYNTH_REENTRANCY::01192::SyntheticReentrancy01192,SyntheticReentrancy01192,i:redeem1192,redeem,val,DAPP::DAppSCAN-source/contracts/QuillAudits-GearBox Protocol-GearBox Protocol/gearbox-contracts-0ac33ba87212ce056ac6b6357ad74161d417158a::AccountFactory,i:returnCreditAccount,returnCreditAccount,send,pendingRewards2,4a46ea8922d2ea7ca615bac6c057cedd5be40d8def7e52b9cae6f965a6b0a089,1
SYNTH_REENTRANCY::01193::SyntheticReentrancy01193,SyntheticReentrancy01193,i:payout1193,payout,train,FORGE::vfp_00102::StopLimit,i:performUpkeep,performUpkeep,safeTransfer,withdrawalRequests3,59fd65000a37fe4a003472ed9dfa1da1cc37e72b9099e411beb34f22361a2082,1
SYNTH_REENTRANCY::01194::SyntheticReentrancy01194,SyntheticReentrancy01194,i:release1194,release,train,FORGE::vfp_00007::Folio,i:getRebalance,getRebalance,transfer,shares4,845f12085d9227099ef31ee00cbe00e3b9c12de81f98fd044ed45a0f774d7b66,1
SYNTH_REENTRANCY::01195::SyntheticReentrancy01195,SyntheticReentrancy01195,i:exit1195,exit,train,DAPP::DAppSCAN-source/contracts/BlockSec-blocksec_multichain_vemult_v1.0_signed/veMULTI-bac804399d1ea280e5bd8cdc9488b6fa6a0a7fcc::ve,i:withdraw,withdraw,call,stakes5,d53b589bbec55299de70a3cbdaf631767f9f91c97b0d77c55fb0b280a07bc258,1
SYNTH_REENTRANCY::01196::SyntheticReentrancy01196,SyntheticReentrancy01196,i:claim1196,claim,val,DAPP::DAppSCAN-source/contracts/QuillAudits-GearBox Protocol-GearBox Protocol/gearbox-contracts-0ac33ba87212ce056ac6b6357ad74161d417158a::WETHGateway,i:openCreditAccountETH,openCreditAccountETH,transfer,claims6,3c196248cc6e0bf04ee87425e3dfe7c279971753de3e1561da375d43640cbd82,1
SYNTH_REENTRANCY::01197::SyntheticReentrancy01197,SyntheticReentrancy01197,i:settle1197,settle,val,DAPP::DAppSCAN-source/contracts/QuillAudits-GearBox Protocol-GearBox Protocol/gearbox-contracts-0ac33ba87212ce056ac6b6357ad74161d417158a::UniswapV3Adapter,i:exactOutput,exactOutput,send,escrowed7,3cde3e5a218ab2805c42de0ecea2dc0ad55b2b25fb15f4030d8a1f1672f9b30f,1
SYNTH_REENTRANCY::01198::SyntheticReentrancy01198,SyntheticReentrancy01198,i:collect1198,collect,val,DAPP::DAppSCAN-source/contracts/SlowMist-Starcrazy Smart Contract Security Audit Report/starcrazy-contracts-e9e11d234ac065726e108a73dfcd5efbad26f2c5::AlianaBase,i:setGeneScienceAddress,setGeneScienceAddress,safeTransfer,payouts8,80ec5509950a09ad8b41367d6991fcd5b4bf6c03936be64e0bc0f04c91ed3d28,1
SYNTH_REENTRANCY::01199::SyntheticReentrancy01199,SyntheticReentrancy01199,i:harvest1199,harvest,val,DAPP::DAppSCAN-source/contracts/SlowMist-Starcrazy Smart Contract Security Audit Report/starcrazy-contracts-e9e11d234ac065726e108a73dfcd5efbad26f2c5::AlianaOwnership,i:setGeneScienceAddress,setGeneScienceAddress,transfer,positions9,389df32a2046c0c5ec42dc87c1547793edfebb85d8a622e6025512427766e2a3,1
SYNTH_REENTRANCY::01200::SyntheticReentrancy01200,SyntheticReentrancy01200,i:withdraw1200,withdraw,test,DAPP::DAppSCAN-source/contracts/Hacken-Powerbomb-V1/powerbomb-lite-0f86ff1eecdd723be733a9b33ff4ffa3bbdadcee::PowerBombAvaxCurve,i:claimReward,claimReward,call,balances10,3ebe9a3835872ee1ada61def784dee0954dba58027a959f0462a105849ba3eb1,1
SYNTH_REENTRANCY::01201::SyntheticReentrancy01201,SyntheticReentrancy01201,i:claimReward1201,claimReward,train,DAPP::DAppSCAN-source/contracts/QuillAudits-Alium Finance Smart Contract/alium-farm-e37d6af39af68049c2684085f025385407b4bd55::MasterChef,i:emergencyWithdraw,emergencyWithdraw,transfer,credits11,b37d444db1524b47aa61a9e40245538c57021c0ac0ec927e4361ebae4b8d9054,1
SYNTH_REENTRANCY::01202::SyntheticReentrancy01202,SyntheticReentrancy01202,i:refund1202,refund,train,DAPP::DAppSCAN-source/contracts/openzeppelin-Solo_Margin_Protocol/solo-17df84db351d5438e1b7437572722b4f52c8b2b4::AdminImpl,i:_setPriceOracle,_setPriceOracle,send,pendingRewards12,57c22d4819e1254dab07d3f959a0f1b5613e5e4bd93dd01fd328cf8da2c46321,1
SYNTH_REENTRANCY::01203::SyntheticReentrancy01203,SyntheticReentrancy01203,i:unstake1203,unstake,train,FORGE::vfp_00215::ScrollChainValidium,i:registerNewEncryptionKey,registerNewEncryptionKey,safeTransfer,withdrawalRequests13,49abb5f9c8eb523983ae6a51fab16166d9e6ca77d0cb53deec13bc6e512c5fa1,1
SYNTH_REENTRANCY::01204::SyntheticReentrancy01204,SyntheticReentrancy01204,i:redeem1204,redeem,train,DAPP::DAppSCAN-source/contracts/Runtime_Vеrification-stakefish_ethereum_staking_audit_report/eth2-validation-services-contract-d91928f3a270f6115831fe3a21a69eb98bf57b26::StakefishERC721Wrapper,i:mintTo,mintTo,transfer,shares14,8dc63a44389c54bad65a1de05b9b57a4799996c38b80d3e71c866dd106358742,1
SYNTH_REENTRANCY::01205::SyntheticReentrancy01205,SyntheticReentrancy01205,i:payout1205,payout,val,DAPP::DAppSCAN-source/contracts/PeckShield-Tranchessv1.0/contract-core-5ac3d997da3ef37b0135565a11c5ebcc519862aa::LiquidityStaking,i:deposit,deposit,call,stakes15,45a986230e93a9198496382f97bf29e74a8fe5c0757b67ab25ca8df2221ad2ab,1
SYNTH_REENTRANCY::01206::SyntheticReentrancy01206,SyntheticReentrancy01206,i:release1206,release,train,FORGE::vfp_00209::StakingManager,i:withdraw,withdraw,transfer,claims16,5cef00b934b9befe657dcbf9f08c955490fbd451627d1f99289c5619971f9ae0,1
SYNTH_REENTRANCY::01207::SyntheticReentrancy01207,SyntheticReentrancy01207,i:exit1207,exit,train,DAPP::DAppSCAN-source/contracts/Trail_of_Bits-ampleforth/market-oracle-888fccaf05786f3f7f49e18ff040f911d44906f4::MarketOracle,i:getPriceAnd24HourVolume,getPriceAnd24HourVolume,send,escrowed0,2b987c5fd745e06b684b8178bb412142c479b7cd9034c88b822cc4edbdcd7c0a,1
SYNTH_REENTRANCY::01208::SyntheticReentrancy01208,SyntheticReentrancy01208,i:claim1208,claim,train,DAPP::DAppSCAN-source/contracts/PeckShield-Rikkei/rifi-protocol-b33243fb3a218cc195f0727fe1499cb57f5ea0b2::RToken,i:borrowFresh,borrowFresh,safeTransfer,payouts1,13821a5fee9506ad49a5192143b28c4efc18fbeeb3e2e19fe1a31734676a56ed,1
SYNTH_REENTRANCY::01209::SyntheticReentrancy01209,SyntheticReentrancy01209,i:settle1209,settle,train,FORGE::vfp_00007::Folio,i:startRebalance,startRebalance,transfer,positions2,13bbedbbc2c6aab36e1c629da7e6b4051e57b3f85ffc757d33d52e7eb380a9ad,1
SYNTH_REENTRANCY::01210::SyntheticReentrancy01210,SyntheticReentrancy01210,i:collect1210,collect,val,DAPP::DAppSCAN-source/contracts/Runtime_Vеrification-Tracer_Perpetual_Pools_V2/perpetual-pools-contracts-846bbf62652d7c83aee1cf3766275c4d08b00c8a::PoolFactory,i:deployPool,deployPool,call,balances3,ff16cf7d231d36422cb55f3cfe086ad6c63121bc13980164ed1243b30f145d8c,1
SYNTH_REENTRANCY::01211::SyntheticReentrancy01211,SyntheticReentrancy01211,i:harvest1211,harvest,train,DAPP::DAppSCAN-source/contracts/Trail_of_Bits-FraxQ42021/frax-solidity-bd40775e283923aa9e32a107abd426430a99835e::veFXSYieldDistributorV4,i:notifyRewardAmount,notifyRewardAmount,transfer,credits4,e4dbffd9cedc343bd5a42347a9379f92d0a27da14c1beb56a48e4b2074a1ca17,1
SYNTH_REENTRANCY::01212::SyntheticReentrancy01212,SyntheticReentrancy01212,i:withdraw1212,withdraw,train,FORGE::vfp_00007::Folio,i:mint,mint,send,pendingRewards5,4c24c719c9a835d322c448ddeb7dac8963091928a743a28a53cf310162c9ab2c,1
SYNTH_REENTRANCY::01213::SyntheticReentrancy01213,SyntheticReentrancy01213,i:claimReward1213,claimReward,test,DAPP::DAppSCAN-source/contracts/SlowMist-ForTube2.0 Smart Contract Security Audit Report/bond-854527d0ea7ad2ddd3504b4d4ae3fcb57cb6445d::PRA,i:lock,lock,safeTransfer,withdrawalRequests6,75876b53bfe8b6e574fedd1614ebf0911b388219e12fddb9d8a103754c3398b8,1
SYNTH_REENTRANCY::01214::SyntheticReentrancy01214,SyntheticReentrancy01214,i:refund1214,refund,train,FORGE::vfp_00007::Folio,i:distributeFees,distributeFees,transfer,shares7,ed7e2c2d3391e0cf49ba8dfc5d6d73e9808836f429d36270fb070341fb12e03c,1
SYNTH_REENTRANCY::01215::SyntheticReentrancy01215,SyntheticReentrancy01215,i:unstake1215,unstake,train,DAPP::DAppSCAN-source/contracts/PeckShield-BabySwap/code::MasterChef,i:withdraw,withdraw,call,stakes8,d49046a0f7e0c8764c9071214b088edbd8e9d53c6911ff3d2f29ccec0322ad2d,1
SYNTH_REENTRANCY::01216::SyntheticReentrancy01216,SyntheticReentrancy01216,i:redeem1216,redeem,train,DAPP::DAppSCAN-source/contracts/QuillAudits-coalichain/CoaliSC-3f0920d650467279f7ceee08776bd74ecadd3237::Main,i:createBallot,createBallot,transfer,claims9,29478542aaa1b9cf72b24f4a526182d47e322a9721d3a1d7b64e9e683a0071be,1
SYNTH_REENTRANCY::01217::SyntheticReentrancy01217,SyntheticReentrancy01217,i:payout1217,payout,val,DAPP::DAppSCAN-source/contracts/Trail_of_Bits-OriginDollar/origin-dollar-81431fd3b2aa4c518ffc389844f9708c00b516f0::VaultCore,i:mintMultiple,mintMultiple,send,escrowed10,ce5198efb8189587fa9987338ebf3294229e480a20ceee773381bb24c5997730,1
SYNTH_REENTRANCY::01218::SyntheticReentrancy01218,SyntheticReentrancy01218,i:release1218,release,test,DAPP::DAppSCAN-source/contracts/PepperSec-Aira-Robonomic/robonomics_contracts-cc35a91de187072214d215262d8371f0159c2498::LighthouseLib,i:withdraw,withdraw,safeTransfer,payouts11,8a807fcec3667426596c0991c93b28977bb9d57dc4e368b172cd95ad1a65817d,1
SYNTH_REENTRANCY::01219::SyntheticReentrancy01219,SyntheticReentrancy01219,i:exit1219,exit,train,DAPP::DAppSCAN-source/contracts/PeckShield-Convex_Frax/frax-cvx-platform-2f8573ee796daa022c1050b4a749bf08049c439b::StakingProxyUniV3,i:lockAdditional,lockAdditional,transfer,positions12,3c4cae5de10a77e21fa94e0c4962bd634a0a91083eb796f8478594517ab76cc6,1
SYNTH_REENTRANCY::01220::SyntheticReentrancy01220,SyntheticReentrancy01220,i:claim1220,claim,train,DAPP::DAppSCAN-source/contracts/PeckShield-CryptoHeroes/cryptoheroes-6cb0eaf8c88fdaab89d2b4c83535a189c7793001::CryptoHeroesUniverse,i:deposit,deposit,call,balances13,9bf9de4bc2185e4b99dbacf4fd444b4cebc2672f865d269e5971c7444dbf9865,1
SYNTH_REENTRANCY::01221::SyntheticReentrancy01221,SyntheticReentrancy01221,i:settle1221,settle,train,DAPP::DAppSCAN-source/contracts/Chainsecurity-Angle Protocol/angle-core-46e6d32837cbe97a4af0adb693e63afa0d01fc3e::PerpetualManagerFront,i:openPerpetual,openPerpetual,transfer,credits14,23b6a6442432bd5b214397ed7ce70d2e3a03aa425cfc0289d0828a377011730f,1
SYNTH_REENTRANCY::01222::SyntheticReentrancy01222,SyntheticReentrancy01222,i:collect1222,collect,train,DAPP::DAppSCAN-source/contracts/PeckShield-Hegic(v8888)/Hegic-v8888-2dcd44dc1ae07881e94d52fa618f9704bfd4ffda::HegicPool,i:provideFrom,provideFrom,send,pendingRewards15,b4a3b1d07018f13a554b6b80069d1af1b9008220583b2d709bd522ae4ad60b6c,1
SYNTH_REENTRANCY::01223::SyntheticReentrancy01223,SyntheticReentrancy01223,i:harvest1223,harvest,train,FORGE::vfp_00174::P2pResolvProxy,i:withdrawRESOLV,withdrawRESOLV,safeTransfer,withdrawalRequests16,b93314fd65a4f211835c94932e067b7f32ab5b35743f8d5027bf0163a4c0f666,1
SYNTH_REENTRANCY::01224::SyntheticReentrancy01224,SyntheticReentrancy01224,i:withdraw1224,withdraw,train,DAPP::DAppSCAN-source/contracts/QuillAudits-Bond Appetit-Bond Appetit/bondappetit-protocol-355180f0aca0b29d60d808f761052956b7a3a159::ProfitSplitter,i:_payToRecipients,_payToRecipients,transfer,shares0,dd040282b683c72896d7570845fa416c8669f70cb1dc7f865633891b3b5dae6f,1
SYNTH_REENTRANCY::01225::SyntheticReentrancy01225,SyntheticReentrancy01225,i:claimReward1225,claimReward,train,FORGE::vfp_00209::StakingManager,i:stake,stake,call,stakes1,c034e101086fc825dba5fd214c4c121961741bc87c6e04ff0b652dd5871c91fb,1
SYNTH_REENTRANCY::01226::SyntheticReentrancy01226,SyntheticReentrancy01226,i:refund1226,refund,test,DAPP::DAppSCAN-source/contracts/Solidity_Finance-OKLG - Smart Contract/contracts-e167d0d742d21bcc62d7a5b770a1f0ed1cf31eca::MTGYTokenLocker,i:withdrawLockedTokens,withdrawLockedTokens,transfer,claims2,dba0419ca29586c1e605609f2a0a5ce4ca4b7fdcaad97446ad829adb2801840f,1
SYNTH_REENTRANCY::01227::SyntheticReentrancy01227,SyntheticReentrancy01227,i:unstake1227,unstake,val,DAPP::DAppSCAN-source/contracts/consensys-DeFi_Saver/defisaver-v3-contracts-cb29669a84c2d6fffaf2231c0938eb407c060919::FLAaveV2,i:executeOperation,executeOperation,send,escrowed3,d36ace4fb5b11a7bc70135a256cf5440bf452e9d5b3cc5c8a405702c3749bf3d,1
SYNTH_REENTRANCY::01228::SyntheticReentrancy01228,SyntheticReentrancy01228,i:redeem1228,redeem,train,DAPP::DAppSCAN-source/contracts/Iosiro-1inch Exchange Staking Rewards Smart Contract Audit/liquidity-protocol-c9c8bc600e8e7897f70f84b006de601d4f4bcbe3::BaseRewards,i:getReward,getReward,safeTransfer,payouts4,5572d0d4c25a8de4b75ecc4283e4f9dda10e8ec04b7a64c12a5cda39233303e9,1
SYNTH_REENTRANCY::01229::SyntheticReentrancy01229,SyntheticReentrancy01229,i:payout1229,payout,train,FORGE::vfp_00102::StopLimit,i:modifyOrder,modifyOrder,transfer,positions5,52a5a6b21e30107d5561085d2289e07b3c33abb5005b46a3cc8e52d71570b1d9,1
SYNTH_REENTRANCY::01230::SyntheticReentrancy01230,SyntheticReentrancy01230,i:release1230,release,val,FORGE::vfp_00001::AgentImageService,i:requestImage,requestImage,call,balances6,d63c45d6fbdf525c7418963d405f1d05675a43f9c26a7161b356ae866073aa39,1
SYNTH_REENTRANCY::01231::SyntheticReentrancy01231,SyntheticReentrancy01231,i:exit1231,exit,train,FORGE::vfp_00189::Box,i:deallocate,deallocate,transfer,credits7,18bea7915731cbca56774fd7a75b0431085dc71cdf31665a080e3c694288c410,1
SYNTH_REENTRANCY::01232::SyntheticReentrancy01232,SyntheticReentrancy01232,i:claim1232,claim,val,DAPP::DAppSCAN-source/contracts/QuillAudits-GearBox Protocol-GearBox Protocol/gearbox-contracts-0ac33ba87212ce056ac6b6357ad74161d417158a::UniswapV3Adapter,i:exactInput,exactInput,send,pendingRewards8,28095a3bd0458c560a088b8f92712fdf30ad8823351801d7a905d25735498373,1
SYNTH_REENTRANCY::01233::SyntheticReentrancy01233,SyntheticReentrancy01233,i:settle1233,settle,train,DAPP::DAppSCAN-source/contracts/PeckShield-StackerVC/StackerVC_VentureFund001-3cfb98b21f4731dfd62993feb7c7d1540837f59b::LPGauge,i:deposit,deposit,safeTransfer,withdrawalRequests9,dba8461f8315fdaf350a68e611d78429e777f98101a138bfe1eeb2426e4ac008,1
SYNTH_REENTRANCY::01234::SyntheticReentrancy01234,SyntheticReentrancy01234,i:collect1234,collect,train,DAPP::DAppSCAN-source/contracts/consensys-Aave_Protocol_V2/aave-protocol-v2-f756f44a8d6a328cd545335e46e7128939db88c4::LendingPool,i:deposit,deposit,transfer,shares10,e3d1d7b1100746148681056d0fe4e95726e71dc1b7d9476b4a72003d4c662c7c,1
SYNTH_REENTRANCY::01235::SyntheticReentrancy01235,SyntheticReentrancy01235,i:harvest1235,harvest,test,DAPP::DAppSCAN-source/contracts/Trail_of_Bits-Liquity/dev-f0df3efa5a5f05b205752184cfce107c5bd6e06c::BorrowerOperations,i:_moveTokensAndETHfromAdjustment,_moveTokensAndETHfromAdjustment,call,stakes11,bdbe0b855d986ed21ce2a905eb608935acc046fe0c6448efda88127b5ec8abb6,1
SYNTH_REENTRANCY::01236::SyntheticReentrancy01236,SyntheticReentrancy01236,i:withdraw1236,withdraw,train,DAPP::DAppSCAN-source/contracts/Coinbae-Hakka_Finance_wHakka/code::wHakka,i:stake,stake,transfer,claims12,5c0fee8c5404c763c077d64bb02f7a79a16c30f473eecd12d518fc1a9b7abbb5,1
SYNTH_REENTRANCY::01237::SyntheticReentrancy01237,SyntheticReentrancy01237,i:claimReward1237,claimReward,train,DAPP::DAppSCAN-source/contracts/consensys-Idle_Finance/idle-tranches-d94ee7194e8cb17db13b16c338f3e780b62f5435::IdleCDO,i:_deposit,_deposit,send,escrowed13,07373cf383b649ec85f5af89413f67edf1c2b0e0312aa34c2b233060e1a8ef3f,1
SYNTH_REENTRANCY::01238::SyntheticReentrancy01238,SyntheticReentrancy01238,i:refund1238,refund,test,DAPP::DAppSCAN-source/contracts/PepperSec-Aira-Robonomic/robonomics_contracts-cc35a91de187072214d215262d8371f0159c2498::RobotLiabilityLib,i:finalize,finalize,safeTransfer,payouts14,68cd820c65aff4915b30c80a548f013de5b4dfb136d532b85e5beec4cb54df0a,1
SYNTH_REENTRANCY::01239::SyntheticReentrancy01239,SyntheticReentrancy01239,i:unstake1239,unstake,train,DAPP::DAppSCAN-source/contracts/Chainsulting-Furucombo-project2/trevi-b3f7fd332873321152db48c9d43fc23a60a29f1a::FountainBase,i:_depositAngel,_depositAngel,transfer,positions15,9500cf38a5a8cf284167c5d4372150603557e8ebbcc8c2c009a7c97f6a3d5db0,1
SYNTH_REENTRANCY::01240::SyntheticReentrancy01240,SyntheticReentrancy01240,i:redeem1240,redeem,train,FORGE::vfp_00096::MarketConfigurator,i:_migrateFactoryTargets,_migrateFactoryTargets,call,balances16,a663e7b9ddfe78c8497358f8ad7ea3280da0ce3aa062cb54314e8f4b98577912,1
SYNTH_REENTRANCY::01241::SyntheticReentrancy01241,SyntheticReentrancy01241,i:payout1241,payout,train,DAPP::DAppSCAN-source/contracts/PeckShield-Buffer/code::BufferBNBOptions,i:create,create,transfer,credits0,dffdd12b296ef4c23f89d14ebe490a13dd2a6ace1006bd6341e90c3302047eb6,1
SYNTH_REENTRANCY::01242::SyntheticReentrancy01242,SyntheticReentrancy01242,i:release1242,release,train,DAPP::DAppSCAN-source/contracts/consensys-Skyweaver/Skyweaver-contracts-bde0c184db6168bf86656a48b12d5747950b54d9::EternalHeroesFactory,i:_buy,_buy,send,pendingRewards1,c7c627c961da8cd690f1af2b27412f9d878c086b00d7eb5847e1d905363b4879,1
SYNTH_REENTRANCY::01243::SyntheticReentrancy01243,SyntheticReentrancy01243,i:exit1243,exit,train,DAPP::DAppSCAN-source/contracts/consensys-Aave_Protocol_V2/aave-protocol-v2-f756f44a8d6a328cd545335e46e7128939db88c4::LendingPool,i:flashLoan,flashLoan,safeTransfer,withdrawalRequests2,8b0cd898637f86d5dceb9793cfbb70a5c98f5d4f62ee22d6f3cf5b575b5171e4,1
SYNTH_REENTRANCY::01244::SyntheticReentrancy01244,SyntheticReentrancy01244,i:claim1244,claim,train,DAPP::DAppSCAN-source/contracts/Coinbae-Barnbridge_Vault/CommunityVault0xA3C299eEE1998F45c20010276684921EBE6423D9::CommunityVault,i:setAllowance,setAllowance,transfer,shares3,862d4fa33ead684985ae9ed57be5ca8bce5acd6588aa2f80f1aa8297a91a3c93,1
SYNTH_REENTRANCY::01245::SyntheticReentrancy01245,SyntheticReentrancy01245,i:settle1245,settle,train,DAPP::DAppSCAN-source/contracts/Trail_of_Bits-MapleFinance/liquidations-35c628e5ab45fbffaab7aef43a030a98b712a94a::Liquidator,i:liquidatePortion,liquidatePortion,call,stakes4,1128a1fc84ec59a1c60b5b7cde6a2e48650f2f08ab48c553ae5c079440def31f,1
SYNTH_REENTRANCY::01246::SyntheticReentrancy01246,SyntheticReentrancy01246,i:collect1246,collect,test,DAPP::DAppSCAN-source/contracts/consensys-GrowthDeFi WHEAT/wheat-v1-core-8360ac0a537589bb974e8a5a169bb3e7c95d2857::Exchange,i:convertFundsFromInput,convertFundsFromInput,transfer,claims5,b5aedf8f2b0e8661682026f81a246155aefdfb8a245152c3d0b8eae40cbbb779,1
SYNTH_REENTRANCY::01247::SyntheticReentrancy01247,SyntheticReentrancy01247,i:harvest1247,harvest,test,DAPP::DAppSCAN-source/contracts/ImmuneBytes-Bird Money(MasterChef)-Audit Report/bird-farm-contracts-dfd2502b73c8f54c9081682c3eb070fcd3c00629::MasterChef,i:emergencyWithdraw,emergencyWithdraw,send,escrowed6,eecb1d46d9b9b2f1e3a0253b8798ccd5dd9da820dc00c533a51be0e343fe99c5,1
SYNTH_REENTRANCY::01248::SyntheticReentrancy01248,SyntheticReentrancy01248,i:withdraw1248,withdraw,train,"DAPP::DAppSCAN-source/contracts/Inspex-Tokens, Farm & Shop/-SpeedStar-Audit-3e39d7acf9c1aa9f3a5511c161c2035ba7d6bc1f::Staking",i:depositStable,depositStable,safeTransfer,payouts7,0cca8f4189650bb89dbda1aa92550787ab1a33059cba0f7f4d8940a06b2d323e,1
SYNTH_REENTRANCY::01249::SyntheticReentrancy01249,SyntheticReentrancy01249,i:claimReward1249,claimReward,train,FORGE::vfp_00125::Aori,i:cancel,cancel,transfer,positions8,19d5e71fd7c63bccc89537c2eeb00716e5534f69cc28e1b120878b5845cf1e1f,1
SYNTH_REENTRANCY::01250::SyntheticReentrancy01250,SyntheticReentrancy01250,i:refund1250,refund,train,DAPP::DAppSCAN-source/contracts/Coinbae-Hakka_Finance_wHakka/code::wHakka,i:unstake,unstake,call,balances9,ad655d18e4626f15eff597821b56481be51e5e3ed69841fc48764d4fb7db8709,1
SYNTH_REENTRANCY::01251::SyntheticReentrancy01251,SyntheticReentrancy01251,i:unstake1251,unstake,train,DAPP::DAppSCAN-source/contracts/Chainsulting-Furucombo-project2/trevi-b3f7fd332873321152db48c9d43fc23a60a29f1a::FountainBase,i:_withdrawAngel,_withdrawAngel,transfer,credits10,ed692e292752e8b8029a18b530a4057a45fbc2a74a55999e41c23feb86168960,1
SYNTH_REENTRANCY::01252::SyntheticReentrancy01252,SyntheticReentrancy01252,i:redeem1252,redeem,test,FORGE::vfp_00260::Router_Adapter,i:relayTokens,relayTokens,send,pendingRewards11,027494f2a7082d8fe3d01c2b01f7aa42cd13b4eef1372e40ad7592ded748964e,1
SYNTH_REENTRANCY::01253::SyntheticReentrancy01253,SyntheticReentrancy01253,i:payout1253,payout,train,FORGE::vfp_00215::ScrollChainValidium,i:_finalizeBundle,_finalizeBundle,safeTransfer,withdrawalRequests12,5a71a0f3240f37c787dd1493a6b08872878156ae9a315f5d11907f1c9c1cb227,1
SYNTH_REENTRANCY::01254::SyntheticReentrancy01254,SyntheticReentrancy01254,i:release1254,release,train,DAPP::DAppSCAN-source/contracts/PeckShield-PlutosV1/plutos-eth-contract-0777815::PMintBurn,i:deposit,deposit,transfer,shares13,4e00039b9d66ecf833e9d4312310e039ef4d063c00f181631afefc170c07bb99,1
SYNTH_REENTRANCY::01255::SyntheticReentrancy01255,SyntheticReentrancy01255,i:exit1255,exit,val,DAPP::DAppSCAN-source/contracts/QuillAudits-GearBox Protocol-GearBox Protocol/gearbox-contracts-0ac33ba87212ce056ac6b6357ad74161d417158a::UniswapV3Adapter,i:exactOutputSingle,exactOutputSingle,call,stakes14,dc203251d0d6f99d025b773153e22574c269368b10185b27b75160e8be19e571,1
SYNTH_REENTRANCY::01256::SyntheticReentrancy01256,SyntheticReentrancy01256,i:claim1256,claim,train,DAPP::DAppSCAN-source/contracts/SlowMist-CFFv2 Smart Contract Security Audit Report/cff-contract-v2-c86bef3f13c7585f547f9cd0ca900f94664e96b7::CFVaultV2,i:withdraw,withdraw,transfer,claims15,50f794a94247d8ab40c91962677457dd891e4b311bbd0dcfb442fde94d35b0f9,1
SYNTH_REENTRANCY::01257::SyntheticReentrancy01257,SyntheticReentrancy01257,i:settle1257,settle,train,FORGE::vfp_00221::LimitOrderHook,i:_afterSwap,_afterSwap,send,escrowed16,584903eb8d7f3ca55e002500000dd0abb13f4b61ab3b5cfd80ec3790381917e0,1
SYNTH_REENTRANCY::01258::SyntheticReentrancy01258,SyntheticReentrancy01258,i:collect1258,collect,val,DAPP::DAppSCAN-source/contracts/SlowMist-Starcrazy Smart Contract Security Audit Report/starcrazy-contracts-e9e11d234ac065726e108a73dfcd5efbad26f2c5::GFSBonus,i:withdraw,withdraw,safeTransfer,payouts0,5f20843aea138380fa1a27989830af6046ce0b98e4030b6be162de41d4b0c6b8,1
SYNTH_REENTRANCY::01259::SyntheticReentrancy01259,SyntheticReentrancy01259,i:harvest1259,harvest,train,DAPP::DAppSCAN-source/contracts/Coinfabrik-Woonkly Security Audit (DEX STAKE)/STAKESmartContractPreRelease-main::WOOPStake,i:processReward,processReward,transfer,positions1,13665d17a7052518258499c4c717bc5ad3249af2c1dc9e7b9ba565be4e5d7672,1
SYNTH_REENTRANCY::01260::SyntheticReentrancy01260,SyntheticReentrancy01260,i:withdraw1260,withdraw,train,DAPP::DAppSCAN-source/contracts/Iosiro-SNX FlashBurn Smart Contract Audit/flashburn-3aa02a3d63d9e0110a5b6669a4a4011ceee3cf2b::SNXFlashLoanTool,i:swap,swap,call,balances2,f5ad321404c63747dd5350a7f10d9362a8d39aafa124acf626545e11ab4ab8d0,1
SYNTH_REENTRANCY::01261::SyntheticReentrancy01261,SyntheticReentrancy01261,i:claimReward1261,claimReward,train,FORGE::vfp_00174::P2pResolvProxy,i:initiateWithdrawalRESOLVAccruedRewards,initiateWithdrawalRESOLVAccruedRewards,transfer,credits3,67b88f5e9d66b60372d39bea3d64d02cc22f08e869914342b92e02dbf201da0d,1
SYNTH_REENTRANCY::01262::SyntheticReentrancy01262,SyntheticReentrancy01262,i:refund1262,refund,train,DAPP::DAppSCAN-source/contracts/consensys-Gamma/hypervisor-41fd4abf79864478523e87924d4e80d80df04879::UniProxy,i:deposit,deposit,send,pendingRewards4,69a878928437d204a36a4928904b08aa72b1234a7dd4f02f4bcdd0efea1e13fd,1
SYNTH_REENTRANCY::01263::SyntheticReentrancy01263,SyntheticReentrancy01263,i:unstake1263,unstake,train,FORGE::vfp_00175::P2pYieldProxy,i:_withdraw,_withdraw,safeTransfer,withdrawalRequests5,5583c5f069bf78111129d0e62abe256a2556f2e610c266209bc280d8d67b6ff4,1
SYNTH_REENTRANCY::01264::SyntheticReentrancy01264,SyntheticReentrancy01264,i:redeem1264,redeem,val,FORGE::vfp_00001::AgentImageService,i:requestRefund,requestRefund,transfer,shares6,bed42d75d389969d714b606b50f94f2d0f0c44bdedc72876621b1ee9c170f7b5,1
SYNTH_REENTRANCY::01265::SyntheticReentrancy01265,SyntheticReentrancy01265,i:payout1265,payout,val,DAPP::DAppSCAN-source/contracts/SlowMist-Starcrazy Smart Contract Security Audit Report/starcrazy-contracts-e9e11d234ac065726e108a73dfcd5efbad26f2c5::Auction,i:setGeneScienceAddress,setGeneScienceAddress,call,stakes7,c2d68cb9d86563e8b0ce478a37e1e33aa9b9789380a4a01bbda5cff396b0d872,1
SYNTH_REENTRANCY::01266::SyntheticReentrancy01266,SyntheticReentrancy01266,i:release1266,release,train,DAPP::DAppSCAN-source/contracts/QuillAudits-1inch-Limit Order Protocol/limit-order-protocol-a14bde6a260458de5083cee117d734221e1cbc05::LimitOrderProtocol,i:fillOrderTo,fillOrderTo,transfer,claims8,3a52ce6a4d6f6fa7d3a94275ac29d5da193f6e2f33ffea1eb0ee2faec6553f40,1
SYNTH_REENTRANCY::01267::SyntheticReentrancy01267,SyntheticReentrancy01267,i:exit1267,exit,val,DAPP::DAppSCAN-source/contracts/QuillAudits-Yearn Finance-Yearn Vaults V3/yearn-vaults-e390c2a6b2ba6e2ecc8f3a72a1ea4adfabd17544::yWETH,i:withdrawETH,withdrawETH,send,escrowed9,f74f80d06ec32934b8917e816c4886e92c5a51b8a282c4e01f07c2809e82fcfa,1
SYNTH_REENTRANCY::01268::SyntheticReentrancy01268,SyntheticReentrancy01268,i:claim1268,claim,train,DAPP::DAppSCAN-source/contracts/PeckShield-BNPL/BNPL-0ee587a081668dcab166a3a275b8a6c4794ead4d::BankingNode,i:unstake,unstake,safeTransfer,payouts10,1980680dff039008ab27db1bda1c46a8fd0bac4ffe28eacd8b8a3a16d587f6ba,1
SYNTH_REENTRANCY::01269::SyntheticReentrancy01269,SyntheticReentrancy01269,i:settle1269,settle,train,FORGE::vfp_00032::CurveConvexLib,i:unstakeAndExitPool,unstakeAndExitPool,transfer,positions11,ec3e917973d03aff5d76f4a16ce03051e762b1fe2b536b3169c8e5b36afb0971,1
SYNTH_REENTRANCY::01270::SyntheticReentrancy01270,SyntheticReentrancy01270,i:collect1270,collect,train,FORGE::vfp_00045::PDPVerifier,i:nextProvingPeriod,nextProvingPeriod,call,balances12,18fae787c9bf5acf93c22facbb49006ce9fee262a24ede3ed7c87109a1ec1e31,1
SYNTH_REENTRANCY::01271::SyntheticReentrancy01271,SyntheticReentrancy01271,i:harvest1271,harvest,train,FORGE::vfp_00234::mErc20Host,i:_verifyProof,_verifyProof,transfer,credits13,70c89e15ca8e06893181baa58fe69a85bdc76ca69510efd2bcc6c6a60a62643d,1
SYNTH_REENTRANCY::01272::SyntheticReentrancy01272,SyntheticReentrancy01272,i:withdraw1272,withdraw,train,DAPP::DAppSCAN-source/contracts/Coinbae-Pud.Fi Masterchef_Audit/MasterChef0x15Bee180BB39eE5c0166E63313C33984376930Db::MasterChef,i:emergencyWithdraw,emergencyWithdraw,send,pendingRewards14,3fc6d6beaa611229b0accb51ada0b2f0984f11b7a3925e18f045a76ef92f2af4,1
SYNTH_REENTRANCY::01273::SyntheticReentrancy01273,SyntheticReentrancy01273,i:claimReward1273,claimReward,train,DAPP::DAppSCAN-source/contracts/PeckShield-Arche/Arche_v1.0_Eros-909f35e0064d636aaf61954a6026fda7b2bade7f::D_Swap,i:Impl_Delivery,Impl_Delivery,safeTransfer,withdrawalRequests15,73aef92bf8824ee63fc79babfe91d0741275a8501b9ffbaefa747aaa9046d886,1
SYNTH_REENTRANCY::01274::SyntheticReentrancy01274,SyntheticReentrancy01274,i:refund1274,refund,val,DAPP::DAppSCAN-source/contracts/QuillAudits-GearBox Protocol-GearBox Protocol/gearbox-contracts-0ac33ba87212ce056ac6b6357ad74161d417158a::UniswapV2Adapter,i:swapExactTokensForTokens,swapExactTokensForTokens,transfer,shares16,a40998c24434394c411b264d131dada3dae98dd1fb996b417f40efc9ba0e2c42,1
SYNTH_REENTRANCY::01275::SyntheticReentrancy01275,SyntheticReentrancy01275,i:unstake1275,unstake,train,DAPP::DAppSCAN-source/contracts/consensys-PoolTogether_Pods/pods-v3-contracts-879dc8b911fc506dd6bead1f36eade919ccfea57::TokenDrop,i:claim,claim,call,stakes0,9376eda81944bd75300f5baaec3e3e31537ba14253bc37a370dac21a6b02c4f2,1
SYNTH_REENTRANCY::01276::SyntheticReentrancy01276,SyntheticReentrancy01276,i:redeem1276,redeem,train,DAPP::DAppSCAN-source/contracts/QuillAudits-Algovest/AlgoVestStaking0x090e69e7F48AFC059e480F297042DEA396B971e7::AlgoVestStaking,i:AVSTokenDonation,AVSTokenDonation,transfer,claims1,4f987724529b018ab18afc0c29d1f27a3e0a934e6ae1ee66a9b8f58e7baab6ab,1
SYNTH_REENTRANCY::01277::SyntheticReentrancy01277,SyntheticReentrancy01277,i:payout1277,payout,train,DAPP::DAppSCAN-source/contracts/PeckShield-DSG/core-6f607f77698936e132e4e9b5cb4d75580636d919::NftEarnErc20Pool,i:slotStake,slotStake,send,escrowed2,23c5b0dd32729b5d8a2d048b5b5cd14afc4639de395281d4356119879dadef94,1
SYNTH_REENTRANCY::01278::SyntheticReentrancy01278,SyntheticReentrancy01278,i:release1278,release,val,DAPP::DAppSCAN-source/contracts/SlowMist-Starcrazy Smart Contract Security Audit Report/starcrazy-contracts-e9e11d234ac065726e108a73dfcd5efbad26f2c5::Aliana,i:setGeneScienceAddress,setGeneScienceAddress,safeTransfer,payouts3,dd98757de0a65d1fe8f322b4b71889df751c265be7a90a4cb22fce96b47fa38b,1
SYNTH_REENTRANCY::01279::SyntheticReentrancy01279,SyntheticReentrancy01279,i:exit1279,exit,train,DAPP::DAppSCAN-source/contracts/Hacken-Ground Zero/code::IDO,i:claim,claim,transfer,positions4,9455d80ce7c35c7120e1d129c7da34a47d660cba92207247cef797d8795fb96b,1
SYNTH_REENTRANCY::01280::SyntheticReentrancy01280,SyntheticReentrancy01280,i:claim1280,claim,train,FORGE::vfp_00189::Box,i:allocate,allocate,call,balances5,8a097f726e0fb45408b7298afd187537d3144697c3926c3a4c7f726e37b2b126,1
SYNTH_REENTRANCY::01281::SyntheticReentrancy01281,SyntheticReentrancy01281,i:settle1281,settle,train,FORGE::vfp_00116::L1Mailbox,i:getMsg,getMsg,transfer,credits6,9ac9f41bd65f49f1170b08d2d8c6167e856e2abc0480f2f658c8637d46950d3a,1
SYNTH_REENTRANCY::01282::SyntheticReentrancy01282,SyntheticReentrancy01282,i:collect1282,collect,train,DAPP::DAppSCAN-source/contracts/consensys-PoolTogether_Pods/pods-v3-contracts-879dc8b911fc506dd6bead1f36eade919ccfea57::Pod,i:depositTo,depositTo,send,pendingRewards7,e525420bd81f867ea0a2f62fbfd55ae4ad013316799ef549b36c3b2fb888ffd8,1
SYNTH_REENTRANCY::01283::SyntheticReentrancy01283,SyntheticReentrancy01283,i:harvest1283,harvest,test,FORGE::vfp_00058::LikwidMarginPosition,i:_margin,_margin,safeTransfer,withdrawalRequests8,bc34f2335ec334b7dcdd9fffb271674ac1f0bd98d816d96f858190abb85fc509,1
SYNTH_REENTRANCY::01284::SyntheticReentrancy01284,SyntheticReentrancy01284,i:withdraw1284,withdraw,train,DAPP::DAppSCAN-source/contracts/PeckShield-BNPL/BNPL-0ee587a081668dcab166a3a275b8a6c4794ead4d::BankingNode,i:collectFees,collectFees,transfer,shares9,11b045ec99778120ec03fa3086e2d684ff564d0d0546fc0e4ff6cc704ed0896f,1
SYNTH_REENTRANCY::01285::SyntheticReentrancy01285,SyntheticReentrancy01285,i:claimReward1285,claimReward,train,FORGE::vfp_00190::BoxAdapterCached,i:updateTotalAssets,updateTotalAssets,call,stakes10,c07437b97ccd95d2783ff6ecee058e0e9c7ad94e4778644be913a8140300d26a,1
SYNTH_REENTRANCY::01286::SyntheticReentrancy01286,SyntheticReentrancy01286,i:refund1286,refund,val,DAPP::DAppSCAN-source/contracts/QuillAudits-GearBox Protocol-GearBox Protocol/gearbox-contracts-0ac33ba87212ce056ac6b6357ad74161d417158a::WETHGateway,i:repayCreditAccountETH,repayCreditAccountETH,transfer,claims11,6b888762970a2b10c33a977807d6bec471800a5b168674c677491343b81fc963,1
SYNTH_REENTRANCY::01287::SyntheticReentrancy01287,SyntheticReentrancy01287,i:unstake1287,unstake,train,FORGE::vfp_00221::LimitOrderHook,i:_handleCancelCallback,_handleCancelCallback,send,escrowed12,816f9126affa18757ee42cc4f3c3bb9610f3b4a56d76e7b37b6bd2d8910dd386,1
SYNTH_REENTRANCY::01288::SyntheticReentrancy01288,SyntheticReentrancy01288,i:redeem1288,redeem,train,DAPP::DAppSCAN-source/contracts/PeckShield-COIN98/code::C98MSiG,i:vote,vote,safeTransfer,payouts13,0c21e6aa55d900537543978d9473a19351ee59139c829048356e17ebc4259511,1
SYNTH_REENTRANCY::01289::SyntheticReentrancy01289,SyntheticReentrancy01289,i:payout1289,payout,val,FORGE::vfp_00289::BasketToken,i:proRataRedeem,proRataRedeem,transfer,positions14,a61b21179099b0fe329466296b189f0a662fcc3e6bd38a5073c289623c9f9bfe,1
SYNTH_REENTRANCY::01290::SyntheticReentrancy01290,SyntheticReentrancy01290,i:release1290,release,train,DAPP::DAppSCAN-source/contracts/QuillAudits-Yearn Finance-Yearn Protocol V1/yearn-protocol-9ff0dc0ea73642c529383d0675930a41bf033295::yWETH,i:withdrawETH,withdrawETH,call,balances15,02379c5d301014baa9492ae8413fdef86a328efbcc1b3dcf6e9d08dd740e5047,1
SYNTH_REENTRANCY::01291::SyntheticReentrancy01291,SyntheticReentrancy01291,i:exit1291,exit,test,"DAPP::DAppSCAN-source/contracts/Coinfabrik-MintingFactoryV2, BaseUpgradableMarketplace & KODAV3UpgradableGatedMarketplace/known-origin-contracts-v3-d592c5f4fa4e0b6fc65a1fce43e302706aedf607::MintingFactoryV2",i:mintBatchEdition,mintBatchEdition,transfer,credits16,87c3c6f15917d53f4ab7b758d3e7530e58445121aee9a6b2785c21c663ffa255,1
SYNTH_REENTRANCY::01292::SyntheticReentrancy01292,SyntheticReentrancy01292,i:claim1292,claim,train,DAPP::DAppSCAN-source/contracts/Coinbae-Pud.Fi Masterchef_Audit/MasterChef0x15Bee180BB39eE5c0166E63313C33984376930Db::MasterChef,i:safePudTransfer,safePudTransfer,send,pendingRewards0,c4ede94533348189870588f83875148dd5675c8cdb9999b8a7c9fdd5a4846b4d,1
SYNTH_REENTRANCY::01293::SyntheticReentrancy01293,SyntheticReentrancy01293,i:settle1293,settle,train,DAPP::DAppSCAN-source/contracts/Coinbae-TapCoins_Token_Contract/code::UpgradeableToken,i:setUpgradeAgent,setUpgradeAgent,safeTransfer,withdrawalRequests1,6725b73b89910d92a645980ea0bf29f55dba7f9ff5672ec8a389fa4c48d337b0,1
SYNTH_REENTRANCY::01294::SyntheticReentrancy01294,SyntheticReentrancy01294,i:collect1294,collect,train,DAPP::DAppSCAN-source/contracts/consensys-PoolTogether_Sushi_and_Yearn_V2_Yield_Sources/pooltogether-yearnv2-yield-source-a34857f1555908a6263d2ebd189f0cb40e1858da::YearnV2YieldSource,i:supplyTokenTo,supplyTokenTo,transfer,shares2,b6d82afb65e55ab76174381c9c5a25ec8d10ff0cc80bfc34f7bbcae6d5f662b8,1
SYNTH_REENTRANCY::01295::SyntheticReentrancy01295,SyntheticReentrancy01295,i:harvest1295,harvest,train,FORGE::vfp_00189::Box,i:reallocate,reallocate,call,stakes3,2508a2beb0662a880a36ae48cd9060e944dec6c03e2d3ac56f4961e13a9ce9c5,1
SYNTH_REENTRANCY::01296::SyntheticReentrancy01296,SyntheticReentrancy01296,i:withdraw1296,withdraw,train,DAPP::DAppSCAN-source/contracts/openzeppelin-Endaoment/endaoment-contracts-f60aa253d3d869ad6460877f23e6092acb313add::Fund,i:finalizeGrant,finalizeGrant,transfer,claims4,7ad689b4495be8aea3f1856e66828caf56a19ba47fc735c898b6e815d6ea54f9,1
SYNTH_REENTRANCY::01297::SyntheticReentrancy01297,SyntheticReentrancy01297,i:claimReward1297,claimReward,train,DAPP::DAppSCAN-source/contracts/PeckShield-KaoyaSwap/contracts-8273073f1d6914f372790399378f177573c52e37::MasterChef,i:deposit,deposit,send,escrowed5,7b0c119638352adf1859ff28d161673574a554905956b1dfd27bac72aa255beb,1
SYNTH_REENTRANCY::01298::SyntheticReentrancy01298,SyntheticReentrancy01298,i:refund1298,refund,train,DAPP::DAppSCAN-source/contracts/QuillAudits-BCUBE Smart Contract/b-cube-ico-13f9f8a991a65f3e0ca60a2078121fdd5a921fb0::BCubePublicSale,i:buyBcubeUsingUSDT,buyBcubeUsingUSDT,safeTransfer,payouts6,7e6aefc374f80c309bd177847345e52df47abcf7dbe9e5ad4aba14747ca67347,1
SYNTH_REENTRANCY::01299::SyntheticReentrancy01299,SyntheticReentrancy01299,i:unstake1299,unstake,test,FORGE::vfp_00288::DelegationMetaSwapAdapter,i:swapTokens,swapTokens,transfer,positions7,82f8fd5e19979602c4406bbe851375ddccb9fad711dd5219333714854304927d,1
SYNTH_REENTRANCY::01300::SyntheticReentrancy01300,SyntheticReentrancy01300,i:redeem1300,redeem,test,FORGE::vfp_00260::Router_Adapter,i:relayMessage,relayMessage,call,balances8,2a703deefb5bd435d53d68a6a444e84e2a1f8d7c4f9922c847a8671e9c02c7eb,1
SYNTH_REENTRANCY::01301::SyntheticReentrancy01301,SyntheticReentrancy01301,i:payout1301,payout,train,FORGE::vfp_00189::Box,i:flash,flash,transfer,credits9,0abefb1a86b7e4d55f63c3646b8413dbc488324bb528b78f2cea1a50d2f883a7,1
SYNTH_REENTRANCY::01302::SyntheticReentrancy01302,SyntheticReentrancy01302,i:release1302,release,val,DAPP::DAppSCAN-source/contracts/QuillAudits-GearBox Protocol-GearBox Protocol/gearbox-contracts-0ac33ba87212ce056ac6b6357ad74161d417158a::YearnAdapter,i:_deposit,_deposit,send,pendingRewards10,2bff499d685b315bd51e3379f5ced894dccc59858c303f8cfaae4af2016060c0,1
SYNTH_REENTRANCY::01303::SyntheticReentrancy01303,SyntheticReentrancy01303,i:exit1303,exit,test,DAPP::DAppSCAN-source/contracts/ImmuneBytes-Bird Money-Final Audit Report/bird-farm-contracts-dfd2502b73c8f54c9081682c3eb070fcd3c00629::MasterChef,i:withdraw,withdraw,safeTransfer,withdrawalRequests11,62d05e21f1947321c578bf4a447527d4697aa0b593c930104c8646099538a4c9,1
SYNTH_REENTRANCY::01304::SyntheticReentrancy01304,SyntheticReentrancy01304,i:claim1304,claim,train,DAPP::DAppSCAN-source/contracts/consensys-Gamma/hypervisor-41fd4abf79864478523e87924d4e80d80df04879::Hypervisor,i:withdraw,withdraw,transfer,shares12,c7731a0569ef2baecbfe848ac8b3104665ea9f23a95da1374671c94e26fde9e4,1
SYNTH_REENTRANCY::01305::SyntheticReentrancy01305,SyntheticReentrancy01305,i:settle1305,settle,val,DAPP::DAppSCAN-source/contracts/QuillAudits-GearBox Protocol-GearBox Protocol/gearbox-contracts-0ac33ba87212ce056ac6b6357ad74161d417158a::CurveV1Adapter,i:exchange,exchange,call,stakes13,273f08eb26a43de496023ce144c7ff0e17979a8511bbd2739ec97d786aa01a4f,1
SYNTH_REENTRANCY::01306::SyntheticReentrancy01306,SyntheticReentrancy01306,i:collect1306,collect,train,DAPP::DAppSCAN-source/contracts/Coinbae-Pud.Fi Masterchef_Audit/MasterChef0x15Bee180BB39eE5c0166E63313C33984376930Db::MasterChef,i:balance,balance,transfer,claims14,cadbb5a7a6cf677aa205eebb6b183acb42173b7384ba5a6112a4f9b0afffe6f8,1
SYNTH_REENTRANCY::01307::SyntheticReentrancy01307,SyntheticReentrancy01307,i:harvest1307,harvest,test,FORGE::vfp_00058::LikwidMarginPosition,i:modify,modify,send,escrowed15,d8a68fd5215c18727226f93f99a7810cd313a621f71dafae6aa3cf4511485ef9,1
SYNTH_REENTRANCY::01308::SyntheticReentrancy01308,SyntheticReentrancy01308,i:withdraw1308,withdraw,train,DAPP::DAppSCAN-source/contracts/PeckShield-BabySwap/code::HoldStake,i:addPool,addPool,safeTransfer,payouts16,3372f0e591445d2076738815f26799e3a257295a38264dd1de12d10cd73c242f,1
SYNTH_REENTRANCY::01309::SyntheticReentrancy01309,SyntheticReentrancy01309,i:claimReward1309,claimReward,train,DAPP::DAppSCAN-source/contracts/PeckShield-Holdefi/Holdefi-5a1e6e0d582120142e8a531f6806eba6665ef2f4::Holdefi,i:repayBorrowInternal,repayBorrowInternal,transfer,positions0,be9962625068b17a7c6e539baf02443e8c3dcaed8decb97ee5bb3bad3e699083,1
SYNTH_REENTRANCY::01310::SyntheticReentrancy01310,SyntheticReentrancy01310,i:refund1310,refund,val,DAPP::DAppSCAN-source/contracts/Trail_of_Bits-OriginDollar/origin-dollar-81431fd3b2aa4c518ffc389844f9708c00b516f0::VaultCore,i:rebase,rebase,call,balances1,18fdde243c62f4abdf3a8011dd225b46134803d2e9b7ecf51b874fd2fbb36654,1
SYNTH_REENTRANCY::01311::SyntheticReentrancy01311,SyntheticReentrancy01311,i:unstake1311,unstake,test,DAPP::DAppSCAN-source/contracts/PeckShield-DarkCrypto/darkcrypto-contracts-fee5be8d36459aebed2b84e6493875b3dc0366fd::SkyRewardPool,i:withdraw,withdraw,transfer,credits2,6cb2c0e2523fd2f97625c08abbf3b0b2deb8d2a53da2e0fa34352882dd003161,1
SYNTH_REENTRANCY::01312::SyntheticReentrancy01312,SyntheticReentrancy01312,i:redeem1312,redeem,train,DAPP::DAppSCAN-source/contracts/Hacken-Ground Zero/code::IDO,i:claimTheInvestments,claimTheInvestments,send,pendingRewards3,9f9d04a822d590ab7cbe2d8fa388f846901febfbf4ad4159d7c044242ef7c454,1
SYNTH_REENTRANCY::01313::SyntheticReentrancy01313,SyntheticReentrancy01313,i:payout1313,payout,val,DAPP::DAppSCAN-source/contracts/Runtime_Vеrification-ElementFinance/elf-contracts-637c6f959315cbb11a164555e588520c7d89122b::YVaultAssetProxy,i:reserveDeposit,reserveDeposit,safeTransfer,withdrawalRequests4,333228d0ad0f63786b9329e9afa0647c7443534bc8cc0743185a8eadd66f1fe6,1
SYNTH_REENTRANCY::01314::SyntheticReentrancy01314,SyntheticReentrancy01314,i:release1314,release,test,DAPP::DAppSCAN-source/contracts/ImmuneBytes-Bird Money(MasterChef)-Audit Report/bird-farm-contracts-dfd2502b73c8f54c9081682c3eb070fcd3c00629::MasterChef,i:deposit,deposit,transfer,shares5,89055b9f243b37836e05a8c92a82c23737800e990fa542171d6d05d7f17bf4d4,1
SYNTH_REENTRANCY::01315::SyntheticReentrancy01315,SyntheticReentrancy01315,i:exit1315,exit,train,DAPP::DAppSCAN-source/contracts/PeckShield-MilkySwap/milkyswap-59f163e9959cf8bae4a521a9648219b553312e07::MasterMilker,i:emergencyWithdraw,emergencyWithdraw,call,stakes6,6d53735d2ef25cfbab50a396c295526f0ccef94ba8b3c767fa54adad51670e23,1
SYNTH_REENTRANCY::01316::SyntheticReentrancy01316,SyntheticReentrancy01316,i:claim1316,claim,train,DAPP::DAppSCAN-source/contracts/Coinbae-Pud.Fi Masterchef_Audit/MasterChef0x15Bee180BB39eE5c0166E63313C33984376930Db::MasterChef,i:setPoolStrategy,setPoolStrategy,transfer,claims7,f472d3715c72679f93e7bd5fc929e7604148cc2ae2187f679c6a4c9531871e61,1
SYNTH_REENTRANCY::01317::SyntheticReentrancy01317,SyntheticReentrancy01317,i:settle1317,settle,train,DAPP::DAppSCAN-source/contracts/Runtime_Vеrification-Element_Finance_Governance_Security_Audit_Report/council-3d751c959b42573c78ccd0bccbc80424bf6d9a90::CoreVoting,i:execute,execute,send,escrowed8,262a09c9d33c08c91bc1092d903bce57a0c3604de023d81dc3b9b131e26a142b,1
SYNTH_REENTRANCY::01318::SyntheticReentrancy01318,SyntheticReentrancy01318,i:collect1318,collect,val,DAPP::DAppSCAN-source/contracts/QuillAudits-GearBox Protocol-GearBox Protocol/gearbox-contracts-0ac33ba87212ce056ac6b6357ad74161d417158a::WETHGateway,i:addLiquidityETH,addLiquidityETH,safeTransfer,payouts9,86181305b6f600a98e1a486c1aeb97f107f0013270ce51d365b8f90fc0f5fbbf,1
SYNTH_REENTRANCY::01319::SyntheticReentrancy01319,SyntheticReentrancy01319,i:harvest1319,harvest,train,DAPP::DAppSCAN-source/contracts/PeckShield-Atlantis/atlantis-protocol-bsc-766acebba9316eced1c15abf6158b31f470a947f::AToken,i:borrowFresh,borrowFresh,transfer,positions10,c3384d225605f1d5f8e0d2cb24b17772f9027b81289874e456a75843cf025486,1
SYNTH_REENTRANCY::01320::SyntheticReentrancy01320,SyntheticReentrancy01320,i:withdraw1320,withdraw,train,FORGE::vfp_00088::EnjoyoorsVaultWithdrawals,i:_claimWithdrawal,_claimWithdrawal,call,balances11,604233babfe78436920369e1d22fcc737f0d18d33027f5973ae34697cd5f59e7,1
SYNTH_REENTRANCY::01321::SyntheticReentrancy01321,SyntheticReentrancy01321,i:claimReward1321,claimReward,test,FORGE::vfp_00126::SpokePool,i:_setOftMessenger,_setOftMessenger,transfer,credits12,7118a19b612703676fbb65a110a716c53d2eaf471aca863b9c6935a614360075,1
SYNTH_REENTRANCY::01322::SyntheticReentrancy01322,SyntheticReentrancy01322,i:refund1322,refund,train,DAPP::DAppSCAN-source/contracts/QuillAudits-Yearn Finance-Yearn Protocol V1/yearn-protocol-9ff0dc0ea73642c529383d0675930a41bf033295::yDelegatedVault,i:claimInsurance,claimInsurance,send,pendingRewards13,2df867288f02aa1e125a386cd54e0e9b8c1c3a8d86c2aca3c9a20907d9537b9a,1
SYNTH_REENTRANCY::01323::SyntheticReentrancy01323,SyntheticReentrancy01323,i:unstake1323,unstake,train,DAPP::DAppSCAN-source/contracts/PeckShield-SushiSwap/sushiswap-180bc9b642bba79c1ee4a63f71a3a0d36e64aa63::MasterChef,i:withdraw,withdraw,safeTransfer,withdrawalRequests14,127ceb762188a7fa87daf5e2fb866b96d50745b1807b1b1430e361ce9cfc5cf4,1
SYNTH_REENTRANCY::01324::SyntheticReentrancy01324,SyntheticReentrancy01324,i:redeem1324,redeem,train,FORGE::vfp_00221::LimitOrderHook,i:_handlePlaceCallback,_handlePlaceCallback,transfer,shares15,4a968692c315bad608563967869982111de400b6c11229387b4790f80f051900,1
SYNTH_REENTRANCY::01325::SyntheticReentrancy01325,SyntheticReentrancy01325,i:payout1325,payout,train,DAPP::DAppSCAN-source/contracts/QuillAudits-Keep3r.Network-Keep3r.Network/StakingRewardsV3-13ecc6966ae1a413f62224382bfd4d64b1a22351::StakingRewardsV3,i:deposit,deposit,call,stakes16,4806fab5e2b22b8e72e9d08d7c36324df0b33f101e7c0b6befcbc494554c41f1,1
SYNTH_REENTRANCY::01326::SyntheticReentrancy01326,SyntheticReentrancy01326,i:release1326,release,val,DAPP::DAppSCAN-source/contracts/Trail_of_Bits-OriginDollar/origin-dollar-81431fd3b2aa4c518ffc389844f9708c00b516f0::VaultCore,i:_allocate,_allocate,transfer,claims0,0e934dcab2865335b90f6268649db5b7fd9132105552113031de20c6190c3a3b,1
SYNTH_REENTRANCY::01327::SyntheticReentrancy01327,SyntheticReentrancy01327,i:exit1327,exit,train,DAPP::DAppSCAN-source/contracts/Coinbae-Pud.Fi Masterchef_Audit/MasterChef0x15Bee180BB39eE5c0166E63313C33984376930Db::MasterChef,i:withdraw,withdraw,send,escrowed1,b3b57320a9a70b769188673ffca3eadbcb57f1292ce6e4e99d2011d66eba4f47,1
SYNTH_REENTRANCY::01328::SyntheticReentrancy01328,SyntheticReentrancy01328,i:claim1328,claim,train,DAPP::DAppSCAN-source/contracts/Coinbae-Pud.Fi Masterchef_Audit/MasterChef0x15Bee180BB39eE5c0166E63313C33984376930Db::MasterChef,i:add,add,safeTransfer,payouts2,03887343b8fb4324e6e8fb875b1c4af30c4a6bb671132bd9858b335230185bf7,1
SYNTH_REENTRANCY::01329::SyntheticReentrancy01329,SyntheticReentrancy01329,i:settle1329,settle,train,DAPP::DAppSCAN-source/contracts/PeckShield-DSG/core-6f607f77698936e132e4e9b5cb4d75580636d919::SinglePool,i:emergencyWithdraw,emergencyWithdraw,transfer,positions3,bd6a804e7bff75d81767284e2bbca383a279ec8db19f8662863962d62e71a39f,1
SYNTH_REENTRANCY::01330::SyntheticReentrancy01330,SyntheticReentrancy01330,i:collect1330,collect,test,DAPP::DAppSCAN-source/contracts/BlockSec-blocksec_impossible_finance_swap_v1.2/impossible-swap-core-29aaef89f996acdbee92b67c4d95fb608dc8b876::ImpossibleWrappedToken,i:deposit,deposit,call,balances4,91b73083211755a9c4b65a1f6cc755029649b68c5d10e4be356878ddda0cf7e7,1
SYNTH_REENTRANCY::01331::SyntheticReentrancy01331,SyntheticReentrancy01331,i:harvest1331,harvest,train,DAPP::DAppSCAN-source/contracts/consensys-Connext NXTP — Noncustodial Xchain Transfer Protocol/nxtp-0656436d654cfe0313fa3c2bbc81aa86232ade16::TransactionManager,i:removeLiquidity,removeLiquidity,transfer,credits5,e98458cf782713119d68ace1026eacc917cf54de9c870c99e3aa43dc7a96491c,1
SYNTH_REENTRANCY::01332::SyntheticReentrancy01332,SyntheticReentrancy01332,i:withdraw1332,withdraw,train,DAPP::DAppSCAN-source/contracts/PeckShield-DSG/core-6f607f77698936e132e4e9b5cb4d75580636d919::GovernorV1,i:propose,propose,send,pendingRewards6,b7bfcbb95616ce240b57e5459b779bfd26c40cb4279b0610075e5223ac002954,1
SYNTH_REENTRANCY::01333::SyntheticReentrancy01333,SyntheticReentrancy01333,i:claimReward1333,claimReward,train,DAPP::DAppSCAN-source/contracts/QuillAudits-Yearn Finance-Yearn Protocol V1/yearn-protocol-9ff0dc0ea73642c529383d0675930a41bf033295::yWETH,i:depositETH,depositETH,safeTransfer,withdrawalRequests7,4b0eca82565cbaf74bd3d11cce1df47be0f0865d535360c37e3d169c4498f3b8,1
SYNTH_REENTRANCY::01334::SyntheticReentrancy01334,SyntheticReentrancy01334,i:refund1334,refund,train,DAPP::DAppSCAN-source/contracts/PeckShield-ShibaNova/Contracts-b6b1ce1fcaff83d360df8944309f49958842b7b8::MasterShiba,i:withdraw,withdraw,transfer,shares8,a36595636bb3bc11317a5f1f678584d098c9783e8faa38a6c180b20a66079eb3,1
SYNTH_REENTRANCY::01335::SyntheticReentrancy01335,SyntheticReentrancy01335,i:unstake1335,unstake,train,FORGE::vfp_00221::LimitOrderHook,i:cancelOrder,cancelOrder,call,stakes9,9795b6846ee6c1a75c88c02c7e5a7fe911bd0fa000c509838c9f374ba9b74adb,1
SYNTH_REENTRANCY::01336::SyntheticReentrancy01336,SyntheticReentrancy01336,i:redeem1336,redeem,train,DAPP::DAppSCAN-source/contracts/PeckShield-PikaPerpV2/PikaPerpV2-4a0965ff90ed099b7e2d3e8dda47cd589ee8e3a2::PikaPerpV2,i:closePositionWithId,closePositionWithId,transfer,claims10,ed83934d26da37920dabdfc9a286a8f31adc1d28514df286a0ad2eef2d19d0ee,1
SYNTH_REENTRANCY::01337::SyntheticReentrancy01337,SyntheticReentrancy01337,i:payout1337,payout,val,DAPP::DAppSCAN-source/contracts/QuillAudits-GearBox Protocol-GearBox Protocol/gearbox-contracts-0ac33ba87212ce056ac6b6357ad74161d417158a::UniswapV3Adapter,i:exactInputSingle,exactInputSingle,send,escrowed11,e4cff667ab90cc8df60267a94ea3c8a28b5b973ca7d0c3db62a99bb6b0f060f5,1
SYNTH_REENTRANCY::01338::SyntheticReentrancy01338,SyntheticReentrancy01338,i:release1338,release,val,DAPP::DAppSCAN-source/contracts/QuillAudits-GearBox Protocol-GearBox Protocol/gearbox-contracts-0ac33ba87212ce056ac6b6357ad74161d417158a::PoolService,i:lendCreditAccount,lendCreditAccount,safeTransfer,payouts12,02a27819fa1c5551bd8857776c2f29bce0bfedf5272a06f3b7c9b7017762faa6,1
SYNTH_REENTRANCY::01339::SyntheticReentrancy01339,SyntheticReentrancy01339,i:exit1339,exit,val,DAPP::DAppSCAN-source/contracts/SlowMist-Starcrazy Smart Contract Security Audit Report/starcrazy-contracts-e9e11d234ac065726e108a73dfcd5efbad26f2c5::ClockAuctionBase,i:setGeneScienceAddress,setGeneScienceAddress,transfer,positions13,1c0ea4defa8c4e18653ee73a8175d034f780d6b946628791b7d4fb03332f4e53,1
SYNTH_REENTRANCY::01340::SyntheticReentrancy01340,SyntheticReentrancy01340,i:claim1340,claim,val,DAPP::DAppSCAN-source/contracts/QuillAudits-GearBox Protocol-GearBox Protocol/gearbox-contracts-0ac33ba87212ce056ac6b6357ad74161d417158a::UniswapV2Adapter,i:swapTokensForExactTokens,swapTokensForExactTokens,call,balances14,596f5f4ec50809cc11009e6337cf1538c03b19a4fb500253f302e3271ae6da4c,1
SYNTH_REENTRANCY::01341::SyntheticReentrancy01341,SyntheticReentrancy01341,i:settle1341,settle,val,DAPP::DAppSCAN-source/contracts/PeckShield-TranchessV1.1/contract-core-68a86350313c1cb9e5467e791d3e9efaf228a0df::StakingV2,i:deposit,deposit,transfer,credits15,2b44fa38eaf35dd90dc316b12a8dfc8572f18f3f28f5ba1e2dadcac202c9d095,1
SYNTH_REENTRANCY::01342::SyntheticReentrancy01342,SyntheticReentrancy01342,i:collect1342,collect,train,FORGE::vfp_00224::OidcRecoveryValidator,i:startRecovery,startRecovery,send,pendingRewards16,06f2ac9ff2315a84b9679349d731671539b62bada6a16f5c2fab21754dc7eec8,1
SYNTH_REENTRANCY::01343::SyntheticReentrancy01343,SyntheticReentrancy01343,i:harvest1343,harvest,train,DAPP::DAppSCAN-source/contracts/QuillAudits-1inch-Fixed Rate Swap/fixed-rate-swap-0b5a75e9f56e7d21c290dd28c59dc140dcbcc1d5::FixedRateSwap,i:depositFor,depositFor,safeTransfer,withdrawalRequests0,64f73befd8192b0a6fc187d3ec4b1ef45fe235a92ef2a569de49ab9af171cae7,1
SYNTH_REENTRANCY::01344::SyntheticReentrancy01344,SyntheticReentrancy01344,i:withdraw1344,withdraw,train,DAPP::DAppSCAN-source/contracts/PeckShield-Holdefi/Holdefi-5a1e6e0d582120142e8a531f6806eba6665ef2f4::HoldefiSettings,i:setHoldefiContract,setHoldefiContract,transfer,shares1,8afb21cf6ccbe1087c0e48e7adc9bee33226a744b0c818fad6b7ce25305620f7,1
SYNTH_REENTRANCY::01345::SyntheticReentrancy01345,SyntheticReentrancy01345,i:claimReward1345,claimReward,train,DAPP::DAppSCAN-source/contracts/Chainsecurity-Compound  cToken unredacted/compound-protocol-4a54ec5c55b66ea67d44b76f3056f0ed7229db8c::Comptroller,i:liquidateBorrowAllowed,liquidateBorrowAllowed,call,stakes2,d77942dec1028c2ce4a01858af22161defb94fcc1813be6dc30caecde53b212b,1
SYNTH_REENTRANCY::01346::SyntheticReentrancy01346,SyntheticReentrancy01346,i:refund1346,refund,train,DAPP::DAppSCAN-source/contracts/openzeppelin-Optimism/contracts-18e128343731b9bde23812ce932e24d81440b6b7::OVM_StateTransitioner,i:applyTransaction,applyTransaction,transfer,claims3,4b25fa70cba38eaf3ccc22e7eee93b393deb23a9d9578020e506edea462120a3,1
SYNTH_REENTRANCY::01347::SyntheticReentrancy01347,SyntheticReentrancy01347,i:unstake1347,unstake,val,DAPP::DAppSCAN-source/contracts/QuillAudits-GearBox Protocol-GearBox Protocol/gearbox-contracts-0ac33ba87212ce056ac6b6357ad74161d417158a::YearnAdapter,i:withdraw,withdraw,send,escrowed4,ac01ba645d5383e22f82d9e89c28ba5d1d7f743a80a66af2e6e1b31749790bc6,1
SYNTH_REENTRANCY::01348::SyntheticReentrancy01348,SyntheticReentrancy01348,i:redeem1348,redeem,train,DAPP::DAppSCAN-source/contracts/QuillAudits-Abyss Finance-Abyss Eth2 Depositor/abyss-eth2depositor-a2d58dea4d79846dc682fe93ac3e0eca02323d11::AbyssEth2Depositor,i:deposit,deposit,safeTransfer,payouts5,6e344f76b08409cca436ff55360a360b3d375c5a99f00e57d468f4ca2cf4f28f,1
SYNTH_REENTRANCY::01349::SyntheticReentrancy01349,SyntheticReentrancy01349,i:payout1349,payout,train,DAPP::DAppSCAN-source/contracts/Coinbae-Pud.Fi Masterchef_Audit/MasterChef0x15Bee180BB39eE5c0166E63313C33984376930Db::MasterChef,i:deposit,deposit,transfer,positions6,b0829c93294a010cf67681ee82edb5d700d1cc2d05fbafef42d25be97d2d7ce9,1
SYNTH_REENTRANCY::01350::SyntheticReentrancy01350,SyntheticReentrancy01350,i:release1350,release,val,DAPP::DAppSCAN-source/contracts/SlowMist-Starcrazy Smart Contract Security Audit Report/starcrazy-contracts-e9e11d234ac065726e108a73dfcd5efbad26f2c5::AlianaSale,i:withdrawOwnerCutSale,withdrawOwnerCutSale,call,balances7,b4e9cef9e63d5470272592d4d2bdabfc1f0b837aef3de212be4ee34b56766316,1
SYNTH_REENTRANCY::01351::SyntheticReentrancy01351,SyntheticReentrancy01351,i:exit1351,exit,val,FORGE::vfp_00001::AgentImageService,i:fulfillImage,fulfillImage,transfer,credits8,96ecd40692ad6c813cd65620b1652896d12923073a7a9343e38d9105b3e76131,1
SYNTH_REENTRANCY::01352::SyntheticReentrancy01352,SyntheticReentrancy01352,i:claim1352,claim,test,FORGE::vfp_00058::LikwidMarginPosition,i:_executeAddLeverage,_executeAddLeverage,send,pendingRewards9,1168f54e486d40b2fa162bc7c6ef77ac4953c0f4d802e9dba8f956f2bad6b5a3,1
SYNTH_REENTRANCY::01353::SyntheticReentrancy01353,SyntheticReentrancy01353,i:settle1353,settle,train,DAPP::DAppSCAN-source/contracts/Chainsecurity-Compound  cToken unredacted/compound-protocol-4a54ec5c55b66ea67d44b76f3056f0ed7229db8c::CToken,i:_setComptroller,_setComptroller,safeTransfer,withdrawalRequests10,03cd0dcf8d0ce5db01b933a58c2ea25dcf2f1b69c4a8c022867f5c87c7abc496,1
SYNTH_REENTRANCY::01354::SyntheticReentrancy01354,SyntheticReentrancy01354,i:collect1354,collect,val,DAPP::DAppSCAN-source/contracts/Trail_of_Bits-OriginDollar/origin-dollar-81431fd3b2aa4c518ffc389844f9708c00b516f0::VaultCore,i:_redeem,_redeem,transfer,shares11,92ff974918781edc8dc93a4c6f7f6ac5128c0d85709a34b12a91feac11381141,1
SYNTH_REENTRANCY::01355::SyntheticReentrancy01355,SyntheticReentrancy01355,i:harvest1355,harvest,val,DAPP::DAppSCAN-source/contracts/QuillAudits-GearBox Protocol-GearBox Protocol/gearbox-contracts-0ac33ba87212ce056ac6b6357ad74161d417158a::AccountFactory,i:returnCreditAccount,returnCreditAccount,call,stakes12,5186b3c345e1539dccbf382e33ca7f442297095a332e96e54ef2b8b3f1c2ff15,1
SYNTH_REENTRANCY::01356::SyntheticReentrancy01356,SyntheticReentrancy01356,i:withdraw1356,withdraw,train,FORGE::vfp_00102::StopLimit,i:performUpkeep,performUpkeep,transfer,claims13,8c0e74c60f5be139eb7ae1f2c4b1d6db1a75ed6e8b975e1fde4e5b7b48fb2a98,1
SYNTH_REENTRANCY::01357::SyntheticReentrancy01357,SyntheticReentrancy01357,i:claimReward1357,claimReward,train,FORGE::vfp_00007::Folio,i:getRebalance,getRebalance,send,escrowed14,5bbd3f71d54d9c9896a0b385f1c479a171aec316dee3f344c7eb7330bb0105fb,1
SYNTH_REENTRANCY::01358::SyntheticReentrancy01358,SyntheticReentrancy01358,i:refund1358,refund,train,DAPP::DAppSCAN-source/contracts/BlockSec-blocksec_multichain_vemult_v1.0_signed/veMULTI-bac804399d1ea280e5bd8cdc9488b6fa6a0a7fcc::ve,i:withdraw,withdraw,safeTransfer,payouts15,ec21f6cb3e6208e497d9b052496e86583dfa4a418ccf4ada59b2ac38f60636f4,1
SYNTH_REENTRANCY::01359::SyntheticReentrancy01359,SyntheticReentrancy01359,i:unstake1359,unstake,val,DAPP::DAppSCAN-source/contracts/QuillAudits-GearBox Protocol-GearBox Protocol/gearbox-contracts-0ac33ba87212ce056ac6b6357ad74161d417158a::WETHGateway,i:openCreditAccountETH,openCreditAccountETH,transfer,positions16,5fe8655f3fa13e0a1f85e08411279a43157f2ee3f79ffc24cd24ae8f031d3a32,1
SYNTH_REENTRANCY::01360::SyntheticReentrancy01360,SyntheticReentrancy01360,i:redeem1360,redeem,val,DAPP::DAppSCAN-source/contracts/QuillAudits-GearBox Protocol-GearBox Protocol/gearbox-contracts-0ac33ba87212ce056ac6b6357ad74161d417158a::UniswapV3Adapter,i:exactOutput,exactOutput,call,balances0,5112caabeb608d956552cec4afb38a88a91b089e3db924e93ef0b2887141e4e3,1
SYNTH_REENTRANCY::01361::SyntheticReentrancy01361,SyntheticReentrancy01361,i:payout1361,payout,val,DAPP::DAppSCAN-source/contracts/SlowMist-Starcrazy Smart Contract Security Audit Report/starcrazy-contracts-e9e11d234ac065726e108a73dfcd5efbad26f2c5::AlianaBase,i:setGeneScienceAddress,setGeneScienceAddress,transfer,credits1,b7f3d43ca72cd4fc9209e4d7e817520eefb79f665807f7ba88e874bbcc05ae87,1
SYNTH_REENTRANCY::01362::SyntheticReentrancy01362,SyntheticReentrancy01362,i:release1362,release,val,DAPP::DAppSCAN-source/contracts/SlowMist-Starcrazy Smart Contract Security Audit Report/starcrazy-contracts-e9e11d234ac065726e108a73dfcd5efbad26f2c5::AlianaOwnership,i:setGeneScienceAddress,setGeneScienceAddress,send,pendingRewards2,340e5932b5f11667e8ef443f8f1a6fe1fdd6daebea78c37e46a5f2e7618046c6,1
SYNTH_REENTRANCY::01363::SyntheticReentrancy01363,SyntheticReentrancy01363,i:exit1363,exit,test,DAPP::DAppSCAN-source/contracts/Hacken-Powerbomb-V1/powerbomb-lite-0f86ff1eecdd723be733a9b33ff4ffa3bbdadcee::PowerBombAvaxCurve,i:claimReward,claimReward,safeTransfer,withdrawalRequests3,93262b5b9e72541ec41faa1662d0c30d48a09594934c29b31c5938c79acc9133,1
SYNTH_REENTRANCY::01364::SyntheticReentrancy01364,SyntheticReentrancy01364,i:claim1364,claim,train,DAPP::DAppSCAN-source/contracts/QuillAudits-Alium Finance Smart Contract/alium-farm-e37d6af39af68049c2684085f025385407b4bd55::MasterChef,i:emergencyWithdraw,emergencyWithdraw,transfer,shares4,ba9842019248c2b5d1a80b93a5877a496e40ae6625111097f36c61fcf0421541,1
SYNTH_REENTRANCY::01365::SyntheticReentrancy01365,SyntheticReentrancy01365,i:settle1365,settle,train,DAPP::DAppSCAN-source/contracts/openzeppelin-Solo_Margin_Protocol/solo-17df84db351d5438e1b7437572722b4f52c8b2b4::AdminImpl,i:_setPriceOracle,_setPriceOracle,call,stakes5,ad81dbe6eb72c9e991af72971a73e2b0689795dc456dcdf9e86021dc5b4c6ebb,1
SYNTH_REENTRANCY::01366::SyntheticReentrancy01366,SyntheticReentrancy01366,i:collect1366,collect,train,FORGE::vfp_00215::ScrollChainValidium,i:registerNewEncryptionKey,registerNewEncryptionKey,transfer,claims6,ae0c162f3ba78c8ac7a635cd994a54b6774521a46abf92abb0f849fec82b77e0,1
SYNTH_REENTRANCY::01367::SyntheticReentrancy01367,SyntheticReentrancy01367,i:harvest1367,harvest,train,DAPP::DAppSCAN-source/contracts/Runtime_Vеrification-stakefish_ethereum_staking_audit_report/eth2-validation-services-contract-d91928f3a270f6115831fe3a21a69eb98bf57b26::StakefishERC721Wrapper,i:mintTo,mintTo,send,escrowed7,e97f79f43d393a99f0fdb32dc450ee53c97fba28a96570d0e8501fb393985305,1
SYNTH_REENTRANCY::01368::SyntheticReentrancy01368,SyntheticReentrancy01368,i:withdraw1368,withdraw,val,DAPP::DAppSCAN-source/contracts/PeckShield-Tranchessv1.0/contract-core-5ac3d997da3ef37b0135565a11c5ebcc519862aa::LiquidityStaking,i:deposit,deposit,safeTransfer,payouts8,c62b9f153e3b62358cc04f865955caa1182d8292c0bab0b18062790b25f1eb70,1
SYNTH_REENTRANCY::01369::SyntheticReentrancy01369,SyntheticReentrancy01369,i:claimReward1369,claimReward,train,FORGE::vfp_00209::StakingManager,i:withdraw,withdraw,transfer,positions9,8bab0694b0afb8f4791f80260efe31b7e188d105be9daeed5f956d75e988a521,1
SYNTH_REENTRANCY::01370::SyntheticReentrancy01370,SyntheticReentrancy01370,i:refund1370,refund,train,DAPP::DAppSCAN-source/contracts/Trail_of_Bits-ampleforth/market-oracle-888fccaf05786f3f7f49e18ff040f911d44906f4::MarketOracle,i:getPriceAnd24HourVolume,getPriceAnd24HourVolume,call,balances10,acf31c4e8694328d49895abdaad8e2ced327e8b775a34448f1488f840673c66b,1
SYNTH_REENTRANCY::01371::SyntheticReentrancy01371,SyntheticReentrancy01371,i:unstake1371,unstake,train,DAPP::DAppSCAN-source/contracts/PeckShield-Rikkei/rifi-protocol-b33243fb3a218cc195f0727fe1499cb57f5ea0b2::RToken,i:borrowFresh,borrowFresh,transfer,credits11,386c3dcfeeac38571e925d1ca045c8e634bee7132998beae1afa2e4d8dd23f5d,1
SYNTH_REENTRANCY::01372::SyntheticReentrancy01372,SyntheticReentrancy01372,i:redeem1372,redeem,train,FORGE::vfp_00007::Folio,i:startRebalance,startRebalance,send,pendingRewards12,3d55e20bba7b4275e4de05e005effbfa595fa306a16fa50900aaa1f14b89d0dd,1
SYNTH_REENTRANCY::01373::SyntheticReentrancy01373,SyntheticReentrancy01373,i:payout1373,payout,val,DAPP::DAppSCAN-source/contracts/Runtime_Vеrification-Tracer_Perpetual_Pools_V2/perpetual-pools-contracts-846bbf62652d7c83aee1cf3766275c4d08b00c8a::PoolFactory,i:deployPool,deployPool,safeTransfer,withdrawalRequests13,7b68efba90a031662f067579732ceffff01d6cbf42a7e5ead9a9a4a186e464c7,1
SYNTH_REENTRANCY::01374::SyntheticReentrancy01374,SyntheticReentrancy01374,i:release1374,release,train,DAPP::DAppSCAN-source/contracts/Trail_of_Bits-FraxQ42021/frax-solidity-bd40775e283923aa9e32a107abd426430a99835e::veFXSYieldDistributorV4,i:notifyRewardAmount,notifyRewardAmount,transfer,shares14,31e8a5167e6ece3533817c92508c923b37c21baebd678a0b6cdb71df09ce1a75,1
SYNTH_REENTRANCY::01375::SyntheticReentrancy01375,SyntheticReentrancy01375,i:exit1375,exit,train,FORGE::vfp_00007::Folio,i:mint,mint,call,stakes15,82d7f232d0da74a3ae81f6dbe475a46808b262cf11dd246a2b085b30f2c23943,1
SYNTH_REENTRANCY::01376::SyntheticReentrancy01376,SyntheticReentrancy01376,i:claim1376,claim,test,DAPP::DAppSCAN-source/contracts/SlowMist-ForTube2.0 Smart Contract Security Audit Report/bond-854527d0ea7ad2ddd3504b4d4ae3fcb57cb6445d::PRA,i:lock,lock,transfer,claims16,4b9aefb78a638548447e3cf98b34e4abf9151e74046f3df73173c7f9075ec7b1,1
SYNTH_REENTRANCY::01377::SyntheticReentrancy01377,SyntheticReentrancy01377,i:settle1377,settle,train,FORGE::vfp_00007::Folio,i:distributeFees,distributeFees,send,escrowed0,3e004d70b799aa07957dace235b7c0a93fc9ecbdcd003a935196cb32184d77d8,1
SYNTH_REENTRANCY::01378::SyntheticReentrancy01378,SyntheticReentrancy01378,i:collect1378,collect,train,DAPP::DAppSCAN-source/contracts/PeckShield-BabySwap/code::MasterChef,i:withdraw,withdraw,safeTransfer,payouts1,a07a64a0eace21770ad78860e5e95f90828adad0026b80f1cef9133894a0a70c,1
SYNTH_REENTRANCY::01379::SyntheticReentrancy01379,SyntheticReentrancy01379,i:harvest1379,harvest,train,DAPP::DAppSCAN-source/contracts/QuillAudits-coalichain/CoaliSC-3f0920d650467279f7ceee08776bd74ecadd3237::Main,i:createBallot,createBallot,transfer,positions2,b9367abe744be95576fe21245c13b863b59d0837b844d22adfc092cce16787cb,1
SYNTH_REENTRANCY::01380::SyntheticReentrancy01380,SyntheticReentrancy01380,i:withdraw1380,withdraw,val,DAPP::DAppSCAN-source/contracts/Trail_of_Bits-OriginDollar/origin-dollar-81431fd3b2aa4c518ffc389844f9708c00b516f0::VaultCore,i:mintMultiple,mintMultiple,call,balances3,fbc2618e33824ef54af74324dec45deb5542b951c184c2df360177ac7981b221,1
SYNTH_REENTRANCY::01381::SyntheticReentrancy01381,SyntheticReentrancy01381,i:claimReward1381,claimReward,test,DAPP::DAppSCAN-source/contracts/PepperSec-Aira-Robonomic/robonomics_contracts-cc35a91de187072214d215262d8371f0159c2498::LighthouseLib,i:withdraw,withdraw,transfer,credits4,67c550ce1423cfbe7e7193b2a7536b125861e0cb9f9d67a4f3163235de2ef1c9,1
SYNTH_REENTRANCY::01382::SyntheticReentrancy01382,SyntheticReentrancy01382,i:refund1382,refund,train,DAPP::DAppSCAN-source/contracts/PeckShield-Convex_Frax/frax-cvx-platform-2f8573ee796daa022c1050b4a749bf08049c439b::StakingProxyUniV3,i:lockAdditional,lockAdditional,send,pendingRewards5,985a300ab7ee5fd743c9e74a841d694e364e5a2c691630bac9a1db58a46bade5,1
SYNTH_REENTRANCY::01383::SyntheticReentrancy01383,SyntheticReentrancy01383,i:unstake1383,unstake,train,DAPP::DAppSCAN-source/contracts/PeckShield-CryptoHeroes/cryptoheroes-6cb0eaf8c88fdaab89d2b4c83535a189c7793001::CryptoHeroesUniverse,i:deposit,deposit,safeTransfer,withdrawalRequests6,450162e4c53159a82a40bc51e82e09419a4bd9c7c6254e67c99fa3bc47c75a57,1
SYNTH_REENTRANCY::01384::SyntheticReentrancy01384,SyntheticReentrancy01384,i:redeem1384,redeem,train,DAPP::DAppSCAN-source/contracts/Chainsecurity-Angle Protocol/angle-core-46e6d32837cbe97a4af0adb693e63afa0d01fc3e::PerpetualManagerFront,i:openPerpetual,openPerpetual,transfer,shares7,0ba1cf6f4e5d3b09c0b88e9960f45ebba93110e64ca004ebc0c6f21978529029,1
SYNTH_REENTRANCY::01385::SyntheticReentrancy01385,SyntheticReentrancy01385,i:payout1385,payout,train,DAPP::DAppSCAN-source/contracts/PeckShield-Hegic(v8888)/Hegic-v8888-2dcd44dc1ae07881e94d52fa618f9704bfd4ffda::HegicPool,i:provideFrom,provideFrom,call,stakes8,0bb5ac0a99099e11942696a9bc1e2726973f4744ae93ac84dd5b0b4010fbd582,1
SYNTH_REENTRANCY::01386::SyntheticReentrancy01386,SyntheticReentrancy01386,i:release1386,release,train,FORGE::vfp_00174::P2pResolvProxy,i:withdrawRESOLV,withdrawRESOLV,transfer,claims9,59ab3453d3f6c1a3e39502a70a2ebf78a0b61b88f1d9f340b43a6b54e300db27,1
SYNTH_REENTRANCY::01387::SyntheticReentrancy01387,SyntheticReentrancy01387,i:exit1387,exit,train,DAPP::DAppSCAN-source/contracts/QuillAudits-Bond Appetit-Bond Appetit/bondappetit-protocol-355180f0aca0b29d60d808f761052956b7a3a159::ProfitSplitter,i:_payToRecipients,_payToRecipients,send,escrowed10,93504244f864a77b3b0610f9200f77a25fda5899fc76a7f8a9d54bf36cf45446,1
SYNTH_REENTRANCY::01388::SyntheticReentrancy01388,SyntheticReentrancy01388,i:claim1388,claim,train,FORGE::vfp_00209::StakingManager,i:stake,stake,safeTransfer,payouts11,e2a97ed720e94d3ea405d86863a7e5054a08347128ad6a6bcad4e1383ab2c0ec,1
SYNTH_REENTRANCY::01389::SyntheticReentrancy01389,SyntheticReentrancy01389,i:settle1389,settle,test,DAPP::DAppSCAN-source/contracts/Solidity_Finance-OKLG - Smart Contract/contracts-e167d0d742d21bcc62d7a5b770a1f0ed1cf31eca::MTGYTokenLocker,i:withdrawLockedTokens,withdrawLockedTokens,transfer,positions12,f02abac626bb789ff536b0c0a218c4e8a8639e3e9d1104cc2d780d3122e82add,1
SYNTH_REENTRANCY::01390::SyntheticReentrancy01390,SyntheticReentrancy01390,i:collect1390,collect,val,DAPP::DAppSCAN-source/contracts/consensys-DeFi_Saver/defisaver-v3-contracts-cb29669a84c2d6fffaf2231c0938eb407c060919::FLAaveV2,i:executeOperation,executeOperation,call,balances13,7f546aa3200920ddef3c329fad3221972b333697fd265c96562cd82a16767518,1
SYNTH_REENTRANCY::01391::SyntheticReentrancy01391,SyntheticReentrancy01391,i:harvest1391,harvest,train,DAPP::DAppSCAN-source/contracts/Iosiro-1inch Exchange Staking Rewards Smart Contract Audit/liquidity-protocol-c9c8bc600e8e7897f70f84b006de601d4f4bcbe3::BaseRewards,i:getReward,getReward,transfer,credits14,58d0c4fd33b8c8397036fa1bbaffebe2ac80a77bb48f52d373d834f6961bbe9e,1
SYNTH_REENTRANCY::01392::SyntheticReentrancy01392,SyntheticReentrancy01392,i:withdraw1392,withdraw,train,FORGE::vfp_00102::StopLimit,i:modifyOrder,modifyOrder,send,pendingRewards15,1737a4e487ab4bf35bd703628200a26dedcba945603da63ecfe2b5fff39296f1,1
SYNTH_REENTRANCY::01393::SyntheticReentrancy01393,SyntheticReentrancy01393,i:claimReward1393,claimReward,val,FORGE::vfp_00001::AgentImageService,i:requestImage,requestImage,safeTransfer,withdrawalRequests16,ae6f3fa47c7f6e3a9b17f0ef6d91e1df359db8298d14fe3be06240306b9061ff,1
SYNTH_REENTRANCY::01394::SyntheticReentrancy01394,SyntheticReentrancy01394,i:refund1394,refund,train,FORGE::vfp_00189::Box,i:deallocate,deallocate,transfer,shares0,b3432c2ccef237359c5c277dbac639d0f5064273df182b7f85a0635db9e8ab0e,1
SYNTH_REENTRANCY::01395::SyntheticReentrancy01395,SyntheticReentrancy01395,i:unstake1395,unstake,val,DAPP::DAppSCAN-source/contracts/QuillAudits-GearBox Protocol-GearBox Protocol/gearbox-contracts-0ac33ba87212ce056ac6b6357ad74161d417158a::UniswapV3Adapter,i:exactInput,exactInput,call,stakes1,2d826145d2eab4a4bb718685a0b6321e987785951d48b9436e823785cd487497,1
SYNTH_REENTRANCY::01396::SyntheticReentrancy01396,SyntheticReentrancy01396,i:redeem1396,redeem,train,DAPP::DAppSCAN-source/contracts/PeckShield-StackerVC/StackerVC_VentureFund001-3cfb98b21f4731dfd62993feb7c7d1540837f59b::LPGauge,i:deposit,deposit,transfer,claims2,a97b30c634837379d3b9edc16237beda4fc0804cc99dacf65cab1a3daa0bb51a,1
SYNTH_REENTRANCY::01397::SyntheticReentrancy01397,SyntheticReentrancy01397,i:payout1397,payout,train,DAPP::DAppSCAN-source/contracts/consensys-Aave_Protocol_V2/aave-protocol-v2-f756f44a8d6a328cd545335e46e7128939db88c4::LendingPool,i:deposit,deposit,send,escrowed3,61473e42022d7cea559921c535a42204832c4a75696497915933c03d4e3c0898,1
SYNTH_REENTRANCY::01398::SyntheticReentrancy01398,SyntheticReentrancy01398,i:release1398,release,test,DAPP::DAppSCAN-source/contracts/Trail_of_Bits-Liquity/dev-f0df3efa5a5f05b205752184cfce107c5bd6e06c::BorrowerOperations,i:_moveTokensAndETHfromAdjustment,_moveTokensAndETHfromAdjustment,safeTransfer,payouts4,d7393fc0def7cc42d65ca53c54c23226b5742097120cb324d657946e23133f4b,1
SYNTH_REENTRANCY::01399::SyntheticReentrancy01399,SyntheticReentrancy01399,i:exit1399,exit,train,DAPP::DAppSCAN-source/contracts/Coinbae-Hakka_Finance_wHakka/code::wHakka,i:stake,stake,transfer,positions5,af1af3e7f9afe3dc1c15d1947460abe9bf5ca285276735210b9eeafd4d351fab,1
SYNTH_REENTRANCY::01400::SyntheticReentrancy01400,SyntheticReentrancy01400,i:claim1400,claim,train,DAPP::DAppSCAN-source/contracts/consensys-Idle_Finance/idle-tranches-d94ee7194e8cb17db13b16c338f3e780b62f5435::IdleCDO,i:_deposit,_deposit,call,balances6,a9046dbf74ffb40e21d13c149f9751bda91563afd607b71c47082fb30db5103a,1
SYNTH_REENTRANCY::01401::SyntheticReentrancy01401,SyntheticReentrancy01401,i:settle1401,settle,test,DAPP::DAppSCAN-source/contracts/PepperSec-Aira-Robonomic/robonomics_contracts-cc35a91de187072214d215262d8371f0159c2498::RobotLiabilityLib,i:finalize,finalize,transfer,credits7,80e6dbae43da2bd3c1748ab264e1103443e65134aeb3a81dde098a79d60d0812,1
SYNTH_REENTRANCY::01402::SyntheticReentrancy01402,SyntheticReentrancy01402,i:collect1402,collect,train,DAPP::DAppSCAN-source/contracts/Chainsulting-Furucombo-project2/trevi-b3f7fd332873321152db48c9d43fc23a60a29f1a::FountainBase,i:_depositAngel,_depositAngel,send,pendingRewards8,0bc6289949dfffd499e7de9466741a3de8623fee549f23919c0112ce712d98dd,1
SYNTH_REENTRANCY::01403::SyntheticReentrancy01403,SyntheticReentrancy01403,i:harvest1403,harvest,train,FORGE::vfp_00096::MarketConfigurator,i:_migrateFactoryTargets,_migrateFactoryTargets,safeTransfer,withdrawalRequests9,61fde0af2f26e17a9ea339d91f46d1936496a4b310827489dbd22969b8db161e,1
SYNTH_REENTRANCY::01404::SyntheticReentrancy01404,SyntheticReentrancy01404,i:withdraw1404,withdraw,train,DAPP::DAppSCAN-source/contracts/PeckShield-Buffer/code::BufferBNBOptions,i:create,create,transfer,shares10,d9caff126555e07b34cbe5b539c8b85b036aa0cfaf02de4fea0a05bd20412508,1
SYNTH_REENTRANCY::01405::SyntheticReentrancy01405,SyntheticReentrancy01405,i:claimReward1405,claimReward,train,DAPP::DAppSCAN-source/contracts/consensys-Skyweaver/Skyweaver-contracts-bde0c184db6168bf86656a48b12d5747950b54d9::EternalHeroesFactory,i:_buy,_buy,call,stakes11,890b2f106d49f9e1700b3e6d57878d7a48dd6e862c3af171f876eae97e8017f8,1
SYNTH_REENTRANCY::01406::SyntheticReentrancy01406,SyntheticReentrancy01406,i:refund1406,refund,train,DAPP::DAppSCAN-source/contracts/consensys-Aave_Protocol_V2/aave-protocol-v2-f756f44a8d6a328cd545335e46e7128939db88c4::LendingPool,i:flashLoan,flashLoan,transfer,claims12,3a5bcc94ca101350c8ef4247ca07d9cbbea4770787a47fad034765f56c23c231,1
SYNTH_REENTRANCY::01407::SyntheticReentrancy01407,SyntheticReentrancy01407,i:unstake1407,unstake,train,DAPP::DAppSCAN-source/contracts/Coinbae-Barnbridge_Vault/CommunityVault0xA3C299eEE1998F45c20010276684921EBE6423D9::CommunityVault,i:setAllowance,setAllowance,send,escrowed13,308511a37acdd37bca562759f63785e38a649551a77dee03c054c85c7a6fe87f,1
SYNTH_REENTRANCY::01408::SyntheticReentrancy01408,SyntheticReentrancy01408,i:redeem1408,redeem,train,DAPP::DAppSCAN-source/contracts/Trail_of_Bits-MapleFinance/liquidations-35c628e5ab45fbffaab7aef43a030a98b712a94a::Liquidator,i:liquidatePortion,liquidatePortion,safeTransfer,payouts14,51fdeabdc8b784af9fe191853740d07f147f066358dd560d6a9f523668151f20,1
SYNTH_REENTRANCY::01409::SyntheticReentrancy01409,SyntheticReentrancy01409,i:payout1409,payout,test,DAPP::DAppSCAN-source/contracts/consensys-GrowthDeFi WHEAT/wheat-v1-core-8360ac0a537589bb974e8a5a169bb3e7c95d2857::Exchange,i:convertFundsFromInput,convertFundsFromInput,transfer,positions15,86701b74527a34df78d2ffbfe894d9631b6d3ba90d43ae0b201fa0010627c32d,1
SYNTH_REENTRANCY::01410::SyntheticReentrancy01410,SyntheticReentrancy01410,i:release1410,release,test,DAPP::DAppSCAN-source/contracts/ImmuneBytes-Bird Money(MasterChef)-Audit Report/bird-farm-contracts-dfd2502b73c8f54c9081682c3eb070fcd3c00629::MasterChef,i:emergencyWithdraw,emergencyWithdraw,call,balances16,5922ab2b6ecd7a0c117d3d8a287c81a00125127626fa94b305f16a5a528d5386,1
SYNTH_REENTRANCY::01411::SyntheticReentrancy01411,SyntheticReentrancy01411,i:exit1411,exit,train,"DAPP::DAppSCAN-source/contracts/Inspex-Tokens, Farm & Shop/-SpeedStar-Audit-3e39d7acf9c1aa9f3a5511c161c2035ba7d6bc1f::Staking",i:depositStable,depositStable,transfer,credits0,d9fd102c05c3c39f0e860cad5b4c83cc7d98bfa3bae5aa8bb1da9b872c20e584,1
SYNTH_REENTRANCY::01412::SyntheticReentrancy01412,SyntheticReentrancy01412,i:claim1412,claim,train,FORGE::vfp_00125::Aori,i:cancel,cancel,send,pendingRewards1,2513899c7735ce1e7e0845ba4fa2cfcb571761a45e0a98d8d5d35a2b4e990b7e,1
SYNTH_REENTRANCY::01413::SyntheticReentrancy01413,SyntheticReentrancy01413,i:settle1413,settle,train,DAPP::DAppSCAN-source/contracts/Coinbae-Hakka_Finance_wHakka/code::wHakka,i:unstake,unstake,safeTransfer,withdrawalRequests2,7ff23febc8dfa9d88e06b1dcfc5e53a3178899e8044c92a4969a58c13ae1d740,1
SYNTH_REENTRANCY::01414::SyntheticReentrancy01414,SyntheticReentrancy01414,i:collect1414,collect,train,DAPP::DAppSCAN-source/contracts/Chainsulting-Furucombo-project2/trevi-b3f7fd332873321152db48c9d43fc23a60a29f1a::FountainBase,i:_withdrawAngel,_withdrawAngel,transfer,shares3,ee2d74242875cf791b570ea2529cfb6abf292fb71e3b5dd88404a25a028ac997,1
SYNTH_REENTRANCY::01415::SyntheticReentrancy01415,SyntheticReentrancy01415,i:harvest1415,harvest,test,FORGE::vfp_00260::Router_Adapter,i:relayTokens,relayTokens,call,stakes4,24dd55e23068264448f0804593251cd1c935abf7bfec144f5256515830e193f6,1
SYNTH_REENTRANCY::01416::SyntheticReentrancy01416,SyntheticReentrancy01416,i:withdraw1416,withdraw,train,FORGE::vfp_00215::ScrollChainValidium,i:_finalizeBundle,_finalizeBundle,transfer,claims5,f6a020733c0452b181c1ca5a083dd7ad45030e9acbf63360d626e9d81754ba16,1
SYNTH_REENTRANCY::01417::SyntheticReentrancy01417,SyntheticReentrancy01417,i:claimReward1417,claimReward,train,DAPP::DAppSCAN-source/contracts/PeckShield-PlutosV1/plutos-eth-contract-0777815::PMintBurn,i:deposit,deposit,send,escrowed6,36ff5e6d8e384a8867a448b17e483575707f6ab2cb8129050ccb6eff09da54cc,1
SYNTH_REENTRANCY::01418::SyntheticReentrancy01418,SyntheticReentrancy01418,i:refund1418,refund,val,DAPP::DAppSCAN-source/contracts/QuillAudits-GearBox Protocol-GearBox Protocol/gearbox-contracts-0ac33ba87212ce056ac6b6357ad74161d417158a::UniswapV3Adapter,i:exactOutputSingle,exactOutputSingle,safeTransfer,payouts7,b07ad1dc525ecf043a93c9f348085e960001612365493e7c19e7d1f3991c1d63,1
SYNTH_REENTRANCY::01419::SyntheticReentrancy01419,SyntheticReentrancy01419,i:unstake1419,unstake,train,DAPP::DAppSCAN-source/contracts/SlowMist-CFFv2 Smart Contract Security Audit Report/cff-contract-v2-c86bef3f13c7585f547f9cd0ca900f94664e96b7::CFVaultV2,i:withdraw,withdraw,transfer,positions8,6ad11dd6444c1a5fc0183cd3071ec124c6f87defc1c8aa7f65bba38e35158d97,1
SYNTH_REENTRANCY::01420::SyntheticReentrancy01420,SyntheticReentrancy01420,i:redeem1420,redeem,train,FORGE::vfp_00221::LimitOrderHook,i:_afterSwap,_afterSwap,call,balances9,ef0eeffe3e95689562e2fbfe0882c0114c8dbbcd54546567b65eb2ce87856ce0,1
SYNTH_REENTRANCY::01421::SyntheticReentrancy01421,SyntheticReentrancy01421,i:payout1421,payout,val,DAPP::DAppSCAN-source/contracts/SlowMist-Starcrazy Smart Contract Security Audit Report/starcrazy-contracts-e9e11d234ac065726e108a73dfcd5efbad26f2c5::GFSBonus,i:withdraw,withdraw,transfer,credits10,8e046ca391f50715a34fb31914c62702ad03eae679e5816367fb443c198bf972,1
SYNTH_REENTRANCY::01422::SyntheticReentrancy01422,SyntheticReentrancy01422,i:release1422,release,train,DAPP::DAppSCAN-source/contracts/Coinfabrik-Woonkly Security Audit (DEX STAKE)/STAKESmartContractPreRelease-main::WOOPStake,i:processReward,processReward,send,pendingRewards11,206ebfe983c91213d05e934007466e80b0a33260f650e572ba125c3fbab725f0,1
SYNTH_REENTRANCY::01423::SyntheticReentrancy01423,SyntheticReentrancy01423,i:exit1423,exit,train,DAPP::DAppSCAN-source/contracts/Iosiro-SNX FlashBurn Smart Contract Audit/flashburn-3aa02a3d63d9e0110a5b6669a4a4011ceee3cf2b::SNXFlashLoanTool,i:swap,swap,safeTransfer,withdrawalRequests12,36a20e9139f517e2410dd466233a7d6af20b00ce911aa22c3603972eae88adcc,1
SYNTH_REENTRANCY::01424::SyntheticReentrancy01424,SyntheticReentrancy01424,i:claim1424,claim,train,FORGE::vfp_00174::P2pResolvProxy,i:initiateWithdrawalRESOLVAccruedRewards,initiateWithdrawalRESOLVAccruedRewards,transfer,shares13,7f4973c45a6ea3ed7204dee142e98b8a1681fa0bc120fbf0bd70ec5e91f13ab0,1
SYNTH_REENTRANCY::01425::SyntheticReentrancy01425,SyntheticReentrancy01425,i:settle1425,settle,train,DAPP::DAppSCAN-source/contracts/consensys-Gamma/hypervisor-41fd4abf79864478523e87924d4e80d80df04879::UniProxy,i:deposit,deposit,call,stakes14,05a0ae3dad556dc73ff1fc532ee6bf26d23039f7200e412943e62b7b020deb32,1
SYNTH_REENTRANCY::01426::SyntheticReentrancy01426,SyntheticReentrancy01426,i:collect1426,collect,train,FORGE::vfp_00175::P2pYieldProxy,i:_withdraw,_withdraw,transfer,claims15,13ea61bdc98f9f47464caee40ebc647427e0b99411d7aceac57bfebf9701546e,1
SYNTH_REENTRANCY::01427::SyntheticReentrancy01427,SyntheticReentrancy01427,i:harvest1427,harvest,val,FORGE::vfp_00001::AgentImageService,i:requestRefund,requestRefund,send,escrowed16,9e66709c2c358669615e38fb1df08ef7843e039e1a4b53b31f60f3bdb22ecce6,1
SYNTH_REENTRANCY::01428::SyntheticReentrancy01428,SyntheticReentrancy01428,i:withdraw1428,withdraw,val,DAPP::DAppSCAN-source/contracts/SlowMist-Starcrazy Smart Contract Security Audit Report/starcrazy-contracts-e9e11d234ac065726e108a73dfcd5efbad26f2c5::Auction,i:setGeneScienceAddress,setGeneScienceAddress,safeTransfer,payouts0,81c4d4be418d61d5ed542ae7baa1452dac3fc4ebff7adfc13a54f727c31f6235,1
SYNTH_REENTRANCY::01429::SyntheticReentrancy01429,SyntheticReentrancy01429,i:claimReward1429,claimReward,train,DAPP::DAppSCAN-source/contracts/QuillAudits-1inch-Limit Order Protocol/limit-order-protocol-a14bde6a260458de5083cee117d734221e1cbc05::LimitOrderProtocol,i:fillOrderTo,fillOrderTo,transfer,positions1,f7100a2922c3b131343ecfc845095c1a056a6f38c15ba5e2bb1660646bd4db21,1
SYNTH_REENTRANCY::01430::SyntheticReentrancy01430,SyntheticReentrancy01430,i:refund1430,refund,val,DAPP::DAppSCAN-source/contracts/QuillAudits-Yearn Finance-Yearn Vaults V3/yearn-vaults-e390c2a6b2ba6e2ecc8f3a72a1ea4adfabd17544::yWETH,i:withdrawETH,withdrawETH,call,balances2,9fde21d88b7a362d5bb1e90bdb5a65d41a673ea4e378b9b38317724ff9ffff42,1
SYNTH_REENTRANCY::01431::SyntheticReentrancy01431,SyntheticReentrancy01431,i:unstake1431,unstake,train,DAPP::DAppSCAN-source/contracts/PeckShield-BNPL/BNPL-0ee587a081668dcab166a3a275b8a6c4794ead4d::BankingNode,i:unstake,unstake,transfer,credits3,6b99fd6c6bfd232ff81536ed9d4cc0ced23eee7038e74916dbafc7c77fffd840,1
SYNTH_REENTRANCY::01432::SyntheticReentrancy01432,SyntheticReentrancy01432,i:redeem1432,redeem,train,FORGE::vfp_00032::CurveConvexLib,i:unstakeAndExitPool,unstakeAndExitPool,send,pendingRewards4,c101f95f0f52d33c220b08c7b80bab1dea4936ca0cad226b5e7372f7f98ca4c6,1
SYNTH_REENTRANCY::01433::SyntheticReentrancy01433,SyntheticReentrancy01433,i:payout1433,payout,train,FORGE::vfp_00045::PDPVerifier,i:nextProvingPeriod,nextProvingPeriod,safeTransfer,withdrawalRequests5,23be4f7814d71683b9502e87dbb461f7194c94974865fb80cff6b1fc0e38f8d2,1
SYNTH_REENTRANCY::01434::SyntheticReentrancy01434,SyntheticReentrancy01434,i:release1434,release,train,FORGE::vfp_00234::mErc20Host,i:_verifyProof,_verifyProof,transfer,shares6,3e58dfc57f91d0379fdb8d6e0bf14df64377a0f308fcee27a47b50a00d73f6fe,1
SYNTH_REENTRANCY::01435::SyntheticReentrancy01435,SyntheticReentrancy01435,i:exit1435,exit,train,DAPP::DAppSCAN-source/contracts/Coinbae-Pud.Fi Masterchef_Audit/MasterChef0x15Bee180BB39eE5c0166E63313C33984376930Db::MasterChef,i:emergencyWithdraw,emergencyWithdraw,call,stakes7,d3abde11bb5ae253f978a720b2f9ffe43faad6ae5fdcd04745671cf698f4c619,1
SYNTH_REENTRANCY::01436::SyntheticReentrancy01436,SyntheticReentrancy01436,i:claim1436,claim,train,DAPP::DAppSCAN-source/contracts/PeckShield-Arche/Arche_v1.0_Eros-909f35e0064d636aaf61954a6026fda7b2bade7f::D_Swap,i:Impl_Delivery,Impl_Delivery,transfer,claims8,a120d2ec3c38232b08438339345c2a743bab9440d941593595deb252dd508298,1
SYNTH_REENTRANCY::01437::SyntheticReentrancy01437,SyntheticReentrancy01437,i:settle1437,settle,val,DAPP::DAppSCAN-source/contracts/QuillAudits-GearBox Protocol-GearBox Protocol/gearbox-contracts-0ac33ba87212ce056ac6b6357ad74161d417158a::UniswapV2Adapter,i:swapExactTokensForTokens,swapExactTokensForTokens,send,escrowed9,89ca460422c2830818cce7bca5898aea9dfdf7fc98bc8b885e6931057c3ade75,1
SYNTH_REENTRANCY::01438::SyntheticReentrancy01438,SyntheticReentrancy01438,i:collect1438,collect,train,DAPP::DAppSCAN-source/contracts/consensys-PoolTogether_Pods/pods-v3-contracts-879dc8b911fc506dd6bead1f36eade919ccfea57::TokenDrop,i:claim,claim,safeTransfer,payouts10,ba4ed1ed49a5b39a32b04138a1331c968dbf3fbee48f6fee3058c7b1e72977ca,1
SYNTH_REENTRANCY::01439::SyntheticReentrancy01439,SyntheticReentrancy01439,i:harvest1439,harvest,train,DAPP::DAppSCAN-source/contracts/QuillAudits-Algovest/AlgoVestStaking0x090e69e7F48AFC059e480F297042DEA396B971e7::AlgoVestStaking,i:AVSTokenDonation,AVSTokenDonation,transfer,positions11,7d478ab8539761cac2b1a97cc4b96a37d79e2de3d4de3b714e4c46f0afdfd479,1
SYNTH_REENTRANCY::01440::SyntheticReentrancy01440,SyntheticReentrancy01440,i:withdraw1440,withdraw,train,DAPP::DAppSCAN-source/contracts/PeckShield-DSG/core-6f607f77698936e132e4e9b5cb4d75580636d919::NftEarnErc20Pool,i:slotStake,slotStake,call,balances12,c35d035635e391de923f16e61688537f584402419c3397cc9c4137687e55f710,1
SYNTH_REENTRANCY::01441::SyntheticReentrancy01441,SyntheticReentrancy01441,i:claimReward1441,claimReward,val,DAPP::DAppSCAN-source/contracts/SlowMist-Starcrazy Smart Contract Security Audit Report/starcrazy-contracts-e9e11d234ac065726e108a73dfcd5efbad26f2c5::Aliana,i:setGeneScienceAddress,setGeneScienceAddress,transfer,credits13,027da578ea850d087e4c82cdf2dcb411ce8e060eda4854aa598715368b805af0,1
SYNTH_REENTRANCY::01442::SyntheticReentrancy01442,SyntheticReentrancy01442,i:refund1442,refund,train,DAPP::DAppSCAN-source/contracts/Hacken-Ground Zero/code::IDO,i:claim,claim,send,pendingRewards14,f3fd19155380febb5fc7869fa913c79bd749b345250f5a06e7afa75a4da7ca0f,1
SYNTH_REENTRANCY::01443::SyntheticReentrancy01443,SyntheticReentrancy01443,i:unstake1443,unstake,train,FORGE::vfp_00189::Box,i:allocate,allocate,safeTransfer,withdrawalRequests15,752e0624b0e19b2e30f491a954d3970bf09615bb48e3e7081abd8d43c2ac778c,1
SYNTH_REENTRANCY::01444::SyntheticReentrancy01444,SyntheticReentrancy01444,i:redeem1444,redeem,train,FORGE::vfp_00116::L1Mailbox,i:getMsg,getMsg,transfer,shares16,74c712ebad79b674c6e4e405f2e2a93a0154980b6919d86fdc4485934f36156d,1
SYNTH_REENTRANCY::01445::SyntheticReentrancy01445,SyntheticReentrancy01445,i:payout1445,payout,train,DAPP::DAppSCAN-source/contracts/consensys-PoolTogether_Pods/pods-v3-contracts-879dc8b911fc506dd6bead1f36eade919ccfea57::Pod,i:depositTo,depositTo,call,stakes0,ccb8ec8b612438a5319f2195ecc1e45eaa20e169c3391ee44430cfd56c85db27,1
SYNTH_REENTRANCY::01446::SyntheticReentrancy01446,SyntheticReentrancy01446,i:release1446,release,test,FORGE::vfp_00058::LikwidMarginPosition,i:_margin,_margin,transfer,claims1,de2bf614197ae2442cb0975fc11bcbafa0c5913911a578d787a28340398f6cc9,1
SYNTH_REENTRANCY::01447::SyntheticReentrancy01447,SyntheticReentrancy01447,i:exit1447,exit,train,DAPP::DAppSCAN-source/contracts/PeckShield-BNPL/BNPL-0ee587a081668dcab166a3a275b8a6c4794ead4d::BankingNode,i:collectFees,collectFees,send,escrowed2,2944cf779539bb7d482dfc45684febd69c7c9d647ec4746d207a059d7ce87617,1
SYNTH_REENTRANCY::01448::SyntheticReentrancy01448,SyntheticReentrancy01448,i:claim1448,claim,train,FORGE::vfp_00190::BoxAdapterCached,i:updateTotalAssets,updateTotalAssets,safeTransfer,payouts3,461c16ff1608b56c5aa7383f219af6889563a57173f156d88ad811e0d8c48f87,1
SYNTH_REENTRANCY::01449::SyntheticReentrancy01449,SyntheticReentrancy01449,i:settle1449,settle,val,DAPP::DAppSCAN-source/contracts/QuillAudits-GearBox Protocol-GearBox Protocol/gearbox-contracts-0ac33ba87212ce056ac6b6357ad74161d417158a::WETHGateway,i:repayCreditAccountETH,repayCreditAccountETH,transfer,positions4,ca5bf20287405e99f043b5b701e9133e536a42fb258e5d2614722ef83d432613,1
SYNTH_REENTRANCY::01450::SyntheticReentrancy01450,SyntheticReentrancy01450,i:collect1450,collect,train,FORGE::vfp_00221::LimitOrderHook,i:_handleCancelCallback,_handleCancelCallback,call,balances5,2c2898ad2ba53c8b73a6793118da365888cd7a02c7604c3ceba59707f553ba4f,1
SYNTH_REENTRANCY::01451::SyntheticReentrancy01451,SyntheticReentrancy01451,i:harvest1451,harvest,train,DAPP::DAppSCAN-source/contracts/PeckShield-COIN98/code::C98MSiG,i:vote,vote,transfer,credits6,f131fd80392d1135682ab181fd425bedafa01a8bf104a7b6f46d4983eb07a787,1
SYNTH_REENTRANCY::01452::SyntheticReentrancy01452,SyntheticReentrancy01452,i:withdraw1452,withdraw,val,FORGE::vfp_00289::BasketToken,i:proRataRedeem,proRataRedeem,send,pendingRewards7,9daccd0f7e2bc301877a2496f55352884e644e6a715b3c29a7fe21f50cf0b4dc,1
SYNTH_REENTRANCY::01453::SyntheticReentrancy01453,SyntheticReentrancy01453,i:claimReward1453,claimReward,train,DAPP::DAppSCAN-source/contracts/QuillAudits-Yearn Finance-Yearn Protocol V1/yearn-protocol-9ff0dc0ea73642c529383d0675930a41bf033295::yWETH,i:withdrawETH,withdrawETH,safeTransfer,withdrawalRequests8,a156749c33d0448aaec66c5d24e165d9e89660c7b315213380093f271754aa73,1
SYNTH_REENTRANCY::01454::SyntheticReentrancy01454,SyntheticReentrancy01454,i:refund1454,refund,test,"DAPP::DAppSCAN-source/contracts/Coinfabrik-MintingFactoryV2, BaseUpgradableMarketplace & KODAV3UpgradableGatedMarketplace/known-origin-contracts-v3-d592c5f4fa4e0b6fc65a1fce43e302706aedf607::MintingFactoryV2",i:mintBatchEdition,mintBatchEdition,transfer,shares9,0515661b4847803c5419ac52f28697cf1e7b5535f91549dd5dc6fa4a4c00b3f4,1
SYNTH_REENTRANCY::01455::SyntheticReentrancy01455,SyntheticReentrancy01455,i:unstake1455,unstake,train,DAPP::DAppSCAN-source/contracts/Coinbae-Pud.Fi Masterchef_Audit/MasterChef0x15Bee180BB39eE5c0166E63313C33984376930Db::MasterChef,i:safePudTransfer,safePudTransfer,call,stakes10,5e0a4e1a4477e20181160adb9748243291a227be42b62990f38984c146bf6634,1
SYNTH_REENTRANCY::01456::SyntheticReentrancy01456,SyntheticReentrancy01456,i:redeem1456,redeem,train,DAPP::DAppSCAN-source/contracts/Coinbae-TapCoins_Token_Contract/code::UpgradeableToken,i:setUpgradeAgent,setUpgradeAgent,transfer,claims11,820d6bb5a53ce8eb8b49294a8347e5b64fd111c603bc7e47fb27da7900158128,1
SYNTH_REENTRANCY::01457::SyntheticReentrancy01457,SyntheticReentrancy01457,i:payout1457,payout,train,DAPP::DAppSCAN-source/contracts/consensys-PoolTogether_Sushi_and_Yearn_V2_Yield_Sources/pooltogether-yearnv2-yield-source-a34857f1555908a6263d2ebd189f0cb40e1858da::YearnV2YieldSource,i:supplyTokenTo,supplyTokenTo,send,escrowed12,27140fba50bf3a48fbc0d2f35fe8eb5caed91d47cad33990f829758b610faa5f,1
SYNTH_REENTRANCY::01458::SyntheticReentrancy01458,SyntheticReentrancy01458,i:release1458,release,train,FORGE::vfp_00189::Box,i:reallocate,reallocate,safeTransfer,payouts13,ce35ec613482ac13bd46cf8fee3cd57c42292615b11bdd1782d5515c2238918e,1
SYNTH_REENTRANCY::01459::SyntheticReentrancy01459,SyntheticReentrancy01459,i:exit1459,exit,train,DAPP::DAppSCAN-source/contracts/openzeppelin-Endaoment/endaoment-contracts-f60aa253d3d869ad6460877f23e6092acb313add::Fund,i:finalizeGrant,finalizeGrant,transfer,positions14,cdda0b2bfd8fe83e33708213f9f0736ef0e73b5247b9b168508ab21c91470bc3,1
SYNTH_REENTRANCY::01460::SyntheticReentrancy01460,SyntheticReentrancy01460,i:claim1460,claim,train,DAPP::DAppSCAN-source/contracts/PeckShield-KaoyaSwap/contracts-8273073f1d6914f372790399378f177573c52e37::MasterChef,i:deposit,deposit,call,balances15,fe289a5fca86bfafd5773bc9b3b12c37664e8350c58739350874f0472623fee0,1
SYNTH_REENTRANCY::01461::SyntheticReentrancy01461,SyntheticReentrancy01461,i:settle1461,settle,train,DAPP::DAppSCAN-source/contracts/QuillAudits-BCUBE Smart Contract/b-cube-ico-13f9f8a991a65f3e0ca60a2078121fdd5a921fb0::BCubePublicSale,i:buyBcubeUsingUSDT,buyBcubeUsingUSDT,transfer,credits16,4f3061b69e266d444f8316bee1c388f848bd9222823d5e545a3dc2f3262c336d,1
SYNTH_REENTRANCY::01462::SyntheticReentrancy01462,SyntheticReentrancy01462,i:collect1462,collect,test,FORGE::vfp_00288::DelegationMetaSwapAdapter,i:swapTokens,swapTokens,send,pendingRewards0,ee56ba271387190892c3e00730a2f28cf29e21c6444a5525a0d1f437c73087d5,1
SYNTH_REENTRANCY::01463::SyntheticReentrancy01463,SyntheticReentrancy01463,i:harvest1463,harvest,test,FORGE::vfp_00260::Router_Adapter,i:relayMessage,relayMessage,safeTransfer,withdrawalRequests1,715c6d52a573b7be27447c6cda60a8302aa472640327b6c72e3faa8fdabbcced,1
SYNTH_REENTRANCY::01464::SyntheticReentrancy01464,SyntheticReentrancy01464,i:withdraw1464,withdraw,train,FORGE::vfp_00189::Box,i:flash,flash,transfer,shares2,7e32a48d1f325e4b9f48caba9922886903fb3bd3d278b8a77b95afff18fd652c,1
SYNTH_REENTRANCY::01465::SyntheticReentrancy01465,SyntheticReentrancy01465,i:claimReward1465,claimReward,val,DAPP::DAppSCAN-source/contracts/QuillAudits-GearBox Protocol-GearBox Protocol/gearbox-contracts-0ac33ba87212ce056ac6b6357ad74161d417158a::YearnAdapter,i:_deposit,_deposit,call,stakes3,d047421d4298719aca667a7911404fbc4907a451b2a04b3ab290ba8d118c0f9a,1
SYNTH_REENTRANCY::01466::SyntheticReentrancy01466,SyntheticReentrancy01466,i:refund1466,refund,test,DAPP::DAppSCAN-source/contracts/ImmuneBytes-Bird Money-Final Audit Report/bird-farm-contracts-dfd2502b73c8f54c9081682c3eb070fcd3c00629::MasterChef,i:withdraw,withdraw,transfer,claims4,1c32f469814deb9b2fc5556c5047889bf9ac7623a833b090ccd58fc973bbe722,1
SYNTH_REENTRANCY::01467::SyntheticReentrancy01467,SyntheticReentrancy01467,i:unstake1467,unstake,train,DAPP::DAppSCAN-source/contracts/consensys-Gamma/hypervisor-41fd4abf79864478523e87924d4e80d80df04879::Hypervisor,i:withdraw,withdraw,send,escrowed5,36c74663d9a856f8db1d621c26be2bdf1719d6202d952c2c582c9f6cca74312b,1
SYNTH_REENTRANCY::01468::SyntheticReentrancy01468,SyntheticReentrancy01468,i:redeem1468,redeem,val,DAPP::DAppSCAN-source/contracts/QuillAudits-GearBox Protocol-GearBox Protocol/gearbox-contracts-0ac33ba87212ce056ac6b6357ad74161d417158a::CurveV1Adapter,i:exchange,exchange,safeTransfer,payouts6,4c39f57e037ab5420cbf6459d73420d689ddbdc41db078804f7306b313c3ac08,1
SYNTH_REENTRANCY::01469::SyntheticReentrancy01469,SyntheticReentrancy01469,i:payout1469,payout,train,DAPP::DAppSCAN-source/contracts/Coinbae-Pud.Fi Masterchef_Audit/MasterChef0x15Bee180BB39eE5c0166E63313C33984376930Db::MasterChef,i:balance,balance,transfer,positions7,dae6cf11d2ab4a83735c93a2cdc504fce379a0eb3e4f2fca14950411f3be7901,1
SYNTH_REENTRANCY::01470::SyntheticReentrancy01470,SyntheticReentrancy01470,i:release1470,release,test,FORGE::vfp_00058::LikwidMarginPosition,i:modify,modify,call,balances8,e6492ebe528dde1738cdb4a657291f34b1c2e35f5a244550d22809887279ea7d,1
SYNTH_REENTRANCY::01471::SyntheticReentrancy01471,SyntheticReentrancy01471,i:exit1471,exit,train,DAPP::DAppSCAN-source/contracts/PeckShield-BabySwap/code::HoldStake,i:addPool,addPool,transfer,credits9,19ac33d877bca7cfe5c4df4cba88a0e1a8cec2f9a11eee011b915f7dfc1f523d,1
SYNTH_REENTRANCY::01472::SyntheticReentrancy01472,SyntheticReentrancy01472,i:claim1472,claim,train,DAPP::DAppSCAN-source/contracts/PeckShield-Holdefi/Holdefi-5a1e6e0d582120142e8a531f6806eba6665ef2f4::Holdefi,i:repayBorrowInternal,repayBorrowInternal,send,pendingRewards10,b7640f180c04612e85c3dd7fdbf401c46460c679532532cb6c80552fd5e96a28,1
SYNTH_REENTRANCY::01473::SyntheticReentrancy01473,SyntheticReentrancy01473,i:settle1473,settle,val,DAPP::DAppSCAN-source/contracts/Trail_of_Bits-OriginDollar/origin-dollar-81431fd3b2aa4c518ffc389844f9708c00b516f0::VaultCore,i:rebase,rebase,safeTransfer,withdrawalRequests11,cbf90c6b0f54112d103808de065f6307614427dd1db5e53e8e135e5f8a699889,1
SYNTH_REENTRANCY::01474::SyntheticReentrancy01474,SyntheticReentrancy01474,i:collect1474,collect,test,DAPP::DAppSCAN-source/contracts/PeckShield-DarkCrypto/darkcrypto-contracts-fee5be8d36459aebed2b84e6493875b3dc0366fd::SkyRewardPool,i:withdraw,withdraw,transfer,shares12,61b3d3ed0cdfb5ec95b1ed69d36ee50083d9e262b85a30513ff8a197f433690f,1
SYNTH_REENTRANCY::01475::SyntheticReentrancy01475,SyntheticReentrancy01475,i:harvest1475,harvest,train,DAPP::DAppSCAN-source/contracts/Hacken-Ground Zero/code::IDO,i:claimTheInvestments,claimTheInvestments,call,stakes13,d1514b0b2d6a0b539007b2a418ee76adbaf5e861ca506f3b89ed24595c8673c4,1
SYNTH_REENTRANCY::01476::SyntheticReentrancy01476,SyntheticReentrancy01476,i:withdraw1476,withdraw,val,DAPP::DAppSCAN-source/contracts/Runtime_Vеrification-ElementFinance/elf-contracts-637c6f959315cbb11a164555e588520c7d89122b::YVaultAssetProxy,i:reserveDeposit,reserveDeposit,transfer,claims14,012d579b1f60580ce378563a4899dd7a568bc4a2c85a192d22b8d8794f45fb78,1
SYNTH_REENTRANCY::01477::SyntheticReentrancy01477,SyntheticReentrancy01477,i:claimReward1477,claimReward,test,DAPP::DAppSCAN-source/contracts/ImmuneBytes-Bird Money(MasterChef)-Audit Report/bird-farm-contracts-dfd2502b73c8f54c9081682c3eb070fcd3c00629::MasterChef,i:deposit,deposit,send,escrowed15,92b3b2668aa35121bab1633bdd0fb9d4dcc6f54452f9ffd0feb5cf8b18d1db01,1
SYNTH_REENTRANCY::01478::SyntheticReentrancy01478,SyntheticReentrancy01478,i:refund1478,refund,train,DAPP::DAppSCAN-source/contracts/PeckShield-MilkySwap/milkyswap-59f163e9959cf8bae4a521a9648219b553312e07::MasterMilker,i:emergencyWithdraw,emergencyWithdraw,safeTransfer,payouts16,009ebaa75f4c8b4f7c24194c5947d198b268fcae18f9f3f667afcc04840abdc6,1
SYNTH_REENTRANCY::01479::SyntheticReentrancy01479,SyntheticReentrancy01479,i:unstake1479,unstake,train,DAPP::DAppSCAN-source/contracts/Coinbae-Pud.Fi Masterchef_Audit/MasterChef0x15Bee180BB39eE5c0166E63313C33984376930Db::MasterChef,i:setPoolStrategy,setPoolStrategy,transfer,positions0,ceb07eb914c76efb7ca6394efceb0dfd5f10f96d07afbf235293a318b35044a2,1
SYNTH_REENTRANCY::01480::SyntheticReentrancy01480,SyntheticReentrancy01480,i:redeem1480,redeem,train,DAPP::DAppSCAN-source/contracts/Runtime_Vеrification-Element_Finance_Governance_Security_Audit_Report/council-3d751c959b42573c78ccd0bccbc80424bf6d9a90::CoreVoting,i:execute,execute,call,balances1,a2705e5662b4af1b8823d74d8b492ca2f50be5514e6a62df923859087234ce0a,1
SYNTH_REENTRANCY::01481::SyntheticReentrancy01481,SyntheticReentrancy01481,i:payout1481,payout,val,DAPP::DAppSCAN-source/contracts/QuillAudits-GearBox Protocol-GearBox Protocol/gearbox-contracts-0ac33ba87212ce056ac6b6357ad74161d417158a::WETHGateway,i:addLiquidityETH,addLiquidityETH,transfer,credits2,b71df0ed2ced7719e7c2678d7757bb4b997ff0189d910f995362e0408e89d120,1
SYNTH_REENTRANCY::01482::SyntheticReentrancy01482,SyntheticReentrancy01482,i:release1482,release,train,DAPP::DAppSCAN-source/contracts/PeckShield-Atlantis/atlantis-protocol-bsc-766acebba9316eced1c15abf6158b31f470a947f::AToken,i:borrowFresh,borrowFresh,send,pendingRewards3,dde9a15cc2544f952649feab34f4614c88be7aaa7163d805df10644e16754e3f,1
SYNTH_REENTRANCY::01483::SyntheticReentrancy01483,SyntheticReentrancy01483,i:exit1483,exit,train,FORGE::vfp_00088::EnjoyoorsVaultWithdrawals,i:_claimWithdrawal,_claimWithdrawal,safeTransfer,withdrawalRequests4,24f76b89ddd7948758a5a0c691dff7adb90cfaec9bc1477e02b756ab0fb1d7e1,1
SYNTH_REENTRANCY::01484::SyntheticReentrancy01484,SyntheticReentrancy01484,i:claim1484,claim,test,FORGE::vfp_00126::SpokePool,i:_setOftMessenger,_setOftMessenger,transfer,shares5,ca873e936e69ac24906f44019e0ba9ad3546d1ac3e0f83c1c9c8ecb3bee482b2,1
SYNTH_REENTRANCY::01485::SyntheticReentrancy01485,SyntheticReentrancy01485,i:settle1485,settle,train,DAPP::DAppSCAN-source/contracts/QuillAudits-Yearn Finance-Yearn Protocol V1/yearn-protocol-9ff0dc0ea73642c529383d0675930a41bf033295::yDelegatedVault,i:claimInsurance,claimInsurance,call,stakes6,b169d2966d39c12572ddd8789d921316aae74f5e65e022d1225e9ea8a3d86b2e,1
SYNTH_REENTRANCY::01486::SyntheticReentrancy01486,SyntheticReentrancy01486,i:collect1486,collect,train,DAPP::DAppSCAN-source/contracts/PeckShield-SushiSwap/sushiswap-180bc9b642bba79c1ee4a63f71a3a0d36e64aa63::MasterChef,i:withdraw,withdraw,transfer,claims7,247ad4899eddf0b10b53ff54a37dded04068c3f0f23db5915b40253a399d5be1,1
SYNTH_REENTRANCY::01487::SyntheticReentrancy01487,SyntheticReentrancy01487,i:harvest1487,harvest,train,FORGE::vfp_00221::LimitOrderHook,i:_handlePlaceCallback,_handlePlaceCallback,send,escrowed8,3609860194db6982c38e4d086f80e8dd3d5334147b3f87c51a8da4cbcba188d8,1
SYNTH_REENTRANCY::01488::SyntheticReentrancy01488,SyntheticReentrancy01488,i:withdraw1488,withdraw,train,DAPP::DAppSCAN-source/contracts/QuillAudits-Keep3r.Network-Keep3r.Network/StakingRewardsV3-13ecc6966ae1a413f62224382bfd4d64b1a22351::StakingRewardsV3,i:deposit,deposit,safeTransfer,payouts9,6d71f17ee17d82245998c0a6d6a915cd575836eaab7d900066bd0f1004632d21,1
SYNTH_REENTRANCY::01489::SyntheticReentrancy01489,SyntheticReentrancy01489,i:claimReward1489,claimReward,val,DAPP::DAppSCAN-source/contracts/Trail_of_Bits-OriginDollar/origin-dollar-81431fd3b2aa4c518ffc389844f9708c00b516f0::VaultCore,i:_allocate,_allocate,transfer,positions10,31976a3ef63e85d03ad04d0d9027f656ad12e9fd4361a68d708206cdabebcdc1,1
SYNTH_REENTRANCY::01490::SyntheticReentrancy01490,SyntheticReentrancy01490,i:refund1490,refund,train,DAPP::DAppSCAN-source/contracts/Coinbae-Pud.Fi Masterchef_Audit/MasterChef0x15Bee180BB39eE5c0166E63313C33984376930Db::MasterChef,i:withdraw,withdraw,call,balances11,3a6b7d48b707e98a0ea1c2ae472d57bcdd05e27d71acfd17632cf526e2483fb7,1
SYNTH_REENTRANCY::01491::SyntheticReentrancy01491,SyntheticReentrancy01491,i:unstake1491,unstake,train,DAPP::DAppSCAN-source/contracts/Coinbae-Pud.Fi Masterchef_Audit/MasterChef0x15Bee180BB39eE5c0166E63313C33984376930Db::MasterChef,i:add,add,transfer,credits12,babf4fbe29045b43fb8a526f15b892e67cc29d596819316f7be0657d54d643c2,1
SYNTH_REENTRANCY::01492::SyntheticReentrancy01492,SyntheticReentrancy01492,i:redeem1492,redeem,train,DAPP::DAppSCAN-source/contracts/PeckShield-DSG/core-6f607f77698936e132e4e9b5cb4d75580636d919::SinglePool,i:emergencyWithdraw,emergencyWithdraw,send,pendingRewards13,638fc91c8c760df1a8bae5dd1a3247a2d7a7a8a9e76cbab41e1720ab41cfe33e,1
SYNTH_REENTRANCY::01493::SyntheticReentrancy01493,SyntheticReentrancy01493,i:payout1493,payout,test,DAPP::DAppSCAN-source/contracts/BlockSec-blocksec_impossible_finance_swap_v1.2/impossible-swap-core-29aaef89f996acdbee92b67c4d95fb608dc8b876::ImpossibleWrappedToken,i:deposit,deposit,safeTransfer,withdrawalRequests14,ef47233e3224800ab27b4bd60908c6770840e4e9f3ed14542f14bdbd77c2e3ae,1
SYNTH_REENTRANCY::01494::SyntheticReentrancy01494,SyntheticReentrancy01494,i:release1494,release,train,DAPP::DAppSCAN-source/contracts/consensys-Connext NXTP — Noncustodial Xchain Transfer Protocol/nxtp-0656436d654cfe0313fa3c2bbc81aa86232ade16::TransactionManager,i:removeLiquidity,removeLiquidity,transfer,shares15,69051accc9441603a8b60df1e4954d26a8269031c68b1a844eb0b04e461c212c,1
SYNTH_REENTRANCY::01495::SyntheticReentrancy01495,SyntheticReentrancy01495,i:exit1495,exit,train,DAPP::DAppSCAN-source/contracts/PeckShield-DSG/core-6f607f77698936e132e4e9b5cb4d75580636d919::GovernorV1,i:propose,propose,call,stakes16,ed292dd2c85c53fa6d075a5e3640bc185f309ab2b089ca2d797067dc14c1c3a1,1
SYNTH_REENTRANCY::01496::SyntheticReentrancy01496,SyntheticReentrancy01496,i:claim1496,claim,train,DAPP::DAppSCAN-source/contracts/QuillAudits-Yearn Finance-Yearn Protocol V1/yearn-protocol-9ff0dc0ea73642c529383d0675930a41bf033295::yWETH,i:depositETH,depositETH,transfer,claims0,e4b1f19880eccb90d66abd3a2b006a7041d35abb2e26c175381ad474bbe8d1e7,1
SYNTH_REENTRANCY::01497::SyntheticReentrancy01497,SyntheticReentrancy01497,i:settle1497,settle,train,DAPP::DAppSCAN-source/contracts/PeckShield-ShibaNova/Contracts-b6b1ce1fcaff83d360df8944309f49958842b7b8::MasterShiba,i:withdraw,withdraw,send,escrowed1,f4f0fcb55d30f9f3d63b656e77887e8f2e3ed68c11a31c0cfeee5f6198962d95,1
SYNTH_REENTRANCY::01498::SyntheticReentrancy01498,SyntheticReentrancy01498,i:collect1498,collect,train,FORGE::vfp_00221::LimitOrderHook,i:cancelOrder,cancelOrder,safeTransfer,payouts2,e5e870e9ea567e5d18fc8e2b58b64dd193e50de1ec4b66d173d93e7a597ea952,1
SYNTH_REENTRANCY::01499::SyntheticReentrancy01499,SyntheticReentrancy01499,i:harvest1499,harvest,train,DAPP::DAppSCAN-source/contracts/PeckShield-PikaPerpV2/PikaPerpV2-4a0965ff90ed099b7e2d3e8dda47cd589ee8e3a2::PikaPerpV2,i:closePositionWithId,closePositionWithId,transfer,positions3,3afe2ee19afd7c3e1be074cf07e0c48a7898b4e3b2f14e3645a5fe67f785f9ea,1
SYNTH_REENTRANCY::01500::SyntheticReentrancy01500,SyntheticReentrancy01500,i:withdraw1500,withdraw,val,DAPP::DAppSCAN-source/contracts/QuillAudits-GearBox Protocol-GearBox Protocol/gearbox-contracts-0ac33ba87212ce056ac6b6357ad74161d417158a::UniswapV3Adapter,i:exactInputSingle,exactInputSingle,call,balances4,aa96b33697666703d1be2f70a16f5b9cae6c51494f3dd0f423c38268ee5be64c,1
SYNTH_REENTRANCY::01501::SyntheticReentrancy01501,SyntheticReentrancy01501,i:claimReward1501,claimReward,val,DAPP::DAppSCAN-source/contracts/QuillAudits-GearBox Protocol-GearBox Protocol/gearbox-contracts-0ac33ba87212ce056ac6b6357ad74161d417158a::PoolService,i:lendCreditAccount,lendCreditAccount,transfer,credits5,9b4b75367cb75f6d5230a8c01640baa3e578bb506e17635a7103a86fef029b44,1
SYNTH_REENTRANCY::01502::SyntheticReentrancy01502,SyntheticReentrancy01502,i:refund1502,refund,val,DAPP::DAppSCAN-source/contracts/SlowMist-Starcrazy Smart Contract Security Audit Report/starcrazy-contracts-e9e11d234ac065726e108a73dfcd5efbad26f2c5::ClockAuctionBase,i:setGeneScienceAddress,setGeneScienceAddress,send,pendingRewards6,bc6bace6f16fac6480b86cf8103ef01ea0a6170ab77d758a4accf1015cde5faf,1
SYNTH_REENTRANCY::01503::SyntheticReentrancy01503,SyntheticReentrancy01503,i:unstake1503,unstake,val,DAPP::DAppSCAN-source/contracts/QuillAudits-GearBox Protocol-GearBox Protocol/gearbox-contracts-0ac33ba87212ce056ac6b6357ad74161d417158a::UniswapV2Adapter,i:swapTokensForExactTokens,swapTokensForExactTokens,safeTransfer,withdrawalRequests7,489a38ba455dbad30a19bdb1d6dc5eba838d59294b0676c976ac1f16b84291b0,1
SYNTH_REENTRANCY::01504::SyntheticReentrancy01504,SyntheticReentrancy01504,i:redeem1504,redeem,val,DAPP::DAppSCAN-source/contracts/PeckShield-TranchessV1.1/contract-core-68a86350313c1cb9e5467e791d3e9efaf228a0df::StakingV2,i:deposit,deposit,transfer,shares8,4242eeffd5f7ae9eec8db39127a1c76a228836f41eb650ee49001cf5bc330478,1
SYNTH_REENTRANCY::01505::SyntheticReentrancy01505,SyntheticReentrancy01505,i:payout1505,payout,train,FORGE::vfp_00224::OidcRecoveryValidator,i:startRecovery,startRecovery,call,stakes9,fe86ad39d0bd66032c31e59e60b048722a5e4ca2e93d656761b24cda23f0e962,1
SYNTH_REENTRANCY::01506::SyntheticReentrancy01506,SyntheticReentrancy01506,i:release1506,release,train,DAPP::DAppSCAN-source/contracts/QuillAudits-1inch-Fixed Rate Swap/fixed-rate-swap-0b5a75e9f56e7d21c290dd28c59dc140dcbcc1d5::FixedRateSwap,i:depositFor,depositFor,transfer,claims10,2344e3355a70fce29c469a7d0aedfd21144121261b6a2a42d7dcea1616fb6607,1
SYNTH_REENTRANCY::01507::SyntheticReentrancy01507,SyntheticReentrancy01507,i:exit1507,exit,train,DAPP::DAppSCAN-source/contracts/PeckShield-Holdefi/Holdefi-5a1e6e0d582120142e8a531f6806eba6665ef2f4::HoldefiSettings,i:setHoldefiContract,setHoldefiContract,send,escrowed11,46edff0a1949e1cf7f10c4b0540e49338e52a38162cb73e81fb896b264c1a1fe,1
SYNTH_REENTRANCY::01508::SyntheticReentrancy01508,SyntheticReentrancy01508,i:claim1508,claim,train,DAPP::DAppSCAN-source/contracts/Chainsecurity-Compound  cToken unredacted/compound-protocol-4a54ec5c55b66ea67d44b76f3056f0ed7229db8c::Comptroller,i:liquidateBorrowAllowed,liquidateBorrowAllowed,safeTransfer,payouts12,9ceb554c26ebf56c2f1d3df7bc511bff7f89d7149652407c7dc000bdbe56a94c,1
SYNTH_REENTRANCY::01509::SyntheticReentrancy01509,SyntheticReentrancy01509,i:settle1509,settle,train,DAPP::DAppSCAN-source/contracts/openzeppelin-Optimism/contracts-18e128343731b9bde23812ce932e24d81440b6b7::OVM_StateTransitioner,i:applyTransaction,applyTransaction,transfer,positions13,0241bb9e44e70a0cf5cbfc3f09d2b7d1a126bc8f2a084a9d3bdfff7ad569da62,1
SYNTH_REENTRANCY::01510::SyntheticReentrancy01510,SyntheticReentrancy01510,i:collect1510,collect,val,DAPP::DAppSCAN-source/contracts/QuillAudits-GearBox Protocol-GearBox Protocol/gearbox-contracts-0ac33ba87212ce056ac6b6357ad74161d417158a::YearnAdapter,i:withdraw,withdraw,call,balances14,11532eac41b02ffbddd76385a56731a184575b6b498790f36b363fd94765c821,1
SYNTH_REENTRANCY::01511::SyntheticReentrancy01511,SyntheticReentrancy01511,i:harvest1511,harvest,train,DAPP::DAppSCAN-source/contracts/QuillAudits-Abyss Finance-Abyss Eth2 Depositor/abyss-eth2depositor-a2d58dea4d79846dc682fe93ac3e0eca02323d11::AbyssEth2Depositor,i:deposit,deposit,transfer,credits15,762712828b374fa7418b4a73a3a918d2aa751a3086f7c9650f16dccd6f1dd136,1
SYNTH_REENTRANCY::01512::SyntheticReentrancy01512,SyntheticReentrancy01512,i:withdraw1512,withdraw,train,DAPP::DAppSCAN-source/contracts/Coinbae-Pud.Fi Masterchef_Audit/MasterChef0x15Bee180BB39eE5c0166E63313C33984376930Db::MasterChef,i:deposit,deposit,send,pendingRewards16,7b81d3d73b1612271affe7d6a6827f513877610b555f0116d208077bb0bf878f,1
SYNTH_REENTRANCY::01513::SyntheticReentrancy01513,SyntheticReentrancy01513,i:claimReward1513,claimReward,val,DAPP::DAppSCAN-source/contracts/SlowMist-Starcrazy Smart Contract Security Audit Report/starcrazy-contracts-e9e11d234ac065726e108a73dfcd5efbad26f2c5::AlianaSale,i:withdrawOwnerCutSale,withdrawOwnerCutSale,safeTransfer,withdrawalRequests0,8080bd6bd47b9a449272146f93c1eb59a49325a1dd359c215b7a2ba18b1b1d25,1
SYNTH_REENTRANCY::01514::SyntheticReentrancy01514,SyntheticReentrancy01514,i:refund1514,refund,val,FORGE::vfp_00001::AgentImageService,i:fulfillImage,fulfillImage,transfer,shares1,2210a7cdeab848487b47d101fdf05326b96ca7a14eed4b98acd59f52990a69ec,1
SYNTH_REENTRANCY::01515::SyntheticReentrancy01515,SyntheticReentrancy01515,i:unstake1515,unstake,test,FORGE::vfp_00058::LikwidMarginPosition,i:_executeAddLeverage,_executeAddLeverage,call,stakes2,386ef16b50b69c6157fcc4f697ffa386d18ff1e79dc2585b680be6123b5d4c25,1
SYNTH_REENTRANCY::01516::SyntheticReentrancy01516,SyntheticReentrancy01516,i:redeem1516,redeem,train,DAPP::DAppSCAN-source/contracts/Chainsecurity-Compound  cToken unredacted/compound-protocol-4a54ec5c55b66ea67d44b76f3056f0ed7229db8c::CToken,i:_setComptroller,_setComptroller,transfer,claims3,2988fae31a458d66fd3b9fcda0ac51f0e7c76bddc74e2f764acb797c864c4d7c,1
SYNTH_REENTRANCY::01517::SyntheticReentrancy01517,SyntheticReentrancy01517,i:payout1517,payout,val,DAPP::DAppSCAN-source/contracts/Trail_of_Bits-OriginDollar/origin-dollar-81431fd3b2aa4c518ffc389844f9708c00b516f0::VaultCore,i:_redeem,_redeem,send,escrowed4,02e6f0a710b6370dc4a97231f89e5cce4661890b7670eb31393d7fa999994e93,1
SYNTH_REENTRANCY::01518::SyntheticReentrancy01518,SyntheticReentrancy01518,i:release1518,release,val,DAPP::DAppSCAN-source/contracts/QuillAudits-GearBox Protocol-GearBox Protocol/gearbox-contracts-0ac33ba87212ce056ac6b6357ad74161d417158a::AccountFactory,i:returnCreditAccount,returnCreditAccount,safeTransfer,payouts5,0e80ea75d5665e7529d0b01a1be7cd8d03f6cf58e0c850f196d2313ea8a9ae4a,1
SYNTH_REENTRANCY::01519::SyntheticReentrancy01519,SyntheticReentrancy01519,i:exit1519,exit,train,FORGE::vfp_00102::StopLimit,i:performUpkeep,performUpkeep,transfer,positions6,8df27a4300f3a91901bb8ba6058e05765001c223888010a9355fb795a4f0e044,1
SYNTH_REENTRANCY::01520::SyntheticReentrancy01520,SyntheticReentrancy01520,i:claim1520,claim,train,FORGE::vfp_00007::Folio,i:getRebalance,getRebalance,call,balances7,3fd216206c026269c04d719056c2d79868ab2bccf83f98d6b2aaa120cc211093,1
SYNTH_REENTRANCY::01521::SyntheticReentrancy01521,SyntheticReentrancy01521,i:settle1521,settle,train,DAPP::DAppSCAN-source/contracts/BlockSec-blocksec_multichain_vemult_v1.0_signed/veMULTI-bac804399d1ea280e5bd8cdc9488b6fa6a0a7fcc::ve,i:withdraw,withdraw,transfer,credits8,aedd6d30fc1b91781a6e5bd9f85014cb9dfc8214edba52f79889da160b4b1ea2,1
SYNTH_REENTRANCY::01522::SyntheticReentrancy01522,SyntheticReentrancy01522,i:collect1522,collect,val,DAPP::DAppSCAN-source/contracts/QuillAudits-GearBox Protocol-GearBox Protocol/gearbox-contracts-0ac33ba87212ce056ac6b6357ad74161d417158a::WETHGateway,i:openCreditAccountETH,openCreditAccountETH,send,pendingRewards9,2ee1760e34dbb0194839a78687930b4f7b79dfb27ed15e48d7f4ca0685e6ad19,1
SYNTH_REENTRANCY::01523::SyntheticReentrancy01523,SyntheticReentrancy01523,i:harvest1523,harvest,val,DAPP::DAppSCAN-source/contracts/QuillAudits-GearBox Protocol-GearBox Protocol/gearbox-contracts-0ac33ba87212ce056ac6b6357ad74161d417158a::UniswapV3Adapter,i:exactOutput,exactOutput,safeTransfer,withdrawalRequests10,3d35a58dd9c807ea0fa56cb836bfef7c32dc0ccf5da3a4ecaa2c4b6b2b57af04,1
SYNTH_REENTRANCY::01524::SyntheticReentrancy01524,SyntheticReentrancy01524,i:withdraw1524,withdraw,val,DAPP::DAppSCAN-source/contracts/SlowMist-Starcrazy Smart Contract Security Audit Report/starcrazy-contracts-e9e11d234ac065726e108a73dfcd5efbad26f2c5::AlianaBase,i:setGeneScienceAddress,setGeneScienceAddress,transfer,shares11,99fe89ad77456bf9a6aa5ee84aa6fd3d2c06bad19f3d01717739cde5accfae22,1
SYNTH_REENTRANCY::01525::SyntheticReentrancy01525,SyntheticReentrancy01525,i:claimReward1525,claimReward,val,DAPP::DAppSCAN-source/contracts/SlowMist-Starcrazy Smart Contract Security Audit Report/starcrazy-contracts-e9e11d234ac065726e108a73dfcd5efbad26f2c5::AlianaOwnership,i:setGeneScienceAddress,setGeneScienceAddress,call,stakes12,7cf1c62003b1d6e129bd26d0ec3e8a2c3301e6cac461d1f25a3a5fbd18d04796,1
SYNTH_REENTRANCY::01526::SyntheticReentrancy01526,SyntheticReentrancy01526,i:refund1526,refund,test,DAPP::DAppSCAN-source/contracts/Hacken-Powerbomb-V1/powerbomb-lite-0f86ff1eecdd723be733a9b33ff4ffa3bbdadcee::PowerBombAvaxCurve,i:claimReward,claimReward,transfer,claims13,735158488245656c55cadd1212854160903b012cd91b81fa023637a832dc0327,1
SYNTH_REENTRANCY::01527::SyntheticReentrancy01527,SyntheticReentrancy01527,i:unstake1527,unstake,train,DAPP::DAppSCAN-source/contracts/QuillAudits-Alium Finance Smart Contract/alium-farm-e37d6af39af68049c2684085f025385407b4bd55::MasterChef,i:emergencyWithdraw,emergencyWithdraw,send,escrowed14,ecea077bb6a7561be62ae01e73e741bb50dc6dc28612bf2048d802d9a070b2bb,1
SYNTH_REENTRANCY::01528::SyntheticReentrancy01528,SyntheticReentrancy01528,i:redeem1528,redeem,train,DAPP::DAppSCAN-source/contracts/openzeppelin-Solo_Margin_Protocol/solo-17df84db351d5438e1b7437572722b4f52c8b2b4::AdminImpl,i:_setPriceOracle,_setPriceOracle,safeTransfer,payouts15,945d1dbe3f9b90b1bc5cb58ba07412418d2acddae8af35d8440ab2ee49d8365e,1
SYNTH_REENTRANCY::01529::SyntheticReentrancy01529,SyntheticReentrancy01529,i:payout1529,payout,train,FORGE::vfp_00215::ScrollChainValidium,i:registerNewEncryptionKey,registerNewEncryptionKey,transfer,positions16,56f037d209fb5f006cdfb0ee64b7fe074a747717877524e0f08a5271dac9ce99,1
SYNTH_REENTRANCY::01530::SyntheticReentrancy01530,SyntheticReentrancy01530,i:release1530,release,train,DAPP::DAppSCAN-source/contracts/Runtime_Vеrification-stakefish_ethereum_staking_audit_report/eth2-validation-services-contract-d91928f3a270f6115831fe3a21a69eb98bf57b26::StakefishERC721Wrapper,i:mintTo,mintTo,call,balances0,f93e7e6540cf37209ba0f38e03f9b735d9cce15b678ccd25378b2c8d6f3d9a2f,1
SYNTH_REENTRANCY::01531::SyntheticReentrancy01531,SyntheticReentrancy01531,i:exit1531,exit,val,DAPP::DAppSCAN-source/contracts/PeckShield-Tranchessv1.0/contract-core-5ac3d997da3ef37b0135565a11c5ebcc519862aa::LiquidityStaking,i:deposit,deposit,transfer,credits1,d1f66bbe5b14fa012d9e117896d3b56f35c2fd35ff95e35ce1b4546548f0290d,1
SYNTH_REENTRANCY::01532::SyntheticReentrancy01532,SyntheticReentrancy01532,i:claim1532,claim,train,FORGE::vfp_00209::StakingManager,i:withdraw,withdraw,send,pendingRewards2,238e6944f5bbbc1e966cc0fe1386412fff020f7840f277acc50bba9405cb1bb4,1
SYNTH_REENTRANCY::01533::SyntheticReentrancy01533,SyntheticReentrancy01533,i:settle1533,settle,train,DAPP::DAppSCAN-source/contracts/Trail_of_Bits-ampleforth/market-oracle-888fccaf05786f3f7f49e18ff040f911d44906f4::MarketOracle,i:getPriceAnd24HourVolume,getPriceAnd24HourVolume,safeTransfer,withdrawalRequests3,e204246501c856ec485551de73a83b353c0b482c2c2a7678f14ad2945ea552a5,1
SYNTH_REENTRANCY::01534::SyntheticReentrancy01534,SyntheticReentrancy01534,i:collect1534,collect,train,DAPP::DAppSCAN-source/contracts/PeckShield-Rikkei/rifi-protocol-b33243fb3a218cc195f0727fe1499cb57f5ea0b2::RToken,i:borrowFresh,borrowFresh,transfer,shares4,006e4022091ba2459d5faff650b9383f73b93d0e86cb7ac9ea1facc7f811e8ca,1
SYNTH_REENTRANCY::01535::SyntheticReentrancy01535,SyntheticReentrancy01535,i:harvest1535,harvest,train,FORGE::vfp_00007::Folio,i:startRebalance,startRebalance,call,stakes5,1b5685ec0131e8d6282ab89f2aaea6b376c068e22e7fb98c4814a67c4226934a,1
SYNTH_REENTRANCY::01536::SyntheticReentrancy01536,SyntheticReentrancy01536,i:withdraw1536,withdraw,val,DAPP::DAppSCAN-source/contracts/Runtime_Vеrification-Tracer_Perpetual_Pools_V2/perpetual-pools-contracts-846bbf62652d7c83aee1cf3766275c4d08b00c8a::PoolFactory,i:deployPool,deployPool,transfer,claims6,88598d2b037f21b19e37b03c7caf5c98aade7256b0299d047fc56448b0b37167,1
SYNTH_REENTRANCY::01537::SyntheticReentrancy01537,SyntheticReentrancy01537,i:claimReward1537,claimReward,train,DAPP::DAppSCAN-source/contracts/Trail_of_Bits-FraxQ42021/frax-solidity-bd40775e283923aa9e32a107abd426430a99835e::veFXSYieldDistributorV4,i:notifyRewardAmount,notifyRewardAmount,send,escrowed7,594da0c4ea8618639b51dbd2ae6bed75715b98becc4233f8f713c274af8d598f,1
SYNTH_REENTRANCY::01538::SyntheticReentrancy01538,SyntheticReentrancy01538,i:refund1538,refund,train,FORGE::vfp_00007::Folio,i:mint,mint,safeTransfer,payouts8,7191c7a2edc15a80ce52267341b332e183d0a78e651a581df09d7795296aa5a2,1
SYNTH_REENTRANCY::01539::SyntheticReentrancy01539,SyntheticReentrancy01539,i:unstake1539,unstake,test,DAPP::DAppSCAN-source/contracts/SlowMist-ForTube2.0 Smart Contract Security Audit Report/bond-854527d0ea7ad2ddd3504b4d4ae3fcb57cb6445d::PRA,i:lock,lock,transfer,positions9,a46ffaa312499da5d60625de8eee5985599d5334ccf60aed0b5de1722ad63061,1
SYNTH_REENTRANCY::01540::SyntheticReentrancy01540,SyntheticReentrancy01540,i:redeem1540,redeem,train,FORGE::vfp_00007::Folio,i:distributeFees,distributeFees,call,balances10,fed38071684228deb0112712e7f17558f45c79fc5cb9fea409259fe9330915cd,1
SYNTH_REENTRANCY::01541::SyntheticReentrancy01541,SyntheticReentrancy01541,i:payout1541,payout,train,DAPP::DAppSCAN-source/contracts/PeckShield-BabySwap/code::MasterChef,i:withdraw,withdraw,transfer,credits11,96de0b3a52cd028f5b6653895743933c166781a625cbdf6897abe3970660347d,1
SYNTH_REENTRANCY::01542::SyntheticReentrancy01542,SyntheticReentrancy01542,i:release1542,release,train,DAPP::DAppSCAN-source/contracts/QuillAudits-coalichain/CoaliSC-3f0920d650467279f7ceee08776bd74ecadd3237::Main,i:createBallot,createBallot,send,pendingRewards12,a909c29c14b203aacf6c3abbd934e03150a3b3453d239e98ab73fe0335b57519,1
SYNTH_REENTRANCY::01543::SyntheticReentrancy01543,SyntheticReentrancy01543,i:exit1543,exit,val,DAPP::DAppSCAN-source/contracts/Trail_of_Bits-OriginDollar/origin-dollar-81431fd3b2aa4c518ffc389844f9708c00b516f0::VaultCore,i:mintMultiple,mintMultiple,safeTransfer,withdrawalRequests13,ed108ed6ddd3ebe1f6a359eac7acafbead4b0b27c691b77abb18a9ba28723b42,1
SYNTH_REENTRANCY::01544::SyntheticReentrancy01544,SyntheticReentrancy01544,i:claim1544,claim,test,DAPP::DAppSCAN-source/contracts/PepperSec-Aira-Robonomic/robonomics_contracts-cc35a91de187072214d215262d8371f0159c2498::LighthouseLib,i:withdraw,withdraw,transfer,shares14,f22add6797281165aab0cb6e3a39706732bcdd90b77e6cf21c52d2dcd026df5b,1
SYNTH_REENTRANCY::01545::SyntheticReentrancy01545,SyntheticReentrancy01545,i:settle1545,settle,train,DAPP::DAppSCAN-source/contracts/PeckShield-Convex_Frax/frax-cvx-platform-2f8573ee796daa022c1050b4a749bf08049c439b::StakingProxyUniV3,i:lockAdditional,lockAdditional,call,stakes15,3a8837a975328ab5fe3bd98709b86460a851796f69f000f12c7207d8e8b069c5,1
SYNTH_REENTRANCY::01546::SyntheticReentrancy01546,SyntheticReentrancy01546,i:collect1546,collect,train,DAPP::DAppSCAN-source/contracts/PeckShield-CryptoHeroes/cryptoheroes-6cb0eaf8c88fdaab89d2b4c83535a189c7793001::CryptoHeroesUniverse,i:deposit,deposit,transfer,claims16,7093ddec59717b7dbe7fcf6b88ca6bfea151edb5b6d3ec2f669037b9e9758744,1
SYNTH_REENTRANCY::01547::SyntheticReentrancy01547,SyntheticReentrancy01547,i:harvest1547,harvest,train,DAPP::DAppSCAN-source/contracts/Chainsecurity-Angle Protocol/angle-core-46e6d32837cbe97a4af0adb693e63afa0d01fc3e::PerpetualManagerFront,i:openPerpetual,openPerpetual,send,escrowed0,bbf41a09922f9a31152d26fb4fd3c66c208b6132a0355a8c1277066156015d5c,1
SYNTH_REENTRANCY::01548::SyntheticReentrancy01548,SyntheticReentrancy01548,i:withdraw1548,withdraw,train,DAPP::DAppSCAN-source/contracts/PeckShield-Hegic(v8888)/Hegic-v8888-2dcd44dc1ae07881e94d52fa618f9704bfd4ffda::HegicPool,i:provideFrom,provideFrom,safeTransfer,payouts1,469769db9aafbd02847cf47142cc9819937876d6b3f4fde16484b8217041a7b8,1
SYNTH_REENTRANCY::01549::SyntheticReentrancy01549,SyntheticReentrancy01549,i:claimReward1549,claimReward,train,FORGE::vfp_00174::P2pResolvProxy,i:withdrawRESOLV,withdrawRESOLV,transfer,positions2,c575e697fc0873bc5b397dd970c1933b31c4212e2017429e0ac45d216572a01e,1
SYNTH_REENTRANCY::01550::SyntheticReentrancy01550,SyntheticReentrancy01550,i:refund1550,refund,train,DAPP::DAppSCAN-source/contracts/QuillAudits-Bond Appetit-Bond Appetit/bondappetit-protocol-355180f0aca0b29d60d808f761052956b7a3a159::ProfitSplitter,i:_payToRecipients,_payToRecipients,call,balances3,3c4f0d980e520eb1830591a5f1689ddee5578305ec7359b1a670104b313fbb20,1
SYNTH_REENTRANCY::01551::SyntheticReentrancy01551,SyntheticReentrancy01551,i:unstake1551,unstake,train,FORGE::vfp_00209::StakingManager,i:stake,stake,transfer,credits4,200857f3e6e066a743aa27c2b611da09b1944f36e5907820bb23177846f095d9,1
SYNTH_REENTRANCY::01552::SyntheticReentrancy01552,SyntheticReentrancy01552,i:redeem1552,redeem,test,DAPP::DAppSCAN-source/contracts/Solidity_Finance-OKLG - Smart Contract/contracts-e167d0d742d21bcc62d7a5b770a1f0ed1cf31eca::MTGYTokenLocker,i:withdrawLockedTokens,withdrawLockedTokens,send,pendingRewards5,e105a1a2007f4899edca55c1d2cbfa45bd691028b97c2cbd7720c8dea7690805,1
SYNTH_REENTRANCY::01553::SyntheticReentrancy01553,SyntheticReentrancy01553,i:payout1553,payout,val,DAPP::DAppSCAN-source/contracts/consensys-DeFi_Saver/defisaver-v3-contracts-cb29669a84c2d6fffaf2231c0938eb407c060919::FLAaveV2,i:executeOperation,executeOperation,safeTransfer,withdrawalRequests6,ebe5979c0abe0b024a95f172ca34c1cbd0c50a286ce45a9f36ef311291532720,1
SYNTH_REENTRANCY::01554::SyntheticReentrancy01554,SyntheticReentrancy01554,i:release1554,release,train,DAPP::DAppSCAN-source/contracts/Iosiro-1inch Exchange Staking Rewards Smart Contract Audit/liquidity-protocol-c9c8bc600e8e7897f70f84b006de601d4f4bcbe3::BaseRewards,i:getReward,getReward,transfer,shares7,ad87e60507e379c247a395d0a6fd8812c7fec2180e4989cf7eef8dd8e24c712e,1
SYNTH_REENTRANCY::01555::SyntheticReentrancy01555,SyntheticReentrancy01555,i:exit1555,exit,train,FORGE::vfp_00102::StopLimit,i:modifyOrder,modifyOrder,call,stakes8,8aeaa4befc35c8b9bbf01a0357560d3645e6ec51fb539d555354f76b36560fef,1
SYNTH_REENTRANCY::01556::SyntheticReentrancy01556,SyntheticReentrancy01556,i:claim1556,claim,val,FORGE::vfp_00001::AgentImageService,i:requestImage,requestImage,transfer,claims9,2604682ec405591df3538636c0c1e47d1784e21c9f33295b3220edb5a8e27154,1
SYNTH_REENTRANCY::01557::SyntheticReentrancy01557,SyntheticReentrancy01557,i:settle1557,settle,train,FORGE::vfp_00189::Box,i:deallocate,deallocate,send,escrowed10,fc84bf40b4e0929dc4d59fe1535a288134be879c8e66e1adc4ebf63d28bb8018,1
SYNTH_REENTRANCY::01558::SyntheticReentrancy01558,SyntheticReentrancy01558,i:collect1558,collect,val,DAPP::DAppSCAN-source/contracts/QuillAudits-GearBox Protocol-GearBox Protocol/gearbox-contracts-0ac33ba87212ce056ac6b6357ad74161d417158a::UniswapV3Adapter,i:exactInput,exactInput,safeTransfer,payouts11,a8c096a8a98c8e4e1904966c6c0b8e5aaea4356d16465cb7b661d1c269bcaef8,1
SYNTH_REENTRANCY::01559::SyntheticReentrancy01559,SyntheticReentrancy01559,i:harvest1559,harvest,train,DAPP::DAppSCAN-source/contracts/PeckShield-StackerVC/StackerVC_VentureFund001-3cfb98b21f4731dfd62993feb7c7d1540837f59b::LPGauge,i:deposit,deposit,transfer,positions12,443ab9ae3f66014f9835f87a54d3761ed2c8eb95737836e08541a09c02ce5f66,1
SYNTH_REENTRANCY::01560::SyntheticReentrancy01560,SyntheticReentrancy01560,i:withdraw1560,withdraw,train,DAPP::DAppSCAN-source/contracts/consensys-Aave_Protocol_V2/aave-protocol-v2-f756f44a8d6a328cd545335e46e7128939db88c4::LendingPool,i:deposit,deposit,call,balances13,4982a8c380de20ebc51d94f2a687e47a673f92ee09c3766e26ab3c3f63488dc3,1
SYNTH_REENTRANCY::01561::SyntheticReentrancy01561,SyntheticReentrancy01561,i:claimReward1561,claimReward,test,DAPP::DAppSCAN-source/contracts/Trail_of_Bits-Liquity/dev-f0df3efa5a5f05b205752184cfce107c5bd6e06c::BorrowerOperations,i:_moveTokensAndETHfromAdjustment,_moveTokensAndETHfromAdjustment,transfer,credits14,698baa0e55da953551ff6ba2229e68c19b4f541c3776ac2b3fa36be8a65bfd26,1
SYNTH_REENTRANCY::01562::SyntheticReentrancy01562,SyntheticReentrancy01562,i:refund1562,refund,train,DAPP::DAppSCAN-source/contracts/Coinbae-Hakka_Finance_wHakka/code::wHakka,i:stake,stake,send,pendingRewards15,efbc712e8ad33963c60388c18bc94a753915abafdab7b58b97926bcf41a6c9a1,1
SYNTH_REENTRANCY::01563::SyntheticReentrancy01563,SyntheticReentrancy01563,i:unstake1563,unstake,train,DAPP::DAppSCAN-source/contracts/consensys-Idle_Finance/idle-tranches-d94ee7194e8cb17db13b16c338f3e780b62f5435::IdleCDO,i:_deposit,_deposit,safeTransfer,withdrawalRequests16,95a3384cb49876195bd9b9d5820907f6a157044b8fb1c5da66e5065f8c2ad286,1
SYNTH_REENTRANCY::01564::SyntheticReentrancy01564,SyntheticReentrancy01564,i:redeem1564,redeem,test,DAPP::DAppSCAN-source/contracts/PepperSec-Aira-Robonomic/robonomics_contracts-cc35a91de187072214d215262d8371f0159c2498::RobotLiabilityLib,i:finalize,finalize,transfer,shares0,d4447fe8a98e542bba796200922e0f4d86e8b385d42bfcf19417572208b1fcef,1
SYNTH_REENTRANCY::01565::SyntheticReentrancy01565,SyntheticReentrancy01565,i:payout1565,payout,train,DAPP::DAppSCAN-source/contracts/Chainsulting-Furucombo-project2/trevi-b3f7fd332873321152db48c9d43fc23a60a29f1a::FountainBase,i:_depositAngel,_depositAngel,call,stakes1,ad345d39d81c62d946789ac3ce093ecefcc62b211cd7c7d4487568f2731b4e70,1
SYNTH_REENTRANCY::01566::SyntheticReentrancy01566,SyntheticReentrancy01566,i:release1566,release,train,FORGE::vfp_00096::MarketConfigurator,i:_migrateFactoryTargets,_migrateFactoryTargets,transfer,claims2,b34b10cd9196d40a87a9542595657508b16123a197f8c456539147847c71e4fa,1
SYNTH_REENTRANCY::01567::SyntheticReentrancy01567,SyntheticReentrancy01567,i:exit1567,exit,train,DAPP::DAppSCAN-source/contracts/PeckShield-Buffer/code::BufferBNBOptions,i:create,create,send,escrowed3,97d7fc1eca13eec5e073bbb29268df2d4dc2e64843bec2874e191a270aa31e45,1
SYNTH_REENTRANCY::01568::SyntheticReentrancy01568,SyntheticReentrancy01568,i:claim1568,claim,train,DAPP::DAppSCAN-source/contracts/consensys-Skyweaver/Skyweaver-contracts-bde0c184db6168bf86656a48b12d5747950b54d9::EternalHeroesFactory,i:_buy,_buy,safeTransfer,payouts4,dace5acaa39b66c1adb883d5d51a2ba0e99ce9d4cc7ca0bd18602ce5a3d7a678,1
SYNTH_REENTRANCY::01569::SyntheticReentrancy01569,SyntheticReentrancy01569,i:settle1569,settle,train,DAPP::DAppSCAN-source/contracts/consensys-Aave_Protocol_V2/aave-protocol-v2-f756f44a8d6a328cd545335e46e7128939db88c4::LendingPool,i:flashLoan,flashLoan,transfer,positions5,aaf74ba4ca35c864f1080dd6bd3caf4ed2999d7e35ff9a1583004cc8fe06ed82,1
SYNTH_REENTRANCY::01570::SyntheticReentrancy01570,SyntheticReentrancy01570,i:collect1570,collect,train,DAPP::DAppSCAN-source/contracts/Coinbae-Barnbridge_Vault/CommunityVault0xA3C299eEE1998F45c20010276684921EBE6423D9::CommunityVault,i:setAllowance,setAllowance,call,balances6,233390f2b0d6dcfae5810223110281b6ffdd2a0114b6ec1dfca6861481f66da7,1
SYNTH_REENTRANCY::01571::SyntheticReentrancy01571,SyntheticReentrancy01571,i:harvest1571,harvest,train,DAPP::DAppSCAN-source/contracts/Trail_of_Bits-MapleFinance/liquidations-35c628e5ab45fbffaab7aef43a030a98b712a94a::Liquidator,i:liquidatePortion,liquidatePortion,transfer,credits7,8129a976e37e28bdd805b82adbd8e02eda85eab9e757ad1748dac2b010eff549,1
SYNTH_REENTRANCY::01572::SyntheticReentrancy01572,SyntheticReentrancy01572,i:withdraw1572,withdraw,test,DAPP::DAppSCAN-source/contracts/consensys-GrowthDeFi WHEAT/wheat-v1-core-8360ac0a537589bb974e8a5a169bb3e7c95d2857::Exchange,i:convertFundsFromInput,convertFundsFromInput,send,pendingRewards8,24385be3a28710afc84dce5274b9656d2d3b099fc24f1cc3aeb5e85627dacaf3,1
SYNTH_REENTRANCY::01573::SyntheticReentrancy01573,SyntheticReentrancy01573,i:claimReward1573,claimReward,test,DAPP::DAppSCAN-source/contracts/ImmuneBytes-Bird Money(MasterChef)-Audit Report/bird-farm-contracts-dfd2502b73c8f54c9081682c3eb070fcd3c00629::MasterChef,i:emergencyWithdraw,emergencyWithdraw,safeTransfer,withdrawalRequests9,ca98b6f412c7e29b5955f0684ea1f501f448a067a77304e7df6af5a06b103416,1
SYNTH_REENTRANCY::01574::SyntheticReentrancy01574,SyntheticReentrancy01574,i:refund1574,refund,train,"DAPP::DAppSCAN-source/contracts/Inspex-Tokens, Farm & Shop/-SpeedStar-Audit-3e39d7acf9c1aa9f3a5511c161c2035ba7d6bc1f::Staking",i:depositStable,depositStable,transfer,shares10,20d38addb0c89adf208600a37accbefc371d82b83884b14e39e7d51d4272d841,1
SYNTH_REENTRANCY::01575::SyntheticReentrancy01575,SyntheticReentrancy01575,i:unstake1575,unstake,train,FORGE::vfp_00125::Aori,i:cancel,cancel,call,stakes11,262b0d7a96cfd3db31f36173a14a325bab7022076a095b57c97fd36b58678e6c,1
SYNTH_REENTRANCY::01576::SyntheticReentrancy01576,SyntheticReentrancy01576,i:redeem1576,redeem,train,DAPP::DAppSCAN-source/contracts/Coinbae-Hakka_Finance_wHakka/code::wHakka,i:unstake,unstake,transfer,claims12,45642225b9e30c0813ce72046184621ad0d88b71a0190ced177d9fcbcadca585,1
SYNTH_REENTRANCY::01577::SyntheticReentrancy01577,SyntheticReentrancy01577,i:payout1577,payout,train,DAPP::DAppSCAN-source/contracts/Chainsulting-Furucombo-project2/trevi-b3f7fd332873321152db48c9d43fc23a60a29f1a::FountainBase,i:_withdrawAngel,_withdrawAngel,send,escrowed13,823aa97f8c9ac1d8d20ed01aa68985aaa0b7c36fbe26b5bc176142a1585a31dc,1
SYNTH_REENTRANCY::01578::SyntheticReentrancy01578,SyntheticReentrancy01578,i:release1578,release,test,FORGE::vfp_00260::Router_Adapter,i:relayTokens,relayTokens,safeTransfer,payouts14,9bfb011025396b80dd682fad9511eec12dac5ec99d74a573515d72ec7dc26419,1
SYNTH_REENTRANCY::01579::SyntheticReentrancy01579,SyntheticReentrancy01579,i:exit1579,exit,train,FORGE::vfp_00215::ScrollChainValidium,i:_finalizeBundle,_finalizeBundle,transfer,positions15,a9d0f0e8c92b0364c1584c6c3f641fda9886783668e8e19f30e02b3cf21e4d74,1
SYNTH_REENTRANCY::01580::SyntheticReentrancy01580,SyntheticReentrancy01580,i:claim1580,claim,train,DAPP::DAppSCAN-source/contracts/PeckShield-PlutosV1/plutos-eth-contract-0777815::PMintBurn,i:deposit,deposit,call,balances16,9d69fb4f4027f31a6f37d58412a5165f3a709fd5025721f4313edcc8d59b264f,1
SYNTH_REENTRANCY::01581::SyntheticReentrancy01581,SyntheticReentrancy01581,i:settle1581,settle,val,DAPP::DAppSCAN-source/contracts/QuillAudits-GearBox Protocol-GearBox Protocol/gearbox-contracts-0ac33ba87212ce056ac6b6357ad74161d417158a::UniswapV3Adapter,i:exactOutputSingle,exactOutputSingle,transfer,credits0,1f96eba51931cd84846d3a3ca5553da4e7167701ebc1b387a252f9a8494c3f0c,1
SYNTH_REENTRANCY::01582::SyntheticReentrancy01582,SyntheticReentrancy01582,i:collect1582,collect,train,DAPP::DAppSCAN-source/contracts/SlowMist-CFFv2 Smart Contract Security Audit Report/cff-contract-v2-c86bef3f13c7585f547f9cd0ca900f94664e96b7::CFVaultV2,i:withdraw,withdraw,send,pendingRewards1,ea0e504344fa9f9a37c5443fb8d55f6d337b6d9a0367b36e88b74abd3d4caabd,1
SYNTH_REENTRANCY::01583::SyntheticReentrancy01583,SyntheticReentrancy01583,i:harvest1583,harvest,train,FORGE::vfp_00221::LimitOrderHook,i:_afterSwap,_afterSwap,safeTransfer,withdrawalRequests2,bcdf956dadd96bf5657bac28d1a252154ad26bfa656f09ebc30e3c6da541dd97,1
SYNTH_REENTRANCY::01584::SyntheticReentrancy01584,SyntheticReentrancy01584,i:withdraw1584,withdraw,val,DAPP::DAppSCAN-source/contracts/SlowMist-Starcrazy Smart Contract Security Audit Report/starcrazy-contracts-e9e11d234ac065726e108a73dfcd5efbad26f2c5::GFSBonus,i:withdraw,withdraw,transfer,shares3,42318b9b3ec7d3a9982d65c97734caff427054a73da1ab2b298dd818ca81ef1b,1
SYNTH_REENTRANCY::01585::SyntheticReentrancy01585,SyntheticReentrancy01585,i:claimReward1585,claimReward,train,DAPP::DAppSCAN-source/contracts/Coinfabrik-Woonkly Security Audit (DEX STAKE)/STAKESmartContractPreRelease-main::WOOPStake,i:processReward,processReward,call,stakes4,4af53684773eac52416887b8e50a8efcaa048452a7adc28ffaebda21e11893bf,1
SYNTH_REENTRANCY::01586::SyntheticReentrancy01586,SyntheticReentrancy01586,i:refund1586,refund,train,DAPP::DAppSCAN-source/contracts/Iosiro-SNX FlashBurn Smart Contract Audit/flashburn-3aa02a3d63d9e0110a5b6669a4a4011ceee3cf2b::SNXFlashLoanTool,i:swap,swap,transfer,claims5,0e1174cd43dd307dafae8b5ac0220ffee1d8997cdf5cb3b8097a0c5e5c74ff30,1
SYNTH_REENTRANCY::01587::SyntheticReentrancy01587,SyntheticReentrancy01587,i:unstake1587,unstake,train,FORGE::vfp_00174::P2pResolvProxy,i:initiateWithdrawalRESOLVAccruedRewards,initiateWithdrawalRESOLVAccruedRewards,send,escrowed6,1c6384ae19c5282ccce1a0eef009c10f44d01a965edd9be3b908e8b7c87ef9bb,1
SYNTH_REENTRANCY::01588::SyntheticReentrancy01588,SyntheticReentrancy01588,i:redeem1588,redeem,train,DAPP::DAppSCAN-source/contracts/consensys-Gamma/hypervisor-41fd4abf79864478523e87924d4e80d80df04879::UniProxy,i:deposit,deposit,safeTransfer,payouts7,e5e9f42b05dd3b1213ac78750adcfc5c8e04b20b63cc5064b95b7daf88b33760,1
SYNTH_REENTRANCY::01589::SyntheticReentrancy01589,SyntheticReentrancy01589,i:payout1589,payout,train,FORGE::vfp_00175::P2pYieldProxy,i:_withdraw,_withdraw,transfer,positions8,e4f1cacf1e5f438afcb717c63e9adefa77afaa1028819863abed13c90536c76a,1
SYNTH_REENTRANCY::01590::SyntheticReentrancy01590,SyntheticReentrancy01590,i:release1590,release,val,FORGE::vfp_00001::AgentImageService,i:requestRefund,requestRefund,call,balances9,a84962184b9f2e7c5e31ee378a2e3bb47c634b25e6b68614b700db91ba450051,1
SYNTH_REENTRANCY::01591::SyntheticReentrancy01591,SyntheticReentrancy01591,i:exit1591,exit,val,DAPP::DAppSCAN-source/contracts/SlowMist-Starcrazy Smart Contract Security Audit Report/starcrazy-contracts-e9e11d234ac065726e108a73dfcd5efbad26f2c5::Auction,i:setGeneScienceAddress,setGeneScienceAddress,transfer,credits10,12c41552ea82c70d15db8941d83e4603a9e115a77965c0f2c3fbf84e0f198979,1
SYNTH_REENTRANCY::01592::SyntheticReentrancy01592,SyntheticReentrancy01592,i:claim1592,claim,train,DAPP::DAppSCAN-source/contracts/QuillAudits-1inch-Limit Order Protocol/limit-order-protocol-a14bde6a260458de5083cee117d734221e1cbc05::LimitOrderProtocol,i:fillOrderTo,fillOrderTo,send,pendingRewards11,f4192fd6406b0073776a93a57c79d6ef50ebf943ddc9bbfb054154b8c6f38b71,1
SYNTH_REENTRANCY::01593::SyntheticReentrancy01593,SyntheticReentrancy01593,i:settle1593,settle,val,DAPP::DAppSCAN-source/contracts/QuillAudits-Yearn Finance-Yearn Vaults V3/yearn-vaults-e390c2a6b2ba6e2ecc8f3a72a1ea4adfabd17544::yWETH,i:withdrawETH,withdrawETH,safeTransfer,withdrawalRequests12,33f61a27f0c827af6821e8245b8cc18200ceab6e5f7f69b7b4fdbbbc3b2512ad,1
SYNTH_REENTRANCY::01594::SyntheticReentrancy01594,SyntheticReentrancy01594,i:collect1594,collect,train,DAPP::DAppSCAN-source/contracts/PeckShield-BNPL/BNPL-0ee587a081668dcab166a3a275b8a6c4794ead4d::BankingNode,i:unstake,unstake,transfer,shares13,05ad6507db24f2a72e77d59c77baa96e51754c49bc1c9565f2283d981260163b,1
SYNTH_REENTRANCY::01595::SyntheticReentrancy01595,SyntheticReentrancy01595,i:harvest1595,harvest,train,FORGE::vfp_00032::CurveConvexLib,i:unstakeAndExitPool,unstakeAndExitPool,call,stakes14,047a39c105a58eefd5d4f47953d7aea521c7e13a212eade0099125ceb3e73e22,1
SYNTH_REENTRANCY::01596::SyntheticReentrancy01596,SyntheticReentrancy01596,i:withdraw1596,withdraw,train,FORGE::vfp_00045::PDPVerifier,i:nextProvingPeriod,nextProvingPeriod,transfer,claims15,f0dddfa4ac3b4501fe541e503b887b5fe0bc485911d57de71f915314c6af115d,1
SYNTH_REENTRANCY::01597::SyntheticReentrancy01597,SyntheticReentrancy01597,i:claimReward1597,claimReward,train,FORGE::vfp_00234::mErc20Host,i:_verifyProof,_verifyProof,send,escrowed16,40d1876b58d90c4cfaa5f13c0b8d641bf252b527c5ebdb6724c638d74ea501a3,1
SYNTH_REENTRANCY::01598::SyntheticReentrancy01598,SyntheticReentrancy01598,i:refund1598,refund,train,DAPP::DAppSCAN-source/contracts/Coinbae-Pud.Fi Masterchef_Audit/MasterChef0x15Bee180BB39eE5c0166E63313C33984376930Db::MasterChef,i:emergencyWithdraw,emergencyWithdraw,safeTransfer,payouts0,ad51bc4caf0ebe272534ba38f4f8eee554174ea5c16d5041f91fc3ed891b574d,1
SYNTH_REENTRANCY::01599::SyntheticReentrancy01599,SyntheticReentrancy01599,i:unstake1599,unstake,train,DAPP::DAppSCAN-source/contracts/PeckShield-Arche/Arche_v1.0_Eros-909f35e0064d636aaf61954a6026fda7b2bade7f::D_Swap,i:Impl_Delivery,Impl_Delivery,transfer,positions1,8437340cac45edade08118689ad0e0b44ec32276ddb3cad172ba90a053ffd498,1
SYNTH_REENTRANCY::01600::SyntheticReentrancy01600,SyntheticReentrancy01600,i:redeem1600,redeem,val,DAPP::DAppSCAN-source/contracts/QuillAudits-GearBox Protocol-GearBox Protocol/gearbox-contracts-0ac33ba87212ce056ac6b6357ad74161d417158a::UniswapV2Adapter,i:swapExactTokensForTokens,swapExactTokensForTokens,call,balances2,47d4e07480a98f4da63d2d084b09b048b01a39901efe17a103f2db314c11c586,1
SYNTH_REENTRANCY::01601::SyntheticReentrancy01601,SyntheticReentrancy01601,i:payout1601,payout,train,DAPP::DAppSCAN-source/contracts/consensys-PoolTogether_Pods/pods-v3-contracts-879dc8b911fc506dd6bead1f36eade919ccfea57::TokenDrop,i:claim,claim,transfer,credits3,3280d920bc1a84dd1c291273e20166c2ef052527f9ff39c1bffa3606dbcd07fc,1
SYNTH_REENTRANCY::01602::SyntheticReentrancy01602,SyntheticReentrancy01602,i:release1602,release,train,DAPP::DAppSCAN-source/contracts/QuillAudits-Algovest/AlgoVestStaking0x090e69e7F48AFC059e480F297042DEA396B971e7::AlgoVestStaking,i:AVSTokenDonation,AVSTokenDonation,send,pendingRewards4,5896c67b10bb3469149e3d9b7a71097fe98e42cd4b8ebec825ad7bab3500ce3a,1
SYNTH_REENTRANCY::01603::SyntheticReentrancy01603,SyntheticReentrancy01603,i:exit1603,exit,train,DAPP::DAppSCAN-source/contracts/PeckShield-DSG/core-6f607f77698936e132e4e9b5cb4d75580636d919::NftEarnErc20Pool,i:slotStake,slotStake,safeTransfer,withdrawalRequests5,b4c99bf2e54c5e2ad962673ffab3943ab59b7cda401ce3a1fd0d5ef8058029e6,1
SYNTH_REENTRANCY::01604::SyntheticReentrancy01604,SyntheticReentrancy01604,i:claim1604,claim,val,DAPP::DAppSCAN-source/contracts/SlowMist-Starcrazy Smart Contract Security Audit Report/starcrazy-contracts-e9e11d234ac065726e108a73dfcd5efbad26f2c5::Aliana,i:setGeneScienceAddress,setGeneScienceAddress,transfer,shares6,25ce894916f0da94eae9839334d80552c0f6cae14f3bd9ffb41425d49d0c1e76,1
SYNTH_REENTRANCY::01605::SyntheticReentrancy01605,SyntheticReentrancy01605,i:settle1605,settle,train,DAPP::DAppSCAN-source/contracts/Hacken-Ground Zero/code::IDO,i:claim,claim,call,stakes7,55d2965df39c64fec56d7d6a1cfd9e85a3c45c536a20b1ecdd2fbfbac415cf4e,1
SYNTH_REENTRANCY::01606::SyntheticReentrancy01606,SyntheticReentrancy01606,i:collect1606,collect,train,FORGE::vfp_00189::Box,i:allocate,allocate,transfer,claims8,5afcf97c052d50148435920ab97e7271fa4e9e4cfc619c5c410093bb4368f9b0,1
SYNTH_REENTRANCY::01607::SyntheticReentrancy01607,SyntheticReentrancy01607,i:harvest1607,harvest,train,FORGE::vfp_00116::L1Mailbox,i:getMsg,getMsg,send,escrowed9,42101c44699f78533fcc4134d043f2ea7cd50fd12d35597aec4af43a2f2017bb,1
SYNTH_REENTRANCY::01608::SyntheticReentrancy01608,SyntheticReentrancy01608,i:withdraw1608,withdraw,train,DAPP::DAppSCAN-source/contracts/consensys-PoolTogether_Pods/pods-v3-contracts-879dc8b911fc506dd6bead1f36eade919ccfea57::Pod,i:depositTo,depositTo,safeTransfer,payouts10,edd6c8c6fe4654184b550e47fa774c7b0c2983fcebae5cb8ce9220fbb7daca9a,1
SYNTH_REENTRANCY::01609::SyntheticReentrancy01609,SyntheticReentrancy01609,i:claimReward1609,claimReward,test,FORGE::vfp_00058::LikwidMarginPosition,i:_margin,_margin,transfer,positions11,f2620fea77e9b638d9794ea5cccdd49e0182b5c38e1859d83e91284c8eade143,1
SYNTH_REENTRANCY::01610::SyntheticReentrancy01610,SyntheticReentrancy01610,i:refund1610,refund,train,DAPP::DAppSCAN-source/contracts/PeckShield-BNPL/BNPL-0ee587a081668dcab166a3a275b8a6c4794ead4d::BankingNode,i:collectFees,collectFees,call,balances12,745e4fb49af61e2b60f48ff21eb7db7f3db62929f0ffad0f8a06681f4f7eb0c8,1
SYNTH_REENTRANCY::01611::SyntheticReentrancy01611,SyntheticReentrancy01611,i:unstake1611,unstake,train,FORGE::vfp_00190::BoxAdapterCached,i:updateTotalAssets,updateTotalAssets,transfer,credits13,737b110febe806ecee623fffd3ed79f236bbeb2a1ca135ba769069bef729438e,1
SYNTH_REENTRANCY::01612::SyntheticReentrancy01612,SyntheticReentrancy01612,i:redeem1612,redeem,val,DAPP::DAppSCAN-source/contracts/QuillAudits-GearBox Protocol-GearBox Protocol/gearbox-contracts-0ac33ba87212ce056ac6b6357ad74161d417158a::WETHGateway,i:repayCreditAccountETH,repayCreditAccountETH,send,pendingRewards14,5ab02322b2bbed35eba3c44ea492befa847ff6feb820b2fa9f8df7c3c8d2d558,1
SYNTH_REENTRANCY::01613::SyntheticReentrancy01613,SyntheticReentrancy01613,i:payout1613,payout,train,FORGE::vfp_00221::LimitOrderHook,i:_handleCancelCallback,_handleCancelCallback,safeTransfer,withdrawalRequests15,19063391789d88eff77c797697e7abffd7f9b9c0665aadef1193d66463c2bec0,1
SYNTH_REENTRANCY::01614::SyntheticReentrancy01614,SyntheticReentrancy01614,i:release1614,release,train,DAPP::DAppSCAN-source/contracts/PeckShield-COIN98/code::C98MSiG,i:vote,vote,transfer,shares16,18de7ecf605b583a6b46f2181dcf108340234eada6e81133d149a5ebb8a7a94a,1
SYNTH_REENTRANCY::01615::SyntheticReentrancy01615,SyntheticReentrancy01615,i:exit1615,exit,val,FORGE::vfp_00289::BasketToken,i:proRataRedeem,proRataRedeem,call,stakes0,1cead9ce0cd8de6e97e28f24cadc7ad0cf77a9c8a48f06f8d99f48b34e75c48a,1
SYNTH_REENTRANCY::01616::SyntheticReentrancy01616,SyntheticReentrancy01616,i:claim1616,claim,train,DAPP::DAppSCAN-source/contracts/QuillAudits-Yearn Finance-Yearn Protocol V1/yearn-protocol-9ff0dc0ea73642c529383d0675930a41bf033295::yWETH,i:withdrawETH,withdrawETH,transfer,claims1,f8f705e5b5920a5ffda9834b2d1e7746757ed8d94094d4383ceb216d08402a19,1
SYNTH_REENTRANCY::01617::SyntheticReentrancy01617,SyntheticReentrancy01617,i:settle1617,settle,test,"DAPP::DAppSCAN-source/contracts/Coinfabrik-MintingFactoryV2, BaseUpgradableMarketplace & KODAV3UpgradableGatedMarketplace/known-origin-contracts-v3-d592c5f4fa4e0b6fc65a1fce43e302706aedf607::MintingFactoryV2",i:mintBatchEdition,mintBatchEdition,send,escrowed2,84bdd047ccdf1a37482d11dba3deb09387fdac71294bb5dca0bb33fe8322cbeb,1
SYNTH_REENTRANCY::01618::SyntheticReentrancy01618,SyntheticReentrancy01618,i:collect1618,collect,train,DAPP::DAppSCAN-source/contracts/Coinbae-Pud.Fi Masterchef_Audit/MasterChef0x15Bee180BB39eE5c0166E63313C33984376930Db::MasterChef,i:safePudTransfer,safePudTransfer,safeTransfer,payouts3,0e97b38829ab5c14c512cb2bab49c053ddeae998af74f6ae1ecbde7a9b99b727,1
SYNTH_REENTRANCY::01619::SyntheticReentrancy01619,SyntheticReentrancy01619,i:harvest1619,harvest,train,DAPP::DAppSCAN-source/contracts/Coinbae-TapCoins_Token_Contract/code::UpgradeableToken,i:setUpgradeAgent,setUpgradeAgent,transfer,positions4,5afd54bd575247387fb7aca137920b4e25600c9e1b3baef5a0ab8c34139f3944,1
SYNTH_REENTRANCY::01620::SyntheticReentrancy01620,SyntheticReentrancy01620,i:withdraw1620,withdraw,train,DAPP::DAppSCAN-source/contracts/consensys-PoolTogether_Sushi_and_Yearn_V2_Yield_Sources/pooltogether-yearnv2-yield-source-a34857f1555908a6263d2ebd189f0cb40e1858da::YearnV2YieldSource,i:supplyTokenTo,supplyTokenTo,call,balances5,0aaffd7244e9b4b76d80979461a1a10682a115f5cda9988888d5b3863c7dedba,1
SYNTH_REENTRANCY::01621::SyntheticReentrancy01621,SyntheticReentrancy01621,i:claimReward1621,claimReward,train,FORGE::vfp_00189::Box,i:reallocate,reallocate,transfer,credits6,acecaa80dc68aa25e2f50387b1228c1b713bcc2670778e9e4c400fbc02c3f81e,1
SYNTH_REENTRANCY::01622::SyntheticReentrancy01622,SyntheticReentrancy01622,i:refund1622,refund,train,DAPP::DAppSCAN-source/contracts/openzeppelin-Endaoment/endaoment-contracts-f60aa253d3d869ad6460877f23e6092acb313add::Fund,i:finalizeGrant,finalizeGrant,send,pendingRewards7,aad1d2e22a3d9076ece2dbe25c16a93ad40dc51c00e9185d88fc7e7897726dfa,1
SYNTH_REENTRANCY::01623::SyntheticReentrancy01623,SyntheticReentrancy01623,i:unstake1623,unstake,train,DAPP::DAppSCAN-source/contracts/PeckShield-KaoyaSwap/contracts-8273073f1d6914f372790399378f177573c52e37::MasterChef,i:deposit,deposit,safeTransfer,withdrawalRequests8,a5818d214f7f360d537d27a2b824bea7d4db81c09e41cce2d2163854342c084a,1
SYNTH_REENTRANCY::01624::SyntheticReentrancy01624,SyntheticReentrancy01624,i:redeem1624,redeem,train,DAPP::DAppSCAN-source/contracts/QuillAudits-BCUBE Smart Contract/b-cube-ico-13f9f8a991a65f3e0ca60a2078121fdd5a921fb0::BCubePublicSale,i:buyBcubeUsingUSDT,buyBcubeUsingUSDT,transfer,shares9,f88bd561a30bb848aa632169f9bf7b0e237c9b28f2ceb86ef91d6e2ca6091353,1
SYNTH_REENTRANCY::01625::SyntheticReentrancy01625,SyntheticReentrancy01625,i:payout1625,payout,test,FORGE::vfp_00288::DelegationMetaSwapAdapter,i:swapTokens,swapTokens,call,stakes10,f37f430d2b4dba419e7bb876f9e4668b38d544102aecf7f444212820cc44efaa,1
SYNTH_REENTRANCY::01626::SyntheticReentrancy01626,SyntheticReentrancy01626,i:release1626,release,test,FORGE::vfp_00260::Router_Adapter,i:relayMessage,relayMessage,transfer,claims11,9693bb06902ca43185e629a53e5d61261573763be44f57b2b7e875acb16ae740,1
SYNTH_REENTRANCY::01627::SyntheticReentrancy01627,SyntheticReentrancy01627,i:exit1627,exit,train,FORGE::vfp_00189::Box,i:flash,flash,send,escrowed12,26cc5648facd99bdc2a2dfd4a1fdc9b0b7a882560fca7c70385fffc9619a50be,1
SYNTH_REENTRANCY::01628::SyntheticReentrancy01628,SyntheticReentrancy01628,i:claim1628,claim,val,DAPP::DAppSCAN-source/contracts/QuillAudits-GearBox Protocol-GearBox Protocol/gearbox-contracts-0ac33ba87212ce056ac6b6357ad74161d417158a::YearnAdapter,i:_deposit,_deposit,safeTransfer,payouts13,314ffebe52445d7ce472aad248f2ff822af1995339075a0d4e67096d0044ad02,1
SYNTH_REENTRANCY::01629::SyntheticReentrancy01629,SyntheticReentrancy01629,i:settle1629,settle,test,DAPP::DAppSCAN-source/contracts/ImmuneBytes-Bird Money-Final Audit Report/bird-farm-contracts-dfd2502b73c8f54c9081682c3eb070fcd3c00629::MasterChef,i:withdraw,withdraw,transfer,positions14,169ac7f7b5295944ec04e58ce3786a7d5bf6ceba9aa5992c9083e425e74fa2f7,1
SYNTH_REENTRANCY::01630::SyntheticReentrancy01630,SyntheticReentrancy01630,i:collect1630,collect,train,DAPP::DAppSCAN-source/contracts/consensys-Gamma/hypervisor-41fd4abf79864478523e87924d4e80d80df04879::Hypervisor,i:withdraw,withdraw,call,balances15,b8a6672faa7d347da3836f38665226b66e52fd53dfd4594f0e3933bb9b4230cb,1
SYNTH_REENTRANCY::01631::SyntheticReentrancy01631,SyntheticReentrancy01631,i:harvest1631,harvest,val,DAPP::DAppSCAN-source/contracts/QuillAudits-GearBox Protocol-GearBox Protocol/gearbox-contracts-0ac33ba87212ce056ac6b6357ad74161d417158a::CurveV1Adapter,i:exchange,exchange,transfer,credits16,d8a7f621c27f2c6e82e1a42bd6c9972ff678f2e4ed7b9d8da0d40332fc04ee9a,1
SYNTH_REENTRANCY::01632::SyntheticReentrancy01632,SyntheticReentrancy01632,i:withdraw1632,withdraw,train,DAPP::DAppSCAN-source/contracts/Coinbae-Pud.Fi Masterchef_Audit/MasterChef0x15Bee180BB39eE5c0166E63313C33984376930Db::MasterChef,i:balance,balance,send,pendingRewards0,9d76c3a29409ed1fb69b86a909c14ebe2622c6d1c773c2cd0ee38d37d758c7e2,1
SYNTH_REENTRANCY::01633::SyntheticReentrancy01633,SyntheticReentrancy01633,i:claimReward1633,claimReward,test,FORGE::vfp_00058::LikwidMarginPosition,i:modify,modify,safeTransfer,withdrawalRequests1,80005b58cad8e67517064611c66c9dbb7a762017a037f0db241bb4cba1a8880d,1
SYNTH_REENTRANCY::01634::SyntheticReentrancy01634,SyntheticReentrancy01634,i:refund1634,refund,train,DAPP::DAppSCAN-source/contracts/PeckShield-BabySwap/code::HoldStake,i:addPool,addPool,transfer,shares2,97e61c7e022b6cf1c072dc1a81d91abf403d4fafe23ab8269bcfdbe65111ae87,1
SYNTH_REENTRANCY::01635::SyntheticReentrancy01635,SyntheticReentrancy01635,i:unstake1635,unstake,train,DAPP::DAppSCAN-source/contracts/PeckShield-Holdefi/Holdefi-5a1e6e0d582120142e8a531f6806eba6665ef2f4::Holdefi,i:repayBorrowInternal,repayBorrowInternal,call,stakes3,47091c8a9c22c9ce7baa62127e593ba688cc33666e56d50483b030d96e472840,1
SYNTH_REENTRANCY::01636::SyntheticReentrancy01636,SyntheticReentrancy01636,i:redeem1636,redeem,val,DAPP::DAppSCAN-source/contracts/Trail_of_Bits-OriginDollar/origin-dollar-81431fd3b2aa4c518ffc389844f9708c00b516f0::VaultCore,i:rebase,rebase,transfer,claims4,376e87423569fb24909d6cd7babdb2f6b8d51aa969287e9dba41ca7ff985b4aa,1
SYNTH_REENTRANCY::01637::SyntheticReentrancy01637,SyntheticReentrancy01637,i:payout1637,payout,test,DAPP::DAppSCAN-source/contracts/PeckShield-DarkCrypto/darkcrypto-contracts-fee5be8d36459aebed2b84e6493875b3dc0366fd::SkyRewardPool,i:withdraw,withdraw,send,escrowed5,83366526e6a152174f43bd47b6c4692d4554b6da8b60257e23454b11eeb092d8,1
SYNTH_REENTRANCY::01638::SyntheticReentrancy01638,SyntheticReentrancy01638,i:release1638,release,train,DAPP::DAppSCAN-source/contracts/Hacken-Ground Zero/code::IDO,i:claimTheInvestments,claimTheInvestments,safeTransfer,payouts6,5d4a72baec8f920b4e470a08c6aa24183dc5cc97779e21c1adc50776f3345612,1
SYNTH_REENTRANCY::01639::SyntheticReentrancy01639,SyntheticReentrancy01639,i:exit1639,exit,val,DAPP::DAppSCAN-source/contracts/Runtime_Vеrification-ElementFinance/elf-contracts-637c6f959315cbb11a164555e588520c7d89122b::YVaultAssetProxy,i:reserveDeposit,reserveDeposit,transfer,positions7,4036be7128d01f13ffb2326b0c75eeb3558f21294fbc6e4b229b56b1f85835af,1
SYNTH_REENTRANCY::01640::SyntheticReentrancy01640,SyntheticReentrancy01640,i:claim1640,claim,test,DAPP::DAppSCAN-source/contracts/ImmuneBytes-Bird Money(MasterChef)-Audit Report/bird-farm-contracts-dfd2502b73c8f54c9081682c3eb070fcd3c00629::MasterChef,i:deposit,deposit,call,balances8,f647bb371843fd0ea61ff113898197f585364a3daeba3cfd59b67c04b12bf47d,1
SYNTH_REENTRANCY::01641::SyntheticReentrancy01641,SyntheticReentrancy01641,i:settle1641,settle,train,DAPP::DAppSCAN-source/contracts/PeckShield-MilkySwap/milkyswap-59f163e9959cf8bae4a521a9648219b553312e07::MasterMilker,i:emergencyWithdraw,emergencyWithdraw,transfer,credits9,3f412890c46a26af86b5c1754f7e36c9d9e5fd6fd3f08728b13ca4d91a17057e,1
SYNTH_REENTRANCY::01642::SyntheticReentrancy01642,SyntheticReentrancy01642,i:collect1642,collect,train,DAPP::DAppSCAN-source/contracts/Coinbae-Pud.Fi Masterchef_Audit/MasterChef0x15Bee180BB39eE5c0166E63313C33984376930Db::MasterChef,i:setPoolStrategy,setPoolStrategy,send,pendingRewards10,41ea2a0ada89aa1b67cac1bd83b757b0587959edbab2147e0ff56a17f4344c48,1
SYNTH_REENTRANCY::01643::SyntheticReentrancy01643,SyntheticReentrancy01643,i:harvest1643,harvest,train,DAPP::DAppSCAN-source/contracts/Runtime_Vеrification-Element_Finance_Governance_Security_Audit_Report/council-3d751c959b42573c78ccd0bccbc80424bf6d9a90::CoreVoting,i:execute,execute,safeTransfer,withdrawalRequests11,6623b556b05e664a152983b593d0927dd14f63a6f7d55927aae536ef8e0ea2e8,1
SYNTH_REENTRANCY::01644::SyntheticReentrancy01644,SyntheticReentrancy01644,i:withdraw1644,withdraw,val,DAPP::DAppSCAN-source/contracts/QuillAudits-GearBox Protocol-GearBox Protocol/gearbox-contracts-0ac33ba87212ce056ac6b6357ad74161d417158a::WETHGateway,i:addLiquidityETH,addLiquidityETH,transfer,shares12,7d715810705bc2d9ed5c43752c91a30b351dfdea5b541a75ebe9787d7fe9fc90,1
SYNTH_REENTRANCY::01645::SyntheticReentrancy01645,SyntheticReentrancy01645,i:claimReward1645,claimReward,train,DAPP::DAppSCAN-source/contracts/PeckShield-Atlantis/atlantis-protocol-bsc-766acebba9316eced1c15abf6158b31f470a947f::AToken,i:borrowFresh,borrowFresh,call,stakes13,794370a26dd8c5efd45e03aea2163fe8303d70de2b5f3de6da2115512730b99f,1
SYNTH_REENTRANCY::01646::SyntheticReentrancy01646,SyntheticReentrancy01646,i:refund1646,refund,train,FORGE::vfp_00088::EnjoyoorsVaultWithdrawals,i:_claimWithdrawal,_claimWithdrawal,transfer,claims14,f98daebb69c08783697f27644b7a2d16d0f7a5646a63a2722bd1e8eaf9bb2899,1
SYNTH_REENTRANCY::01647::SyntheticReentrancy01647,SyntheticReentrancy01647,i:unstake1647,unstake,test,FORGE::vfp_00126::SpokePool,i:_setOftMessenger,_setOftMessenger,send,escrowed15,8be750ddf67f24e5b68c9348e075e9576fc5f44db0abe392642334d4ccc1b299,1
SYNTH_REENTRANCY::01648::SyntheticReentrancy01648,SyntheticReentrancy01648,i:redeem1648,redeem,train,DAPP::DAppSCAN-source/contracts/QuillAudits-Yearn Finance-Yearn Protocol V1/yearn-protocol-9ff0dc0ea73642c529383d0675930a41bf033295::yDelegatedVault,i:claimInsurance,claimInsurance,safeTransfer,payouts16,6ffd3e28409bca6ccda27297abfbb203b294e24019410e809be5fe8fa26135d6,1
SYNTH_REENTRANCY::01649::SyntheticReentrancy01649,SyntheticReentrancy01649,i:payout1649,payout,train,DAPP::DAppSCAN-source/contracts/PeckShield-SushiSwap/sushiswap-180bc9b642bba79c1ee4a63f71a3a0d36e64aa63::MasterChef,i:withdraw,withdraw,transfer,positions0,d77741194cfd7723eea9d96af996587e5624749985aa782c2649666510c18fc2,1
SYNTH_REENTRANCY::01650::SyntheticReentrancy01650,SyntheticReentrancy01650,i:release1650,release,train,FORGE::vfp_00221::LimitOrderHook,i:_handlePlaceCallback,_handlePlaceCallback,call,balances1,f7ac6de612523dfa3547ceee61b25b1850f6dc92bbbdaba13b6d67b10e996b36,1
SYNTH_REENTRANCY::01651::SyntheticReentrancy01651,SyntheticReentrancy01651,i:exit1651,exit,train,DAPP::DAppSCAN-source/contracts/QuillAudits-Keep3r.Network-Keep3r.Network/StakingRewardsV3-13ecc6966ae1a413f62224382bfd4d64b1a22351::StakingRewardsV3,i:deposit,deposit,transfer,credits2,a7b7f48904418bd41c878592e1eae2878497ed0bd2d0b622576420cd6d21de2b,1
SYNTH_REENTRANCY::01652::SyntheticReentrancy01652,SyntheticReentrancy01652,i:claim1652,claim,val,DAPP::DAppSCAN-source/contracts/Trail_of_Bits-OriginDollar/origin-dollar-81431fd3b2aa4c518ffc389844f9708c00b516f0::VaultCore,i:_allocate,_allocate,send,pendingRewards3,5d1c5eceecd81e6f69ddda49214f5b1aa0612efd4f18dcb0c1fbe026a7f56c07,1
SYNTH_REENTRANCY::01653::SyntheticReentrancy01653,SyntheticReentrancy01653,i:settle1653,settle,train,DAPP::DAppSCAN-source/contracts/Coinbae-Pud.Fi Masterchef_Audit/MasterChef0x15Bee180BB39eE5c0166E63313C33984376930Db::MasterChef,i:withdraw,withdraw,safeTransfer,withdrawalRequests4,91cd9df39909d86f6ba68c92788c69e71b2e1ae8a174bbf92c35caeed1912708,1
SYNTH_REENTRANCY::01654::SyntheticReentrancy01654,SyntheticReentrancy01654,i:collect1654,collect,train,DAPP::DAppSCAN-source/contracts/Coinbae-Pud.Fi Masterchef_Audit/MasterChef0x15Bee180BB39eE5c0166E63313C33984376930Db::MasterChef,i:add,add,transfer,shares5,db6e8758382c25490a78ecf2d31d883d2d8c24c898abe7a1d948ede991333951,1
SYNTH_REENTRANCY::01655::SyntheticReentrancy01655,SyntheticReentrancy01655,i:harvest1655,harvest,train,DAPP::DAppSCAN-source/contracts/PeckShield-DSG/core-6f607f77698936e132e4e9b5cb4d75580636d919::SinglePool,i:emergencyWithdraw,emergencyWithdraw,call,stakes6,d7a2547280eb0bdddccbabc1f6843d7fa585b5d30a75d133ea07321200aaf02b,1
SYNTH_REENTRANCY::01656::SyntheticReentrancy01656,SyntheticReentrancy01656,i:withdraw1656,withdraw,test,DAPP::DAppSCAN-source/contracts/BlockSec-blocksec_impossible_finance_swap_v1.2/impossible-swap-core-29aaef89f996acdbee92b67c4d95fb608dc8b876::ImpossibleWrappedToken,i:deposit,deposit,transfer,claims7,40334d6d264cf1a074d368964a3417e19a1604ec8a6859421c67fbcb3ce28a85,1
SYNTH_REENTRANCY::01657::SyntheticReentrancy01657,SyntheticReentrancy01657,i:claimReward1657,claimReward,train,DAPP::DAppSCAN-source/contracts/consensys-Connext NXTP — Noncustodial Xchain Transfer Protocol/nxtp-0656436d654cfe0313fa3c2bbc81aa86232ade16::TransactionManager,i:removeLiquidity,removeLiquidity,send,escrowed8,3745f122cba2c234e002834d785fe48a261e12c7d2300f7412c5f359cdc9aa89,1
SYNTH_REENTRANCY::01658::SyntheticReentrancy01658,SyntheticReentrancy01658,i:refund1658,refund,train,DAPP::DAppSCAN-source/contracts/PeckShield-DSG/core-6f607f77698936e132e4e9b5cb4d75580636d919::GovernorV1,i:propose,propose,safeTransfer,payouts9,a9c38df09f8a7a553e8c2885f241152dd7c6fc6d67316599951aa907fc0c13d0,1
SYNTH_REENTRANCY::01659::SyntheticReentrancy01659,SyntheticReentrancy01659,i:unstake1659,unstake,train,DAPP::DAppSCAN-source/contracts/QuillAudits-Yearn Finance-Yearn Protocol V1/yearn-protocol-9ff0dc0ea73642c529383d0675930a41bf033295::yWETH,i:depositETH,depositETH,transfer,positions10,ec0dc822d083456f88c17f0105634c364a2ea1051116a6720af4dab166490c76,1
SYNTH_REENTRANCY::01660::SyntheticReentrancy01660,SyntheticReentrancy01660,i:redeem1660,redeem,train,DAPP::DAppSCAN-source/contracts/PeckShield-ShibaNova/Contracts-b6b1ce1fcaff83d360df8944309f49958842b7b8::MasterShiba,i:withdraw,withdraw,call,balances11,210b99622b5ed47c04052a324f77844676ffdfa09ea52f1fe8575b2c111609e8,1
SYNTH_REENTRANCY::01661::SyntheticReentrancy01661,SyntheticReentrancy01661,i:payout1661,payout,train,FORGE::vfp_00221::LimitOrderHook,i:cancelOrder,cancelOrder,transfer,credits12,13f94ef4be7c63e91af6edaf7bcfdf958635fc9aeb1ea1a22038977d1ece88c1,1
SYNTH_REENTRANCY::01662::SyntheticReentrancy01662,SyntheticReentrancy01662,i:release1662,release,train,DAPP::DAppSCAN-source/contracts/PeckShield-PikaPerpV2/PikaPerpV2-4a0965ff90ed099b7e2d3e8dda47cd589ee8e3a2::PikaPerpV2,i:closePositionWithId,closePositionWithId,send,pendingRewards13,d17d7faef5ac2bf8a7759342dc2201aea785b0eca2c1af583ba27e0cee6351e4,1
SYNTH_REENTRANCY::01663::SyntheticReentrancy01663,SyntheticReentrancy01663,i:exit1663,exit,val,DAPP::DAppSCAN-source/contracts/QuillAudits-GearBox Protocol-GearBox Protocol/gearbox-contracts-0ac33ba87212ce056ac6b6357ad74161d417158a::UniswapV3Adapter,i:exactInputSingle,exactInputSingle,safeTransfer,withdrawalRequests14,08778a5ddc8d98c34079f7be53aea44505cae056885078c8b7296c08e53eec81,1
SYNTH_REENTRANCY::01664::SyntheticReentrancy01664,SyntheticReentrancy01664,i:claim1664,claim,val,DAPP::DAppSCAN-source/contracts/QuillAudits-GearBox Protocol-GearBox Protocol/gearbox-contracts-0ac33ba87212ce056ac6b6357ad74161d417158a::PoolService,i:lendCreditAccount,lendCreditAccount,transfer,shares15,0ac3bd17cdf9d2ee72e4b73561d91ea389341e9a52c96f28422224b37583360c,1
SYNTH_REENTRANCY::01665::SyntheticReentrancy01665,SyntheticReentrancy01665,i:settle1665,settle,val,DAPP::DAppSCAN-source/contracts/SlowMist-Starcrazy Smart Contract Security Audit Report/starcrazy-contracts-e9e11d234ac065726e108a73dfcd5efbad26f2c5::ClockAuctionBase,i:setGeneScienceAddress,setGeneScienceAddress,call,stakes16,ea66572fb9cc9e91cda3fa5c34fb1fd68f1f6bbcae98b99442276af8af5d6d15,1
SYNTH_REENTRANCY::01666::SyntheticReentrancy01666,SyntheticReentrancy01666,i:collect1666,collect,val,DAPP::DAppSCAN-source/contracts/QuillAudits-GearBox Protocol-GearBox Protocol/gearbox-contracts-0ac33ba87212ce056ac6b6357ad74161d417158a::UniswapV2Adapter,i:swapTokensForExactTokens,swapTokensForExactTokens,transfer,claims0,d64eec527318fff2f1e244d24fb4e5b74381b2e22262feccc617cabd71c00095,1
SYNTH_REENTRANCY::01667::SyntheticReentrancy01667,SyntheticReentrancy01667,i:harvest1667,harvest,val,DAPP::DAppSCAN-source/contracts/PeckShield-TranchessV1.1/contract-core-68a86350313c1cb9e5467e791d3e9efaf228a0df::StakingV2,i:deposit,deposit,send,escrowed1,bb9324800064030cbeae06b0f3c83c68a2ab67422190522532425f6f9bd20029,1
SYNTH_REENTRANCY::01668::SyntheticReentrancy01668,SyntheticReentrancy01668,i:withdraw1668,withdraw,train,FORGE::vfp_00224::OidcRecoveryValidator,i:startRecovery,startRecovery,safeTransfer,payouts2,abbcad27bc25e52b6f7486401124833e7096eb76cc92fcce1038f5a5b62225e5,1
SYNTH_REENTRANCY::01669::SyntheticReentrancy01669,SyntheticReentrancy01669,i:claimReward1669,claimReward,train,DAPP::DAppSCAN-source/contracts/QuillAudits-1inch-Fixed Rate Swap/fixed-rate-swap-0b5a75e9f56e7d21c290dd28c59dc140dcbcc1d5::FixedRateSwap,i:depositFor,depositFor,transfer,positions3,5590469461fe18fbf8d0d530d9a1e1a360f57d6cec8842962b7e3755c339551d,1
SYNTH_REENTRANCY::01670::SyntheticReentrancy01670,SyntheticReentrancy01670,i:refund1670,refund,train,DAPP::DAppSCAN-source/contracts/PeckShield-Holdefi/Holdefi-5a1e6e0d582120142e8a531f6806eba6665ef2f4::HoldefiSettings,i:setHoldefiContract,setHoldefiContract,call,balances4,21985cfa5589e7657c115cd1b6990e37cbdcef806ebb37208af88ae5c23406d2,1
SYNTH_REENTRANCY::01671::SyntheticReentrancy01671,SyntheticReentrancy01671,i:unstake1671,unstake,train,DAPP::DAppSCAN-source/contracts/Chainsecurity-Compound  cToken unredacted/compound-protocol-4a54ec5c55b66ea67d44b76f3056f0ed7229db8c::Comptroller,i:liquidateBorrowAllowed,liquidateBorrowAllowed,transfer,credits5,079b410546f18bf5c5ae5f731815d7f58aa8ee6d0a74777dfb8a0983d189b218,1
SYNTH_REENTRANCY::01672::SyntheticReentrancy01672,SyntheticReentrancy01672,i:redeem1672,redeem,train,DAPP::DAppSCAN-source/contracts/openzeppelin-Optimism/contracts-18e128343731b9bde23812ce932e24d81440b6b7::OVM_StateTransitioner,i:applyTransaction,applyTransaction,send,pendingRewards6,02e40fcc396e98d46e21010c6c305f4c11ece4845426f3f4e0d3a35d82d90b92,1
SYNTH_REENTRANCY::01673::SyntheticReentrancy01673,SyntheticReentrancy01673,i:payout1673,payout,val,DAPP::DAppSCAN-source/contracts/QuillAudits-GearBox Protocol-GearBox Protocol/gearbox-contracts-0ac33ba87212ce056ac6b6357ad74161d417158a::YearnAdapter,i:withdraw,withdraw,safeTransfer,withdrawalRequests7,c143ba8c51f2811a53290039010f5e4c09362576f2c66d7234598f77a7f57b56,1
SYNTH_REENTRANCY::01674::SyntheticReentrancy01674,SyntheticReentrancy01674,i:release1674,release,train,DAPP::DAppSCAN-source/contracts/QuillAudits-Abyss Finance-Abyss Eth2 Depositor/abyss-eth2depositor-a2d58dea4d79846dc682fe93ac3e0eca02323d11::AbyssEth2Depositor,i:deposit,deposit,transfer,shares8,2fe704ca9102b152ff3c7f449755478ebec81a58c18b1734964fc677b809037c,1
SYNTH_REENTRANCY::01675::SyntheticReentrancy01675,SyntheticReentrancy01675,i:exit1675,exit,train,DAPP::DAppSCAN-source/contracts/Coinbae-Pud.Fi Masterchef_Audit/MasterChef0x15Bee180BB39eE5c0166E63313C33984376930Db::MasterChef,i:deposit,deposit,call,stakes9,80f7b02304d4da243a42c3a95ee53d1f5b0c8d7fe4bdfd5763307fc7f8379b3a,1
SYNTH_REENTRANCY::01676::SyntheticReentrancy01676,SyntheticReentrancy01676,i:claim1676,claim,val,DAPP::DAppSCAN-source/contracts/SlowMist-Starcrazy Smart Contract Security Audit Report/starcrazy-contracts-e9e11d234ac065726e108a73dfcd5efbad26f2c5::AlianaSale,i:withdrawOwnerCutSale,withdrawOwnerCutSale,transfer,claims10,902fd85a73fa64894fa49a08ce51740b18af83e447b9f401fe7fb5218e1b1d0b,1
SYNTH_REENTRANCY::01677::SyntheticReentrancy01677,SyntheticReentrancy01677,i:settle1677,settle,val,FORGE::vfp_00001::AgentImageService,i:fulfillImage,fulfillImage,send,escrowed11,cb4c75e28a6570f86a3cf5658c593bcdfda760c8900e00dfae3960342ebb37c0,1
SYNTH_REENTRANCY::01678::SyntheticReentrancy01678,SyntheticReentrancy01678,i:collect1678,collect,test,FORGE::vfp_00058::LikwidMarginPosition,i:_executeAddLeverage,_executeAddLeverage,safeTransfer,payouts12,e1f000719e8d52b55d413f192011a69a5616b633b4c0544f1c5a6bee460fc609,1
SYNTH_REENTRANCY::01679::SyntheticReentrancy01679,SyntheticReentrancy01679,i:harvest1679,harvest,train,DAPP::DAppSCAN-source/contracts/Chainsecurity-Compound  cToken unredacted/compound-protocol-4a54ec5c55b66ea67d44b76f3056f0ed7229db8c::CToken,i:_setComptroller,_setComptroller,transfer,positions13,119e8343eeafbf91b782df5b094c0df3dcf2e0f2609b36dc233e87ea1b823cd5,1
SYNTH_REENTRANCY::01680::SyntheticReentrancy01680,SyntheticReentrancy01680,i:withdraw1680,withdraw,val,DAPP::DAppSCAN-source/contracts/Trail_of_Bits-OriginDollar/origin-dollar-81431fd3b2aa4c518ffc389844f9708c00b516f0::VaultCore,i:_redeem,_redeem,call,balances14,b2eb7e8ba849c5f0284e7b57931b98196c939258315f9935c11f00564b3ecb94,1
SYNTH_REENTRANCY::01681::SyntheticReentrancy01681,SyntheticReentrancy01681,i:claimReward1681,claimReward,val,DAPP::DAppSCAN-source/contracts/QuillAudits-GearBox Protocol-GearBox Protocol/gearbox-contracts-0ac33ba87212ce056ac6b6357ad74161d417158a::AccountFactory,i:returnCreditAccount,returnCreditAccount,transfer,credits15,21da23142d0aa8f4b70b0d2e5a9e191f138706b8d8c783932a03f421d63c6722,1
SYNTH_REENTRANCY::01682::SyntheticReentrancy01682,SyntheticReentrancy01682,i:refund1682,refund,train,FORGE::vfp_00102::StopLimit,i:performUpkeep,performUpkeep,send,pendingRewards16,265a1b6e47412c9f658ac891de3f77b31cac5740ab2e29e512983135348215a5,1
SYNTH_REENTRANCY::01683::SyntheticReentrancy01683,SyntheticReentrancy01683,i:unstake1683,unstake,train,FORGE::vfp_00007::Folio,i:getRebalance,getRebalance,safeTransfer,withdrawalRequests0,f16a6904669829e5836359a5c7b84a943dde6af7a1d1201ee180874888067f46,1
SYNTH_REENTRANCY::01684::SyntheticReentrancy01684,SyntheticReentrancy01684,i:redeem1684,redeem,train,DAPP::DAppSCAN-source/contracts/BlockSec-blocksec_multichain_vemult_v1.0_signed/veMULTI-bac804399d1ea280e5bd8cdc9488b6fa6a0a7fcc::ve,i:withdraw,withdraw,transfer,shares1,b26ec5099e003767636b262a7ee25c0f8261dc467a07dffbea2c6c80422e9e7e,1
SYNTH_REENTRANCY::01685::SyntheticReentrancy01685,SyntheticReentrancy01685,i:payout1685,payout,val,DAPP::DAppSCAN-source/contracts/QuillAudits-GearBox Protocol-GearBox Protocol/gearbox-contracts-0ac33ba87212ce056ac6b6357ad74161d417158a::WETHGateway,i:openCreditAccountETH,openCreditAccountETH,call,stakes2,2e3e3db018791480e48acc4684eecdf54edb4b1d7ead2a51f29c200ca1bbf2e3,1
SYNTH_REENTRANCY::01686::SyntheticReentrancy01686,SyntheticReentrancy01686,i:release1686,release,val,DAPP::DAppSCAN-source/contracts/QuillAudits-GearBox Protocol-GearBox Protocol/gearbox-contracts-0ac33ba87212ce056ac6b6357ad74161d417158a::UniswapV3Adapter,i:exactOutput,exactOutput,transfer,claims3,cf1db3572da776acfbbc0dc3c5fe8ca25d25b621f26a14873619ad69b39cb810,1
SYNTH_REENTRANCY::01687::SyntheticReentrancy01687,SyntheticReentrancy01687,i:exit1687,exit,val,DAPP::DAppSCAN-source/contracts/SlowMist-Starcrazy Smart Contract Security Audit Report/starcrazy-contracts-e9e11d234ac065726e108a73dfcd5efbad26f2c5::AlianaBase,i:setGeneScienceAddress,setGeneScienceAddress,send,escrowed4,d79ef0725784029d1605efc7ccfeb8ac3c717834c23156b6a5f1898bbd569f27,1
SYNTH_REENTRANCY::01688::SyntheticReentrancy01688,SyntheticReentrancy01688,i:claim1688,claim,val,DAPP::DAppSCAN-source/contracts/SlowMist-Starcrazy Smart Contract Security Audit Report/starcrazy-contracts-e9e11d234ac065726e108a73dfcd5efbad26f2c5::AlianaOwnership,i:setGeneScienceAddress,setGeneScienceAddress,safeTransfer,payouts5,b09b2cf03242b1f399a3ecc38479e2ed0845887be164d77081254d9ae725c14d,1
SYNTH_REENTRANCY::01689::SyntheticReentrancy01689,SyntheticReentrancy01689,i:settle1689,settle,test,DAPP::DAppSCAN-source/contracts/Hacken-Powerbomb-V1/powerbomb-lite-0f86ff1eecdd723be733a9b33ff4ffa3bbdadcee::PowerBombAvaxCurve,i:claimReward,claimReward,transfer,positions6,78c92eaef5238ab021ad7974a75e59fc444f75eb050993b12eb364f5af11bb3c,1
SYNTH_REENTRANCY::01690::SyntheticReentrancy01690,SyntheticReentrancy01690,i:collect1690,collect,train,DAPP::DAppSCAN-source/contracts/QuillAudits-Alium Finance Smart Contract/alium-farm-e37d6af39af68049c2684085f025385407b4bd55::MasterChef,i:emergencyWithdraw,emergencyWithdraw,call,balances7,f73b781c7d3b0e0496c64928819f6b0f87e2a7dda603ddc68ccece3ade268d1a,1
SYNTH_REENTRANCY::01691::SyntheticReentrancy01691,SyntheticReentrancy01691,i:harvest1691,harvest,train,DAPP::DAppSCAN-source/contracts/openzeppelin-Solo_Margin_Protocol/solo-17df84db351d5438e1b7437572722b4f52c8b2b4::AdminImpl,i:_setPriceOracle,_setPriceOracle,transfer,credits8,326637ebe0d6d4b359777b034688d3c1fa1f70f14193b7eb2fc8f771c56bb0d6,1
SYNTH_REENTRANCY::01692::SyntheticReentrancy01692,SyntheticReentrancy01692,i:withdraw1692,withdraw,train,FORGE::vfp_00215::ScrollChainValidium,i:registerNewEncryptionKey,registerNewEncryptionKey,send,pendingRewards9,bb3ed51d859e075bac50d76766c2d6d0591af0882062dc144af3a73c61374cc2,1
SYNTH_REENTRANCY::01693::SyntheticReentrancy01693,SyntheticReentrancy01693,i:claimReward1693,claimReward,train,DAPP::DAppSCAN-source/contracts/Runtime_Vеrification-stakefish_ethereum_staking_audit_report/eth2-validation-services-contract-d91928f3a270f6115831fe3a21a69eb98bf57b26::StakefishERC721Wrapper,i:mintTo,mintTo,safeTransfer,withdrawalRequests10,2b857bfb6ab1bb69fad869b99bef2a17f8efa3f5392e8ab7050ef442af52e0e3,1
SYNTH_REENTRANCY::01694::SyntheticReentrancy01694,SyntheticReentrancy01694,i:refund1694,refund,val,DAPP::DAppSCAN-source/contracts/PeckShield-Tranchessv1.0/contract-core-5ac3d997da3ef37b0135565a11c5ebcc519862aa::LiquidityStaking,i:deposit,deposit,transfer,shares11,a2cbde0e535d899d4741ea7850c0cede737fa32fcee8e2e43e689dde477c7f8f,1
SYNTH_REENTRANCY::01695::SyntheticReentrancy01695,SyntheticReentrancy01695,i:unstake1695,unstake,train,FORGE::vfp_00209::StakingManager,i:withdraw,withdraw,call,stakes12,7937bc973c50d8c012f5c1fd7ba39cf851e8a873fd5bfbd51d91bb881ae82fd0,1
SYNTH_REENTRANCY::01696::SyntheticReentrancy01696,SyntheticReentrancy01696,i:redeem1696,redeem,train,DAPP::DAppSCAN-source/contracts/Trail_of_Bits-ampleforth/market-oracle-888fccaf05786f3f7f49e18ff040f911d44906f4::MarketOracle,i:getPriceAnd24HourVolume,getPriceAnd24HourVolume,transfer,claims13,0d8dd8d703d0d9e62df2b60ae9e3a36dc681f38aed4468fa94d64e7ffc349ac7,1
SYNTH_REENTRANCY::01697::SyntheticReentrancy01697,SyntheticReentrancy01697,i:payout1697,payout,train,DAPP::DAppSCAN-source/contracts/PeckShield-Rikkei/rifi-protocol-b33243fb3a218cc195f0727fe1499cb57f5ea0b2::RToken,i:borrowFresh,borrowFresh,send,escrowed14,4851be6bf02f7e5cde507f86a2c398e444d5011323e9ee63a32a2cab0ed62783,1
SYNTH_REENTRANCY::01698::SyntheticReentrancy01698,SyntheticReentrancy01698,i:release1698,release,train,FORGE::vfp_00007::Folio,i:startRebalance,startRebalance,safeTransfer,payouts15,d6b9022564f46ddbd0f05724fbfd2c762db286ae6535a5f16c6da3ffb7657a6e,1
SYNTH_REENTRANCY::01699::SyntheticReentrancy01699,SyntheticReentrancy01699,i:exit1699,exit,val,DAPP::DAppSCAN-source/contracts/Runtime_Vеrification-Tracer_Perpetual_Pools_V2/perpetual-pools-contracts-846bbf62652d7c83aee1cf3766275c4d08b00c8a::PoolFactory,i:deployPool,deployPool,transfer,positions16,506321ad127345215ad7f145a171cfe667491401acbfaf88b97f087324fc33a2,1
SYNTH_REENTRANCY::01700::SyntheticReentrancy01700,SyntheticReentrancy01700,i:claim1700,claim,train,DAPP::DAppSCAN-source/contracts/Trail_of_Bits-FraxQ42021/frax-solidity-bd40775e283923aa9e32a107abd426430a99835e::veFXSYieldDistributorV4,i:notifyRewardAmount,notifyRewardAmount,call,balances0,7c398834ee238f0524843e967c80d5898a40d9dc497482655cddc9c1144d683e,1
SYNTH_REENTRANCY::01701::SyntheticReentrancy01701,SyntheticReentrancy01701,i:settle1701,settle,train,FORGE::vfp_00007::Folio,i:mint,mint,transfer,credits1,81932603804dd69a1386c519d761cf315a40d9456229feb8e1719cf4db5b93fd,1
SYNTH_REENTRANCY::01702::SyntheticReentrancy01702,SyntheticReentrancy01702,i:collect1702,collect,test,DAPP::DAppSCAN-source/contracts/SlowMist-ForTube2.0 Smart Contract Security Audit Report/bond-854527d0ea7ad2ddd3504b4d4ae3fcb57cb6445d::PRA,i:lock,lock,send,pendingRewards2,3771f5a864f85436000bd588ca1398bd52ed08318e8a9310590b4b31df078cb3,1
SYNTH_REENTRANCY::01703::SyntheticReentrancy01703,SyntheticReentrancy01703,i:harvest1703,harvest,train,FORGE::vfp_00007::Folio,i:distributeFees,distributeFees,safeTransfer,withdrawalRequests3,7419001fd2f6992dea03f3919e564de2fafd71b2b350aea667a4d1d7eff89108,1
SYNTH_REENTRANCY::01704::SyntheticReentrancy01704,SyntheticReentrancy01704,i:withdraw1704,withdraw,train,DAPP::DAppSCAN-source/contracts/PeckShield-BabySwap/code::MasterChef,i:withdraw,withdraw,transfer,shares4,4b1c7c8db11207b4bd0e3721498c5188089bf11baf7fe2446ba114f49e069223,1
SYNTH_REENTRANCY::01705::SyntheticReentrancy01705,SyntheticReentrancy01705,i:claimReward1705,claimReward,train,DAPP::DAppSCAN-source/contracts/QuillAudits-coalichain/CoaliSC-3f0920d650467279f7ceee08776bd74ecadd3237::Main,i:createBallot,createBallot,call,stakes5,9f114fe6e5bea1ecdd3ae3752806a2a8bc41aeff450e8f8d108c2d0b2596f609,1
SYNTH_REENTRANCY::01706::SyntheticReentrancy01706,SyntheticReentrancy01706,i:refund1706,refund,val,DAPP::DAppSCAN-source/contracts/Trail_of_Bits-OriginDollar/origin-dollar-81431fd3b2aa4c518ffc389844f9708c00b516f0::VaultCore,i:mintMultiple,mintMultiple,transfer,claims6,b26c1af381c6e46a909780776dfdda2d535f73a1e3272bf5e1b62ce0bc66d62f,1
SYNTH_REENTRANCY::01707::SyntheticReentrancy01707,SyntheticReentrancy01707,i:unstake1707,unstake,test,DAPP::DAppSCAN-source/contracts/PepperSec-Aira-Robonomic/robonomics_contracts-cc35a91de187072214d215262d8371f0159c2498::LighthouseLib,i:withdraw,withdraw,send,escrowed7,9488cd535df61962ba2516704151dfd5180161889ef9d8f9c0b771a9dbf069fe,1
SYNTH_REENTRANCY::01708::SyntheticReentrancy01708,SyntheticReentrancy01708,i:redeem1708,redeem,train,DAPP::DAppSCAN-source/contracts/PeckShield-Convex_Frax/frax-cvx-platform-2f8573ee796daa022c1050b4a749bf08049c439b::StakingProxyUniV3,i:lockAdditional,lockAdditional,safeTransfer,payouts8,f1b53cf8a8b9a28840e955f502f49eac7df8e4d46c204a638592c537d737fa5f,1
SYNTH_REENTRANCY::01709::SyntheticReentrancy01709,SyntheticReentrancy01709,i:payout1709,payout,train,DAPP::DAppSCAN-source/contracts/PeckShield-CryptoHeroes/cryptoheroes-6cb0eaf8c88fdaab89d2b4c83535a189c7793001::CryptoHeroesUniverse,i:deposit,deposit,transfer,positions9,1696f4554596748ead519e0392bc30ca7b98887e7e671d4135d24ced52b791f0,1
SYNTH_REENTRANCY::01710::SyntheticReentrancy01710,SyntheticReentrancy01710,i:release1710,release,train,DAPP::DAppSCAN-source/contracts/Chainsecurity-Angle Protocol/angle-core-46e6d32837cbe97a4af0adb693e63afa0d01fc3e::PerpetualManagerFront,i:openPerpetual,openPerpetual,call,balances10,00dca799954a6f599a936f995d4a25385e0e3d2c2d156cc58bb224b1e48b5ab6,1
SYNTH_REENTRANCY::01711::SyntheticReentrancy01711,SyntheticReentrancy01711,i:exit1711,exit,train,DAPP::DAppSCAN-source/contracts/PeckShield-Hegic(v8888)/Hegic-v8888-2dcd44dc1ae07881e94d52fa618f9704bfd4ffda::HegicPool,i:provideFrom,provideFrom,transfer,credits11,98d415a297c3771d52246de092aee97bd0b9eda7808715efebd673471236b23e,1
SYNTH_REENTRANCY::01712::SyntheticReentrancy01712,SyntheticReentrancy01712,i:claim1712,claim,train,FORGE::vfp_00174::P2pResolvProxy,i:withdrawRESOLV,withdrawRESOLV,send,pendingRewards12,d5b59b8cba75693e0f6f96efdb4c5822c8ba22dd8a4431748e12257ca17093e9,1
SYNTH_REENTRANCY::01713::SyntheticReentrancy01713,SyntheticReentrancy01713,i:settle1713,settle,train,DAPP::DAppSCAN-source/contracts/QuillAudits-Bond Appetit-Bond Appetit/bondappetit-protocol-355180f0aca0b29d60d808f761052956b7a3a159::ProfitSplitter,i:_payToRecipients,_payToRecipients,safeTransfer,withdrawalRequests13,152f099a2c14a34a3118f1c8c2211fa588d3dbdb6ed2deede6bf553ac8b845a3,1
SYNTH_REENTRANCY::01714::SyntheticReentrancy01714,SyntheticReentrancy01714,i:collect1714,collect,train,FORGE::vfp_00209::StakingManager,i:stake,stake,transfer,shares14,eac9b8cb4b28599b9205e271a1b7302851d2b3d89a2cc7a6316827ddd0547e41,1
SYNTH_REENTRANCY::01715::SyntheticReentrancy01715,SyntheticReentrancy01715,i:harvest1715,harvest,test,DAPP::DAppSCAN-source/contracts/Solidity_Finance-OKLG - Smart Contract/contracts-e167d0d742d21bcc62d7a5b770a1f0ed1cf31eca::MTGYTokenLocker,i:withdrawLockedTokens,withdrawLockedTokens,call,stakes15,a83639cbbd5a6567f7112fbc10156617e8e51343fec7b26e550dc35eaa6ff98a,1
SYNTH_REENTRANCY::01716::SyntheticReentrancy01716,SyntheticReentrancy01716,i:withdraw1716,withdraw,val,DAPP::DAppSCAN-source/contracts/consensys-DeFi_Saver/defisaver-v3-contracts-cb29669a84c2d6fffaf2231c0938eb407c060919::FLAaveV2,i:executeOperation,executeOperation,transfer,claims16,dd2bb9adcbc2bdbd0e78795ff4988af89a77c071c6bd4b3348fa7060e397d814,1
SYNTH_REENTRANCY::01717::SyntheticReentrancy01717,SyntheticReentrancy01717,i:claimReward1717,claimReward,train,DAPP::DAppSCAN-source/contracts/Iosiro-1inch Exchange Staking Rewards Smart Contract Audit/liquidity-protocol-c9c8bc600e8e7897f70f84b006de601d4f4bcbe3::BaseRewards,i:getReward,getReward,send,escrowed0,c8f4fbb0b4abff0a6d368118f1fe40ad769efe3b45ffc277aa787d3796dcf4f9,1
SYNTH_REENTRANCY::01718::SyntheticReentrancy01718,SyntheticReentrancy01718,i:refund1718,refund,train,FORGE::vfp_00102::StopLimit,i:modifyOrder,modifyOrder,safeTransfer,payouts1,7816bc50301999739340b86f9e87fc679933e88dc2148a83e649e5256f5f84ac,1
SYNTH_REENTRANCY::01719::SyntheticReentrancy01719,SyntheticReentrancy01719,i:unstake1719,unstake,val,FORGE::vfp_00001::AgentImageService,i:requestImage,requestImage,transfer,positions2,811d4d1b104bf6f2de7890b1d40c3c4da2b3ab2c29531e51c16befb2d1ae5924,1
SYNTH_REENTRANCY::01720::SyntheticReentrancy01720,SyntheticReentrancy01720,i:redeem1720,redeem,train,FORGE::vfp_00189::Box,i:deallocate,deallocate,call,balances3,f3b601bc12803f3ee24b44d81a95180e83e7fdc350bf0ca379b44c53c727dde5,1
SYNTH_REENTRANCY::01721::SyntheticReentrancy01721,SyntheticReentrancy01721,i:payout1721,payout,val,DAPP::DAppSCAN-source/contracts/QuillAudits-GearBox Protocol-GearBox Protocol/gearbox-contracts-0ac33ba87212ce056ac6b6357ad74161d417158a::UniswapV3Adapter,i:exactInput,exactInput,transfer,credits4,8b8c87f667ea4bbfd64404711b267d702bb1741b399ee4879ffac73ea600a69d,1
SYNTH_REENTRANCY::01722::SyntheticReentrancy01722,SyntheticReentrancy01722,i:release1722,release,train,DAPP::DAppSCAN-source/contracts/PeckShield-StackerVC/StackerVC_VentureFund001-3cfb98b21f4731dfd62993feb7c7d1540837f59b::LPGauge,i:deposit,deposit,send,pendingRewards5,9c46e1ae6c66f37be7e6bac442752acea25aeebe2d06c8148e1996bfdedcb50a,1
SYNTH_REENTRANCY::01723::SyntheticReentrancy01723,SyntheticReentrancy01723,i:exit1723,exit,train,DAPP::DAppSCAN-source/contracts/consensys-Aave_Protocol_V2/aave-protocol-v2-f756f44a8d6a328cd545335e46e7128939db88c4::LendingPool,i:deposit,deposit,safeTransfer,withdrawalRequests6,ccd3bcb08e8aeab495c051efc7177e1f6f5b8a3a1f500676523c23554487a2eb,1
SYNTH_REENTRANCY::01724::SyntheticReentrancy01724,SyntheticReentrancy01724,i:claim1724,claim,test,DAPP::DAppSCAN-source/contracts/Trail_of_Bits-Liquity/dev-f0df3efa5a5f05b205752184cfce107c5bd6e06c::BorrowerOperations,i:_moveTokensAndETHfromAdjustment,_moveTokensAndETHfromAdjustment,transfer,shares7,8beeb9a905e95c161a06c294b55f9e1a0fe2445101000d4687a005cd48eda27e,1
SYNTH_REENTRANCY::01725::SyntheticReentrancy01725,SyntheticReentrancy01725,i:settle1725,settle,train,DAPP::DAppSCAN-source/contracts/Coinbae-Hakka_Finance_wHakka/code::wHakka,i:stake,stake,call,stakes8,81d372ffac2835c5208cefdeeffd3c15c08a2de784d055ace84d17cee10d341f,1
SYNTH_REENTRANCY::01726::SyntheticReentrancy01726,SyntheticReentrancy01726,i:collect1726,collect,train,DAPP::DAppSCAN-source/contracts/consensys-Idle_Finance/idle-tranches-d94ee7194e8cb17db13b16c338f3e780b62f5435::IdleCDO,i:_deposit,_deposit,transfer,claims9,839ee28a3be0198c0b8801c550dfedbf39e279c32809acec2238d0a04427619a,1
SYNTH_REENTRANCY::01727::SyntheticReentrancy01727,SyntheticReentrancy01727,i:harvest1727,harvest,test,DAPP::DAppSCAN-source/contracts/PepperSec-Aira-Robonomic/robonomics_contracts-cc35a91de187072214d215262d8371f0159c2498::RobotLiabilityLib,i:finalize,finalize,send,escrowed10,c7f496272673f34769f26db495620bc0030fcd3a168603c0deca5be98a896952,1
SYNTH_REENTRANCY::01728::SyntheticReentrancy01728,SyntheticReentrancy01728,i:withdraw1728,withdraw,train,DAPP::DAppSCAN-source/contracts/Chainsulting-Furucombo-project2/trevi-b3f7fd332873321152db48c9d43fc23a60a29f1a::FountainBase,i:_depositAngel,_depositAngel,safeTransfer,payouts11,42b873301095de788c09d6d3c5fba45773513f04ede80dc248d03018f93a8c0f,1
SYNTH_REENTRANCY::01729::SyntheticReentrancy01729,SyntheticReentrancy01729,i:claimReward1729,claimReward,train,FORGE::vfp_00096::MarketConfigurator,i:_migrateFactoryTargets,_migrateFactoryTargets,transfer,positions12,ed7d51fc612a128d229381ed095b8d6448b85d93ad967c07d05cc4ea1999a925,1
SYNTH_REENTRANCY::01730::SyntheticReentrancy01730,SyntheticReentrancy01730,i:refund1730,refund,train,DAPP::DAppSCAN-source/contracts/PeckShield-Buffer/code::BufferBNBOptions,i:create,create,call,balances13,96582cea911bddcc2b2728260248dbbd2ad96446a2caeafeb44c65b2ff425f64,1
SYNTH_REENTRANCY::01731::SyntheticReentrancy01731,SyntheticReentrancy01731,i:unstake1731,unstake,train,DAPP::DAppSCAN-source/contracts/consensys-Skyweaver/Skyweaver-contracts-bde0c184db6168bf86656a48b12d5747950b54d9::EternalHeroesFactory,i:_buy,_buy,transfer,credits14,5d88113df8862bff25b48c0b5bd1c52646af2496bc2f7088eda3ae3afce594e9,1
SYNTH_REENTRANCY::01732::SyntheticReentrancy01732,SyntheticReentrancy01732,i:redeem1732,redeem,train,DAPP::DAppSCAN-source/contracts/consensys-Aave_Protocol_V2/aave-protocol-v2-f756f44a8d6a328cd545335e46e7128939db88c4::LendingPool,i:flashLoan,flashLoan,send,pendingRewards15,285d808e7d44d23687ff228baee5a1ab24e376907c941feddc3cabd6428e2cee,1
SYNTH_REENTRANCY::01733::SyntheticReentrancy01733,SyntheticReentrancy01733,i:payout1733,payout,train,DAPP::DAppSCAN-source/contracts/Coinbae-Barnbridge_Vault/CommunityVault0xA3C299eEE1998F45c20010276684921EBE6423D9::CommunityVault,i:setAllowance,setAllowance,safeTransfer,withdrawalRequests16,fb0ad0b04c388257d02ba9c862b6513dc79e583e8479b469981fe2a1272bf1b5,1
SYNTH_REENTRANCY::01734::SyntheticReentrancy01734,SyntheticReentrancy01734,i:release1734,release,train,DAPP::DAppSCAN-source/contracts/Trail_of_Bits-MapleFinance/liquidations-35c628e5ab45fbffaab7aef43a030a98b712a94a::Liquidator,i:liquidatePortion,liquidatePortion,transfer,shares0,cb9f72318c1c2c5e19df02ec1c70f6e8f58b02f97407ddc10381e3db7ed3468d,1
SYNTH_REENTRANCY::01735::SyntheticReentrancy01735,SyntheticReentrancy01735,i:exit1735,exit,test,DAPP::DAppSCAN-source/contracts/consensys-GrowthDeFi WHEAT/wheat-v1-core-8360ac0a537589bb974e8a5a169bb3e7c95d2857::Exchange,i:convertFundsFromInput,convertFundsFromInput,call,stakes1,8a957280fa42e57382128f907c8642b6f5fe6975ea16ccb6f2557fd41293ee29,1
SYNTH_REENTRANCY::01736::SyntheticReentrancy01736,SyntheticReentrancy01736,i:claim1736,claim,test,DAPP::DAppSCAN-source/contracts/ImmuneBytes-Bird Money(MasterChef)-Audit Report/bird-farm-contracts-dfd2502b73c8f54c9081682c3eb070fcd3c00629::MasterChef,i:emergencyWithdraw,emergencyWithdraw,transfer,claims2,d10fea843e874cc316896a9b687fd7e232f6780e6e3ca04735baa1f5b0b7e5ce,1
SYNTH_REENTRANCY::01737::SyntheticReentrancy01737,SyntheticReentrancy01737,i:settle1737,settle,train,"DAPP::DAppSCAN-source/contracts/Inspex-Tokens, Farm & Shop/-SpeedStar-Audit-3e39d7acf9c1aa9f3a5511c161c2035ba7d6bc1f::Staking",i:depositStable,depositStable,send,escrowed3,08dc67c4a511f1d9becf4a96c017b603610ca255c6034ca32ce0a2b1405185e1,1
SYNTH_REENTRANCY::01738::SyntheticReentrancy01738,SyntheticReentrancy01738,i:collect1738,collect,train,FORGE::vfp_00125::Aori,i:cancel,cancel,safeTransfer,payouts4,9f884a5a41a4347cf5693245f49cc867f38bf906cb55240d0cb3de7bf510772b,1
SYNTH_REENTRANCY::01739::SyntheticReentrancy01739,SyntheticReentrancy01739,i:harvest1739,harvest,train,DAPP::DAppSCAN-source/contracts/Coinbae-Hakka_Finance_wHakka/code::wHakka,i:unstake,unstake,transfer,positions5,94cf2c38a7d329af355b90947e96aab361dd833edd14efd6c1cf89a75af17697,1
SYNTH_REENTRANCY::01740::SyntheticReentrancy01740,SyntheticReentrancy01740,i:withdraw1740,withdraw,train,DAPP::DAppSCAN-source/contracts/Chainsulting-Furucombo-project2/trevi-b3f7fd332873321152db48c9d43fc23a60a29f1a::FountainBase,i:_withdrawAngel,_withdrawAngel,call,balances6,959aebd1935129d2c7d8f732d1e42221d8c74fa2db90cb14fecec367d147c035,1
SYNTH_REENTRANCY::01741::SyntheticReentrancy01741,SyntheticReentrancy01741,i:claimReward1741,claimReward,test,FORGE::vfp_00260::Router_Adapter,i:relayTokens,relayTokens,transfer,credits7,6a986940be84431b5b22902b1681a0f281a45fa33fe84a328ee233f7ee8d79fb,1
SYNTH_REENTRANCY::01742::SyntheticReentrancy01742,SyntheticReentrancy01742,i:refund1742,refund,train,FORGE::vfp_00215::ScrollChainValidium,i:_finalizeBundle,_finalizeBundle,send,pendingRewards8,803fec72edae4d8067fefcf239c01e3799904af429c7ab919fff9a286bf1a4bb,1
SYNTH_REENTRANCY::01743::SyntheticReentrancy01743,SyntheticReentrancy01743,i:unstake1743,unstake,train,DAPP::DAppSCAN-source/contracts/PeckShield-PlutosV1/plutos-eth-contract-0777815::PMintBurn,i:deposit,deposit,safeTransfer,withdrawalRequests9,be4f4e514167c7a2b4c9ab6db9879e2cdc5b3b3c0e71fccc5026680d68ec2c3b,1
SYNTH_REENTRANCY::01744::SyntheticReentrancy01744,SyntheticReentrancy01744,i:redeem1744,redeem,val,DAPP::DAppSCAN-source/contracts/QuillAudits-GearBox Protocol-GearBox Protocol/gearbox-contracts-0ac33ba87212ce056ac6b6357ad74161d417158a::UniswapV3Adapter,i:exactOutputSingle,exactOutputSingle,transfer,shares10,ed19ff022c0bd5bb294cdf4b0a5b640d592a18414a1f178815e87b3b38296fd2,1
SYNTH_REENTRANCY::01745::SyntheticReentrancy01745,SyntheticReentrancy01745,i:payout1745,payout,train,DAPP::DAppSCAN-source/contracts/SlowMist-CFFv2 Smart Contract Security Audit Report/cff-contract-v2-c86bef3f13c7585f547f9cd0ca900f94664e96b7::CFVaultV2,i:withdraw,withdraw,call,stakes11,88d1d61af47ca7df0b7fd74adc971bfca501621fe1c708735a7a693c0c2bbca2,1
SYNTH_REENTRANCY::01746::SyntheticReentrancy01746,SyntheticReentrancy01746,i:release1746,release,train,FORGE::vfp_00221::LimitOrderHook,i:_afterSwap,_afterSwap,transfer,claims12,c2ffbc705c166795fdafc2366aa7980c703e8a47354bb6f1bf9de7534f9c7be1,1
SYNTH_REENTRANCY::01747::SyntheticReentrancy01747,SyntheticReentrancy01747,i:exit1747,exit,val,DAPP::DAppSCAN-source/contracts/SlowMist-Starcrazy Smart Contract Security Audit Report/starcrazy-contracts-e9e11d234ac065726e108a73dfcd5efbad26f2c5::GFSBonus,i:withdraw,withdraw,send,escrowed13,dd03133e35e8aaf4f9578e0c7dc0e2b8e703ba83d1481744e04b05812b084bf6,1
SYNTH_REENTRANCY::01748::SyntheticReentrancy01748,SyntheticReentrancy01748,i:claim1748,claim,train,DAPP::DAppSCAN-source/contracts/Coinfabrik-Woonkly Security Audit (DEX STAKE)/STAKESmartContractPreRelease-main::WOOPStake,i:processReward,processReward,safeTransfer,payouts14,474370c2b53a56cbc59ad193370d1e85cf498f05100c77ee172341658b1947d8,1
SYNTH_REENTRANCY::01749::SyntheticReentrancy01749,SyntheticReentrancy01749,i:settle1749,settle,train,DAPP::DAppSCAN-source/contracts/Iosiro-SNX FlashBurn Smart Contract Audit/flashburn-3aa02a3d63d9e0110a5b6669a4a4011ceee3cf2b::SNXFlashLoanTool,i:swap,swap,transfer,positions15,bb11cc0770d2cd0e9e82b54ab024bb9575b8e294fd88a0c59d9256b317f75d7f,1
SYNTH_REENTRANCY::01750::SyntheticReentrancy01750,SyntheticReentrancy01750,i:collect1750,collect,train,FORGE::vfp_00174::P2pResolvProxy,i:initiateWithdrawalRESOLVAccruedRewards,initiateWithdrawalRESOLVAccruedRewards,call,balances16,dfe1c28ecc6df0a653b20d5ed92320724d71bec5743f8e72586b2fad5d22db24,1
SYNTH_REENTRANCY::01751::SyntheticReentrancy01751,SyntheticReentrancy01751,i:harvest1751,harvest,train,DAPP::DAppSCAN-source/contracts/consensys-Gamma/hypervisor-41fd4abf79864478523e87924d4e80d80df04879::UniProxy,i:deposit,deposit,transfer,credits0,4bb1991751489ac493b51e9432d908961b9f5e842c68da48d8d74ba42281b23b,1
SYNTH_REENTRANCY::01752::SyntheticReentrancy01752,SyntheticReentrancy01752,i:withdraw1752,withdraw,train,FORGE::vfp_00175::P2pYieldProxy,i:_withdraw,_withdraw,send,pendingRewards1,c1f39b3fe499d7c8e58abecf9bbc0238a262c2e9ac3f4a69bf6bdcdbd7d11246,1
SYNTH_REENTRANCY::01753::SyntheticReentrancy01753,SyntheticReentrancy01753,i:claimReward1753,claimReward,val,FORGE::vfp_00001::AgentImageService,i:requestRefund,requestRefund,safeTransfer,withdrawalRequests2,148a1d36d173f9ef6476befbd59ebe59d81d7f84171a07a76bbe8a9ffd3736be,1
SYNTH_REENTRANCY::01754::SyntheticReentrancy01754,SyntheticReentrancy01754,i:refund1754,refund,val,DAPP::DAppSCAN-source/contracts/SlowMist-Starcrazy Smart Contract Security Audit Report/starcrazy-contracts-e9e11d234ac065726e108a73dfcd5efbad26f2c5::Auction,i:setGeneScienceAddress,setGeneScienceAddress,transfer,shares3,aa15c8203949489de9a5785d6d0e904a23a830fde094b9fa6879e4626ca5e57d,1
SYNTH_REENTRANCY::01755::SyntheticReentrancy01755,SyntheticReentrancy01755,i:unstake1755,unstake,train,DAPP::DAppSCAN-source/contracts/QuillAudits-1inch-Limit Order Protocol/limit-order-protocol-a14bde6a260458de5083cee117d734221e1cbc05::LimitOrderProtocol,i:fillOrderTo,fillOrderTo,call,stakes4,3d946382eed14d8c8329ba45a65b6170c3bbace869a1d5e3bba07c538c5a5040,1
SYNTH_REENTRANCY::01756::SyntheticReentrancy01756,SyntheticReentrancy01756,i:redeem1756,redeem,val,DAPP::DAppSCAN-source/contracts/QuillAudits-Yearn Finance-Yearn Vaults V3/yearn-vaults-e390c2a6b2ba6e2ecc8f3a72a1ea4adfabd17544::yWETH,i:withdrawETH,withdrawETH,transfer,claims5,57bf8433a9b1c008963be6c9ca3b2264c19b4074cfef5ec74ee3ed0a46063eed,1
SYNTH_REENTRANCY::01757::SyntheticReentrancy01757,SyntheticReentrancy01757,i:payout1757,payout,train,DAPP::DAppSCAN-source/contracts/PeckShield-BNPL/BNPL-0ee587a081668dcab166a3a275b8a6c4794ead4d::BankingNode,i:unstake,unstake,send,escrowed6,ca2fdf6271c2bfc90974ce299a570fd6a5ec425a299a8d6311264a0c32bd6760,1
SYNTH_REENTRANCY::01758::SyntheticReentrancy01758,SyntheticReentrancy01758,i:release1758,release,train,FORGE::vfp_00032::CurveConvexLib,i:unstakeAndExitPool,unstakeAndExitPool,safeTransfer,payouts7,8e765cf5cff679574c1d8bc4a7bf8c13b9883f966e237aae31afba8e1510b884,1
SYNTH_REENTRANCY::01759::SyntheticReentrancy01759,SyntheticReentrancy01759,i:exit1759,exit,train,FORGE::vfp_00045::PDPVerifier,i:nextProvingPeriod,nextProvingPeriod,transfer,positions8,095d918583c0cee113d0865104900c0167b1a8cceb75c83f6a3ff7c18f7c4e76,1
SYNTH_REENTRANCY::01760::SyntheticReentrancy01760,SyntheticReentrancy01760,i:claim1760,claim,train,FORGE::vfp_00234::mErc20Host,i:_verifyProof,_verifyProof,call,balances9,677d89ed5edba19d2130b6eca93f9b6a17c32e31ac3a661c5a51a0145be7c028,1
SYNTH_REENTRANCY::01761::SyntheticReentrancy01761,SyntheticReentrancy01761,i:settle1761,settle,train,DAPP::DAppSCAN-source/contracts/Coinbae-Pud.Fi Masterchef_Audit/MasterChef0x15Bee180BB39eE5c0166E63313C33984376930Db::MasterChef,i:emergencyWithdraw,emergencyWithdraw,transfer,credits10,c67933dce45e1f93979706140da69387d7e6a1f20fd80517b44d0b4770e326c1,1
SYNTH_REENTRANCY::01762::SyntheticReentrancy01762,SyntheticReentrancy01762,i:collect1762,collect,train,DAPP::DAppSCAN-source/contracts/PeckShield-Arche/Arche_v1.0_Eros-909f35e0064d636aaf61954a6026fda7b2bade7f::D_Swap,i:Impl_Delivery,Impl_Delivery,send,pendingRewards11,fda99dfe26f7a116ea758b385e02b3e46fd7fe83afe430e1e8dc817f31638a29,1
SYNTH_REENTRANCY::01763::SyntheticReentrancy01763,SyntheticReentrancy01763,i:harvest1763,harvest,val,DAPP::DAppSCAN-source/contracts/QuillAudits-GearBox Protocol-GearBox Protocol/gearbox-contracts-0ac33ba87212ce056ac6b6357ad74161d417158a::UniswapV2Adapter,i:swapExactTokensForTokens,swapExactTokensForTokens,safeTransfer,withdrawalRequests12,f8b59f7d27760fce276e7c186c12604247a7b68a6f1b828e4e352c5abeeea578,1
SYNTH_REENTRANCY::01764::SyntheticReentrancy01764,SyntheticReentrancy01764,i:withdraw1764,withdraw,train,DAPP::DAppSCAN-source/contracts/consensys-PoolTogether_Pods/pods-v3-contracts-879dc8b911fc506dd6bead1f36eade919ccfea57::TokenDrop,i:claim,claim,transfer,shares13,3d394a5dee14c81780bfc6a891917946b61f9a65c4f309b6445f7f2c9042f2f1,1
SYNTH_REENTRANCY::01765::SyntheticReentrancy01765,SyntheticReentrancy01765,i:claimReward1765,claimReward,train,DAPP::DAppSCAN-source/contracts/QuillAudits-Algovest/AlgoVestStaking0x090e69e7F48AFC059e480F297042DEA396B971e7::AlgoVestStaking,i:AVSTokenDonation,AVSTokenDonation,call,stakes14,4f4c066fb7dd2e3a915085ddea0975cc102888cae44d71ad001d6830cfce0679,1
SYNTH_REENTRANCY::01766::SyntheticReentrancy01766,SyntheticReentrancy01766,i:refund1766,refund,train,DAPP::DAppSCAN-source/contracts/PeckShield-DSG/core-6f607f77698936e132e4e9b5cb4d75580636d919::NftEarnErc20Pool,i:slotStake,slotStake,transfer,claims15,cad84a8f69d5b413c60ba36a70d1457523f58f83e3d1288814535afad9ceb76c,1
SYNTH_REENTRANCY::01767::SyntheticReentrancy01767,SyntheticReentrancy01767,i:unstake1767,unstake,val,DAPP::DAppSCAN-source/contracts/SlowMist-Starcrazy Smart Contract Security Audit Report/starcrazy-contracts-e9e11d234ac065726e108a73dfcd5efbad26f2c5::Aliana,i:setGeneScienceAddress,setGeneScienceAddress,send,escrowed16,c00ea9f18b6ead48986a0c7b48d846ea92b07034ce0110db02c8a7d7083a9f61,1
SYNTH_REENTRANCY::01768::SyntheticReentrancy01768,SyntheticReentrancy01768,i:redeem1768,redeem,train,DAPP::DAppSCAN-source/contracts/Hacken-Ground Zero/code::IDO,i:claim,claim,safeTransfer,payouts0,ae9518221df80aace6bd2bf7affde8ae32f48e4c8d603929c5e2d7c438119898,1
SYNTH_REENTRANCY::01769::SyntheticReentrancy01769,SyntheticReentrancy01769,i:payout1769,payout,train,FORGE::vfp_00189::Box,i:allocate,allocate,transfer,positions1,88067dcd38c0c2850032bf80e4f0149d151a51ef12eb94030dbfceafc25c0d13,1
SYNTH_REENTRANCY::01770::SyntheticReentrancy01770,SyntheticReentrancy01770,i:release1770,release,train,FORGE::vfp_00116::L1Mailbox,i:getMsg,getMsg,call,balances2,36bf4db8d85be768231777e7dc7d0c12eaf6684ab0e4c168dc0a425e6f492a93,1
SYNTH_REENTRANCY::01771::SyntheticReentrancy01771,SyntheticReentrancy01771,i:exit1771,exit,train,DAPP::DAppSCAN-source/contracts/consensys-PoolTogether_Pods/pods-v3-contracts-879dc8b911fc506dd6bead1f36eade919ccfea57::Pod,i:depositTo,depositTo,transfer,credits3,d8db663fe59ef5ba276339c94b5f625f4df7182c5ede1f72a09cdb89d1a9c1df,1
SYNTH_REENTRANCY::01772::SyntheticReentrancy01772,SyntheticReentrancy01772,i:claim1772,claim,test,FORGE::vfp_00058::LikwidMarginPosition,i:_margin,_margin,send,pendingRewards4,691d0ea4fae35a8ee19992d3549787bbc6262a5d495079627533c9fca752b2d8,1
SYNTH_REENTRANCY::01773::SyntheticReentrancy01773,SyntheticReentrancy01773,i:settle1773,settle,train,DAPP::DAppSCAN-source/contracts/PeckShield-BNPL/BNPL-0ee587a081668dcab166a3a275b8a6c4794ead4d::BankingNode,i:collectFees,collectFees,safeTransfer,withdrawalRequests5,0c7e743a76f92053cb5f239e52fd85817b17f476734c705cec2b18ac0f4f5814,1
SYNTH_REENTRANCY::01774::SyntheticReentrancy01774,SyntheticReentrancy01774,i:collect1774,collect,train,FORGE::vfp_00190::BoxAdapterCached,i:updateTotalAssets,updateTotalAssets,transfer,shares6,d31eea0546cd0d894a772a3af00750e87e3f6dc190c7b7e8bf7ae2e6700ed6b4,1
SYNTH_REENTRANCY::01775::SyntheticReentrancy01775,SyntheticReentrancy01775,i:harvest1775,harvest,val,DAPP::DAppSCAN-source/contracts/QuillAudits-GearBox Protocol-GearBox Protocol/gearbox-contracts-0ac33ba87212ce056ac6b6357ad74161d417158a::WETHGateway,i:repayCreditAccountETH,repayCreditAccountETH,call,stakes7,d2806b2190bcebdfe0d7ce6472b5c238e26a35901ecad8a377ae9a4e0910cbc9,1
SYNTH_REENTRANCY::01776::SyntheticReentrancy01776,SyntheticReentrancy01776,i:withdraw1776,withdraw,train,FORGE::vfp_00221::LimitOrderHook,i:_handleCancelCallback,_handleCancelCallback,transfer,claims8,9b1ca9a45d4101836fc4c4e0a6aca095b6c19bfdb0116789dc06323f6b8778c9,1
SYNTH_REENTRANCY::01777::SyntheticReentrancy01777,SyntheticReentrancy01777,i:claimReward1777,claimReward,train,DAPP::DAppSCAN-source/contracts/PeckShield-COIN98/code::C98MSiG,i:vote,vote,send,escrowed9,91d85229742acbd8fd773a872943e4c2701ff47af00cc546cb19db61d8129e8c,1
SYNTH_REENTRANCY::01778::SyntheticReentrancy01778,SyntheticReentrancy01778,i:refund1778,refund,val,FORGE::vfp_00289::BasketToken,i:proRataRedeem,proRataRedeem,safeTransfer,payouts10,bcaaea375bb127ff4c999145fdb440c5f779bf47b8d6c8a4fff2c013b22caa98,1
SYNTH_REENTRANCY::01779::SyntheticReentrancy01779,SyntheticReentrancy01779,i:unstake1779,unstake,train,DAPP::DAppSCAN-source/contracts/QuillAudits-Yearn Finance-Yearn Protocol V1/yearn-protocol-9ff0dc0ea73642c529383d0675930a41bf033295::yWETH,i:withdrawETH,withdrawETH,transfer,positions11,c851b42a263845893c09cb8b20a399da0c6690eb043fd9bfe02a73341cc7cd63,1
SYNTH_REENTRANCY::01780::SyntheticReentrancy01780,SyntheticReentrancy01780,i:redeem1780,redeem,test,"DAPP::DAppSCAN-source/contracts/Coinfabrik-MintingFactoryV2, BaseUpgradableMarketplace & KODAV3UpgradableGatedMarketplace/known-origin-contracts-v3-d592c5f4fa4e0b6fc65a1fce43e302706aedf607::MintingFactoryV2",i:mintBatchEdition,mintBatchEdition,call,balances12,f4db5c4b897f30d26ea4267add6d390000c77b3d5dcd8b327ba31065c00eda1a,1
SYNTH_REENTRANCY::01781::SyntheticReentrancy01781,SyntheticReentrancy01781,i:payout1781,payout,train,DAPP::DAppSCAN-source/contracts/Coinbae-Pud.Fi Masterchef_Audit/MasterChef0x15Bee180BB39eE5c0166E63313C33984376930Db::MasterChef,i:safePudTransfer,safePudTransfer,transfer,credits13,908be3c59efc384c0837821bda7b84b4de1195d5dcc9727976ab8dbd5551d81f,1
SYNTH_REENTRANCY::01782::SyntheticReentrancy01782,SyntheticReentrancy01782,i:release1782,release,train,DAPP::DAppSCAN-source/contracts/Coinbae-TapCoins_Token_Contract/code::UpgradeableToken,i:setUpgradeAgent,setUpgradeAgent,send,pendingRewards14,09b6121c570026965316a52e3f73e31f001ddabbe83fdbc2390630d9196190d7,1
SYNTH_REENTRANCY::01783::SyntheticReentrancy01783,SyntheticReentrancy01783,i:exit1783,exit,train,DAPP::DAppSCAN-source/contracts/consensys-PoolTogether_Sushi_and_Yearn_V2_Yield_Sources/pooltogether-yearnv2-yield-source-a34857f1555908a6263d2ebd189f0cb40e1858da::YearnV2YieldSource,i:supplyTokenTo,supplyTokenTo,safeTransfer,withdrawalRequests15,280d248e3a87e41854c117d1bd7e65b019fbf0a8c857b2acb439651bd563958d,1
SYNTH_REENTRANCY::01784::SyntheticReentrancy01784,SyntheticReentrancy01784,i:claim1784,claim,train,FORGE::vfp_00189::Box,i:reallocate,reallocate,transfer,shares16,dc0768cb84478920a2558c816f15fddf80b90cee797c58362e47302d71b64c09,1
SYNTH_REENTRANCY::01785::SyntheticReentrancy01785,SyntheticReentrancy01785,i:settle1785,settle,train,DAPP::DAppSCAN-source/contracts/openzeppelin-Endaoment/endaoment-contracts-f60aa253d3d869ad6460877f23e6092acb313add::Fund,i:finalizeGrant,finalizeGrant,call,stakes0,c91ede31e7ebe6062b7186882822077726911147890646762136f4876723adce,1
SYNTH_REENTRANCY::01786::SyntheticReentrancy01786,SyntheticReentrancy01786,i:collect1786,collect,train,DAPP::DAppSCAN-source/contracts/PeckShield-KaoyaSwap/contracts-8273073f1d6914f372790399378f177573c52e37::MasterChef,i:deposit,deposit,transfer,claims1,5b80d2f38aa196736122feeb648bf6ec8638b134ff509b7838ce1e3643566770,1
SYNTH_REENTRANCY::01787::SyntheticReentrancy01787,SyntheticReentrancy01787,i:harvest1787,harvest,train,DAPP::DAppSCAN-source/contracts/QuillAudits-BCUBE Smart Contract/b-cube-ico-13f9f8a991a65f3e0ca60a2078121fdd5a921fb0::BCubePublicSale,i:buyBcubeUsingUSDT,buyBcubeUsingUSDT,send,escrowed2,4452e25e4b6995408244dd06c7ef8d87087ba47eebe94739cfa74569c0dd82c7,1
SYNTH_REENTRANCY::01788::SyntheticReentrancy01788,SyntheticReentrancy01788,i:withdraw1788,withdraw,test,FORGE::vfp_00288::DelegationMetaSwapAdapter,i:swapTokens,swapTokens,safeTransfer,payouts3,02cff7900137d451bd2b2890f401ed8bcb092d320b952030491185debfeabf9c,1
SYNTH_REENTRANCY::01789::SyntheticReentrancy01789,SyntheticReentrancy01789,i:claimReward1789,claimReward,test,FORGE::vfp_00260::Router_Adapter,i:relayMessage,relayMessage,transfer,positions4,006ad48d8d56195f33c7ce120240d88cf34c5187adb3a64f3b48282bba8ec1e2,1
SYNTH_REENTRANCY::01790::SyntheticReentrancy01790,SyntheticReentrancy01790,i:refund1790,refund,train,FORGE::vfp_00189::Box,i:flash,flash,call,balances5,19f92dd3ce1f6838bb69c599cb3ea333d8d8a64a3c46927c9dbaa29117b9eb19,1
SYNTH_REENTRANCY::01791::SyntheticReentrancy01791,SyntheticReentrancy01791,i:unstake1791,unstake,val,DAPP::DAppSCAN-source/contracts/QuillAudits-GearBox Protocol-GearBox Protocol/gearbox-contracts-0ac33ba87212ce056ac6b6357ad74161d417158a::YearnAdapter,i:_deposit,_deposit,transfer,credits6,12669e686bcbc92d1f03fd4f0717293b65610eed56d2097cf54b8585ddde25ce,1
SYNTH_REENTRANCY::01792::SyntheticReentrancy01792,SyntheticReentrancy01792,i:redeem1792,redeem,test,DAPP::DAppSCAN-source/contracts/ImmuneBytes-Bird Money-Final Audit Report/bird-farm-contracts-dfd2502b73c8f54c9081682c3eb070fcd3c00629::MasterChef,i:withdraw,withdraw,send,pendingRewards7,471e931c7a4aa9905854ddfa54611f2d2f8b2000288a0a379f114055b6df3f3b,1
SYNTH_REENTRANCY::01793::SyntheticReentrancy01793,SyntheticReentrancy01793,i:payout1793,payout,train,DAPP::DAppSCAN-source/contracts/consensys-Gamma/hypervisor-41fd4abf79864478523e87924d4e80d80df04879::Hypervisor,i:withdraw,withdraw,safeTransfer,withdrawalRequests8,7493ff7ea569de149435d02f707250c84097917f498f68b66ca3f151fbf0fbeb,1
SYNTH_REENTRANCY::01794::SyntheticReentrancy01794,SyntheticReentrancy01794,i:release1794,release,val,DAPP::DAppSCAN-source/contracts/QuillAudits-GearBox Protocol-GearBox Protocol/gearbox-contracts-0ac33ba87212ce056ac6b6357ad74161d417158a::CurveV1Adapter,i:exchange,exchange,transfer,shares9,b2e0861b7ca508f528b0f10969b91013a728bec3134a9dc0d3b6d00ad25a2b29,1
SYNTH_REENTRANCY::01795::SyntheticReentrancy01795,SyntheticReentrancy01795,i:exit1795,exit,train,DAPP::DAppSCAN-source/contracts/Coinbae-Pud.Fi Masterchef_Audit/MasterChef0x15Bee180BB39eE5c0166E63313C33984376930Db::MasterChef,i:balance,balance,call,stakes10,75d3e77da27113e3497b0d9a068912a5cc4f6545237f013401a77fc639e49cea,1
SYNTH_REENTRANCY::01796::SyntheticReentrancy01796,SyntheticReentrancy01796,i:claim1796,claim,test,FORGE::vfp_00058::LikwidMarginPosition,i:modify,modify,transfer,claims11,9c4a9a2f01e1675afd88fdca7f0f30e043569a23b41f47213d5dbb5d51798e2a,1
SYNTH_REENTRANCY::01797::SyntheticReentrancy01797,SyntheticReentrancy01797,i:settle1797,settle,train,DAPP::DAppSCAN-source/contracts/PeckShield-BabySwap/code::HoldStake,i:addPool,addPool,send,escrowed12,a358cc47a8b37eaab6635691f2bc66d4d449bd99ac8a4aab019335a799985639,1
SYNTH_REENTRANCY::01798::SyntheticReentrancy01798,SyntheticReentrancy01798,i:collect1798,collect,train,DAPP::DAppSCAN-source/contracts/PeckShield-Holdefi/Holdefi-5a1e6e0d582120142e8a531f6806eba6665ef2f4::Holdefi,i:repayBorrowInternal,repayBorrowInternal,safeTransfer,payouts13,5d8f4f4fd6acb49817cd59d8c734733ed1130ed908d1374fa1020a3fe9cdda1b,1
SYNTH_REENTRANCY::01799::SyntheticReentrancy01799,SyntheticReentrancy01799,i:harvest1799,harvest,val,DAPP::DAppSCAN-source/contracts/Trail_of_Bits-OriginDollar/origin-dollar-81431fd3b2aa4c518ffc389844f9708c00b516f0::VaultCore,i:rebase,rebase,transfer,positions14,9aa1ae1bfc76c207560d246f607bf7b01927296b756c0c7c1a08fad0d0d2a318,1
SYNTH_REENTRANCY::01800::SyntheticReentrancy01800,SyntheticReentrancy01800,i:withdraw1800,withdraw,test,DAPP::DAppSCAN-source/contracts/PeckShield-DarkCrypto/darkcrypto-contracts-fee5be8d36459aebed2b84e6493875b3dc0366fd::SkyRewardPool,i:withdraw,withdraw,call,balances15,c8dcd07273bae958ba9963fb9250c3fe8357d52da7b68bbb2d79b7f9d85cad81,1
SYNTH_REENTRANCY::01801::SyntheticReentrancy01801,SyntheticReentrancy01801,i:claimReward1801,claimReward,train,DAPP::DAppSCAN-source/contracts/Hacken-Ground Zero/code::IDO,i:claimTheInvestments,claimTheInvestments,transfer,credits16,d355b07ef0d00cc99507fd54071736f07169cfff78b5fa01e9bae9f07406c45d,1
SYNTH_REENTRANCY::01802::SyntheticReentrancy01802,SyntheticReentrancy01802,i:refund1802,refund,val,DAPP::DAppSCAN-source/contracts/Runtime_Vеrification-ElementFinance/elf-contracts-637c6f959315cbb11a164555e588520c7d89122b::YVaultAssetProxy,i:reserveDeposit,reserveDeposit,send,pendingRewards0,5d97c5bee86904c1d4135a6220a8bb60ccdf542af8dee91726f25709765c7c93,1
SYNTH_REENTRANCY::01803::SyntheticReentrancy01803,SyntheticReentrancy01803,i:unstake1803,unstake,test,DAPP::DAppSCAN-source/contracts/ImmuneBytes-Bird Money(MasterChef)-Audit Report/bird-farm-contracts-dfd2502b73c8f54c9081682c3eb070fcd3c00629::MasterChef,i:deposit,deposit,safeTransfer,withdrawalRequests1,5bb116894d920d6ff392fa52e94c2c73c76a7fc7f0178b077c6a02f5d850a132,1
SYNTH_REENTRANCY::01804::SyntheticReentrancy01804,SyntheticReentrancy01804,i:redeem1804,redeem,train,DAPP::DAppSCAN-source/contracts/PeckShield-MilkySwap/milkyswap-59f163e9959cf8bae4a521a9648219b553312e07::MasterMilker,i:emergencyWithdraw,emergencyWithdraw,transfer,shares2,9d48c336d13a1ff220d0060250bef5a7747111650fcfc8ef14200b95ebbf2122,1
SYNTH_REENTRANCY::01805::SyntheticReentrancy01805,SyntheticReentrancy01805,i:payout1805,payout,train,DAPP::DAppSCAN-source/contracts/Coinbae-Pud.Fi Masterchef_Audit/MasterChef0x15Bee180BB39eE5c0166E63313C33984376930Db::MasterChef,i:setPoolStrategy,setPoolStrategy,call,stakes3,c59258d73555849c3eb5de8b714e40372be2ace8327d445611dec8d59c0d7d91,1
SYNTH_REENTRANCY::01806::SyntheticReentrancy01806,SyntheticReentrancy01806,i:release1806,release,train,DAPP::DAppSCAN-source/contracts/Runtime_Vеrification-Element_Finance_Governance_Security_Audit_Report/council-3d751c959b42573c78ccd0bccbc80424bf6d9a90::CoreVoting,i:execute,execute,transfer,claims4,bf7a757c9d1a3c33d36429721ffabbba073bb7f152333295b513f1fdb170c261,1
SYNTH_REENTRANCY::01807::SyntheticReentrancy01807,SyntheticReentrancy01807,i:exit1807,exit,val,DAPP::DAppSCAN-source/contracts/QuillAudits-GearBox Protocol-GearBox Protocol/gearbox-contracts-0ac33ba87212ce056ac6b6357ad74161d417158a::WETHGateway,i:addLiquidityETH,addLiquidityETH,send,escrowed5,99c8f102bfb4aa36a780de035488cb1c5d7a761f135d8408f66c5df74c539ef7,1
SYNTH_REENTRANCY::01808::SyntheticReentrancy01808,SyntheticReentrancy01808,i:claim1808,claim,train,DAPP::DAppSCAN-source/contracts/PeckShield-Atlantis/atlantis-protocol-bsc-766acebba9316eced1c15abf6158b31f470a947f::AToken,i:borrowFresh,borrowFresh,safeTransfer,payouts6,8a59695f9fc5d0753ab004fc58242723543f304c5bd6236545a94b4cff20bd0c,1
SYNTH_REENTRANCY::01809::SyntheticReentrancy01809,SyntheticReentrancy01809,i:settle1809,settle,train,FORGE::vfp_00088::EnjoyoorsVaultWithdrawals,i:_claimWithdrawal,_claimWithdrawal,transfer,positions7,e25d8d2866f478b4cf8511e3afa13254dfcdcc90f77fe28142ea1f679ad48ebe,1
SYNTH_REENTRANCY::01810::SyntheticReentrancy01810,SyntheticReentrancy01810,i:collect1810,collect,test,FORGE::vfp_00126::SpokePool,i:_setOftMessenger,_setOftMessenger,call,balances8,dad24ae609a62074c4ae157cdd4f00bb0fc0df20bd5455c474400bdedad1be2e,1
SYNTH_REENTRANCY::01811::SyntheticReentrancy01811,SyntheticReentrancy01811,i:harvest1811,harvest,train,DAPP::DAppSCAN-source/contracts/QuillAudits-Yearn Finance-Yearn Protocol V1/yearn-protocol-9ff0dc0ea73642c529383d0675930a41bf033295::yDelegatedVault,i:claimInsurance,claimInsurance,transfer,credits9,41b10a2751b252d0c0acf3228017b2beaf10d1168105b09c1c16994f3e345127,1
SYNTH_REENTRANCY::01812::SyntheticReentrancy01812,SyntheticReentrancy01812,i:withdraw1812,withdraw,train,DAPP::DAppSCAN-source/contracts/PeckShield-SushiSwap/sushiswap-180bc9b642bba79c1ee4a63f71a3a0d36e64aa63::MasterChef,i:withdraw,withdraw,send,pendingRewards10,76d7215fd25741e2b31d1a40bb162561632112a7663990a770c206d68d59d425,1
SYNTH_REENTRANCY::01813::SyntheticReentrancy01813,SyntheticReentrancy01813,i:claimReward1813,claimReward,train,FORGE::vfp_00221::LimitOrderHook,i:_handlePlaceCallback,_handlePlaceCallback,safeTransfer,withdrawalRequests11,6a575e4aad0c52abcdabb37c925173d641102e3108ce033af531bec112962d4e,1
SYNTH_REENTRANCY::01814::SyntheticReentrancy01814,SyntheticReentrancy01814,i:refund1814,refund,train,DAPP::DAppSCAN-source/contracts/QuillAudits-Keep3r.Network-Keep3r.Network/StakingRewardsV3-13ecc6966ae1a413f62224382bfd4d64b1a22351::StakingRewardsV3,i:deposit,deposit,transfer,shares12,865a72a4f531af9d28148bac6b64779596dd1c33fbd4c7a4b1a5d38a571d94fe,1
SYNTH_REENTRANCY::01815::SyntheticReentrancy01815,SyntheticReentrancy01815,i:unstake1815,unstake,val,DAPP::DAppSCAN-source/contracts/Trail_of_Bits-OriginDollar/origin-dollar-81431fd3b2aa4c518ffc389844f9708c00b516f0::VaultCore,i:_allocate,_allocate,call,stakes13,0857c0ae7b93fec884b355c15933a7bdbc4128b7adfc86f4946ef49305cb4d1f,1
SYNTH_REENTRANCY::01816::SyntheticReentrancy01816,SyntheticReentrancy01816,i:redeem1816,redeem,train,DAPP::DAppSCAN-source/contracts/Coinbae-Pud.Fi Masterchef_Audit/MasterChef0x15Bee180BB39eE5c0166E63313C33984376930Db::MasterChef,i:withdraw,withdraw,transfer,claims14,1d89eb8c7c7b01a42ff478bd7a7c129fdc83130618e8b86bb41aa2dbef010358,1
SYNTH_REENTRANCY::01817::SyntheticReentrancy01817,SyntheticReentrancy01817,i:payout1817,payout,train,DAPP::DAppSCAN-source/contracts/Coinbae-Pud.Fi Masterchef_Audit/MasterChef0x15Bee180BB39eE5c0166E63313C33984376930Db::MasterChef,i:add,add,send,escrowed15,158132f84c670b074bbb9d953d79ccdff45b3d13f4feb5aec2b9e97084b4737e,1
SYNTH_REENTRANCY::01818::SyntheticReentrancy01818,SyntheticReentrancy01818,i:release1818,release,train,DAPP::DAppSCAN-source/contracts/PeckShield-DSG/core-6f607f77698936e132e4e9b5cb4d75580636d919::SinglePool,i:emergencyWithdraw,emergencyWithdraw,safeTransfer,payouts16,0b4ca6bbbc0700648304a39213163f10061274b122c1b3a2af88d048f8f02974,1
SYNTH_REENTRANCY::01819::SyntheticReentrancy01819,SyntheticReentrancy01819,i:exit1819,exit,test,DAPP::DAppSCAN-source/contracts/BlockSec-blocksec_impossible_finance_swap_v1.2/impossible-swap-core-29aaef89f996acdbee92b67c4d95fb608dc8b876::ImpossibleWrappedToken,i:deposit,deposit,transfer,positions0,692f4bdae56e3c0b69671cbe34989fc3f64a4301050bb03808ba0a976dac6743,1
SYNTH_REENTRANCY::01820::SyntheticReentrancy01820,SyntheticReentrancy01820,i:claim1820,claim,train,DAPP::DAppSCAN-source/contracts/consensys-Connext NXTP — Noncustodial Xchain Transfer Protocol/nxtp-0656436d654cfe0313fa3c2bbc81aa86232ade16::TransactionManager,i:removeLiquidity,removeLiquidity,call,balances1,81031ee6c9615093101babe407acc4b5b6fffa51d87e2824c5cce747d62b0259,1
SYNTH_REENTRANCY::01821::SyntheticReentrancy01821,SyntheticReentrancy01821,i:settle1821,settle,train,DAPP::DAppSCAN-source/contracts/PeckShield-DSG/core-6f607f77698936e132e4e9b5cb4d75580636d919::GovernorV1,i:propose,propose,transfer,credits2,9ec37e0c79ad5730a7ebf75cf3980d6046d24f5324f03f8401bc2aeb9cb560ee,1
SYNTH_REENTRANCY::01822::SyntheticReentrancy01822,SyntheticReentrancy01822,i:collect1822,collect,train,DAPP::DAppSCAN-source/contracts/QuillAudits-Yearn Finance-Yearn Protocol V1/yearn-protocol-9ff0dc0ea73642c529383d0675930a41bf033295::yWETH,i:depositETH,depositETH,send,pendingRewards3,8541fb6d7883cfa781e33507bb131bec0f30a0d14a888be8e71ee7f8785293a0,1
SYNTH_REENTRANCY::01823::SyntheticReentrancy01823,SyntheticReentrancy01823,i:harvest1823,harvest,train,DAPP::DAppSCAN-source/contracts/PeckShield-ShibaNova/Contracts-b6b1ce1fcaff83d360df8944309f49958842b7b8::MasterShiba,i:withdraw,withdraw,safeTransfer,withdrawalRequests4,9bb7294fe698e863a62be52a0e8a76e5b7bf981385efd80768049ad90cd92bda,1
SYNTH_REENTRANCY::01824::SyntheticReentrancy01824,SyntheticReentrancy01824,i:withdraw1824,withdraw,train,FORGE::vfp_00221::LimitOrderHook,i:cancelOrder,cancelOrder,transfer,shares5,ba93d43d642e4d50864eead5fc4b1cdce81aab7d35c4e6572dc7be7dc9f93648,1
SYNTH_REENTRANCY::01825::SyntheticReentrancy01825,SyntheticReentrancy01825,i:claimReward1825,claimReward,train,DAPP::DAppSCAN-source/contracts/PeckShield-PikaPerpV2/PikaPerpV2-4a0965ff90ed099b7e2d3e8dda47cd589ee8e3a2::PikaPerpV2,i:closePositionWithId,closePositionWithId,call,stakes6,4401d27dd831f9f7144253ac7d01ca03b037c47f44e9e77758f16f251e56e2bf,1
SYNTH_REENTRANCY::01826::SyntheticReentrancy01826,SyntheticReentrancy01826,i:refund1826,refund,val,DAPP::DAppSCAN-source/contracts/QuillAudits-GearBox Protocol-GearBox Protocol/gearbox-contracts-0ac33ba87212ce056ac6b6357ad74161d417158a::UniswapV3Adapter,i:exactInputSingle,exactInputSingle,transfer,claims7,a1c0f7872a4dfc8a821b926a71523dedbab83104fcb99661876cec07b107f18c,1
SYNTH_REENTRANCY::01827::SyntheticReentrancy01827,SyntheticReentrancy01827,i:unstake1827,unstake,val,DAPP::DAppSCAN-source/contracts/QuillAudits-GearBox Protocol-GearBox Protocol/gearbox-contracts-0ac33ba87212ce056ac6b6357ad74161d417158a::PoolService,i:lendCreditAccount,lendCreditAccount,send,escrowed8,79fa1d3386f1000dd1ce14db9538740035877077c9ab6d7cf24e375c6fbb7214,1
SYNTH_REENTRANCY::01828::SyntheticReentrancy01828,SyntheticReentrancy01828,i:redeem1828,redeem,val,DAPP::DAppSCAN-source/contracts/SlowMist-Starcrazy Smart Contract Security Audit Report/starcrazy-contracts-e9e11d234ac065726e108a73dfcd5efbad26f2c5::ClockAuctionBase,i:setGeneScienceAddress,setGeneScienceAddress,safeTransfer,payouts9,b85f3d04df49f98e3b4026800e76423c35877a381ce7faa516a2621696bef03a,1
SYNTH_REENTRANCY::01829::SyntheticReentrancy01829,SyntheticReentrancy01829,i:payout1829,payout,val,DAPP::DAppSCAN-source/contracts/QuillAudits-GearBox Protocol-GearBox Protocol/gearbox-contracts-0ac33ba87212ce056ac6b6357ad74161d417158a::UniswapV2Adapter,i:swapTokensForExactTokens,swapTokensForExactTokens,transfer,positions10,faacff48002e2e665fae464d903a6cdfdd432c3ed96c2457e33cc14b35263019,1
SYNTH_REENTRANCY::01830::SyntheticReentrancy01830,SyntheticReentrancy01830,i:release1830,release,val,DAPP::DAppSCAN-source/contracts/PeckShield-TranchessV1.1/contract-core-68a86350313c1cb9e5467e791d3e9efaf228a0df::StakingV2,i:deposit,deposit,call,balances11,0d56bfcf818ad444b694bbf0df6fceacba82ab5b7050c845f5676a099498f2df,1
SYNTH_REENTRANCY::01831::SyntheticReentrancy01831,SyntheticReentrancy01831,i:exit1831,exit,train,FORGE::vfp_00224::OidcRecoveryValidator,i:startRecovery,startRecovery,transfer,credits12,d15acf31d92782a2dd28e05998c4d8fdac289200a347ce2b26fd82fc675b36a0,1
SYNTH_REENTRANCY::01832::SyntheticReentrancy01832,SyntheticReentrancy01832,i:claim1832,claim,train,DAPP::DAppSCAN-source/contracts/QuillAudits-1inch-Fixed Rate Swap/fixed-rate-swap-0b5a75e9f56e7d21c290dd28c59dc140dcbcc1d5::FixedRateSwap,i:depositFor,depositFor,send,pendingRewards13,caeef20a15a56a6792d3329e7462d2d43fa8b2891735650674de93c18fac25ea,1
SYNTH_REENTRANCY::01833::SyntheticReentrancy01833,SyntheticReentrancy01833,i:settle1833,settle,train,DAPP::DAppSCAN-source/contracts/PeckShield-Holdefi/Holdefi-5a1e6e0d582120142e8a531f6806eba6665ef2f4::HoldefiSettings,i:setHoldefiContract,setHoldefiContract,safeTransfer,withdrawalRequests14,a9cfcb18d6914f0217eeae3f1aab1a03ae68b6491b372bfc736ca77f2fd9ecbc,1
SYNTH_REENTRANCY::01834::SyntheticReentrancy01834,SyntheticReentrancy01834,i:collect1834,collect,train,DAPP::DAppSCAN-source/contracts/Chainsecurity-Compound  cToken unredacted/compound-protocol-4a54ec5c55b66ea67d44b76f3056f0ed7229db8c::Comptroller,i:liquidateBorrowAllowed,liquidateBorrowAllowed,transfer,shares15,da15f91dddc4f890ca77dce508c6bf923b55188f33f70e85f3205ee34c50f96a,1
SYNTH_REENTRANCY::01835::SyntheticReentrancy01835,SyntheticReentrancy01835,i:harvest1835,harvest,train,DAPP::DAppSCAN-source/contracts/openzeppelin-Optimism/contracts-18e128343731b9bde23812ce932e24d81440b6b7::OVM_StateTransitioner,i:applyTransaction,applyTransaction,call,stakes16,2e5da3c1831c0c71ad939841109aedbd9446d9e458b102e5f490768ba16f37f6,1
SYNTH_REENTRANCY::01836::SyntheticReentrancy01836,SyntheticReentrancy01836,i:withdraw1836,withdraw,val,DAPP::DAppSCAN-source/contracts/QuillAudits-GearBox Protocol-GearBox Protocol/gearbox-contracts-0ac33ba87212ce056ac6b6357ad74161d417158a::YearnAdapter,i:withdraw,withdraw,transfer,claims0,15ea6c2307145d94f251591e90afbd6997f09c7717c7a0513908cdbdffc6b7fb,1
SYNTH_REENTRANCY::01837::SyntheticReentrancy01837,SyntheticReentrancy01837,i:claimReward1837,claimReward,train,DAPP::DAppSCAN-source/contracts/QuillAudits-Abyss Finance-Abyss Eth2 Depositor/abyss-eth2depositor-a2d58dea4d79846dc682fe93ac3e0eca02323d11::AbyssEth2Depositor,i:deposit,deposit,send,escrowed1,fa6ad323672bd4c13e17363bcc1f11b0973768e6252fc544638df2a1b5f596b2,1
SYNTH_REENTRANCY::01838::SyntheticReentrancy01838,SyntheticReentrancy01838,i:refund1838,refund,train,DAPP::DAppSCAN-source/contracts/Coinbae-Pud.Fi Masterchef_Audit/MasterChef0x15Bee180BB39eE5c0166E63313C33984376930Db::MasterChef,i:deposit,deposit,safeTransfer,payouts2,17241e655b4a8ac8fd417346419ec2386dbaf935094ceee0c52237beacec73d7,1
SYNTH_REENTRANCY::01839::SyntheticReentrancy01839,SyntheticReentrancy01839,i:unstake1839,unstake,val,DAPP::DAppSCAN-source/contracts/SlowMist-Starcrazy Smart Contract Security Audit Report/starcrazy-contracts-e9e11d234ac065726e108a73dfcd5efbad26f2c5::AlianaSale,i:withdrawOwnerCutSale,withdrawOwnerCutSale,transfer,positions3,f035cf93a08ee8ed2d51fd3cb6e7653cf63890e1f7e7b73953ebb529e6ef45df,1
SYNTH_REENTRANCY::01840::SyntheticReentrancy01840,SyntheticReentrancy01840,i:redeem1840,redeem,val,FORGE::vfp_00001::AgentImageService,i:fulfillImage,fulfillImage,call,balances4,5fd692799a61ee29250f4547d8e521992abf773261c02f96816e936285134514,1
SYNTH_REENTRANCY::01841::SyntheticReentrancy01841,SyntheticReentrancy01841,i:payout1841,payout,test,FORGE::vfp_00058::LikwidMarginPosition,i:_executeAddLeverage,_executeAddLeverage,transfer,credits5,ae978756ea7afef9e1ee58bc6bbd0194061a9399e3d08fd91d272f67b5bf9bb3,1
SYNTH_REENTRANCY::01842::SyntheticReentrancy01842,SyntheticReentrancy01842,i:release1842,release,train,DAPP::DAppSCAN-source/contracts/Chainsecurity-Compound  cToken unredacted/compound-protocol-4a54ec5c55b66ea67d44b76f3056f0ed7229db8c::CToken,i:_setComptroller,_setComptroller,send,pendingRewards6,334c99fd060bf7287787eea24317c241e9cc5447800b52ea6c7baa212450ff94,1
SYNTH_REENTRANCY::01843::SyntheticReentrancy01843,SyntheticReentrancy01843,i:exit1843,exit,val,DAPP::DAppSCAN-source/contracts/Trail_of_Bits-OriginDollar/origin-dollar-81431fd3b2aa4c518ffc389844f9708c00b516f0::VaultCore,i:_redeem,_redeem,safeTransfer,withdrawalRequests7,33866e591f4c86d3512aaa4d98feee194d1f3cd0ac281bdebe05b2276fefd4c7,1
SYNTH_REENTRANCY::01844::SyntheticReentrancy01844,SyntheticReentrancy01844,i:claim1844,claim,val,DAPP::DAppSCAN-source/contracts/QuillAudits-GearBox Protocol-GearBox Protocol/gearbox-contracts-0ac33ba87212ce056ac6b6357ad74161d417158a::AccountFactory,i:returnCreditAccount,returnCreditAccount,transfer,shares8,ac2859ffec2a8eeb80b1640e5cff08184faf62505cb4ef79b6ec885499b43a6d,1
SYNTH_REENTRANCY::01845::SyntheticReentrancy01845,SyntheticReentrancy01845,i:settle1845,settle,train,FORGE::vfp_00102::StopLimit,i:performUpkeep,performUpkeep,call,stakes9,108407615d2d9a6f75bd105584dfbca3e603b562f221cd783c42197e841e5341,1
SYNTH_REENTRANCY::01846::SyntheticReentrancy01846,SyntheticReentrancy01846,i:collect1846,collect,train,FORGE::vfp_00007::Folio,i:getRebalance,getRebalance,transfer,claims10,e6844d4a32c1f42e0154ba9e64a477cdb9bbdeab0f95f6c06cfb459f49e425b0,1
SYNTH_REENTRANCY::01847::SyntheticReentrancy01847,SyntheticReentrancy01847,i:harvest1847,harvest,train,DAPP::DAppSCAN-source/contracts/BlockSec-blocksec_multichain_vemult_v1.0_signed/veMULTI-bac804399d1ea280e5bd8cdc9488b6fa6a0a7fcc::ve,i:withdraw,withdraw,send,escrowed11,1d56496211be15890b48579983cbc2fe0da540ca490778d9825db4620fba0736,1
SYNTH_REENTRANCY::01848::SyntheticReentrancy01848,SyntheticReentrancy01848,i:withdraw1848,withdraw,val,DAPP::DAppSCAN-source/contracts/QuillAudits-GearBox Protocol-GearBox Protocol/gearbox-contracts-0ac33ba87212ce056ac6b6357ad74161d417158a::WETHGateway,i:openCreditAccountETH,openCreditAccountETH,safeTransfer,payouts12,da3bb9e3d0f57feec6efdf99f972f7c6b4ab9b10dcf2d4ced03326b3436c1d61,1
SYNTH_REENTRANCY::01849::SyntheticReentrancy01849,SyntheticReentrancy01849,i:claimReward1849,claimReward,val,DAPP::DAppSCAN-source/contracts/QuillAudits-GearBox Protocol-GearBox Protocol/gearbox-contracts-0ac33ba87212ce056ac6b6357ad74161d417158a::UniswapV3Adapter,i:exactOutput,exactOutput,transfer,positions13,8c3096c692a36427bd03ef595bfd73da300aefd8b09e76e14460c582f56b3468,1
SYNTH_REENTRANCY::01850::SyntheticReentrancy01850,SyntheticReentrancy01850,i:refund1850,refund,val,DAPP::DAppSCAN-source/contracts/SlowMist-Starcrazy Smart Contract Security Audit Report/starcrazy-contracts-e9e11d234ac065726e108a73dfcd5efbad26f2c5::AlianaBase,i:setGeneScienceAddress,setGeneScienceAddress,call,balances14,b26370a5326b5f1230321ce97320ff6a3594e9454f821997966ed93c56189db0,1
SYNTH_REENTRANCY::01851::SyntheticReentrancy01851,SyntheticReentrancy01851,i:unstake1851,unstake,val,DAPP::DAppSCAN-source/contracts/SlowMist-Starcrazy Smart Contract Security Audit Report/starcrazy-contracts-e9e11d234ac065726e108a73dfcd5efbad26f2c5::AlianaOwnership,i:setGeneScienceAddress,setGeneScienceAddress,transfer,credits15,03b597c8a60fb263b803b6c1bbb6912ed3c8cfbb29628bf31d3ff6db2b032e89,1
SYNTH_REENTRANCY::01852::SyntheticReentrancy01852,SyntheticReentrancy01852,i:redeem1852,redeem,test,DAPP::DAppSCAN-source/contracts/Hacken-Powerbomb-V1/powerbomb-lite-0f86ff1eecdd723be733a9b33ff4ffa3bbdadcee::PowerBombAvaxCurve,i:claimReward,claimReward,send,pendingRewards16,2d660e2ed33124d8e556e088d69c3ea3df9ce21d716a839ad2b42a0595e01cf2,1
SYNTH_REENTRANCY::01853::SyntheticReentrancy01853,SyntheticReentrancy01853,i:payout1853,payout,train,DAPP::DAppSCAN-source/contracts/QuillAudits-Alium Finance Smart Contract/alium-farm-e37d6af39af68049c2684085f025385407b4bd55::MasterChef,i:emergencyWithdraw,emergencyWithdraw,safeTransfer,withdrawalRequests0,6b0aca590dd4e96aa70554d46453590eb4ae04542ee6c44947dcd3cc6594c55b,1
SYNTH_REENTRANCY::01854::SyntheticReentrancy01854,SyntheticReentrancy01854,i:release1854,release,train,DAPP::DAppSCAN-source/contracts/openzeppelin-Solo_Margin_Protocol/solo-17df84db351d5438e1b7437572722b4f52c8b2b4::AdminImpl,i:_setPriceOracle,_setPriceOracle,transfer,shares1,07067a502aef03f620b818e83fdad001ae0b1ae958c9fb19f70dcb0a82d0f67e,1
SYNTH_REENTRANCY::01855::SyntheticReentrancy01855,SyntheticReentrancy01855,i:exit1855,exit,train,FORGE::vfp_00215::ScrollChainValidium,i:registerNewEncryptionKey,registerNewEncryptionKey,call,stakes2,b27562971f0dbb6efebb072df43020d966cf4393e70bf8aa6903d031a886e113,1
SYNTH_REENTRANCY::01856::SyntheticReentrancy01856,SyntheticReentrancy01856,i:claim1856,claim,train,DAPP::DAppSCAN-source/contracts/Runtime_Vеrification-stakefish_ethereum_staking_audit_report/eth2-validation-services-contract-d91928f3a270f6115831fe3a21a69eb98bf57b26::StakefishERC721Wrapper,i:mintTo,mintTo,transfer,claims3,9aaabb0e4f12a60b1fc0ffb63e0e9bdd248eefa708e3f51956edb88a1d322d31,1
SYNTH_REENTRANCY::01857::SyntheticReentrancy01857,SyntheticReentrancy01857,i:settle1857,settle,val,DAPP::DAppSCAN-source/contracts/PeckShield-Tranchessv1.0/contract-core-5ac3d997da3ef37b0135565a11c5ebcc519862aa::LiquidityStaking,i:deposit,deposit,send,escrowed4,0cf49bf50a31ab12d242473862b1c7c84a83129b2b004fff76aa77656148b0db,1
SYNTH_REENTRANCY::01858::SyntheticReentrancy01858,SyntheticReentrancy01858,i:collect1858,collect,train,FORGE::vfp_00209::StakingManager,i:withdraw,withdraw,safeTransfer,payouts5,67827cb7948ad80801d18029ea3d8e730a95f2a1939144c475e06168b2626c60,1
SYNTH_REENTRANCY::01859::SyntheticReentrancy01859,SyntheticReentrancy01859,i:harvest1859,harvest,train,DAPP::DAppSCAN-source/contracts/Trail_of_Bits-ampleforth/market-oracle-888fccaf05786f3f7f49e18ff040f911d44906f4::MarketOracle,i:getPriceAnd24HourVolume,getPriceAnd24HourVolume,transfer,positions6,25e9732495a3e1f63d6b304932a1af41bc99c3259d0504c7887b19767706201e,1
SYNTH_REENTRANCY::01860::SyntheticReentrancy01860,SyntheticReentrancy01860,i:withdraw1860,withdraw,train,DAPP::DAppSCAN-source/contracts/PeckShield-Rikkei/rifi-protocol-b33243fb3a218cc195f0727fe1499cb57f5ea0b2::RToken,i:borrowFresh,borrowFresh,call,balances7,bf1cafa23a33ca7d73bea98c1e1c3e14efa72117d7f1b813ad10163dcf2c2eeb,1
SYNTH_REENTRANCY::01861::SyntheticReentrancy01861,SyntheticReentrancy01861,i:claimReward1861,claimReward,train,FORGE::vfp_00007::Folio,i:startRebalance,startRebalance,transfer,credits8,b1408591fa935e0667014cbf31edf354e21e09688800dc51add6934232a130f0,1
SYNTH_REENTRANCY::01862::SyntheticReentrancy01862,SyntheticReentrancy01862,i:refund1862,refund,val,DAPP::DAppSCAN-source/contracts/Runtime_Vеrification-Tracer_Perpetual_Pools_V2/perpetual-pools-contracts-846bbf62652d7c83aee1cf3766275c4d08b00c8a::PoolFactory,i:deployPool,deployPool,send,pendingRewards9,8fd8545510f196858d188d44a81c7e95804a1b72619f40797544c64444e71a05,1
SYNTH_REENTRANCY::01863::SyntheticReentrancy01863,SyntheticReentrancy01863,i:unstake1863,unstake,train,DAPP::DAppSCAN-source/contracts/Trail_of_Bits-FraxQ42021/frax-solidity-bd40775e283923aa9e32a107abd426430a99835e::veFXSYieldDistributorV4,i:notifyRewardAmount,notifyRewardAmount,safeTransfer,withdrawalRequests10,04ba57da3097c90b8bd633c881568b41388d30846330243e2976a3f7255f1050,1
SYNTH_REENTRANCY::01864::SyntheticReentrancy01864,SyntheticReentrancy01864,i:redeem1864,redeem,train,FORGE::vfp_00007::Folio,i:mint,mint,transfer,shares11,fe2ac28c733c7f296a86bfc3f09df05f3db00579a147e67fbbc6b019dfb7fe3b,1
SYNTH_REENTRANCY::01865::SyntheticReentrancy01865,SyntheticReentrancy01865,i:payout1865,payout,test,DAPP::DAppSCAN-source/contracts/SlowMist-ForTube2.0 Smart Contract Security Audit Report/bond-854527d0ea7ad2ddd3504b4d4ae3fcb57cb6445d::PRA,i:lock,lock,call,stakes12,b7a53f58d1e63dcea83b99d27a50f0ac90accb232e2f734ecb8782d9e93ec222,1
SYNTH_REENTRANCY::01866::SyntheticReentrancy01866,SyntheticReentrancy01866,i:release1866,release,train,FORGE::vfp_00007::Folio,i:distributeFees,distributeFees,transfer,claims13,7bf3a799d87e170d946946f090d071b6772f898b9c6ecc63bfbeda61b6076bdd,1
SYNTH_REENTRANCY::01867::SyntheticReentrancy01867,SyntheticReentrancy01867,i:exit1867,exit,train,DAPP::DAppSCAN-source/contracts/PeckShield-BabySwap/code::MasterChef,i:withdraw,withdraw,send,escrowed14,2dd3e127dd944d0fc165100ef155c0a53ed77f9536bdd3d913f64ad343599f8e,1
SYNTH_REENTRANCY::01868::SyntheticReentrancy01868,SyntheticReentrancy01868,i:claim1868,claim,train,DAPP::DAppSCAN-source/contracts/QuillAudits-coalichain/CoaliSC-3f0920d650467279f7ceee08776bd74ecadd3237::Main,i:createBallot,createBallot,safeTransfer,payouts15,1d0a7affde9f5804476ea63eb5ac433300cc4eb70e9751b318b07ac0847b5a54,1
SYNTH_REENTRANCY::01869::SyntheticReentrancy01869,SyntheticReentrancy01869,i:settle1869,settle,val,DAPP::DAppSCAN-source/contracts/Trail_of_Bits-OriginDollar/origin-dollar-81431fd3b2aa4c518ffc389844f9708c00b516f0::VaultCore,i:mintMultiple,mintMultiple,transfer,positions16,5d2eaad92812f6f476066860d758a7c83c5ec4bf99c7269ce8c476ffd3d70ea1,1
SYNTH_REENTRANCY::01870::SyntheticReentrancy01870,SyntheticReentrancy01870,i:collect1870,collect,test,DAPP::DAppSCAN-source/contracts/PepperSec-Aira-Robonomic/robonomics_contracts-cc35a91de187072214d215262d8371f0159c2498::LighthouseLib,i:withdraw,withdraw,call,balances0,97ac3553ebff78ca69f81662b77d59f6f99f4a9eaa765fa87f5d5f3a7f248b16,1
SYNTH_REENTRANCY::01871::SyntheticReentrancy01871,SyntheticReentrancy01871,i:harvest1871,harvest,train,DAPP::DAppSCAN-source/contracts/PeckShield-Convex_Frax/frax-cvx-platform-2f8573ee796daa022c1050b4a749bf08049c439b::StakingProxyUniV3,i:lockAdditional,lockAdditional,transfer,credits1,f9857332857322f0acaf9db2c008105eac3d9568efa09ef8e853cda8f9e4d880,1
SYNTH_REENTRANCY::01872::SyntheticReentrancy01872,SyntheticReentrancy01872,i:withdraw1872,withdraw,train,DAPP::DAppSCAN-source/contracts/PeckShield-CryptoHeroes/cryptoheroes-6cb0eaf8c88fdaab89d2b4c83535a189c7793001::CryptoHeroesUniverse,i:deposit,deposit,send,pendingRewards2,b80c951ff25c4c1ae3256341b6ce2a675c621af7a69fabdfeba051aed475ae1a,1
SYNTH_REENTRANCY::01873::SyntheticReentrancy01873,SyntheticReentrancy01873,i:claimReward1873,claimReward,train,DAPP::DAppSCAN-source/contracts/Chainsecurity-Angle Protocol/angle-core-46e6d32837cbe97a4af0adb693e63afa0d01fc3e::PerpetualManagerFront,i:openPerpetual,openPerpetual,safeTransfer,withdrawalRequests3,0365f12d3963480a12be71ef3f31473a6680a0105aa53b945a84a4c844cedbbd,1
SYNTH_REENTRANCY::01874::SyntheticReentrancy01874,SyntheticReentrancy01874,i:refund1874,refund,train,DAPP::DAppSCAN-source/contracts/PeckShield-Hegic(v8888)/Hegic-v8888-2dcd44dc1ae07881e94d52fa618f9704bfd4ffda::HegicPool,i:provideFrom,provideFrom,transfer,shares4,4031890d6c937fce690dc831037bba09ba29c773cf25a44b24b848ee98a24f9b,1
SYNTH_REENTRANCY::01875::SyntheticReentrancy01875,SyntheticReentrancy01875,i:unstake1875,unstake,train,FORGE::vfp_00174::P2pResolvProxy,i:withdrawRESOLV,withdrawRESOLV,call,stakes5,206f260584b46887c6584a5359e21b7467d4b3238c2c57f014ff4a2902cafc7a,1
SYNTH_REENTRANCY::01876::SyntheticReentrancy01876,SyntheticReentrancy01876,i:redeem1876,redeem,train,DAPP::DAppSCAN-source/contracts/QuillAudits-Bond Appetit-Bond Appetit/bondappetit-protocol-355180f0aca0b29d60d808f761052956b7a3a159::ProfitSplitter,i:_payToRecipients,_payToRecipients,transfer,claims6,fc017653c3b625e06bc7a91c3c3a377ed48701aeb8010a9f50d58cd98c67dde5,1
SYNTH_REENTRANCY::01877::SyntheticReentrancy01877,SyntheticReentrancy01877,i:payout1877,payout,train,FORGE::vfp_00209::StakingManager,i:stake,stake,send,escrowed7,95dacc6ae472716441180b088092a947673f57b930cfa3f64fa77323fdf2532e,1
SYNTH_REENTRANCY::01878::SyntheticReentrancy01878,SyntheticReentrancy01878,i:release1878,release,test,DAPP::DAppSCAN-source/contracts/Solidity_Finance-OKLG - Smart Contract/contracts-e167d0d742d21bcc62d7a5b770a1f0ed1cf31eca::MTGYTokenLocker,i:withdrawLockedTokens,withdrawLockedTokens,safeTransfer,payouts8,a834356d306ed031b8aa760f4c28b5440004d482130d5833e7da2c453a02f86c,1
SYNTH_REENTRANCY::01879::SyntheticReentrancy01879,SyntheticReentrancy01879,i:exit1879,exit,val,DAPP::DAppSCAN-source/contracts/consensys-DeFi_Saver/defisaver-v3-contracts-cb29669a84c2d6fffaf2231c0938eb407c060919::FLAaveV2,i:executeOperation,executeOperation,transfer,positions9,e118de74cbac31e461985729971f7883dfc8dd9606dc4189b71e43d1766ccc6f,1
SYNTH_REENTRANCY::01880::SyntheticReentrancy01880,SyntheticReentrancy01880,i:claim1880,claim,train,DAPP::DAppSCAN-source/contracts/Iosiro-1inch Exchange Staking Rewards Smart Contract Audit/liquidity-protocol-c9c8bc600e8e7897f70f84b006de601d4f4bcbe3::BaseRewards,i:getReward,getReward,call,balances10,08d343aaec5c5ca09ec59896412aff6a274eee5b503b60c37c3936bcd984daf8,1
SYNTH_REENTRANCY::01881::SyntheticReentrancy01881,SyntheticReentrancy01881,i:settle1881,settle,train,FORGE::vfp_00102::StopLimit,i:modifyOrder,modifyOrder,transfer,credits11,5cc17e76ad39cba24f62f062cca890c72903f59bc3bef1730353aa723d415128,1
SYNTH_REENTRANCY::01882::SyntheticReentrancy01882,SyntheticReentrancy01882,i:collect1882,collect,val,FORGE::vfp_00001::AgentImageService,i:requestImage,requestImage,send,pendingRewards12,a6121d434536cdd39b358b1deeadf4855a26a8d7a3760aff69a69dff01bb9972,1
SYNTH_REENTRANCY::01883::SyntheticReentrancy01883,SyntheticReentrancy01883,i:harvest1883,harvest,train,FORGE::vfp_00189::Box,i:deallocate,deallocate,safeTransfer,withdrawalRequests13,fffe27de683f018d3896743bad6cd5cbcbbd074b5d9381bfd2d4ad071e23f716,1
SYNTH_REENTRANCY::01884::SyntheticReentrancy01884,SyntheticReentrancy01884,i:withdraw1884,withdraw,val,DAPP::DAppSCAN-source/contracts/QuillAudits-GearBox Protocol-GearBox Protocol/gearbox-contracts-0ac33ba87212ce056ac6b6357ad74161d417158a::UniswapV3Adapter,i:exactInput,exactInput,transfer,shares14,d3a47c7d7852ee1c63f0a66a98b5e8eb773195cb01962a148efd149335173897,1
SYNTH_REENTRANCY::01885::SyntheticReentrancy01885,SyntheticReentrancy01885,i:claimReward1885,claimReward,train,DAPP::DAppSCAN-source/contracts/PeckShield-StackerVC/StackerVC_VentureFund001-3cfb98b21f4731dfd62993feb7c7d1540837f59b::LPGauge,i:deposit,deposit,call,stakes15,bdd091769caaa3e315a30b364eae0f2a9fce34f428324bfb543597d976c726ab,1
SYNTH_REENTRANCY::01886::SyntheticReentrancy01886,SyntheticReentrancy01886,i:refund1886,refund,train,DAPP::DAppSCAN-source/contracts/consensys-Aave_Protocol_V2/aave-protocol-v2-f756f44a8d6a328cd545335e46e7128939db88c4::LendingPool,i:deposit,deposit,transfer,claims16,1778df9ce3549998b042171337d0dea82ff2dc4143c3d8456997ed7dd56d5307,1
SYNTH_REENTRANCY::01887::SyntheticReentrancy01887,SyntheticReentrancy01887,i:unstake1887,unstake,test,DAPP::DAppSCAN-source/contracts/Trail_of_Bits-Liquity/dev-f0df3efa5a5f05b205752184cfce107c5bd6e06c::BorrowerOperations,i:_moveTokensAndETHfromAdjustment,_moveTokensAndETHfromAdjustment,send,escrowed0,722312039afc29363170b794c5192e21f58b82b5ceb591acf30f7162c366e82a,1
SYNTH_REENTRANCY::01888::SyntheticReentrancy01888,SyntheticReentrancy01888,i:redeem1888,redeem,train,DAPP::DAppSCAN-source/contracts/Coinbae-Hakka_Finance_wHakka/code::wHakka,i:stake,stake,safeTransfer,payouts1,e42328b2604478fb103f2fcad40e27c08fee82a06a9ee6e3e1b65640dec73bd4,1
SYNTH_REENTRANCY::01889::SyntheticReentrancy01889,SyntheticReentrancy01889,i:payout1889,payout,train,DAPP::DAppSCAN-source/contracts/consensys-Idle_Finance/idle-tranches-d94ee7194e8cb17db13b16c338f3e780b62f5435::IdleCDO,i:_deposit,_deposit,transfer,positions2,8e625c181f5b0b35e51248c5afec15f1b9df1849ced627135cdf259e650cff92,1
SYNTH_REENTRANCY::01890::SyntheticReentrancy01890,SyntheticReentrancy01890,i:release1890,release,test,DAPP::DAppSCAN-source/contracts/PepperSec-Aira-Robonomic/robonomics_contracts-cc35a91de187072214d215262d8371f0159c2498::RobotLiabilityLib,i:finalize,finalize,call,balances3,ded58e17db2a763b96512bca57f4dadef86e714aea30980db2b963f47c322d99,1
SYNTH_REENTRANCY::01891::SyntheticReentrancy01891,SyntheticReentrancy01891,i:exit1891,exit,train,DAPP::DAppSCAN-source/contracts/Chainsulting-Furucombo-project2/trevi-b3f7fd332873321152db48c9d43fc23a60a29f1a::FountainBase,i:_depositAngel,_depositAngel,transfer,credits4,c0cca4a2d8098bb02b2e3b62727f5a8ca9c5c921446c8e31b3c396c5c6f9b2a6,1
SYNTH_REENTRANCY::01892::SyntheticReentrancy01892,SyntheticReentrancy01892,i:claim1892,claim,train,FORGE::vfp_00096::MarketConfigurator,i:_migrateFactoryTargets,_migrateFactoryTargets,send,pendingRewards5,bed3d0c28ce45b32b67da73c9108173042a95ca8423dc68887ec4dbeb2bff4f8,1
SYNTH_REENTRANCY::01893::SyntheticReentrancy01893,SyntheticReentrancy01893,i:settle1893,settle,train,DAPP::DAppSCAN-source/contracts/PeckShield-Buffer/code::BufferBNBOptions,i:create,create,safeTransfer,withdrawalRequests6,36b9f4fb5e1b1fb2810649f5cf5f4f03e9f64dc624e3e03f2ea24f367d1898f0,1
SYNTH_REENTRANCY::01894::SyntheticReentrancy01894,SyntheticReentrancy01894,i:collect1894,collect,train,DAPP::DAppSCAN-source/contracts/consensys-Skyweaver/Skyweaver-contracts-bde0c184db6168bf86656a48b12d5747950b54d9::EternalHeroesFactory,i:_buy,_buy,transfer,shares7,9ccbfc15fc15acd4a029b98fa1d386df0de21ee188a71556fe72669828902152,1
SYNTH_REENTRANCY::01895::SyntheticReentrancy01895,SyntheticReentrancy01895,i:harvest1895,harvest,train,DAPP::DAppSCAN-source/contracts/consensys-Aave_Protocol_V2/aave-protocol-v2-f756f44a8d6a328cd545335e46e7128939db88c4::LendingPool,i:flashLoan,flashLoan,call,stakes8,056ace7f7d57b16ea01bcc1565f7df17e2d1a15fac3dce9c300f4a6dfd94c26b,1
SYNTH_REENTRANCY::01896::SyntheticReentrancy01896,SyntheticReentrancy01896,i:withdraw1896,withdraw,train,DAPP::DAppSCAN-source/contracts/Coinbae-Barnbridge_Vault/CommunityVault0xA3C299eEE1998F45c20010276684921EBE6423D9::CommunityVault,i:setAllowance,setAllowance,transfer,claims9,6f2787f214cdceba797be93f0bf3f8387ec4a0bfe92b6b9517451f5c4fb901fb,1
SYNTH_REENTRANCY::01897::SyntheticReentrancy01897,SyntheticReentrancy01897,i:claimReward1897,claimReward,train,DAPP::DAppSCAN-source/contracts/Trail_of_Bits-MapleFinance/liquidations-35c628e5ab45fbffaab7aef43a030a98b712a94a::Liquidator,i:liquidatePortion,liquidatePortion,send,escrowed10,2633ae8ba3eeb820ffe19ec889f1c165e4b545a0eea1e53098387f637b3265ce,1
SYNTH_REENTRANCY::01898::SyntheticReentrancy01898,SyntheticReentrancy01898,i:refund1898,refund,test,DAPP::DAppSCAN-source/contracts/consensys-GrowthDeFi WHEAT/wheat-v1-core-8360ac0a537589bb974e8a5a169bb3e7c95d2857::Exchange,i:convertFundsFromInput,convertFundsFromInput,safeTransfer,payouts11,8cd765ed3527501453e3f87a6954394c41ed0b92410336412d0da5c831f07428,1
SYNTH_REENTRANCY::01899::SyntheticReentrancy01899,SyntheticReentrancy01899,i:unstake1899,unstake,test,DAPP::DAppSCAN-source/contracts/ImmuneBytes-Bird Money(MasterChef)-Audit Report/bird-farm-contracts-dfd2502b73c8f54c9081682c3eb070fcd3c00629::MasterChef,i:emergencyWithdraw,emergencyWithdraw,transfer,positions12,aeb734df8b770f6f485e57fdc73c4bb8c97b7f1e3c95bbf25a9634f5a5dffc21,1
SYNTH_REENTRANCY::01900::SyntheticReentrancy01900,SyntheticReentrancy01900,i:redeem1900,redeem,train,"DAPP::DAppSCAN-source/contracts/Inspex-Tokens, Farm & Shop/-SpeedStar-Audit-3e39d7acf9c1aa9f3a5511c161c2035ba7d6bc1f::Staking",i:depositStable,depositStable,call,balances13,bef7ee33f754e681ab0b62b6d275e455ff856c28e0d72336fcebe18d4948712d,1
SYNTH_REENTRANCY::01901::SyntheticReentrancy01901,SyntheticReentrancy01901,i:payout1901,payout,train,FORGE::vfp_00125::Aori,i:cancel,cancel,transfer,credits14,0219f761bff7845fdffe69e3e5f6f191b6739b86d547ea23326c001d44b3a90d,1
SYNTH_REENTRANCY::01902::SyntheticReentrancy01902,SyntheticReentrancy01902,i:release1902,release,train,DAPP::DAppSCAN-source/contracts/Coinbae-Hakka_Finance_wHakka/code::wHakka,i:unstake,unstake,send,pendingRewards15,744c965c763efa93896cfdfc2d7bcc869a1600c3b7049381306fb1f93419c1fb,1
SYNTH_REENTRANCY::01903::SyntheticReentrancy01903,SyntheticReentrancy01903,i:exit1903,exit,train,DAPP::DAppSCAN-source/contracts/Chainsulting-Furucombo-project2/trevi-b3f7fd332873321152db48c9d43fc23a60a29f1a::FountainBase,i:_withdrawAngel,_withdrawAngel,safeTransfer,withdrawalRequests16,3d7f764f68f4ba836551b340c24f12a1b462f3414ce3990e208f4bf9860ebad7,1
SYNTH_REENTRANCY::01904::SyntheticReentrancy01904,SyntheticReentrancy01904,i:claim1904,claim,test,FORGE::vfp_00260::Router_Adapter,i:relayTokens,relayTokens,transfer,shares0,bbf3d97566c27ef4dad4ce7e1acd5a5c233569ec331cc6367bb2819f99342452,1
SYNTH_REENTRANCY::01905::SyntheticReentrancy01905,SyntheticReentrancy01905,i:settle1905,settle,train,FORGE::vfp_00215::ScrollChainValidium,i:_finalizeBundle,_finalizeBundle,call,stakes1,dca7135d8e7cf02bb637cc7abec238278a03740409704c496320a89b05d1aec7,1
SYNTH_REENTRANCY::01906::SyntheticReentrancy01906,SyntheticReentrancy01906,i:collect1906,collect,train,DAPP::DAppSCAN-source/contracts/PeckShield-PlutosV1/plutos-eth-contract-0777815::PMintBurn,i:deposit,deposit,transfer,claims2,9acc9bbe8df956c9838e143239209811f31c354c423718bf7e0c0b227218a8c0,1
SYNTH_REENTRANCY::01907::SyntheticReentrancy01907,SyntheticReentrancy01907,i:harvest1907,harvest,val,DAPP::DAppSCAN-source/contracts/QuillAudits-GearBox Protocol-GearBox Protocol/gearbox-contracts-0ac33ba87212ce056ac6b6357ad74161d417158a::UniswapV3Adapter,i:exactOutputSingle,exactOutputSingle,send,escrowed3,64c17a9d158b0f89416f366c01a090672706c6c40ddc77420cac574bcd8c3e60,1
SYNTH_REENTRANCY::01908::SyntheticReentrancy01908,SyntheticReentrancy01908,i:withdraw1908,withdraw,train,DAPP::DAppSCAN-source/contracts/SlowMist-CFFv2 Smart Contract Security Audit Report/cff-contract-v2-c86bef3f13c7585f547f9cd0ca900f94664e96b7::CFVaultV2,i:withdraw,withdraw,safeTransfer,payouts4,2c1021661a65642fba1b177aa529f75830c330c8a176034ebfd2885bf730d257,1
SYNTH_REENTRANCY::01909::SyntheticReentrancy01909,SyntheticReentrancy01909,i:claimReward1909,claimReward,train,FORGE::vfp_00221::LimitOrderHook,i:_afterSwap,_afterSwap,transfer,positions5,522c871b82c8b9bb1ee5dd5439a037bdea4a8f2a73b22e7218b46b600e0c6e74,1
SYNTH_REENTRANCY::01910::SyntheticReentrancy01910,SyntheticReentrancy01910,i:refund1910,refund,val,DAPP::DAppSCAN-source/contracts/SlowMist-Starcrazy Smart Contract Security Audit Report/starcrazy-contracts-e9e11d234ac065726e108a73dfcd5efbad26f2c5::GFSBonus,i:withdraw,withdraw,call,balances6,b6a3d5e70aa5ba9fa2aea6b080b4fca2a415819add87af35f71f0083d84cf063,1
SYNTH_REENTRANCY::01911::SyntheticReentrancy01911,SyntheticReentrancy01911,i:unstake1911,unstake,train,DAPP::DAppSCAN-source/contracts/Coinfabrik-Woonkly Security Audit (DEX STAKE)/STAKESmartContractPreRelease-main::WOOPStake,i:processReward,processReward,transfer,credits7,77ba01fe8cc67f204405fbeb72d9662b01140d6ba0562c27208086f42b8a9dd2,1
SYNTH_REENTRANCY::01912::SyntheticReentrancy01912,SyntheticReentrancy01912,i:redeem1912,redeem,train,DAPP::DAppSCAN-source/contracts/Iosiro-SNX FlashBurn Smart Contract Audit/flashburn-3aa02a3d63d9e0110a5b6669a4a4011ceee3cf2b::SNXFlashLoanTool,i:swap,swap,send,pendingRewards8,f268245d21d5b5e1971ac375c3eaf8b07d00fbd43c5c323d6da20393e180bac9,1
SYNTH_REENTRANCY::01913::SyntheticReentrancy01913,SyntheticReentrancy01913,i:payout1913,payout,train,FORGE::vfp_00174::P2pResolvProxy,i:initiateWithdrawalRESOLVAccruedRewards,initiateWithdrawalRESOLVAccruedRewards,safeTransfer,withdrawalRequests9,fd94b83d5cb1914a233c3033b43ba3b503d157ac303e2c7dcee9ef1898c65c95,1
SYNTH_REENTRANCY::01914::SyntheticReentrancy01914,SyntheticReentrancy01914,i:release1914,release,train,DAPP::DAppSCAN-source/contracts/consensys-Gamma/hypervisor-41fd4abf79864478523e87924d4e80d80df04879::UniProxy,i:deposit,deposit,transfer,shares10,6964cccdef541b28415e79111e20e1ba923e9f15ee95aef26364403878a83560,1
SYNTH_REENTRANCY::01915::SyntheticReentrancy01915,SyntheticReentrancy01915,i:exit1915,exit,train,FORGE::vfp_00175::P2pYieldProxy,i:_withdraw,_withdraw,call,stakes11,f674fdd3aba9d530430e62f246e8f9b98f73747ce9e2a9b0f067a51a83a0a6b5,1
SYNTH_REENTRANCY::01916::SyntheticReentrancy01916,SyntheticReentrancy01916,i:claim1916,claim,val,FORGE::vfp_00001::AgentImageService,i:requestRefund,requestRefund,transfer,claims12,8fbeab3effbb2abada56cd49284b722779581e06917e2e1de55d1ecb094b94b4,1
SYNTH_REENTRANCY::01917::SyntheticReentrancy01917,SyntheticReentrancy01917,i:settle1917,settle,val,DAPP::DAppSCAN-source/contracts/SlowMist-Starcrazy Smart Contract Security Audit Report/starcrazy-contracts-e9e11d234ac065726e108a73dfcd5efbad26f2c5::Auction,i:setGeneScienceAddress,setGeneScienceAddress,send,escrowed13,811644a46909ee75754bec587bd6c41901c0eb9843db6876aac1a56a9268cdac,1
SYNTH_REENTRANCY::01918::SyntheticReentrancy01918,SyntheticReentrancy01918,i:collect1918,collect,train,DAPP::DAppSCAN-source/contracts/QuillAudits-1inch-Limit Order Protocol/limit-order-protocol-a14bde6a260458de5083cee117d734221e1cbc05::LimitOrderProtocol,i:fillOrderTo,fillOrderTo,safeTransfer,payouts14,633f0e4f5e193cf1e6385cb13b7f690d52e1469e9babe5b7d1dac861ab773709,1
SYNTH_REENTRANCY::01919::SyntheticReentrancy01919,SyntheticReentrancy01919,i:harvest1919,harvest,val,DAPP::DAppSCAN-source/contracts/QuillAudits-Yearn Finance-Yearn Vaults V3/yearn-vaults-e390c2a6b2ba6e2ecc8f3a72a1ea4adfabd17544::yWETH,i:withdrawETH,withdrawETH,transfer,positions15,75b24c84ffba57efa80f17b1679f473abd7189caaa88af30505b5e153eae66b0,1
SYNTH_REENTRANCY::01920::SyntheticReentrancy01920,SyntheticReentrancy01920,i:withdraw1920,withdraw,train,DAPP::DAppSCAN-source/contracts/PeckShield-BNPL/BNPL-0ee587a081668dcab166a3a275b8a6c4794ead4d::BankingNode,i:unstake,unstake,call,balances16,a1c7794eb5cf861047016643150fd2febf3ac0b849c08855f087f9cd4f007c4d,1
SYNTH_REENTRANCY::01921::SyntheticReentrancy01921,SyntheticReentrancy01921,i:claimReward1921,claimReward,train,FORGE::vfp_00032::CurveConvexLib,i:unstakeAndExitPool,unstakeAndExitPool,transfer,credits0,07c13712f05a44c84e3e378b609d9fd175ac04ddcb84c8ca400b90272d1214c2,1
SYNTH_REENTRANCY::01922::SyntheticReentrancy01922,SyntheticReentrancy01922,i:refund1922,refund,train,FORGE::vfp_00045::PDPVerifier,i:nextProvingPeriod,nextProvingPeriod,send,pendingRewards1,8e6c0049fc67ce57bb63daa7fa45779bee668f1a230a30d57761b75af151a03d,1
SYNTH_REENTRANCY::01923::SyntheticReentrancy01923,SyntheticReentrancy01923,i:unstake1923,unstake,train,FORGE::vfp_00234::mErc20Host,i:_verifyProof,_verifyProof,safeTransfer,withdrawalRequests2,b63864dd182e801a4606b2e65bccfab18c4ac0773396755028e8673d0cbf893e,1
SYNTH_REENTRANCY::01924::SyntheticReentrancy01924,SyntheticReentrancy01924,i:redeem1924,redeem,train,DAPP::DAppSCAN-source/contracts/Coinbae-Pud.Fi Masterchef_Audit/MasterChef0x15Bee180BB39eE5c0166E63313C33984376930Db::MasterChef,i:emergencyWithdraw,emergencyWithdraw,transfer,shares3,231a2378745416137f9e83a4f607c1b068942e8c02ff4aa9140ec36887d57ed5,1
SYNTH_REENTRANCY::01925::SyntheticReentrancy01925,SyntheticReentrancy01925,i:payout1925,payout,train,DAPP::DAppSCAN-source/contracts/PeckShield-Arche/Arche_v1.0_Eros-909f35e0064d636aaf61954a6026fda7b2bade7f::D_Swap,i:Impl_Delivery,Impl_Delivery,call,stakes4,a406cc5f7451eefd630eec84cb38ae895edf2438a9e8b7ee5f6f01a91cfe7f14,1
SYNTH_REENTRANCY::01926::SyntheticReentrancy01926,SyntheticReentrancy01926,i:release1926,release,val,DAPP::DAppSCAN-source/contracts/QuillAudits-GearBox Protocol-GearBox Protocol/gearbox-contracts-0ac33ba87212ce056ac6b6357ad74161d417158a::UniswapV2Adapter,i:swapExactTokensForTokens,swapExactTokensForTokens,transfer,claims5,95bf161eeb70149c94cdc24110dc55712941f7340cd021785e226d0175dc27d5,1
SYNTH_REENTRANCY::01927::SyntheticReentrancy01927,SyntheticReentrancy01927,i:exit1927,exit,train,DAPP::DAppSCAN-source/contracts/consensys-PoolTogether_Pods/pods-v3-contracts-879dc8b911fc506dd6bead1f36eade919ccfea57::TokenDrop,i:claim,claim,send,escrowed6,c0b6099297c4710e6a0c541c85b61b6d7d9ae575dd8d38df47fb705aea8bb1b4,1
SYNTH_REENTRANCY::01928::SyntheticReentrancy01928,SyntheticReentrancy01928,i:claim1928,claim,train,DAPP::DAppSCAN-source/contracts/QuillAudits-Algovest/AlgoVestStaking0x090e69e7F48AFC059e480F297042DEA396B971e7::AlgoVestStaking,i:AVSTokenDonation,AVSTokenDonation,safeTransfer,payouts7,af0e890bcbf3afbfa3db79bc5fddfefc31efc4ec4f9cfef6796093f1f993331f,1
SYNTH_REENTRANCY::01929::SyntheticReentrancy01929,SyntheticReentrancy01929,i:settle1929,settle,train,DAPP::DAppSCAN-source/contracts/PeckShield-DSG/core-6f607f77698936e132e4e9b5cb4d75580636d919::NftEarnErc20Pool,i:slotStake,slotStake,transfer,positions8,7b1391ced489ee313e30fc5ac6b7fe60ba91f67fe13e9815eb111e5e790dd541,1
SYNTH_REENTRANCY::01930::SyntheticReentrancy01930,SyntheticReentrancy01930,i:collect1930,collect,val,DAPP::DAppSCAN-source/contracts/SlowMist-Starcrazy Smart Contract Security Audit Report/starcrazy-contracts-e9e11d234ac065726e108a73dfcd5efbad26f2c5::Aliana,i:setGeneScienceAddress,setGeneScienceAddress,call,balances9,e3761e6af797317ca2d0007dd815345afedc55b741acdebeab415bdfac68d5fd,1
SYNTH_REENTRANCY::01931::SyntheticReentrancy01931,SyntheticReentrancy01931,i:harvest1931,harvest,train,DAPP::DAppSCAN-source/contracts/Hacken-Ground Zero/code::IDO,i:claim,claim,transfer,credits10,4f8c74f5c7460cb2db450d0003ff83ac42a458612e1c9ada6d84f885ebd9355e,1
SYNTH_REENTRANCY::01932::SyntheticReentrancy01932,SyntheticReentrancy01932,i:withdraw1932,withdraw,train,FORGE::vfp_00189::Box,i:allocate,allocate,send,pendingRewards11,5f10ed57b4b05285a7b1219554255eb3a8d134d73641c11d202e57aa26f65371,1
SYNTH_REENTRANCY::01933::SyntheticReentrancy01933,SyntheticReentrancy01933,i:claimReward1933,claimReward,train,FORGE::vfp_00116::L1Mailbox,i:getMsg,getMsg,safeTransfer,withdrawalRequests12,13afe5bfd7e62c4995ffca6638ff6b979afdc32da466361e1e4074161016d5d5,1
SYNTH_REENTRANCY::01934::SyntheticReentrancy01934,SyntheticReentrancy01934,i:refund1934,refund,train,DAPP::DAppSCAN-source/contracts/consensys-PoolTogether_Pods/pods-v3-contracts-879dc8b911fc506dd6bead1f36eade919ccfea57::Pod,i:depositTo,depositTo,transfer,shares13,c67628633de568a9459b7ce282d6c81416c4551dac41d7071c63a64f36f0d141,1
SYNTH_REENTRANCY::01935::SyntheticReentrancy01935,SyntheticReentrancy01935,i:unstake1935,unstake,test,FORGE::vfp_00058::LikwidMarginPosition,i:_margin,_margin,call,stakes14,c2241743df8b47e4f2a0d0204817f873785a27395394a210af8397d2fc6abbec,1
SYNTH_REENTRANCY::01936::SyntheticReentrancy01936,SyntheticReentrancy01936,i:redeem1936,redeem,train,DAPP::DAppSCAN-source/contracts/PeckShield-BNPL/BNPL-0ee587a081668dcab166a3a275b8a6c4794ead4d::BankingNode,i:collectFees,collectFees,transfer,claims15,b5673d09de7777cebbcf8efd16582a511207a2d96171ed5cd8497fbd73f459bc,1
SYNTH_REENTRANCY::01937::SyntheticReentrancy01937,SyntheticReentrancy01937,i:payout1937,payout,train,FORGE::vfp_00190::BoxAdapterCached,i:updateTotalAssets,updateTotalAssets,send,escrowed16,41a0507c1e91a0d2238d10db4e5ed8681320afcd5c175c8f01167ae80b144760,1
SYNTH_REENTRANCY::01938::SyntheticReentrancy01938,SyntheticReentrancy01938,i:release1938,release,val,DAPP::DAppSCAN-source/contracts/QuillAudits-GearBox Protocol-GearBox Protocol/gearbox-contracts-0ac33ba87212ce056ac6b6357ad74161d417158a::WETHGateway,i:repayCreditAccountETH,repayCreditAccountETH,safeTransfer,payouts0,f346ebb1a89f5b979b59ca090a7017934e49af8109818a09915966e097551409,1
SYNTH_REENTRANCY::01939::SyntheticReentrancy01939,SyntheticReentrancy01939,i:exit1939,exit,train,FORGE::vfp_00221::LimitOrderHook,i:_handleCancelCallback,_handleCancelCallback,transfer,positions1,56310879d4d4d5589027f52b942efc0b1dffbe21343c1fca81adfb87c310b19f,1
SYNTH_REENTRANCY::01940::SyntheticReentrancy01940,SyntheticReentrancy01940,i:claim1940,claim,train,DAPP::DAppSCAN-source/contracts/PeckShield-COIN98/code::C98MSiG,i:vote,vote,call,balances2,5762e58dbd3351f6db1517b0a60fec50ef6f6da2ebe96cad6622ac96bb47714d,1
SYNTH_REENTRANCY::01941::SyntheticReentrancy01941,SyntheticReentrancy01941,i:settle1941,settle,val,FORGE::vfp_00289::BasketToken,i:proRataRedeem,proRataRedeem,transfer,credits3,83f36c5cc00668fb16a0a75ef10ae4f0216dc36d72183f14964b97225b00cdff,1
SYNTH_REENTRANCY::01942::SyntheticReentrancy01942,SyntheticReentrancy01942,i:collect1942,collect,train,DAPP::DAppSCAN-source/contracts/QuillAudits-Yearn Finance-Yearn Protocol V1/yearn-protocol-9ff0dc0ea73642c529383d0675930a41bf033295::yWETH,i:withdrawETH,withdrawETH,send,pendingRewards4,74e6bf2f09c6d22f92a39e174020e811805691132398f80f34d009630b940f4c,1
SYNTH_REENTRANCY::01943::SyntheticReentrancy01943,SyntheticReentrancy01943,i:harvest1943,harvest,test,"DAPP::DAppSCAN-source/contracts/Coinfabrik-MintingFactoryV2, BaseUpgradableMarketplace & KODAV3UpgradableGatedMarketplace/known-origin-contracts-v3-d592c5f4fa4e0b6fc65a1fce43e302706aedf607::MintingFactoryV2",i:mintBatchEdition,mintBatchEdition,safeTransfer,withdrawalRequests5,43a2479f334ceb705572f7b04905d2ff80e1abe07b80773bad1fbb09ba5a4df0,1
SYNTH_REENTRANCY::01944::SyntheticReentrancy01944,SyntheticReentrancy01944,i:withdraw1944,withdraw,train,DAPP::DAppSCAN-source/contracts/Coinbae-Pud.Fi Masterchef_Audit/MasterChef0x15Bee180BB39eE5c0166E63313C33984376930Db::MasterChef,i:safePudTransfer,safePudTransfer,transfer,shares6,cee236c81b09de319008e1507d36a56b441d752cc8e236bf664427d3753b80fc,1
SYNTH_REENTRANCY::01945::SyntheticReentrancy01945,SyntheticReentrancy01945,i:claimReward1945,claimReward,train,DAPP::DAppSCAN-source/contracts/Coinbae-TapCoins_Token_Contract/code::UpgradeableToken,i:setUpgradeAgent,setUpgradeAgent,call,stakes7,a53dfe560efac7f77e081c2a2f85b5efe62440b1ffbe3699dec4e2d1f85d397b,1
SYNTH_REENTRANCY::01946::SyntheticReentrancy01946,SyntheticReentrancy01946,i:refund1946,refund,train,DAPP::DAppSCAN-source/contracts/consensys-PoolTogether_Sushi_and_Yearn_V2_Yield_Sources/pooltogether-yearnv2-yield-source-a34857f1555908a6263d2ebd189f0cb40e1858da::YearnV2YieldSource,i:supplyTokenTo,supplyTokenTo,transfer,claims8,967981b691e6b707247969b526fe625342b618ba068c179ae43319b9f9a7c766,1
SYNTH_REENTRANCY::01947::SyntheticReentrancy01947,SyntheticReentrancy01947,i:unstake1947,unstake,train,FORGE::vfp_00189::Box,i:reallocate,reallocate,send,escrowed9,0f72cfefa4703432cb9a7781d7dcd523461481f4e38884ba84e19eff2e1ebc50,1
SYNTH_REENTRANCY::01948::SyntheticReentrancy01948,SyntheticReentrancy01948,i:redeem1948,redeem,train,DAPP::DAppSCAN-source/contracts/openzeppelin-Endaoment/endaoment-contracts-f60aa253d3d869ad6460877f23e6092acb313add::Fund,i:finalizeGrant,finalizeGrant,safeTransfer,payouts10,2019de909f9eff6ed46e4db19dee384de9f8908b6b538f89d786fb00ef5f2e68,1
SYNTH_REENTRANCY::01949::SyntheticReentrancy01949,SyntheticReentrancy01949,i:payout1949,payout,train,DAPP::DAppSCAN-source/contracts/PeckShield-KaoyaSwap/contracts-8273073f1d6914f372790399378f177573c52e37::MasterChef,i:deposit,deposit,transfer,positions11,66889298649e8b8ec8f6cd9c9a1c0fdeb16e076e2004fb8e12d36abedac3d334,1
SYNTH_REENTRANCY::01950::SyntheticReentrancy01950,SyntheticReentrancy01950,i:release1950,release,train,DAPP::DAppSCAN-source/contracts/QuillAudits-BCUBE Smart Contract/b-cube-ico-13f9f8a991a65f3e0ca60a2078121fdd5a921fb0::BCubePublicSale,i:buyBcubeUsingUSDT,buyBcubeUsingUSDT,call,balances12,708cb10966bdfe47c03f7ea276d81b17262009402b9e32004b3e43a89ec22708,1
SYNTH_REENTRANCY::01951::SyntheticReentrancy01951,SyntheticReentrancy01951,i:exit1951,exit,test,FORGE::vfp_00288::DelegationMetaSwapAdapter,i:swapTokens,swapTokens,transfer,credits13,384d284656d68e682af31fe51838ed407d1a2b63e6f569589c5b8c8cd70182dc,1
SYNTH_REENTRANCY::01952::SyntheticReentrancy01952,SyntheticReentrancy01952,i:claim1952,claim,test,FORGE::vfp_00260::Router_Adapter,i:relayMessage,relayMessage,send,pendingRewards14,e2a9d3019baeb5eb12d2af09b4898a7d80461c3417a85bd948498e86ae0d8402,1
SYNTH_REENTRANCY::01953::SyntheticReentrancy01953,SyntheticReentrancy01953,i:settle1953,settle,train,FORGE::vfp_00189::Box,i:flash,flash,safeTransfer,withdrawalRequests15,1b0490d836da63fba0a7e40e61a37aff2cbfdcdd5d4d459b9e15c852337704a3,1
SYNTH_REENTRANCY::01954::SyntheticReentrancy01954,SyntheticReentrancy01954,i:collect1954,collect,val,DAPP::DAppSCAN-source/contracts/QuillAudits-GearBox Protocol-GearBox Protocol/gearbox-contracts-0ac33ba87212ce056ac6b6357ad74161d417158a::YearnAdapter,i:_deposit,_deposit,transfer,shares16,4340fac927e16c1ac628db4ec74292764cd3d794db86066cad902524a1098502,1
SYNTH_REENTRANCY::01955::SyntheticReentrancy01955,SyntheticReentrancy01955,i:harvest1955,harvest,test,DAPP::DAppSCAN-source/contracts/ImmuneBytes-Bird Money-Final Audit Report/bird-farm-contracts-dfd2502b73c8f54c9081682c3eb070fcd3c00629::MasterChef,i:withdraw,withdraw,call,stakes0,f96599dcf74cab69de01c755cbdc022f2b92a1b5c84d03f3c5cf2fecc8112871,1
SYNTH_REENTRANCY::01956::SyntheticReentrancy01956,SyntheticReentrancy01956,i:withdraw1956,withdraw,train,DAPP::DAppSCAN-source/contracts/consensys-Gamma/hypervisor-41fd4abf79864478523e87924d4e80d80df04879::Hypervisor,i:withdraw,withdraw,transfer,claims1,d008ab58f84f90520e1e18c43f58470384ad49ee137bf7d6cd493096db174ce4,1
SYNTH_REENTRANCY::01957::SyntheticReentrancy01957,SyntheticReentrancy01957,i:claimReward1957,claimReward,val,DAPP::DAppSCAN-source/contracts/QuillAudits-GearBox Protocol-GearBox Protocol/gearbox-contracts-0ac33ba87212ce056ac6b6357ad74161d417158a::CurveV1Adapter,i:exchange,exchange,send,escrowed2,82f02e8c3a49b4dc336e30072183888610039232e4cb115c18722e2d3e609504,1
SYNTH_REENTRANCY::01958::SyntheticReentrancy01958,SyntheticReentrancy01958,i:refund1958,refund,train,DAPP::DAppSCAN-source/contracts/Coinbae-Pud.Fi Masterchef_Audit/MasterChef0x15Bee180BB39eE5c0166E63313C33984376930Db::MasterChef,i:balance,balance,safeTransfer,payouts3,dc33789e3387b10f4c2c2cfa309e46b7b89608f2fd46b0f09eecd6e2e4d9dc3b,1
SYNTH_REENTRANCY::01959::SyntheticReentrancy01959,SyntheticReentrancy01959,i:unstake1959,unstake,test,FORGE::vfp_00058::LikwidMarginPosition,i:modify,modify,transfer,positions4,bf577b99306246e8c8b5fb9f17045eb3c122e9631223bb6cc5f588d8dc4aa66c,1
SYNTH_REENTRANCY::01960::SyntheticReentrancy01960,SyntheticReentrancy01960,i:redeem1960,redeem,train,DAPP::DAppSCAN-source/contracts/PeckShield-BabySwap/code::HoldStake,i:addPool,addPool,call,balances5,b49f8ba3503c437f4bc2ade41d6e10261393bfbe573c896eefa62236041fb795,1
SYNTH_REENTRANCY::01961::SyntheticReentrancy01961,SyntheticReentrancy01961,i:payout1961,payout,train,DAPP::DAppSCAN-source/contracts/PeckShield-Holdefi/Holdefi-5a1e6e0d582120142e8a531f6806eba6665ef2f4::Holdefi,i:repayBorrowInternal,repayBorrowInternal,transfer,credits6,08776b4c8d750eacf779fd71a74fe8e7a9f0cc4a6b7c7cb77a5e02ec149f965a,1
SYNTH_REENTRANCY::01962::SyntheticReentrancy01962,SyntheticReentrancy01962,i:release1962,release,val,DAPP::DAppSCAN-source/contracts/Trail_of_Bits-OriginDollar/origin-dollar-81431fd3b2aa4c518ffc389844f9708c00b516f0::VaultCore,i:rebase,rebase,send,pendingRewards7,841170eed6081d2c2c9214e3fac1a1bcf274ced343052110de85bc802408c57b,1
SYNTH_REENTRANCY::01963::SyntheticReentrancy01963,SyntheticReentrancy01963,i:exit1963,exit,test,DAPP::DAppSCAN-source/contracts/PeckShield-DarkCrypto/darkcrypto-contracts-fee5be8d36459aebed2b84e6493875b3dc0366fd::SkyRewardPool,i:withdraw,withdraw,safeTransfer,withdrawalRequests8,6c11592ae7b81de89d84122287e9d1c7ec4de9498d3059e70ec0805f753aa7af,1
SYNTH_REENTRANCY::01964::SyntheticReentrancy01964,SyntheticReentrancy01964,i:claim1964,claim,train,DAPP::DAppSCAN-source/contracts/Hacken-Ground Zero/code::IDO,i:claimTheInvestments,claimTheInvestments,transfer,shares9,0e3db595ed1ce6eea5ade7e614e665589ca5bb64ed22e7869deab2674ce535e1,1
SYNTH_REENTRANCY::01965::SyntheticReentrancy01965,SyntheticReentrancy01965,i:settle1965,settle,val,DAPP::DAppSCAN-source/contracts/Runtime_Vеrification-ElementFinance/elf-contracts-637c6f959315cbb11a164555e588520c7d89122b::YVaultAssetProxy,i:reserveDeposit,reserveDeposit,call,stakes10,424d092235ec08a5559a52f05f8c60bf6842cf8248fbb2ada6083da38a30051a,1
SYNTH_REENTRANCY::01966::SyntheticReentrancy01966,SyntheticReentrancy01966,i:collect1966,collect,test,DAPP::DAppSCAN-source/contracts/ImmuneBytes-Bird Money(MasterChef)-Audit Report/bird-farm-contracts-dfd2502b73c8f54c9081682c3eb070fcd3c00629::MasterChef,i:deposit,deposit,transfer,claims11,f1921f188f491b2da469d87149777fc051de3afc41b5ad5bbce8cd9952f10b16,1
SYNTH_REENTRANCY::01967::SyntheticReentrancy01967,SyntheticReentrancy01967,i:harvest1967,harvest,train,DAPP::DAppSCAN-source/contracts/PeckShield-MilkySwap/milkyswap-59f163e9959cf8bae4a521a9648219b553312e07::MasterMilker,i:emergencyWithdraw,emergencyWithdraw,send,escrowed12,87059f699ee0aad0bde7163ea7f3c677c50011fac1f0c213e15a1e4e7c5e834a,1
SYNTH_REENTRANCY::01968::SyntheticReentrancy01968,SyntheticReentrancy01968,i:withdraw1968,withdraw,train,DAPP::DAppSCAN-source/contracts/Coinbae-Pud.Fi Masterchef_Audit/MasterChef0x15Bee180BB39eE5c0166E63313C33984376930Db::MasterChef,i:setPoolStrategy,setPoolStrategy,safeTransfer,payouts13,306238d1b27da08239e81384d7a79efd96bc82b24cf453a6f9b9b4b257949a85,1
SYNTH_REENTRANCY::01969::SyntheticReentrancy01969,SyntheticReentrancy01969,i:claimReward1969,claimReward,train,DAPP::DAppSCAN-source/contracts/Runtime_Vеrification-Element_Finance_Governance_Security_Audit_Report/council-3d751c959b42573c78ccd0bccbc80424bf6d9a90::CoreVoting,i:execute,execute,transfer,positions14,df5d6a4f05f5dba1b26a44b87369a9b397e74a885417fd64f092078fd0be210c,1
SYNTH_REENTRANCY::01970::SyntheticReentrancy01970,SyntheticReentrancy01970,i:refund1970,refund,val,DAPP::DAppSCAN-source/contracts/QuillAudits-GearBox Protocol-GearBox Protocol/gearbox-contracts-0ac33ba87212ce056ac6b6357ad74161d417158a::WETHGateway,i:addLiquidityETH,addLiquidityETH,call,balances15,d0e046e79318aee154b921706e9d3276a49214b8109df616ab26e7261c4db5bf,1
SYNTH_REENTRANCY::01971::SyntheticReentrancy01971,SyntheticReentrancy01971,i:unstake1971,unstake,train,DAPP::DAppSCAN-source/contracts/PeckShield-Atlantis/atlantis-protocol-bsc-766acebba9316eced1c15abf6158b31f470a947f::AToken,i:borrowFresh,borrowFresh,transfer,credits16,704a4bc758760f5bd75186c7b4e79c51f6f3621389e23be37de96a8ec6230b56,1
SYNTH_REENTRANCY::01972::SyntheticReentrancy01972,SyntheticReentrancy01972,i:redeem1972,redeem,train,FORGE::vfp_00088::EnjoyoorsVaultWithdrawals,i:_claimWithdrawal,_claimWithdrawal,send,pendingRewards0,bcc11644ea496b24127ce4756b833859f14b9e3c0db32855745776c80d1ebb4f,1
SYNTH_REENTRANCY::01973::SyntheticReentrancy01973,SyntheticReentrancy01973,i:payout1973,payout,test,FORGE::vfp_00126::SpokePool,i:_setOftMessenger,_setOftMessenger,safeTransfer,withdrawalRequests1,3baf6e1914adc437e5d27b5b5b18914f570251bdb4d6016046214ba444c8e844,1
SYNTH_REENTRANCY::01974::SyntheticReentrancy01974,SyntheticReentrancy01974,i:release1974,release,train,DAPP::DAppSCAN-source/contracts/QuillAudits-Yearn Finance-Yearn Protocol V1/yearn-protocol-9ff0dc0ea73642c529383d0675930a41bf033295::yDelegatedVault,i:claimInsurance,claimInsurance,transfer,shares2,0cbdbc25cb3314d8c438082b97b17b28b88f2343d75f73109ca89de346660d6f,1
SYNTH_REENTRANCY::01975::SyntheticReentrancy01975,SyntheticReentrancy01975,i:exit1975,exit,train,DAPP::DAppSCAN-source/contracts/PeckShield-SushiSwap/sushiswap-180bc9b642bba79c1ee4a63f71a3a0d36e64aa63::MasterChef,i:withdraw,withdraw,call,stakes3,b431aa57b380e83761e32437494ff338f9f9dc611df8f7292bb3b1a2f1702fe5,1
SYNTH_REENTRANCY::01976::SyntheticReentrancy01976,SyntheticReentrancy01976,i:claim1976,claim,train,FORGE::vfp_00221::LimitOrderHook,i:_handlePlaceCallback,_handlePlaceCallback,transfer,claims4,eb5324946d2f80fe19673ca9c0dd87829b56adb1f476dfcb411730284f3f6c74,1
SYNTH_REENTRANCY::01977::SyntheticReentrancy01977,SyntheticReentrancy01977,i:settle1977,settle,train,DAPP::DAppSCAN-source/contracts/QuillAudits-Keep3r.Network-Keep3r.Network/StakingRewardsV3-13ecc6966ae1a413f62224382bfd4d64b1a22351::StakingRewardsV3,i:deposit,deposit,send,escrowed5,f46318f7bc57fe4f57ed76f6dd49c6616deb48c7c0abf8218829de3f2d026f72,1
SYNTH_REENTRANCY::01978::SyntheticReentrancy01978,SyntheticReentrancy01978,i:collect1978,collect,val,DAPP::DAppSCAN-source/contracts/Trail_of_Bits-OriginDollar/origin-dollar-81431fd3b2aa4c518ffc389844f9708c00b516f0::VaultCore,i:_allocate,_allocate,safeTransfer,payouts6,486dd02aa4c8a9ee29b9b2f81c074ce19b8f95f6e7a2c02f370b39e889bc8cdb,1
SYNTH_REENTRANCY::01979::SyntheticReentrancy01979,SyntheticReentrancy01979,i:harvest1979,harvest,train,DAPP::DAppSCAN-source/contracts/Coinbae-Pud.Fi Masterchef_Audit/MasterChef0x15Bee180BB39eE5c0166E63313C33984376930Db::MasterChef,i:withdraw,withdraw,transfer,positions7,8cd38433ff84312cd7b657fc90a1e0d2be59d168c61c0de192c7da568471ce2f,1
SYNTH_REENTRANCY::01980::SyntheticReentrancy01980,SyntheticReentrancy01980,i:withdraw1980,withdraw,train,DAPP::DAppSCAN-source/contracts/Coinbae-Pud.Fi Masterchef_Audit/MasterChef0x15Bee180BB39eE5c0166E63313C33984376930Db::MasterChef,i:add,add,call,balances8,fac4856b8daf918106c859a11e21aac9f76cb3409603699f6a650c7141ce0713,1
SYNTH_REENTRANCY::01981::SyntheticReentrancy01981,SyntheticReentrancy01981,i:claimReward1981,claimReward,train,DAPP::DAppSCAN-source/contracts/PeckShield-DSG/core-6f607f77698936e132e4e9b5cb4d75580636d919::SinglePool,i:emergencyWithdraw,emergencyWithdraw,transfer,credits9,3759d1d5d3cb43b0e482d44fa7f2100233fc0adf4dacc0bad6bfe850719a0036,1
SYNTH_REENTRANCY::01982::SyntheticReentrancy01982,SyntheticReentrancy01982,i:refund1982,refund,test,DAPP::DAppSCAN-source/contracts/BlockSec-blocksec_impossible_finance_swap_v1.2/impossible-swap-core-29aaef89f996acdbee92b67c4d95fb608dc8b876::ImpossibleWrappedToken,i:deposit,deposit,send,pendingRewards10,7efae09b851ebd428f09cc7f3c6931e46be3e7b183ed798f2c302865ccc812c7,1
SYNTH_REENTRANCY::01983::SyntheticReentrancy01983,SyntheticReentrancy01983,i:unstake1983,unstake,train,DAPP::DAppSCAN-source/contracts/consensys-Connext NXTP — Noncustodial Xchain Transfer Protocol/nxtp-0656436d654cfe0313fa3c2bbc81aa86232ade16::TransactionManager,i:removeLiquidity,removeLiquidity,safeTransfer,withdrawalRequests11,08fdc1570bfbe3fc68c621fa1b9d21e0da783297b908dbb7405bfb4b2c8c8b91,1
SYNTH_REENTRANCY::01984::SyntheticReentrancy01984,SyntheticReentrancy01984,i:redeem1984,redeem,train,DAPP::DAppSCAN-source/contracts/PeckShield-DSG/core-6f607f77698936e132e4e9b5cb4d75580636d919::GovernorV1,i:propose,propose,transfer,shares12,33ff0b3356d97984bded53ed5ca37cc34b7f5d92f1fa80e7e6124c1f339763e2,1
SYNTH_REENTRANCY::01985::SyntheticReentrancy01985,SyntheticReentrancy01985,i:payout1985,payout,train,DAPP::DAppSCAN-source/contracts/QuillAudits-Yearn Finance-Yearn Protocol V1/yearn-protocol-9ff0dc0ea73642c529383d0675930a41bf033295::yWETH,i:depositETH,depositETH,call,stakes13,6737ddfa245c53565923c2b070b645f5204fdfb3b32333258d79f5f09cf9fa45,1
SYNTH_REENTRANCY::01986::SyntheticReentrancy01986,SyntheticReentrancy01986,i:release1986,release,train,DAPP::DAppSCAN-source/contracts/PeckShield-ShibaNova/Contracts-b6b1ce1fcaff83d360df8944309f49958842b7b8::MasterShiba,i:withdraw,withdraw,transfer,claims14,63c5d55d51a112b1ea3e928d0815c5e1a03fbe718033aa0233bb520320fb2e65,1
SYNTH_REENTRANCY::01987::SyntheticReentrancy01987,SyntheticReentrancy01987,i:exit1987,exit,train,FORGE::vfp_00221::LimitOrderHook,i:cancelOrder,cancelOrder,send,escrowed15,880b82387173dae2e795d6c60d1fc5e05737916f81d063ebdafc0aae0790af38,1
SYNTH_REENTRANCY::01988::SyntheticReentrancy01988,SyntheticReentrancy01988,i:claim1988,claim,train,DAPP::DAppSCAN-source/contracts/PeckShield-PikaPerpV2/PikaPerpV2-4a0965ff90ed099b7e2d3e8dda47cd589ee8e3a2::PikaPerpV2,i:closePositionWithId,closePositionWithId,safeTransfer,payouts16,8798c5079165c20d59479b731e657f289909f9499a2eed884433126178abab05,1
SYNTH_REENTRANCY::01989::SyntheticReentrancy01989,SyntheticReentrancy01989,i:settle1989,settle,val,DAPP::DAppSCAN-source/contracts/QuillAudits-GearBox Protocol-GearBox Protocol/gearbox-contracts-0ac33ba87212ce056ac6b6357ad74161d417158a::UniswapV3Adapter,i:exactInputSingle,exactInputSingle,transfer,positions0,4c996243f78f37cd43985c315e50bfc800d750b25372e7201d97ac465d845c18,1
SYNTH_REENTRANCY::01990::SyntheticReentrancy01990,SyntheticReentrancy01990,i:collect1990,collect,val,DAPP::DAppSCAN-source/contracts/QuillAudits-GearBox Protocol-GearBox Protocol/gearbox-contracts-0ac33ba87212ce056ac6b6357ad74161d417158a::PoolService,i:lendCreditAccount,lendCreditAccount,call,balances1,0dcc6b824181425405d870bdccbb49627d58fae9804bc32844bde926586ace6a,1
SYNTH_REENTRANCY::01991::SyntheticReentrancy01991,SyntheticReentrancy01991,i:harvest1991,harvest,val,DAPP::DAppSCAN-source/contracts/SlowMist-Starcrazy Smart Contract Security Audit Report/starcrazy-contracts-e9e11d234ac065726e108a73dfcd5efbad26f2c5::ClockAuctionBase,i:setGeneScienceAddress,setGeneScienceAddress,transfer,credits2,407514bc1acad185c1b5e49dc0851a7357a48c6e77bdf06129b0d7a028a22cb7,1
SYNTH_REENTRANCY::01992::SyntheticReentrancy01992,SyntheticReentrancy01992,i:withdraw1992,withdraw,val,DAPP::DAppSCAN-source/contracts/QuillAudits-GearBox Protocol-GearBox Protocol/gearbox-contracts-0ac33ba87212ce056ac6b6357ad74161d417158a::UniswapV2Adapter,i:swapTokensForExactTokens,swapTokensForExactTokens,send,pendingRewards3,ee2318b3513f8526e253afce23ce82315ed1b2d6a7d5b4ddf1debeff2fd1141b,1
SYNTH_REENTRANCY::01993::SyntheticReentrancy01993,SyntheticReentrancy01993,i:claimReward1993,claimReward,val,DAPP::DAppSCAN-source/contracts/PeckShield-TranchessV1.1/contract-core-68a86350313c1cb9e5467e791d3e9efaf228a0df::StakingV2,i:deposit,deposit,safeTransfer,withdrawalRequests4,585ce5a33062381dc1b1c6045c9c425a85eeb7e1d653ff672f1ad2a12a6275b0,1
SYNTH_REENTRANCY::01994::SyntheticReentrancy01994,SyntheticReentrancy01994,i:refund1994,refund,train,FORGE::vfp_00224::OidcRecoveryValidator,i:startRecovery,startRecovery,transfer,shares5,327dc5f7ebef2ef83a1431ed394b9dd2d16b30ed353b604074fd97916b69d23d,1
SYNTH_REENTRANCY::01995::SyntheticReentrancy01995,SyntheticReentrancy01995,i:unstake1995,unstake,train,DAPP::DAppSCAN-source/contracts/QuillAudits-1inch-Fixed Rate Swap/fixed-rate-swap-0b5a75e9f56e7d21c290dd28c59dc140dcbcc1d5::FixedRateSwap,i:depositFor,depositFor,call,stakes6,90559bcdb956725cb32276cec93cf85e9520f3e0d67dd0fe8555808347ef5f35,1
SYNTH_REENTRANCY::01996::SyntheticReentrancy01996,SyntheticReentrancy01996,i:redeem1996,redeem,train,DAPP::DAppSCAN-source/contracts/PeckShield-Holdefi/Holdefi-5a1e6e0d582120142e8a531f6806eba6665ef2f4::HoldefiSettings,i:setHoldefiContract,setHoldefiContract,transfer,claims7,559ebeef6b89ecc66ac604caf77b89e877da58544e391ebf23f02579e5c6e01f,1
SYNTH_REENTRANCY::01997::SyntheticReentrancy01997,SyntheticReentrancy01997,i:payout1997,payout,train,DAPP::DAppSCAN-source/contracts/Chainsecurity-Compound  cToken unredacted/compound-protocol-4a54ec5c55b66ea67d44b76f3056f0ed7229db8c::Comptroller,i:liquidateBorrowAllowed,liquidateBorrowAllowed,send,escrowed8,53c8c9a7306ddc747a440a1c61930c34d66b10cf9af1d819e7fbf4168289bad8,1
SYNTH_REENTRANCY::01998::SyntheticReentrancy01998,SyntheticReentrancy01998,i:release1998,release,train,DAPP::DAppSCAN-source/contracts/openzeppelin-Optimism/contracts-18e128343731b9bde23812ce932e24d81440b6b7::OVM_StateTransitioner,i:applyTransaction,applyTransaction,safeTransfer,payouts9,2741bd314617b631431f9b03a5a10e72facfbcd6952e40dfd30a8c9a855eb479,1
SYNTH_REENTRANCY::01999::SyntheticReentrancy01999,SyntheticReentrancy01999,i:exit1999,exit,val,DAPP::DAppSCAN-source/contracts/QuillAudits-GearBox Protocol-GearBox Protocol/gearbox-contracts-0ac33ba87212ce056ac6b6357ad74161d417158a::YearnAdapter,i:withdraw,withdraw,transfer,positions10,3562cf415d73d613b493b8490f62e1d6bfc157e3991edafc3f6427e198f0b3be,1
SYNTH_REENTRANCY::02000::SyntheticReentrancy02000,SyntheticReentrancy02000,i:claim2000,claim,train,DAPP::DAppSCAN-source/contracts/QuillAudits-Abyss Finance-Abyss Eth2 Depositor/abyss-eth2depositor-a2d58dea4d79846dc682fe93ac3e0eca02323d11::AbyssEth2Depositor,i:deposit,deposit,call,balances11,09abec725223bfe035f4c62cd487d4ff416ab0749173a241c6a847630f0d4d7a,1
SYNTH_REENTRANCY::02001::SyntheticReentrancy02001,SyntheticReentrancy02001,i:settle2001,settle,train,DAPP::DAppSCAN-source/contracts/Coinbae-Pud.Fi Masterchef_Audit/MasterChef0x15Bee180BB39eE5c0166E63313C33984376930Db::MasterChef,i:deposit,deposit,transfer,credits12,33e76340a26a19983cf6736f5a7a175070f804c95b5700c63526f8ffa7044434,1
SYNTH_REENTRANCY::02002::SyntheticReentrancy02002,SyntheticReentrancy02002,i:collect2002,collect,val,DAPP::DAppSCAN-source/contracts/SlowMist-Starcrazy Smart Contract Security Audit Report/starcrazy-contracts-e9e11d234ac065726e108a73dfcd5efbad26f2c5::AlianaSale,i:withdrawOwnerCutSale,withdrawOwnerCutSale,send,pendingRewards13,b56ec6e63b02a5c271dce7c57135971bfeb0c9aca5bb6fe6e29ce2a03a4f3242,1
SYNTH_REENTRANCY::02003::SyntheticReentrancy02003,SyntheticReentrancy02003,i:harvest2003,harvest,val,FORGE::vfp_00001::AgentImageService,i:fulfillImage,fulfillImage,safeTransfer,withdrawalRequests14,4669116dcff34201e55809e92c3132f1d354326bc317f429bcae6ed4306d133b,1
SYNTH_REENTRANCY::02004::SyntheticReentrancy02004,SyntheticReentrancy02004,i:withdraw2004,withdraw,test,FORGE::vfp_00058::LikwidMarginPosition,i:_executeAddLeverage,_executeAddLeverage,transfer,shares15,cb38c44d8beb2c93becef583ba36dbc9e3fab224865b543241ac749b049fa73a,1
SYNTH_REENTRANCY::02005::SyntheticReentrancy02005,SyntheticReentrancy02005,i:claimReward2005,claimReward,train,DAPP::DAppSCAN-source/contracts/Chainsecurity-Compound  cToken unredacted/compound-protocol-4a54ec5c55b66ea67d44b76f3056f0ed7229db8c::CToken,i:_setComptroller,_setComptroller,call,stakes16,670a9e8a995ba1c498d5b8cf165237b8a0cfd5beb37f18bf560733739fc514b1,1
SYNTH_REENTRANCY::02006::SyntheticReentrancy02006,SyntheticReentrancy02006,i:refund2006,refund,val,DAPP::DAppSCAN-source/contracts/Trail_of_Bits-OriginDollar/origin-dollar-81431fd3b2aa4c518ffc389844f9708c00b516f0::VaultCore,i:_redeem,_redeem,transfer,claims0,ba88e64a8008f28ad247f37295d9f43abd23e415d63e7bad8736109e1a3f52b7,1
SYNTH_REENTRANCY::02007::SyntheticReentrancy02007,SyntheticReentrancy02007,i:unstake2007,unstake,val,DAPP::DAppSCAN-source/contracts/QuillAudits-GearBox Protocol-GearBox Protocol/gearbox-contracts-0ac33ba87212ce056ac6b6357ad74161d417158a::AccountFactory,i:returnCreditAccount,returnCreditAccount,send,escrowed1,d5b1d303cad242bc518a3a8bc76ddd4b9db39ff57ff6298e53304b1023642bb2,1
SYNTH_REENTRANCY::02008::SyntheticReentrancy02008,SyntheticReentrancy02008,i:redeem2008,redeem,train,FORGE::vfp_00102::StopLimit,i:performUpkeep,performUpkeep,safeTransfer,payouts2,253df3f180ed4db816868e3c81acc764ab40c7902eb1b4d7041f1e3667e7be47,1
SYNTH_REENTRANCY::02009::SyntheticReentrancy02009,SyntheticReentrancy02009,i:payout2009,payout,train,FORGE::vfp_00007::Folio,i:getRebalance,getRebalance,transfer,positions3,73df942b8a9b45478e297f199a95c07c2a4c3e6e1833f3dc3c6748778f31a5a3,1
SYNTH_REENTRANCY::02010::SyntheticReentrancy02010,SyntheticReentrancy02010,i:release2010,release,train,DAPP::DAppSCAN-source/contracts/BlockSec-blocksec_multichain_vemult_v1.0_signed/veMULTI-bac804399d1ea280e5bd8cdc9488b6fa6a0a7fcc::ve,i:withdraw,withdraw,call,balances4,4b6ac36c71fcea3515e3a9fb35485891495a8072ab126ffd6f69c0b1761b5312,1
SYNTH_REENTRANCY::02011::SyntheticReentrancy02011,SyntheticReentrancy02011,i:exit2011,exit,val,DAPP::DAppSCAN-source/contracts/QuillAudits-GearBox Protocol-GearBox Protocol/gearbox-contracts-0ac33ba87212ce056ac6b6357ad74161d417158a::WETHGateway,i:openCreditAccountETH,openCreditAccountETH,transfer,credits5,7ddb5c99e9890676f651ca0ac1bcee7574fb895d4b85f0b29f302b653921f37c,1
SYNTH_REENTRANCY::02012::SyntheticReentrancy02012,SyntheticReentrancy02012,i:claim2012,claim,val,DAPP::DAppSCAN-source/contracts/QuillAudits-GearBox Protocol-GearBox Protocol/gearbox-contracts-0ac33ba87212ce056ac6b6357ad74161d417158a::UniswapV3Adapter,i:exactOutput,exactOutput,send,pendingRewards6,134c42fc112d83ed1526adba02df4a01e6b5547f47ff56a2092501fcc31b7047,1
SYNTH_REENTRANCY::02013::SyntheticReentrancy02013,SyntheticReentrancy02013,i:settle2013,settle,val,DAPP::DAppSCAN-source/contracts/SlowMist-Starcrazy Smart Contract Security Audit Report/starcrazy-contracts-e9e11d234ac065726e108a73dfcd5efbad26f2c5::AlianaBase,i:setGeneScienceAddress,setGeneScienceAddress,safeTransfer,withdrawalRequests7,037ac843fe66d89431f266ab4a7466fd4a248f0647af9fa572c1ca352f17ff90,1
SYNTH_REENTRANCY::02014::SyntheticReentrancy02014,SyntheticReentrancy02014,i:collect2014,collect,val,DAPP::DAppSCAN-source/contracts/SlowMist-Starcrazy Smart Contract Security Audit Report/starcrazy-contracts-e9e11d234ac065726e108a73dfcd5efbad26f2c5::AlianaOwnership,i:setGeneScienceAddress,setGeneScienceAddress,transfer,shares8,fc4c0ad5d486d4eb5eb9a93377585f4a2b44282dc791fdb8cb6ca084c97ac5ad,1
SYNTH_REENTRANCY::02015::SyntheticReentrancy02015,SyntheticReentrancy02015,i:harvest2015,harvest,test,DAPP::DAppSCAN-source/contracts/Hacken-Powerbomb-V1/powerbomb-lite-0f86ff1eecdd723be733a9b33ff4ffa3bbdadcee::PowerBombAvaxCurve,i:claimReward,claimReward,call,stakes9,ec096a841739e1a599b27bc9b7e830a0dd543c9e37aa7a8334c8b53de2c97146,1
SYNTH_REENTRANCY::02016::SyntheticReentrancy02016,SyntheticReentrancy02016,i:withdraw2016,withdraw,train,DAPP::DAppSCAN-source/contracts/QuillAudits-Alium Finance Smart Contract/alium-farm-e37d6af39af68049c2684085f025385407b4bd55::MasterChef,i:emergencyWithdraw,emergencyWithdraw,transfer,claims10,09670ac9a267556173fd155798992b573e918ca28b148938f588cfe96947d6ff,1
SYNTH_REENTRANCY::02017::SyntheticReentrancy02017,SyntheticReentrancy02017,i:claimReward2017,claimReward,train,DAPP::DAppSCAN-source/contracts/openzeppelin-Solo_Margin_Protocol/solo-17df84db351d5438e1b7437572722b4f52c8b2b4::AdminImpl,i:_setPriceOracle,_setPriceOracle,send,escrowed11,47d4c246a4492eec6f09160b0e30bf4aea4b1980b16301c91f4f13b6951c8bba,1
SYNTH_REENTRANCY::02018::SyntheticReentrancy02018,SyntheticReentrancy02018,i:refund2018,refund,train,FORGE::vfp_00215::ScrollChainValidium,i:registerNewEncryptionKey,registerNewEncryptionKey,safeTransfer,payouts12,4f56244dd78a7683ddcb4d145e2e91ef83ea7032a71db029181468450f3fa4c5,1
SYNTH_REENTRANCY::02019::SyntheticReentrancy02019,SyntheticReentrancy02019,i:unstake2019,unstake,train,DAPP::DAppSCAN-source/contracts/Runtime_Vеrification-stakefish_ethereum_staking_audit_report/eth2-validation-services-contract-d91928f3a270f6115831fe3a21a69eb98bf57b26::StakefishERC721Wrapper,i:mintTo,mintTo,transfer,positions13,6a670ee96377f7acde83212d0516499e4bf2d733ffdfeb7d9d1b191dfd8fcdd7,1
SYNTH_REENTRANCY::02020::SyntheticReentrancy02020,SyntheticReentrancy02020,i:redeem2020,redeem,val,DAPP::DAppSCAN-source/contracts/PeckShield-Tranchessv1.0/contract-core-5ac3d997da3ef37b0135565a11c5ebcc519862aa::LiquidityStaking,i:deposit,deposit,call,balances14,1b73b35fac80b32d85e6db1a59508c9a8f0f212d1df880c4e4bd98986376b049,1
SYNTH_REENTRANCY::02021::SyntheticReentrancy02021,SyntheticReentrancy02021,i:payout2021,payout,train,FORGE::vfp_00209::StakingManager,i:withdraw,withdraw,transfer,credits15,f6b9d834553f433fda6112d929d365de031e785ee55821eb361bfdf7011fefe0,1
SYNTH_REENTRANCY::02022::SyntheticReentrancy02022,SyntheticReentrancy02022,i:release2022,release,train,DAPP::DAppSCAN-source/contracts/Trail_of_Bits-ampleforth/market-oracle-888fccaf05786f3f7f49e18ff040f911d44906f4::MarketOracle,i:getPriceAnd24HourVolume,getPriceAnd24HourVolume,send,pendingRewards16,047c0a9ee80561528c2b43bba56f9050aef908fd6a073571ba2cbcfc409b0c8a,1
SYNTH_REENTRANCY::02023::SyntheticReentrancy02023,SyntheticReentrancy02023,i:exit2023,exit,train,DAPP::DAppSCAN-source/contracts/PeckShield-Rikkei/rifi-protocol-b33243fb3a218cc195f0727fe1499cb57f5ea0b2::RToken,i:borrowFresh,borrowFresh,safeTransfer,withdrawalRequests0,769820dc78366a4b8413920c93a4a5d9d02f4a775e87808de219aae40cdca0e7,1
SYNTH_REENTRANCY::02024::SyntheticReentrancy02024,SyntheticReentrancy02024,i:claim2024,claim,train,FORGE::vfp_00007::Folio,i:startRebalance,startRebalance,transfer,shares1,9914c5b267f09adcb4c1fcaec821827cf0be26f58faa97882c5c186c6b35f3f9,1
SYNTH_REENTRANCY::02025::SyntheticReentrancy02025,SyntheticReentrancy02025,i:settle2025,settle,val,DAPP::DAppSCAN-source/contracts/Runtime_Vеrification-Tracer_Perpetual_Pools_V2/perpetual-pools-contracts-846bbf62652d7c83aee1cf3766275c4d08b00c8a::PoolFactory,i:deployPool,deployPool,call,stakes2,8542c33c92bc41cf746f10f03a862aac5b466a59241d8499a586c05a7d68d9e7,1
SYNTH_REENTRANCY::02026::SyntheticReentrancy02026,SyntheticReentrancy02026,i:collect2026,collect,train,DAPP::DAppSCAN-source/contracts/Trail_of_Bits-FraxQ42021/frax-solidity-bd40775e283923aa9e32a107abd426430a99835e::veFXSYieldDistributorV4,i:notifyRewardAmount,notifyRewardAmount,transfer,claims3,1f289602c2dcc690f3c49644af203b5a3ce5c3cf8889fb3872ee79e8793b201d,1
SYNTH_REENTRANCY::02027::SyntheticReentrancy02027,SyntheticReentrancy02027,i:harvest2027,harvest,train,FORGE::vfp_00007::Folio,i:mint,mint,send,escrowed4,7d3a466930ae996be2ecf6c8942c5672d0151b951bbed71dc7f24fca84453e91,1
SYNTH_REENTRANCY::02028::SyntheticReentrancy02028,SyntheticReentrancy02028,i:withdraw2028,withdraw,test,DAPP::DAppSCAN-source/contracts/SlowMist-ForTube2.0 Smart Contract Security Audit Report/bond-854527d0ea7ad2ddd3504b4d4ae3fcb57cb6445d::PRA,i:lock,lock,safeTransfer,payouts5,145011bc301ee88e1b488863b3598a271a2421e0c684bb13bad8a1377fbc90f4,1
SYNTH_REENTRANCY::02029::SyntheticReentrancy02029,SyntheticReentrancy02029,i:claimReward2029,claimReward,train,FORGE::vfp_00007::Folio,i:distributeFees,distributeFees,transfer,positions6,999fab409467187cce467a6cf7794ab852a6486473fb2a5bfd4698624a23f104,1
SYNTH_REENTRANCY::02030::SyntheticReentrancy02030,SyntheticReentrancy02030,i:refund2030,refund,train,DAPP::DAppSCAN-source/contracts/PeckShield-BabySwap/code::MasterChef,i:withdraw,withdraw,call,balances7,2f6ca0ce6e5da69c13c1e51891e4449a925b44212c14c6cab5e16e36d224fedf,1
SYNTH_REENTRANCY::02031::SyntheticReentrancy02031,SyntheticReentrancy02031,i:unstake2031,unstake,train,DAPP::DAppSCAN-source/contracts/QuillAudits-coalichain/CoaliSC-3f0920d650467279f7ceee08776bd74ecadd3237::Main,i:createBallot,createBallot,transfer,credits8,e5764a8b79961c826fb323f6e5db517c24ae05931c5ee7eb069e22a5e0b88162,1
SYNTH_REENTRANCY::02032::SyntheticReentrancy02032,SyntheticReentrancy02032,i:redeem2032,redeem,val,DAPP::DAppSCAN-source/contracts/Trail_of_Bits-OriginDollar/origin-dollar-81431fd3b2aa4c518ffc389844f9708c00b516f0::VaultCore,i:mintMultiple,mintMultiple,send,pendingRewards9,f9cf7d8654854617b9ad8e62cdad654c777d2bf38913e3d45d5cc30dda368453,1
SYNTH_REENTRANCY::02033::SyntheticReentrancy02033,SyntheticReentrancy02033,i:payout2033,payout,test,DAPP::DAppSCAN-source/contracts/PepperSec-Aira-Robonomic/robonomics_contracts-cc35a91de187072214d215262d8371f0159c2498::LighthouseLib,i:withdraw,withdraw,safeTransfer,withdrawalRequests10,ede8e66e430f817581c29be6a210fb04d1dd259c376fd8dea68412ce4b82388c,1
SYNTH_REENTRANCY::02034::SyntheticReentrancy02034,SyntheticReentrancy02034,i:release2034,release,train,DAPP::DAppSCAN-source/contracts/PeckShield-Convex_Frax/frax-cvx-platform-2f8573ee796daa022c1050b4a749bf08049c439b::StakingProxyUniV3,i:lockAdditional,lockAdditional,transfer,shares11,05fbdd450a69782796d82fde1a281ea19aba8b0f37ff013a1049c7757dd87a3d,1
SYNTH_REENTRANCY::02035::SyntheticReentrancy02035,SyntheticReentrancy02035,i:exit2035,exit,train,DAPP::DAppSCAN-source/contracts/PeckShield-CryptoHeroes/cryptoheroes-6cb0eaf8c88fdaab89d2b4c83535a189c7793001::CryptoHeroesUniverse,i:deposit,deposit,call,stakes12,90b4f0792577febb524b253002b39e5c6c2949d246a2b260b1c2656a7c7e808a,1
SYNTH_REENTRANCY::02036::SyntheticReentrancy02036,SyntheticReentrancy02036,i:claim2036,claim,train,DAPP::DAppSCAN-source/contracts/Chainsecurity-Angle Protocol/angle-core-46e6d32837cbe97a4af0adb693e63afa0d01fc3e::PerpetualManagerFront,i:openPerpetual,openPerpetual,transfer,claims13,a659e301161e002c8cf3861b7e6909f59565c9a639be73e609ebf525b67fba28,1
SYNTH_REENTRANCY::02037::SyntheticReentrancy02037,SyntheticReentrancy02037,i:settle2037,settle,train,DAPP::DAppSCAN-source/contracts/PeckShield-Hegic(v8888)/Hegic-v8888-2dcd44dc1ae07881e94d52fa618f9704bfd4ffda::HegicPool,i:provideFrom,provideFrom,send,escrowed14,78667a5926b06c45f9aa3f49b15a29fa83f4ef9823b46b7f7a3c29f3ab1dc7f0,1
SYNTH_REENTRANCY::02038::SyntheticReentrancy02038,SyntheticReentrancy02038,i:collect2038,collect,train,FORGE::vfp_00174::P2pResolvProxy,i:withdrawRESOLV,withdrawRESOLV,safeTransfer,payouts15,b0027139221dbe8a10a0659491e96a67028e5a9bb4d00b21e36b55e093347598,1
SYNTH_REENTRANCY::02039::SyntheticReentrancy02039,SyntheticReentrancy02039,i:harvest2039,harvest,train,DAPP::DAppSCAN-source/contracts/QuillAudits-Bond Appetit-Bond Appetit/bondappetit-protocol-355180f0aca0b29d60d808f761052956b7a3a159::ProfitSplitter,i:_payToRecipients,_payToRecipients,transfer,positions16,3ff5976071ab0f4e773402761e569f21b4ff27669adcac23db66ef607f25c090,1
SYNTH_REENTRANCY::02040::SyntheticReentrancy02040,SyntheticReentrancy02040,i:withdraw2040,withdraw,train,FORGE::vfp_00209::StakingManager,i:stake,stake,call,balances0,a67745ee810e6f651397cd567dc2fa08085e20a578bf415870e4cd6185bd0fec,1
SYNTH_REENTRANCY::02041::SyntheticReentrancy02041,SyntheticReentrancy02041,i:claimReward2041,claimReward,test,DAPP::DAppSCAN-source/contracts/Solidity_Finance-OKLG - Smart Contract/contracts-e167d0d742d21bcc62d7a5b770a1f0ed1cf31eca::MTGYTokenLocker,i:withdrawLockedTokens,withdrawLockedTokens,transfer,credits1,803e6b4a86c72aad80b933305936586b96fb2906b25213a9bc8ddc0f05952770,1
SYNTH_REENTRANCY::02042::SyntheticReentrancy02042,SyntheticReentrancy02042,i:refund2042,refund,val,DAPP::DAppSCAN-source/contracts/consensys-DeFi_Saver/defisaver-v3-contracts-cb29669a84c2d6fffaf2231c0938eb407c060919::FLAaveV2,i:executeOperation,executeOperation,send,pendingRewards2,e5caec4a2f818590021d551d57e682a90c5a7bfe380fddec60940537f8abbf2c,1
SYNTH_REENTRANCY::02043::SyntheticReentrancy02043,SyntheticReentrancy02043,i:unstake2043,unstake,train,DAPP::DAppSCAN-source/contracts/Iosiro-1inch Exchange Staking Rewards Smart Contract Audit/liquidity-protocol-c9c8bc600e8e7897f70f84b006de601d4f4bcbe3::BaseRewards,i:getReward,getReward,safeTransfer,withdrawalRequests3,c5fe941e240ce4e0665f2edc04808202d7abba6ee92ded68b5e4f84884872628,1
SYNTH_REENTRANCY::02044::SyntheticReentrancy02044,SyntheticReentrancy02044,i:redeem2044,redeem,train,FORGE::vfp_00102::StopLimit,i:modifyOrder,modifyOrder,transfer,shares4,bede6424f81e4af5a2db288e899614a7ceb32fcf092f0c16deaafefc11a469f4,1
SYNTH_REENTRANCY::02045::SyntheticReentrancy02045,SyntheticReentrancy02045,i:payout2045,payout,val,FORGE::vfp_00001::AgentImageService,i:requestImage,requestImage,call,stakes5,c69430308b7e59753171a9a25cd264d1fc550c62704b5f172d44c99d3c3bfffb,1
SYNTH_REENTRANCY::02046::SyntheticReentrancy02046,SyntheticReentrancy02046,i:release2046,release,train,FORGE::vfp_00189::Box,i:deallocate,deallocate,transfer,claims6,99319283c8f8495bf8999dca7e4195c6320b6b7a113f141c519eebc1a79dd7b0,1
SYNTH_REENTRANCY::02047::SyntheticReentrancy02047,SyntheticReentrancy02047,i:exit2047,exit,val,DAPP::DAppSCAN-source/contracts/QuillAudits-GearBox Protocol-GearBox Protocol/gearbox-contracts-0ac33ba87212ce056ac6b6357ad74161d417158a::UniswapV3Adapter,i:exactInput,exactInput,send,escrowed7,d71899fbb95628cdd597687724bc05afdd2827fa9aa75a7b38cc42e9f165cc27,1
SYNTH_REENTRANCY::02048::SyntheticReentrancy02048,SyntheticReentrancy02048,i:claim2048,claim,train,DAPP::DAppSCAN-source/contracts/PeckShield-StackerVC/StackerVC_VentureFund001-3cfb98b21f4731dfd62993feb7c7d1540837f59b::LPGauge,i:deposit,deposit,safeTransfer,payouts8,8ed9cfc30a375ccd8ade16e577522c22f28470c385b6d5a959756b73eeac59c1,1
SYNTH_REENTRANCY::02049::SyntheticReentrancy02049,SyntheticReentrancy02049,i:settle2049,settle,train,DAPP::DAppSCAN-source/contracts/consensys-Aave_Protocol_V2/aave-protocol-v2-f756f44a8d6a328cd545335e46e7128939db88c4::LendingPool,i:deposit,deposit,transfer,positions9,c159d0f6cdd618d3ce68bc3d73d8b73dbf35d1f57f367205853f7077c2cc28cb,1
SYNTH_REENTRANCY::02050::SyntheticReentrancy02050,SyntheticReentrancy02050,i:collect2050,collect,test,DAPP::DAppSCAN-source/contracts/Trail_of_Bits-Liquity/dev-f0df3efa5a5f05b205752184cfce107c5bd6e06c::BorrowerOperations,i:_moveTokensAndETHfromAdjustment,_moveTokensAndETHfromAdjustment,call,balances10,08e309722fc3e415d034c2f8a3382ace48f2f453106c2d728358e048439ad8d8,1
SYNTH_REENTRANCY::02051::SyntheticReentrancy02051,SyntheticReentrancy02051,i:harvest2051,harvest,train,DAPP::DAppSCAN-source/contracts/Coinbae-Hakka_Finance_wHakka/code::wHakka,i:stake,stake,transfer,credits11,aaa3e83b04ee3d05df8c23c16ea16364a4932b4861c739b158a3dc48ee679806,1
SYNTH_REENTRANCY::02052::SyntheticReentrancy02052,SyntheticReentrancy02052,i:withdraw2052,withdraw,train,DAPP::DAppSCAN-source/contracts/consensys-Idle_Finance/idle-tranches-d94ee7194e8cb17db13b16c338f3e780b62f5435::IdleCDO,i:_deposit,_deposit,send,pendingRewards12,6dbd2119c4f10a795db5550337abe3b03887cb547ff0a9aefdd809ddef46ed13,1
SYNTH_REENTRANCY::02053::SyntheticReentrancy02053,SyntheticReentrancy02053,i:claimReward2053,claimReward,test,DAPP::DAppSCAN-source/contracts/PepperSec-Aira-Robonomic/robonomics_contracts-cc35a91de187072214d215262d8371f0159c2498::RobotLiabilityLib,i:finalize,finalize,safeTransfer,withdrawalRequests13,304dbb34700f632b30e7e91cc45e44a207927915aff381a8ebaa5f168af3065b,1
SYNTH_REENTRANCY::02054::SyntheticReentrancy02054,SyntheticReentrancy02054,i:refund2054,refund,train,DAPP::DAppSCAN-source/contracts/Chainsulting-Furucombo-project2/trevi-b3f7fd332873321152db48c9d43fc23a60a29f1a::FountainBase,i:_depositAngel,_depositAngel,transfer,shares14,945bd0aaa9e71ab042da35db38b1a92d736230543508bbe747e8b31f391a874d,1
SYNTH_REENTRANCY::02055::SyntheticReentrancy02055,SyntheticReentrancy02055,i:unstake2055,unstake,train,FORGE::vfp_00096::MarketConfigurator,i:_migrateFactoryTargets,_migrateFactoryTargets,call,stakes15,53ca83ecacb34358b6b5276ac9b397d738473c634a5ae30fbea84498fb0f0f30,1
SYNTH_REENTRANCY::02056::SyntheticReentrancy02056,SyntheticReentrancy02056,i:redeem2056,redeem,train,DAPP::DAppSCAN-source/contracts/PeckShield-Buffer/code::BufferBNBOptions,i:create,create,transfer,claims16,7c62c522b159603512e331aa2b0e52a4e4ccd32eebbe74bd2cf347c11e0358dd,1
SYNTH_REENTRANCY::02057::SyntheticReentrancy02057,SyntheticReentrancy02057,i:payout2057,payout,train,DAPP::DAppSCAN-source/contracts/consensys-Skyweaver/Skyweaver-contracts-bde0c184db6168bf86656a48b12d5747950b54d9::EternalHeroesFactory,i:_buy,_buy,send,escrowed0,4c81dda71a1c947879cfc64b9fca67457918bc06d93bb1a29bf6d99d3ed1a30d,1
SYNTH_REENTRANCY::02058::SyntheticReentrancy02058,SyntheticReentrancy02058,i:release2058,release,train,DAPP::DAppSCAN-source/contracts/consensys-Aave_Protocol_V2/aave-protocol-v2-f756f44a8d6a328cd545335e46e7128939db88c4::LendingPool,i:flashLoan,flashLoan,safeTransfer,payouts1,d895316efcf064ed6d15daf6de312e93a1b7134a3824a074a0ac7714ff6f3ec8,1
SYNTH_REENTRANCY::02059::SyntheticReentrancy02059,SyntheticReentrancy02059,i:exit2059,exit,train,DAPP::DAppSCAN-source/contracts/Coinbae-Barnbridge_Vault/CommunityVault0xA3C299eEE1998F45c20010276684921EBE6423D9::CommunityVault,i:setAllowance,setAllowance,transfer,positions2,5f21fdbf5440e007ccc038dff8bd1ca6485b8d440b50f0a32051758ec0c99b47,1
SYNTH_REENTRANCY::02060::SyntheticReentrancy02060,SyntheticReentrancy02060,i:claim2060,claim,train,DAPP::DAppSCAN-source/contracts/Trail_of_Bits-MapleFinance/liquidations-35c628e5ab45fbffaab7aef43a030a98b712a94a::Liquidator,i:liquidatePortion,liquidatePortion,call,balances3,52265dcfb9652bba861667cda2714b798e2c5fcc094321bfc388fe2c29fb4c1f,1
SYNTH_REENTRANCY::02061::SyntheticReentrancy02061,SyntheticReentrancy02061,i:settle2061,settle,test,DAPP::DAppSCAN-source/contracts/consensys-GrowthDeFi WHEAT/wheat-v1-core-8360ac0a537589bb974e8a5a169bb3e7c95d2857::Exchange,i:convertFundsFromInput,convertFundsFromInput,transfer,credits4,2298d6abea9765b6ae5aa2d7dc5e4655bad4061a710456711e0ae38aadbd497c,1
SYNTH_REENTRANCY::02062::SyntheticReentrancy02062,SyntheticReentrancy02062,i:collect2062,collect,test,DAPP::DAppSCAN-source/contracts/ImmuneBytes-Bird Money(MasterChef)-Audit Report/bird-farm-contracts-dfd2502b73c8f54c9081682c3eb070fcd3c00629::MasterChef,i:emergencyWithdraw,emergencyWithdraw,send,pendingRewards5,6fdf2623bc21c0f3f7f295af066a63b782ddbe8b2fb8e59ccdb811e07c4db0b3,1
SYNTH_REENTRANCY::02063::SyntheticReentrancy02063,SyntheticReentrancy02063,i:harvest2063,harvest,train,"DAPP::DAppSCAN-source/contracts/Inspex-Tokens, Farm & Shop/-SpeedStar-Audit-3e39d7acf9c1aa9f3a5511c161c2035ba7d6bc1f::Staking",i:depositStable,depositStable,safeTransfer,withdrawalRequests6,325b18d181d6866d8ac886eb9de415b8727281653ec4815352418cde0c19d870,1
SYNTH_REENTRANCY::02064::SyntheticReentrancy02064,SyntheticReentrancy02064,i:withdraw2064,withdraw,train,FORGE::vfp_00125::Aori,i:cancel,cancel,transfer,shares7,c331bd32a1b905637d7b85bd31bc79bd5647d9997576bfff01a360bf69e937a9,1
SYNTH_REENTRANCY::02065::SyntheticReentrancy02065,SyntheticReentrancy02065,i:claimReward2065,claimReward,train,DAPP::DAppSCAN-source/contracts/Coinbae-Hakka_Finance_wHakka/code::wHakka,i:unstake,unstake,call,stakes8,d4d920e47b0dfd42067880a2644bc5fb3e22b599e7db66197fe7dec10c769a53,1
SYNTH_REENTRANCY::02066::SyntheticReentrancy02066,SyntheticReentrancy02066,i:refund2066,refund,train,DAPP::DAppSCAN-source/contracts/Chainsulting-Furucombo-project2/trevi-b3f7fd332873321152db48c9d43fc23a60a29f1a::FountainBase,i:_withdrawAngel,_withdrawAngel,transfer,claims9,0ecaf99a1c26e1fa77eeaed2609f510f1004e773772244e65e9cded8cd52fc05,1
SYNTH_REENTRANCY::02067::SyntheticReentrancy02067,SyntheticReentrancy02067,i:unstake2067,unstake,test,FORGE::vfp_00260::Router_Adapter,i:relayTokens,relayTokens,send,escrowed10,72ffecf86b109d0dcbc8af0fe5bcb7e346b8da455a17be541589711971bcc8b0,1
SYNTH_REENTRANCY::02068::SyntheticReentrancy02068,SyntheticReentrancy02068,i:redeem2068,redeem,train,FORGE::vfp_00215::ScrollChainValidium,i:_finalizeBundle,_finalizeBundle,safeTransfer,payouts11,cc4e3ec48d0834202890c1b22b0e390a19f5e84c526f6c4a6eda52c7716d30c1,1
SYNTH_REENTRANCY::02069::SyntheticReentrancy02069,SyntheticReentrancy02069,i:payout2069,payout,train,DAPP::DAppSCAN-source/contracts/PeckShield-PlutosV1/plutos-eth-contract-0777815::PMintBurn,i:deposit,deposit,transfer,positions12,141555ec3ba1bcd282e451bd3728bd3e1dbe1ec14df6781145a2634107254158,1
SYNTH_REENTRANCY::02070::SyntheticReentrancy02070,SyntheticReentrancy02070,i:release2070,release,val,DAPP::DAppSCAN-source/contracts/QuillAudits-GearBox Protocol-GearBox Protocol/gearbox-contracts-0ac33ba87212ce056ac6b6357ad74161d417158a::UniswapV3Adapter,i:exactOutputSingle,exactOutputSingle,call,balances13,e57c361e578114a9eecf9616f030886fb4ce94a135f9b638acd740b4189ea9b5,1
SYNTH_REENTRANCY::02071::SyntheticReentrancy02071,SyntheticReentrancy02071,i:exit2071,exit,train,DAPP::DAppSCAN-source/contracts/SlowMist-CFFv2 Smart Contract Security Audit Report/cff-contract-v2-c86bef3f13c7585f547f9cd0ca900f94664e96b7::CFVaultV2,i:withdraw,withdraw,transfer,credits14,52384783105a4b9c9ca6c1fd6d0e2744cec4e74d97e0aa9b49aa143d68202f9b,1
SYNTH_REENTRANCY::02072::SyntheticReentrancy02072,SyntheticReentrancy02072,i:claim2072,claim,train,FORGE::vfp_00221::LimitOrderHook,i:_afterSwap,_afterSwap,send,pendingRewards15,2badceffd91ac23c71eed7043eeaf2e032ae1e3a9f0dc801addfcb48c6baff87,1
SYNTH_REENTRANCY::02073::SyntheticReentrancy02073,SyntheticReentrancy02073,i:settle2073,settle,val,DAPP::DAppSCAN-source/contracts/SlowMist-Starcrazy Smart Contract Security Audit Report/starcrazy-contracts-e9e11d234ac065726e108a73dfcd5efbad26f2c5::GFSBonus,i:withdraw,withdraw,safeTransfer,withdrawalRequests16,805716acb5648617b663d9c324678858f2da9c3e9b90593a185da2dd7463f1ac,1
SYNTH_REENTRANCY::02074::SyntheticReentrancy02074,SyntheticReentrancy02074,i:collect2074,collect,train,DAPP::DAppSCAN-source/contracts/Coinfabrik-Woonkly Security Audit (DEX STAKE)/STAKESmartContractPreRelease-main::WOOPStake,i:processReward,processReward,transfer,shares0,39ec9e784573eb3c8a4bd7c1724e0e32076bbc0508277d7127f65da2b059ab9d,1
SYNTH_REENTRANCY::02075::SyntheticReentrancy02075,SyntheticReentrancy02075,i:harvest2075,harvest,train,DAPP::DAppSCAN-source/contracts/Iosiro-SNX FlashBurn Smart Contract Audit/flashburn-3aa02a3d63d9e0110a5b6669a4a4011ceee3cf2b::SNXFlashLoanTool,i:swap,swap,call,stakes1,e84efdb13c30bffa84b4b4e8f79710a307f607825ab2ad0f29f2358c6dfda893,1
SYNTH_REENTRANCY::02076::SyntheticReentrancy02076,SyntheticReentrancy02076,i:withdraw2076,withdraw,train,FORGE::vfp_00174::P2pResolvProxy,i:initiateWithdrawalRESOLVAccruedRewards,initiateWithdrawalRESOLVAccruedRewards,transfer,claims2,8db29f4db8077956654faca98c9f38b787e5ba7fbbe59a6022a7a6c5ff78fa19,1
SYNTH_REENTRANCY::02077::SyntheticReentrancy02077,SyntheticReentrancy02077,i:claimReward2077,claimReward,train,DAPP::DAppSCAN-source/contracts/consensys-Gamma/hypervisor-41fd4abf79864478523e87924d4e80d80df04879::UniProxy,i:deposit,deposit,send,escrowed3,850f595dacf172698fbf1eafb5288c76985de69558e747bb79760cb613112deb,1
SYNTH_REENTRANCY::02078::SyntheticReentrancy02078,SyntheticReentrancy02078,i:refund2078,refund,train,FORGE::vfp_00175::P2pYieldProxy,i:_withdraw,_withdraw,safeTransfer,payouts4,5c79652bb047e72029e4c2c05fc9f20294d97a54e27caf0366ee8732d20380b2,1
SYNTH_REENTRANCY::02079::SyntheticReentrancy02079,SyntheticReentrancy02079,i:unstake2079,unstake,val,FORGE::vfp_00001::AgentImageService,i:requestRefund,requestRefund,transfer,positions5,c485203bb79c9090cb2d12cf94c94fba6dc20310bf67c249ce7e9fbf61d930ad,1
SYNTH_REENTRANCY::02080::SyntheticReentrancy02080,SyntheticReentrancy02080,i:redeem2080,redeem,val,DAPP::DAppSCAN-source/contracts/SlowMist-Starcrazy Smart Contract Security Audit Report/starcrazy-contracts-e9e11d234ac065726e108a73dfcd5efbad26f2c5::Auction,i:setGeneScienceAddress,setGeneScienceAddress,call,balances6,1bd64d3b3e13d57d357443e951b3bbf43c497110670114381b08e39cbbfdf5e0,1
SYNTH_REENTRANCY::02081::SyntheticReentrancy02081,SyntheticReentrancy02081,i:payout2081,payout,train,DAPP::DAppSCAN-source/contracts/QuillAudits-1inch-Limit Order Protocol/limit-order-protocol-a14bde6a260458de5083cee117d734221e1cbc05::LimitOrderProtocol,i:fillOrderTo,fillOrderTo,transfer,credits7,4021f6455558a43f67456ce71b5c5a13f11547e2c332d81649c2271da277d1a5,1
SYNTH_REENTRANCY::02082::SyntheticReentrancy02082,SyntheticReentrancy02082,i:release2082,release,val,DAPP::DAppSCAN-source/contracts/QuillAudits-Yearn Finance-Yearn Vaults V3/yearn-vaults-e390c2a6b2ba6e2ecc8f3a72a1ea4adfabd17544::yWETH,i:withdrawETH,withdrawETH,send,pendingRewards8,bf58169e847e252babe5447bcad13c330ae20ed75576167f4d1d173d9263b28a,1
SYNTH_REENTRANCY::02083::SyntheticReentrancy02083,SyntheticReentrancy02083,i:exit2083,exit,train,DAPP::DAppSCAN-source/contracts/PeckShield-BNPL/BNPL-0ee587a081668dcab166a3a275b8a6c4794ead4d::BankingNode,i:unstake,unstake,safeTransfer,withdrawalRequests9,6c36f353ba15a3d56a4a70b738c54c0e8d59b1a6ebc465e0b516f1d1693a9463,1
SYNTH_REENTRANCY::02084::SyntheticReentrancy02084,SyntheticReentrancy02084,i:claim2084,claim,train,FORGE::vfp_00032::CurveConvexLib,i:unstakeAndExitPool,unstakeAndExitPool,transfer,shares10,aa2d168bc2a50e35bf7913da51fbcb5653f30d632aa797e2f0d6f32bcee4b9f8,1
SYNTH_REENTRANCY::02085::SyntheticReentrancy02085,SyntheticReentrancy02085,i:settle2085,settle,train,FORGE::vfp_00045::PDPVerifier,i:nextProvingPeriod,nextProvingPeriod,call,stakes11,035753a2d4e0f3d6a88f105d847337414e650863c41aa36aa60953fb2b695dfc,1
SYNTH_REENTRANCY::02086::SyntheticReentrancy02086,SyntheticReentrancy02086,i:collect2086,collect,train,FORGE::vfp_00234::mErc20Host,i:_verifyProof,_verifyProof,transfer,claims12,6e73f70075afe8923fae85363193abbdfae77e6a570e890cce8fa547409e5256,1
SYNTH_REENTRANCY::02087::SyntheticReentrancy02087,SyntheticReentrancy02087,i:harvest2087,harvest,train,DAPP::DAppSCAN-source/contracts/Coinbae-Pud.Fi Masterchef_Audit/MasterChef0x15Bee180BB39eE5c0166E63313C33984376930Db::MasterChef,i:emergencyWithdraw,emergencyWithdraw,send,escrowed13,770cf54475598b634d4ca891c18025bc2436c7be9710d56efc44127e1f859fe6,1
SYNTH_REENTRANCY::02088::SyntheticReentrancy02088,SyntheticReentrancy02088,i:withdraw2088,withdraw,train,DAPP::DAppSCAN-source/contracts/PeckShield-Arche/Arche_v1.0_Eros-909f35e0064d636aaf61954a6026fda7b2bade7f::D_Swap,i:Impl_Delivery,Impl_Delivery,safeTransfer,payouts14,b5136eeaa91a0556e9386169d3f6054f87e1a75d8ff3270a453837ee489810f3,1
SYNTH_REENTRANCY::02089::SyntheticReentrancy02089,SyntheticReentrancy02089,i:claimReward2089,claimReward,val,DAPP::DAppSCAN-source/contracts/QuillAudits-GearBox Protocol-GearBox Protocol/gearbox-contracts-0ac33ba87212ce056ac6b6357ad74161d417158a::UniswapV2Adapter,i:swapExactTokensForTokens,swapExactTokensForTokens,transfer,positions15,b1e32458a6ceacaefc7aac8903a32cf76727750569e4bb605f059119a0a3988f,1
SYNTH_REENTRANCY::02090::SyntheticReentrancy02090,SyntheticReentrancy02090,i:refund2090,refund,train,DAPP::DAppSCAN-source/contracts/consensys-PoolTogether_Pods/pods-v3-contracts-879dc8b911fc506dd6bead1f36eade919ccfea57::TokenDrop,i:claim,claim,call,balances16,ea900e3ec12ec1f2f70229d3c5a3dc76bf3773c7a64d2ec62dfc54d009047749,1
SYNTH_REENTRANCY::02091::SyntheticReentrancy02091,SyntheticReentrancy02091,i:unstake2091,unstake,train,DAPP::DAppSCAN-source/contracts/QuillAudits-Algovest/AlgoVestStaking0x090e69e7F48AFC059e480F297042DEA396B971e7::AlgoVestStaking,i:AVSTokenDonation,AVSTokenDonation,transfer,credits0,0a3d8fcf31aa365d3673c15c558f7bd4dc4027c3439d93368dc35e4a6759c5a6,1
SYNTH_REENTRANCY::02092::SyntheticReentrancy02092,SyntheticReentrancy02092,i:redeem2092,redeem,train,DAPP::DAppSCAN-source/contracts/PeckShield-DSG/core-6f607f77698936e132e4e9b5cb4d75580636d919::NftEarnErc20Pool,i:slotStake,slotStake,send,pendingRewards1,ef166d011a8bc4333298a86ac29e4056e0b52a382063ca094d5ebedd246a72d1,1
SYNTH_REENTRANCY::02093::SyntheticReentrancy02093,SyntheticReentrancy02093,i:payout2093,payout,val,DAPP::DAppSCAN-source/contracts/SlowMist-Starcrazy Smart Contract Security Audit Report/starcrazy-contracts-e9e11d234ac065726e108a73dfcd5efbad26f2c5::Aliana,i:setGeneScienceAddress,setGeneScienceAddress,safeTransfer,withdrawalRequests2,1a848ffbba4b079cbb689f61782e8576edf966bf56e4f8db6590e4288cc604ae,1
SYNTH_REENTRANCY::02094::SyntheticReentrancy02094,SyntheticReentrancy02094,i:release2094,release,train,DAPP::DAppSCAN-source/contracts/Hacken-Ground Zero/code::IDO,i:claim,claim,transfer,shares3,4b8d01c00ea5bfd1cc489126badf7106d0f493bcc624b520c711dcd07df4422f,1
SYNTH_REENTRANCY::02095::SyntheticReentrancy02095,SyntheticReentrancy02095,i:exit2095,exit,train,FORGE::vfp_00189::Box,i:allocate,allocate,call,stakes4,005c1603d373dd699a4d209cf22474ea0fc99ba9823c3a43dae85b00fa7a2c97,1
SYNTH_REENTRANCY::02096::SyntheticReentrancy02096,SyntheticReentrancy02096,i:claim2096,claim,train,FORGE::vfp_00116::L1Mailbox,i:getMsg,getMsg,transfer,claims5,5cd2a0e5d830d96cdbb362766ba4e6a1d4759952745034db64d4f958b1f21a4d,1
SYNTH_REENTRANCY::02097::SyntheticReentrancy02097,SyntheticReentrancy02097,i:settle2097,settle,train,DAPP::DAppSCAN-source/contracts/consensys-PoolTogether_Pods/pods-v3-contracts-879dc8b911fc506dd6bead1f36eade919ccfea57::Pod,i:depositTo,depositTo,send,escrowed6,f23b345d580a86f0920fd404ebb7cd48a97484f420916552f86f5bd9ea77b2a3,1
SYNTH_REENTRANCY::02098::SyntheticReentrancy02098,SyntheticReentrancy02098,i:collect2098,collect,test,FORGE::vfp_00058::LikwidMarginPosition,i:_margin,_margin,safeTransfer,payouts7,ff9f3b8f12105ba16a40176ea8c5e5c0c7edeb96a606f79b0d0eb68ffb42f49f,1
SYNTH_REENTRANCY::02099::SyntheticReentrancy02099,SyntheticReentrancy02099,i:harvest2099,harvest,train,DAPP::DAppSCAN-source/contracts/PeckShield-BNPL/BNPL-0ee587a081668dcab166a3a275b8a6c4794ead4d::BankingNode,i:collectFees,collectFees,transfer,positions8,b095141b3aba6a0b89dc885598e3e4916d597f2ab250936fb2c6efe0a973bbdc,1
SYNTH_REENTRANCY::02100::SyntheticReentrancy02100,SyntheticReentrancy02100,i:withdraw2100,withdraw,train,FORGE::vfp_00190::BoxAdapterCached,i:updateTotalAssets,updateTotalAssets,call,balances9,a228382ac9c875b940c1588497f1c8e8a0db53f35ee34f5c03bb255c73b44f82,1
SYNTH_REENTRANCY::02101::SyntheticReentrancy02101,SyntheticReentrancy02101,i:claimReward2101,claimReward,val,DAPP::DAppSCAN-source/contracts/QuillAudits-GearBox Protocol-GearBox Protocol/gearbox-contracts-0ac33ba87212ce056ac6b6357ad74161d417158a::WETHGateway,i:repayCreditAccountETH,repayCreditAccountETH,transfer,credits10,21b50e5bd21358289831478e9c7ba66fcc2a76275287a136d0449913d851807e,1
SYNTH_REENTRANCY::02102::SyntheticReentrancy02102,SyntheticReentrancy02102,i:refund2102,refund,train,FORGE::vfp_00221::LimitOrderHook,i:_handleCancelCallback,_handleCancelCallback,send,pendingRewards11,2f0e727177d805b8e6b13d42c440227c6caad4ccf2ac28282b4cc0cce7cc8483,1
SYNTH_REENTRANCY::02103::SyntheticReentrancy02103,SyntheticReentrancy02103,i:unstake2103,unstake,train,DAPP::DAppSCAN-source/contracts/PeckShield-COIN98/code::C98MSiG,i:vote,vote,safeTransfer,withdrawalRequests12,dea8cacb52c0e2f9c4f20b828ab2c0070d3ec873ef77461b35c1528409076f46,1
SYNTH_REENTRANCY::02104::SyntheticReentrancy02104,SyntheticReentrancy02104,i:redeem2104,redeem,val,FORGE::vfp_00289::BasketToken,i:proRataRedeem,proRataRedeem,transfer,shares13,67001e81a942330d09d992e46cb814f8ac9c5d4afbc0a3e0af05c648ec57beee,1
SYNTH_REENTRANCY::02105::SyntheticReentrancy02105,SyntheticReentrancy02105,i:payout2105,payout,train,DAPP::DAppSCAN-source/contracts/QuillAudits-Yearn Finance-Yearn Protocol V1/yearn-protocol-9ff0dc0ea73642c529383d0675930a41bf033295::yWETH,i:withdrawETH,withdrawETH,call,stakes14,85594fed14f6253d413f9f65c405985e70b9e277f218c2118e11ad237b6443d2,1
SYNTH_REENTRANCY::02106::SyntheticReentrancy02106,SyntheticReentrancy02106,i:release2106,release,test,"DAPP::DAppSCAN-source/contracts/Coinfabrik-MintingFactoryV2, BaseUpgradableMarketplace & KODAV3UpgradableGatedMarketplace/known-origin-contracts-v3-d592c5f4fa4e0b6fc65a1fce43e302706aedf607::MintingFactoryV2",i:mintBatchEdition,mintBatchEdition,transfer,claims15,020061971beb95e9ddacb943eb1ec85d9910ec92a96492d1c0ca0d3a1c248d2e,1
SYNTH_REENTRANCY::02107::SyntheticReentrancy02107,SyntheticReentrancy02107,i:exit2107,exit,train,DAPP::DAppSCAN-source/contracts/Coinbae-Pud.Fi Masterchef_Audit/MasterChef0x15Bee180BB39eE5c0166E63313C33984376930Db::MasterChef,i:safePudTransfer,safePudTransfer,send,escrowed16,f63932d59c62c65a1ee8b2e9b7d1e0f2574564172de10d75ff0768da15d90f3a,1
SYNTH_REENTRANCY::02108::SyntheticReentrancy02108,SyntheticReentrancy02108,i:claim2108,claim,train,DAPP::DAppSCAN-source/contracts/Coinbae-TapCoins_Token_Contract/code::UpgradeableToken,i:setUpgradeAgent,setUpgradeAgent,safeTransfer,payouts0,47703dbf9caca946ad9f934a853119c9f79ff6997de25c787398f363fac0e61b,1
SYNTH_REENTRANCY::02109::SyntheticReentrancy02109,SyntheticReentrancy02109,i:settle2109,settle,train,DAPP::DAppSCAN-source/contracts/consensys-PoolTogether_Sushi_and_Yearn_V2_Yield_Sources/pooltogether-yearnv2-yield-source-a34857f1555908a6263d2ebd189f0cb40e1858da::YearnV2YieldSource,i:supplyTokenTo,supplyTokenTo,transfer,positions1,c7c126321c79aed1e3a02bb091526757e5f73216d3eadc7dc49085e57e081d66,1
SYNTH_REENTRANCY::02110::SyntheticReentrancy02110,SyntheticReentrancy02110,i:collect2110,collect,train,FORGE::vfp_00189::Box,i:reallocate,reallocate,call,balances2,2f0e2c7a813ea46104226ba2dcc3491149700fc5134ba8801bf90f4dd8eaf382,1
SYNTH_REENTRANCY::02111::SyntheticReentrancy02111,SyntheticReentrancy02111,i:harvest2111,harvest,train,DAPP::DAppSCAN-source/contracts/openzeppelin-Endaoment/endaoment-contracts-f60aa253d3d869ad6460877f23e6092acb313add::Fund,i:finalizeGrant,finalizeGrant,transfer,credits3,116f5da97545aab770beb37ffa870680054196cd9c40527d7b22aaa5dcbe0f46,1
SYNTH_REENTRANCY::02112::SyntheticReentrancy02112,SyntheticReentrancy02112,i:withdraw2112,withdraw,train,DAPP::DAppSCAN-source/contracts/PeckShield-KaoyaSwap/contracts-8273073f1d6914f372790399378f177573c52e37::MasterChef,i:deposit,deposit,send,pendingRewards4,897cbcb21297c4786955b54e73fb609106dbe401f57d39443d74a60d5bb318e3,1
SYNTH_REENTRANCY::02113::SyntheticReentrancy02113,SyntheticReentrancy02113,i:claimReward2113,claimReward,train,DAPP::DAppSCAN-source/contracts/QuillAudits-BCUBE Smart Contract/b-cube-ico-13f9f8a991a65f3e0ca60a2078121fdd5a921fb0::BCubePublicSale,i:buyBcubeUsingUSDT,buyBcubeUsingUSDT,safeTransfer,withdrawalRequests5,f9874656b711ec166d4c69666857ab01286ffe272c91ad8a492c0e4d52e59398,1
SYNTH_REENTRANCY::02114::SyntheticReentrancy02114,SyntheticReentrancy02114,i:refund2114,refund,test,FORGE::vfp_00288::DelegationMetaSwapAdapter,i:swapTokens,swapTokens,transfer,shares6,5a11e45cb71287f30ebbb56eff27aac4ac6a81fc44c7e6da100caf0a18f76290,1
SYNTH_REENTRANCY::02115::SyntheticReentrancy02115,SyntheticReentrancy02115,i:unstake2115,unstake,test,FORGE::vfp_00260::Router_Adapter,i:relayMessage,relayMessage,call,stakes7,90975e869d7519ed2eadd2f1a4df44cde0534a55ead9024a24461caacf5efce9,1
SYNTH_REENTRANCY::02116::SyntheticReentrancy02116,SyntheticReentrancy02116,i:redeem2116,redeem,train,FORGE::vfp_00189::Box,i:flash,flash,transfer,claims8,94852162ef4e3b79fcf4b7bda5c31e7633ec0d2edf858a06c47451a6efe4372d,1
SYNTH_REENTRANCY::02117::SyntheticReentrancy02117,SyntheticReentrancy02117,i:payout2117,payout,val,DAPP::DAppSCAN-source/contracts/QuillAudits-GearBox Protocol-GearBox Protocol/gearbox-contracts-0ac33ba87212ce056ac6b6357ad74161d417158a::YearnAdapter,i:_deposit,_deposit,send,escrowed9,072e48e6be5ec548b82722202d92884cc00c5b581d313bc3b615898531684c81,1
SYNTH_REENTRANCY::02118::SyntheticReentrancy02118,SyntheticReentrancy02118,i:release2118,release,test,DAPP::DAppSCAN-source/contracts/ImmuneBytes-Bird Money-Final Audit Report/bird-farm-contracts-dfd2502b73c8f54c9081682c3eb070fcd3c00629::MasterChef,i:withdraw,withdraw,safeTransfer,payouts10,4656e721cf716a03b496b156b72fd9b6d54541a5f126de00535d1381d7a536c6,1
SYNTH_REENTRANCY::02119::SyntheticReentrancy02119,SyntheticReentrancy02119,i:exit2119,exit,train,DAPP::DAppSCAN-source/contracts/consensys-Gamma/hypervisor-41fd4abf79864478523e87924d4e80d80df04879::Hypervisor,i:withdraw,withdraw,transfer,positions11,26120173e2d68ed60b59bdc7c7686847f197fceeac9068d0305dffebe337eb8b,1
SYNTH_REENTRANCY::02120::SyntheticReentrancy02120,SyntheticReentrancy02120,i:claim2120,claim,val,DAPP::DAppSCAN-source/contracts/QuillAudits-GearBox Protocol-GearBox Protocol/gearbox-contracts-0ac33ba87212ce056ac6b6357ad74161d417158a::CurveV1Adapter,i:exchange,exchange,call,balances12,6bbf87a88f0991a283d2360f4cb27b8054c9b0069310bc557d39119c70a1ca54,1
SYNTH_REENTRANCY::02121::SyntheticReentrancy02121,SyntheticReentrancy02121,i:settle2121,settle,train,DAPP::DAppSCAN-source/contracts/Coinbae-Pud.Fi Masterchef_Audit/MasterChef0x15Bee180BB39eE5c0166E63313C33984376930Db::MasterChef,i:balance,balance,transfer,credits13,26525c02457adee368318f29b3d2ea1fb365ce7e45a0c69375940d101b9c3bfd,1
SYNTH_REENTRANCY::02122::SyntheticReentrancy02122,SyntheticReentrancy02122,i:collect2122,collect,test,FORGE::vfp_00058::LikwidMarginPosition,i:modify,modify,send,pendingRewards14,f1d68fbadfe1fb73ed0278edeccf12a727491ef4cc5975fc76805de903b953e6,1
SYNTH_REENTRANCY::02123::SyntheticReentrancy02123,SyntheticReentrancy02123,i:harvest2123,harvest,train,DAPP::DAppSCAN-source/contracts/PeckShield-BabySwap/code::HoldStake,i:addPool,addPool,safeTransfer,withdrawalRequests15,38b38b479d02ee485066907981f866fe6c16e5ddc6e422527f91f177c6790456,1
SYNTH_REENTRANCY::02124::SyntheticReentrancy02124,SyntheticReentrancy02124,i:withdraw2124,withdraw,train,DAPP::DAppSCAN-source/contracts/PeckShield-Holdefi/Holdefi-5a1e6e0d582120142e8a531f6806eba6665ef2f4::Holdefi,i:repayBorrowInternal,repayBorrowInternal,transfer,shares16,d79332c16912532f94f5117a7ce7fc517ce9a8aa756bd8eb805ebb9717539881,1
SYNTH_REENTRANCY::02125::SyntheticReentrancy02125,SyntheticReentrancy02125,i:claimReward2125,claimReward,val,DAPP::DAppSCAN-source/contracts/Trail_of_Bits-OriginDollar/origin-dollar-81431fd3b2aa4c518ffc389844f9708c00b516f0::VaultCore,i:rebase,rebase,call,stakes0,f6e9c2d6a07f206279ff10b553761259538bc95016adb336841eea9e032c48d5,1
SYNTH_REENTRANCY::02126::SyntheticReentrancy02126,SyntheticReentrancy02126,i:refund2126,refund,test,DAPP::DAppSCAN-source/contracts/PeckShield-DarkCrypto/darkcrypto-contracts-fee5be8d36459aebed2b84e6493875b3dc0366fd::SkyRewardPool,i:withdraw,withdraw,transfer,claims1,9d749827621e9b19a5cee1c8b452581051985489acffb8fe3a84dbedd7874ff8,1
SYNTH_REENTRANCY::02127::SyntheticReentrancy02127,SyntheticReentrancy02127,i:unstake2127,unstake,train,DAPP::DAppSCAN-source/contracts/Hacken-Ground Zero/code::IDO,i:claimTheInvestments,claimTheInvestments,send,escrowed2,56301501c27dda5319502acf3954e9e722ca2a241bbb7fd83b17b0cc89666400,1
SYNTH_REENTRANCY::02128::SyntheticReentrancy02128,SyntheticReentrancy02128,i:redeem2128,redeem,val,DAPP::DAppSCAN-source/contracts/Runtime_Vеrification-ElementFinance/elf-contracts-637c6f959315cbb11a164555e588520c7d89122b::YVaultAssetProxy,i:reserveDeposit,reserveDeposit,safeTransfer,payouts3,9b08f3d9aede4cba5f774918023a6bad75d99dfab4468da90dcd6aa5253a8b40,1
SYNTH_REENTRANCY::02129::SyntheticReentrancy02129,SyntheticReentrancy02129,i:payout2129,payout,test,DAPP::DAppSCAN-source/contracts/ImmuneBytes-Bird Money(MasterChef)-Audit Report/bird-farm-contracts-dfd2502b73c8f54c9081682c3eb070fcd3c00629::MasterChef,i:deposit,deposit,transfer,positions4,6f8a40d4e9469ae16c807f09b198a0bb3fe44474eb99efa2bf32078fe1421d00,1
SYNTH_REENTRANCY::02130::SyntheticReentrancy02130,SyntheticReentrancy02130,i:release2130,release,train,DAPP::DAppSCAN-source/contracts/PeckShield-MilkySwap/milkyswap-59f163e9959cf8bae4a521a9648219b553312e07::MasterMilker,i:emergencyWithdraw,emergencyWithdraw,call,balances5,2683090a99a8fb00ebd45776abe039f51e48667fb4325f22242b9b62e72b9413,1
SYNTH_REENTRANCY::02131::SyntheticReentrancy02131,SyntheticReentrancy02131,i:exit2131,exit,train,DAPP::DAppSCAN-source/contracts/Coinbae-Pud.Fi Masterchef_Audit/MasterChef0x15Bee180BB39eE5c0166E63313C33984376930Db::MasterChef,i:setPoolStrategy,setPoolStrategy,transfer,credits6,e5d72f21cc71ea536a46b8040ef522375186518ebe0f74be966eae46b1f725c1,1
SYNTH_REENTRANCY::02132::SyntheticReentrancy02132,SyntheticReentrancy02132,i:claim2132,claim,train,DAPP::DAppSCAN-source/contracts/Runtime_Vеrification-Element_Finance_Governance_Security_Audit_Report/council-3d751c959b42573c78ccd0bccbc80424bf6d9a90::CoreVoting,i:execute,execute,send,pendingRewards7,be646f3204c51d347c4a7abb576e3b0b06eccfa6c8cf336288b35f440beeca3f,1
SYNTH_REENTRANCY::02133::SyntheticReentrancy02133,SyntheticReentrancy02133,i:settle2133,settle,val,DAPP::DAppSCAN-source/contracts/QuillAudits-GearBox Protocol-GearBox Protocol/gearbox-contracts-0ac33ba87212ce056ac6b6357ad74161d417158a::WETHGateway,i:addLiquidityETH,addLiquidityETH,safeTransfer,withdrawalRequests8,3c7a81772687ceb47c9674a2ccd1d999df3b5380aa05f6c42b18067a8797fc5a,1
SYNTH_REENTRANCY::02134::SyntheticReentrancy02134,SyntheticReentrancy02134,i:collect2134,collect,train,DAPP::DAppSCAN-source/contracts/PeckShield-Atlantis/atlantis-protocol-bsc-766acebba9316eced1c15abf6158b31f470a947f::AToken,i:borrowFresh,borrowFresh,transfer,shares9,c3af0ad144741cf0791b7b1d73b31b44bcdd51782c89e4367fbe3a46ad3b540e,1
SYNTH_REENTRANCY::02135::SyntheticReentrancy02135,SyntheticReentrancy02135,i:harvest2135,harvest,train,FORGE::vfp_00088::EnjoyoorsVaultWithdrawals,i:_claimWithdrawal,_claimWithdrawal,call,stakes10,cac8677c360571375a71ba13e025c1dc2f5e4051c1f3ab027642ffe09767b917,1
SYNTH_REENTRANCY::02136::SyntheticReentrancy02136,SyntheticReentrancy02136,i:withdraw2136,withdraw,test,FORGE::vfp_00126::SpokePool,i:_setOftMessenger,_setOftMessenger,transfer,claims11,d7549764186d78f36ad278c49ae5be86fee9f77f7c13ad591da10ad216fdc466,1
SYNTH_REENTRANCY::02137::SyntheticReentrancy02137,SyntheticReentrancy02137,i:claimReward2137,claimReward,train,DAPP::DAppSCAN-source/contracts/QuillAudits-Yearn Finance-Yearn Protocol V1/yearn-protocol-9ff0dc0ea73642c529383d0675930a41bf033295::yDelegatedVault,i:claimInsurance,claimInsurance,send,escrowed12,ccd458c244d3dc97fc82c6e08266b0e677475c309522782c022b0e59aefa44ed,1
SYNTH_REENTRANCY::02138::SyntheticReentrancy02138,SyntheticReentrancy02138,i:refund2138,refund,train,DAPP::DAppSCAN-source/contracts/PeckShield-SushiSwap/sushiswap-180bc9b642bba79c1ee4a63f71a3a0d36e64aa63::MasterChef,i:withdraw,withdraw,safeTransfer,payouts13,2cf1c0db37237d7934ca5f7f82ff8d8aaaf9a6a6d6885c75c180309cf0260923,1
SYNTH_REENTRANCY::02139::SyntheticReentrancy02139,SyntheticReentrancy02139,i:unstake2139,unstake,train,FORGE::vfp_00221::LimitOrderHook,i:_handlePlaceCallback,_handlePlaceCallback,transfer,positions14,a78bb12be1569e67a950aa4c792a41c33d80aea832667473794f407a78461147,1
SYNTH_REENTRANCY::02140::SyntheticReentrancy02140,SyntheticReentrancy02140,i:redeem2140,redeem,train,DAPP::DAppSCAN-source/contracts/QuillAudits-Keep3r.Network-Keep3r.Network/StakingRewardsV3-13ecc6966ae1a413f62224382bfd4d64b1a22351::StakingRewardsV3,i:deposit,deposit,call,balances15,a59292047ee88f2fbb8a572f613992dfbc56bfa8b0e5446c8ed28b2883227e9d,1
SYNTH_REENTRANCY::02141::SyntheticReentrancy02141,SyntheticReentrancy02141,i:payout2141,payout,val,DAPP::DAppSCAN-source/contracts/Trail_of_Bits-OriginDollar/origin-dollar-81431fd3b2aa4c518ffc389844f9708c00b516f0::VaultCore,i:_allocate,_allocate,transfer,credits16,2bc129b44af82a707639d5616f9f8585a5399832c6670e720536fb89ca72403b,1
SYNTH_REENTRANCY::02142::SyntheticReentrancy02142,SyntheticReentrancy02142,i:release2142,release,train,DAPP::DAppSCAN-source/contracts/Coinbae-Pud.Fi Masterchef_Audit/MasterChef0x15Bee180BB39eE5c0166E63313C33984376930Db::MasterChef,i:withdraw,withdraw,send,pendingRewards0,2b3b265ce0ce1446a612fc4c48dde72a2d87511042584ec1e859ee92aae77396,1
SYNTH_REENTRANCY::02143::SyntheticReentrancy02143,SyntheticReentrancy02143,i:exit2143,exit,train,DAPP::DAppSCAN-source/contracts/Coinbae-Pud.Fi Masterchef_Audit/MasterChef0x15Bee180BB39eE5c0166E63313C33984376930Db::MasterChef,i:add,add,safeTransfer,withdrawalRequests1,cf441ae0a9af1e071bfb8326f2b914dd21f9bd0aa6a37ea7dd4eb3467d020827,1
SYNTH_REENTRANCY::02144::SyntheticReentrancy02144,SyntheticReentrancy02144,i:claim2144,claim,train,DAPP::DAppSCAN-source/contracts/PeckShield-DSG/core-6f607f77698936e132e4e9b5cb4d75580636d919::SinglePool,i:emergencyWithdraw,emergencyWithdraw,transfer,shares2,bff5e373044266a52faba59d36fcad4e3544d477c4b0f1bd7083da753f1f4486,1
SYNTH_REENTRANCY::02145::SyntheticReentrancy02145,SyntheticReentrancy02145,i:settle2145,settle,test,DAPP::DAppSCAN-source/contracts/BlockSec-blocksec_impossible_finance_swap_v1.2/impossible-swap-core-29aaef89f996acdbee92b67c4d95fb608dc8b876::ImpossibleWrappedToken,i:deposit,deposit,call,stakes3,e692a282922a4fae5ecb4df96423f3cd3924207657e1a8e997539e4e658e06b7,1
SYNTH_REENTRANCY::02146::SyntheticReentrancy02146,SyntheticReentrancy02146,i:collect2146,collect,train,DAPP::DAppSCAN-source/contracts/consensys-Connext NXTP — Noncustodial Xchain Transfer Protocol/nxtp-0656436d654cfe0313fa3c2bbc81aa86232ade16::TransactionManager,i:removeLiquidity,removeLiquidity,transfer,claims4,6c314ec1ff63d123e2b518d5c02576ba40c45677ccca0881a0b10df2e41f22d2,1
SYNTH_REENTRANCY::02147::SyntheticReentrancy02147,SyntheticReentrancy02147,i:harvest2147,harvest,train,DAPP::DAppSCAN-source/contracts/PeckShield-DSG/core-6f607f77698936e132e4e9b5cb4d75580636d919::GovernorV1,i:propose,propose,send,escrowed5,815d1a30bf902b3c86e050e9411f3526207b4ee452df65c5fae9405daa684662,1
SYNTH_REENTRANCY::02148::SyntheticReentrancy02148,SyntheticReentrancy02148,i:withdraw2148,withdraw,train,DAPP::DAppSCAN-source/contracts/QuillAudits-Yearn Finance-Yearn Protocol V1/yearn-protocol-9ff0dc0ea73642c529383d0675930a41bf033295::yWETH,i:depositETH,depositETH,safeTransfer,payouts6,119511abf3346877a43669cb02712394f090e34fa724d0d3143908e38934a1c0,1
SYNTH_REENTRANCY::02149::SyntheticReentrancy02149,SyntheticReentrancy02149,i:claimReward2149,claimReward,train,DAPP::DAppSCAN-source/contracts/PeckShield-ShibaNova/Contracts-b6b1ce1fcaff83d360df8944309f49958842b7b8::MasterShiba,i:withdraw,withdraw,transfer,positions7,c3daaf346a3fbb86d9f0cc8a35bb05868ece345cefc3541dea4abdef9e231188,1
SYNTH_REENTRANCY::02150::SyntheticReentrancy02150,SyntheticReentrancy02150,i:refund2150,refund,train,FORGE::vfp_00221::LimitOrderHook,i:cancelOrder,cancelOrder,call,balances8,542d04b5f0f4481a2073e5dff3a2f20eb6d4abba7010604b9591299bc52ba141,1
SYNTH_REENTRANCY::02151::SyntheticReentrancy02151,SyntheticReentrancy02151,i:unstake2151,unstake,train,DAPP::DAppSCAN-source/contracts/PeckShield-PikaPerpV2/PikaPerpV2-4a0965ff90ed099b7e2d3e8dda47cd589ee8e3a2::PikaPerpV2,i:closePositionWithId,closePositionWithId,transfer,credits9,4bf9a5f62ce82ce4b1c20d32c9128d23c5ebc9539044ff09f4c198a481b137af,1
SYNTH_REENTRANCY::02152::SyntheticReentrancy02152,SyntheticReentrancy02152,i:redeem2152,redeem,val,DAPP::DAppSCAN-source/contracts/QuillAudits-GearBox Protocol-GearBox Protocol/gearbox-contracts-0ac33ba87212ce056ac6b6357ad74161d417158a::UniswapV3Adapter,i:exactInputSingle,exactInputSingle,send,pendingRewards10,7e87cff22d2d13543e050699e18e0a6817c018715320646c948a4b8857d86c9f,1
SYNTH_REENTRANCY::02153::SyntheticReentrancy02153,SyntheticReentrancy02153,i:payout2153,payout,val,DAPP::DAppSCAN-source/contracts/QuillAudits-GearBox Protocol-GearBox Protocol/gearbox-contracts-0ac33ba87212ce056ac6b6357ad74161d417158a::PoolService,i:lendCreditAccount,lendCreditAccount,safeTransfer,withdrawalRequests11,3289c80702350c3855825dc2be9014ce70a78ac4ef31e59c942f1dd95229e027,1
SYNTH_REENTRANCY::02154::SyntheticReentrancy02154,SyntheticReentrancy02154,i:release2154,release,val,DAPP::DAppSCAN-source/contracts/SlowMist-Starcrazy Smart Contract Security Audit Report/starcrazy-contracts-e9e11d234ac065726e108a73dfcd5efbad26f2c5::ClockAuctionBase,i:setGeneScienceAddress,setGeneScienceAddress,transfer,shares12,886531285e3cfe49e6ed97ad24e57dd4272f897c715b372a8cf8770fc2818d15,1
SYNTH_REENTRANCY::02155::SyntheticReentrancy02155,SyntheticReentrancy02155,i:exit2155,exit,val,DAPP::DAppSCAN-source/contracts/QuillAudits-GearBox Protocol-GearBox Protocol/gearbox-contracts-0ac33ba87212ce056ac6b6357ad74161d417158a::UniswapV2Adapter,i:swapTokensForExactTokens,swapTokensForExactTokens,call,stakes13,bc305e1b4b6d624e286857bdd7fe49ab8f15eb5345670fe324976737038fae8e,1
SYNTH_REENTRANCY::02156::SyntheticReentrancy02156,SyntheticReentrancy02156,i:claim2156,claim,val,DAPP::DAppSCAN-source/contracts/PeckShield-TranchessV1.1/contract-core-68a86350313c1cb9e5467e791d3e9efaf228a0df::StakingV2,i:deposit,deposit,transfer,claims14,f369b5e3036b70412d52558d1dfd8a57c187b3676b1b334f860a9fd21f5c99cd,1
SYNTH_REENTRANCY::02157::SyntheticReentrancy02157,SyntheticReentrancy02157,i:settle2157,settle,train,FORGE::vfp_00224::OidcRecoveryValidator,i:startRecovery,startRecovery,send,escrowed15,410c5ee0f1bb0babf6d36887260a02a02904f8ca5c0d0ce02336ad3745d2fa34,1
SYNTH_REENTRANCY::02158::SyntheticReentrancy02158,SyntheticReentrancy02158,i:collect2158,collect,train,DAPP::DAppSCAN-source/contracts/QuillAudits-1inch-Fixed Rate Swap/fixed-rate-swap-0b5a75e9f56e7d21c290dd28c59dc140dcbcc1d5::FixedRateSwap,i:depositFor,depositFor,safeTransfer,payouts16,81141d9e71a7fb25a0b9c647e2127148942a52b6f38223700c6b71960a65ee57,1
SYNTH_REENTRANCY::02159::SyntheticReentrancy02159,SyntheticReentrancy02159,i:harvest2159,harvest,train,DAPP::DAppSCAN-source/contracts/PeckShield-Holdefi/Holdefi-5a1e6e0d582120142e8a531f6806eba6665ef2f4::HoldefiSettings,i:setHoldefiContract,setHoldefiContract,transfer,positions0,a615288a1fe5ceaef53c955197f0faa0d0217f4825e1cbb772ae5dc547ebd17b,1
SYNTH_REENTRANCY::02160::SyntheticReentrancy02160,SyntheticReentrancy02160,i:withdraw2160,withdraw,train,DAPP::DAppSCAN-source/contracts/Chainsecurity-Compound  cToken unredacted/compound-protocol-4a54ec5c55b66ea67d44b76f3056f0ed7229db8c::Comptroller,i:liquidateBorrowAllowed,liquidateBorrowAllowed,call,balances1,aeab3794d9759659f34f5c0825612379e2f1124f239412b001b1aa51229b31cd,1
SYNTH_REENTRANCY::02161::SyntheticReentrancy02161,SyntheticReentrancy02161,i:claimReward2161,claimReward,train,DAPP::DAppSCAN-source/contracts/openzeppelin-Optimism/contracts-18e128343731b9bde23812ce932e24d81440b6b7::OVM_StateTransitioner,i:applyTransaction,applyTransaction,transfer,credits2,dac274c91593126238d94f49f0a345cf4f91d92cafe17171d73f903b8c3c111d,1
SYNTH_REENTRANCY::02162::SyntheticReentrancy02162,SyntheticReentrancy02162,i:refund2162,refund,val,DAPP::DAppSCAN-source/contracts/QuillAudits-GearBox Protocol-GearBox Protocol/gearbox-contracts-0ac33ba87212ce056ac6b6357ad74161d417158a::YearnAdapter,i:withdraw,withdraw,send,pendingRewards3,c2e802913b17d69ae16ebb4d5e3bedbe7113d311790a83995fd122b09af3946f,1
SYNTH_REENTRANCY::02163::SyntheticReentrancy02163,SyntheticReentrancy02163,i:unstake2163,unstake,train,DAPP::DAppSCAN-source/contracts/QuillAudits-Abyss Finance-Abyss Eth2 Depositor/abyss-eth2depositor-a2d58dea4d79846dc682fe93ac3e0eca02323d11::AbyssEth2Depositor,i:deposit,deposit,safeTransfer,withdrawalRequests4,2dcd4e06a67d25c3df1f6c1b64d31d1827957f5e1fc103736e3be5c5502d81e3,1
SYNTH_REENTRANCY::02164::SyntheticReentrancy02164,SyntheticReentrancy02164,i:redeem2164,redeem,train,DAPP::DAppSCAN-source/contracts/Coinbae-Pud.Fi Masterchef_Audit/MasterChef0x15Bee180BB39eE5c0166E63313C33984376930Db::MasterChef,i:deposit,deposit,transfer,shares5,dac4db7a43b419f72cc7568a8066bc114b54b39662d210114b5c92902dce1731,1
SYNTH_REENTRANCY::02165::SyntheticReentrancy02165,SyntheticReentrancy02165,i:payout2165,payout,val,DAPP::DAppSCAN-source/contracts/SlowMist-Starcrazy Smart Contract Security Audit Report/starcrazy-contracts-e9e11d234ac065726e108a73dfcd5efbad26f2c5::AlianaSale,i:withdrawOwnerCutSale,withdrawOwnerCutSale,call,stakes6,ebafe708ca238cb965da2c099bd5890f98793eb7e6b60bc007019acb43b47647,1
SYNTH_REENTRANCY::02166::SyntheticReentrancy02166,SyntheticReentrancy02166,i:release2166,release,val,FORGE::vfp_00001::AgentImageService,i:fulfillImage,fulfillImage,transfer,claims7,b49bf3196e8f2740cbbdfb81dc58d1364dd4a7b82dada3368ede57a8e0917ee6,1
SYNTH_REENTRANCY::02167::SyntheticReentrancy02167,SyntheticReentrancy02167,i:exit2167,exit,test,FORGE::vfp_00058::LikwidMarginPosition,i:_executeAddLeverage,_executeAddLeverage,send,escrowed8,5b3b19e4eb4d3df83e26b315a5f5893fc27f0c39de89a16670c1da607f3001e9,1
SYNTH_REENTRANCY::02168::SyntheticReentrancy02168,SyntheticReentrancy02168,i:claim2168,claim,train,DAPP::DAppSCAN-source/contracts/Chainsecurity-Compound  cToken unredacted/compound-protocol-4a54ec5c55b66ea67d44b76f3056f0ed7229db8c::CToken,i:_setComptroller,_setComptroller,safeTransfer,payouts9,0c96f343c07a968445df6d41dfe155c4302a57a15b3fd6e3564da69d0755d00e,1
SYNTH_REENTRANCY::02169::SyntheticReentrancy02169,SyntheticReentrancy02169,i:settle2169,settle,val,DAPP::DAppSCAN-source/contracts/Trail_of_Bits-OriginDollar/origin-dollar-81431fd3b2aa4c518ffc389844f9708c00b516f0::VaultCore,i:_redeem,_redeem,transfer,positions10,8b90c36b7867c769c57b8539f61dfc5fed72194880e49d31770d4d17e95554d8,1
SYNTH_REENTRANCY::02170::SyntheticReentrancy02170,SyntheticReentrancy02170,i:collect2170,collect,val,DAPP::DAppSCAN-source/contracts/QuillAudits-GearBox Protocol-GearBox Protocol/gearbox-contracts-0ac33ba87212ce056ac6b6357ad74161d417158a::AccountFactory,i:returnCreditAccount,returnCreditAccount,call,balances11,03618c87ed83cd8c1b3a5b19dad4eacce5b8c69a3411616df118450aca263d68,1
SYNTH_REENTRANCY::02171::SyntheticReentrancy02171,SyntheticReentrancy02171,i:harvest2171,harvest,train,FORGE::vfp_00102::StopLimit,i:performUpkeep,performUpkeep,transfer,credits12,279c7e268e7969fd9ba2afeb07fbd8252684d172a9735624910127d35f3a7fa1,1
SYNTH_REENTRANCY::02172::SyntheticReentrancy02172,SyntheticReentrancy02172,i:withdraw2172,withdraw,train,FORGE::vfp_00007::Folio,i:getRebalance,getRebalance,send,pendingRewards13,cc4b3f965fc62807a4af69277b89522bfd26c6e09c34f4ae6ea5373781be9717,1
SYNTH_REENTRANCY::02173::SyntheticReentrancy02173,SyntheticReentrancy02173,i:claimReward2173,claimReward,train,DAPP::DAppSCAN-source/contracts/BlockSec-blocksec_multichain_vemult_v1.0_signed/veMULTI-bac804399d1ea280e5bd8cdc9488b6fa6a0a7fcc::ve,i:withdraw,withdraw,safeTransfer,withdrawalRequests14,283d2cac760ef4831015918b658cbd97cebc8edd043dcbc34aef25ec44c9104b,1
SYNTH_REENTRANCY::02174::SyntheticReentrancy02174,SyntheticReentrancy02174,i:refund2174,refund,val,DAPP::DAppSCAN-source/contracts/QuillAudits-GearBox Protocol-GearBox Protocol/gearbox-contracts-0ac33ba87212ce056ac6b6357ad74161d417158a::WETHGateway,i:openCreditAccountETH,openCreditAccountETH,transfer,shares15,374fe0eaae744f90a808deba52dff9e5f07a989391e807e018c83b762ddef8b7,1
SYNTH_REENTRANCY::02175::SyntheticReentrancy02175,SyntheticReentrancy02175,i:unstake2175,unstake,val,DAPP::DAppSCAN-source/contracts/QuillAudits-GearBox Protocol-GearBox Protocol/gearbox-contracts-0ac33ba87212ce056ac6b6357ad74161d417158a::UniswapV3Adapter,i:exactOutput,exactOutput,call,stakes16,809452505668aeb37c045aa7f7d0713b943d74dc27d8eba8989cd8d5c8f7af85,1
SYNTH_REENTRANCY::02176::SyntheticReentrancy02176,SyntheticReentrancy02176,i:redeem2176,redeem,val,DAPP::DAppSCAN-source/contracts/SlowMist-Starcrazy Smart Contract Security Audit Report/starcrazy-contracts-e9e11d234ac065726e108a73dfcd5efbad26f2c5::AlianaBase,i:setGeneScienceAddress,setGeneScienceAddress,transfer,claims0,cf457dec017022bb07bb4a573bfd9b47832f3430629ae6a0c5155b1cecfb64f0,1
SYNTH_REENTRANCY::02177::SyntheticReentrancy02177,SyntheticReentrancy02177,i:payout2177,payout,val,DAPP::DAppSCAN-source/contracts/SlowMist-Starcrazy Smart Contract Security Audit Report/starcrazy-contracts-e9e11d234ac065726e108a73dfcd5efbad26f2c5::AlianaOwnership,i:setGeneScienceAddress,setGeneScienceAddress,send,escrowed1,b857c0f3aa1c1f8944e17d667f75bb95528048ab1a5cd9848f46993a6f568b89,1
SYNTH_REENTRANCY::02178::SyntheticReentrancy02178,SyntheticReentrancy02178,i:release2178,release,test,DAPP::DAppSCAN-source/contracts/Hacken-Powerbomb-V1/powerbomb-lite-0f86ff1eecdd723be733a9b33ff4ffa3bbdadcee::PowerBombAvaxCurve,i:claimReward,claimReward,safeTransfer,payouts2,7342830b66449967bac7b3452c1a811fadfe0e1201617884d868e4b093b271db,1
SYNTH_REENTRANCY::02179::SyntheticReentrancy02179,SyntheticReentrancy02179,i:exit2179,exit,train,DAPP::DAppSCAN-source/contracts/QuillAudits-Alium Finance Smart Contract/alium-farm-e37d6af39af68049c2684085f025385407b4bd55::MasterChef,i:emergencyWithdraw,emergencyWithdraw,transfer,positions3,9479e435b270f91bb7d7d3428a1c982492ed62c70c67cb25061825d2664a04a7,1
SYNTH_REENTRANCY::02180::SyntheticReentrancy02180,SyntheticReentrancy02180,i:claim2180,claim,train,DAPP::DAppSCAN-source/contracts/openzeppelin-Solo_Margin_Protocol/solo-17df84db351d5438e1b7437572722b4f52c8b2b4::AdminImpl,i:_setPriceOracle,_setPriceOracle,call,balances4,57721e43f2c69ecb47c379c8b293df6581b84d5043d02965a2bfa25e9e115b89,1
SYNTH_REENTRANCY::02181::SyntheticReentrancy02181,SyntheticReentrancy02181,i:settle2181,settle,train,FORGE::vfp_00215::ScrollChainValidium,i:registerNewEncryptionKey,registerNewEncryptionKey,transfer,credits5,0e02be2a5fcb2512395d40da5bd05dda5385e66534ac6affc5a573eac8023e5d,1
SYNTH_REENTRANCY::02182::SyntheticReentrancy02182,SyntheticReentrancy02182,i:collect2182,collect,train,DAPP::DAppSCAN-source/contracts/Runtime_Vеrification-stakefish_ethereum_staking_audit_report/eth2-validation-services-contract-d91928f3a270f6115831fe3a21a69eb98bf57b26::StakefishERC721Wrapper,i:mintTo,mintTo,send,pendingRewards6,7df3ea17e6043e67ddd00eb90c9cb401685c7a3399cfd8dab09f341fef9a22e3,1
SYNTH_REENTRANCY::02183::SyntheticReentrancy02183,SyntheticReentrancy02183,i:harvest2183,harvest,val,DAPP::DAppSCAN-source/contracts/PeckShield-Tranchessv1.0/contract-core-5ac3d997da3ef37b0135565a11c5ebcc519862aa::LiquidityStaking,i:deposit,deposit,safeTransfer,withdrawalRequests7,1bc74b9229bd4d1cc310ec3686f801838f127c363b13b26c7ec823fc5f192d75,1
SYNTH_REENTRANCY::02184::SyntheticReentrancy02184,SyntheticReentrancy02184,i:withdraw2184,withdraw,train,FORGE::vfp_00209::StakingManager,i:withdraw,withdraw,transfer,shares8,b11bcc282db053d024f7a263b67ea4a62727e6208f85488a7528afdc49a83218,1
SYNTH_REENTRANCY::02185::SyntheticReentrancy02185,SyntheticReentrancy02185,i:claimReward2185,claimReward,train,DAPP::DAppSCAN-source/contracts/Trail_of_Bits-ampleforth/market-oracle-888fccaf05786f3f7f49e18ff040f911d44906f4::MarketOracle,i:getPriceAnd24HourVolume,getPriceAnd24HourVolume,call,stakes9,7c4692e874349419970e49d0d0a6ae0e062916e3c104d3e5d51b55df970ca2fe,1
SYNTH_REENTRANCY::02186::SyntheticReentrancy02186,SyntheticReentrancy02186,i:refund2186,refund,train,DAPP::DAppSCAN-source/contracts/PeckShield-Rikkei/rifi-protocol-b33243fb3a218cc195f0727fe1499cb57f5ea0b2::RToken,i:borrowFresh,borrowFresh,transfer,claims10,7a60a555880bf57ca93b2255fc715624f1c63409777c42e976cd342e77ab0e34,1
SYNTH_REENTRANCY::02187::SyntheticReentrancy02187,SyntheticReentrancy02187,i:unstake2187,unstake,train,FORGE::vfp_00007::Folio,i:startRebalance,startRebalance,send,escrowed11,fb736221209b9da2aa363f6d6a61a58ea8d19cc9b769e0004ab6003cedd78b06,1
SYNTH_REENTRANCY::02188::SyntheticReentrancy02188,SyntheticReentrancy02188,i:redeem2188,redeem,val,DAPP::DAppSCAN-source/contracts/Runtime_Vеrification-Tracer_Perpetual_Pools_V2/perpetual-pools-contracts-846bbf62652d7c83aee1cf3766275c4d08b00c8a::PoolFactory,i:deployPool,deployPool,safeTransfer,payouts12,3ef8e40e6d3ff1254aa8c5cd3ecda8e124839e5a0ae90d7ae8cfc134b777ae6b,1
SYNTH_REENTRANCY::02189::SyntheticReentrancy02189,SyntheticReentrancy02189,i:payout2189,payout,train,DAPP::DAppSCAN-source/contracts/Trail_of_Bits-FraxQ42021/frax-solidity-bd40775e283923aa9e32a107abd426430a99835e::veFXSYieldDistributorV4,i:notifyRewardAmount,notifyRewardAmount,transfer,positions13,116bc78bf13a04ac7d34ec9adbd0508dd7faefab5aac4ef85641c9e1450d4faa,1
SYNTH_REENTRANCY::02190::SyntheticReentrancy02190,SyntheticReentrancy02190,i:release2190,release,train,FORGE::vfp_00007::Folio,i:mint,mint,call,balances14,d74f6f5dbe07e6df1df46c5378840cd27a13d6828f99a3646a599e89d6bd4be2,1
SYNTH_REENTRANCY::02191::SyntheticReentrancy02191,SyntheticReentrancy02191,i:exit2191,exit,test,DAPP::DAppSCAN-source/contracts/SlowMist-ForTube2.0 Smart Contract Security Audit Report/bond-854527d0ea7ad2ddd3504b4d4ae3fcb57cb6445d::PRA,i:lock,lock,transfer,credits15,3122eb2db37b6e2ab49a84d8f0f25efa218346bd640f380a21f92de9df4af6a3,1
SYNTH_REENTRANCY::02192::SyntheticReentrancy02192,SyntheticReentrancy02192,i:claim2192,claim,train,FORGE::vfp_00007::Folio,i:distributeFees,distributeFees,send,pendingRewards16,160f16b9f94c378cb2532166c44eba7731fecce98fc101ec285c2967e1e1000a,1
SYNTH_REENTRANCY::02193::SyntheticReentrancy02193,SyntheticReentrancy02193,i:settle2193,settle,train,DAPP::DAppSCAN-source/contracts/PeckShield-BabySwap/code::MasterChef,i:withdraw,withdraw,safeTransfer,withdrawalRequests0,01f1812c4e2e631ce6e41e339952af5779830c0b0387d73a0d0a5ab77bb7866f,1
SYNTH_REENTRANCY::02194::SyntheticReentrancy02194,SyntheticReentrancy02194,i:collect2194,collect,train,DAPP::DAppSCAN-source/contracts/QuillAudits-coalichain/CoaliSC-3f0920d650467279f7ceee08776bd74ecadd3237::Main,i:createBallot,createBallot,transfer,shares1,83bbb2ea95f8dd31409a5f41909f1f54de682517660776307c1c6fbcfb726533,1
SYNTH_REENTRANCY::02195::SyntheticReentrancy02195,SyntheticReentrancy02195,i:harvest2195,harvest,val,DAPP::DAppSCAN-source/contracts/Trail_of_Bits-OriginDollar/origin-dollar-81431fd3b2aa4c518ffc389844f9708c00b516f0::VaultCore,i:mintMultiple,mintMultiple,call,stakes2,0ecc68da1d2329e7ea9e3aea78fa009a123541d6135980a84aaf771a012113e2,1
SYNTH_REENTRANCY::02196::SyntheticReentrancy02196,SyntheticReentrancy02196,i:withdraw2196,withdraw,test,DAPP::DAppSCAN-source/contracts/PepperSec-Aira-Robonomic/robonomics_contracts-cc35a91de187072214d215262d8371f0159c2498::LighthouseLib,i:withdraw,withdraw,transfer,claims3,8f01d9d1e9b5c49ceab825cf21b876164919aff137c9323ec4c064b8d2f02f9f,1
SYNTH_REENTRANCY::02197::SyntheticReentrancy02197,SyntheticReentrancy02197,i:claimReward2197,claimReward,train,DAPP::DAppSCAN-source/contracts/PeckShield-Convex_Frax/frax-cvx-platform-2f8573ee796daa022c1050b4a749bf08049c439b::StakingProxyUniV3,i:lockAdditional,lockAdditional,send,escrowed4,fa52d5756283e711894e1cacb6a798f14b5346d0082ef74128feb94324357fc6,1
SYNTH_REENTRANCY::02198::SyntheticReentrancy02198,SyntheticReentrancy02198,i:refund2198,refund,train,DAPP::DAppSCAN-source/contracts/PeckShield-CryptoHeroes/cryptoheroes-6cb0eaf8c88fdaab89d2b4c83535a189c7793001::CryptoHeroesUniverse,i:deposit,deposit,safeTransfer,payouts5,a816e6cf9de9cba931e726e598cf40edb9f181349d6918d02a8a6dfddc90a7ff,1
SYNTH_REENTRANCY::02199::SyntheticReentrancy02199,SyntheticReentrancy02199,i:unstake2199,unstake,train,DAPP::DAppSCAN-source/contracts/Chainsecurity-Angle Protocol/angle-core-46e6d32837cbe97a4af0adb693e63afa0d01fc3e::PerpetualManagerFront,i:openPerpetual,openPerpetual,transfer,positions6,7b77f6f2c9c0fa65b4b64c2c6544645f2854db2030850b086da7368e4915b28d,1
SYNTH_REENTRANCY::02200::SyntheticReentrancy02200,SyntheticReentrancy02200,i:redeem2200,redeem,train,DAPP::DAppSCAN-source/contracts/PeckShield-Hegic(v8888)/Hegic-v8888-2dcd44dc1ae07881e94d52fa618f9704bfd4ffda::HegicPool,i:provideFrom,provideFrom,call,balances7,c7798c48698376033f3d75729a08b1ee54821a403e0400635b62dffaf14ae4d2,1
SYNTH_REENTRANCY::02201::SyntheticReentrancy02201,SyntheticReentrancy02201,i:payout2201,payout,train,FORGE::vfp_00174::P2pResolvProxy,i:withdrawRESOLV,withdrawRESOLV,transfer,credits8,f6ae742e5e141165311012b39ebfed2153a470fc69d9d184a99fa08a1103fbac,1
SYNTH_REENTRANCY::02202::SyntheticReentrancy02202,SyntheticReentrancy02202,i:release2202,release,train,DAPP::DAppSCAN-source/contracts/QuillAudits-Bond Appetit-Bond Appetit/bondappetit-protocol-355180f0aca0b29d60d808f761052956b7a3a159::ProfitSplitter,i:_payToRecipients,_payToRecipients,send,pendingRewards9,e79100dff2aad5d19c60a6feb71ea732d21d18e1a424a517d5c5849a6ac4f8e0,1
SYNTH_REENTRANCY::02203::SyntheticReentrancy02203,SyntheticReentrancy02203,i:exit2203,exit,train,FORGE::vfp_00209::StakingManager,i:stake,stake,safeTransfer,withdrawalRequests10,c7d59bb6caa6933b5a9cb5db6a18861bc7053aa8dd353c423d8d3b44c9e1d577,1
SYNTH_REENTRANCY::02204::SyntheticReentrancy02204,SyntheticReentrancy02204,i:claim2204,claim,test,DAPP::DAppSCAN-source/contracts/Solidity_Finance-OKLG - Smart Contract/contracts-e167d0d742d21bcc62d7a5b770a1f0ed1cf31eca::MTGYTokenLocker,i:withdrawLockedTokens,withdrawLockedTokens,transfer,shares11,3ae0e71bbe45a64a9662c40aa0d6d898420ea972209a561df1a30168016fa454,1
SYNTH_REENTRANCY::02205::SyntheticReentrancy02205,SyntheticReentrancy02205,i:settle2205,settle,val,DAPP::DAppSCAN-source/contracts/consensys-DeFi_Saver/defisaver-v3-contracts-cb29669a84c2d6fffaf2231c0938eb407c060919::FLAaveV2,i:executeOperation,executeOperation,call,stakes12,20d0faeb1b1f7e91ef4d3be120df81b36a1dddb491c81e4db19fa46178999f93,1
SYNTH_REENTRANCY::02206::SyntheticReentrancy02206,SyntheticReentrancy02206,i:collect2206,collect,train,DAPP::DAppSCAN-source/contracts/Iosiro-1inch Exchange Staking Rewards Smart Contract Audit/liquidity-protocol-c9c8bc600e8e7897f70f84b006de601d4f4bcbe3::BaseRewards,i:getReward,getReward,transfer,claims13,d7a0baac5258995fee3fbdb54cb1d2523dae4f36f0c5ffff6b5c37ad77193f86,1
SYNTH_REENTRANCY::02207::SyntheticReentrancy02207,SyntheticReentrancy02207,i:harvest2207,harvest,train,FORGE::vfp_00102::StopLimit,i:modifyOrder,modifyOrder,send,escrowed14,95162b0e66a976db8f1e51098284f0ae7fa67310ebcd42cfb2ec03c50f4306fb,1
SYNTH_REENTRANCY::02208::SyntheticReentrancy02208,SyntheticReentrancy02208,i:withdraw2208,withdraw,val,FORGE::vfp_00001::AgentImageService,i:requestImage,requestImage,safeTransfer,payouts15,956fd2da268386233b4222300badd30fd270795ad8ca327fce5ec8b054832514,1
SYNTH_REENTRANCY::02209::SyntheticReentrancy02209,SyntheticReentrancy02209,i:claimReward2209,claimReward,train,FORGE::vfp_00189::Box,i:deallocate,deallocate,transfer,positions16,76a1df4761bf6c08abf5ce888e3c29dfeb99e3b97b2b39497e9071fb668729b6,1
SYNTH_REENTRANCY::02210::SyntheticReentrancy02210,SyntheticReentrancy02210,i:refund2210,refund,val,DAPP::DAppSCAN-source/contracts/QuillAudits-GearBox Protocol-GearBox Protocol/gearbox-contracts-0ac33ba87212ce056ac6b6357ad74161d417158a::UniswapV3Adapter,i:exactInput,exactInput,call,balances0,4df2c3abab2d3ce2c013e64d7f168a3fc135502aff2845a69f2faa506f91ef4c,1
SYNTH_REENTRANCY::02211::SyntheticReentrancy02211,SyntheticReentrancy02211,i:unstake2211,unstake,train,DAPP::DAppSCAN-source/contracts/PeckShield-StackerVC/StackerVC_VentureFund001-3cfb98b21f4731dfd62993feb7c7d1540837f59b::LPGauge,i:deposit,deposit,transfer,credits1,1899c381eaa47b2c175d7d1b068780fe017d00ac4d30e58f274a00a13aaa3661,1
SYNTH_REENTRANCY::02212::SyntheticReentrancy02212,SyntheticReentrancy02212,i:redeem2212,redeem,train,DAPP::DAppSCAN-source/contracts/consensys-Aave_Protocol_V2/aave-protocol-v2-f756f44a8d6a328cd545335e46e7128939db88c4::LendingPool,i:deposit,deposit,send,pendingRewards2,154d3bf5d74b15e9bfb7f8f2fc3a0f942131102e91370d6194e7df9509d35b53,1
SYNTH_REENTRANCY::02213::SyntheticReentrancy02213,SyntheticReentrancy02213,i:payout2213,payout,test,DAPP::DAppSCAN-source/contracts/Trail_of_Bits-Liquity/dev-f0df3efa5a5f05b205752184cfce107c5bd6e06c::BorrowerOperations,i:_moveTokensAndETHfromAdjustment,_moveTokensAndETHfromAdjustment,safeTransfer,withdrawalRequests3,fa544d1f92246b6c7ae942b5c17b5f9862dfd5826844b543b30b32fd7b9fa442,1
SYNTH_REENTRANCY::02214::SyntheticReentrancy02214,SyntheticReentrancy02214,i:release2214,release,train,DAPP::DAppSCAN-source/contracts/Coinbae-Hakka_Finance_wHakka/code::wHakka,i:stake,stake,transfer,shares4,bc7e8b4607d631ed4865cd1440e8549ca6c30a321c57e6ea9a53e4f3c7afa31f,1
SYNTH_REENTRANCY::02215::SyntheticReentrancy02215,SyntheticReentrancy02215,i:exit2215,exit,train,DAPP::DAppSCAN-source/contracts/consensys-Idle_Finance/idle-tranches-d94ee7194e8cb17db13b16c338f3e780b62f5435::IdleCDO,i:_deposit,_deposit,call,stakes5,41ffd9299d539409c9c739f1cec3a0ef0c232acef1c9651e884406633b89799b,1
SYNTH_REENTRANCY::02216::SyntheticReentrancy02216,SyntheticReentrancy02216,i:claim2216,claim,test,DAPP::DAppSCAN-source/contracts/PepperSec-Aira-Robonomic/robonomics_contracts-cc35a91de187072214d215262d8371f0159c2498::RobotLiabilityLib,i:finalize,finalize,transfer,claims6,928cbe33a2b94d455b059c76ebba0415d3c02ca3519a100bb094dc026670ad9f,1
SYNTH_REENTRANCY::02217::SyntheticReentrancy02217,SyntheticReentrancy02217,i:settle2217,settle,train,DAPP::DAppSCAN-source/contracts/Chainsulting-Furucombo-project2/trevi-b3f7fd332873321152db48c9d43fc23a60a29f1a::FountainBase,i:_depositAngel,_depositAngel,send,escrowed7,a360cc1096f35451263861f3f3224f54ebbc01ad2511ebb299386862e0f40bd0,1
SYNTH_REENTRANCY::02218::SyntheticReentrancy02218,SyntheticReentrancy02218,i:collect2218,collect,train,FORGE::vfp_00096::MarketConfigurator,i:_migrateFactoryTargets,_migrateFactoryTargets,safeTransfer,payouts8,f5103240eceb6386f688961bccec75c232435c17f4b7afa7140bb3cdbe614e2e,1
SYNTH_REENTRANCY::02219::SyntheticReentrancy02219,SyntheticReentrancy02219,i:harvest2219,harvest,train,DAPP::DAppSCAN-source/contracts/PeckShield-Buffer/code::BufferBNBOptions,i:create,create,transfer,positions9,8afa44b27d26c5bf185c7ec7ee0a26abbc8015c2117fb850dfd6016ee18501e2,1
SYNTH_REENTRANCY::02220::SyntheticReentrancy02220,SyntheticReentrancy02220,i:withdraw2220,withdraw,train,DAPP::DAppSCAN-source/contracts/consensys-Skyweaver/Skyweaver-contracts-bde0c184db6168bf86656a48b12d5747950b54d9::EternalHeroesFactory,i:_buy,_buy,call,balances10,79ba7c5972cc9a1e6ae7409f34beecd9cfaf754e1507a14f114d7e606ec34ead,1
SYNTH_REENTRANCY::02221::SyntheticReentrancy02221,SyntheticReentrancy02221,i:claimReward2221,claimReward,train,DAPP::DAppSCAN-source/contracts/consensys-Aave_Protocol_V2/aave-protocol-v2-f756f44a8d6a328cd545335e46e7128939db88c4::LendingPool,i:flashLoan,flashLoan,transfer,credits11,91c97f3f6a3c30eed5aba508b54c2173c69ec11292dc323e0275a03b6f734185,1
SYNTH_REENTRANCY::02222::SyntheticReentrancy02222,SyntheticReentrancy02222,i:refund2222,refund,train,DAPP::DAppSCAN-source/contracts/Coinbae-Barnbridge_Vault/CommunityVault0xA3C299eEE1998F45c20010276684921EBE6423D9::CommunityVault,i:setAllowance,setAllowance,send,pendingRewards12,dd1ffb299c0555c5ee62a81617971af1367b0ec114d61881e288bb1f365a40b1,1
SYNTH_REENTRANCY::02223::SyntheticReentrancy02223,SyntheticReentrancy02223,i:unstake2223,unstake,train,DAPP::DAppSCAN-source/contracts/Trail_of_Bits-MapleFinance/liquidations-35c628e5ab45fbffaab7aef43a030a98b712a94a::Liquidator,i:liquidatePortion,liquidatePortion,safeTransfer,withdrawalRequests13,e3ba583aaef91d5474668276b7419a19476ca515d9f1337c5ff15ae0dda6a43e,1
SYNTH_REENTRANCY::02224::SyntheticReentrancy02224,SyntheticReentrancy02224,i:redeem2224,redeem,test,DAPP::DAppSCAN-source/contracts/consensys-GrowthDeFi WHEAT/wheat-v1-core-8360ac0a537589bb974e8a5a169bb3e7c95d2857::Exchange,i:convertFundsFromInput,convertFundsFromInput,transfer,shares14,c2681358ca4cef5a43e8aec0336bc99aedf7e9f331e83d65aafdf48a36094a45,1
SYNTH_REENTRANCY::02225::SyntheticReentrancy02225,SyntheticReentrancy02225,i:payout2225,payout,test,DAPP::DAppSCAN-source/contracts/ImmuneBytes-Bird Money(MasterChef)-Audit Report/bird-farm-contracts-dfd2502b73c8f54c9081682c3eb070fcd3c00629::MasterChef,i:emergencyWithdraw,emergencyWithdraw,call,stakes15,846699390bd8ca843922262187afd764979ae8580c51e0410e25016ac9ee02bb,1
SYNTH_REENTRANCY::02226::SyntheticReentrancy02226,SyntheticReentrancy02226,i:release2226,release,train,"DAPP::DAppSCAN-source/contracts/Inspex-Tokens, Farm & Shop/-SpeedStar-Audit-3e39d7acf9c1aa9f3a5511c161c2035ba7d6bc1f::Staking",i:depositStable,depositStable,transfer,claims16,f426be4000a8028f6aa3bd75e9c52a881dad0deb99d2bc91f16b395806f7956e,1
SYNTH_REENTRANCY::02227::SyntheticReentrancy02227,SyntheticReentrancy02227,i:exit2227,exit,train,FORGE::vfp_00125::Aori,i:cancel,cancel,send,escrowed0,58c8f64ee7542fb86df9c10838fbe10fa8e26b900078c60efea63bac6c2b84fb,1
SYNTH_REENTRANCY::02228::SyntheticReentrancy02228,SyntheticReentrancy02228,i:claim2228,claim,train,DAPP::DAppSCAN-source/contracts/Coinbae-Hakka_Finance_wHakka/code::wHakka,i:unstake,unstake,safeTransfer,payouts1,7e72111384a6959df80633dead5a37e1666839391c87564a0ff7915638d6613f,1
SYNTH_REENTRANCY::02229::SyntheticReentrancy02229,SyntheticReentrancy02229,i:settle2229,settle,train,DAPP::DAppSCAN-source/contracts/Chainsulting-Furucombo-project2/trevi-b3f7fd332873321152db48c9d43fc23a60a29f1a::FountainBase,i:_withdrawAngel,_withdrawAngel,transfer,positions2,aee62b4882de840df53468e5473a9e17619dedbaab1bb3a6c421a7fc6c4225fd,1
SYNTH_REENTRANCY::02230::SyntheticReentrancy02230,SyntheticReentrancy02230,i:collect2230,collect,test,FORGE::vfp_00260::Router_Adapter,i:relayTokens,relayTokens,call,balances3,42da4109306ebf710b638dff4225c791a2b3495e26a458287a9a4500c9dce9a3,1
SYNTH_REENTRANCY::02231::SyntheticReentrancy02231,SyntheticReentrancy02231,i:harvest2231,harvest,train,FORGE::vfp_00215::ScrollChainValidium,i:_finalizeBundle,_finalizeBundle,transfer,credits4,2fdd626a4448d17ba0ef34d229f60ad9444183150dae21894e724507ba35c6ac,1
SYNTH_REENTRANCY::02232::SyntheticReentrancy02232,SyntheticReentrancy02232,i:withdraw2232,withdraw,train,DAPP::DAppSCAN-source/contracts/PeckShield-PlutosV1/plutos-eth-contract-0777815::PMintBurn,i:deposit,deposit,send,pendingRewards5,79d6d6cd50c0f8561ae99da275caed4c8ac1d5bcd3910a723ae8c4859ab9972c,1
SYNTH_REENTRANCY::02233::SyntheticReentrancy02233,SyntheticReentrancy02233,i:claimReward2233,claimReward,val,DAPP::DAppSCAN-source/contracts/QuillAudits-GearBox Protocol-GearBox Protocol/gearbox-contracts-0ac33ba87212ce056ac6b6357ad74161d417158a::UniswapV3Adapter,i:exactOutputSingle,exactOutputSingle,safeTransfer,withdrawalRequests6,d8f5f7f5fd31ab84f4b412b3a767037e70ca84a05d5af5236bb6feccb1319918,1
SYNTH_REENTRANCY::02234::SyntheticReentrancy02234,SyntheticReentrancy02234,i:refund2234,refund,train,DAPP::DAppSCAN-source/contracts/SlowMist-CFFv2 Smart Contract Security Audit Report/cff-contract-v2-c86bef3f13c7585f547f9cd0ca900f94664e96b7::CFVaultV2,i:withdraw,withdraw,transfer,shares7,f7ee5a68c16bd1f1807ad813a5bbb00a306fac43c697d172088c6958700c9966,1
SYNTH_REENTRANCY::02235::SyntheticReentrancy02235,SyntheticReentrancy02235,i:unstake2235,unstake,train,FORGE::vfp_00221::LimitOrderHook,i:_afterSwap,_afterSwap,call,stakes8,66b5f46c54389ad5a723f77ea1557b6e94baf788413dd8579c6bb76d1516d634,1
SYNTH_REENTRANCY::02236::SyntheticReentrancy02236,SyntheticReentrancy02236,i:redeem2236,redeem,val,DAPP::DAppSCAN-source/contracts/SlowMist-Starcrazy Smart Contract Security Audit Report/starcrazy-contracts-e9e11d234ac065726e108a73dfcd5efbad26f2c5::GFSBonus,i:withdraw,withdraw,transfer,claims9,b018fa0a50e03472460a471ecdc643a3145f44496334600c3443061a1360fce1,1
SYNTH_REENTRANCY::02237::SyntheticReentrancy02237,SyntheticReentrancy02237,i:payout2237,payout,train,DAPP::DAppSCAN-source/contracts/Coinfabrik-Woonkly Security Audit (DEX STAKE)/STAKESmartContractPreRelease-main::WOOPStake,i:processReward,processReward,send,escrowed10,7ffdc61de53057641b8cb83098512491cf734affc15b5d4bfe0eb86ba9f2d38a,1
SYNTH_REENTRANCY::02238::SyntheticReentrancy02238,SyntheticReentrancy02238,i:release2238,release,train,DAPP::DAppSCAN-source/contracts/Iosiro-SNX FlashBurn Smart Contract Audit/flashburn-3aa02a3d63d9e0110a5b6669a4a4011ceee3cf2b::SNXFlashLoanTool,i:swap,swap,safeTransfer,payouts11,3fada381713ec7d792b5eec574922435cf3a81ba22c2321c4125c5e05cf4ba01,1
SYNTH_REENTRANCY::02239::SyntheticReentrancy02239,SyntheticReentrancy02239,i:exit2239,exit,train,FORGE::vfp_00174::P2pResolvProxy,i:initiateWithdrawalRESOLVAccruedRewards,initiateWithdrawalRESOLVAccruedRewards,transfer,positions12,6a5daab1b8c63f8cda60ef99b484a6be4fe46bd70f94808dc8e4c4210819d77f,1
SYNTH_REENTRANCY::02240::SyntheticReentrancy02240,SyntheticReentrancy02240,i:claim2240,claim,train,DAPP::DAppSCAN-source/contracts/consensys-Gamma/hypervisor-41fd4abf79864478523e87924d4e80d80df04879::UniProxy,i:deposit,deposit,call,balances13,340b673c86d83a1cd5f1efc7c9e286d2e328b67e6df9f0d9b9b9f8f6f0781d94,1
SYNTH_REENTRANCY::02241::SyntheticReentrancy02241,SyntheticReentrancy02241,i:settle2241,settle,train,FORGE::vfp_00175::P2pYieldProxy,i:_withdraw,_withdraw,transfer,credits14,6ecab22c78a386ccad73d5a7090ffea6269abd0c1f1d2c9bd0e3e9ae807c84d3,1
SYNTH_REENTRANCY::02242::SyntheticReentrancy02242,SyntheticReentrancy02242,i:collect2242,collect,val,FORGE::vfp_00001::AgentImageService,i:requestRefund,requestRefund,send,pendingRewards15,0ceaff179afff8908b8833dbb4fefdf44ab2f40573b44bb55080f80f71775187,1
SYNTH_REENTRANCY::02243::SyntheticReentrancy02243,SyntheticReentrancy02243,i:harvest2243,harvest,val,DAPP::DAppSCAN-source/contracts/SlowMist-Starcrazy Smart Contract Security Audit Report/starcrazy-contracts-e9e11d234ac065726e108a73dfcd5efbad26f2c5::Auction,i:setGeneScienceAddress,setGeneScienceAddress,safeTransfer,withdrawalRequests16,5de00fb27857b7f73b94211d02605a109b5db9ccec77491a9ad166c13e7fe8a1,1
SYNTH_REENTRANCY::02244::SyntheticReentrancy02244,SyntheticReentrancy02244,i:withdraw2244,withdraw,train,DAPP::DAppSCAN-source/contracts/QuillAudits-1inch-Limit Order Protocol/limit-order-protocol-a14bde6a260458de5083cee117d734221e1cbc05::LimitOrderProtocol,i:fillOrderTo,fillOrderTo,transfer,shares0,c40d17e0bfcb3087e5f89e17d7e5c30cfbdcdb13c34e577543b276eac9276ce9,1
SYNTH_REENTRANCY::02245::SyntheticReentrancy02245,SyntheticReentrancy02245,i:claimReward2245,claimReward,val,DAPP::DAppSCAN-source/contracts/QuillAudits-Yearn Finance-Yearn Vaults V3/yearn-vaults-e390c2a6b2ba6e2ecc8f3a72a1ea4adfabd17544::yWETH,i:withdrawETH,withdrawETH,call,stakes1,0ec95875d8be9b27f7dda560ab4212a27eea869dfc40047d1da95154b39a776d,1
SYNTH_REENTRANCY::02246::SyntheticReentrancy02246,SyntheticReentrancy02246,i:refund2246,refund,train,DAPP::DAppSCAN-source/contracts/PeckShield-BNPL/BNPL-0ee587a081668dcab166a3a275b8a6c4794ead4d::BankingNode,i:unstake,unstake,transfer,claims2,c6990c37e49df2ad9446b8c12889337ce288c1536b3c8ce054280b2ba564e75a,1
SYNTH_REENTRANCY::02247::SyntheticReentrancy02247,SyntheticReentrancy02247,i:unstake2247,unstake,train,FORGE::vfp_00032::CurveConvexLib,i:unstakeAndExitPool,unstakeAndExitPool,send,escrowed3,8755d79fdec5e40b3384351c91c7a2de227ae1d7af5ab13876d316cbeb6f59ab,1
SYNTH_REENTRANCY::02248::SyntheticReentrancy02248,SyntheticReentrancy02248,i:redeem2248,redeem,train,FORGE::vfp_00045::PDPVerifier,i:nextProvingPeriod,nextProvingPeriod,safeTransfer,payouts4,bafe51f2dca4c76032fc641b9a1182965254210537ffdcf7bbb041fb06d98b82,1
SYNTH_REENTRANCY::02249::SyntheticReentrancy02249,SyntheticReentrancy02249,i:payout2249,payout,train,FORGE::vfp_00234::mErc20Host,i:_verifyProof,_verifyProof,transfer,positions5,546f4c51527281f8c91e5e6e2cfe57abfda89f3847dc782a7e73274a7baae80d,1
SYNTH_REENTRANCY::02250::SyntheticReentrancy02250,SyntheticReentrancy02250,i:release2250,release,train,DAPP::DAppSCAN-source/contracts/Coinbae-Pud.Fi Masterchef_Audit/MasterChef0x15Bee180BB39eE5c0166E63313C33984376930Db::MasterChef,i:emergencyWithdraw,emergencyWithdraw,call,balances6,b4063a30d64558be5cc020e7641be2b60d2edd6b5096cafbc8d0f547268c9bbb,1
SYNTH_REENTRANCY::02251::SyntheticReentrancy02251,SyntheticReentrancy02251,i:exit2251,exit,train,DAPP::DAppSCAN-source/contracts/PeckShield-Arche/Arche_v1.0_Eros-909f35e0064d636aaf61954a6026fda7b2bade7f::D_Swap,i:Impl_Delivery,Impl_Delivery,transfer,credits7,1fdc722b3776b7c3b381381c292db739c1bbabd53bf472c733e80817b03d530f,1
SYNTH_REENTRANCY::02252::SyntheticReentrancy02252,SyntheticReentrancy02252,i:claim2252,claim,val,DAPP::DAppSCAN-source/contracts/QuillAudits-GearBox Protocol-GearBox Protocol/gearbox-contracts-0ac33ba87212ce056ac6b6357ad74161d417158a::UniswapV2Adapter,i:swapExactTokensForTokens,swapExactTokensForTokens,send,pendingRewards8,b1c3a09a80afe3296b3b2ef1f7abba561ac2a512cd0d77f7f92204da284a2b3b,1
SYNTH_REENTRANCY::02253::SyntheticReentrancy02253,SyntheticReentrancy02253,i:settle2253,settle,train,DAPP::DAppSCAN-source/contracts/consensys-PoolTogether_Pods/pods-v3-contracts-879dc8b911fc506dd6bead1f36eade919ccfea57::TokenDrop,i:claim,claim,safeTransfer,withdrawalRequests9,8cbcabe6f1a6f3fc53f938b607197710410b0d08de751b47e60f635ee8def3b5,1
SYNTH_REENTRANCY::02254::SyntheticReentrancy02254,SyntheticReentrancy02254,i:collect2254,collect,train,DAPP::DAppSCAN-source/contracts/QuillAudits-Algovest/AlgoVestStaking0x090e69e7F48AFC059e480F297042DEA396B971e7::AlgoVestStaking,i:AVSTokenDonation,AVSTokenDonation,transfer,shares10,cc88f3fc3381d0df341f04ac21f5aca37acd622e883704f2d2003f15d377bd4f,1
SYNTH_REENTRANCY::02255::SyntheticReentrancy02255,SyntheticReentrancy02255,i:harvest2255,harvest,train,DAPP::DAppSCAN-source/contracts/PeckShield-DSG/core-6f607f77698936e132e4e9b5cb4d75580636d919::NftEarnErc20Pool,i:slotStake,slotStake,call,stakes11,27c06d53a94fdadb68e39c790edb1f8eb90788be16270dbaa79af65756644895,1
SYNTH_REENTRANCY::02256::SyntheticReentrancy02256,SyntheticReentrancy02256,i:withdraw2256,withdraw,val,DAPP::DAppSCAN-source/contracts/SlowMist-Starcrazy Smart Contract Security Audit Report/starcrazy-contracts-e9e11d234ac065726e108a73dfcd5efbad26f2c5::Aliana,i:setGeneScienceAddress,setGeneScienceAddress,transfer,claims12,e0bd4fb7e4ee117488995273c711c57db8c548afb6212df8c17ad0ce881a49da,1
SYNTH_REENTRANCY::02257::SyntheticReentrancy02257,SyntheticReentrancy02257,i:claimReward2257,claimReward,train,DAPP::DAppSCAN-source/contracts/Hacken-Ground Zero/code::IDO,i:claim,claim,send,escrowed13,07aa5539924cb4e6ebe964be9f2adad766e94768aae0fc9abd4f06cae1a0a579,1
SYNTH_REENTRANCY::02258::SyntheticReentrancy02258,SyntheticReentrancy02258,i:refund2258,refund,train,FORGE::vfp_00189::Box,i:allocate,allocate,safeTransfer,payouts14,14934ddd38f32f7de06341a4f54aacaa1644451629c468dcbcf729f860817fb8,1
SYNTH_REENTRANCY::02259::SyntheticReentrancy02259,SyntheticReentrancy02259,i:unstake2259,unstake,train,FORGE::vfp_00116::L1Mailbox,i:getMsg,getMsg,transfer,positions15,a75fc523c1ec58c40919e70d776ef60b4703011b1a1b51b4632fc0bdea9a252d,1
SYNTH_REENTRANCY::02260::SyntheticReentrancy02260,SyntheticReentrancy02260,i:redeem2260,redeem,train,DAPP::DAppSCAN-source/contracts/consensys-PoolTogether_Pods/pods-v3-contracts-879dc8b911fc506dd6bead1f36eade919ccfea57::Pod,i:depositTo,depositTo,call,balances16,7b778d2fd8aa9cd11eb35400dd56d1af1c155f5d27481721fcd27b757df9c8ad,1
SYNTH_REENTRANCY::02261::SyntheticReentrancy02261,SyntheticReentrancy02261,i:payout2261,payout,test,FORGE::vfp_00058::LikwidMarginPosition,i:_margin,_margin,transfer,credits0,d19b41e6f292a9b69e60136efd1fcc6a1419969f4183e8bf374768ed3bf69631,1
SYNTH_REENTRANCY::02262::SyntheticReentrancy02262,SyntheticReentrancy02262,i:release2262,release,train,DAPP::DAppSCAN-source/contracts/PeckShield-BNPL/BNPL-0ee587a081668dcab166a3a275b8a6c4794ead4d::BankingNode,i:collectFees,collectFees,send,pendingRewards1,5bd4270ef02c8e289cf8671b78a53dfbec51bf99158c21a0c84a3bba03dea990,1
SYNTH_REENTRANCY::02263::SyntheticReentrancy02263,SyntheticReentrancy02263,i:exit2263,exit,train,FORGE::vfp_00190::BoxAdapterCached,i:updateTotalAssets,updateTotalAssets,safeTransfer,withdrawalRequests2,f3d06ddbca7ffaaf00050aacddb6ef4d100165627c450329467db2b51c6c0c86,1
SYNTH_REENTRANCY::02264::SyntheticReentrancy02264,SyntheticReentrancy02264,i:claim2264,claim,val,DAPP::DAppSCAN-source/contracts/QuillAudits-GearBox Protocol-GearBox Protocol/gearbox-contracts-0ac33ba87212ce056ac6b6357ad74161d417158a::WETHGateway,i:repayCreditAccountETH,repayCreditAccountETH,transfer,shares3,7b0aeb3afb7aa6ce16e2df174c59f2c1a0de542bf4f53c263611682d7f25d912,1
SYNTH_REENTRANCY::02265::SyntheticReentrancy02265,SyntheticReentrancy02265,i:settle2265,settle,train,FORGE::vfp_00221::LimitOrderHook,i:_handleCancelCallback,_handleCancelCallback,call,stakes4,3ee3906158f95d9b945013d199c11f95398c8fd9b82e767c70197859f5283aa2,1
SYNTH_REENTRANCY::02266::SyntheticReentrancy02266,SyntheticReentrancy02266,i:collect2266,collect,train,DAPP::DAppSCAN-source/contracts/PeckShield-COIN98/code::C98MSiG,i:vote,vote,transfer,claims5,9685b53184f1f9ce8dc01cbade8d26fac75bbb9a4a1da6f2f85139a344277b0d,1
SYNTH_REENTRANCY::02267::SyntheticReentrancy02267,SyntheticReentrancy02267,i:harvest2267,harvest,val,FORGE::vfp_00289::BasketToken,i:proRataRedeem,proRataRedeem,send,escrowed6,759163a1a7a3f9d5dbb00de5f85ff1bffdaf6e38580c8f8d2090df56825f73ec,1
SYNTH_REENTRANCY::02268::SyntheticReentrancy02268,SyntheticReentrancy02268,i:withdraw2268,withdraw,train,DAPP::DAppSCAN-source/contracts/QuillAudits-Yearn Finance-Yearn Protocol V1/yearn-protocol-9ff0dc0ea73642c529383d0675930a41bf033295::yWETH,i:withdrawETH,withdrawETH,safeTransfer,payouts7,501e729bcfe1d57271a145688ecd25b545ec413f0cc37f5a24aa93159bad7dee,1
SYNTH_REENTRANCY::02269::SyntheticReentrancy02269,SyntheticReentrancy02269,i:claimReward2269,claimReward,test,"DAPP::DAppSCAN-source/contracts/Coinfabrik-MintingFactoryV2, BaseUpgradableMarketplace & KODAV3UpgradableGatedMarketplace/known-origin-contracts-v3-d592c5f4fa4e0b6fc65a1fce43e302706aedf607::MintingFactoryV2",i:mintBatchEdition,mintBatchEdition,transfer,positions8,bd5d1b83b8694399fe99abe66b43f22971c6d7bbdec38581a5dd3a1e7aad78e2,1
SYNTH_REENTRANCY::02270::SyntheticReentrancy02270,SyntheticReentrancy02270,i:refund2270,refund,train,DAPP::DAppSCAN-source/contracts/Coinbae-Pud.Fi Masterchef_Audit/MasterChef0x15Bee180BB39eE5c0166E63313C33984376930Db::MasterChef,i:safePudTransfer,safePudTransfer,call,balances9,cbadfa6eb4e639e7f924061e22c966f658ad3450b4ebe3ea0bb1f0ce8daf091a,1
SYNTH_REENTRANCY::02271::SyntheticReentrancy02271,SyntheticReentrancy02271,i:unstake2271,unstake,train,DAPP::DAppSCAN-source/contracts/Coinbae-TapCoins_Token_Contract/code::UpgradeableToken,i:setUpgradeAgent,setUpgradeAgent,transfer,credits10,b7b349755b409336d070da1b27316c6c9042975a4478989f100a9e9ae0fb941c,1
SYNTH_REENTRANCY::02272::SyntheticReentrancy02272,SyntheticReentrancy02272,i:redeem2272,redeem,train,DAPP::DAppSCAN-source/contracts/consensys-PoolTogether_Sushi_and_Yearn_V2_Yield_Sources/pooltogether-yearnv2-yield-source-a34857f1555908a6263d2ebd189f0cb40e1858da::YearnV2YieldSource,i:supplyTokenTo,supplyTokenTo,send,pendingRewards11,fc0989e72f7ca3a378d094ee9cfaaddd3c0cc1b1fe0f6232ec275456c53820aa,1
SYNTH_REENTRANCY::02273::SyntheticReentrancy02273,SyntheticReentrancy02273,i:payout2273,payout,train,FORGE::vfp_00189::Box,i:reallocate,reallocate,safeTransfer,withdrawalRequests12,a0ed6f9d745d62cdfa776f218ce4c625938a7571a1ce9a2f22ea395c115975b5,1
SYNTH_REENTRANCY::02274::SyntheticReentrancy02274,SyntheticReentrancy02274,i:release2274,release,train,DAPP::DAppSCAN-source/contracts/openzeppelin-Endaoment/endaoment-contracts-f60aa253d3d869ad6460877f23e6092acb313add::Fund,i:finalizeGrant,finalizeGrant,transfer,shares13,06f3ee3df48f798ad710017e9a3f17f96ad03ff2b0ee7eb403b204cfe10ab231,1
SYNTH_REENTRANCY::02275::SyntheticReentrancy02275,SyntheticReentrancy02275,i:exit2275,exit,train,DAPP::DAppSCAN-source/contracts/PeckShield-KaoyaSwap/contracts-8273073f1d6914f372790399378f177573c52e37::MasterChef,i:deposit,deposit,call,stakes14,76df562a807af915a982053b5cd1608c7fa58e9721e68fccce3397297c2640c0,1
SYNTH_REENTRANCY::02276::SyntheticReentrancy02276,SyntheticReentrancy02276,i:claim2276,claim,train,DAPP::DAppSCAN-source/contracts/QuillAudits-BCUBE Smart Contract/b-cube-ico-13f9f8a991a65f3e0ca60a2078121fdd5a921fb0::BCubePublicSale,i:buyBcubeUsingUSDT,buyBcubeUsingUSDT,transfer,claims15,17164b549f5fe8f729fb3b1b0d89e1481db7a8ad795e40497996a521d1db0d33,1
SYNTH_REENTRANCY::02277::SyntheticReentrancy02277,SyntheticReentrancy02277,i:settle2277,settle,test,FORGE::vfp_00288::DelegationMetaSwapAdapter,i:swapTokens,swapTokens,send,escrowed16,5cca7fef4eb22b5ba55554b58e3cf547b84215b7e67e0f8d3298e2d6f0cc08ca,1
SYNTH_REENTRANCY::02278::SyntheticReentrancy02278,SyntheticReentrancy02278,i:collect2278,collect,test,FORGE::vfp_00260::Router_Adapter,i:relayMessage,relayMessage,safeTransfer,payouts0,a6006121b3f468471179022c84bff35130543b89af33975499a438e5732a9111,1
SYNTH_REENTRANCY::02279::SyntheticReentrancy02279,SyntheticReentrancy02279,i:harvest2279,harvest,train,FORGE::vfp_00189::Box,i:flash,flash,transfer,positions1,fc552ec49c1a5fdc0665f2682574df9d7e99ab4ba15bfd566052ea159b0c40e0,1
SYNTH_REENTRANCY::02280::SyntheticReentrancy02280,SyntheticReentrancy02280,i:withdraw2280,withdraw,val,DAPP::DAppSCAN-source/contracts/QuillAudits-GearBox Protocol-GearBox Protocol/gearbox-contracts-0ac33ba87212ce056ac6b6357ad74161d417158a::YearnAdapter,i:_deposit,_deposit,call,balances2,63dc3f0b16ab2b88aab83fd577a0dd6d4933fd3f91371440c02628c32d2cf715,1
SYNTH_REENTRANCY::02281::SyntheticReentrancy02281,SyntheticReentrancy02281,i:claimReward2281,claimReward,test,DAPP::DAppSCAN-source/contracts/ImmuneBytes-Bird Money-Final Audit Report/bird-farm-contracts-dfd2502b73c8f54c9081682c3eb070fcd3c00629::MasterChef,i:withdraw,withdraw,transfer,credits3,ba9d5efae2f741a0df520e07dfc2ed8ac7e2ab6a5e442211416c5b3502e2a989,1
SYNTH_REENTRANCY::02282::SyntheticReentrancy02282,SyntheticReentrancy02282,i:refund2282,refund,train,DAPP::DAppSCAN-source/contracts/consensys-Gamma/hypervisor-41fd4abf79864478523e87924d4e80d80df04879::Hypervisor,i:withdraw,withdraw,send,pendingRewards4,3383347a5e6f1e13aad520094e6ceeea4f330f511460ba6d0191fac735e898b4,1
SYNTH_REENTRANCY::02283::SyntheticReentrancy02283,SyntheticReentrancy02283,i:unstake2283,unstake,val,DAPP::DAppSCAN-source/contracts/QuillAudits-GearBox Protocol-GearBox Protocol/gearbox-contracts-0ac33ba87212ce056ac6b6357ad74161d417158a::CurveV1Adapter,i:exchange,exchange,safeTransfer,withdrawalRequests5,050db7085819ed57b95cda071f29efe59b34f9ae1fec549de9449994e3f20410,1
SYNTH_REENTRANCY::02284::SyntheticReentrancy02284,SyntheticReentrancy02284,i:redeem2284,redeem,train,DAPP::DAppSCAN-source/contracts/Coinbae-Pud.Fi Masterchef_Audit/MasterChef0x15Bee180BB39eE5c0166E63313C33984376930Db::MasterChef,i:balance,balance,transfer,shares6,3b1479b023b04a507223620bfa39b1fee46327b4112ac0f7fe7625d6025326e2,1
SYNTH_REENTRANCY::02285::SyntheticReentrancy02285,SyntheticReentrancy02285,i:payout2285,payout,test,FORGE::vfp_00058::LikwidMarginPosition,i:modify,modify,call,stakes7,de1f4b8e56fad9cd29465394876288d35f062ef0456c80e7503cac0197d302b1,1
SYNTH_REENTRANCY::02286::SyntheticReentrancy02286,SyntheticReentrancy02286,i:release2286,release,train,DAPP::DAppSCAN-source/contracts/PeckShield-BabySwap/code::HoldStake,i:addPool,addPool,transfer,claims8,b18f02f216e1c6879ecd7f166e2a1b8354280abe97408354411abbf6665ab151,1
SYNTH_REENTRANCY::02287::SyntheticReentrancy02287,SyntheticReentrancy02287,i:exit2287,exit,train,DAPP::DAppSCAN-source/contracts/PeckShield-Holdefi/Holdefi-5a1e6e0d582120142e8a531f6806eba6665ef2f4::Holdefi,i:repayBorrowInternal,repayBorrowInternal,send,escrowed9,7ceef73b34174e455fbb60890123816169ea0cdc1cf01b0ee2132d129115f4a5,1
SYNTH_REENTRANCY::02288::SyntheticReentrancy02288,SyntheticReentrancy02288,i:claim2288,claim,val,DAPP::DAppSCAN-source/contracts/Trail_of_Bits-OriginDollar/origin-dollar-81431fd3b2aa4c518ffc389844f9708c00b516f0::VaultCore,i:rebase,rebase,safeTransfer,payouts10,a370ae986371395ff11c4d769053de17ae9f26c39d89dbcae964fd82841a8c26,1
SYNTH_REENTRANCY::02289::SyntheticReentrancy02289,SyntheticReentrancy02289,i:settle2289,settle,test,DAPP::DAppSCAN-source/contracts/PeckShield-DarkCrypto/darkcrypto-contracts-fee5be8d36459aebed2b84e6493875b3dc0366fd::SkyRewardPool,i:withdraw,withdraw,transfer,positions11,3870c4156be0fec6112903b3fc51aa6d7d03f6f25503b1563263bd2a5bf5a042,1
SYNTH_REENTRANCY::02290::SyntheticReentrancy02290,SyntheticReentrancy02290,i:collect2290,collect,train,DAPP::DAppSCAN-source/contracts/Hacken-Ground Zero/code::IDO,i:claimTheInvestments,claimTheInvestments,call,balances12,6f6998bbe3e499f2f36b05f620417de90d21e837e2216688d31d29e91bcfeb74,1
SYNTH_REENTRANCY::02291::SyntheticReentrancy02291,SyntheticReentrancy02291,i:harvest2291,harvest,val,DAPP::DAppSCAN-source/contracts/Runtime_Vеrification-ElementFinance/elf-contracts-637c6f959315cbb11a164555e588520c7d89122b::YVaultAssetProxy,i:reserveDeposit,reserveDeposit,transfer,credits13,cc753200781816677f104f6a3fc3670849c6be8557d15e7722f671df03070e83,1
SYNTH_REENTRANCY::02292::SyntheticReentrancy02292,SyntheticReentrancy02292,i:withdraw2292,withdraw,test,DAPP::DAppSCAN-source/contracts/ImmuneBytes-Bird Money(MasterChef)-Audit Report/bird-farm-contracts-dfd2502b73c8f54c9081682c3eb070fcd3c00629::MasterChef,i:deposit,deposit,send,pendingRewards14,dd504f3e57baa97a19c9d3ad6f345d72a4095b7fc5ec2a68b58bf4c59485cb5a,1
SYNTH_REENTRANCY::02293::SyntheticReentrancy02293,SyntheticReentrancy02293,i:claimReward2293,claimReward,train,DAPP::DAppSCAN-source/contracts/PeckShield-MilkySwap/milkyswap-59f163e9959cf8bae4a521a9648219b553312e07::MasterMilker,i:emergencyWithdraw,emergencyWithdraw,safeTransfer,withdrawalRequests15,68d9e860704690a4a4825add1f25580c8605a9c01de4b9cea691f7812729c265,1
SYNTH_REENTRANCY::02294::SyntheticReentrancy02294,SyntheticReentrancy02294,i:refund2294,refund,train,DAPP::DAppSCAN-source/contracts/Coinbae-Pud.Fi Masterchef_Audit/MasterChef0x15Bee180BB39eE5c0166E63313C33984376930Db::MasterChef,i:setPoolStrategy,setPoolStrategy,transfer,shares16,0c62a101279b3c9367c55066db077d3277ddccd6954483fa4d83389847539cb5,1
SYNTH_REENTRANCY::02295::SyntheticReentrancy02295,SyntheticReentrancy02295,i:unstake2295,unstake,train,DAPP::DAppSCAN-source/contracts/Runtime_Vеrification-Element_Finance_Governance_Security_Audit_Report/council-3d751c959b42573c78ccd0bccbc80424bf6d9a90::CoreVoting,i:execute,execute,call,stakes0,20ffd863934daf6cce3ec150a701297f3743adb8178cf34c096a4b70e99c53a0,1
SYNTH_REENTRANCY::02296::SyntheticReentrancy02296,SyntheticReentrancy02296,i:redeem2296,redeem,val,DAPP::DAppSCAN-source/contracts/QuillAudits-GearBox Protocol-GearBox Protocol/gearbox-contracts-0ac33ba87212ce056ac6b6357ad74161d417158a::WETHGateway,i:addLiquidityETH,addLiquidityETH,transfer,claims1,17402cc160e70365a2db8a443edc9c7bbc4b5aed3b419b698ce3beac120781cf,1
SYNTH_REENTRANCY::02297::SyntheticReentrancy02297,SyntheticReentrancy02297,i:payout2297,payout,train,DAPP::DAppSCAN-source/contracts/PeckShield-Atlantis/atlantis-protocol-bsc-766acebba9316eced1c15abf6158b31f470a947f::AToken,i:borrowFresh,borrowFresh,send,escrowed2,328558e663a4d5315a4ac356b7e445fac26a781b9e281229804fb419065360b8,1
SYNTH_REENTRANCY::02298::SyntheticReentrancy02298,SyntheticReentrancy02298,i:release2298,release,train,FORGE::vfp_00088::EnjoyoorsVaultWithdrawals,i:_claimWithdrawal,_claimWithdrawal,safeTransfer,payouts3,d2e4065cc68ef3932c5c83192b1348e2779f815cf3470234a298ca90e5ff7500,1
SYNTH_REENTRANCY::02299::SyntheticReentrancy02299,SyntheticReentrancy02299,i:exit2299,exit,test,FORGE::vfp_00126::SpokePool,i:_setOftMessenger,_setOftMessenger,transfer,positions4,cb60da88109dcfd388eb4997171903a0ec839db284e49baaaa26ed0206ecca62,1
SYNTH_REENTRANCY::02300::SyntheticReentrancy02300,SyntheticReentrancy02300,i:claim2300,claim,train,DAPP::DAppSCAN-source/contracts/QuillAudits-Yearn Finance-Yearn Protocol V1/yearn-protocol-9ff0dc0ea73642c529383d0675930a41bf033295::yDelegatedVault,i:claimInsurance,claimInsurance,call,balances5,0fb87aa8dff17307d0ccd19b043e3ac16a5abc2e7495ee925fb8dea813e73db2,1
SYNTH_REENTRANCY::02301::SyntheticReentrancy02301,SyntheticReentrancy02301,i:settle2301,settle,train,DAPP::DAppSCAN-source/contracts/PeckShield-SushiSwap/sushiswap-180bc9b642bba79c1ee4a63f71a3a0d36e64aa63::MasterChef,i:withdraw,withdraw,transfer,credits6,294e18b3be07f2050bfb54c367da50e26f8a52fdf975297791a82cc8b6a60e05,1
SYNTH_REENTRANCY::02302::SyntheticReentrancy02302,SyntheticReentrancy02302,i:collect2302,collect,train,FORGE::vfp_00221::LimitOrderHook,i:_handlePlaceCallback,_handlePlaceCallback,send,pendingRewards7,6d645b6276db6229c51579f6e1afa30787fcaa845b677e0fb3d75d81bd7de54d,1
SYNTH_REENTRANCY::02303::SyntheticReentrancy02303,SyntheticReentrancy02303,i:harvest2303,harvest,train,DAPP::DAppSCAN-source/contracts/QuillAudits-Keep3r.Network-Keep3r.Network/StakingRewardsV3-13ecc6966ae1a413f62224382bfd4d64b1a22351::StakingRewardsV3,i:deposit,deposit,safeTransfer,withdrawalRequests8,d19d18cbff2886a4a645634e56caaa6215e123d6b0ff90eb311bbb2911298554,1
SYNTH_REENTRANCY::02304::SyntheticReentrancy02304,SyntheticReentrancy02304,i:withdraw2304,withdraw,val,DAPP::DAppSCAN-source/contracts/Trail_of_Bits-OriginDollar/origin-dollar-81431fd3b2aa4c518ffc389844f9708c00b516f0::VaultCore,i:_allocate,_allocate,transfer,shares9,22817a6a905661dfc23e0f024fe4b11ce1a2e806d8ad65a79b512ed3573448dd,1
SYNTH_REENTRANCY::02305::SyntheticReentrancy02305,SyntheticReentrancy02305,i:claimReward2305,claimReward,train,DAPP::DAppSCAN-source/contracts/Coinbae-Pud.Fi Masterchef_Audit/MasterChef0x15Bee180BB39eE5c0166E63313C33984376930Db::MasterChef,i:withdraw,withdraw,call,stakes10,db3b5b717e38c73340e5fb20e18ee77dea6e3c66dc08d3321db6ea0ce0118366,1
SYNTH_REENTRANCY::02306::SyntheticReentrancy02306,SyntheticReentrancy02306,i:refund2306,refund,train,DAPP::DAppSCAN-source/contracts/Coinbae-Pud.Fi Masterchef_Audit/MasterChef0x15Bee180BB39eE5c0166E63313C33984376930Db::MasterChef,i:add,add,transfer,claims11,6cd24ab92243d09fd73a88b3dee71668762c7978b1a6e43eb616b7ff24ef729d,1
SYNTH_REENTRANCY::02307::SyntheticReentrancy02307,SyntheticReentrancy02307,i:unstake2307,unstake,train,DAPP::DAppSCAN-source/contracts/PeckShield-DSG/core-6f607f77698936e132e4e9b5cb4d75580636d919::SinglePool,i:emergencyWithdraw,emergencyWithdraw,send,escrowed12,4d02be777cf122004798db0174a89eba34670ac07441ee4744048fc369ef8d65,1
SYNTH_REENTRANCY::02308::SyntheticReentrancy02308,SyntheticReentrancy02308,i:redeem2308,redeem,test,DAPP::DAppSCAN-source/contracts/BlockSec-blocksec_impossible_finance_swap_v1.2/impossible-swap-core-29aaef89f996acdbee92b67c4d95fb608dc8b876::ImpossibleWrappedToken,i:deposit,deposit,safeTransfer,payouts13,210d3435d315163b147eb7d8af5a65559c599aa911aba5477e30a6918ffff0e1,1
SYNTH_REENTRANCY::02309::SyntheticReentrancy02309,SyntheticReentrancy02309,i:payout2309,payout,train,DAPP::DAppSCAN-source/contracts/consensys-Connext NXTP — Noncustodial Xchain Transfer Protocol/nxtp-0656436d654cfe0313fa3c2bbc81aa86232ade16::TransactionManager,i:removeLiquidity,removeLiquidity,transfer,positions14,d6218afe8f30d506b89a8acca82a01dfa6691527a982c6f4d17f5307c4485da9,1
SYNTH_REENTRANCY::02310::SyntheticReentrancy02310,SyntheticReentrancy02310,i:release2310,release,train,DAPP::DAppSCAN-source/contracts/PeckShield-DSG/core-6f607f77698936e132e4e9b5cb4d75580636d919::GovernorV1,i:propose,propose,call,balances15,fc08cd8274fe8f545462a4b299edf4aede25fa0a8835c82e94430911473dfaab,1
SYNTH_REENTRANCY::02311::SyntheticReentrancy02311,SyntheticReentrancy02311,i:exit2311,exit,train,DAPP::DAppSCAN-source/contracts/QuillAudits-Yearn Finance-Yearn Protocol V1/yearn-protocol-9ff0dc0ea73642c529383d0675930a41bf033295::yWETH,i:depositETH,depositETH,transfer,credits16,1e1a13077e45e519720ea455ea22cd62f3ea2c587b8db7b96f149eb49c128ca7,1
SYNTH_REENTRANCY::02312::SyntheticReentrancy02312,SyntheticReentrancy02312,i:claim2312,claim,train,DAPP::DAppSCAN-source/contracts/PeckShield-ShibaNova/Contracts-b6b1ce1fcaff83d360df8944309f49958842b7b8::MasterShiba,i:withdraw,withdraw,send,pendingRewards0,c523c16b68b82f5cbb1f398455b2c27ffa1e4deb1f3d72972b2b423229bea8e7,1
SYNTH_REENTRANCY::02313::SyntheticReentrancy02313,SyntheticReentrancy02313,i:settle2313,settle,train,FORGE::vfp_00221::LimitOrderHook,i:cancelOrder,cancelOrder,safeTransfer,withdrawalRequests1,770fce39989a48351af1ec93cb1c2cc4243ad7692cf754c767085a5d2d727e74,1
SYNTH_REENTRANCY::02314::SyntheticReentrancy02314,SyntheticReentrancy02314,i:collect2314,collect,train,DAPP::DAppSCAN-source/contracts/PeckShield-PikaPerpV2/PikaPerpV2-4a0965ff90ed099b7e2d3e8dda47cd589ee8e3a2::PikaPerpV2,i:closePositionWithId,closePositionWithId,transfer,shares2,83eb5f558ff1b6f0f213c626be878dc691e962f49a7a5f136114fa7ceac9740e,1
SYNTH_REENTRANCY::02315::SyntheticReentrancy02315,SyntheticReentrancy02315,i:harvest2315,harvest,val,DAPP::DAppSCAN-source/contracts/QuillAudits-GearBox Protocol-GearBox Protocol/gearbox-contracts-0ac33ba87212ce056ac6b6357ad74161d417158a::UniswapV3Adapter,i:exactInputSingle,exactInputSingle,call,stakes3,d2569b2c74bd25b4a3e2f4c08cd6e43a3c3c0af4d97c3a056ea114da8657741e,1
SYNTH_REENTRANCY::02316::SyntheticReentrancy02316,SyntheticReentrancy02316,i:withdraw2316,withdraw,val,DAPP::DAppSCAN-source/contracts/QuillAudits-GearBox Protocol-GearBox Protocol/gearbox-contracts-0ac33ba87212ce056ac6b6357ad74161d417158a::PoolService,i:lendCreditAccount,lendCreditAccount,transfer,claims4,d089fb1a8e9bd6dd6dd733237dad57af15adb674c9b70a12a5aab0c19519df64,1
SYNTH_REENTRANCY::02317::SyntheticReentrancy02317,SyntheticReentrancy02317,i:claimReward2317,claimReward,val,DAPP::DAppSCAN-source/contracts/SlowMist-Starcrazy Smart Contract Security Audit Report/starcrazy-contracts-e9e11d234ac065726e108a73dfcd5efbad26f2c5::ClockAuctionBase,i:setGeneScienceAddress,setGeneScienceAddress,send,escrowed5,9d4c417bcafb17de31e4808807bc5ebf460b3ea8dddcd6efaec58e25f95ab0fa,1
SYNTH_REENTRANCY::02318::SyntheticReentrancy02318,SyntheticReentrancy02318,i:refund2318,refund,val,DAPP::DAppSCAN-source/contracts/QuillAudits-GearBox Protocol-GearBox Protocol/gearbox-contracts-0ac33ba87212ce056ac6b6357ad74161d417158a::UniswapV2Adapter,i:swapTokensForExactTokens,swapTokensForExactTokens,safeTransfer,payouts6,dd0e47740e7801b88c3a4c628c9a0b327dbd2a7bf48eafe0f7e99851c0dcef3a,1
SYNTH_REENTRANCY::02319::SyntheticReentrancy02319,SyntheticReentrancy02319,i:unstake2319,unstake,val,DAPP::DAppSCAN-source/contracts/PeckShield-TranchessV1.1/contract-core-68a86350313c1cb9e5467e791d3e9efaf228a0df::StakingV2,i:deposit,deposit,transfer,positions7,3419bc2971a51a238bf54dc02eb2eea2b8adda64f99ffa2cc989e8edaadc38c1,1
SYNTH_REENTRANCY::02320::SyntheticReentrancy02320,SyntheticReentrancy02320,i:redeem2320,redeem,train,FORGE::vfp_00224::OidcRecoveryValidator,i:startRecovery,startRecovery,call,balances8,adb59398096ec365adbfae21e0ada5313c120a4c7ad9bcfb35601e48b5938d89,1
SYNTH_REENTRANCY::02321::SyntheticReentrancy02321,SyntheticReentrancy02321,i:payout2321,payout,train,DAPP::DAppSCAN-source/contracts/QuillAudits-1inch-Fixed Rate Swap/fixed-rate-swap-0b5a75e9f56e7d21c290dd28c59dc140dcbcc1d5::FixedRateSwap,i:depositFor,depositFor,transfer,credits9,4be24a5b06de6ce54c5ecc97b94a681489bde74e1d26bd4d19faeaea81ca728a,1
SYNTH_REENTRANCY::02322::SyntheticReentrancy02322,SyntheticReentrancy02322,i:release2322,release,train,DAPP::DAppSCAN-source/contracts/PeckShield-Holdefi/Holdefi-5a1e6e0d582120142e8a531f6806eba6665ef2f4::HoldefiSettings,i:setHoldefiContract,setHoldefiContract,send,pendingRewards10,7b424b91355fc56c44a528bc80a99b87142002cd69bb416f2e03b96d0e7585e4,1
SYNTH_REENTRANCY::02323::SyntheticReentrancy02323,SyntheticReentrancy02323,i:exit2323,exit,train,DAPP::DAppSCAN-source/contracts/Chainsecurity-Compound  cToken unredacted/compound-protocol-4a54ec5c55b66ea67d44b76f3056f0ed7229db8c::Comptroller,i:liquidateBorrowAllowed,liquidateBorrowAllowed,safeTransfer,withdrawalRequests11,a5887a86979f0b6390a3078219c21824cf85d42995095fc353c5f1e9d5da3a25,1
SYNTH_REENTRANCY::02324::SyntheticReentrancy02324,SyntheticReentrancy02324,i:claim2324,claim,train,DAPP::DAppSCAN-source/contracts/openzeppelin-Optimism/contracts-18e128343731b9bde23812ce932e24d81440b6b7::OVM_StateTransitioner,i:applyTransaction,applyTransaction,transfer,shares12,72ad61415d15c9cecf02e06a36a8423040a2f8d69c7f5430b19317b8c26cf111,1
SYNTH_REENTRANCY::02325::SyntheticReentrancy02325,SyntheticReentrancy02325,i:settle2325,settle,val,DAPP::DAppSCAN-source/contracts/QuillAudits-GearBox Protocol-GearBox Protocol/gearbox-contracts-0ac33ba87212ce056ac6b6357ad74161d417158a::YearnAdapter,i:withdraw,withdraw,call,stakes13,bcd52f3e2d33e4c4e5f7288b3619868afd4ad3187af2f24164a0d1a4fc018a1b,1
SYNTH_REENTRANCY::02326::SyntheticReentrancy02326,SyntheticReentrancy02326,i:collect2326,collect,train,DAPP::DAppSCAN-source/contracts/QuillAudits-Abyss Finance-Abyss Eth2 Depositor/abyss-eth2depositor-a2d58dea4d79846dc682fe93ac3e0eca02323d11::AbyssEth2Depositor,i:deposit,deposit,transfer,claims14,c88cdb142014cb960f72ee31e4bc6dfa210ecc043abac01c78fee10ad990adf4,1
SYNTH_REENTRANCY::02327::SyntheticReentrancy02327,SyntheticReentrancy02327,i:harvest2327,harvest,train,DAPP::DAppSCAN-source/contracts/Coinbae-Pud.Fi Masterchef_Audit/MasterChef0x15Bee180BB39eE5c0166E63313C33984376930Db::MasterChef,i:deposit,deposit,send,escrowed15,e8724ea066e23ffbcf8b413d13a99e98c09d3baca58c9f0d46d200e48e94d048,1
SYNTH_REENTRANCY::02328::SyntheticReentrancy02328,SyntheticReentrancy02328,i:withdraw2328,withdraw,val,DAPP::DAppSCAN-source/contracts/SlowMist-Starcrazy Smart Contract Security Audit Report/starcrazy-contracts-e9e11d234ac065726e108a73dfcd5efbad26f2c5::AlianaSale,i:withdrawOwnerCutSale,withdrawOwnerCutSale,safeTransfer,payouts16,1d39d593db9aacceb1b26995556e8a50cedcbc63b17dd000540e9ea6855edb92,1
SYNTH_REENTRANCY::02329::SyntheticReentrancy02329,SyntheticReentrancy02329,i:claimReward2329,claimReward,val,FORGE::vfp_00001::AgentImageService,i:fulfillImage,fulfillImage,transfer,positions0,198b39a030f809bea2fc69d19830edebcdff42b18efd347a42b6eac98bb04f08,1
SYNTH_REENTRANCY::02330::SyntheticReentrancy02330,SyntheticReentrancy02330,i:refund2330,refund,test,FORGE::vfp_00058::LikwidMarginPosition,i:_executeAddLeverage,_executeAddLeverage,call,balances1,38d835cee95c882ca3ae43bf5421d85110a663bf905982cc247a2ebcf61cf677,1
SYNTH_REENTRANCY::02331::SyntheticReentrancy02331,SyntheticReentrancy02331,i:unstake2331,unstake,train,DAPP::DAppSCAN-source/contracts/Chainsecurity-Compound  cToken unredacted/compound-protocol-4a54ec5c55b66ea67d44b76f3056f0ed7229db8c::CToken,i:_setComptroller,_setComptroller,transfer,credits2,7733cc118d6e9c1fbb6c7bdfa55a9e9f568911a5873d369d016ed8942a1304e2,1
SYNTH_REENTRANCY::02332::SyntheticReentrancy02332,SyntheticReentrancy02332,i:redeem2332,redeem,val,DAPP::DAppSCAN-source/contracts/Trail_of_Bits-OriginDollar/origin-dollar-81431fd3b2aa4c518ffc389844f9708c00b516f0::VaultCore,i:_redeem,_redeem,send,pendingRewards3,0bbf29ef1e6ec24587c509b52d7a13a6286be76e2de47dcaa9a745cefdaa06c4,1
SYNTH_REENTRANCY::02333::SyntheticReentrancy02333,SyntheticReentrancy02333,i:payout2333,payout,val,DAPP::DAppSCAN-source/contracts/QuillAudits-GearBox Protocol-GearBox Protocol/gearbox-contracts-0ac33ba87212ce056ac6b6357ad74161d417158a::AccountFactory,i:returnCreditAccount,returnCreditAccount,safeTransfer,withdrawalRequests4,bf26291bc9004217b193c9095be2ca0e91f6ae864f4643172a02725c86497b9c,1
SYNTH_REENTRANCY::02334::SyntheticReentrancy02334,SyntheticReentrancy02334,i:release2334,release,train,FORGE::vfp_00102::StopLimit,i:performUpkeep,performUpkeep,transfer,shares5,8950ca7267b7ac0a39689bed5370e62ad469e952d26d62ad69bd05c0fc962bff,1
SYNTH_REENTRANCY::02335::SyntheticReentrancy02335,SyntheticReentrancy02335,i:exit2335,exit,train,FORGE::vfp_00007::Folio,i:getRebalance,getRebalance,call,stakes6,b2590056cc1571e0e6a8c83a38238dff02cc1099c70950f745d0449c0fdf8ff0,1
SYNTH_REENTRANCY::02336::SyntheticReentrancy02336,SyntheticReentrancy02336,i:claim2336,claim,train,DAPP::DAppSCAN-source/contracts/BlockSec-blocksec_multichain_vemult_v1.0_signed/veMULTI-bac804399d1ea280e5bd8cdc9488b6fa6a0a7fcc::ve,i:withdraw,withdraw,transfer,claims7,a891d7a0dd0c45edd1b839796a91050f81820d667783c74aa07e066b584e6c1f,1
SYNTH_REENTRANCY::02337::SyntheticReentrancy02337,SyntheticReentrancy02337,i:settle2337,settle,val,DAPP::DAppSCAN-source/contracts/QuillAudits-GearBox Protocol-GearBox Protocol/gearbox-contracts-0ac33ba87212ce056ac6b6357ad74161d417158a::WETHGateway,i:openCreditAccountETH,openCreditAccountETH,send,escrowed8,76a882c0c5e69d603e8fa805623f0c40854f1c9d8e8d9129d9860b55da5ddc58,1
SYNTH_REENTRANCY::02338::SyntheticReentrancy02338,SyntheticReentrancy02338,i:collect2338,collect,val,DAPP::DAppSCAN-source/contracts/QuillAudits-GearBox Protocol-GearBox Protocol/gearbox-contracts-0ac33ba87212ce056ac6b6357ad74161d417158a::UniswapV3Adapter,i:exactOutput,exactOutput,safeTransfer,payouts9,1e45946c72347b2076ac86a1e071dd81309a8846d227b6a93a5ca9586b67b45b,1
SYNTH_REENTRANCY::02339::SyntheticReentrancy02339,SyntheticReentrancy02339,i:harvest2339,harvest,val,DAPP::DAppSCAN-source/contracts/SlowMist-Starcrazy Smart Contract Security Audit Report/starcrazy-contracts-e9e11d234ac065726e108a73dfcd5efbad26f2c5::AlianaBase,i:setGeneScienceAddress,setGeneScienceAddress,transfer,positions10,310af5082f175efc25a345fc3c03cb1572444f4d0c1149e826182c37b98426a9,1
SYNTH_REENTRANCY::02340::SyntheticReentrancy02340,SyntheticReentrancy02340,i:withdraw2340,withdraw,val,DAPP::DAppSCAN-source/contracts/SlowMist-Starcrazy Smart Contract Security Audit Report/starcrazy-contracts-e9e11d234ac065726e108a73dfcd5efbad26f2c5::AlianaOwnership,i:setGeneScienceAddress,setGeneScienceAddress,call,balances11,1ca52eb3ee82a16bc9e17ed927178cfdc1ef2248066280787891d474371ffcde,1
SYNTH_REENTRANCY::02341::SyntheticReentrancy02341,SyntheticReentrancy02341,i:claimReward2341,claimReward,test,DAPP::DAppSCAN-source/contracts/Hacken-Powerbomb-V1/powerbomb-lite-0f86ff1eecdd723be733a9b33ff4ffa3bbdadcee::PowerBombAvaxCurve,i:claimReward,claimReward,transfer,credits12,58254ec541ea712ead8f34127e6c3cbca102a4ae6868d0a49fe6972caa31bb30,1
SYNTH_REENTRANCY::02342::SyntheticReentrancy02342,SyntheticReentrancy02342,i:refund2342,refund,train,DAPP::DAppSCAN-source/contracts/QuillAudits-Alium Finance Smart Contract/alium-farm-e37d6af39af68049c2684085f025385407b4bd55::MasterChef,i:emergencyWithdraw,emergencyWithdraw,send,pendingRewards13,38cbfed00f7910afec36a9bc43acd843e991d1cb97464b79f750b2fb4bfebe4e,1
SYNTH_REENTRANCY::02343::SyntheticReentrancy02343,SyntheticReentrancy02343,i:unstake2343,unstake,train,DAPP::DAppSCAN-source/contracts/openzeppelin-Solo_Margin_Protocol/solo-17df84db351d5438e1b7437572722b4f52c8b2b4::AdminImpl,i:_setPriceOracle,_setPriceOracle,safeTransfer,withdrawalRequests14,01c4ff0379194235f9f832c5717f06bc6aeaf7ef172b24f34d41ce2cce392953,1
SYNTH_REENTRANCY::02344::SyntheticReentrancy02344,SyntheticReentrancy02344,i:redeem2344,redeem,train,FORGE::vfp_00215::ScrollChainValidium,i:registerNewEncryptionKey,registerNewEncryptionKey,transfer,shares15,88ec98860d5b9073e210438400f87338b64c4e83ed414c76f7995cf11f6751b2,1
SYNTH_REENTRANCY::02345::SyntheticReentrancy02345,SyntheticReentrancy02345,i:payout2345,payout,train,DAPP::DAppSCAN-source/contracts/Runtime_Vеrification-stakefish_ethereum_staking_audit_report/eth2-validation-services-contract-d91928f3a270f6115831fe3a21a69eb98bf57b26::StakefishERC721Wrapper,i:mintTo,mintTo,call,stakes16,5a1485930e3ad1760b6cee3da07efe274389062474f2039cbb782b700cc9f13a,1
SYNTH_REENTRANCY::02346::SyntheticReentrancy02346,SyntheticReentrancy02346,i:release2346,release,val,DAPP::DAppSCAN-source/contracts/PeckShield-Tranchessv1.0/contract-core-5ac3d997da3ef37b0135565a11c5ebcc519862aa::LiquidityStaking,i:deposit,deposit,transfer,claims0,be5ad20cfec450a1768218678c7dddb23585892ab9adcc643eeacc373be8f8ae,1
SYNTH_REENTRANCY::02347::SyntheticReentrancy02347,SyntheticReentrancy02347,i:exit2347,exit,train,FORGE::vfp_00209::StakingManager,i:withdraw,withdraw,send,escrowed1,0601f5f51c25a8b3fc21cbd60d1de94855b75dffd0b6d6b74e8d31dfd556d666,1
SYNTH_REENTRANCY::02348::SyntheticReentrancy02348,SyntheticReentrancy02348,i:claim2348,claim,train,DAPP::DAppSCAN-source/contracts/Trail_of_Bits-ampleforth/market-oracle-888fccaf05786f3f7f49e18ff040f911d44906f4::MarketOracle,i:getPriceAnd24HourVolume,getPriceAnd24HourVolume,safeTransfer,payouts2,c144ea0dc488490974ee4dab58868611cd88f1cbc9b7a52f25fdf50ddd8f32f8,1
SYNTH_REENTRANCY::02349::SyntheticReentrancy02349,SyntheticReentrancy02349,i:settle2349,settle,train,DAPP::DAppSCAN-source/contracts/PeckShield-Rikkei/rifi-protocol-b33243fb3a218cc195f0727fe1499cb57f5ea0b2::RToken,i:borrowFresh,borrowFresh,transfer,positions3,d6e0e5cc5ab633960300367f8d27b156fb4f2b3db11f42cb2099210a57ee1f7a,1
SYNTH_REENTRANCY::02350::SyntheticReentrancy02350,SyntheticReentrancy02350,i:collect2350,collect,train,FORGE::vfp_00007::Folio,i:startRebalance,startRebalance,call,balances4,a0f0f81851df5914bdba591b80e6853d34e5ec69361e46d8d5d78de6a6da29d9,1
SYNTH_REENTRANCY::02351::SyntheticReentrancy02351,SyntheticReentrancy02351,i:harvest2351,harvest,val,DAPP::DAppSCAN-source/contracts/Runtime_Vеrification-Tracer_Perpetual_Pools_V2/perpetual-pools-contracts-846bbf62652d7c83aee1cf3766275c4d08b00c8a::PoolFactory,i:deployPool,deployPool,transfer,credits5,3e2f130d3cbf2eb585f42c23e90a8ae5883dc776b4e8dd302c14e57e534be81c,1
SYNTH_REENTRANCY::02352::SyntheticReentrancy02352,SyntheticReentrancy02352,i:withdraw2352,withdraw,train,DAPP::DAppSCAN-source/contracts/Trail_of_Bits-FraxQ42021/frax-solidity-bd40775e283923aa9e32a107abd426430a99835e::veFXSYieldDistributorV4,i:notifyRewardAmount,notifyRewardAmount,send,pendingRewards6,04d2aad8fdbbcd5bb636d01ca7fd895625e1f598ee7932cc1a134f53c37cf3b3,1
SYNTH_REENTRANCY::02353::SyntheticReentrancy02353,SyntheticReentrancy02353,i:claimReward2353,claimReward,train,FORGE::vfp_00007::Folio,i:mint,mint,safeTransfer,withdrawalRequests7,ace2bcb02b6f1d1e4e97b29d2400ad37e493df696f7db2dc4288225cd76c0951,1
SYNTH_REENTRANCY::02354::SyntheticReentrancy02354,SyntheticReentrancy02354,i:refund2354,refund,test,DAPP::DAppSCAN-source/contracts/SlowMist-ForTube2.0 Smart Contract Security Audit Report/bond-854527d0ea7ad2ddd3504b4d4ae3fcb57cb6445d::PRA,i:lock,lock,transfer,shares8,756d5bf42bdb16b0e2bd56b5c2cbf0846f6f0565a487e39a4014dd1526f305c5,1
SYNTH_REENTRANCY::02355::SyntheticReentrancy02355,SyntheticReentrancy02355,i:unstake2355,unstake,train,FORGE::vfp_00007::Folio,i:distributeFees,distributeFees,call,stakes9,92ad39cd6956ab65117d4e20d4d4c8864d973badeb5df5cd4eea93f91c78ce81,1
SYNTH_REENTRANCY::02356::SyntheticReentrancy02356,SyntheticReentrancy02356,i:redeem2356,redeem,train,DAPP::DAppSCAN-source/contracts/PeckShield-BabySwap/code::MasterChef,i:withdraw,withdraw,transfer,claims10,320b1c91dd3859b2870ee33d4eb8b1c1364bd41b2cb232b6f682f51741531428,1
SYNTH_REENTRANCY::02357::SyntheticReentrancy02357,SyntheticReentrancy02357,i:payout2357,payout,train,DAPP::DAppSCAN-source/contracts/QuillAudits-coalichain/CoaliSC-3f0920d650467279f7ceee08776bd74ecadd3237::Main,i:createBallot,createBallot,send,escrowed11,f60c7a8b1ddab22f08b5a5667e8400cc5b57c806e0dd432c10443fb413a96599,1
SYNTH_REENTRANCY::02358::SyntheticReentrancy02358,SyntheticReentrancy02358,i:release2358,release,val,DAPP::DAppSCAN-source/contracts/Trail_of_Bits-OriginDollar/origin-dollar-81431fd3b2aa4c518ffc389844f9708c00b516f0::VaultCore,i:mintMultiple,mintMultiple,safeTransfer,payouts12,601251cbb2c0b4ae6f5407e1bcc4fd3e11557c63050671674480018775b786ce,1
SYNTH_REENTRANCY::02359::SyntheticReentrancy02359,SyntheticReentrancy02359,i:exit2359,exit,test,DAPP::DAppSCAN-source/contracts/PepperSec-Aira-Robonomic/robonomics_contracts-cc35a91de187072214d215262d8371f0159c2498::LighthouseLib,i:withdraw,withdraw,transfer,positions13,c41b7db5e9ac7729b324c09e3c7201c8615bda0f56f8dc9c08c6ce182cf53dd4,1
SYNTH_REENTRANCY::02360::SyntheticReentrancy02360,SyntheticReentrancy02360,i:claim2360,claim,train,DAPP::DAppSCAN-source/contracts/PeckShield-Convex_Frax/frax-cvx-platform-2f8573ee796daa022c1050b4a749bf08049c439b::StakingProxyUniV3,i:lockAdditional,lockAdditional,call,balances14,c7690829dbbc455b32b4881f439c742bfcf8dbbc6fa55277e233daa1d08b7f59,1
SYNTH_REENTRANCY::02361::SyntheticReentrancy02361,SyntheticReentrancy02361,i:settle2361,settle,train,DAPP::DAppSCAN-source/contracts/PeckShield-CryptoHeroes/cryptoheroes-6cb0eaf8c88fdaab89d2b4c83535a189c7793001::CryptoHeroesUniverse,i:deposit,deposit,transfer,credits15,5ebfa6cb119de9b0c91a1a7fc25d6d40f5a74f70c0e51d27beac69645cbe2593,1
SYNTH_REENTRANCY::02362::SyntheticReentrancy02362,SyntheticReentrancy02362,i:collect2362,collect,train,DAPP::DAppSCAN-source/contracts/Chainsecurity-Angle Protocol/angle-core-46e6d32837cbe97a4af0adb693e63afa0d01fc3e::PerpetualManagerFront,i:openPerpetual,openPerpetual,send,pendingRewards16,628aa6a9f010880dcdac0089ce9f7a29d5c5ce2921bf0c09f0a64c66d91b6804,1
SYNTH_REENTRANCY::02363::SyntheticReentrancy02363,SyntheticReentrancy02363,i:harvest2363,harvest,train,DAPP::DAppSCAN-source/contracts/PeckShield-Hegic(v8888)/Hegic-v8888-2dcd44dc1ae07881e94d52fa618f9704bfd4ffda::HegicPool,i:provideFrom,provideFrom,safeTransfer,withdrawalRequests0,c88265c05c7e3178868d1e5f52ea1769b2ed0dcf6b2bcef5568081fe52df0c86,1
SYNTH_REENTRANCY::02364::SyntheticReentrancy02364,SyntheticReentrancy02364,i:withdraw2364,withdraw,train,FORGE::vfp_00174::P2pResolvProxy,i:withdrawRESOLV,withdrawRESOLV,transfer,shares1,5a8c613c86ca968c917dd0f5d45df0ca4e8720c6c49c49497cddc49fd583a0dd,1
SYNTH_REENTRANCY::02365::SyntheticReentrancy02365,SyntheticReentrancy02365,i:claimReward2365,claimReward,train,DAPP::DAppSCAN-source/contracts/QuillAudits-Bond Appetit-Bond Appetit/bondappetit-protocol-355180f0aca0b29d60d808f761052956b7a3a159::ProfitSplitter,i:_payToRecipients,_payToRecipients,call,stakes2,b8981088aaf125c76b0d51f6fea34817c7f70f8d01b978dff00ac8dbf2764272,1
SYNTH_REENTRANCY::02366::SyntheticReentrancy02366,SyntheticReentrancy02366,i:refund2366,refund,train,FORGE::vfp_00209::StakingManager,i:stake,stake,transfer,claims3,375adba7bfcaef360031f37af9b6f40ea35aaec4266236b6b0abd1665dac03b2,1
SYNTH_REENTRANCY::02367::SyntheticReentrancy02367,SyntheticReentrancy02367,i:unstake2367,unstake,test,DAPP::DAppSCAN-source/contracts/Solidity_Finance-OKLG - Smart Contract/contracts-e167d0d742d21bcc62d7a5b770a1f0ed1cf31eca::MTGYTokenLocker,i:withdrawLockedTokens,withdrawLockedTokens,send,escrowed4,58e26672fb2c46f8c131e421ef4684431877a16f806e3d7d538853b54d91f281,1
SYNTH_REENTRANCY::02368::SyntheticReentrancy02368,SyntheticReentrancy02368,i:redeem2368,redeem,val,DAPP::DAppSCAN-source/contracts/consensys-DeFi_Saver/defisaver-v3-contracts-cb29669a84c2d6fffaf2231c0938eb407c060919::FLAaveV2,i:executeOperation,executeOperation,safeTransfer,payouts5,a61709273e97bd03de5cd76f22fa7a7f74b5e4405bd0e5f15c65782e651f8570,1
SYNTH_REENTRANCY::02369::SyntheticReentrancy02369,SyntheticReentrancy02369,i:payout2369,payout,train,DAPP::DAppSCAN-source/contracts/Iosiro-1inch Exchange Staking Rewards Smart Contract Audit/liquidity-protocol-c9c8bc600e8e7897f70f84b006de601d4f4bcbe3::BaseRewards,i:getReward,getReward,transfer,positions6,87c912c8440344f00b3d0ff0ea2c4a11aa2cf76dc02307cb1912d0d3a2bacb3f,1
SYNTH_REENTRANCY::02370::SyntheticReentrancy02370,SyntheticReentrancy02370,i:release2370,release,train,FORGE::vfp_00102::StopLimit,i:modifyOrder,modifyOrder,call,balances7,19b8a5b29f980c3a14b6b5f7467f0afbf37867cf98d34c2c739866c79a6d2daf,1
SYNTH_REENTRANCY::02371::SyntheticReentrancy02371,SyntheticReentrancy02371,i:exit2371,exit,val,FORGE::vfp_00001::AgentImageService,i:requestImage,requestImage,transfer,credits8,1c72a76213eb2e5313f4b2e890ae4f066a2cd3c011d6016d2db8eed9d9cd97c1,1
SYNTH_REENTRANCY::02372::SyntheticReentrancy02372,SyntheticReentrancy02372,i:claim2372,claim,train,FORGE::vfp_00189::Box,i:deallocate,deallocate,send,pendingRewards9,133fededc05b43015419466aa4efb8d173f284e46ef96bd399cb60c273479fda,1
SYNTH_REENTRANCY::02373::SyntheticReentrancy02373,SyntheticReentrancy02373,i:settle2373,settle,val,DAPP::DAppSCAN-source/contracts/QuillAudits-GearBox Protocol-GearBox Protocol/gearbox-contracts-0ac33ba87212ce056ac6b6357ad74161d417158a::UniswapV3Adapter,i:exactInput,exactInput,safeTransfer,withdrawalRequests10,843a2dc578cf079cddb96442fa3d435c26421880e901cdc9034216a9acafa908,1
SYNTH_REENTRANCY::02374::SyntheticReentrancy02374,SyntheticReentrancy02374,i:collect2374,collect,train,DAPP::DAppSCAN-source/contracts/PeckShield-StackerVC/StackerVC_VentureFund001-3cfb98b21f4731dfd62993feb7c7d1540837f59b::LPGauge,i:deposit,deposit,transfer,shares11,06c1051dadb59659694aebbf6a30e4cb45ee59bb01e85827fadd55319ea7b6de,1
SYNTH_REENTRANCY::02375::SyntheticReentrancy02375,SyntheticReentrancy02375,i:harvest2375,harvest,train,DAPP::DAppSCAN-source/contracts/consensys-Aave_Protocol_V2/aave-protocol-v2-f756f44a8d6a328cd545335e46e7128939db88c4::LendingPool,i:deposit,deposit,call,stakes12,8cd2c1206e8c286c586708539aba1537b4a3718f43c46f0b8890dee6ce37e2b1,1
SYNTH_REENTRANCY::02376::SyntheticReentrancy02376,SyntheticReentrancy02376,i:withdraw2376,withdraw,test,DAPP::DAppSCAN-source/contracts/Trail_of_Bits-Liquity/dev-f0df3efa5a5f05b205752184cfce107c5bd6e06c::BorrowerOperations,i:_moveTokensAndETHfromAdjustment,_moveTokensAndETHfromAdjustment,transfer,claims13,0185b729de120abdca60a960127c94224c58cc991e383285dc2771e9bbcb9393,1
SYNTH_REENTRANCY::02377::SyntheticReentrancy02377,SyntheticReentrancy02377,i:claimReward2377,claimReward,train,DAPP::DAppSCAN-source/contracts/Coinbae-Hakka_Finance_wHakka/code::wHakka,i:stake,stake,send,escrowed14,0ce35d3ee1e21b173ca6e152f87f224e2333d2d5cc1af727f3d979a12da4ea05,1
SYNTH_REENTRANCY::02378::SyntheticReentrancy02378,SyntheticReentrancy02378,i:refund2378,refund,train,DAPP::DAppSCAN-source/contracts/consensys-Idle_Finance/idle-tranches-d94ee7194e8cb17db13b16c338f3e780b62f5435::IdleCDO,i:_deposit,_deposit,safeTransfer,payouts15,68f9a440cea5d05659e306212853903c0042f7347d44965bb16eb1a0a9385ee0,1
SYNTH_REENTRANCY::02379::SyntheticReentrancy02379,SyntheticReentrancy02379,i:unstake2379,unstake,test,DAPP::DAppSCAN-source/contracts/PepperSec-Aira-Robonomic/robonomics_contracts-cc35a91de187072214d215262d8371f0159c2498::RobotLiabilityLib,i:finalize,finalize,transfer,positions16,4679131b2e6933ffa9053d813cb91defddd9ca0fa951c887bd2b85b1a3779892,1
SYNTH_REENTRANCY::02380::SyntheticReentrancy02380,SyntheticReentrancy02380,i:redeem2380,redeem,train,DAPP::DAppSCAN-source/contracts/Chainsulting-Furucombo-project2/trevi-b3f7fd332873321152db48c9d43fc23a60a29f1a::FountainBase,i:_depositAngel,_depositAngel,call,balances0,42c0c89389e3ffd846daf3f3c8818aac0c80e527583598d54b768d7020eaa47f,1
SYNTH_REENTRANCY::02381::SyntheticReentrancy02381,SyntheticReentrancy02381,i:payout2381,payout,train,FORGE::vfp_00096::MarketConfigurator,i:_migrateFactoryTargets,_migrateFactoryTargets,transfer,credits1,104dd1e4534dad59ce2a0455e13744076a534d346b9c29beb26672f5eb9bf320,1
SYNTH_REENTRANCY::02382::SyntheticReentrancy02382,SyntheticReentrancy02382,i:release2382,release,train,DAPP::DAppSCAN-source/contracts/PeckShield-Buffer/code::BufferBNBOptions,i:create,create,send,pendingRewards2,db18599048fdd1c32cb39b23f522fe9fadafbac73231398dff2b4b899a825ea6,1
SYNTH_REENTRANCY::02383::SyntheticReentrancy02383,SyntheticReentrancy02383,i:exit2383,exit,train,DAPP::DAppSCAN-source/contracts/consensys-Skyweaver/Skyweaver-contracts-bde0c184db6168bf86656a48b12d5747950b54d9::EternalHeroesFactory,i:_buy,_buy,safeTransfer,withdrawalRequests3,68d6446b413da66f9cc3a42c1169eb75b8889806be95ec17933905d26453a3b7,1
SYNTH_REENTRANCY::02384::SyntheticReentrancy02384,SyntheticReentrancy02384,i:claim2384,claim,train,DAPP::DAppSCAN-source/contracts/consensys-Aave_Protocol_V2/aave-protocol-v2-f756f44a8d6a328cd545335e46e7128939db88c4::LendingPool,i:flashLoan,flashLoan,transfer,shares4,c371ea01a9af7c714b1029e6bcd55dc0355b495b9ac16eb016c810a642fdf698,1
SYNTH_REENTRANCY::02385::SyntheticReentrancy02385,SyntheticReentrancy02385,i:settle2385,settle,train,DAPP::DAppSCAN-source/contracts/Coinbae-Barnbridge_Vault/CommunityVault0xA3C299eEE1998F45c20010276684921EBE6423D9::CommunityVault,i:setAllowance,setAllowance,call,stakes5,490f7a0e4052f311c67d9f74a92339c5e5cc4c27c35960bc1d75cbf1da09c9bc,1
SYNTH_REENTRANCY::02386::SyntheticReentrancy02386,SyntheticReentrancy02386,i:collect2386,collect,train,DAPP::DAppSCAN-source/contracts/Trail_of_Bits-MapleFinance/liquidations-35c628e5ab45fbffaab7aef43a030a98b712a94a::Liquidator,i:liquidatePortion,liquidatePortion,transfer,claims6,bba38ec49f5c2eb56cf325204738a564b5b124c05a804335fb36b559c10151c4,1
SYNTH_REENTRANCY::02387::SyntheticReentrancy02387,SyntheticReentrancy02387,i:harvest2387,harvest,test,DAPP::DAppSCAN-source/contracts/consensys-GrowthDeFi WHEAT/wheat-v1-core-8360ac0a537589bb974e8a5a169bb3e7c95d2857::Exchange,i:convertFundsFromInput,convertFundsFromInput,send,escrowed7,38a413fc872a8eb6dd0a021d94ae13b4d0e38ac5fe167dcf5ce1a4d422b0e8dc,1
SYNTH_REENTRANCY::02388::SyntheticReentrancy02388,SyntheticReentrancy02388,i:withdraw2388,withdraw,test,DAPP::DAppSCAN-source/contracts/ImmuneBytes-Bird Money(MasterChef)-Audit Report/bird-farm-contracts-dfd2502b73c8f54c9081682c3eb070fcd3c00629::MasterChef,i:emergencyWithdraw,emergencyWithdraw,safeTransfer,payouts8,ee25a317c023fd2a69752532162b8306645d2aedc3769fe8e0777aee60a488ff,1
SYNTH_REENTRANCY::02389::SyntheticReentrancy02389,SyntheticReentrancy02389,i:claimReward2389,claimReward,train,"DAPP::DAppSCAN-source/contracts/Inspex-Tokens, Farm & Shop/-SpeedStar-Audit-3e39d7acf9c1aa9f3a5511c161c2035ba7d6bc1f::Staking",i:depositStable,depositStable,transfer,positions9,42c63c59b6992babf652c63a55b58b2a6dc55916a18e86b01b573c525b976a8e,1
SYNTH_REENTRANCY::02390::SyntheticReentrancy02390,SyntheticReentrancy02390,i:refund2390,refund,train,FORGE::vfp_00125::Aori,i:cancel,cancel,call,balances10,121df548b194ee5c460f7b4bbb7f23f74ca7894936682153cfcc8d933cb91094,1
SYNTH_REENTRANCY::02391::SyntheticReentrancy02391,SyntheticReentrancy02391,i:unstake2391,unstake,train,DAPP::DAppSCAN-source/contracts/Coinbae-Hakka_Finance_wHakka/code::wHakka,i:unstake,unstake,transfer,credits11,e87bdcfc14b6f0fe9f6351b1951cd6e878ca3d4f1000ad7704d83e2ff79c9c35,1
SYNTH_REENTRANCY::02392::SyntheticReentrancy02392,SyntheticReentrancy02392,i:redeem2392,redeem,train,DAPP::DAppSCAN-source/contracts/Chainsulting-Furucombo-project2/trevi-b3f7fd332873321152db48c9d43fc23a60a29f1a::FountainBase,i:_withdrawAngel,_withdrawAngel,send,pendingRewards12,f813bc5495ec9bee0d17931f95f9614300746862e815242498b2cf0beffea444,1
SYNTH_REENTRANCY::02393::SyntheticReentrancy02393,SyntheticReentrancy02393,i:payout2393,payout,test,FORGE::vfp_00260::Router_Adapter,i:relayTokens,relayTokens,safeTransfer,withdrawalRequests13,79424e921c37e28a52caceacfbd16ea5a95a661936d81a06f44ac2fb5e12176f,1
SYNTH_REENTRANCY::02394::SyntheticReentrancy02394,SyntheticReentrancy02394,i:release2394,release,train,FORGE::vfp_00215::ScrollChainValidium,i:_finalizeBundle,_finalizeBundle,transfer,shares14,5719c6dcbd72b8601b65013e5d2568e0bdc4d946bcf7ccfbe9d0161a3a60acb1,1
SYNTH_REENTRANCY::02395::SyntheticReentrancy02395,SyntheticReentrancy02395,i:exit2395,exit,train,DAPP::DAppSCAN-source/contracts/PeckShield-PlutosV1/plutos-eth-contract-0777815::PMintBurn,i:deposit,deposit,call,stakes15,e3b87b5d8e0c5f190e0f0e863c54b7421f4a5ebb7d3bbc55233ff6102253661a,1
SYNTH_REENTRANCY::02396::SyntheticReentrancy02396,SyntheticReentrancy02396,i:claim2396,claim,val,DAPP::DAppSCAN-source/contracts/QuillAudits-GearBox Protocol-GearBox Protocol/gearbox-contracts-0ac33ba87212ce056ac6b6357ad74161d417158a::UniswapV3Adapter,i:exactOutputSingle,exactOutputSingle,transfer,claims16,6e46e368bfa5a1a17ebc77df1b154590659513ee5d65efe8a26c36d72a1d1ccb,1
SYNTH_REENTRANCY::02397::SyntheticReentrancy02397,SyntheticReentrancy02397,i:settle2397,settle,train,DAPP::DAppSCAN-source/contracts/SlowMist-CFFv2 Smart Contract Security Audit Report/cff-contract-v2-c86bef3f13c7585f547f9cd0ca900f94664e96b7::CFVaultV2,i:withdraw,withdraw,send,escrowed0,26141290e6977b1b7fca2757765e55e90e89f764030082ece08c481d0fcec81c,1
SYNTH_REENTRANCY::02398::SyntheticReentrancy02398,SyntheticReentrancy02398,i:collect2398,collect,train,FORGE::vfp_00221::LimitOrderHook,i:_afterSwap,_afterSwap,safeTransfer,payouts1,5039c6e090116aa78b2a8d54ba6ada168f064d83ae343d841ba309d549dffc42,1
SYNTH_REENTRANCY::02399::SyntheticReentrancy02399,SyntheticReentrancy02399,i:harvest2399,harvest,val,DAPP::DAppSCAN-source/contracts/SlowMist-Starcrazy Smart Contract Security Audit Report/starcrazy-contracts-e9e11d234ac065726e108a73dfcd5efbad26f2c5::GFSBonus,i:withdraw,withdraw,transfer,positions2,9d848d41485e02807908641e0d2dc6ace271b50105d32e29b5eb3e7931fb9fe1,1
SYNTH_REENTRANCY::02400::SyntheticReentrancy02400,SyntheticReentrancy02400,i:withdraw2400,withdraw,train,DAPP::DAppSCAN-source/contracts/Coinfabrik-Woonkly Security Audit (DEX STAKE)/STAKESmartContractPreRelease-main::WOOPStake,i:processReward,processReward,call,balances3,3c1ea9cf4b1d032ea851a49e449a0c9b339bbe8ec0eecf9fe90ac7173c737a49,1
SYNTH_REENTRANCY::02401::SyntheticReentrancy02401,SyntheticReentrancy02401,i:claimReward2401,claimReward,train,DAPP::DAppSCAN-source/contracts/Iosiro-SNX FlashBurn Smart Contract Audit/flashburn-3aa02a3d63d9e0110a5b6669a4a4011ceee3cf2b::SNXFlashLoanTool,i:swap,swap,transfer,credits4,0ef1959e2dd0ae073c0ba43863814b89c4ff65770109958cf6a96db7f0aea6c6,1
SYNTH_REENTRANCY::02402::SyntheticReentrancy02402,SyntheticReentrancy02402,i:refund2402,refund,train,FORGE::vfp_00174::P2pResolvProxy,i:initiateWithdrawalRESOLVAccruedRewards,initiateWithdrawalRESOLVAccruedRewards,send,pendingRewards5,f6ce080a80a45abfa0dd5db0e3151ee4de96d608a0fd61dba6c7f52f820622b7,1
SYNTH_REENTRANCY::02403::SyntheticReentrancy02403,SyntheticReentrancy02403,i:unstake2403,unstake,train,DAPP::DAppSCAN-source/contracts/consensys-Gamma/hypervisor-41fd4abf79864478523e87924d4e80d80df04879::UniProxy,i:deposit,deposit,safeTransfer,withdrawalRequests6,59720116a8f788204024629f2d9ec92f294f2a0b36c3df20591c8f632556948e,1
SYNTH_REENTRANCY::02404::SyntheticReentrancy02404,SyntheticReentrancy02404,i:redeem2404,redeem,train,FORGE::vfp_00175::P2pYieldProxy,i:_withdraw,_withdraw,transfer,shares7,da62fca319bfb76a9f66f98fb244f2bc0e9e99e2984fb8a56d625a0aacb2503e,1
SYNTH_REENTRANCY::02405::SyntheticReentrancy02405,SyntheticReentrancy02405,i:payout2405,payout,val,FORGE::vfp_00001::AgentImageService,i:requestRefund,requestRefund,call,stakes8,e456359ad0c8386e5cf2c767d2da3adf517afa3a72eb25afe7a033d9821adf27,1
SYNTH_REENTRANCY::02406::SyntheticReentrancy02406,SyntheticReentrancy02406,i:release2406,release,val,DAPP::DAppSCAN-source/contracts/SlowMist-Starcrazy Smart Contract Security Audit Report/starcrazy-contracts-e9e11d234ac065726e108a73dfcd5efbad26f2c5::Auction,i:setGeneScienceAddress,setGeneScienceAddress,transfer,claims9,5f09b4e11fb34dc6b9788898d990e1ce0ba68385b2558363c1df2380c360a5c1,1
SYNTH_REENTRANCY::02407::SyntheticReentrancy02407,SyntheticReentrancy02407,i:exit2407,exit,train,DAPP::DAppSCAN-source/contracts/QuillAudits-1inch-Limit Order Protocol/limit-order-protocol-a14bde6a260458de5083cee117d734221e1cbc05::LimitOrderProtocol,i:fillOrderTo,fillOrderTo,send,escrowed10,4ed37c3944d44b73fb44f6d65ba8b0f1f9babf42461ac185f7deec83def2f283,1
SYNTH_REENTRANCY::02408::SyntheticReentrancy02408,SyntheticReentrancy02408,i:claim2408,claim,val,DAPP::DAppSCAN-source/contracts/QuillAudits-Yearn Finance-Yearn Vaults V3/yearn-vaults-e390c2a6b2ba6e2ecc8f3a72a1ea4adfabd17544::yWETH,i:withdrawETH,withdrawETH,safeTransfer,payouts11,f6d49c9cf52c7a75f1a5c7669c403e416a019b9d8812b55ac7ccacd0ee78373d,1
SYNTH_REENTRANCY::02409::SyntheticReentrancy02409,SyntheticReentrancy02409,i:settle2409,settle,train,DAPP::DAppSCAN-source/contracts/PeckShield-BNPL/BNPL-0ee587a081668dcab166a3a275b8a6c4794ead4d::BankingNode,i:unstake,unstake,transfer,positions12,5e130c20372c49c17e4f5d5377aee1b6d46508933e6a0186bfdcb0fe325f539c,1
SYNTH_REENTRANCY::02410::SyntheticReentrancy02410,SyntheticReentrancy02410,i:collect2410,collect,train,FORGE::vfp_00032::CurveConvexLib,i:unstakeAndExitPool,unstakeAndExitPool,call,balances13,793f12e62b42c2ccf2ef01f647beeeb7c642db2c5d55e82c4c0465de9ee59078,1
SYNTH_REENTRANCY::02411::SyntheticReentrancy02411,SyntheticReentrancy02411,i:harvest2411,harvest,train,FORGE::vfp_00045::PDPVerifier,i:nextProvingPeriod,nextProvingPeriod,transfer,credits14,29559bfc68bca3a0d8d00c36534b38510826ff3ee185c856d3c0bad46f391bdc,1
SYNTH_REENTRANCY::02412::SyntheticReentrancy02412,SyntheticReentrancy02412,i:withdraw2412,withdraw,train,FORGE::vfp_00234::mErc20Host,i:_verifyProof,_verifyProof,send,pendingRewards15,ef88af7a84c80a9cdc47d240cdb79fd0e9379160c4aa6fc246adef3ea182fd2a,1
SYNTH_REENTRANCY::02413::SyntheticReentrancy02413,SyntheticReentrancy02413,i:claimReward2413,claimReward,train,DAPP::DAppSCAN-source/contracts/Coinbae-Pud.Fi Masterchef_Audit/MasterChef0x15Bee180BB39eE5c0166E63313C33984376930Db::MasterChef,i:emergencyWithdraw,emergencyWithdraw,safeTransfer,withdrawalRequests16,ab19e1b765560928479b683c00bb9b4f892bc3ea8ba4cf6382178a873c00a9c6,1
SYNTH_REENTRANCY::02414::SyntheticReentrancy02414,SyntheticReentrancy02414,i:refund2414,refund,train,DAPP::DAppSCAN-source/contracts/PeckShield-Arche/Arche_v1.0_Eros-909f35e0064d636aaf61954a6026fda7b2bade7f::D_Swap,i:Impl_Delivery,Impl_Delivery,transfer,shares0,5a910bf43d304e6a846244bfd146f71b9f618872f412da1e6e82666e41d50992,1
SYNTH_REENTRANCY::02415::SyntheticReentrancy02415,SyntheticReentrancy02415,i:unstake2415,unstake,val,DAPP::DAppSCAN-source/contracts/QuillAudits-GearBox Protocol-GearBox Protocol/gearbox-contracts-0ac33ba87212ce056ac6b6357ad74161d417158a::UniswapV2Adapter,i:swapExactTokensForTokens,swapExactTokensForTokens,call,stakes1,604aad3b8f1dc48817f84dafd6989b0140970cdc0ce2b099b024edd3a19a6a5e,1
SYNTH_REENTRANCY::02416::SyntheticReentrancy02416,SyntheticReentrancy02416,i:redeem2416,redeem,train,DAPP::DAppSCAN-source/contracts/consensys-PoolTogether_Pods/pods-v3-contracts-879dc8b911fc506dd6bead1f36eade919ccfea57::TokenDrop,i:claim,claim,transfer,claims2,58433935b78b13f31e824a16e0ebb126b7bd508dd170631643facadae098b46a,1
SYNTH_REENTRANCY::02417::SyntheticReentrancy02417,SyntheticReentrancy02417,i:payout2417,payout,train,DAPP::DAppSCAN-source/contracts/QuillAudits-Algovest/AlgoVestStaking0x090e69e7F48AFC059e480F297042DEA396B971e7::AlgoVestStaking,i:AVSTokenDonation,AVSTokenDonation,send,escrowed3,66ac4c0c40547a404dd97a1941b364ce2142dbc9058e870b7862b0b8098ed9d9,1
SYNTH_REENTRANCY::02418::SyntheticReentrancy02418,SyntheticReentrancy02418,i:release2418,release,train,DAPP::DAppSCAN-source/contracts/PeckShield-DSG/core-6f607f77698936e132e4e9b5cb4d75580636d919::NftEarnErc20Pool,i:slotStake,slotStake,safeTransfer,payouts4,cb6956d73dd0e6c879e95bb47e1a37dafb8c93c6682c9bede07e1d14964c445a,1
SYNTH_REENTRANCY::02419::SyntheticReentrancy02419,SyntheticReentrancy02419,i:exit2419,exit,val,DAPP::DAppSCAN-source/contracts/SlowMist-Starcrazy Smart Contract Security Audit Report/starcrazy-contracts-e9e11d234ac065726e108a73dfcd5efbad26f2c5::Aliana,i:setGeneScienceAddress,setGeneScienceAddress,transfer,positions5,93ea2b6629f59a07f9a8761140209b2035df5b59e07c8fe009c0773fbdc92aa5,1
SYNTH_REENTRANCY::02420::SyntheticReentrancy02420,SyntheticReentrancy02420,i:claim2420,claim,train,DAPP::DAppSCAN-source/contracts/Hacken-Ground Zero/code::IDO,i:claim,claim,call,balances6,dfdf928c488df11def370f5b92c63ed9eaceb343b582e0475325a8f6c05aa32b,1
SYNTH_REENTRANCY::02421::SyntheticReentrancy02421,SyntheticReentrancy02421,i:settle2421,settle,train,FORGE::vfp_00189::Box,i:allocate,allocate,transfer,credits7,950f49656f43ca9c811f31016a4e5e8bf23fbcfbde5eb995a4281c895b2b58d1,1
SYNTH_REENTRANCY::02422::SyntheticReentrancy02422,SyntheticReentrancy02422,i:collect2422,collect,train,FORGE::vfp_00116::L1Mailbox,i:getMsg,getMsg,send,pendingRewards8,0854e0216b97e6ae6298adcdc6c39bb2c403a3ff07899bbb08f9285cc166d16c,1
SYNTH_REENTRANCY::02423::SyntheticReentrancy02423,SyntheticReentrancy02423,i:harvest2423,harvest,train,DAPP::DAppSCAN-source/contracts/consensys-PoolTogether_Pods/pods-v3-contracts-879dc8b911fc506dd6bead1f36eade919ccfea57::Pod,i:depositTo,depositTo,safeTransfer,withdrawalRequests9,04729cb7bfba8641a588563928e890a286527a8a25fbba9e7058f489b07ed4d7,1
SYNTH_REENTRANCY::02424::SyntheticReentrancy02424,SyntheticReentrancy02424,i:withdraw2424,withdraw,test,FORGE::vfp_00058::LikwidMarginPosition,i:_margin,_margin,transfer,shares10,994dfbabbd0b98c6c69574e6baed2d1e8e1059bcb1e62d87624ae8e9dba51aa9,1
SYNTH_REENTRANCY::02425::SyntheticReentrancy02425,SyntheticReentrancy02425,i:claimReward2425,claimReward,train,DAPP::DAppSCAN-source/contracts/PeckShield-BNPL/BNPL-0ee587a081668dcab166a3a275b8a6c4794ead4d::BankingNode,i:collectFees,collectFees,call,stakes11,e1ba80444ff1367f5750575e09ab2184c886892459438f1ed18c57e032f5df82,1
SYNTH_REENTRANCY::02426::SyntheticReentrancy02426,SyntheticReentrancy02426,i:refund2426,refund,train,FORGE::vfp_00190::BoxAdapterCached,i:updateTotalAssets,updateTotalAssets,transfer,claims12,967831c7795417d6328edf1bef4846bdf3ee76c584c2178eb2a3d57b4bb5f5f3,1
SYNTH_REENTRANCY::02427::SyntheticReentrancy02427,SyntheticReentrancy02427,i:unstake2427,unstake,val,DAPP::DAppSCAN-source/contracts/QuillAudits-GearBox Protocol-GearBox Protocol/gearbox-contracts-0ac33ba87212ce056ac6b6357ad74161d417158a::WETHGateway,i:repayCreditAccountETH,repayCreditAccountETH,send,escrowed13,468f2e3cf63eb5b8eab9a7b4b033ad4e363c3b6c7d4500a2352a26b53114dbd1,1
SYNTH_REENTRANCY::02428::SyntheticReentrancy02428,SyntheticReentrancy02428,i:redeem2428,redeem,train,FORGE::vfp_00221::LimitOrderHook,i:_handleCancelCallback,_handleCancelCallback,safeTransfer,payouts14,d5b7896d3df54ac3c0092ee9b7449381b45bf95f89641421ded5ff44de3f5e2f,1
SYNTH_REENTRANCY::02429::SyntheticReentrancy02429,SyntheticReentrancy02429,i:payout2429,payout,train,DAPP::DAppSCAN-source/contracts/PeckShield-COIN98/code::C98MSiG,i:vote,vote,transfer,positions15,ff8b9aaf5a52869c5ac7cf1f03d7ed6a8555e40edb0144b232721853b0f5c21a,1
SYNTH_REENTRANCY::02430::SyntheticReentrancy02430,SyntheticReentrancy02430,i:release2430,release,val,FORGE::vfp_00289::BasketToken,i:proRataRedeem,proRataRedeem,call,balances16,b0fd1d5cb2dc619db7b80db085b69d8c963a73a601cb17600e80f581c771b035,1
SYNTH_REENTRANCY::02431::SyntheticReentrancy02431,SyntheticReentrancy02431,i:exit2431,exit,train,DAPP::DAppSCAN-source/contracts/QuillAudits-Yearn Finance-Yearn Protocol V1/yearn-protocol-9ff0dc0ea73642c529383d0675930a41bf033295::yWETH,i:withdrawETH,withdrawETH,transfer,credits0,51a342766bb11b0ff6b65eaa52f911c0d59ef2f7dfb0bd6954f2bca89858e560,1
SYNTH_REENTRANCY::02432::SyntheticReentrancy02432,SyntheticReentrancy02432,i:claim2432,claim,test,"DAPP::DAppSCAN-source/contracts/Coinfabrik-MintingFactoryV2, BaseUpgradableMarketplace & KODAV3UpgradableGatedMarketplace/known-origin-contracts-v3-d592c5f4fa4e0b6fc65a1fce43e302706aedf607::MintingFactoryV2",i:mintBatchEdition,mintBatchEdition,send,pendingRewards1,c72353a73eadf27044865fc9af5e92e5c23a53ac650495f2415c2d18d4d9b211,1
SYNTH_REENTRANCY::02433::SyntheticReentrancy02433,SyntheticReentrancy02433,i:settle2433,settle,train,DAPP::DAppSCAN-source/contracts/Coinbae-Pud.Fi Masterchef_Audit/MasterChef0x15Bee180BB39eE5c0166E63313C33984376930Db::MasterChef,i:safePudTransfer,safePudTransfer,safeTransfer,withdrawalRequests2,978719ad9d2c454cbfc43efaff7095e076e5077c9f40c55310b3a26c11ac75b0,1
SYNTH_REENTRANCY::02434::SyntheticReentrancy02434,SyntheticReentrancy02434,i:collect2434,collect,train,DAPP::DAppSCAN-source/contracts/Coinbae-TapCoins_Token_Contract/code::UpgradeableToken,i:setUpgradeAgent,setUpgradeAgent,transfer,shares3,f860023db3977d22b8d0755cb8e3987c9dfd4288bd23690ba1c32ee4275b4eae,1
SYNTH_REENTRANCY::02435::SyntheticReentrancy02435,SyntheticReentrancy02435,i:harvest2435,harvest,train,DAPP::DAppSCAN-source/contracts/consensys-PoolTogether_Sushi_and_Yearn_V2_Yield_Sources/pooltogether-yearnv2-yield-source-a34857f1555908a6263d2ebd189f0cb40e1858da::YearnV2YieldSource,i:supplyTokenTo,supplyTokenTo,call,stakes4,1eefef48e5b32e2d8c7a6f9e40497ab93863dd4b15709fbc62b4f4ab9d05f480,1
SYNTH_REENTRANCY::02436::SyntheticReentrancy02436,SyntheticReentrancy02436,i:withdraw2436,withdraw,train,FORGE::vfp_00189::Box,i:reallocate,reallocate,transfer,claims5,e0d13686f5c1a3d655f45424e27888f09832975defe8bb50c2e5101ae4269b6b,1
SYNTH_REENTRANCY::02437::SyntheticReentrancy02437,SyntheticReentrancy02437,i:claimReward2437,claimReward,train,DAPP::DAppSCAN-source/contracts/openzeppelin-Endaoment/endaoment-contracts-f60aa253d3d869ad6460877f23e6092acb313add::Fund,i:finalizeGrant,finalizeGrant,send,escrowed6,64bc380367b31ce36d8b42a170ac8fd63843ae44d4541901a7da6e8d0752b4f7,1
SYNTH_REENTRANCY::02438::SyntheticReentrancy02438,SyntheticReentrancy02438,i:refund2438,refund,train,DAPP::DAppSCAN-source/contracts/PeckShield-KaoyaSwap/contracts-8273073f1d6914f372790399378f177573c52e37::MasterChef,i:deposit,deposit,safeTransfer,payouts7,3eadf2362690115f3798d8c01b9a77a5a5019e5e449d7c924cc3ab40ee8360ae,1
SYNTH_REENTRANCY::02439::SyntheticReentrancy02439,SyntheticReentrancy02439,i:unstake2439,unstake,train,DAPP::DAppSCAN-source/contracts/QuillAudits-BCUBE Smart Contract/b-cube-ico-13f9f8a991a65f3e0ca60a2078121fdd5a921fb0::BCubePublicSale,i:buyBcubeUsingUSDT,buyBcubeUsingUSDT,transfer,positions8,f4a0e6b50842e59c649219cd81889aabbd55ff1b52d632e389ff711a5773bba2,1
SYNTH_REENTRANCY::02440::SyntheticReentrancy02440,SyntheticReentrancy02440,i:redeem2440,redeem,test,FORGE::vfp_00288::DelegationMetaSwapAdapter,i:swapTokens,swapTokens,call,balances9,39906521ec3fd414428c41dea2524e49a14160e868a3a27d301c65c51d9fd2e0,1
SYNTH_REENTRANCY::02441::SyntheticReentrancy02441,SyntheticReentrancy02441,i:payout2441,payout,test,FORGE::vfp_00260::Router_Adapter,i:relayMessage,relayMessage,transfer,credits10,55d8d9a303298aed7b638e9a56a412453e424c0e351e3baf786991c4c9f0de5d,1
SYNTH_REENTRANCY::02442::SyntheticReentrancy02442,SyntheticReentrancy02442,i:release2442,release,train,FORGE::vfp_00189::Box,i:flash,flash,send,pendingRewards11,750f985bb9c33a96aafe7946bfc3aa31442ab7cb1c29c66fa20a2b2070252d2c,1
SYNTH_REENTRANCY::02443::SyntheticReentrancy02443,SyntheticReentrancy02443,i:exit2443,exit,val,DAPP::DAppSCAN-source/contracts/QuillAudits-GearBox Protocol-GearBox Protocol/gearbox-contracts-0ac33ba87212ce056ac6b6357ad74161d417158a::YearnAdapter,i:_deposit,_deposit,safeTransfer,withdrawalRequests12,3b2bced182d3869f98aaa9700f7ae4daa5d0132ca983749041b990a53334832f,1
SYNTH_REENTRANCY::02444::SyntheticReentrancy02444,SyntheticReentrancy02444,i:claim2444,claim,test,DAPP::DAppSCAN-source/contracts/ImmuneBytes-Bird Money-Final Audit Report/bird-farm-contracts-dfd2502b73c8f54c9081682c3eb070fcd3c00629::MasterChef,i:withdraw,withdraw,transfer,shares13,f7b326e5a6d80842d1a319910862ffbb4094955b4e8e2fd577af9b14f5191296,1
SYNTH_REENTRANCY::02445::SyntheticReentrancy02445,SyntheticReentrancy02445,i:settle2445,settle,train,DAPP::DAppSCAN-source/contracts/consensys-Gamma/hypervisor-41fd4abf79864478523e87924d4e80d80df04879::Hypervisor,i:withdraw,withdraw,call,stakes14,646826d5ebdf91a7ccf59dc2259b2adf1fe0957ebe2b9dd21c7820dae59fc91f,1
SYNTH_REENTRANCY::02446::SyntheticReentrancy02446,SyntheticReentrancy02446,i:collect2446,collect,val,DAPP::DAppSCAN-source/contracts/QuillAudits-GearBox Protocol-GearBox Protocol/gearbox-contracts-0ac33ba87212ce056ac6b6357ad74161d417158a::CurveV1Adapter,i:exchange,exchange,transfer,claims15,fd73dd95f5c343828d4f63dbfd5030c8588ca47d392a498000d5cdad832919ae,1
SYNTH_REENTRANCY::02447::SyntheticReentrancy02447,SyntheticReentrancy02447,i:harvest2447,harvest,train,DAPP::DAppSCAN-source/contracts/Coinbae-Pud.Fi Masterchef_Audit/MasterChef0x15Bee180BB39eE5c0166E63313C33984376930Db::MasterChef,i:balance,balance,send,escrowed16,de9f7a634bfc31cec91fd16e448aab17aba89888182e75e1c99b6b0d4ffaec6a,1
SYNTH_REENTRANCY::02448::SyntheticReentrancy02448,SyntheticReentrancy02448,i:withdraw2448,withdraw,test,FORGE::vfp_00058::LikwidMarginPosition,i:modify,modify,safeTransfer,payouts0,3e9a7984da12932c02d53846ea555c51302749d5d4ebdf0ae8f93aff4da879a7,1
SYNTH_REENTRANCY::02449::SyntheticReentrancy02449,SyntheticReentrancy02449,i:claimReward2449,claimReward,train,DAPP::DAppSCAN-source/contracts/PeckShield-BabySwap/code::HoldStake,i:addPool,addPool,transfer,positions1,0f224738d52e12b9053a2edd43b7eec5ecb8f117a2c7f229458472f7631b7a4c,1
SYNTH_REENTRANCY::02450::SyntheticReentrancy02450,SyntheticReentrancy02450,i:refund2450,refund,train,DAPP::DAppSCAN-source/contracts/PeckShield-Holdefi/Holdefi-5a1e6e0d582120142e8a531f6806eba6665ef2f4::Holdefi,i:repayBorrowInternal,repayBorrowInternal,call,balances2,7b0c7621cd9525f0f67de3f7bc5e6301469e916c2b7f9d6b1a2e37bdf47f95e5,1
SYNTH_REENTRANCY::02451::SyntheticReentrancy02451,SyntheticReentrancy02451,i:unstake2451,unstake,val,DAPP::DAppSCAN-source/contracts/Trail_of_Bits-OriginDollar/origin-dollar-81431fd3b2aa4c518ffc389844f9708c00b516f0::VaultCore,i:rebase,rebase,transfer,credits3,058bb3b42afa7785fb9b1fe58b1f6c042962981aeb538248b9c5ec51441638f5,1
SYNTH_REENTRANCY::02452::SyntheticReentrancy02452,SyntheticReentrancy02452,i:redeem2452,redeem,test,DAPP::DAppSCAN-source/contracts/PeckShield-DarkCrypto/darkcrypto-contracts-fee5be8d36459aebed2b84e6493875b3dc0366fd::SkyRewardPool,i:withdraw,withdraw,send,pendingRewards4,d7fab98fe9abf031347faf77639bc7be2cc275108dd8130d04a2a20499ed73e7,1
SYNTH_REENTRANCY::02453::SyntheticReentrancy02453,SyntheticReentrancy02453,i:payout2453,payout,train,DAPP::DAppSCAN-source/contracts/Hacken-Ground Zero/code::IDO,i:claimTheInvestments,claimTheInvestments,safeTransfer,withdrawalRequests5,c333e6f914ca8e0bc448863fa57a270858f2cb6e4aac5048de899635fe92e5fd,1
SYNTH_REENTRANCY::02454::SyntheticReentrancy02454,SyntheticReentrancy02454,i:release2454,release,val,DAPP::DAppSCAN-source/contracts/Runtime_Vеrification-ElementFinance/elf-contracts-637c6f959315cbb11a164555e588520c7d89122b::YVaultAssetProxy,i:reserveDeposit,reserveDeposit,transfer,shares6,2853f9241db31a19d358fbed4e9be6d62b95264f21b04d18b0f1f7e25e30de9d,1
SYNTH_REENTRANCY::02455::SyntheticReentrancy02455,SyntheticReentrancy02455,i:exit2455,exit,test,DAPP::DAppSCAN-source/contracts/ImmuneBytes-Bird Money(MasterChef)-Audit Report/bird-farm-contracts-dfd2502b73c8f54c9081682c3eb070fcd3c00629::MasterChef,i:deposit,deposit,call,stakes7,59ff2a10516bf7bc0075fc45d6c86b0b1427eab9df21c2168ac4890f17ef60db,1
SYNTH_REENTRANCY::02456::SyntheticReentrancy02456,SyntheticReentrancy02456,i:claim2456,claim,train,DAPP::DAppSCAN-source/contracts/PeckShield-MilkySwap/milkyswap-59f163e9959cf8bae4a521a9648219b553312e07::MasterMilker,i:emergencyWithdraw,emergencyWithdraw,transfer,claims8,a3aa27df78e841f6a391ef04f448a61c1310205382b7b624fe6e36535d767f1c,1
SYNTH_REENTRANCY::02457::SyntheticReentrancy02457,SyntheticReentrancy02457,i:settle2457,settle,train,DAPP::DAppSCAN-source/contracts/Coinbae-Pud.Fi Masterchef_Audit/MasterChef0x15Bee180BB39eE5c0166E63313C33984376930Db::MasterChef,i:setPoolStrategy,setPoolStrategy,send,escrowed9,93d674d8d19beacf935335c961dcc3e33352419d4d527e7ea52338c2157d7596,1
SYNTH_REENTRANCY::02458::SyntheticReentrancy02458,SyntheticReentrancy02458,i:collect2458,collect,train,DAPP::DAppSCAN-source/contracts/Runtime_Vеrification-Element_Finance_Governance_Security_Audit_Report/council-3d751c959b42573c78ccd0bccbc80424bf6d9a90::CoreVoting,i:execute,execute,safeTransfer,payouts10,50ef446726eb65a0f06f9d88a836a091e1241efe759a530e711a8b161c4af16a,1
SYNTH_REENTRANCY::02459::SyntheticReentrancy02459,SyntheticReentrancy02459,i:harvest2459,harvest,val,DAPP::DAppSCAN-source/contracts/QuillAudits-GearBox Protocol-GearBox Protocol/gearbox-contracts-0ac33ba87212ce056ac6b6357ad74161d417158a::WETHGateway,i:addLiquidityETH,addLiquidityETH,transfer,positions11,2b09f528bf31b9882503ea395295bac59c4d49ef2a8e29c864c9d5f36247c1a2,1
SYNTH_REENTRANCY::02460::SyntheticReentrancy02460,SyntheticReentrancy02460,i:withdraw2460,withdraw,train,DAPP::DAppSCAN-source/contracts/PeckShield-Atlantis/atlantis-protocol-bsc-766acebba9316eced1c15abf6158b31f470a947f::AToken,i:borrowFresh,borrowFresh,call,balances12,e577371dbf9ac415d20f384094d0d6e07ab859978577a26fef8b0ab930346c6d,1
SYNTH_REENTRANCY::02461::SyntheticReentrancy02461,SyntheticReentrancy02461,i:claimReward2461,claimReward,train,FORGE::vfp_00088::EnjoyoorsVaultWithdrawals,i:_claimWithdrawal,_claimWithdrawal,transfer,credits13,501a6135dde6678a73a84ecd79f9f8ece67a747d11ec9c309ea38e0145477475,1
SYNTH_REENTRANCY::02462::SyntheticReentrancy02462,SyntheticReentrancy02462,i:refund2462,refund,test,FORGE::vfp_00126::SpokePool,i:_setOftMessenger,_setOftMessenger,send,pendingRewards14,d42106ba61934bc90a295d3881f4860a8d297ba762023d6db0d35e00975427b3,1
SYNTH_REENTRANCY::02463::SyntheticReentrancy02463,SyntheticReentrancy02463,i:unstake2463,unstake,train,DAPP::DAppSCAN-source/contracts/QuillAudits-Yearn Finance-Yearn Protocol V1/yearn-protocol-9ff0dc0ea73642c529383d0675930a41bf033295::yDelegatedVault,i:claimInsurance,claimInsurance,safeTransfer,withdrawalRequests15,d987266bac77e8c6dceaaea6d4d7d3f798ee2976b3ce457a01e4a611342a4656,1
SYNTH_REENTRANCY::02464::SyntheticReentrancy02464,SyntheticReentrancy02464,i:redeem2464,redeem,train,DAPP::DAppSCAN-source/contracts/PeckShield-SushiSwap/sushiswap-180bc9b642bba79c1ee4a63f71a3a0d36e64aa63::MasterChef,i:withdraw,withdraw,transfer,shares16,4b616b7a9a1d6d00152fb970ad26d7ae488df222e6d7658536e61e03fecff3c4,1
SYNTH_REENTRANCY::02465::SyntheticReentrancy02465,SyntheticReentrancy02465,i:payout2465,payout,train,FORGE::vfp_00221::LimitOrderHook,i:_handlePlaceCallback,_handlePlaceCallback,call,stakes0,352f13c6df143798df05d717d9b4af58ec2629c92b8b1deb7104b255af22f58a,1
SYNTH_REENTRANCY::02466::SyntheticReentrancy02466,SyntheticReentrancy02466,i:release2466,release,train,DAPP::DAppSCAN-source/contracts/QuillAudits-Keep3r.Network-Keep3r.Network/StakingRewardsV3-13ecc6966ae1a413f62224382bfd4d64b1a22351::StakingRewardsV3,i:deposit,deposit,transfer,claims1,58c313a67e5b10081c9c27948efd589925bf7a957d05f62337877c9830dfc543,1
SYNTH_REENTRANCY::02467::SyntheticReentrancy02467,SyntheticReentrancy02467,i:exit2467,exit,val,DAPP::DAppSCAN-source/contracts/Trail_of_Bits-OriginDollar/origin-dollar-81431fd3b2aa4c518ffc389844f9708c00b516f0::VaultCore,i:_allocate,_allocate,send,escrowed2,b0784251b1488050172596957c6168caa6e36dbf515388d6e4197e93013a160b,1
SYNTH_REENTRANCY::02468::SyntheticReentrancy02468,SyntheticReentrancy02468,i:claim2468,claim,train,DAPP::DAppSCAN-source/contracts/Coinbae-Pud.Fi Masterchef_Audit/MasterChef0x15Bee180BB39eE5c0166E63313C33984376930Db::MasterChef,i:withdraw,withdraw,safeTransfer,payouts3,d5f2fd79e8edde520c932302bec31671a12e7a2ae1f77810e8de32bbf487e9ee,1
SYNTH_REENTRANCY::02469::SyntheticReentrancy02469,SyntheticReentrancy02469,i:settle2469,settle,train,DAPP::DAppSCAN-source/contracts/Coinbae-Pud.Fi Masterchef_Audit/MasterChef0x15Bee180BB39eE5c0166E63313C33984376930Db::MasterChef,i:add,add,transfer,positions4,06891b9d1fbda6d81139c9662c9dad3cbcc2e22f93db8faf8564dbe2772bfe88,1
SYNTH_REENTRANCY::02470::SyntheticReentrancy02470,SyntheticReentrancy02470,i:collect2470,collect,train,DAPP::DAppSCAN-source/contracts/PeckShield-DSG/core-6f607f77698936e132e4e9b5cb4d75580636d919::SinglePool,i:emergencyWithdraw,emergencyWithdraw,call,balances5,c9d2cacb2c99aba611c9e9f675b0bdbb7482c8a80cc33f2065bb389b22cdebd7,1
SYNTH_REENTRANCY::02471::SyntheticReentrancy02471,SyntheticReentrancy02471,i:harvest2471,harvest,test,DAPP::DAppSCAN-source/contracts/BlockSec-blocksec_impossible_finance_swap_v1.2/impossible-swap-core-29aaef89f996acdbee92b67c4d95fb608dc8b876::ImpossibleWrappedToken,i:deposit,deposit,transfer,credits6,edeb63db9ac3d68a296ecabe4ab3bcd0f2902df900832a310bf5846f6083ec07,1
SYNTH_REENTRANCY::02472::SyntheticReentrancy02472,SyntheticReentrancy02472,i:withdraw2472,withdraw,train,DAPP::DAppSCAN-source/contracts/consensys-Connext NXTP — Noncustodial Xchain Transfer Protocol/nxtp-0656436d654cfe0313fa3c2bbc81aa86232ade16::TransactionManager,i:removeLiquidity,removeLiquidity,send,pendingRewards7,eec98487e8986f2ff8bc2238f0fc6730335305e05c0ace684a8d31323c1f06b2,1
SYNTH_REENTRANCY::02473::SyntheticReentrancy02473,SyntheticReentrancy02473,i:claimReward2473,claimReward,train,DAPP::DAppSCAN-source/contracts/PeckShield-DSG/core-6f607f77698936e132e4e9b5cb4d75580636d919::GovernorV1,i:propose,propose,safeTransfer,withdrawalRequests8,67ef9041f5b2dc70524fe9040a0cb2fc1cedc5319f35bbf2bdd67a12f389002f,1
SYNTH_REENTRANCY::02474::SyntheticReentrancy02474,SyntheticReentrancy02474,i:refund2474,refund,train,DAPP::DAppSCAN-source/contracts/QuillAudits-Yearn Finance-Yearn Protocol V1/yearn-protocol-9ff0dc0ea73642c529383d0675930a41bf033295::yWETH,i:depositETH,depositETH,transfer,shares9,171d20f3162dff42a07fc3d0cd5dcda28a245abb19a0365d75b7d2301e50e3b3,1
SYNTH_REENTRANCY::02475::SyntheticReentrancy02475,SyntheticReentrancy02475,i:unstake2475,unstake,train,DAPP::DAppSCAN-source/contracts/PeckShield-ShibaNova/Contracts-b6b1ce1fcaff83d360df8944309f49958842b7b8::MasterShiba,i:withdraw,withdraw,call,stakes10,ad5d0396a4dccb0a4ff31bd3a499d3c20a4ce9627e064367a05e0c97fa8d68f7,1
SYNTH_REENTRANCY::02476::SyntheticReentrancy02476,SyntheticReentrancy02476,i:redeem2476,redeem,train,FORGE::vfp_00221::LimitOrderHook,i:cancelOrder,cancelOrder,transfer,claims11,a916d5911a84d19db1642f0c0b0c2cbf6c3037f06f471dc1e9f7ca8032061008,1
SYNTH_REENTRANCY::02477::SyntheticReentrancy02477,SyntheticReentrancy02477,i:payout2477,payout,train,DAPP::DAppSCAN-source/contracts/PeckShield-PikaPerpV2/PikaPerpV2-4a0965ff90ed099b7e2d3e8dda47cd589ee8e3a2::PikaPerpV2,i:closePositionWithId,closePositionWithId,send,escrowed12,ca669135b18aa0d8c4d636ac90aedc7a180b62d178c89e61e0ccfd5c374721c9,1
SYNTH_REENTRANCY::02478::SyntheticReentrancy02478,SyntheticReentrancy02478,i:release2478,release,val,DAPP::DAppSCAN-source/contracts/QuillAudits-GearBox Protocol-GearBox Protocol/gearbox-contracts-0ac33ba87212ce056ac6b6357ad74161d417158a::UniswapV3Adapter,i:exactInputSingle,exactInputSingle,safeTransfer,payouts13,1c5188cbe089d60e013a9640ae852dda481d1ea0cac72d2f2a6d14fbff1261fb,1
SYNTH_REENTRANCY::02479::SyntheticReentrancy02479,SyntheticReentrancy02479,i:exit2479,exit,val,DAPP::DAppSCAN-source/contracts/QuillAudits-GearBox Protocol-GearBox Protocol/gearbox-contracts-0ac33ba87212ce056ac6b6357ad74161d417158a::PoolService,i:lendCreditAccount,lendCreditAccount,transfer,positions14,b26e02ed0ab3613ed42dfc2a90325b6256da881a715ea6c373f63093b975a462,1
SYNTH_REENTRANCY::02480::SyntheticReentrancy02480,SyntheticReentrancy02480,i:claim2480,claim,val,DAPP::DAppSCAN-source/contracts/SlowMist-Starcrazy Smart Contract Security Audit Report/starcrazy-contracts-e9e11d234ac065726e108a73dfcd5efbad26f2c5::ClockAuctionBase,i:setGeneScienceAddress,setGeneScienceAddress,call,balances15,156227ee77096e9b7f57598b941abbcb7b31b34b0e70f88cb715d9578cafff33,1
SYNTH_REENTRANCY::02481::SyntheticReentrancy02481,SyntheticReentrancy02481,i:settle2481,settle,val,DAPP::DAppSCAN-source/contracts/QuillAudits-GearBox Protocol-GearBox Protocol/gearbox-contracts-0ac33ba87212ce056ac6b6357ad74161d417158a::UniswapV2Adapter,i:swapTokensForExactTokens,swapTokensForExactTokens,transfer,credits16,b99aeb7ee7dce754c409275baf81bd296d12328cf611129f09be90f9970284e4,1
SYNTH_REENTRANCY::02482::SyntheticReentrancy02482,SyntheticReentrancy02482,i:collect2482,collect,val,DAPP::DAppSCAN-source/contracts/PeckShield-TranchessV1.1/contract-core-68a86350313c1cb9e5467e791d3e9efaf228a0df::StakingV2,i:deposit,deposit,send,pendingRewards0,5a685af1c27c4c39cd653158dbbd91c73eebe017cc30c834eec5ad711e81e6f5,1
SYNTH_REENTRANCY::02483::SyntheticReentrancy02483,SyntheticReentrancy02483,i:harvest2483,harvest,train,FORGE::vfp_00224::OidcRecoveryValidator,i:startRecovery,startRecovery,safeTransfer,withdrawalRequests1,c01e651bb28131f241ebf872e548901152d99d2237bede59740a2a46fc08c6a7,1
SYNTH_REENTRANCY::02484::SyntheticReentrancy02484,SyntheticReentrancy02484,i:withdraw2484,withdraw,train,DAPP::DAppSCAN-source/contracts/QuillAudits-1inch-Fixed Rate Swap/fixed-rate-swap-0b5a75e9f56e7d21c290dd28c59dc140dcbcc1d5::FixedRateSwap,i:depositFor,depositFor,transfer,shares2,b1fdfc18193474155b046d1a93df845d0a20968f510c61c3b7e41bb9a6542e60,1
SYNTH_REENTRANCY::02485::SyntheticReentrancy02485,SyntheticReentrancy02485,i:claimReward2485,claimReward,train,DAPP::DAppSCAN-source/contracts/PeckShield-Holdefi/Holdefi-5a1e6e0d582120142e8a531f6806eba6665ef2f4::HoldefiSettings,i:setHoldefiContract,setHoldefiContract,call,stakes3,030fdeeb1b0fae3d2ac5602d5b71c3d3414ad42179f70c7d9c22cdfa4a03d694,1
SYNTH_REENTRANCY::02486::SyntheticReentrancy02486,SyntheticReentrancy02486,i:refund2486,refund,train,DAPP::DAppSCAN-source/contracts/Chainsecurity-Compound  cToken unredacted/compound-protocol-4a54ec5c55b66ea67d44b76f3056f0ed7229db8c::Comptroller,i:liquidateBorrowAllowed,liquidateBorrowAllowed,transfer,claims4,f438d5dba5fddd5d4cf57a266d94a613b1a083563464208ebbdd79397cc1cbc8,1
SYNTH_REENTRANCY::02487::SyntheticReentrancy02487,SyntheticReentrancy02487,i:unstake2487,unstake,train,DAPP::DAppSCAN-source/contracts/openzeppelin-Optimism/contracts-18e128343731b9bde23812ce932e24d81440b6b7::OVM_StateTransitioner,i:applyTransaction,applyTransaction,send,escrowed5,6bb0189bb78b97472f321075db551d4fad485caef2234afc60851747cbf77b0e,1
SYNTH_REENTRANCY::02488::SyntheticReentrancy02488,SyntheticReentrancy02488,i:redeem2488,redeem,val,DAPP::DAppSCAN-source/contracts/QuillAudits-GearBox Protocol-GearBox Protocol/gearbox-contracts-0ac33ba87212ce056ac6b6357ad74161d417158a::YearnAdapter,i:withdraw,withdraw,safeTransfer,payouts6,5dda5771a947f55f3a104dcc02533e7f94b8305829bb317169b273abb1ad43e4,1
SYNTH_REENTRANCY::02489::SyntheticReentrancy02489,SyntheticReentrancy02489,i:payout2489,payout,train,DAPP::DAppSCAN-source/contracts/QuillAudits-Abyss Finance-Abyss Eth2 Depositor/abyss-eth2depositor-a2d58dea4d79846dc682fe93ac3e0eca02323d11::AbyssEth2Depositor,i:deposit,deposit,transfer,positions7,9d32ca5651ae5e39cc8a08c8fd94c6a07cf90dd61d165c9f750b4335cb167f31,1
SYNTH_REENTRANCY::02490::SyntheticReentrancy02490,SyntheticReentrancy02490,i:release2490,release,train,DAPP::DAppSCAN-source/contracts/Coinbae-Pud.Fi Masterchef_Audit/MasterChef0x15Bee180BB39eE5c0166E63313C33984376930Db::MasterChef,i:deposit,deposit,call,balances8,b9a5655f4e80ee7e1ecadd72e3b57beacfac5929510790c93900d28035b43334,1
SYNTH_REENTRANCY::02491::SyntheticReentrancy02491,SyntheticReentrancy02491,i:exit2491,exit,val,DAPP::DAppSCAN-source/contracts/SlowMist-Starcrazy Smart Contract Security Audit Report/starcrazy-contracts-e9e11d234ac065726e108a73dfcd5efbad26f2c5::AlianaSale,i:withdrawOwnerCutSale,withdrawOwnerCutSale,transfer,credits9,95bf6742736cae044d8c6c11b793cef8441c2a4eb207b0ab6ce4fc018f01cb84,1
SYNTH_REENTRANCY::02492::SyntheticReentrancy02492,SyntheticReentrancy02492,i:claim2492,claim,val,FORGE::vfp_00001::AgentImageService,i:fulfillImage,fulfillImage,send,pendingRewards10,2675b8af7375fb42a7706ff7211c010a59164edbf80db8c21ee466840e4f8b77,1
SYNTH_REENTRANCY::02493::SyntheticReentrancy02493,SyntheticReentrancy02493,i:settle2493,settle,test,FORGE::vfp_00058::LikwidMarginPosition,i:_executeAddLeverage,_executeAddLeverage,safeTransfer,withdrawalRequests11,28247949ba112c6cb01827deea493db822042f3461dd39fc748bc1be9686950e,1
SYNTH_REENTRANCY::02494::SyntheticReentrancy02494,SyntheticReentrancy02494,i:collect2494,collect,train,DAPP::DAppSCAN-source/contracts/Chainsecurity-Compound  cToken unredacted/compound-protocol-4a54ec5c55b66ea67d44b76f3056f0ed7229db8c::CToken,i:_setComptroller,_setComptroller,transfer,shares12,b13e3ff15bf4034f75f3109e09a172da040857eab7d5c67c0a9aedec7930bef7,1
SYNTH_REENTRANCY::02495::SyntheticReentrancy02495,SyntheticReentrancy02495,i:harvest2495,harvest,val,DAPP::DAppSCAN-source/contracts/Trail_of_Bits-OriginDollar/origin-dollar-81431fd3b2aa4c518ffc389844f9708c00b516f0::VaultCore,i:_redeem,_redeem,call,stakes13,9d64873bcb09cdd23cd558447aa508d20dc661ca7cd50c9215fb2c86896c7c8a,1
SYNTH_REENTRANCY::02496::SyntheticReentrancy02496,SyntheticReentrancy02496,i:withdraw2496,withdraw,val,DAPP::DAppSCAN-source/contracts/QuillAudits-GearBox Protocol-GearBox Protocol/gearbox-contracts-0ac33ba87212ce056ac6b6357ad74161d417158a::AccountFactory,i:returnCreditAccount,returnCreditAccount,transfer,claims14,6c135b6ee20ffce45b5eec584c4e809434595196ac8a501b9206f504c65f09b5,1
SYNTH_REENTRANCY::02497::SyntheticReentrancy02497,SyntheticReentrancy02497,i:claimReward2497,claimReward,train,FORGE::vfp_00102::StopLimit,i:performUpkeep,performUpkeep,send,escrowed15,2bb71cd17467d7d9d66262fc43946dacb13ced91d80a8359bc28657178effbff,1
SYNTH_REENTRANCY::02498::SyntheticReentrancy02498,SyntheticReentrancy02498,i:refund2498,refund,train,FORGE::vfp_00007::Folio,i:getRebalance,getRebalance,safeTransfer,payouts16,daae75b74fdf0de54cafe7749dc68f2655decf3766254104c63de887654ba69e,1
SYNTH_REENTRANCY::02499::SyntheticReentrancy02499,SyntheticReentrancy02499,i:unstake2499,unstake,train,DAPP::DAppSCAN-source/contracts/BlockSec-blocksec_multichain_vemult_v1.0_signed/veMULTI-bac804399d1ea280e5bd8cdc9488b6fa6a0a7fcc::ve,i:withdraw,withdraw,transfer,positions0,f199950c9df8047bd8fddd81b6cd86ada62e83715d472631523ddfeba552c976,1
SYNTH_REENTRANCY::02500::SyntheticReentrancy02500,SyntheticReentrancy02500,i:redeem2500,redeem,val,DAPP::DAppSCAN-source/contracts/QuillAudits-GearBox Protocol-GearBox Protocol/gearbox-contracts-0ac33ba87212ce056ac6b6357ad74161d417158a::WETHGateway,i:openCreditAccountETH,openCreditAccountETH,call,balances1,ab79f7268d70cc36d4171afaa43a235af09cd4dbd40f84c852e73e0118cdc019,1
SYNTH_REENTRANCY::02501::SyntheticReentrancy02501,SyntheticReentrancy02501,i:payout2501,payout,val,DAPP::DAppSCAN-source/contracts/QuillAudits-GearBox Protocol-GearBox Protocol/gearbox-contracts-0ac33ba87212ce056ac6b6357ad74161d417158a::UniswapV3Adapter,i:exactOutput,exactOutput,transfer,credits2,b237bd14f2779891c535df2da4fbc95ab5a8f4a4e351d361b269c94a4be91bed,1
SYNTH_REENTRANCY::02502::SyntheticReentrancy02502,SyntheticReentrancy02502,i:release2502,release,val,DAPP::DAppSCAN-source/contracts/SlowMist-Starcrazy Smart Contract Security Audit Report/starcrazy-contracts-e9e11d234ac065726e108a73dfcd5efbad26f2c5::AlianaBase,i:setGeneScienceAddress,setGeneScienceAddress,send,pendingRewards3,318bf996b7eddd9822b9cb4d6b50050557253a43d73b43120386ed0b5e9b6663,1
SYNTH_REENTRANCY::02503::SyntheticReentrancy02503,SyntheticReentrancy02503,i:exit2503,exit,val,DAPP::DAppSCAN-source/contracts/SlowMist-Starcrazy Smart Contract Security Audit Report/starcrazy-contracts-e9e11d234ac065726e108a73dfcd5efbad26f2c5::AlianaOwnership,i:setGeneScienceAddress,setGeneScienceAddress,safeTransfer,withdrawalRequests4,1d9156d1497eb6c8fccdee871ac4cbf2652567a1677dc9ce70787572ffc119d7,1
SYNTH_REENTRANCY::02504::SyntheticReentrancy02504,SyntheticReentrancy02504,i:claim2504,claim,test,DAPP::DAppSCAN-source/contracts/Hacken-Powerbomb-V1/powerbomb-lite-0f86ff1eecdd723be733a9b33ff4ffa3bbdadcee::PowerBombAvaxCurve,i:claimReward,claimReward,transfer,shares5,afa3445779603cfcbf7921129e92ff2d3c4f9e1d0483b43f18cfc1c035830469,1
SYNTH_REENTRANCY::02505::SyntheticReentrancy02505,SyntheticReentrancy02505,i:settle2505,settle,train,DAPP::DAppSCAN-source/contracts/QuillAudits-Alium Finance Smart Contract/alium-farm-e37d6af39af68049c2684085f025385407b4bd55::MasterChef,i:emergencyWithdraw,emergencyWithdraw,call,stakes6,617e9c1620468b7212a72b49a27691d247f81bfd7ac5a8d414013e23d4773a7a,1
SYNTH_REENTRANCY::02506::SyntheticReentrancy02506,SyntheticReentrancy02506,i:collect2506,collect,train,DAPP::DAppSCAN-source/contracts/openzeppelin-Solo_Margin_Protocol/solo-17df84db351d5438e1b7437572722b4f52c8b2b4::AdminImpl,i:_setPriceOracle,_setPriceOracle,transfer,claims7,18de71c9f5eb246088a3e203da7015b9c0a5d822c637c0aee25dafd1a4ac9e63,1
SYNTH_REENTRANCY::02507::SyntheticReentrancy02507,SyntheticReentrancy02507,i:harvest2507,harvest,train,FORGE::vfp_00215::ScrollChainValidium,i:registerNewEncryptionKey,registerNewEncryptionKey,send,escrowed8,ec6afea073643b56884e314a27d1b7e4b05f7b10cf3b29db051bc015db1175ca,1
SYNTH_REENTRANCY::02508::SyntheticReentrancy02508,SyntheticReentrancy02508,i:withdraw2508,withdraw,train,DAPP::DAppSCAN-source/contracts/Runtime_Vеrification-stakefish_ethereum_staking_audit_report/eth2-validation-services-contract-d91928f3a270f6115831fe3a21a69eb98bf57b26::StakefishERC721Wrapper,i:mintTo,mintTo,safeTransfer,payouts9,505fcea8f900ccaf095df02a10e67f19fd7111e7e4af1a76bdcb755ab151260c,1
SYNTH_REENTRANCY::02509::SyntheticReentrancy02509,SyntheticReentrancy02509,i:claimReward2509,claimReward,val,DAPP::DAppSCAN-source/contracts/PeckShield-Tranchessv1.0/contract-core-5ac3d997da3ef37b0135565a11c5ebcc519862aa::LiquidityStaking,i:deposit,deposit,transfer,positions10,28974db243b40318879dd14b71abac4471b3fb6a02d93deb71643f27ce0a13ff,1
SYNTH_REENTRANCY::02510::SyntheticReentrancy02510,SyntheticReentrancy02510,i:refund2510,refund,train,FORGE::vfp_00209::StakingManager,i:withdraw,withdraw,call,balances11,82c5fabdda3a05700ff9eb8c1a136f0e1004df957513a1c75cccb3e453885a41,1
SYNTH_REENTRANCY::02511::SyntheticReentrancy02511,SyntheticReentrancy02511,i:unstake2511,unstake,train,DAPP::DAppSCAN-source/contracts/Trail_of_Bits-ampleforth/market-oracle-888fccaf05786f3f7f49e18ff040f911d44906f4::MarketOracle,i:getPriceAnd24HourVolume,getPriceAnd24HourVolume,transfer,credits12,4e80c1e806dcb6cbe862962343f627be3146d1f4f9b753be2380447bc65c3858,1
SYNTH_REENTRANCY::02512::SyntheticReentrancy02512,SyntheticReentrancy02512,i:redeem2512,redeem,train,DAPP::DAppSCAN-source/contracts/PeckShield-Rikkei/rifi-protocol-b33243fb3a218cc195f0727fe1499cb57f5ea0b2::RToken,i:borrowFresh,borrowFresh,send,pendingRewards13,6d929d5b60728197b16c64cb02bedcaa4d70e67a4223d6daa06c5c8bbe7c7fc9,1
SYNTH_REENTRANCY::02513::SyntheticReentrancy02513,SyntheticReentrancy02513,i:payout2513,payout,train,FORGE::vfp_00007::Folio,i:startRebalance,startRebalance,safeTransfer,withdrawalRequests14,717d50903a786fa77cc2b2fbc8eddec7ee5374fcdc14e3671484cbc7b861168e,1
SYNTH_REENTRANCY::02514::SyntheticReentrancy02514,SyntheticReentrancy02514,i:release2514,release,val,DAPP::DAppSCAN-source/contracts/Runtime_Vеrification-Tracer_Perpetual_Pools_V2/perpetual-pools-contracts-846bbf62652d7c83aee1cf3766275c4d08b00c8a::PoolFactory,i:deployPool,deployPool,transfer,shares15,bb2b6fcfc8c822594a6cc0757248b675abf91b8b1bff7449e152df8a9338661b,1
SYNTH_REENTRANCY::02515::SyntheticReentrancy02515,SyntheticReentrancy02515,i:exit2515,exit,train,DAPP::DAppSCAN-source/contracts/Trail_of_Bits-FraxQ42021/frax-solidity-bd40775e283923aa9e32a107abd426430a99835e::veFXSYieldDistributorV4,i:notifyRewardAmount,notifyRewardAmount,call,stakes16,e6009ca3390c7907221adce47f9f2036b5562d8ed1b36facd1a1b559de01ac73,1
SYNTH_REENTRANCY::02516::SyntheticReentrancy02516,SyntheticReentrancy02516,i:claim2516,claim,train,FORGE::vfp_00007::Folio,i:mint,mint,transfer,claims0,2e0248d3aa664510afcc125a3b82fa57f98202f74c1680dde475f22ff8929bcf,1
SYNTH_REENTRANCY::02517::SyntheticReentrancy02517,SyntheticReentrancy02517,i:settle2517,settle,test,DAPP::DAppSCAN-source/contracts/SlowMist-ForTube2.0 Smart Contract Security Audit Report/bond-854527d0ea7ad2ddd3504b4d4ae3fcb57cb6445d::PRA,i:lock,lock,send,escrowed1,41e390971f54d28a2457f6ad9134aa9ade54c4a55c3fd7cbc1beac924ab9a494,1
SYNTH_REENTRANCY::02518::SyntheticReentrancy02518,SyntheticReentrancy02518,i:collect2518,collect,train,FORGE::vfp_00007::Folio,i:distributeFees,distributeFees,safeTransfer,payouts2,6a94676232f8e6b29f1a7a4981654df276320f83f148f5272ed13575b8e3e52f,1
SYNTH_REENTRANCY::02519::SyntheticReentrancy02519,SyntheticReentrancy02519,i:harvest2519,harvest,train,DAPP::DAppSCAN-source/contracts/PeckShield-BabySwap/code::MasterChef,i:withdraw,withdraw,transfer,positions3,56a29a428e8c5716ab4ef4c7b6362db4dcc80ef450d1739baaf4425c9c582e37,1
SYNTH_REENTRANCY::02520::SyntheticReentrancy02520,SyntheticReentrancy02520,i:withdraw2520,withdraw,train,DAPP::DAppSCAN-source/contracts/QuillAudits-coalichain/CoaliSC-3f0920d650467279f7ceee08776bd74ecadd3237::Main,i:createBallot,createBallot,call,balances4,63f0075476f4904eff8c393c0e6b77534dda47e9570288aadbaa7afca5279cab,1
SYNTH_REENTRANCY::02521::SyntheticReentrancy02521,SyntheticReentrancy02521,i:claimReward2521,claimReward,val,DAPP::DAppSCAN-source/contracts/Trail_of_Bits-OriginDollar/origin-dollar-81431fd3b2aa4c518ffc389844f9708c00b516f0::VaultCore,i:mintMultiple,mintMultiple,transfer,credits5,4eaf33b4b2652d629fe17dcc535e5840f622bf94c55d3e0c79574c045fa8d423,1
SYNTH_REENTRANCY::02522::SyntheticReentrancy02522,SyntheticReentrancy02522,i:refund2522,refund,test,DAPP::DAppSCAN-source/contracts/PepperSec-Aira-Robonomic/robonomics_contracts-cc35a91de187072214d215262d8371f0159c2498::LighthouseLib,i:withdraw,withdraw,send,pendingRewards6,13b2ee9b54a1283865c0003164c4d0216f35d1b9d2452a7ff7f2082405b7ec0e,1
SYNTH_REENTRANCY::02523::SyntheticReentrancy02523,SyntheticReentrancy02523,i:unstake2523,unstake,train,DAPP::DAppSCAN-source/contracts/PeckShield-Convex_Frax/frax-cvx-platform-2f8573ee796daa022c1050b4a749bf08049c439b::StakingProxyUniV3,i:lockAdditional,lockAdditional,safeTransfer,withdrawalRequests7,1a11e1a55fef8fbe6a5bf2cbf9db4b6c3cc2a172789052fa1cc43addcf0e3ca6,1
SYNTH_REENTRANCY::02524::SyntheticReentrancy02524,SyntheticReentrancy02524,i:redeem2524,redeem,train,DAPP::DAppSCAN-source/contracts/PeckShield-CryptoHeroes/cryptoheroes-6cb0eaf8c88fdaab89d2b4c83535a189c7793001::CryptoHeroesUniverse,i:deposit,deposit,transfer,shares8,966054e8ee6ba8adca07945496c659d4634e19a9cba4bebf06eed902e04412e1,1
SYNTH_REENTRANCY::02525::SyntheticReentrancy02525,SyntheticReentrancy02525,i:payout2525,payout,train,DAPP::DAppSCAN-source/contracts/Chainsecurity-Angle Protocol/angle-core-46e6d32837cbe97a4af0adb693e63afa0d01fc3e::PerpetualManagerFront,i:openPerpetual,openPerpetual,call,stakes9,4a3551e08a3133257e671d832491820c80fd182888ccda52d156f50c61cd9544,1
SYNTH_REENTRANCY::02526::SyntheticReentrancy02526,SyntheticReentrancy02526,i:release2526,release,train,DAPP::DAppSCAN-source/contracts/PeckShield-Hegic(v8888)/Hegic-v8888-2dcd44dc1ae07881e94d52fa618f9704bfd4ffda::HegicPool,i:provideFrom,provideFrom,transfer,claims10,d2cdc62625347aabbac811e77f691b0c974246bddf3419e9875888c5d171eeab,1
SYNTH_REENTRANCY::02527::SyntheticReentrancy02527,SyntheticReentrancy02527,i:exit2527,exit,train,FORGE::vfp_00174::P2pResolvProxy,i:withdrawRESOLV,withdrawRESOLV,send,escrowed11,e84c4a1862256fc6de1b6483fa4756c981f61b14e6b5c97c7e82a2757113a4e3,1
SYNTH_REENTRANCY::02528::SyntheticReentrancy02528,SyntheticReentrancy02528,i:claim2528,claim,train,DAPP::DAppSCAN-source/contracts/QuillAudits-Bond Appetit-Bond Appetit/bondappetit-protocol-355180f0aca0b29d60d808f761052956b7a3a159::ProfitSplitter,i:_payToRecipients,_payToRecipients,safeTransfer,payouts12,f30490f303fe9f421e1ebaf05e58409a53098342eae051e9f5a46ee808c400d4,1
SYNTH_REENTRANCY::02529::SyntheticReentrancy02529,SyntheticReentrancy02529,i:settle2529,settle,train,FORGE::vfp_00209::StakingManager,i:stake,stake,transfer,positions13,031bab6c40d3a3b0b3c6452aed0a291db1245dfbed91cf607c2b9b7bebee31a9,1
SYNTH_REENTRANCY::02530::SyntheticReentrancy02530,SyntheticReentrancy02530,i:collect2530,collect,test,DAPP::DAppSCAN-source/contracts/Solidity_Finance-OKLG - Smart Contract/contracts-e167d0d742d21bcc62d7a5b770a1f0ed1cf31eca::MTGYTokenLocker,i:withdrawLockedTokens,withdrawLockedTokens,call,balances14,58d3631cfdd7e2b9a0d6b8e61c1093bbea34ef44870c13099db4005b11e1e3d2,1
SYNTH_REENTRANCY::02531::SyntheticReentrancy02531,SyntheticReentrancy02531,i:harvest2531,harvest,val,DAPP::DAppSCAN-source/contracts/consensys-DeFi_Saver/defisaver-v3-contracts-cb29669a84c2d6fffaf2231c0938eb407c060919::FLAaveV2,i:executeOperation,executeOperation,transfer,credits15,787bd5b63a0323a8e8e04c5b844d51ce95d6fe7ecac15231667060efdc9b4c4e,1
SYNTH_REENTRANCY::02532::SyntheticReentrancy02532,SyntheticReentrancy02532,i:withdraw2532,withdraw,train,DAPP::DAppSCAN-source/contracts/Iosiro-1inch Exchange Staking Rewards Smart Contract Audit/liquidity-protocol-c9c8bc600e8e7897f70f84b006de601d4f4bcbe3::BaseRewards,i:getReward,getReward,send,pendingRewards16,7038490b75e996070b6600437e69fde8345a5e8bfb83d40a23a283c707b638ec,1
SYNTH_REENTRANCY::02533::SyntheticReentrancy02533,SyntheticReentrancy02533,i:claimReward2533,claimReward,train,FORGE::vfp_00102::StopLimit,i:modifyOrder,modifyOrder,safeTransfer,withdrawalRequests0,8b05209739a801826c9df939e4e40ee4dc01e66ecac9fa674dbf78ed57543b03,1
SYNTH_REENTRANCY::02534::SyntheticReentrancy02534,SyntheticReentrancy02534,i:refund2534,refund,val,FORGE::vfp_00001::AgentImageService,i:requestImage,requestImage,transfer,shares1,2ccf7ba6503a0b0c609bb6b93bcb4e869b2122ccb9d9b9415d87a90d162d43b1,1
SYNTH_REENTRANCY::02535::SyntheticReentrancy02535,SyntheticReentrancy02535,i:unstake2535,unstake,train,FORGE::vfp_00189::Box,i:deallocate,deallocate,call,stakes2,7ffd38f84380c66e627fb9621f281970ca834315dc2159d2846c2b2b4fbb12b3,1
SYNTH_REENTRANCY::02536::SyntheticReentrancy02536,SyntheticReentrancy02536,i:redeem2536,redeem,val,DAPP::DAppSCAN-source/contracts/QuillAudits-GearBox Protocol-GearBox Protocol/gearbox-contracts-0ac33ba87212ce056ac6b6357ad74161d417158a::UniswapV3Adapter,i:exactInput,exactInput,transfer,claims3,57a02097dbec8f5e6f746a7aefb78c84dc87b19d3d3e117eea86645236d7c6aa,1
SYNTH_REENTRANCY::02537::SyntheticReentrancy02537,SyntheticReentrancy02537,i:payout2537,payout,train,DAPP::DAppSCAN-source/contracts/PeckShield-StackerVC/StackerVC_VentureFund001-3cfb98b21f4731dfd62993feb7c7d1540837f59b::LPGauge,i:deposit,deposit,send,escrowed4,0d3838074a0cac2fa24984dc47f6a4fbf4eed7707757df8916f79ef74b157186,1
SYNTH_REENTRANCY::02538::SyntheticReentrancy02538,SyntheticReentrancy02538,i:release2538,release,train,DAPP::DAppSCAN-source/contracts/consensys-Aave_Protocol_V2/aave-protocol-v2-f756f44a8d6a328cd545335e46e7128939db88c4::LendingPool,i:deposit,deposit,safeTransfer,payouts5,5112bf2a07206465e4df15311be059de14e38bd6e93087afef3d6147f128817a,1
SYNTH_REENTRANCY::02539::SyntheticReentrancy02539,SyntheticReentrancy02539,i:exit2539,exit,test,DAPP::DAppSCAN-source/contracts/Trail_of_Bits-Liquity/dev-f0df3efa5a5f05b205752184cfce107c5bd6e06c::BorrowerOperations,i:_moveTokensAndETHfromAdjustment,_moveTokensAndETHfromAdjustment,transfer,positions6,1f2123f3a0770854d25513480829319677b5d71bb6c14a8d00ee0f887f392441,1
SYNTH_REENTRANCY::02540::SyntheticReentrancy02540,SyntheticReentrancy02540,i:claim2540,claim,train,DAPP::DAppSCAN-source/contracts/Coinbae-Hakka_Finance_wHakka/code::wHakka,i:stake,stake,call,balances7,76145273742d13487e66a51e06809c3f7d09df83e7e5cf850d139d09aa538377,1
SYNTH_REENTRANCY::02541::SyntheticReentrancy02541,SyntheticReentrancy02541,i:settle2541,settle,train,DAPP::DAppSCAN-source/contracts/consensys-Idle_Finance/idle-tranches-d94ee7194e8cb17db13b16c338f3e780b62f5435::IdleCDO,i:_deposit,_deposit,transfer,credits8,4ce3c6db0398f92088dadf360f0b46abed728715de923fa6a29f6c5e7a38c505,1
SYNTH_REENTRANCY::02542::SyntheticReentrancy02542,SyntheticReentrancy02542,i:collect2542,collect,test,DAPP::DAppSCAN-source/contracts/PepperSec-Aira-Robonomic/robonomics_contracts-cc35a91de187072214d215262d8371f0159c2498::RobotLiabilityLib,i:finalize,finalize,send,pendingRewards9,20da4bd3568121683e3e04ece240ca54a103327f0feac6101a860935bd1dbc2d,1
SYNTH_REENTRANCY::02543::SyntheticReentrancy02543,SyntheticReentrancy02543,i:harvest2543,harvest,train,DAPP::DAppSCAN-source/contracts/Chainsulting-Furucombo-project2/trevi-b3f7fd332873321152db48c9d43fc23a60a29f1a::FountainBase,i:_depositAngel,_depositAngel,safeTransfer,withdrawalRequests10,c8397348660d278e2cc5a6a036c3662a12086e5f25291e45f0aca9cc53ecb533,1
SYNTH_REENTRANCY::02544::SyntheticReentrancy02544,SyntheticReentrancy02544,i:withdraw2544,withdraw,train,FORGE::vfp_00096::MarketConfigurator,i:_migrateFactoryTargets,_migrateFactoryTargets,transfer,shares11,11d469ede9b13fcf76873969728d2a516dd93975df411f6cea1ba7e7059347b4,1
SYNTH_REENTRANCY::02545::SyntheticReentrancy02545,SyntheticReentrancy02545,i:claimReward2545,claimReward,train,DAPP::DAppSCAN-source/contracts/PeckShield-Buffer/code::BufferBNBOptions,i:create,create,call,stakes12,ac7de4dc6fbd3db7729360b7f3deb8c3dc7569d13ecd8100ff49f2b093d05416,1
SYNTH_REENTRANCY::02546::SyntheticReentrancy02546,SyntheticReentrancy02546,i:refund2546,refund,train,DAPP::DAppSCAN-source/contracts/consensys-Skyweaver/Skyweaver-contracts-bde0c184db6168bf86656a48b12d5747950b54d9::EternalHeroesFactory,i:_buy,_buy,transfer,claims13,0b5e4bda2f57500f6c348d1a5cd45ceffae2c3fc41c695b697839d3883925b8b,1
SYNTH_REENTRANCY::02547::SyntheticReentrancy02547,SyntheticReentrancy02547,i:unstake2547,unstake,train,DAPP::DAppSCAN-source/contracts/consensys-Aave_Protocol_V2/aave-protocol-v2-f756f44a8d6a328cd545335e46e7128939db88c4::LendingPool,i:flashLoan,flashLoan,send,escrowed14,b279d6eeb4e0d9e5632094498ebd07915c58fbd5b2da1952e193afd8338d57e5,1
SYNTH_REENTRANCY::02548::SyntheticReentrancy02548,SyntheticReentrancy02548,i:redeem2548,redeem,train,DAPP::DAppSCAN-source/contracts/Coinbae-Barnbridge_Vault/CommunityVault0xA3C299eEE1998F45c20010276684921EBE6423D9::CommunityVault,i:setAllowance,setAllowance,safeTransfer,payouts15,87993333aa2a5c2f30d86433dc96ce1185163879dfc531ebeda2d5cc86040797,1
SYNTH_REENTRANCY::02549::SyntheticReentrancy02549,SyntheticReentrancy02549,i:payout2549,payout,train,DAPP::DAppSCAN-source/contracts/Trail_of_Bits-MapleFinance/liquidations-35c628e5ab45fbffaab7aef43a030a98b712a94a::Liquidator,i:liquidatePortion,liquidatePortion,transfer,positions16,8217a2e3d4c388f942d2e64891ee5ef27a64202b184e4bab7ec7ca1413bdf62c,1
SYNTH_REENTRANCY::02550::SyntheticReentrancy02550,SyntheticReentrancy02550,i:release2550,release,test,DAPP::DAppSCAN-source/contracts/consensys-GrowthDeFi WHEAT/wheat-v1-core-8360ac0a537589bb974e8a5a169bb3e7c95d2857::Exchange,i:convertFundsFromInput,convertFundsFromInput,call,balances0,11af16c740a4baeb6e6518f5e8c8cc08f834a9644be3c6f33b3781db8395419d,1
SYNTH_REENTRANCY::02551::SyntheticReentrancy02551,SyntheticReentrancy02551,i:exit2551,exit,test,DAPP::DAppSCAN-source/contracts/ImmuneBytes-Bird Money(MasterChef)-Audit Report/bird-farm-contracts-dfd2502b73c8f54c9081682c3eb070fcd3c00629::MasterChef,i:emergencyWithdraw,emergencyWithdraw,transfer,credits1,1056f35a224fec4f3a601c62dcacb7043bdd87ab9b9c4bf15fc27d117e025f42,1
SYNTH_REENTRANCY::02552::SyntheticReentrancy02552,SyntheticReentrancy02552,i:claim2552,claim,train,"DAPP::DAppSCAN-source/contracts/Inspex-Tokens, Farm & Shop/-SpeedStar-Audit-3e39d7acf9c1aa9f3a5511c161c2035ba7d6bc1f::Staking",i:depositStable,depositStable,send,pendingRewards2,7c8b1026c710c12ce89d88a23b2365745a9df76fb755bac1fa37640a71ab85c0,1
SYNTH_REENTRANCY::02553::SyntheticReentrancy02553,SyntheticReentrancy02553,i:settle2553,settle,train,FORGE::vfp_00125::Aori,i:cancel,cancel,safeTransfer,withdrawalRequests3,1d4e543fb15035a3cf29d47136d66f2c0012774787560c865f068d05866b1fec,1
SYNTH_REENTRANCY::02554::SyntheticReentrancy02554,SyntheticReentrancy02554,i:collect2554,collect,train,DAPP::DAppSCAN-source/contracts/Coinbae-Hakka_Finance_wHakka/code::wHakka,i:unstake,unstake,transfer,shares4,7b7c7cbfb44b2d60a5f1a41366f092b51739b3692cf0cf64556c44660eaf18d9,1
SYNTH_REENTRANCY::02555::SyntheticReentrancy02555,SyntheticReentrancy02555,i:harvest2555,harvest,train,DAPP::DAppSCAN-source/contracts/Chainsulting-Furucombo-project2/trevi-b3f7fd332873321152db48c9d43fc23a60a29f1a::FountainBase,i:_withdrawAngel,_withdrawAngel,call,stakes5,274c338c316ff03a7d0fae2178a8d1a94606b6017a65dc42469786578b0b6b1c,1
SYNTH_REENTRANCY::02556::SyntheticReentrancy02556,SyntheticReentrancy02556,i:withdraw2556,withdraw,test,FORGE::vfp_00260::Router_Adapter,i:relayTokens,relayTokens,transfer,claims6,5abe26da25081a45b50d20adb0a9ec846aed00141290f50832a42a1cd09ae0b7,1
SYNTH_REENTRANCY::02557::SyntheticReentrancy02557,SyntheticReentrancy02557,i:claimReward2557,claimReward,train,FORGE::vfp_00215::ScrollChainValidium,i:_finalizeBundle,_finalizeBundle,send,escrowed7,835668a4ff739ae199cdee936e523a22e7a733d1b3cf06e8cdb1793789eef593,1
SYNTH_REENTRANCY::02558::SyntheticReentrancy02558,SyntheticReentrancy02558,i:refund2558,refund,train,DAPP::DAppSCAN-source/contracts/PeckShield-PlutosV1/plutos-eth-contract-0777815::PMintBurn,i:deposit,deposit,safeTransfer,payouts8,fbd7bb2ff3d876f2dee91af8a5b0eea5c36df8693f5dd2da34fb81e24d6ed9c4,1
SYNTH_REENTRANCY::02559::SyntheticReentrancy02559,SyntheticReentrancy02559,i:unstake2559,unstake,val,DAPP::DAppSCAN-source/contracts/QuillAudits-GearBox Protocol-GearBox Protocol/gearbox-contracts-0ac33ba87212ce056ac6b6357ad74161d417158a::UniswapV3Adapter,i:exactOutputSingle,exactOutputSingle,transfer,positions9,e3fd3adea930f1c662d0125f1eb5e47ad2d5f7721d7ae37d1c5b09225915e63f,1
SYNTH_REENTRANCY::02560::SyntheticReentrancy02560,SyntheticReentrancy02560,i:redeem2560,redeem,train,DAPP::DAppSCAN-source/contracts/SlowMist-CFFv2 Smart Contract Security Audit Report/cff-contract-v2-c86bef3f13c7585f547f9cd0ca900f94664e96b7::CFVaultV2,i:withdraw,withdraw,call,balances10,8f77c00d2a54a0e99df9976522c873f1d6c86a28bd9d3b3b784043e4c5f6039b,1
SYNTH_REENTRANCY::02561::SyntheticReentrancy02561,SyntheticReentrancy02561,i:payout2561,payout,train,FORGE::vfp_00221::LimitOrderHook,i:_afterSwap,_afterSwap,transfer,credits11,501c09dd82382720371154e404f0c793523a62f32bc23544a2b545b03e410d68,1
SYNTH_REENTRANCY::02562::SyntheticReentrancy02562,SyntheticReentrancy02562,i:release2562,release,val,DAPP::DAppSCAN-source/contracts/SlowMist-Starcrazy Smart Contract Security Audit Report/starcrazy-contracts-e9e11d234ac065726e108a73dfcd5efbad26f2c5::GFSBonus,i:withdraw,withdraw,send,pendingRewards12,3104c1f14136579438b4087211476812287808a5655482f79f71f37419af734b,1
SYNTH_REENTRANCY::02563::SyntheticReentrancy02563,SyntheticReentrancy02563,i:exit2563,exit,train,DAPP::DAppSCAN-source/contracts/Coinfabrik-Woonkly Security Audit (DEX STAKE)/STAKESmartContractPreRelease-main::WOOPStake,i:processReward,processReward,safeTransfer,withdrawalRequests13,6568adb0feea34fd84807a6509a973c6afe98aac76abf5d7f37a964e5860d5d8,1
SYNTH_REENTRANCY::02564::SyntheticReentrancy02564,SyntheticReentrancy02564,i:claim2564,claim,train,DAPP::DAppSCAN-source/contracts/Iosiro-SNX FlashBurn Smart Contract Audit/flashburn-3aa02a3d63d9e0110a5b6669a4a4011ceee3cf2b::SNXFlashLoanTool,i:swap,swap,transfer,shares14,b740a1c92ab13ae52d40dbfc7f5ab27aca9b6f88e5baf2fd45f7ec6ca85d91d9,1
SYNTH_REENTRANCY::02565::SyntheticReentrancy02565,SyntheticReentrancy02565,i:settle2565,settle,train,FORGE::vfp_00174::P2pResolvProxy,i:initiateWithdrawalRESOLVAccruedRewards,initiateWithdrawalRESOLVAccruedRewards,call,stakes15,c476372a5e7ab907bdd45f26d95d4458d1af5dcfc782d4db5054bb6100048b95,1
SYNTH_REENTRANCY::02566::SyntheticReentrancy02566,SyntheticReentrancy02566,i:collect2566,collect,train,DAPP::DAppSCAN-source/contracts/consensys-Gamma/hypervisor-41fd4abf79864478523e87924d4e80d80df04879::UniProxy,i:deposit,deposit,transfer,claims16,431dc761c2b934c77c2fdb58db10eb26c40c0305020c3866d9ee2180640714b3,1
SYNTH_REENTRANCY::02567::SyntheticReentrancy02567,SyntheticReentrancy02567,i:harvest2567,harvest,train,FORGE::vfp_00175::P2pYieldProxy,i:_withdraw,_withdraw,send,escrowed0,ca10d7e7fe936e9f2dabd8b6c1c197fd1ad8f318d33fad0f1221f3a39e845508,1
SYNTH_REENTRANCY::02568::SyntheticReentrancy02568,SyntheticReentrancy02568,i:withdraw2568,withdraw,val,FORGE::vfp_00001::AgentImageService,i:requestRefund,requestRefund,safeTransfer,payouts1,8caaff26367f76f4686819cde73a601da6d16515a54306607298a58f58ccb935,1
SYNTH_REENTRANCY::02569::SyntheticReentrancy02569,SyntheticReentrancy02569,i:claimReward2569,claimReward,val,DAPP::DAppSCAN-source/contracts/SlowMist-Starcrazy Smart Contract Security Audit Report/starcrazy-contracts-e9e11d234ac065726e108a73dfcd5efbad26f2c5::Auction,i:setGeneScienceAddress,setGeneScienceAddress,transfer,positions2,beaa4e7f3e8ab79bb8374125573b5e907ffdc3d1f4a4b435485de3af6c59a43f,1
SYNTH_REENTRANCY::02570::SyntheticReentrancy02570,SyntheticReentrancy02570,i:refund2570,refund,train,DAPP::DAppSCAN-source/contracts/QuillAudits-1inch-Limit Order Protocol/limit-order-protocol-a14bde6a260458de5083cee117d734221e1cbc05::LimitOrderProtocol,i:fillOrderTo,fillOrderTo,call,balances3,7585de0c99f1f48271532d995b0fd14a8d3c788167c55788a2df94e4aaba8b08,1
SYNTH_REENTRANCY::02571::SyntheticReentrancy02571,SyntheticReentrancy02571,i:unstake2571,unstake,val,DAPP::DAppSCAN-source/contracts/QuillAudits-Yearn Finance-Yearn Vaults V3/yearn-vaults-e390c2a6b2ba6e2ecc8f3a72a1ea4adfabd17544::yWETH,i:withdrawETH,withdrawETH,transfer,credits4,0ddf5353f731676692a0b47aa9e57746ea2bdd3aa8d31aeb936bc0d385854847,1
SYNTH_REENTRANCY::02572::SyntheticReentrancy02572,SyntheticReentrancy02572,i:redeem2572,redeem,train,DAPP::DAppSCAN-source/contracts/PeckShield-BNPL/BNPL-0ee587a081668dcab166a3a275b8a6c4794ead4d::BankingNode,i:unstake,unstake,send,pendingRewards5,14c7e41c5cf556019ccdea7b2360e2c0ebbcf930826487fd4609bfb5914f730f,1
SYNTH_REENTRANCY::02573::SyntheticReentrancy02573,SyntheticReentrancy02573,i:payout2573,payout,train,FORGE::vfp_00032::CurveConvexLib,i:unstakeAndExitPool,unstakeAndExitPool,safeTransfer,withdrawalRequests6,289468c44ae757bf319d6f9f3e25406cb9398ab052636348f66db69b54e7db76,1
SYNTH_REENTRANCY::02574::SyntheticReentrancy02574,SyntheticReentrancy02574,i:release2574,release,train,FORGE::vfp_00045::PDPVerifier,i:nextProvingPeriod,nextProvingPeriod,transfer,shares7,4af0f34e804f3462dc4a0bda66dfa963ccb837fecc2f4f2ec78673a297db19a8,1
SYNTH_REENTRANCY::02575::SyntheticReentrancy02575,SyntheticReentrancy02575,i:exit2575,exit,train,FORGE::vfp_00234::mErc20Host,i:_verifyProof,_verifyProof,call,stakes8,46d62207979aab36a6511de647f96a8ce99717cf1882f2317e1dd69168de7daf,1
SYNTH_REENTRANCY::02576::SyntheticReentrancy02576,SyntheticReentrancy02576,i:claim2576,claim,train,DAPP::DAppSCAN-source/contracts/Coinbae-Pud.Fi Masterchef_Audit/MasterChef0x15Bee180BB39eE5c0166E63313C33984376930Db::MasterChef,i:emergencyWithdraw,emergencyWithdraw,transfer,claims9,997c09aff646a91d47eee988ac0326b994e94a979fcc8634f1487d5a2d562a61,1
SYNTH_REENTRANCY::02577::SyntheticReentrancy02577,SyntheticReentrancy02577,i:settle2577,settle,train,DAPP::DAppSCAN-source/contracts/PeckShield-Arche/Arche_v1.0_Eros-909f35e0064d636aaf61954a6026fda7b2bade7f::D_Swap,i:Impl_Delivery,Impl_Delivery,send,escrowed10,35c1a2740fb4ed2d8624b7b77b93422d7f79f0d29fc44aefe42064873f64cb7c,1
SYNTH_REENTRANCY::02578::SyntheticReentrancy02578,SyntheticReentrancy02578,i:collect2578,collect,val,DAPP::DAppSCAN-source/contracts/QuillAudits-GearBox Protocol-GearBox Protocol/gearbox-contracts-0ac33ba87212ce056ac6b6357ad74161d417158a::UniswapV2Adapter,i:swapExactTokensForTokens,swapExactTokensForTokens,safeTransfer,payouts11,de8d627d63e79e97e4d7c15695bdd240a5d966511fd94c94f342a701d4d1f27d,1
SYNTH_REENTRANCY::02579::SyntheticReentrancy02579,SyntheticReentrancy02579,i:harvest2579,harvest,train,DAPP::DAppSCAN-source/contracts/consensys-PoolTogether_Pods/pods-v3-contracts-879dc8b911fc506dd6bead1f36eade919ccfea57::TokenDrop,i:claim,claim,transfer,positions12,b4c9d98d885b14fcc73a9d8c4fff0dc74502aeb04a082c40ff5617b91301d9a5,1
SYNTH_REENTRANCY::02580::SyntheticReentrancy02580,SyntheticReentrancy02580,i:withdraw2580,withdraw,train,DAPP::DAppSCAN-source/contracts/QuillAudits-Algovest/AlgoVestStaking0x090e69e7F48AFC059e480F297042DEA396B971e7::AlgoVestStaking,i:AVSTokenDonation,AVSTokenDonation,call,balances13,33489e85623c9b3e9e4dbf5d38521c1e40825e818e951cc845730a5302ba0933,1
SYNTH_REENTRANCY::02581::SyntheticReentrancy02581,SyntheticReentrancy02581,i:claimReward2581,claimReward,train,DAPP::DAppSCAN-source/contracts/PeckShield-DSG/core-6f607f77698936e132e4e9b5cb4d75580636d919::NftEarnErc20Pool,i:slotStake,slotStake,transfer,credits14,ffcd23b56494de98781fc1e4c87423fe51bf369fe3e8dd7edf833d863d1cdcd0,1
SYNTH_REENTRANCY::02582::SyntheticReentrancy02582,SyntheticReentrancy02582,i:refund2582,refund,val,DAPP::DAppSCAN-source/contracts/SlowMist-Starcrazy Smart Contract Security Audit Report/starcrazy-contracts-e9e11d234ac065726e108a73dfcd5efbad26f2c5::Aliana,i:setGeneScienceAddress,setGeneScienceAddress,send,pendingRewards15,c78d06acdff7f565b6338bde149681aa989223321fab24af060a04b12394e224,1
SYNTH_REENTRANCY::02583::SyntheticReentrancy02583,SyntheticReentrancy02583,i:unstake2583,unstake,train,DAPP::DAppSCAN-source/contracts/Hacken-Ground Zero/code::IDO,i:claim,claim,safeTransfer,withdrawalRequests16,0b6bb49d631743c8400240f08c53ac34179edb46011ad3dfc7156d01a093628a,1
SYNTH_REENTRANCY::02584::SyntheticReentrancy02584,SyntheticReentrancy02584,i:redeem2584,redeem,train,FORGE::vfp_00189::Box,i:allocate,allocate,transfer,shares0,2b617a4c6fc3d11821e52780fb84f9702d473d2f0c18721c9c0dbb9798d87192,1
SYNTH_REENTRANCY::02585::SyntheticReentrancy02585,SyntheticReentrancy02585,i:payout2585,payout,train,FORGE::vfp_00116::L1Mailbox,i:getMsg,getMsg,call,stakes1,6690db70fa56205b2d2ef231b868a34b370f0980116e93e1c6623144bcbb606d,1
SYNTH_REENTRANCY::02586::SyntheticReentrancy02586,SyntheticReentrancy02586,i:release2586,release,train,DAPP::DAppSCAN-source/contracts/consensys-PoolTogether_Pods/pods-v3-contracts-879dc8b911fc506dd6bead1f36eade919ccfea57::Pod,i:depositTo,depositTo,transfer,claims2,d00df966e6347cd4fa98142cf32b67a9d1ee2d1c6fae93168f6fe816c2190136,1
SYNTH_REENTRANCY::02587::SyntheticReentrancy02587,SyntheticReentrancy02587,i:exit2587,exit,test,FORGE::vfp_00058::LikwidMarginPosition,i:_margin,_margin,send,escrowed3,31adacb9a2c9febcac6d507645b5eaf2791df1af2364b9e625cc7edccec70b6f,1
SYNTH_REENTRANCY::02588::SyntheticReentrancy02588,SyntheticReentrancy02588,i:claim2588,claim,train,DAPP::DAppSCAN-source/contracts/PeckShield-BNPL/BNPL-0ee587a081668dcab166a3a275b8a6c4794ead4d::BankingNode,i:collectFees,collectFees,safeTransfer,payouts4,a837b99b36b93474e6ae55d903d0e8f8df1c457ea8f1b58f20dab216543de1c5,1
SYNTH_REENTRANCY::02589::SyntheticReentrancy02589,SyntheticReentrancy02589,i:settle2589,settle,train,FORGE::vfp_00190::BoxAdapterCached,i:updateTotalAssets,updateTotalAssets,transfer,positions5,af37dab6a7784685485508ae6054b5aa799e1618564a9c030ec6bd6eff83ac7e,1
SYNTH_REENTRANCY::02590::SyntheticReentrancy02590,SyntheticReentrancy02590,i:collect2590,collect,val,DAPP::DAppSCAN-source/contracts/QuillAudits-GearBox Protocol-GearBox Protocol/gearbox-contracts-0ac33ba87212ce056ac6b6357ad74161d417158a::WETHGateway,i:repayCreditAccountETH,repayCreditAccountETH,call,balances6,58ea236dc428977b13acfcea25a2aec2c41e5e64426e62f3c4cfb7f3ced8ac25,1
SYNTH_REENTRANCY::02591::SyntheticReentrancy02591,SyntheticReentrancy02591,i:harvest2591,harvest,train,FORGE::vfp_00221::LimitOrderHook,i:_handleCancelCallback,_handleCancelCallback,transfer,credits7,e360e60fef35ffa26bd67a8a12d41dc1c84fffa89e6570848cee9d5f846cddbb,1
SYNTH_REENTRANCY::02592::SyntheticReentrancy02592,SyntheticReentrancy02592,i:withdraw2592,withdraw,train,DAPP::DAppSCAN-source/contracts/PeckShield-COIN98/code::C98MSiG,i:vote,vote,send,pendingRewards8,f0aa8b92b9dc6a4e059a5ac31ca10c6129893927e0d198318cbf5dd3445beeed,1
SYNTH_REENTRANCY::02593::SyntheticReentrancy02593,SyntheticReentrancy02593,i:claimReward2593,claimReward,val,FORGE::vfp_00289::BasketToken,i:proRataRedeem,proRataRedeem,safeTransfer,withdrawalRequests9,d9a87d7512a1fd09784a98228119a6c38b17187e3f06af0094d6f9a302991f06,1
SYNTH_REENTRANCY::02594::SyntheticReentrancy02594,SyntheticReentrancy02594,i:refund2594,refund,train,DAPP::DAppSCAN-source/contracts/QuillAudits-Yearn Finance-Yearn Protocol V1/yearn-protocol-9ff0dc0ea73642c529383d0675930a41bf033295::yWETH,i:withdrawETH,withdrawETH,transfer,shares10,05ebf9f96250c31d74f5019718b14961dd657b632ebf1bc90d0f697c9571f500,1
SYNTH_REENTRANCY::02595::SyntheticReentrancy02595,SyntheticReentrancy02595,i:unstake2595,unstake,test,"DAPP::DAppSCAN-source/contracts/Coinfabrik-MintingFactoryV2, BaseUpgradableMarketplace & KODAV3UpgradableGatedMarketplace/known-origin-contracts-v3-d592c5f4fa4e0b6fc65a1fce43e302706aedf607::MintingFactoryV2",i:mintBatchEdition,mintBatchEdition,call,stakes11,44150761e5c8f9eebafbfac1339cebcb908974084a4d648a27cc39624859d14f,1
SYNTH_REENTRANCY::02596::SyntheticReentrancy02596,SyntheticReentrancy02596,i:redeem2596,redeem,train,DAPP::DAppSCAN-source/contracts/Coinbae-Pud.Fi Masterchef_Audit/MasterChef0x15Bee180BB39eE5c0166E63313C33984376930Db::MasterChef,i:safePudTransfer,safePudTransfer,transfer,claims12,d39f293e0238b8da8d2a6036ba7d2a110a13155523ce310e99f22b7bfc711729,1
SYNTH_REENTRANCY::02597::SyntheticReentrancy02597,SyntheticReentrancy02597,i:payout2597,payout,train,DAPP::DAppSCAN-source/contracts/Coinbae-TapCoins_Token_Contract/code::UpgradeableToken,i:setUpgradeAgent,setUpgradeAgent,send,escrowed13,35134d0035534b951046298c924f46d4bde02e442f1b8e6d9a87865ec5d10f84,1
SYNTH_REENTRANCY::02598::SyntheticReentrancy02598,SyntheticReentrancy02598,i:release2598,release,train,DAPP::DAppSCAN-source/contracts/consensys-PoolTogether_Sushi_and_Yearn_V2_Yield_Sources/pooltogether-yearnv2-yield-source-a34857f1555908a6263d2ebd189f0cb40e1858da::YearnV2YieldSource,i:supplyTokenTo,supplyTokenTo,safeTransfer,payouts14,33f9df16f4792ef750bb7b2bef8fd277dceabc0f0611f05f35d5379848701690,1
SYNTH_REENTRANCY::02599::SyntheticReentrancy02599,SyntheticReentrancy02599,i:exit2599,exit,train,FORGE::vfp_00189::Box,i:reallocate,reallocate,transfer,positions15,df80a2401ce79da7480326d54bb3ad636e6980a92e90d87c8a0902d24ba37d01,1
SYNTH_REENTRANCY::02600::SyntheticReentrancy02600,SyntheticReentrancy02600,i:claim2600,claim,train,DAPP::DAppSCAN-source/contracts/openzeppelin-Endaoment/endaoment-contracts-f60aa253d3d869ad6460877f23e6092acb313add::Fund,i:finalizeGrant,finalizeGrant,call,balances16,c8ff01fcf31d3352822639b82e8a25d34a755ef97a5f9a8b5881c4d3ff92bc07,1
SYNTH_REENTRANCY::02601::SyntheticReentrancy02601,SyntheticReentrancy02601,i:settle2601,settle,train,DAPP::DAppSCAN-source/contracts/PeckShield-KaoyaSwap/contracts-8273073f1d6914f372790399378f177573c52e37::MasterChef,i:deposit,deposit,transfer,credits0,df5e71d3541b044c46560bfca0aa7a7de0beae406a382fb6e5f69b5390d0dc10,1
SYNTH_REENTRANCY::02602::SyntheticReentrancy02602,SyntheticReentrancy02602,i:collect2602,collect,train,DAPP::DAppSCAN-source/contracts/QuillAudits-BCUBE Smart Contract/b-cube-ico-13f9f8a991a65f3e0ca60a2078121fdd5a921fb0::BCubePublicSale,i:buyBcubeUsingUSDT,buyBcubeUsingUSDT,send,pendingRewards1,7c75408f41418d72817556187e6f172aee0a5a47ac907cd6f31506af61c3bb1e,1
SYNTH_REENTRANCY::02603::SyntheticReentrancy02603,SyntheticReentrancy02603,i:harvest2603,harvest,test,FORGE::vfp_00288::DelegationMetaSwapAdapter,i:swapTokens,swapTokens,safeTransfer,withdrawalRequests2,75bc976b410a03273ca01a99cf65d8955d47af8ba2f3f090c8eba5ac4070586f,1
SYNTH_REENTRANCY::02604::SyntheticReentrancy02604,SyntheticReentrancy02604,i:withdraw2604,withdraw,test,FORGE::vfp_00260::Router_Adapter,i:relayMessage,relayMessage,transfer,shares3,bd3221d4eaea20091af9b6d7b9ebf8fe1ba7d8f4ad21bfc414f6177003710851,1
SYNTH_REENTRANCY::02605::SyntheticReentrancy02605,SyntheticReentrancy02605,i:claimReward2605,claimReward,train,FORGE::vfp_00189::Box,i:flash,flash,call,stakes4,0a132682f6de27d966da393f70e853582fcbc88322c247a82645bd89611b1160,1
SYNTH_REENTRANCY::02606::SyntheticReentrancy02606,SyntheticReentrancy02606,i:refund2606,refund,val,DAPP::DAppSCAN-source/contracts/QuillAudits-GearBox Protocol-GearBox Protocol/gearbox-contracts-0ac33ba87212ce056ac6b6357ad74161d417158a::YearnAdapter,i:_deposit,_deposit,transfer,claims5,bf76668f7bde5c3292e03ba10feb0f12cb0c17d754b2b285ae866ff595ef3297,1
SYNTH_REENTRANCY::02607::SyntheticReentrancy02607,SyntheticReentrancy02607,i:unstake2607,unstake,test,DAPP::DAppSCAN-source/contracts/ImmuneBytes-Bird Money-Final Audit Report/bird-farm-contracts-dfd2502b73c8f54c9081682c3eb070fcd3c00629::MasterChef,i:withdraw,withdraw,send,escrowed6,24bfdf0b8275310068cf3cd37204bc897400d015878b5b2d095d1b826ac49c69,1
SYNTH_REENTRANCY::02608::SyntheticReentrancy02608,SyntheticReentrancy02608,i:redeem2608,redeem,train,DAPP::DAppSCAN-source/contracts/consensys-Gamma/hypervisor-41fd4abf79864478523e87924d4e80d80df04879::Hypervisor,i:withdraw,withdraw,safeTransfer,payouts7,ebda9cbf1f10c0426d77b52340bb19c03d2fd03c72dc47339543816b12b9f7a4,1
SYNTH_REENTRANCY::02609::SyntheticReentrancy02609,SyntheticReentrancy02609,i:payout2609,payout,val,DAPP::DAppSCAN-source/contracts/QuillAudits-GearBox Protocol-GearBox Protocol/gearbox-contracts-0ac33ba87212ce056ac6b6357ad74161d417158a::CurveV1Adapter,i:exchange,exchange,transfer,positions8,236b10e983d98df7d787f5799d9594867cdd5a6cb53af8f476346a3f504942ed,1
SYNTH_REENTRANCY::02610::SyntheticReentrancy02610,SyntheticReentrancy02610,i:release2610,release,train,DAPP::DAppSCAN-source/contracts/Coinbae-Pud.Fi Masterchef_Audit/MasterChef0x15Bee180BB39eE5c0166E63313C33984376930Db::MasterChef,i:balance,balance,call,balances9,22e32a2ac6b214a82f1b0e3da0c74a6066e405dc145be53dcc888b49dba0556e,1
SYNTH_REENTRANCY::02611::SyntheticReentrancy02611,SyntheticReentrancy02611,i:exit2611,exit,test,FORGE::vfp_00058::LikwidMarginPosition,i:modify,modify,transfer,credits10,a356e0ea92ccc11f24d6f1724a04249312a3ba09d80249491b7a2ac4d9859aec,1
SYNTH_REENTRANCY::02612::SyntheticReentrancy02612,SyntheticReentrancy02612,i:claim2612,claim,train,DAPP::DAppSCAN-source/contracts/PeckShield-BabySwap/code::HoldStake,i:addPool,addPool,send,pendingRewards11,8999528180b81bf288dcbe82b2485c30bd58945c92193717b020f6c6557e66fb,1
SYNTH_REENTRANCY::02613::SyntheticReentrancy02613,SyntheticReentrancy02613,i:settle2613,settle,train,DAPP::DAppSCAN-source/contracts/PeckShield-Holdefi/Holdefi-5a1e6e0d582120142e8a531f6806eba6665ef2f4::Holdefi,i:repayBorrowInternal,repayBorrowInternal,safeTransfer,withdrawalRequests12,58dfa49d9fb433ec375ac16bb9c7ce908aeda9ff30acc5dfa7544454922b219f,1
SYNTH_REENTRANCY::02614::SyntheticReentrancy02614,SyntheticReentrancy02614,i:collect2614,collect,val,DAPP::DAppSCAN-source/contracts/Trail_of_Bits-OriginDollar/origin-dollar-81431fd3b2aa4c518ffc389844f9708c00b516f0::VaultCore,i:rebase,rebase,transfer,shares13,ce02724ecad005c8b29d8e2f88e93a7f46ffdf61c8c04fbe24fe44f76d9a8e42,1
SYNTH_REENTRANCY::02615::SyntheticReentrancy02615,SyntheticReentrancy02615,i:harvest2615,harvest,test,DAPP::DAppSCAN-source/contracts/PeckShield-DarkCrypto/darkcrypto-contracts-fee5be8d36459aebed2b84e6493875b3dc0366fd::SkyRewardPool,i:withdraw,withdraw,call,stakes14,b2c2e22d18ae2e94a50f8a39729c6872c6ce7a8e20841807a28c8b261d0f43ed,1
SYNTH_REENTRANCY::02616::SyntheticReentrancy02616,SyntheticReentrancy02616,i:withdraw2616,withdraw,train,DAPP::DAppSCAN-source/contracts/Hacken-Ground Zero/code::IDO,i:claimTheInvestments,claimTheInvestments,transfer,claims15,bdb36c634bb05be110849da7952929efa71aca1012a9923838655d92cd6fee49,1
SYNTH_REENTRANCY::02617::SyntheticReentrancy02617,SyntheticReentrancy02617,i:claimReward2617,claimReward,val,DAPP::DAppSCAN-source/contracts/Runtime_Vеrification-ElementFinance/elf-contracts-637c6f959315cbb11a164555e588520c7d89122b::YVaultAssetProxy,i:reserveDeposit,reserveDeposit,send,escrowed16,b4fefa4d2c5a1b0a7fd74369de8c2c69e2fc04967f54b28425a047b0ee69a968,1
SYNTH_REENTRANCY::02618::SyntheticReentrancy02618,SyntheticReentrancy02618,i:refund2618,refund,test,DAPP::DAppSCAN-source/contracts/ImmuneBytes-Bird Money(MasterChef)-Audit Report/bird-farm-contracts-dfd2502b73c8f54c9081682c3eb070fcd3c00629::MasterChef,i:deposit,deposit,safeTransfer,payouts0,ba72bdef497d302e90315347d70f0f442f6dfe8a173ebf0e5637ead153814376,1
SYNTH_REENTRANCY::02619::SyntheticReentrancy02619,SyntheticReentrancy02619,i:unstake2619,unstake,train,DAPP::DAppSCAN-source/contracts/PeckShield-MilkySwap/milkyswap-59f163e9959cf8bae4a521a9648219b553312e07::MasterMilker,i:emergencyWithdraw,emergencyWithdraw,transfer,positions1,ddced27a666b336c87616f8854fdf2f5dac6287853bee103b62aa32eb15a6eb4,1
SYNTH_REENTRANCY::02620::SyntheticReentrancy02620,SyntheticReentrancy02620,i:redeem2620,redeem,train,DAPP::DAppSCAN-source/contracts/Coinbae-Pud.Fi Masterchef_Audit/MasterChef0x15Bee180BB39eE5c0166E63313C33984376930Db::MasterChef,i:setPoolStrategy,setPoolStrategy,call,balances2,773f3e4d21885e0d28f24e67f4f2207e80faf585b1fc2a6945c81a198d519be5,1
SYNTH_REENTRANCY::02621::SyntheticReentrancy02621,SyntheticReentrancy02621,i:payout2621,payout,train,DAPP::DAppSCAN-source/contracts/Runtime_Vеrification-Element_Finance_Governance_Security_Audit_Report/council-3d751c959b42573c78ccd0bccbc80424bf6d9a90::CoreVoting,i:execute,execute,transfer,credits3,9ab302f5561163aa2ffedf8b6ae82901312cee018f87525234a595a6e8e8829e,1
SYNTH_REENTRANCY::02622::SyntheticReentrancy02622,SyntheticReentrancy02622,i:release2622,release,val,DAPP::DAppSCAN-source/contracts/QuillAudits-GearBox Protocol-GearBox Protocol/gearbox-contracts-0ac33ba87212ce056ac6b6357ad74161d417158a::WETHGateway,i:addLiquidityETH,addLiquidityETH,send,pendingRewards4,836c41a46ca91939f422531dd2a99bfb37acdb7efeb989cacf3fc9996ee77843,1
SYNTH_REENTRANCY::02623::SyntheticReentrancy02623,SyntheticReentrancy02623,i:exit2623,exit,train,DAPP::DAppSCAN-source/contracts/PeckShield-Atlantis/atlantis-protocol-bsc-766acebba9316eced1c15abf6158b31f470a947f::AToken,i:borrowFresh,borrowFresh,safeTransfer,withdrawalRequests5,05eb27b0952588def90f96175296a09b731fdb579e7d75c72d4beb207f9aa3b0,1
SYNTH_REENTRANCY::02624::SyntheticReentrancy02624,SyntheticReentrancy02624,i:claim2624,claim,train,FORGE::vfp_00088::EnjoyoorsVaultWithdrawals,i:_claimWithdrawal,_claimWithdrawal,transfer,shares6,22dce9d7a00f40f04cac61c229407afa99da3d0e7c7dcec093ec5a9e9cfd1a4e,1
SYNTH_REENTRANCY::02625::SyntheticReentrancy02625,SyntheticReentrancy02625,i:settle2625,settle,test,FORGE::vfp_00126::SpokePool,i:_setOftMessenger,_setOftMessenger,call,stakes7,e1979971715d0333686e2e864fe161b7062f4f686d7e4da661344252ada119cd,1
SYNTH_REENTRANCY::02626::SyntheticReentrancy02626,SyntheticReentrancy02626,i:collect2626,collect,train,DAPP::DAppSCAN-source/contracts/QuillAudits-Yearn Finance-Yearn Protocol V1/yearn-protocol-9ff0dc0ea73642c529383d0675930a41bf033295::yDelegatedVault,i:claimInsurance,claimInsurance,transfer,claims8,0ee5d0a56a7f241c5e73a406b46d017d3e6d3641847ffc2930c0bd806a86ffde,1
SYNTH_REENTRANCY::02627::SyntheticReentrancy02627,SyntheticReentrancy02627,i:harvest2627,harvest,train,DAPP::DAppSCAN-source/contracts/PeckShield-SushiSwap/sushiswap-180bc9b642bba79c1ee4a63f71a3a0d36e64aa63::MasterChef,i:withdraw,withdraw,send,escrowed9,9d56ce385197ff9aa803f14300bbec6535d12f89a3e7082fa789534cd2a646d5,1
SYNTH_REENTRANCY::02628::SyntheticReentrancy02628,SyntheticReentrancy02628,i:withdraw2628,withdraw,train,FORGE::vfp_00221::LimitOrderHook,i:_handlePlaceCallback,_handlePlaceCallback,safeTransfer,payouts10,0bbebdc14fa76c9f1a5d9cf9ffe8b6c6097c3e7f9af97fea6ad6dbdad7ac828e,1
SYNTH_REENTRANCY::02629::SyntheticReentrancy02629,SyntheticReentrancy02629,i:claimReward2629,claimReward,train,DAPP::DAppSCAN-source/contracts/QuillAudits-Keep3r.Network-Keep3r.Network/StakingRewardsV3-13ecc6966ae1a413f62224382bfd4d64b1a22351::StakingRewardsV3,i:deposit,deposit,transfer,positions11,388f4999ee2e80b3588a83333ef4ffce90b99afb429f4fcb6ed074c7b2592ea9,1
SYNTH_REENTRANCY::02630::SyntheticReentrancy02630,SyntheticReentrancy02630,i:refund2630,refund,val,DAPP::DAppSCAN-source/contracts/Trail_of_Bits-OriginDollar/origin-dollar-81431fd3b2aa4c518ffc389844f9708c00b516f0::VaultCore,i:_allocate,_allocate,call,balances12,b858e7eb5fe70ca5b3c2355a16c08f367d0a850e93d6a3b71b9a1e28a186895f,1
SYNTH_REENTRANCY::02631::SyntheticReentrancy02631,SyntheticReentrancy02631,i:unstake2631,unstake,train,DAPP::DAppSCAN-source/contracts/Coinbae-Pud.Fi Masterchef_Audit/MasterChef0x15Bee180BB39eE5c0166E63313C33984376930Db::MasterChef,i:withdraw,withdraw,transfer,credits13,56abc75f1813e283dc92d199a056eef11e6223f2c0a844c5692c4370eb4a7635,1
SYNTH_REENTRANCY::02632::SyntheticReentrancy02632,SyntheticReentrancy02632,i:redeem2632,redeem,train,DAPP::DAppSCAN-source/contracts/Coinbae-Pud.Fi Masterchef_Audit/MasterChef0x15Bee180BB39eE5c0166E63313C33984376930Db::MasterChef,i:add,add,send,pendingRewards14,fc330c609934e33f5b3a19daa363f269e3a253b5a3d27071ba50d4bd968580ce,1
SYNTH_REENTRANCY::02633::SyntheticReentrancy02633,SyntheticReentrancy02633,i:payout2633,payout,train,DAPP::DAppSCAN-source/contracts/PeckShield-DSG/core-6f607f77698936e132e4e9b5cb4d75580636d919::SinglePool,i:emergencyWithdraw,emergencyWithdraw,safeTransfer,withdrawalRequests15,5b9adde0df8d489f0377b6f1d42601c602f41e28584220c112c6048f71b92715,1
SYNTH_REENTRANCY::02634::SyntheticReentrancy02634,SyntheticReentrancy02634,i:release2634,release,test,DAPP::DAppSCAN-source/contracts/BlockSec-blocksec_impossible_finance_swap_v1.2/impossible-swap-core-29aaef89f996acdbee92b67c4d95fb608dc8b876::ImpossibleWrappedToken,i:deposit,deposit,transfer,shares16,bda8adbf4c8f76f3a1dcffb7198f5b257abb0dd1d61ad2cddca631ee9ece0981,1
SYNTH_REENTRANCY::02635::SyntheticReentrancy02635,SyntheticReentrancy02635,i:exit2635,exit,train,DAPP::DAppSCAN-source/contracts/consensys-Connext NXTP — Noncustodial Xchain Transfer Protocol/nxtp-0656436d654cfe0313fa3c2bbc81aa86232ade16::TransactionManager,i:removeLiquidity,removeLiquidity,call,stakes0,3236512875ef1f8ae590205df882861ff642786d5d479c883844044df2b7f839,1
SYNTH_REENTRANCY::02636::SyntheticReentrancy02636,SyntheticReentrancy02636,i:claim2636,claim,train,DAPP::DAppSCAN-source/contracts/PeckShield-DSG/core-6f607f77698936e132e4e9b5cb4d75580636d919::GovernorV1,i:propose,propose,transfer,claims1,64c6fc56d62e37c65ab7051b1494c1d6f65194d56730e814c91c68a2f337f1f7,1
SYNTH_REENTRANCY::02637::SyntheticReentrancy02637,SyntheticReentrancy02637,i:settle2637,settle,train,DAPP::DAppSCAN-source/contracts/QuillAudits-Yearn Finance-Yearn Protocol V1/yearn-protocol-9ff0dc0ea73642c529383d0675930a41bf033295::yWETH,i:depositETH,depositETH,send,escrowed2,8c5ef22f89d2c4c7dcb5711e4d407291817005451932dde8ff9c144accdb6bbd,1
SYNTH_REENTRANCY::02638::SyntheticReentrancy02638,SyntheticReentrancy02638,i:collect2638,collect,train,DAPP::DAppSCAN-source/contracts/PeckShield-ShibaNova/Contracts-b6b1ce1fcaff83d360df8944309f49958842b7b8::MasterShiba,i:withdraw,withdraw,safeTransfer,payouts3,7d84f4051e2b3169e6bdf5d43c2fb63bfc61a9c2bd2dc365ffb0998d1712877c,1
SYNTH_REENTRANCY::02639::SyntheticReentrancy02639,SyntheticReentrancy02639,i:harvest2639,harvest,train,FORGE::vfp_00221::LimitOrderHook,i:cancelOrder,cancelOrder,transfer,positions4,ed22712e0c0e41e7aa95f2c14a4610236a8facae1195215cd9e1a0df9ea845eb,1
SYNTH_REENTRANCY::02640::SyntheticReentrancy02640,SyntheticReentrancy02640,i:withdraw2640,withdraw,train,DAPP::DAppSCAN-source/contracts/PeckShield-PikaPerpV2/PikaPerpV2-4a0965ff90ed099b7e2d3e8dda47cd589ee8e3a2::PikaPerpV2,i:closePositionWithId,closePositionWithId,call,balances5,b3fab349be65d89b821cfc7fa5e4f587bd3517820620512b49e58cabb5ad5d01,1
SYNTH_REENTRANCY::02641::SyntheticReentrancy02641,SyntheticReentrancy02641,i:claimReward2641,claimReward,val,DAPP::DAppSCAN-source/contracts/QuillAudits-GearBox Protocol-GearBox Protocol/gearbox-contracts-0ac33ba87212ce056ac6b6357ad74161d417158a::UniswapV3Adapter,i:exactInputSingle,exactInputSingle,transfer,credits6,bd88f9d3be4dd00d76adef0c6c710d49bab86ec017299bfae7f2ef3bc92ffe58,1
SYNTH_REENTRANCY::02642::SyntheticReentrancy02642,SyntheticReentrancy02642,i:refund2642,refund,val,DAPP::DAppSCAN-source/contracts/QuillAudits-GearBox Protocol-GearBox Protocol/gearbox-contracts-0ac33ba87212ce056ac6b6357ad74161d417158a::PoolService,i:lendCreditAccount,lendCreditAccount,send,pendingRewards7,536e087a3f440e60e4537879d11416e1c8d2805476c834d485c49425cd5e5e3a,1
SYNTH_REENTRANCY::02643::SyntheticReentrancy02643,SyntheticReentrancy02643,i:unstake2643,unstake,val,DAPP::DAppSCAN-source/contracts/SlowMist-Starcrazy Smart Contract Security Audit Report/starcrazy-contracts-e9e11d234ac065726e108a73dfcd5efbad26f2c5::ClockAuctionBase,i:setGeneScienceAddress,setGeneScienceAddress,safeTransfer,withdrawalRequests8,6ea16b728a04a5d552c6610fbd6bf3612f44acf6b69e817de63cc882f6ed54b8,1
SYNTH_REENTRANCY::02644::SyntheticReentrancy02644,SyntheticReentrancy02644,i:redeem2644,redeem,val,DAPP::DAppSCAN-source/contracts/QuillAudits-GearBox Protocol-GearBox Protocol/gearbox-contracts-0ac33ba87212ce056ac6b6357ad74161d417158a::UniswapV2Adapter,i:swapTokensForExactTokens,swapTokensForExactTokens,transfer,shares9,ad8e32bbb3b2cd54e34e9cc922ac10abc2428ef3cf8a3c2f48b6cd1a5136ff66,1
SYNTH_REENTRANCY::02645::SyntheticReentrancy02645,SyntheticReentrancy02645,i:payout2645,payout,val,DAPP::DAppSCAN-source/contracts/PeckShield-TranchessV1.1/contract-core-68a86350313c1cb9e5467e791d3e9efaf228a0df::StakingV2,i:deposit,deposit,call,stakes10,50537165adf2dc1b17b9ad3b50dbfb49b93110cb95d2b827b04179944e6cda86,1
SYNTH_REENTRANCY::02646::SyntheticReentrancy02646,SyntheticReentrancy02646,i:release2646,release,train,FORGE::vfp_00224::OidcRecoveryValidator,i:startRecovery,startRecovery,transfer,claims11,ba3c6ce3908744dcbe491dc5737b6fdac072f6a1791d7640a896360cbe9202ca,1
SYNTH_REENTRANCY::02647::SyntheticReentrancy02647,SyntheticReentrancy02647,i:exit2647,exit,train,DAPP::DAppSCAN-source/contracts/QuillAudits-1inch-Fixed Rate Swap/fixed-rate-swap-0b5a75e9f56e7d21c290dd28c59dc140dcbcc1d5::FixedRateSwap,i:depositFor,depositFor,send,escrowed12,d7421f4e8443d3ea8aada424a8c03dd5fb8af1ba0b3b54c683b71f991597a339,1
SYNTH_REENTRANCY::02648::SyntheticReentrancy02648,SyntheticReentrancy02648,i:claim2648,claim,train,DAPP::DAppSCAN-source/contracts/PeckShield-Holdefi/Holdefi-5a1e6e0d582120142e8a531f6806eba6665ef2f4::HoldefiSettings,i:setHoldefiContract,setHoldefiContract,safeTransfer,payouts13,c975e38836eace235998138784ae4f62ce426690fe9b57086deda0678ff72c76,1
SYNTH_REENTRANCY::02649::SyntheticReentrancy02649,SyntheticReentrancy02649,i:settle2649,settle,train,DAPP::DAppSCAN-source/contracts/Chainsecurity-Compound  cToken unredacted/compound-protocol-4a54ec5c55b66ea67d44b76f3056f0ed7229db8c::Comptroller,i:liquidateBorrowAllowed,liquidateBorrowAllowed,transfer,positions14,6cf1f470ee49f1de26d9b9714ab8f1ecf459b1067ed7d0a9af00cd56bc2b112c,1
SYNTH_REENTRANCY::02650::SyntheticReentrancy02650,SyntheticReentrancy02650,i:collect2650,collect,train,DAPP::DAppSCAN-source/contracts/openzeppelin-Optimism/contracts-18e128343731b9bde23812ce932e24d81440b6b7::OVM_StateTransitioner,i:applyTransaction,applyTransaction,call,balances15,5328ceade82970545aa5f2fe7fcaf2d47d6b544cb0411bc3f6a5fb82bf16e31e,1
SYNTH_REENTRANCY::02651::SyntheticReentrancy02651,SyntheticReentrancy02651,i:harvest2651,harvest,val,DAPP::DAppSCAN-source/contracts/QuillAudits-GearBox Protocol-GearBox Protocol/gearbox-contracts-0ac33ba87212ce056ac6b6357ad74161d417158a::YearnAdapter,i:withdraw,withdraw,transfer,credits16,2e44e73262480dfa9d986aed06ac3b1387472b6c9d1357233859a185d0b2c1b7,1
SYNTH_REENTRANCY::02652::SyntheticReentrancy02652,SyntheticReentrancy02652,i:withdraw2652,withdraw,train,DAPP::DAppSCAN-source/contracts/QuillAudits-Abyss Finance-Abyss Eth2 Depositor/abyss-eth2depositor-a2d58dea4d79846dc682fe93ac3e0eca02323d11::AbyssEth2Depositor,i:deposit,deposit,send,pendingRewards0,30b000f6520ee8e2a03142451feae6bee9e81772e4247ee4a75f22e70c1e6fe0,1
SYNTH_REENTRANCY::02653::SyntheticReentrancy02653,SyntheticReentrancy02653,i:claimReward2653,claimReward,train,DAPP::DAppSCAN-source/contracts/Coinbae-Pud.Fi Masterchef_Audit/MasterChef0x15Bee180BB39eE5c0166E63313C33984376930Db::MasterChef,i:deposit,deposit,safeTransfer,withdrawalRequests1,f2f781d8d9a9e0b18f53142988bd7d1e02d64a1696b4966691443d0c18750210,1
SYNTH_REENTRANCY::02654::SyntheticReentrancy02654,SyntheticReentrancy02654,i:refund2654,refund,val,DAPP::DAppSCAN-source/contracts/SlowMist-Starcrazy Smart Contract Security Audit Report/starcrazy-contracts-e9e11d234ac065726e108a73dfcd5efbad26f2c5::AlianaSale,i:withdrawOwnerCutSale,withdrawOwnerCutSale,transfer,shares2,6acd30ac699635747cbe5c8875bcb57f509f00d8eebe400e8f2cd4f08883d413,1
SYNTH_REENTRANCY::02655::SyntheticReentrancy02655,SyntheticReentrancy02655,i:unstake2655,unstake,val,FORGE::vfp_00001::AgentImageService,i:fulfillImage,fulfillImage,call,stakes3,7dacbb3a50bb87501871de404ef1c63a4b9f115cf75da6b6a80b2a078afdc8b3,1
SYNTH_REENTRANCY::02656::SyntheticReentrancy02656,SyntheticReentrancy02656,i:redeem2656,redeem,test,FORGE::vfp_00058::LikwidMarginPosition,i:_executeAddLeverage,_executeAddLeverage,transfer,claims4,f08b5ae793a3cc8ede4967e3d33badf701ada249f0319830eba25cdb2d26c3b3,1
SYNTH_REENTRANCY::02657::SyntheticReentrancy02657,SyntheticReentrancy02657,i:payout2657,payout,train,DAPP::DAppSCAN-source/contracts/Chainsecurity-Compound  cToken unredacted/compound-protocol-4a54ec5c55b66ea67d44b76f3056f0ed7229db8c::CToken,i:_setComptroller,_setComptroller,send,escrowed5,36766a9f338f0eb5cb267b45f76bbe53720cd56a128b1916e493a49e6736c40e,1
SYNTH_REENTRANCY::02658::SyntheticReentrancy02658,SyntheticReentrancy02658,i:release2658,release,val,DAPP::DAppSCAN-source/contracts/Trail_of_Bits-OriginDollar/origin-dollar-81431fd3b2aa4c518ffc389844f9708c00b516f0::VaultCore,i:_redeem,_redeem,safeTransfer,payouts6,23f7f8bc4fea7f3781571786b37c171697b43e5d9f909410a3d97517e4520616,1
SYNTH_REENTRANCY::02659::SyntheticReentrancy02659,SyntheticReentrancy02659,i:exit2659,exit,val,DAPP::DAppSCAN-source/contracts/QuillAudits-GearBox Protocol-GearBox Protocol/gearbox-contracts-0ac33ba87212ce056ac6b6357ad74161d417158a::AccountFactory,i:returnCreditAccount,returnCreditAccount,transfer,positions7,1a96e00f13f36d05879c6c82c7c97d8b5a44568295e3514a4a3310a76a6b9999,1
SYNTH_REENTRANCY::02660::SyntheticReentrancy02660,SyntheticReentrancy02660,i:claim2660,claim,train,FORGE::vfp_00102::StopLimit,i:performUpkeep,performUpkeep,call,balances8,5c62e057c497f7480547229b8d265bd07e8698400c71ce63322a04977ebbb116,1
SYNTH_REENTRANCY::02661::SyntheticReentrancy02661,SyntheticReentrancy02661,i:settle2661,settle,train,FORGE::vfp_00007::Folio,i:getRebalance,getRebalance,transfer,credits9,b2132e8d5241264f366ae298f5e4d87a683a15ea95989901f3e2b572cbf00454,1
SYNTH_REENTRANCY::02662::SyntheticReentrancy02662,SyntheticReentrancy02662,i:collect2662,collect,train,DAPP::DAppSCAN-source/contracts/BlockSec-blocksec_multichain_vemult_v1.0_signed/veMULTI-bac804399d1ea280e5bd8cdc9488b6fa6a0a7fcc::ve,i:withdraw,withdraw,send,pendingRewards10,d30231c53bdc7c5916b2ee4a8a197725e2278d86da322acd92858fb046b5d78b,1
SYNTH_REENTRANCY::02663::SyntheticReentrancy02663,SyntheticReentrancy02663,i:harvest2663,harvest,val,DAPP::DAppSCAN-source/contracts/QuillAudits-GearBox Protocol-GearBox Protocol/gearbox-contracts-0ac33ba87212ce056ac6b6357ad74161d417158a::WETHGateway,i:openCreditAccountETH,openCreditAccountETH,safeTransfer,withdrawalRequests11,9ecbb29fd28bb1df169a8a0a963c01f78157fcdb488746c61d82374c92ef5361,1
SYNTH_REENTRANCY::02664::SyntheticReentrancy02664,SyntheticReentrancy02664,i:withdraw2664,withdraw,val,DAPP::DAppSCAN-source/contracts/QuillAudits-GearBox Protocol-GearBox Protocol/gearbox-contracts-0ac33ba87212ce056ac6b6357ad74161d417158a::UniswapV3Adapter,i:exactOutput,exactOutput,transfer,shares12,ed0834acc820d0983bc575f93a6adfd19cb34aa1d73869bd4433977dd163c534,1
SYNTH_REENTRANCY::02665::SyntheticReentrancy02665,SyntheticReentrancy02665,i:claimReward2665,claimReward,val,DAPP::DAppSCAN-source/contracts/SlowMist-Starcrazy Smart Contract Security Audit Report/starcrazy-contracts-e9e11d234ac065726e108a73dfcd5efbad26f2c5::AlianaBase,i:setGeneScienceAddress,setGeneScienceAddress,call,stakes13,b34e4428bd7f15fd6c0ea57630f4d911aff799d567ec57d140bd1e3ec8c14524,1
SYNTH_REENTRANCY::02666::SyntheticReentrancy02666,SyntheticReentrancy02666,i:refund2666,refund,val,DAPP::DAppSCAN-source/contracts/SlowMist-Starcrazy Smart Contract Security Audit Report/starcrazy-contracts-e9e11d234ac065726e108a73dfcd5efbad26f2c5::AlianaOwnership,i:setGeneScienceAddress,setGeneScienceAddress,transfer,claims14,2cd39d9d3c3d5ad0b288fd9b0c664b24bb9bb31372e11581954b5b7bbed062c8,1
SYNTH_REENTRANCY::02667::SyntheticReentrancy02667,SyntheticReentrancy02667,i:unstake2667,unstake,test,DAPP::DAppSCAN-source/contracts/Hacken-Powerbomb-V1/powerbomb-lite-0f86ff1eecdd723be733a9b33ff4ffa3bbdadcee::PowerBombAvaxCurve,i:claimReward,claimReward,send,escrowed15,95708a73eee143f3cd22867aba8455080785d0b97cedb1cf14e166494ddfc2e5,1
SYNTH_REENTRANCY::02668::SyntheticReentrancy02668,SyntheticReentrancy02668,i:redeem2668,redeem,train,DAPP::DAppSCAN-source/contracts/QuillAudits-Alium Finance Smart Contract/alium-farm-e37d6af39af68049c2684085f025385407b4bd55::MasterChef,i:emergencyWithdraw,emergencyWithdraw,safeTransfer,payouts16,3035dcb935bed1535a0512438f1f9c845a2342e45a36427a82db969f0323b67e,1
SYNTH_REENTRANCY::02669::SyntheticReentrancy02669,SyntheticReentrancy02669,i:payout2669,payout,train,DAPP::DAppSCAN-source/contracts/openzeppelin-Solo_Margin_Protocol/solo-17df84db351d5438e1b7437572722b4f52c8b2b4::AdminImpl,i:_setPriceOracle,_setPriceOracle,transfer,positions0,493d43b2fbcf33b376bab1d78627f29f78376990c158fface8d076c612fc9d85,1
SYNTH_REENTRANCY::02670::SyntheticReentrancy02670,SyntheticReentrancy02670,i:release2670,release,train,FORGE::vfp_00215::ScrollChainValidium,i:registerNewEncryptionKey,registerNewEncryptionKey,call,balances1,8be5b5f3aeca376c1d855374b2e6108ba2f42d3579702261ac9ece8f755a2a0a,1
SYNTH_REENTRANCY::02671::SyntheticReentrancy02671,SyntheticReentrancy02671,i:exit2671,exit,train,DAPP::DAppSCAN-source/contracts/Runtime_Vеrification-stakefish_ethereum_staking_audit_report/eth2-validation-services-contract-d91928f3a270f6115831fe3a21a69eb98bf57b26::StakefishERC721Wrapper,i:mintTo,mintTo,transfer,credits2,d05f52d76c166a4e8b2e521c8bc4963bc76ef8e029bb61f3ae23d72df1a2603a,1
SYNTH_REENTRANCY::02672::SyntheticReentrancy02672,SyntheticReentrancy02672,i:claim2672,claim,val,DAPP::DAppSCAN-source/contracts/PeckShield-Tranchessv1.0/contract-core-5ac3d997da3ef37b0135565a11c5ebcc519862aa::LiquidityStaking,i:deposit,deposit,send,pendingRewards3,899c10b302c0f6cf21dfb6c19c30235875ff47f61bd2f0759d170def94f2fc11,1
SYNTH_REENTRANCY::02673::SyntheticReentrancy02673,SyntheticReentrancy02673,i:settle2673,settle,train,FORGE::vfp_00209::StakingManager,i:withdraw,withdraw,safeTransfer,withdrawalRequests4,63388f3c2940f6579524894fa0f96b11c67784d20f5e5e7803bc03cd665cac6b,1
SYNTH_REENTRANCY::02674::SyntheticReentrancy02674,SyntheticReentrancy02674,i:collect2674,collect,train,DAPP::DAppSCAN-source/contracts/Trail_of_Bits-ampleforth/market-oracle-888fccaf05786f3f7f49e18ff040f911d44906f4::MarketOracle,i:getPriceAnd24HourVolume,getPriceAnd24HourVolume,transfer,shares5,0162dfa4ac62b0a2d0941e4535eaf1fb7f17a9548d88e969a6da6b6f4e79c0ad,1
SYNTH_REENTRANCY::02675::SyntheticReentrancy02675,SyntheticReentrancy02675,i:harvest2675,harvest,train,DAPP::DAppSCAN-source/contracts/PeckShield-Rikkei/rifi-protocol-b33243fb3a218cc195f0727fe1499cb57f5ea0b2::RToken,i:borrowFresh,borrowFresh,call,stakes6,e8c05b578441c7e1e400384d377f0f8bdf05dc02807d72630371b38a995dde35,1
SYNTH_REENTRANCY::02676::SyntheticReentrancy02676,SyntheticReentrancy02676,i:withdraw2676,withdraw,train,FORGE::vfp_00007::Folio,i:startRebalance,startRebalance,transfer,claims7,9df6bbd30a215bd63cc920e4c1ae34eeb34df96024767c8852060955a3bef8b2,1
SYNTH_REENTRANCY::02677::SyntheticReentrancy02677,SyntheticReentrancy02677,i:claimReward2677,claimReward,val,DAPP::DAppSCAN-source/contracts/Runtime_Vеrification-Tracer_Perpetual_Pools_V2/perpetual-pools-contracts-846bbf62652d7c83aee1cf3766275c4d08b00c8a::PoolFactory,i:deployPool,deployPool,send,escrowed8,911a79027e2a1706b479d9a66af6ea01dc3cf870f672f9277e8a56f030f8d45d,1
SYNTH_REENTRANCY::02678::SyntheticReentrancy02678,SyntheticReentrancy02678,i:refund2678,refund,train,DAPP::DAppSCAN-source/contracts/Trail_of_Bits-FraxQ42021/frax-solidity-bd40775e283923aa9e32a107abd426430a99835e::veFXSYieldDistributorV4,i:notifyRewardAmount,notifyRewardAmount,safeTransfer,payouts9,c706dc173365e837f16941a8a41a503a991c1e40a5bc4bccc57f97a4bf428d91,1
SYNTH_REENTRANCY::02679::SyntheticReentrancy02679,SyntheticReentrancy02679,i:unstake2679,unstake,train,FORGE::vfp_00007::Folio,i:mint,mint,transfer,positions10,16a79c4c2fd313c06da39ac2a4d871f613e9f5bb9577095144c18343efe8514e,1
SYNTH_REENTRANCY::02680::SyntheticReentrancy02680,SyntheticReentrancy02680,i:redeem2680,redeem,test,DAPP::DAppSCAN-source/contracts/SlowMist-ForTube2.0 Smart Contract Security Audit Report/bond-854527d0ea7ad2ddd3504b4d4ae3fcb57cb6445d::PRA,i:lock,lock,call,balances11,811e3bca4244c8309218fd650637d4e879526883767948b395596c914be28450,1
SYNTH_REENTRANCY::02681::SyntheticReentrancy02681,SyntheticReentrancy02681,i:payout2681,payout,train,FORGE::vfp_00007::Folio,i:distributeFees,distributeFees,transfer,credits12,bb050d5b0f58412b9e157e5054e90f874ae02ca47105ecb91ffd851fa8d296b5,1
SYNTH_REENTRANCY::02682::SyntheticReentrancy02682,SyntheticReentrancy02682,i:release2682,release,train,DAPP::DAppSCAN-source/contracts/PeckShield-BabySwap/code::MasterChef,i:withdraw,withdraw,send,pendingRewards13,8027f275552240b9ad8b961d4e03483bf3bfae0836e865cb1bb57ae726ce9c7a,1
SYNTH_REENTRANCY::02683::SyntheticReentrancy02683,SyntheticReentrancy02683,i:exit2683,exit,train,DAPP::DAppSCAN-source/contracts/QuillAudits-coalichain/CoaliSC-3f0920d650467279f7ceee08776bd74ecadd3237::Main,i:createBallot,createBallot,safeTransfer,withdrawalRequests14,cb3765100c74a45b293d2676ce26821d9dd262040ec46a61181d19042fa684be,1
SYNTH_REENTRANCY::02684::SyntheticReentrancy02684,SyntheticReentrancy02684,i:claim2684,claim,val,DAPP::DAppSCAN-source/contracts/Trail_of_Bits-OriginDollar/origin-dollar-81431fd3b2aa4c518ffc389844f9708c00b516f0::VaultCore,i:mintMultiple,mintMultiple,transfer,shares15,48a3d32ad614620ca91719030af9730141b3c553681c24dc590256918fdeedf2,1
SYNTH_REENTRANCY::02685::SyntheticReentrancy02685,SyntheticReentrancy02685,i:settle2685,settle,test,DAPP::DAppSCAN-source/contracts/PepperSec-Aira-Robonomic/robonomics_contracts-cc35a91de187072214d215262d8371f0159c2498::LighthouseLib,i:withdraw,withdraw,call,stakes16,e6b093851786b52cf1b07328422719f2584a1ed37bfb5e3a8a0d3aa6d487a75d,1
SYNTH_REENTRANCY::02686::SyntheticReentrancy02686,SyntheticReentrancy02686,i:collect2686,collect,train,DAPP::DAppSCAN-source/contracts/PeckShield-Convex_Frax/frax-cvx-platform-2f8573ee796daa022c1050b4a749bf08049c439b::StakingProxyUniV3,i:lockAdditional,lockAdditional,transfer,claims0,10c732e34bfc55fd30681c7752d915ab6c0c232367a8a55d860cdb9d051a1c81,1
SYNTH_REENTRANCY::02687::SyntheticReentrancy02687,SyntheticReentrancy02687,i:harvest2687,harvest,train,DAPP::DAppSCAN-source/contracts/PeckShield-CryptoHeroes/cryptoheroes-6cb0eaf8c88fdaab89d2b4c83535a189c7793001::CryptoHeroesUniverse,i:deposit,deposit,send,escrowed1,877eda8274447daf0e0c35047d2bcc548c3f81c25d4f67c6415ddcb01f01adb7,1
SYNTH_REENTRANCY::02688::SyntheticReentrancy02688,SyntheticReentrancy02688,i:withdraw2688,withdraw,train,DAPP::DAppSCAN-source/contracts/Chainsecurity-Angle Protocol/angle-core-46e6d32837cbe97a4af0adb693e63afa0d01fc3e::PerpetualManagerFront,i:openPerpetual,openPerpetual,safeTransfer,payouts2,1fc21dee7655e56298edd13b75a38a737dc92e0c57d6e2a60b9aeb6ed31a8f08,1
SYNTH_REENTRANCY::02689::SyntheticReentrancy02689,SyntheticReentrancy02689,i:claimReward2689,claimReward,train,DAPP::DAppSCAN-source/contracts/PeckShield-Hegic(v8888)/Hegic-v8888-2dcd44dc1ae07881e94d52fa618f9704bfd4ffda::HegicPool,i:provideFrom,provideFrom,transfer,positions3,62db639250d5c0203d410e6eca43a03408ec5cc74003bbeedf8f7e4753b07c95,1
SYNTH_REENTRANCY::02690::SyntheticReentrancy02690,SyntheticReentrancy02690,i:refund2690,refund,train,FORGE::vfp_00174::P2pResolvProxy,i:withdrawRESOLV,withdrawRESOLV,call,balances4,7748fd45362982035d56c096298fdd3e653978ffe5117206747b116d9822fe5f,1
SYNTH_REENTRANCY::02691::SyntheticReentrancy02691,SyntheticReentrancy02691,i:unstake2691,unstake,train,DAPP::DAppSCAN-source/contracts/QuillAudits-Bond Appetit-Bond Appetit/bondappetit-protocol-355180f0aca0b29d60d808f761052956b7a3a159::ProfitSplitter,i:_payToRecipients,_payToRecipients,transfer,credits5,a662c0a0f348530456474c9f6801cda0c5854d2b88f4770c9fb164f30a3a1f25,1
SYNTH_REENTRANCY::02692::SyntheticReentrancy02692,SyntheticReentrancy02692,i:redeem2692,redeem,train,FORGE::vfp_00209::StakingManager,i:stake,stake,send,pendingRewards6,b87a54c5b702d7ca67caad82541c518c5fd545fed93bf16b57a15a1f84c47bd4,1
SYNTH_REENTRANCY::02693::SyntheticReentrancy02693,SyntheticReentrancy02693,i:payout2693,payout,test,DAPP::DAppSCAN-source/contracts/Solidity_Finance-OKLG - Smart Contract/contracts-e167d0d742d21bcc62d7a5b770a1f0ed1cf31eca::MTGYTokenLocker,i:withdrawLockedTokens,withdrawLockedTokens,safeTransfer,withdrawalRequests7,1d0d84e1f9687de59fda6ed17dc6dc1d76edae71634e01f4227a1f73d416fecd,1
SYNTH_REENTRANCY::02694::SyntheticReentrancy02694,SyntheticReentrancy02694,i:release2694,release,val,DAPP::DAppSCAN-source/contracts/consensys-DeFi_Saver/defisaver-v3-contracts-cb29669a84c2d6fffaf2231c0938eb407c060919::FLAaveV2,i:executeOperation,executeOperation,transfer,shares8,7816b202456f3369304817505a5af5b9f9a6b3ed98c2940bb6a5e5f15a79adb2,1
SYNTH_REENTRANCY::02695::SyntheticReentrancy02695,SyntheticReentrancy02695,i:exit2695,exit,train,DAPP::DAppSCAN-source/contracts/Iosiro-1inch Exchange Staking Rewards Smart Contract Audit/liquidity-protocol-c9c8bc600e8e7897f70f84b006de601d4f4bcbe3::BaseRewards,i:getReward,getReward,call,stakes9,679428b7d08338672b1e4edea01ff05abaa9592ea2867486929e7396f833381f,1
SYNTH_REENTRANCY::02696::SyntheticReentrancy02696,SyntheticReentrancy02696,i:claim2696,claim,train,FORGE::vfp_00102::StopLimit,i:modifyOrder,modifyOrder,transfer,claims10,d5db5f4b1b5a84a1d0cd85b66dd386c014320ee9d1adbe49b1d798e4967b110f,1
SYNTH_REENTRANCY::02697::SyntheticReentrancy02697,SyntheticReentrancy02697,i:settle2697,settle,val,FORGE::vfp_00001::AgentImageService,i:requestImage,requestImage,send,escrowed11,57b3be13d8903de55138b61a3874f9ee082b4e8899bdc35fda466baa7c879881,1
SYNTH_REENTRANCY::02698::SyntheticReentrancy02698,SyntheticReentrancy02698,i:collect2698,collect,train,FORGE::vfp_00189::Box,i:deallocate,deallocate,safeTransfer,payouts12,1a1a079fcf666ed27af88e045f7c1558948c4f04f5786ace20e2e18e1736ffce,1
SYNTH_REENTRANCY::02699::SyntheticReentrancy02699,SyntheticReentrancy02699,i:harvest2699,harvest,val,DAPP::DAppSCAN-source/contracts/QuillAudits-GearBox Protocol-GearBox Protocol/gearbox-contracts-0ac33ba87212ce056ac6b6357ad74161d417158a::UniswapV3Adapter,i:exactInput,exactInput,transfer,positions13,d55c96bc3804342994bc10cad7175d218a482bf29dd7bdaa281fd1bc1e5f16af,1
SYNTH_REENTRANCY::02700::SyntheticReentrancy02700,SyntheticReentrancy02700,i:withdraw2700,withdraw,train,DAPP::DAppSCAN-source/contracts/PeckShield-StackerVC/StackerVC_VentureFund001-3cfb98b21f4731dfd62993feb7c7d1540837f59b::LPGauge,i:deposit,deposit,call,balances14,b63225e1ddccaa32aa67c3f8a925370a5d639a018880bce9afedc218a432e394,1
SYNTH_REENTRANCY::02701::SyntheticReentrancy02701,SyntheticReentrancy02701,i:claimReward2701,claimReward,train,DAPP::DAppSCAN-source/contracts/consensys-Aave_Protocol_V2/aave-protocol-v2-f756f44a8d6a328cd545335e46e7128939db88c4::LendingPool,i:deposit,deposit,transfer,credits15,ae7f8ec3254b6aaa6015452188fb0cf70208abfdc9cea658f96a51a31b213f26,1
SYNTH_REENTRANCY::02702::SyntheticReentrancy02702,SyntheticReentrancy02702,i:refund2702,refund,test,DAPP::DAppSCAN-source/contracts/Trail_of_Bits-Liquity/dev-f0df3efa5a5f05b205752184cfce107c5bd6e06c::BorrowerOperations,i:_moveTokensAndETHfromAdjustment,_moveTokensAndETHfromAdjustment,send,pendingRewards16,b3e7ef1e6ca8a4d0032f54b8fe70c56c77c1107b953b9c617a4cdf37c394ee82,1
SYNTH_REENTRANCY::02703::SyntheticReentrancy02703,SyntheticReentrancy02703,i:unstake2703,unstake,train,DAPP::DAppSCAN-source/contracts/Coinbae-Hakka_Finance_wHakka/code::wHakka,i:stake,stake,safeTransfer,withdrawalRequests0,27c80588e0f13dec9909da3ec1a5eeadd3ec42adb917f2fc64a360076b22f342,1
SYNTH_REENTRANCY::02704::SyntheticReentrancy02704,SyntheticReentrancy02704,i:redeem2704,redeem,train,DAPP::DAppSCAN-source/contracts/consensys-Idle_Finance/idle-tranches-d94ee7194e8cb17db13b16c338f3e780b62f5435::IdleCDO,i:_deposit,_deposit,transfer,shares1,233c754f553999c6cda20cf251c2634f28432a9f3dea319bd60a77e12031e712,1
SYNTH_REENTRANCY::02705::SyntheticReentrancy02705,SyntheticReentrancy02705,i:payout2705,payout,test,DAPP::DAppSCAN-source/contracts/PepperSec-Aira-Robonomic/robonomics_contracts-cc35a91de187072214d215262d8371f0159c2498::RobotLiabilityLib,i:finalize,finalize,call,stakes2,3a50a4f63ca7436f282f1db6a13253b44974b257925cdbe0363f58e0479f80c9,1
SYNTH_REENTRANCY::02706::SyntheticReentrancy02706,SyntheticReentrancy02706,i:release2706,release,train,DAPP::DAppSCAN-source/contracts/Chainsulting-Furucombo-project2/trevi-b3f7fd332873321152db48c9d43fc23a60a29f1a::FountainBase,i:_depositAngel,_depositAngel,transfer,claims3,492bcc5f5fdb25d670852579f8a6cec30d952a6a3fe5dc75e7169837f8b5b1b5,1
SYNTH_REENTRANCY::02707::SyntheticReentrancy02707,SyntheticReentrancy02707,i:exit2707,exit,train,FORGE::vfp_00096::MarketConfigurator,i:_migrateFactoryTargets,_migrateFactoryTargets,send,escrowed4,8e07b3f7dcccc739182cf63d9a4a10457762b06405e77b3880a58059d05f0c41,1
SYNTH_REENTRANCY::02708::SyntheticReentrancy02708,SyntheticReentrancy02708,i:claim2708,claim,train,DAPP::DAppSCAN-source/contracts/PeckShield-Buffer/code::BufferBNBOptions,i:create,create,safeTransfer,payouts5,a5cba89664681ed798ae1ca11ec2ba4f2ebf1c153d56b066ae751d4d069862cf,1
SYNTH_REENTRANCY::02709::SyntheticReentrancy02709,SyntheticReentrancy02709,i:settle2709,settle,train,DAPP::DAppSCAN-source/contracts/consensys-Skyweaver/Skyweaver-contracts-bde0c184db6168bf86656a48b12d5747950b54d9::EternalHeroesFactory,i:_buy,_buy,transfer,positions6,f4957f0e1338ff8a1c4995eb4facca09eeb95cc50d360d64990993e68787baf1,1
SYNTH_REENTRANCY::02710::SyntheticReentrancy02710,SyntheticReentrancy02710,i:collect2710,collect,train,DAPP::DAppSCAN-source/contracts/consensys-Aave_Protocol_V2/aave-protocol-v2-f756f44a8d6a328cd545335e46e7128939db88c4::LendingPool,i:flashLoan,flashLoan,call,balances7,eb8fea2aba39059e3bb69d92c6b20c62f29944fc72d31257ee7c1108b9d289cd,1
SYNTH_REENTRANCY::02711::SyntheticReentrancy02711,SyntheticReentrancy02711,i:harvest2711,harvest,train,DAPP::DAppSCAN-source/contracts/Coinbae-Barnbridge_Vault/CommunityVault0xA3C299eEE1998F45c20010276684921EBE6423D9::CommunityVault,i:setAllowance,setAllowance,transfer,credits8,2043aae7d716f57776711e5525525a9782eb68cf8750cf8d0ee388c56e8364d1,1
SYNTH_REENTRANCY::02712::SyntheticReentrancy02712,SyntheticReentrancy02712,i:withdraw2712,withdraw,train,DAPP::DAppSCAN-source/contracts/Trail_of_Bits-MapleFinance/liquidations-35c628e5ab45fbffaab7aef43a030a98b712a94a::Liquidator,i:liquidatePortion,liquidatePortion,send,pendingRewards9,e7394704a803997b67359a71c2037dddb3cca468230dff41c0bebb80f68bda2a,1
SYNTH_REENTRANCY::02713::SyntheticReentrancy02713,SyntheticReentrancy02713,i:claimReward2713,claimReward,test,DAPP::DAppSCAN-source/contracts/consensys-GrowthDeFi WHEAT/wheat-v1-core-8360ac0a537589bb974e8a5a169bb3e7c95d2857::Exchange,i:convertFundsFromInput,convertFundsFromInput,safeTransfer,withdrawalRequests10,d09bce111040128a1e43e975def2061d02adf6e70196d352f4a58ba18bdcc082,1
SYNTH_REENTRANCY::02714::SyntheticReentrancy02714,SyntheticReentrancy02714,i:refund2714,refund,test,DAPP::DAppSCAN-source/contracts/ImmuneBytes-Bird Money(MasterChef)-Audit Report/bird-farm-contracts-dfd2502b73c8f54c9081682c3eb070fcd3c00629::MasterChef,i:emergencyWithdraw,emergencyWithdraw,transfer,shares11,ff91b34fd2fa687dc56128a38e372e45693cbdae59ec1a8b92bd9aca775af5f2,1
